Train_ID,Score
1651,1.760381655913079e-05
5358,1.574187717778841e-05
6313,1.4274443856265862e-05
75,1.3899134046369e-05
5418,1.187674251923454e-05
997,1.1818161510745995e-05
642,1.0363810361013748e-05
3982,9.918301657307893e-06
6911,9.576112006470794e-06
4588,9.51233005253016e-06
6096,9.493729976384202e-06
2437,9.441288966627326e-06
1583,9.429731107957195e-06
1639,9.379304174217395e-06
4183,9.344445970782544e-06
6403,9.078624771063915e-06
7675,9.014415354613448e-06
3549,8.978006462712074e-06
4845,8.904521564545576e-06
1831,8.851726306602359e-06
3255,8.829069884086493e-06
3396,8.7685402831994e-06
3443,8.663515018270118e-06
7055,8.407329460169422e-06
86,8.365951998712262e-06
5721,8.358969807886751e-06
7273,8.258707566710655e-06
17,8.257389708887786e-06
2579,8.243962838605512e-06
4896,8.15683006294421e-06
1085,8.123775387502974e-06
3920,7.991975053300848e-06
6619,7.968992576934397e-06
689,7.845713298593182e-06
2417,7.785114803482429e-06
3062,7.739768534520408e-06
2809,7.722606369497953e-06
6571,7.658705726498738e-06
6960,7.634974735992728e-06
7388,7.6008027463103645e-06
4281,7.58495434638462e-06
923,7.471011485904455e-06
1486,7.4584875164873665e-06
930,7.383558568108128e-06
4277,7.3522564889572095e-06
3613,7.308914291570545e-06
5873,7.301521691260859e-06
5371,7.205599331427948e-06
4457,7.136200792956515e-06
2062,7.095822638802929e-06
2760,7.095595265127486e-06
6944,7.091764018696267e-06
6026,7.084534445311874e-06
3070,7.073817414493533e-06
1282,6.970877393541741e-06
5184,6.959517577342922e-06
7756,6.9397560764628e-06
1227,6.918987764947815e-06
6934,6.859098220957094e-06
7346,6.843716619187035e-06
4955,6.824779120506719e-06
6371,6.772627330065006e-06
710,6.755383537893067e-06
6217,6.725214916514233e-06
5485,6.6486622927186545e-06
2363,6.6364921167405555e-06
3903,6.617707185796462e-06
5549,6.611431217606878e-06
1332,6.564209343196126e-06
4866,6.560663678101264e-06
3631,6.547814791701967e-06
5850,6.535855618494679e-06
433,6.519660928461235e-06
6374,6.5089827785413945e-06
6226,6.450496812249185e-06
3540,6.434780061681522e-06
1677,6.412100674424437e-06
7520,6.338495268209954e-06
322,6.274290399232996e-06
2976,6.2536014411307406e-06
5003,6.2208900999394245e-06
487,6.209131015566527e-06
2457,6.208271315699676e-06
804,6.195767127792351e-06
3205,6.174646387080429e-06
7823,6.163023044791771e-06
4841,6.1171024299255805e-06
1304,6.055821586414822e-06
4115,6.053372544556623e-06
871,6.020561613695463e-06
4064,6.018740805302514e-06
1990,6.017803571012337e-06
4347,6.0062873217248125e-06
7282,5.96409518038854e-06
7377,5.902667680857121e-06
2520,5.893145498703234e-06
1804,5.885480959477718e-06
4430,5.873990176041843e-06
6054,5.856062898601522e-06
3571,5.841951633556164e-06
7096,5.827581617268152e-06
4233,5.816255907120649e-06
264,5.8073112541023875e-06
2449,5.783362439615303e-06
119,5.7780339375312906e-06
354,5.7659344747662544e-06
3091,5.754269750468666e-06
3671,5.744669806517777e-06
3390,5.725523578803404e-06
135,5.699888106391882e-06
1741,5.6902515552792465e-06
33,5.666224751621485e-06
887,5.662083140123286e-06
3584,5.6527380820625694e-06
2752,5.644436669172137e-06
766,5.644295924867038e-06
5442,5.640509243676206e-06
671,5.6401750043733045e-06
1296,5.63784647056309e-06
7423,5.632618012896273e-06
4234,5.599464657279896e-06
5795,5.5494388107035775e-06
3056,5.52052779312362e-06
117,5.497710844792891e-06
6793,5.477592821989674e-06
1277,5.463473371492e-06
4999,5.4626573273708345e-06
768,5.424387836683309e-06
4251,5.4132460718392394e-06
7494,5.40690598427318e-06
5133,5.393168521550251e-06
2392,5.376024091674481e-06
7283,5.3724536428489955e-06
2722,5.3670694342145e-06
5597,5.363149739423534e-06
5583,5.314502004694077e-06
5723,5.305356808094075e-06
5351,5.300272277963813e-06
1663,5.2780624173465185e-06
297,5.256671329334495e-06
3462,5.227660722084693e-06
2932,5.22594086760364e-06
2054,5.203010005061515e-06
2735,5.1955485105281696e-06
1707,5.173640374778188e-06
1295,5.138739879839704e-06
7600,5.117726459502592e-06
5419,5.085830707685091e-06
1171,5.075849458080484e-06
2884,5.044932095188415e-06
4177,5.037457867729245e-06
3258,5.015644546801923e-06
2901,4.992558615413145e-06
6199,4.960760634276085e-06
3132,4.9278773985861335e-06
3935,4.877815854342771e-06
5558,4.867230472882511e-06
7382,4.8201193294517e-06
7827,4.813118493984803e-06
3975,4.803369392902823e-06
37,4.783787289852626e-06
1716,4.744695615954697e-06
6972,4.7421867748198565e-06
173,4.7419384827662725e-06
7788,4.740401436720276e-06
1490,4.71390740131028e-06
7565,4.689617298936355e-06
2611,4.689267825597199e-06
3993,4.6892503178241896e-06
2024,4.689026809501229e-06
1845,4.663487061407068e-06
716,4.658891384679009e-06
5606,4.653571068047313e-06
77,4.639144663087791e-06
3589,4.624294206223567e-06
4792,4.621775588020682e-06
5370,4.577216031975695e-06
1406,4.5562221657746704e-06
7132,4.550395260594087e-06
4095,4.5471017529052915e-06
402,4.4828123009210685e-06
5059,4.4734076709573856e-06
808,4.4726930354954675e-06
3448,4.456092483451357e-06
4018,4.442231784196338e-06
6230,4.441553983269841e-06
5799,4.435436494532041e-06
2988,4.421429821377387e-06
5838,4.417049353833136e-06
4380,4.409560688145575e-06
1985,4.409019993545371e-06
7513,4.408631184560363e-06
281,4.397477596285171e-06
2622,4.3850453721461236e-06
6805,4.370240958451177e-06
384,4.341319254308473e-06
3207,4.339849738244084e-06
1872,4.301140279494575e-06
2226,4.279987024347065e-06
4006,4.262587026460096e-06
5301,4.253707402313012e-06
242,4.250590109222685e-06
658,4.247293304615596e-06
2150,4.233747176840552e-06
436,4.232488890920649e-06
3837,4.231833031553833e-06
2831,4.22691323365143e-06
7930,4.192477490505553e-06
3946,4.177836899543763e-06
5958,4.1660537135612685e-06
2991,4.152973815507721e-06
5342,4.148383368374198e-06
6737,4.147055278735934e-06
4739,4.13223324358114e-06
3931,4.123055987292901e-06
4224,4.122153313801391e-06
4473,4.105565039935755e-06
4982,4.10129950978444e-06
7406,4.0954245150715e-06
1592,4.074992375535658e-06
957,4.070256636623526e-06
6070,4.069557235197863e-06
5203,4.0667598568688845e-06
7670,4.053642442158889e-06
3838,4.045098421556759e-06
7523,4.025530415674439e-06
6339,4.014499154436635e-06
7723,4.002259856861201e-06
3102,3.999901764473179e-06
2585,3.986983415416034e-06
2715,3.984792783739977e-06
3097,3.966373014918645e-06
2191,3.960836465921602e-06
6448,3.9593633118784055e-06
246,3.9578771975357085e-06
2977,3.9475194171245676e-06
7646,3.9474042523579556e-06
5764,3.943585170418373e-06
7020,3.936764869649778e-06
876,3.936710299967672e-06
6343,3.936505549972935e-06
3384,3.913680188816215e-06
4619,3.911599151251721e-06
6278,3.909509587174398e-06
3983,3.885493015332031e-06
633,3.8694561226293445e-06
5291,3.856892135445378e-06
4090,3.818241680164647e-06
4282,3.7928425626887474e-06
5002,3.785746685025515e-06
7027,3.7807757280461374e-06
1728,3.774962237912405e-06
7592,3.772396780732379e-06
4855,3.7707538922404638e-06
2473,3.7596349784507765e-06
1029,3.7537886328209424e-06
243,3.7475497265404556e-06
3813,3.7376125874288846e-06
2230,3.733557150553679e-06
3451,3.727424200405949e-06
4797,3.7264481989041087e-06
7436,3.7251916182867717e-06
7404,3.7062222872918937e-06
6978,3.6801668557018274e-06
1300,3.6742392239830224e-06
4392,3.6565584196068812e-06
6249,3.64085008186521e-06
5519,3.638550197138102e-06
2586,3.629924663073325e-06
2959,3.6053804706170922e-06
580,3.599987849156605e-06
4663,3.5975822356704157e-06
4122,3.5832306366501143e-06
5625,3.5712755561689846e-06
2883,3.5285459034639644e-06
1466,3.5207278870075243e-06
3770,3.5207142445869977e-06
6095,3.518670155244763e-06
2574,3.5106550058117136e-06
6920,3.4863085147662787e-06
498,3.4772498338497826e-06
6108,3.4758421634251135e-06
5840,3.458673290879233e-06
3961,3.4555750971776433e-06
1447,3.4426660704411916e-06
6447,3.415905439396738e-06
3988,3.371944785612868e-06
6577,3.3667492971289903e-06
5402,3.3280011848546565e-06
5113,3.3257628047067556e-06
3762,3.314820787636563e-06
4780,3.2983876963044167e-06
2322,3.296310183031892e-06
2253,3.2794038133943104e-06
2157,3.274539722042391e-06
1288,3.2635439310979564e-06
207,3.2543745192015194e-06
4584,3.2538828236283734e-06
6772,3.252039505241555e-06
6816,3.2486819918631227e-06
4384,3.245832999709819e-06
4858,3.241313379476196e-06
4107,3.238472800148884e-06
6987,3.237674832234916e-06
5075,3.232442622902454e-06
2345,3.2288461397911306e-06
776,3.2208997708949028e-06
6654,3.2101856959343422e-06
6258,3.1872166346147424e-06
6136,3.1862581408859114e-06
4722,3.1804130458112922e-06
7626,3.1780921290192055e-06
2047,3.1522337167189107e-06
5819,3.1492248808717704e-06
4146,3.1021481845527887e-06
3556,3.0906428492016857e-06
3410,3.0835392408334883e-06
6253,3.054209742003877e-06
4704,3.0478008739009965e-06
6905,3.020204758286127e-06
6186,3.012831825799367e-06
7047,2.998875402226986e-06
7058,2.9936820737930248e-06
22,2.98215786642686e-06
586,2.980757471959805e-06
7313,2.979973373840039e-06
2266,2.9746809104835847e-06
7618,2.9695036118937423e-06
3493,2.96464315852063e-06
5981,2.9631761435666704e-06
457,2.957880838039273e-06
5970,2.9548654083555448e-06
3504,2.9539589831983903e-06
7990,2.9516903623516555e-06
126,2.944790594483493e-06
3594,2.943304821201309e-06
5804,2.9403915959846927e-06
257,2.937257931989734e-06
2413,2.9355785500229103e-06
158,2.9318335919015226e-06
5296,2.9235577585495776e-06
7183,2.9050777357042534e-06
2681,2.9023947263340233e-06
5658,2.895999159591156e-06
6061,2.885904450522503e-06
7688,2.881152113332064e-06
6118,2.8755847552019986e-06
736,2.8754602681146935e-06
7559,2.8673669021372916e-06
1655,2.865426608877897e-06
219,2.860502718249336e-06
7390,2.847704877240176e-06
6162,2.839520789166272e-06
5585,2.817859922288335e-06
7922,2.81380096112116e-06
5094,2.804248879328952e-06
7081,2.8001436476188246e-06
1080,2.7843271936944802e-06
2368,2.783233640002436e-06
7063,2.7825914230561466e-06
1234,2.7776642355092918e-06
2113,2.776375708890555e-06
3519,2.7724179290089523e-06
4674,2.7715014994100784e-06
1301,2.7712069368135417e-06
1839,2.7649469984680763e-06
1979,2.7441153633844806e-06
4873,2.743726440712635e-06
5833,2.720732823036087e-06
939,2.7169797931492212e-06
807,2.713983121793717e-06
2939,2.7113972009829013e-06
7109,2.704357257243828e-06
4746,2.6905732966042706e-06
3417,2.667075705176103e-06
7720,2.665531610546168e-06
1897,2.6611346584104467e-06
1037,2.657134928085725e-06
7014,2.6559923753666226e-06
5888,2.6550829943516874e-06
3085,2.6550270604275283e-06
3124,2.654530931067711e-06
45,2.6382350597486948e-06
3748,2.635916189319687e-06
4800,2.6315233299101237e-06
7969,2.616303163449629e-06
6047,2.615810785755457e-06
7274,2.6126248258151463e-06
2538,2.610162027849583e-06
4192,2.6066730924867443e-06
1820,2.602349695735029e-06
2238,2.5918169512806344e-06
4803,2.5881356577883707e-06
3329,2.586311666163965e-06
5783,2.5676218911030446e-06
2951,2.5639174054958858e-06
2776,2.5522202804495464e-06
1961,2.5484210937065654e-06
6441,2.5479462237854023e-06
4396,2.5466422357567353e-06
5256,2.536364149818837e-06
6930,2.535359953981242e-06
5158,2.53171651820594e-06
6826,2.531555082896375e-06
4222,2.524933961467468e-06
819,2.5132214886980364e-06
6994,2.5105759959842544e-06
2066,2.5091940187849104e-06
6730,2.4945559289335506e-06
4697,2.4864120860002004e-06
5700,2.477417638147017e-06
3895,2.476436748111155e-06
5894,2.4755054255365394e-06
1752,2.474271468599909e-06
730,2.461976350787154e-06
3641,2.4582675450801617e-06
7209,2.45637500029261e-06
2016,2.4469590016451548e-06
6733,2.443330458845594e-06
3960,2.4365044737351127e-06
4308,2.43376371145132e-06
7099,2.4334804038517177e-06
3816,2.430579570500413e-06
928,2.4287542146339547e-06
1906,2.428620064165443e-06
1423,2.4271502070405404e-06
2104,2.4218694534283713e-06
655,2.4147944941432797e-06
7496,2.406999556114897e-06
1167,2.4008757009141846e-06
5782,2.3866366518632276e-06
1144,2.3792747469997266e-06
827,2.359814061492216e-06
2069,2.350333033973584e-06
4260,2.347778263356304e-06
6574,2.347314193684724e-06
569,2.3313745032282895e-06
4551,2.330963070562575e-06
4848,2.330466941202758e-06
794,2.325421291970997e-06
6736,2.3228874397318577e-06
5030,2.3207230697153136e-06
1617,2.3125776351662353e-06
3247,2.306080318703607e-06
1158,2.2980052563070785e-06
7657,2.2960409751249244e-06
7254,2.295536887686467e-06
67,2.2880876713315956e-06
7177,2.2802742023486644e-06
239,2.2759846274311712e-06
5574,2.2671757733405684e-06
845,2.266314254484314e-06
5818,2.248833425255725e-06
2800,2.2431787556342897e-06
7840,2.24311736474192e-06
1586,2.242150003439747e-06
6149,2.2386780074157286e-06
7452,2.2361176661434e-06
5633,2.230608288300573e-06
4956,2.225188609372708e-06
147,2.2201020328793675e-06
5785,2.2190291701917886e-06
3026,2.2159856030157243e-06
3977,2.2136995312393992e-06
5680,2.2096703560237074e-06
3964,2.1984427576171583e-06
156,2.1977322148813982e-06
7218,2.1910277610004414e-06
7800,2.1897973283557803e-06
4109,2.1851997189514805e-06
462,2.183391984544869e-06
4992,2.1805000187669066e-06
5686,2.172768290620297e-06
3057,2.1717647769037285e-06
2947,2.168094852095237e-06
3264,2.1671554577551433e-06
4449,2.164852276109741e-06
5157,2.164135139537393e-06
1068,2.1596774786303286e-06
2469,2.147973873434239e-06
7057,2.14496446915291e-06
5208,2.1385474155977136e-06
4653,2.1266431531330454e-06
6954,2.125301762134768e-06
4778,2.122128307746607e-06
5491,2.1191591486058314e-06
4381,2.117960320902057e-06
2576,2.117152973823977e-06
746,2.116441464750096e-06
654,2.1133101881787297e-06
1865,2.1063077610961045e-06
7706,2.0970873038095306e-06
2603,2.095613695018983e-06
3908,2.091309283969167e-06
15,2.0908212263748283e-06
4809,2.088606265715498e-06
6204,2.085120740957791e-06
2037,2.0809933403143077e-06
1796,2.071837798212073e-06
4949,2.0715893356282322e-06
2215,2.0695219973276835e-06
1813,2.0683735328930197e-06
5441,2.0607919282156217e-06
2328,2.058853283415374e-06
2696,2.058329357623734e-06
2821,2.039973423961783e-06
2448,2.0363299881864805e-06
714,2.0359212271614524e-06
1930,2.032507723015442e-06
5294,2.031942528901709e-06
5221,2.031739086305606e-06
1258,2.0308499415477854e-06
6269,2.0199624941596994e-06
6758,2.0145996586506953e-06
3918,2.0095225181648857e-06
2060,2.0086424683540827e-06
5901,2.007219109145808e-06
1267,2.0068763433300774e-06
6418,2.0066745491931215e-06
2858,2.0038036154801375e-06
5151,2.001273912810575e-06
3514,1.9977827605544007e-06
7163,1.996856894947996e-06
6422,1.9949842453570454e-06
3704,1.989409270208853e-06
3377,1.988338908631704e-06
4089,1.9808231854767655e-06
4406,1.980078934593621e-06
6067,1.9787150336014747e-06
2373,1.9771734969253885e-06
4934,1.9759937686103513e-06
7594,1.9694501816047705e-06
4808,1.969362187992374e-06
4794,1.968355036296998e-06
5727,1.9661313217511633e-06
6812,1.9626694438557024e-06
5310,1.9607180661296297e-06
3424,1.957279721409577e-06
3606,1.943970573847764e-06
6893,1.9409083051868947e-06
4916,1.931840415636543e-06
5404,1.931731105742074e-06
4577,1.9266020672148443e-06
973,1.925181379647256e-06
5408,1.9149807712892652e-06
2751,1.914692575155641e-06
4103,1.914378458423016e-06
6373,1.9139988580718637e-06
3236,1.909394200083625e-06
7383,1.9070625967287924e-06
842,1.8988685042131692e-06
1473,1.8945872852782486e-06
1770,1.89456625321327e-06
6130,1.8922355025097204e-06
502,1.8866383015847532e-06
1008,1.8673474642127985e-06
2743,1.8653010442903906e-06
686,1.8596222162159393e-06
7122,1.8532202830101596e-06
3803,1.8531435443946975e-06
3588,1.8525619793763326e-06
1169,1.8511490793571284e-06
3693,1.8503403111935768e-06
4145,1.8449395611241926e-06
2394,1.8347654417993908e-06
7428,1.8268724488734733e-06
6749,1.819655665258324e-06
100,1.8189065258411574e-06
4239,1.818447287860181e-06
7072,1.8172512454839307e-06
7769,1.813779022086237e-06
3808,1.812613504625915e-06
5577,1.8092418372361863e-06
6365,1.809094101190567e-06
7833,1.8054099655273603e-06
6042,1.7993006622418761e-06
7564,1.7953702240447456e-06
6763,1.787130543107196e-06
419,1.7865826862362155e-06
3330,1.7779585732569103e-06
6861,1.7753000065567903e-06
707,1.7722690017762943e-06
6336,1.76776592297756e-06
7257,1.7675863546173787e-06
6064,1.7670777197054122e-06
3004,1.7538246765980148e-06
1305,1.752446280534059e-06
2433,1.7502907212474383e-06
7484,1.7500497619948874e-06
1041,1.7436261714465218e-06
4388,1.7376960954607057e-06
2781,1.7369822558066517e-06
4209,1.7320824667876877e-06
5427,1.7286686215811642e-06
5483,1.7259462197216635e-06
900,1.7256447790714446e-06
1917,1.7193827375194815e-06
1107,1.7182449596475635e-06
4367,1.7092484654313012e-06
1440,1.7031728702932014e-06
1827,1.7022799738697358e-06
7702,1.7015603930303769e-06
7624,1.6998735645756824e-06
2318,1.6952287182903092e-06
7571,1.6913049876166042e-06
2348,1.6877035022844211e-06
1567,1.684815060798428e-06
5619,1.6786993910500314e-06
6753,1.6767351667112962e-06
7939,1.6763499388616765e-06
1468,1.6708248153918248e-06
6284,1.664273895585211e-06
2258,1.6613427078482346e-06
2235,1.660734028519073e-06
2156,1.6591084204264916e-06
2566,1.6538627392037597e-06
6547,1.6532646327505063e-06
5426,1.6514994172212027e-06
2130,1.646364751195506e-06
3228,1.6462703342767782e-06
6288,1.6415365280408878e-06
6824,1.6386591710215725e-06
1731,1.6356118521798635e-06
4582,1.6333401617885102e-06
7268,1.6306524344145146e-06
5975,1.6300713809869194e-06
1984,1.6227963897108566e-06
4303,1.6218535279222124e-06
4661,1.6218090195252444e-06
3817,1.6199074934775126e-06
4029,1.6171774177564657e-06
6609,1.6161849885065749e-06
4658,1.614704956409696e-06
1525,1.6108148201965378e-06
4602,1.604915212283231e-06
7285,1.6013449339880026e-06
3679,1.6012901369322208e-06
416,1.5974168263710453e-06
2453,1.5888640518824104e-06
764,1.5862544273659296e-06
5274,1.5856163031457982e-06
2786,1.5846500787120021e-06
866,1.5710948559899407e-06
6464,1.5685250787100813e-06
709,1.5642333437426714e-06
3007,1.5616609516655444e-06
3048,1.561144131301262e-06
7876,1.551597392790427e-06
3595,1.5507926036661956e-06
690,1.5438178024851368e-06
6873,1.5424730008817278e-06
1275,1.5414981930916838e-06
5479,1.5349452837654098e-06
885,1.5334887280005205e-06
3494,1.5219222291307233e-06
632,1.51936012571241e-06
4434,1.5073380836838624e-06
3811,1.5050500223878771e-06
5223,1.501981103047001e-06
610,1.4968074992793845e-06
4421,1.4923116395948455e-06
1190,1.4786505175834463e-06
1193,1.4784392305955407e-06
225,1.4756345763089485e-06
7488,1.4721849197485426e-06
4220,1.462719296796422e-06
5102,1.4552944094248232e-06
23,1.4450597518589348e-06
1197,1.4413136568691698e-06
245,1.4392865068657557e-06
7026,1.4372629379977298e-06
1484,1.4346379657581565e-06
3554,1.4303487887445954e-06
3069,1.4301008377515245e-06
1311,1.4270043493525009e-06
4621,1.4226181406229443e-06
6402,1.4182415952745941e-06
1841,1.4110102029007976e-06
3290,1.4027501720192959e-06
3412,1.3986236808705144e-06
2753,1.3983033682052337e-06
2608,1.3940023109171307e-06
325,1.3933681657363195e-06
1569,1.3928382145422802e-06
4225,1.3925711641604721e-06
3825,1.3887880072616099e-06
6510,1.3856014220436919e-06
172,1.38486950618244e-06
6703,1.3845798321199254e-06
6800,1.3804191212329897e-06
6553,1.379678224111558e-06
2400,1.379558170810924e-06
5608,1.3761961099589826e-06
4417,1.3675987702299608e-06
6140,1.3675522154699138e-06
2220,1.35804333467604e-06
5359,1.3559913440985838e-06
2985,1.3543645991376252e-06
3259,1.3538127632273245e-06
592,1.3527806572710688e-06
4366,1.3506364666682202e-06
6158,1.3461165053740842e-06
424,1.3397043971963285e-06
5885,1.3392638607001572e-06
5066,1.3351183838494762e-06
3771,1.330195857462968e-06
7959,1.328135567746358e-06
7558,1.3242048453321331e-06
683,1.314848077527131e-06
5706,1.3129431977176864e-06
3393,1.3109604424244026e-06
298,1.3101155786898744e-06
7134,1.3092941344439168e-06
3844,1.3062864923085726e-06
3666,1.3051592873125628e-06
7531,1.303836427268834e-06
2042,1.3024383633819525e-06
3792,1.3001669003642746e-06
4960,1.2992555866730982e-06
461,1.2955655961377488e-06
6879,1.2838737006859446e-06
2961,1.2815985996894597e-06
3954,1.2811690339731285e-06
7208,1.2757584499922814e-06
2337,1.2681856560448068e-06
974,1.2643200193451776e-06
777,1.256795030712965e-06
5749,1.2531629636214348e-06
5677,1.2523423720267601e-06
4601,1.2494808174778882e-06
1109,1.2469648140722711e-06
5797,1.2466480825423787e-06
6086,1.2398588182804815e-06
4049,1.2396798183544888e-06
7007,1.2375329561109538e-06
4278,1.2290795439184876e-06
2817,1.2269119906704873e-06
2774,1.2266120279491588e-06
5863,1.2248307825757365e-06
3651,1.2218148413012386e-06
6909,1.220020294567803e-06
4403,1.2199826073810982e-06
4355,1.217634064687445e-06
2525,1.2138024203522946e-06
3325,1.2103010362807254e-06
72,1.2101399988750927e-06
2007,1.2077977089575143e-06
6584,1.2031081269014976e-06
6718,1.2011487910967844e-06
4465,1.199352084313432e-06
3201,1.1961967629758874e-06
3684,1.179541129658901e-06
3409,1.1790124290200765e-06
4468,1.1789047107413353e-06
6091,1.1774165500355593e-06
1491,1.1760733968912973e-06
1916,1.1726111779353232e-06
3182,1.170036853181955e-06
4561,1.1678547480187262e-06
211,1.1640609045571182e-06
7880,1.1619489441727637e-06
3221,1.1589609130169265e-06
2365,1.1509234809636837e-06
2483,1.1504152155339398e-06
3888,1.1484935953376407e-06
1058,1.1444410006333783e-06
5965,1.1430923336774867e-06
6332,1.1422598618082702e-06
399,1.138752139695498e-06
2480,1.136193873207958e-06
3092,1.1324435149617784e-06
3359,1.1307872114230122e-06
7059,1.1267099466749642e-06
7451,1.1258332790475833e-06
2407,1.1228327139178873e-06
3944,1.120151608802189e-06
5254,1.1142675475639408e-06
6092,1.1120515068796522e-06
4445,1.1043089216400404e-06
5973,1.1028942594748514e-06
1138,1.0998107882187469e-06
5663,1.095752224955504e-06
4140,1.09427594452427e-06
7841,1.092212812636717e-06
2967,1.0919693522737361e-06
1786,1.0919098940576077e-06
2570,1.0890469184232643e-06
7717,1.082560345366801e-06
2597,1.0795733373925032e-06
2331,1.0762429383248673e-06
444,1.0732572377492033e-06
6886,1.069490849658905e-06
2892,1.0685544395983015e-06
2649,1.0582365916889103e-06
2211,1.0495093079043727e-06
4085,1.0414721032248053e-06
2756,1.0396162792858377e-06
1156,1.0336346463191148e-06
2209,1.0262681655603956e-06
6608,1.023840354719141e-06
6611,1.0209969616425951e-06
5942,1.0152666050089465e-06
4972,1.0151252354262397e-06
4750,1.013572045849287e-06
5210,1.0091812043810933e-06
7214,1.0086114912155608e-06
5215,1.0084462473969324e-06
7950,9.992637615141575e-07
5107,9.934195759342401e-07
5499,9.931626721026987e-07
5657,9.916311682900414e-07
3356,9.895844073071203e-07
2354,9.892048353776772e-07
6787,9.871005772765784e-07
4004,9.857206748620229e-07
2888,9.763511741311959e-07
737,9.75491929011696e-07
6672,9.743508257997746e-07
2236,9.737970572132326e-07
4498,9.696642564449576e-07
7010,9.684033841494966e-07
1223,9.678368542154203e-07
4455,9.641535143600777e-07
7938,9.573002159868338e-07
4670,9.560956755194638e-07
5959,9.539930374558026e-07
1442,9.510213203611784e-07
42,9.492862886872899e-07
1619,9.486685712545295e-07
976,9.4582236442875e-07
5185,9.448635012176965e-07
4424,9.441170902846352e-07
1001,9.397247708875511e-07
5746,9.383466021972708e-07
1544,9.351059588880162e-07
2031,9.347877494292334e-07
5216,9.311052053817548e-07
6094,9.297636154315114e-07
5164,9.288228284276556e-07
3499,9.272204124499694e-07
4811,9.26435092196698e-07
657,9.204923117067665e-07
7989,9.203633908327902e-07
431,9.173073181045766e-07
4286,9.1729367568405e-07
7789,9.142157750829938e-07
7341,9.124831308326975e-07
3810,9.087960108900006e-07
5114,9.087657986128761e-07
5642,9.055674468072539e-07
2291,9.037376003107056e-07
3126,9.006691357171803e-07
1103,8.994445579446619e-07
3308,8.992054745249334e-07
868,8.988330932879762e-07
5026,8.983878103663301e-07
6135,8.971325939910457e-07
717,8.969820157744834e-07
2325,8.967514304458746e-07
96,8.958937769421027e-07
5731,8.949834295890469e-07
5509,8.933463959692745e-07
2440,8.921483640733641e-07
356,8.91795338020529e-07
6774,8.902111119368783e-07
3352,8.868856014032644e-07
3953,8.855636792759469e-07
7929,8.816577405923454e-07
5195,8.784805913819582e-07
3984,8.77205707183748e-07
6007,8.710496217645414e-07
4484,8.703756861905276e-07
4170,8.676992422351759e-07
1204,8.658111028125859e-07
288,8.622680525149917e-07
4920,8.59752731230401e-07
6083,8.521423637830594e-07
4957,8.493566951983667e-07
5156,8.450723214536993e-07
4047,8.449760571238585e-07
6651,8.439533019100054e-07
4514,8.429530566900212e-07
1100,8.419798405157053e-07
3388,8.416646721798315e-07
7516,8.409973588641151e-07
2335,8.376317737202044e-07
341,8.326013585246983e-07
3199,8.283040529022401e-07
6970,8.278329346467217e-07
295,8.274907941085985e-07
1959,8.264997006790509e-07
5039,8.248381959674589e-07
733,8.233470225604833e-07
5816,8.21797158323534e-07
2426,8.174129391136375e-07
1256,8.168362626292947e-07
6486,8.136298674799036e-07
3133,8.105187703222327e-07
6842,8.084789158147032e-07
429,8.063534551183693e-07
2738,8.042280512654543e-07
5564,8.02728379767359e-07
2779,8.017749166810972e-07
5871,8.011571708266274e-07
1237,8.011249974515522e-07
1722,7.98024643700046e-07
7175,7.957911805078766e-07
4659,7.946557616378414e-07
3643,7.942888657908043e-07
675,7.920256734905706e-07
7411,7.862498989652522e-07
4867,7.847650351777702e-07
3783,7.845266054573585e-07
3522,7.843732419132721e-07
5900,7.795405849719828e-07
2643,7.783226578794711e-07
5956,7.771993466576532e-07
3664,7.709377030096221e-07
5388,7.700649007347238e-07
2234,7.668801060844999e-07
2990,7.647304869351501e-07
2577,7.639206103249307e-07
5081,7.625106093200884e-07
1344,7.612692343172967e-07
2462,7.585148011912679e-07
7370,7.531607764121873e-07
7684,7.51591045400346e-07
3422,7.499026253299235e-07
1499,7.479478085770097e-07
2256,7.467233729130385e-07
6564,7.453152477410185e-07
7344,7.431306983107788e-07
6740,7.416168159579684e-07
1026,7.390847258648137e-07
4055,7.364060081727075e-07
1684,7.355401976383291e-07
6114,7.332940015203349e-07
279,7.331484539463418e-07
5098,7.311535057397123e-07
2971,7.302557776256435e-07
1833,7.238676573706471e-07
1033,7.204771179658565e-07
7253,7.187170467659598e-07
6592,7.186986863416678e-07
6951,7.173706535468227e-07
1579,7.165114084273227e-07
2488,7.163977215896011e-07
3547,7.139965418900829e-07
1942,7.134655959362135e-07
7597,7.124613432551996e-07
5168,7.075831263136934e-07
3715,7.07213501982551e-07
3351,7.060356779220456e-07
4346,7.058746973598318e-07
6294,6.996991999130842e-07
4540,6.972493338253116e-07
2905,6.953147533295123e-07
1488,6.941610593003134e-07
3128,6.928353002422227e-07
2456,6.927919571353414e-07
7120,6.906274734319595e-07
5297,6.872618598663394e-07
7647,6.858358858607971e-07
3829,6.8139581799187e-07
1,6.794792284381401e-07
6311,6.771164748897718e-07
6280,6.770560787572322e-07
7772,6.764651914181741e-07
6541,6.729343056122161e-07
918,6.694082230751519e-07
7799,6.683334845547506e-07
3544,6.655666595634102e-07
81,6.628758626447961e-07
7352,6.600186566174671e-07
1432,6.594177079932706e-07
3657,6.58242242934648e-07
661,6.565537660208065e-07
5734,6.558143752499745e-07
6121,6.5111720459754e-07
6218,6.510351511224144e-07
6025,6.500787890217907e-07
5587,6.46609066734527e-07
6875,6.441079847263609e-07
1147,6.436815453980671e-07
7240,6.428395522561914e-07
6145,6.379665364875109e-07
5905,6.375138354997034e-07
6502,6.373456074015849e-07
4408,6.34923651432473e-07
6335,6.341278151467122e-07
3078,6.314906784155028e-07
7774,6.303357338310889e-07
5856,6.262707756832242e-07
711,6.259668339225755e-07
4874,6.244423786938569e-07
4937,6.234206182398339e-07
1895,6.189602572703734e-07
5824,6.186868688473623e-07
1278,6.182039840041398e-07
1102,6.178864850880927e-07
176,6.169202890760062e-07
3820,6.165094816878991e-07
2887,6.155763969672989e-07
6677,6.152807259240944e-07
3036,6.146518387595279e-07
1858,6.123120215306699e-07
5884,6.119149986716366e-07
7215,6.116157180713344e-07
4464,6.114461257311632e-07
5290,6.110939239079016e-07
1734,6.110661843194976e-07
7425,6.10745019002934e-07
2919,6.097242817304505e-07
7716,6.050659919765167e-07
3698,6.050388492440106e-07
3414,6.043428584234789e-07
5484,6.039224444975844e-07
1778,6.02915122271952e-07
5382,6.024286278716318e-07
1780,6.016209965764574e-07
1923,6.00713121912122e-07
4635,6.00712326104258e-07
2241,5.999369250275777e-07
951,5.989056433008955e-07
6005,5.984488780086394e-07
4480,5.963405271813826e-07
2260,5.956256075023703e-07
1824,5.953091317678627e-07
388,5.949908086222422e-07
5048,5.927739437083801e-07
721,5.926092683239403e-07
6273,5.914998837397434e-07
3648,5.914917551308463e-07
2810,5.882766629383696e-07
6043,5.873201587291987e-07
5791,5.872024644304474e-07
4727,5.869015069492889e-07
51,5.866321117764528e-07
3511,5.845818122907076e-07
4645,5.838288927861868e-07
251,5.815617498683423e-07
5651,5.801398401672486e-07
6938,5.788617727375822e-07
6198,5.785870200725185e-07
3910,5.777491907110743e-07
3605,5.768998221356014e-07
2970,5.752879701503844e-07
1676,5.749425326939672e-07
1155,5.701688792214554e-07
3469,5.686260635684448e-07
2371,5.681260120127263e-07
3152,5.673158511854126e-07
1633,5.668025551130995e-07
6623,5.636770765704568e-07
3878,5.636622404381342e-07
7632,5.629722750200017e-07
1939,5.620067895506509e-07
6297,5.614577105461649e-07
3165,5.578241939474538e-07
7076,5.56764149450828e-07
6147,5.554191204737435e-07
4888,5.547275918615924e-07
2519,5.544121961520432e-07
4374,5.54066360791694e-07
5533,5.535360685371415e-07
5188,5.535191860417399e-07
6213,5.517558889778229e-07
1869,5.508550913191357e-07
1937,5.491760362019704e-07
5934,5.487698899742099e-07
4721,5.466846886292842e-07
7219,5.463211607548146e-07
5624,5.460371994558955e-07
3238,5.450334015222325e-07
7602,5.437720460577111e-07
3106,5.436492642729718e-07
6515,5.424340230320013e-07
4426,5.412804000570759e-07
379,5.411280454836742e-07
3967,5.410681467310496e-07
7125,5.368145252759859e-07
4269,5.356216661311919e-07
1976,5.347382767695308e-07
2203,5.319226943356625e-07
7854,5.308655204316892e-07
2647,5.30011675436981e-07
2000,5.297377043689266e-07
5553,5.262517674964329e-07
3985,5.25730030176419e-07
2463,5.252756807294645e-07
7865,5.250983292626188e-07
5614,5.249465004908416e-07
2501,5.245242391538341e-07
7886,5.239817255642265e-07
5600,5.235436617567757e-07
1997,5.229404678175342e-07
7748,5.225986399182148e-07
261,5.218113159344284e-07
1656,5.211192899423622e-07
3111,5.207180038269144e-07
3334,5.200913335556834e-07
1166,5.193029011252293e-07
4669,5.190306069380313e-07
3023,5.188651925891463e-07
5047,5.182365470091099e-07
1929,5.147987565123913e-07
5817,5.143973851318151e-07
6796,5.133023819325899e-07
1864,5.125116757653814e-07
7239,5.069561552772939e-07
7256,5.063828325546638e-07
6848,5.054134817328304e-07
1163,5.036757499965461e-07
3296,5.013651502849825e-07
1127,4.992186006802513e-07
692,4.986899995174099e-07
3149,4.980836791901311e-07
4003,4.96321035825531e-07
5096,4.959832153872412e-07
7703,4.943186979744496e-07
1286,4.932705905957846e-07
6711,4.930523118673591e-07
2010,4.928233181544783e-07
3632,4.889251101758418e-07
1832,4.886988875796305e-07
832,4.879545514313577e-07
6932,4.840378267090273e-07
4539,4.83912344861892e-07
2478,4.829955884133597e-07
1712,4.828323199035367e-07
7830,4.815684206960213e-07
1443,4.814672536213038e-07
2297,4.806686035863095e-07
7187,4.800454576070479e-07
6679,4.7937771796569e-07
4497,4.790184533476349e-07
420,4.779257949394378e-07
4476,4.77375607488284e-07
3941,4.768954653400215e-07
7028,4.765272763052053e-07
6334,4.751215101350681e-07
6411,4.749570905460132e-07
5058,4.7408235559487366e-07
6673,4.740511769796285e-07
3758,4.7305229600169696e-07
7744,4.7305022121690854e-07
6847,4.704614582351496e-07
7984,4.699077464920265e-07
2375,4.694543918049021e-07
2610,4.6882099979939085e-07
2636,4.647062610274588e-07
3304,4.6464703018500586e-07
2219,4.632282042393854e-07
7470,4.6266768549685366e-07
1844,4.6192113245524524e-07
2065,4.5841321139050706e-07
427,4.5835700746010843e-07
1232,4.569250506847311e-07
5355,4.553061501155753e-07
4814,4.509586801759724e-07
7365,4.508168700567694e-07
4586,4.504850039666053e-07
2317,4.4785565478377976e-07
1418,4.475449912888507e-07
2869,4.474153030287198e-07
4922,4.4687907063689636e-07
4764,4.464447016516715e-07
2022,4.463105796048694e-07
5327,4.458777596028085e-07
464,4.442485703748389e-07
1228,4.4148683286948653e-07
4242,4.413646337297905e-07
2424,4.4022581846547837e-07
6728,4.3891718348731956e-07
6383,4.388889749407099e-07
5545,4.3803967741951055e-07
5715,4.375745703555367e-07
6915,4.358600449450023e-07
5547,4.3266335580938176e-07
5809,4.3191474219383963e-07
5332,4.316847395102741e-07
1115,4.3049843156950374e-07
3188,4.302719958104717e-07
2889,4.2991530335712014e-07
2073,4.2402393773954827e-07
820,4.223322491725412e-07
1349,4.204221824011256e-07
1575,4.1940197093026654e-07
2948,4.1901824943124666e-07
3178,4.188006528238475e-07
205,4.1877034107073996e-07
7438,4.1754397273052746e-07
3883,4.161990148077166e-07
7518,4.1559781038813526e-07
7276,4.14515085367384e-07
3753,4.1428542374433164e-07
1588,4.1333026956635877e-07
5196,4.1299215070011996e-07
473,4.086314220330678e-07
888,4.0841010218173324e-07
4097,4.083084377271007e-07
3775,4.0810603252339206e-07
6829,4.045408417141516e-07
7766,4.0429537762065593e-07
2755,4.0318046501397475e-07
2017,4.024307287409101e-07
993,4.0238268184111803e-07
1253,4.0225241093594377e-07
816,3.9963569520296005e-07
4755,3.951541174274098e-07
6669,3.9511171223693964e-07
2475,3.9451755640129704e-07
7917,3.94335430087267e-07
1290,3.9328419632056466e-07
4816,3.897108626915724e-07
4398,3.894867717235684e-07
7437,3.8944870084378636e-07
7307,3.888552271291701e-07
4438,3.87123321843319e-07
981,3.869628955044391e-07
4312,3.8548148495465284e-07
7712,3.8471243613003026e-07
4076,3.8459444340332993e-07
505,3.844103559913492e-07
708,3.8436260751950613e-07
7850,3.841857392217207e-07
168,3.8338997399023356e-07
5087,3.8204532870622643e-07
110,3.801735601882683e-07
7779,3.786168178976368e-07
724,3.768634968537299e-07
3717,3.7661415319689695e-07
5400,3.766033387364587e-07
1604,3.765020011314846e-07
7569,3.7648982242899365e-07
3703,3.7492328885946336e-07
4159,3.7296814525689115e-07
203,3.72837419604366e-07
4812,3.711523532956562e-07
3413,3.7013271025898575e-07
293,3.6975708894715353e-07
7228,3.6944256009974197e-07
5187,3.688792560296861e-07
1298,3.6854109453088313e-07
4419,3.684536835635299e-07
4529,3.6756406984750356e-07
7389,3.6344926002129796e-07
3158,3.6157075555820484e-07
4823,3.6117357637976966e-07
244,3.6085987176193157e-07
3592,3.5971903855624987e-07
4401,3.585023335972437e-07
4932,3.5754044347413583e-07
2522,3.5738922576911136e-07
4505,3.565546933259611e-07
19,3.5446348078949086e-07
2447,3.535235890694821e-07
5837,3.530799119744188e-07
6137,3.52919229840154e-07
4900,3.5235727580129605e-07
7011,3.523212370737383e-07
4013,3.52073158182975e-07
90,3.5174721801922715e-07
5522,3.4716873642537394e-07
3573,3.461551187911027e-07
2556,3.4398182435779745e-07
2732,3.43574129146873e-07
6124,3.425865031658759e-07
4181,3.4061197595747217e-07
4371,3.398818506639145e-07
1847,3.376534465360237e-07
5259,3.3729706672147586e-07
7842,3.3709906688272895e-07
892,3.3692464285195456e-07
553,3.366874352650484e-07
1647,3.361011238212086e-07
6840,3.3519947351123847e-07
34,3.346435875073439e-07
2061,3.3364106855060527e-07
527,3.323529256249458e-07
3560,3.3207749083885574e-07
6855,3.318773167393374e-07
7001,3.318078398706348e-07
7398,3.3133687793451827e-07
2557,3.308970804027922e-07
901,3.2920318915330427e-07
914,3.2770223867828463e-07
6637,3.2768544144801126e-07
6860,3.2691619367142266e-07
1165,3.268798423050612e-07
2320,3.265510883920797e-07
235,3.255156144632565e-07
4469,3.244868480578589e-07
5635,3.2382274639530806e-07
5983,3.22479195347114e-07
1626,3.2237116442956903e-07
7119,3.215816946067207e-07
6001,3.2097945279474516e-07
1000,3.208116936548322e-07
2903,3.2070639122139255e-07
2129,3.20383477969699e-07
2305,3.2028424357122276e-07
2984,3.1918133913677593e-07
6146,3.188594774883313e-07
4683,3.165859112641556e-07
7323,3.1622259655250673e-07
6432,3.1576448122905276e-07
2855,3.1529228294857603e-07
5705,3.136274671078354e-07
1360,3.1359786589746363e-07
6167,3.1358823093796673e-07
237,3.1269132705347147e-07
7790,3.1261106414604e-07
6897,3.12511218680811e-07
236,3.120132419098809e-07
2002,3.1179128257008415e-07
5353,3.109302895154542e-07
4515,3.107038537564222e-07
779,3.101008161365826e-07
6315,3.081373733948567e-07
7965,3.0760615743474773e-07
3088,3.074308665418357e-07
2537,3.0685121998885734e-07
6427,3.0677962570280215e-07
1078,3.045742857921141e-07
2658,3.0444562071352266e-07
3327,3.044063987545087e-07
1209,3.0370831893833383e-07
2039,3.0349389135153615e-07
6524,3.0290188135495555e-07
35,3.007399129728583e-07
5031,2.988986551599737e-07
2289,2.987362677231431e-07
2550,2.984800602234827e-07
5447,2.983656344213159e-07
2569,2.982710327614768e-07
4369,2.98027870826445e-07
5687,2.95641797265489e-07
1842,2.94522536137265e-07
2532,2.942540646699854e-07
1390,2.9291054204350075e-07
5747,2.9135426871107484e-07
5357,2.904407239157081e-07
5011,2.90362137889133e-07
3415,2.903177431790027e-07
4699,2.885785050921186e-07
782,2.885444132516568e-07
2664,2.884115701817791e-07
6876,2.8771373905556175e-07
7500,2.8624710068925197e-07
7210,2.856268821460617e-07
1322,2.852866316516156e-07
2604,2.8502950044639874e-07
5928,2.8446827116113127e-07
7032,2.843702446853058e-07
53,2.837500119312608e-07
2444,2.8347776748205433e-07
2736,2.833951526781675e-07
6761,2.826915448395084e-07
6538,2.8263406193218543e-07
3882,2.823388030037677e-07
5454,2.8229926840595e-07
987,2.8035726984398934e-07
793,2.8006991215079324e-07
87,2.799854428303661e-07
2214,2.781245314054104e-07
4532,2.7804503588413354e-07
6506,2.7778216349361173e-07
2377,2.774050358311797e-07
2864,2.7589143769546354e-07
6421,2.752098282599036e-07
1622,2.750696239672834e-07
2859,2.7449505068943836e-07
1661,2.7434960259142827e-07
1566,2.740810884915845e-07
7459,2.740451918725739e-07
4005,2.729921959598869e-07
6075,2.723235112966904e-07
6544,2.7220480092182697e-07
5694,2.712692008799422e-07
5330,2.7119496337491e-07
5524,2.7077574316081154e-07
3022,2.704911565842849e-07
2805,2.6954541709756086e-07
3569,2.689409654976771e-07
3869,2.689197486915873e-07
5302,2.688570859277206e-07
4675,2.67818364818595e-07
7443,2.6701252409111476e-07
3852,2.6586683077312045e-07
1969,2.6459503033038345e-07
6568,2.635453029142809e-07
123,2.6312700640573894e-07
739,2.627416364475721e-07
5028,2.622537422780624e-07
3531,2.6214098625132465e-07
5631,2.6179344558840967e-07
7846,2.6152035559334763e-07
1854,2.613865319744946e-07
2087,2.6132275365853275e-07
1020,2.6041367107154656e-07
5347,2.6010545184362854e-07
4977,2.5980634177358297e-07
4901,2.5940229875232035e-07
7396,2.593742891576767e-07
2773,2.5885881882459216e-07
344,2.586056240261314e-07
1010,2.578122604290911e-07
1374,2.5780548185139196e-07
704,2.572156603264375e-07
3937,2.5607972986563254e-07
5769,2.5514931678571884e-07
4864,2.548973938587551e-07
590,2.540322725508304e-07
5992,2.540024581776379e-07
5666,2.5379227963640005e-07
3136,2.53773720260142e-07
860,2.534710290547082e-07
4173,2.5320134255935045e-07
6139,2.531363136881737e-07
6791,2.5277483928221045e-07
5318,2.526053322071675e-07
4643,2.505827225718349e-07
1521,2.505514800077435e-07
4190,2.504974716543984e-07
5640,2.4987344460214445e-07
1210,2.483324124114006e-07
5739,2.482155494476501e-07
2871,2.474789511097697e-07
3620,2.472381339657659e-07
4638,2.4660007369448067e-07
334,2.457826866475443e-07
7380,2.457398551314327e-07
6220,2.4538194054457563e-07
795,2.4525350283965963e-07
4980,2.4513624197197714e-07
6936,2.4467421155804914e-07
7786,2.435690333868479e-07
6732,2.423863136868931e-07
880,2.4227794881426234e-07
7480,2.421982685518742e-07
4753,2.420374372036349e-07
5132,2.418234288370513e-07
4872,2.407847077279257e-07
6057,2.405940335847845e-07
3991,2.3980196317552327e-07
4685,2.397236968931793e-07
4637,2.39516111832927e-07
3701,2.3901503709566896e-07
4620,2.389572628658243e-07
4194,2.3849996466651646e-07
3220,2.371525766875493e-07
4485,2.3586353847804276e-07
6537,2.356469792630378e-07
699,2.3460223985694029e-07
998,2.3371524093818152e-07
4724,2.3364452772511868e-07
7178,2.3359202572237336e-07
615,2.3346348854147436e-07
3456,2.3179953956287136e-07
4009,2.317984097999215e-07
4114,2.3161281603734096e-07
1389,2.312596762976682e-07
4578,2.3092380985190175e-07
6351,2.3066277776706556e-07
7130,2.2930466059278842e-07
3275,2.2858939985326288e-07
2383,2.2849580716410856e-07
5615,2.2790428033658827e-07
1883,2.277608075473836e-07
3676,2.276881758689342e-07
5042,2.2757684092766794e-07
5435,2.2743108729628148e-07
149,2.271653940510987e-07
3280,2.2705275171119865e-07
1461,2.2678794664443558e-07
5165,2.2645214414751536e-07
4028,2.2578583980248368e-07
7478,2.2536791988159166e-07
4918,2.2532614707415632e-07
6207,2.2524103826526698e-07
9,2.2506593211346626e-07
1568,2.2468259430752369e-07
2020,2.2423845535968212e-07
4583,2.2347315820070435e-07
6286,2.2288054424279835e-07
3021,2.2255504461554665e-07
5789,2.2165023949582974e-07
2332,2.215863119658934e-07
5730,2.2108812913756992e-07
6032,2.2037557556586762e-07
5521,2.2023083090516593e-07
2468,2.1940093120065285e-07
7550,2.1920777726336382e-07
7169,2.1919733228514815e-07
6901,2.1917743708854687e-07
7455,2.1855765908185276e-07
4038,2.1852169140856859e-07
6830,2.1839463215655996e-07
5639,2.180379894411999e-07
7809,2.1739515432273038e-07
2870,2.1694911112035697e-07
6781,2.165127810371814e-07
5948,2.164229258028172e-07
5041,2.1547958795054e-07
6653,2.1496420288258378e-07
7093,2.1491615598279168e-07
622,2.1450113507626156e-07
3602,2.1446427922455769e-07
1252,2.1406427208603418e-07
978,2.1388925119936175e-07
6468,2.1364473923313199e-07
3502,2.1331073440933324e-07
5110,2.1270307115628384e-07
1996,2.126084410747353e-07
623,2.1168496999734998e-07
6437,2.1126191995790577e-07
1936,2.1083627643747604e-07
803,2.1073155664907972e-07
1393,2.1068581901317884e-07
6806,2.104518443957204e-07
6208,2.1030142249855999e-07
2850,2.1018848173071092e-07
594,2.095740541108171e-07
1074,2.0907319964180715e-07
6088,2.090199160420525e-07
438,2.0895748775728862e-07
4742,2.08726291361927e-07
5027,2.0747476980886859e-07
467,2.0739892647725355e-07
7940,2.069061508791492e-07
7517,2.0657450505723318e-07
305,2.0559053126589788e-07
6246,2.0514922027814464e-07
6767,2.048199903015302e-07
5987,2.0470503159231157e-07
3176,2.0447627946396096e-07
4481,2.0407725997984016e-07
5678,2.0394583799543398e-07
3794,2.0370527664681504e-07
70,2.027228163115069e-07
927,2.0272089784612035e-07
3905,2.019881932824319e-07
638,2.0117878563041813e-07
3278,2.010847239830582e-07
4226,2.0041517956315147e-07
4765,2.002049726002042e-07
196,1.9993835564946494e-07
1178,1.9919031757353878e-07
2408,1.991775775422866e-07
572,1.9896078384817883e-07
2921,1.9810936890962694e-07
1590,1.9803646722493795e-07
5770,1.9783328752964735e-07
7918,1.974991974407203e-07
6398,1.972050895915345e-07
1340,1.971206415873894e-07
5012,1.965026541483894e-07
3677,1.9645131743573074e-07
2402,1.9615133339812019e-07
3865,1.9609495893746498e-07
6587,1.958717845695901e-07
3650,1.958144366653869e-07
5668,1.9573254661509054e-07
1541,1.956912925038523e-07
1726,1.9511125515236927e-07
4180,1.9491253766545924e-07
4475,1.9484849644868518e-07
2081,1.9445801058282086e-07
2593,1.939258567063007e-07
1749,1.9326983391465546e-07
6009,1.9323390176850808e-07
4667,1.9250822447247629e-07
4579,1.9217321778342011e-07
784,1.9093011616178046e-07
2357,1.9075302049031961e-07
4185,1.903156601201772e-07
4330,1.9015350005702203e-07
371,1.8982167659942206e-07
1596,1.8944840007861785e-07
5729,1.889063554472159e-07
3016,1.8863032380522782e-07
4385,1.8860221473460115e-07
2854,1.8809830493182744e-07
7491,1.876221347174578e-07
2064,1.8752997732462973e-07
5827,1.871217136795167e-07
5944,1.8671553903004678e-07
4857,1.8661615541759602e-07
6089,1.862877070379909e-07
7367,1.8628330877845656e-07
6102,1.8599138940089688e-07
7882,1.8573041415947955e-07
7920,1.856865168292643e-07
4954,1.8437759763401118e-07
1779,1.8437000903759326e-07
1713,1.8363491705031265e-07
1658,1.829883515824804e-07
6282,1.8261151524257002e-07
4322,1.8256552891671163e-07
4909,1.820620738612888e-07
4304,1.8178397453993966e-07
5356,1.8160007186907023e-07
4160,1.8149475522477587e-07
4294,1.8112280741888753e-07
1437,1.809141707553863e-07
403,1.8047413163913006e-07
142,1.793779347281088e-07
7612,1.7900917725910404e-07
7299,1.7844101307673554e-07
5773,1.7840299904037238e-07
3273,1.7831197141049415e-07
5778,1.7819026965071316e-07
4320,1.7768559246178484e-07
6986,1.774509641450095e-07
6797,1.7739966295948761e-07
4506,1.7738691582280808e-07
3537,1.7718751621487172e-07
7322,1.7662795670503328e-07
1225,1.76265686491206e-07
1057,1.7623621317852667e-07
4614,1.756531986529808e-07
4944,1.7551592179643194e-07
3565,1.7530889806494088e-07
6409,1.7411750263818249e-07
7258,1.7409590924444274e-07
7753,1.737348540586936e-07
5455,1.7316202161055116e-07
3376,1.7292237686206136e-07
7080,1.72789540897611e-07
4021,1.7274246033593954e-07
629,1.7266117424696859e-07
3394,1.7224121506842494e-07
3314,1.722266560477692e-07
1265,1.7141237407258814e-07
2940,1.7029866938855776e-07
5219,1.698859506404915e-07
1630,1.6929480040062117e-07
823,1.687405273287368e-07
1758,1.6869064722868643e-07
6562,1.6839566541193562e-07
1403,1.681912493722848e-07
7576,1.6731269170122687e-07
1272,1.6725690699104234e-07
1094,1.6691633675236517e-07
7871,1.668894356043893e-07
838,1.667846447617194e-07
5368,1.6666191271497155e-07
679,1.6609458697303126e-07
3418,1.6584396433927395e-07
271,1.6582770712147976e-07
7858,1.657066022175968e-07
3341,1.6507035383028779e-07
1551,1.6437798677770843e-07
5329,1.642885507635583e-07
6965,1.6412040793056804e-07
1015,1.6410061931537712e-07
7092,1.6336525021642956e-07
7944,1.6294708871100738e-07
4221,1.6246730183411273e-07
4499,1.6232785071679245e-07
540,1.6125466117955511e-07
4201,1.604347872330436e-07
7778,1.5977516198972808e-07
6839,1.5934996611122187e-07
7050,1.59349610839854e-07
5552,1.5915347262307478e-07
5971,1.591070457607202e-07
5469,1.5889794724444073e-07
3912,1.58013492068676e-07
6326,1.5771335881709092e-07
340,1.5693478871980915e-07
7318,1.5641576567304583e-07
6479,1.560170019843099e-07
6063,1.5584380719246838e-07
7563,1.5536696906792713e-07
4265,1.5536089392753638e-07
3349,1.5518436669026414e-07
6413,1.5497775507355982e-07
1909,1.5484692994505167e-07
7616,1.5384571838694683e-07
6567,1.5382997275992238e-07
6228,1.5378511619701385e-07
7982,1.5369001715725972e-07
2704,1.531083668737665e-07
3253,1.5291535504502463e-07
481,1.5151059074014483e-07
738,1.5145462839427637e-07
6359,1.5140822995363123e-07
5159,1.512912461976157e-07
6501,1.5110025231024338e-07
2255,1.509942322286406e-07
6189,1.5054568791583733e-07
7515,1.504715712030702e-07
6270,1.5016610888096693e-07
7353,1.499654302961062e-07
5264,1.4960146188514045e-07
2251,1.495616004376643e-07
1782,1.494783106181785e-07
3668,1.494161381287995e-07
1376,1.493239665251167e-07
4779,1.4898644451477594e-07
5921,1.488067340460475e-07
558,1.4857825192393648e-07
3646,1.4782629165210892e-07
3567,1.4775280021694925e-07
4649,1.4600625064531414e-07
701,1.4599773123791238e-07
2295,1.45863523925982e-07
2909,1.4573115691973726e-07
3139,1.4558609962023183e-07
3768,1.4501642198183617e-07
7147,1.4467281062024995e-07
5830,1.443742476681109e-07
7387,1.4387998703568883e-07
639,1.438130396991255e-07
5278,1.4378758095290323e-07
1294,1.43721052836554e-07
3460,1.4372049861322012e-07
513,1.4342879239848116e-07
1790,1.4330720077282422e-07
4197,1.4317966190446896e-07
6377,1.4292415784211698e-07
3186,1.4264949754760892e-07
6473,1.4247934387867645e-07
810,1.421378641452975e-07
2861,1.420631363657776e-07
5248,1.4079290622248664e-07
5883,1.4061400577247696e-07
2606,1.400401714590771e-07
1546,1.3962580425186388e-07
352,1.394633635243281e-07
5596,1.3937406606601144e-07
131,1.3927571984595488e-07
4069,1.3921717112452825e-07
5595,1.3868128689864534e-07
1287,1.384820365046835e-07
2099,1.3841606971709552e-07
2816,1.3773772877812007e-07
687,1.3764643469471594e-07
5939,1.3749925642514427e-07
668,1.3745623661520767e-07
1462,1.3744229221401838e-07
4758,1.368435604831575e-07
3347,1.3655409247803618e-07
6802,1.365035444678142e-07
4791,1.3641952989473793e-07
232,1.363258874675921e-07
3754,1.362584711728232e-07
3587,1.359780661402965e-07
3095,1.3462429393484854e-07
3463,1.342600057796517e-07
6591,1.3423244382693156e-07
851,1.3381611552176764e-07
6765,1.3379314367512052e-07
7502,1.3374950214029013e-07
5070,1.3358667416696335e-07
2361,1.3358050665601695e-07
4345,1.329328185306622e-07
2309,1.3269879417521224e-07
347,1.3208831717292924e-07
4946,1.3198811643633235e-07
3490,1.314027997523226e-07
5927,1.3122701858492292e-07
2479,1.3079837657414828e-07
6627,1.3077834992714088e-07
7108,1.3044368785131155e-07
5279,1.3006754073785487e-07
2071,1.3002362209135754e-07
3947,1.3002011911567024e-07
6165,1.299212328831345e-07
6244,1.2989741549063183e-07
2763,1.293062972251846e-07
6276,1.2926163961424209e-07
5305,1.289957296535249e-07
6975,1.2892988365820202e-07
7507,1.2839829821587045e-07
85,1.2825060835552904e-07
1772,1.2776493463206862e-07
7025,1.2760153467183954e-07
6327,1.2745780963996367e-07
2571,1.2672421334514183e-07
7442,1.2590162157266604e-07
6823,1.256768484836357e-07
6002,1.2559633688624672e-07
1016,1.2539486249352194e-07
5525,1.2534723481394394e-07
36,1.2527946680052082e-07
5933,1.2488404621535665e-07
4501,1.2480321487373658e-07
7359,1.24578278359877e-07
2589,1.2453664766098882e-07
1801,1.2453244124799312e-07
2223,1.244217386897617e-07
1404,1.2435327434445753e-07
941,1.2414118799597418e-07
7275,1.237182658542224e-07
5502,1.2351771516705412e-07
7471,1.23396169726675e-07
6079,1.2333716981061116e-07
3752,1.2295707207954365e-07
936,1.2281144279313594e-07
2765,1.2274859884087164e-07
7238,1.2261748238984183e-07
1514,1.2195454957009133e-07
2283,1.219386334128103e-07
7118,1.217520768648228e-07
1682,1.216438363371708e-07
1101,1.2116059977529403e-07
6044,1.2080471023523387e-07
3845,1.2063922127936166e-07
1331,1.2040476704555658e-07
7181,1.2040173302807489e-07
7873,1.2011072669793066e-07
1222,1.198775265720542e-07
3866,1.1985649095436202e-07
4573,1.192372849345702e-07
163,1.1899138030457834e-07
4012,1.1898159613110693e-07
3346,1.18959462724888e-07
4921,1.1866386984138444e-07
2405,1.1787721376776972e-07
7316,1.178715685057341e-07
2472,1.178346664687524e-07
1312,1.1780586106624469e-07
6578,1.1745241224048186e-07
4928,1.1727360771374151e-07
725,1.1665462906762514e-07
4862,1.1631216167984348e-07
2077,1.1624948115240841e-07
3929,1.154652693458047e-07
7439,1.1531081156590517e-07
5756,1.1530561749850676e-07
797,1.1527196974725484e-07
5538,1.1465229476925742e-07
1141,1.1448219794374381e-07
2931,1.1385994724832926e-07
5617,1.137847114307533e-07
5384,1.1360028295825941e-07
1072,1.1354840268040789e-07
6640,1.1354678264297036e-07
5513,1.1348748785167118e-07
5063,1.134075802156076e-07
7196,1.1322875437258517e-07
2229,1.1295619373186128e-07
3610,1.1272062749867473e-07
4155,1.12612958957925e-07
3824,1.1256847898266642e-07
5386,1.1248155828980089e-07
1438,1.1231212582174521e-07
1005,1.12107692018526e-07
3194,1.1189120030508093e-07
4630,1.1182232384499002e-07
4321,1.1177617764701608e-07
5304,1.1158686774592752e-07
7019,1.1157182910892516e-07
4309,1.1155881551871971e-07
5990,1.1149056433623628e-07
6100,1.1136243927012401e-07
1372,1.1133393229556532e-07
4442,1.1124422982788928e-07
2296,1.1123020726699906e-07
3966,1.1104751251878042e-07
3854,1.1083481155083064e-07
4596,1.1068227223631766e-07
6982,1.1036230063155017e-07
4986,1.1031111313286601e-07
5882,1.1027238500105341e-07
6558,1.1021963786106426e-07
5293,1.1009641553982874e-07
351,1.0980352982414843e-07
1221,1.0978486741919369e-07
5682,1.097666988414403e-07
5825,1.0962185115204193e-07
5243,1.0939450589830813e-07
853,1.0875768907681049e-07
4353,1.0856514265356054e-07
1481,1.0832982155761783e-07
2824,1.0822635232443645e-07
386,1.0817693052445065e-07
5861,1.0806900618831605e-07
2684,1.0779219294931863e-07
7962,1.07740866894801e-07
4784,1.0759134383420133e-07
5437,1.0751969270472728e-07
5991,1.0729382537988386e-07
2134,1.0724600940648088e-07
7348,1.0722119014872078e-07
4788,1.0677434403305597e-07
4574,1.06651967257676e-07
6110,1.0633041824803513e-07
152,1.0630429514435491e-07
536,1.0625359436744475e-07
7831,1.0594442656497449e-07
5336,1.0544787798494326e-07
6224,1.0513696935277039e-07
1313,1.045576283331684e-07
6210,1.0446204967706763e-07
1610,1.0405516803757564e-07
6929,1.0359931224002139e-07
5286,1.0341950229530994e-07
3142,1.0304385611448197e-07
4244,1.0285980778235171e-07
6369,1.0238370862225565e-07
4323,1.0231356029066774e-07
994,1.0193071275921284e-07
3300,1.0192110977413904e-07
5415,1.0144442796899966e-07
512,1.010222092645563e-07
985,1.0097100755501742e-07
2701,1.0080328038952757e-07
4571,1.0072308143094233e-07
269,1.005510448237601e-07
3256,1.0038882436447238e-07
557,1.0037874176305195e-07
5744,1.0037791753347847e-07
5892,9.978726467352317e-08
575,9.970056424890572e-08
6747,9.961749469766801e-08
301,9.946717938191796e-08
7725,9.945107493081196e-08
5420,9.914625920259823e-08
6704,9.880763940373072e-08
1284,9.846127113632974e-08
6600,9.841174630764726e-08
3859,9.831541447624659e-08
55,9.818080570767052e-08
1964,9.804422518300271e-08
57,9.794349864478136e-08
448,9.791743238452e-08
7179,9.784476162622013e-08
5468,9.730803895990903e-08
1795,9.726618444005908e-08
69,9.725295058160555e-08
965,9.711763482300739e-08
3249,9.6928665982432e-08
6436,9.673667022980226e-08
2754,9.657134825147295e-08
2185,9.622312191481797e-08
7413,9.620175234203998e-08
3468,9.586170790498727e-08
3728,9.545905754748674e-08
2791,9.520335453316875e-08
1371,9.511732912415027e-08
6034,9.511651200000415e-08
5496,9.504797304771273e-08
3949,9.504088183120984e-08
6303,9.48993807980969e-08
6717,9.484741880783076e-08
4257,9.448072546547337e-08
6556,9.433832559579969e-08
1207,9.40681097461038e-08
2716,9.387673571836785e-08
5643,9.384391930211677e-08
6902,9.354845431630565e-08
7787,9.352103447213267e-08
3886,9.343192886035467e-08
4712,9.290023328389907e-08
3956,9.287145275038711e-08
6843,9.274395651459599e-08
3018,9.257173161358878e-08
3932,9.254264554670044e-08
956,9.253604105197155e-08
2693,9.243786536217158e-08
528,9.218816643397076e-08
5872,9.206659257188221e-08
2205,9.193288619258055e-08
1469,9.190728533781112e-08
5398,9.183207438923091e-08
186,9.154207702977146e-08
5527,9.141243495491835e-08
95,9.138159029475901e-08
316,9.096663333707511e-08
7582,9.087289498665996e-08
4563,9.041093562700553e-08
769,9.004563139569655e-08
1691,8.988270394638675e-08
4725,8.982687660363808e-08
1173,8.968713771650982e-08
6240,8.945711016394853e-08
3074,8.919601057755244e-08
7655,8.902081916062343e-08
1202,8.8941639830864e-08
4253,8.889409031098694e-08
2172,8.88927722542121e-08
7416,8.882302893198357e-08
107,8.876008195102258e-08
5292,8.833612952230396e-08
501,8.810337703835103e-08
1445,8.792484607056394e-08
6599,8.784961380570167e-08
4710,8.766608061705483e-08
4671,8.73327934414192e-08
624,8.706771126298918e-08
6487,8.703398179932265e-08
6354,8.650557958844729e-08
3299,8.647996452282314e-08
5951,8.626383518617331e-08
7583,8.625392666772314e-08
6602,8.620602187647819e-08
3874,8.617854518888635e-08
7392,8.615734969907862e-08
1055,8.602838263982449e-08
5147,8.585766764213076e-08
3737,8.574903631597408e-08
5788,8.567951681470731e-08
6341,8.554118835490954e-08
4585,8.551810282142469e-08
7924,8.550791363859389e-08
6299,8.54417656626083e-08
3933,8.514969351836044e-08
3739,8.49178469763956e-08
2454,8.488697389452682e-08
4757,8.488615321766702e-08
4027,8.484166968969475e-08
5197,8.464742506930634e-08
3917,8.455031519361e-08
6992,8.414809826717828e-08
666,8.39325480228581e-08
1529,8.369251958129098e-08
5671,8.359653236311715e-08
2207,8.339294410575349e-08
7760,8.322022182483124e-08
1114,8.303015164301542e-08
1980,8.297849518612566e-08
2351,8.297667264400843e-08
5860,8.276977325749613e-08
1605,8.271137730275768e-08
5652,8.224507652698776e-08
720,8.207955559669244e-08
4208,8.205162771446339e-08
2992,8.17603478253659e-08
5424,8.175433308110769e-08
4486,8.156845510143285e-08
2344,8.155339159543473e-08
4466,8.148763086524013e-08
5020,8.136218809795537e-08
6316,8.13486416006981e-08
6597,8.110901461577669e-08
3688,8.047920019293997e-08
4790,8.024548847629376e-08
520,8.023295805514863e-08
2397,8.003460294503384e-08
6990,7.991389239236923e-08
7649,7.990611905484002e-08
6696,7.977801530500983e-08
6381,7.965936177356525e-08
3222,7.928451850602869e-08
4046,7.914659150287662e-08
4205,7.880223762413152e-08
3439,7.873078899933716e-08
4927,7.870963258937991e-08
1283,7.861709860890187e-08
7907,7.821755332315661e-08
4186,7.812397839757068e-08
2162,7.804741386507885e-08
6850,7.774468713250826e-08
7771,7.77300499521516e-08
6863,7.769417820213675e-08
6238,7.764799647702603e-08
7391,7.752844055630703e-08
6507,7.736426965720966e-08
2143,7.729658335620115e-08
6387,7.711968663670632e-08
1893,7.70985906228816e-08
4143,7.702688975541605e-08
3745,7.679953384354121e-08
5886,7.677040159137505e-08
5675,7.660241507778665e-08
3582,7.656407419176503e-08
847,7.654483624719433e-08
6946,7.637632393198146e-08
1807,7.624411324513858e-08
3952,7.61985106123575e-08
7372,7.608825214333592e-08
1399,7.592162276637282e-08
229,7.585517280972454e-08
2124,7.576988636515125e-08
5101,7.574792704190259e-08
4331,7.56660085698968e-08
1004,7.558285020081712e-08
1561,7.557271786140518e-08
120,7.557121861623273e-08
1379,7.551333425226403e-08
4063,7.523608402948412e-08
7051,7.51506696872184e-08
705,7.509879651479423e-08
1216,7.507543386964244e-08
7086,7.504334575969551e-08
2605,7.47677049162121e-08
5845,7.474051599842824e-08
570,7.460015183369251e-08
1175,7.456245398884676e-08
4606,7.424803172284555e-08
4933,7.420894831966507e-08
3014,7.385127887005183e-08
453,7.384173628111057e-08
6674,7.295566817333565e-08
3659,7.287673042810638e-08
2389,7.2593291378098e-08
5815,7.252348055430957e-08
2690,7.25044557725596e-08
4243,7.237948551619411e-08
6222,7.227422216260493e-08
1901,7.207122365571195e-08
7329,7.203374785547112e-08
2516,7.199014362413436e-08
5338,7.195859552666661e-08
7957,7.185805728227024e-08
7568,7.168474880359099e-08
3232,7.158308434895844e-08
6397,7.151151848461268e-08
3686,7.115465194829085e-08
3736,7.113737154895716e-08
2085,7.112675959319859e-08
7699,7.11093441907451e-08
5467,7.101490950844891e-08
2626,7.100582166685854e-08
4735,7.099313492631154e-08
2915,7.094330811696636e-08
5696,7.094245368932661e-08
7426,7.086517683774218e-08
3013,7.07518204023927e-08
6706,7.072657837170482e-08
988,7.036702243112813e-08
4615,6.963663778947193e-08
5523,6.94000128476091e-08
1797,6.919602668631342e-08
3539,6.905903404685887e-08
4676,6.901247218138451e-08
6247,6.891675496945027e-08
1152,6.890438442042068e-08
128,6.878258673737037e-08
4241,6.858025969336268e-08
1871,6.814481068317946e-08
2367,6.796128459995998e-08
2117,6.785839445910824e-08
2698,6.773296590267819e-08
2497,6.763024273936935e-08
5289,6.759125170674452e-08
5726,6.738469693345905e-08
755,6.724965473381417e-08
778,6.717416844992385e-08
1492,6.711660738289993e-08
1011,6.699229970763554e-08
1128,6.697864662896791e-08
5160,6.69632811423071e-08
908,6.671445618167127e-08
2602,6.66997870268915e-08
6834,6.668247642949154e-08
4248,6.661523244133605e-08
1328,6.660064144625721e-08
3044,6.655369944041922e-08
1032,6.654403783556972e-08
4223,6.631500326648165e-08
5145,6.629750259889988e-08
6454,6.605462132824869e-08
6195,6.60099157556715e-08
2100,6.549619513407379e-08
6723,6.54810925482252e-08
5086,6.541021591033314e-08
5995,6.539896801882605e-08
3501,6.538825658708447e-08
5251,6.52682867752219e-08
226,6.525555917846759e-08
7628,6.519334050381076e-08
1355,6.490554582683217e-08
2381,6.458204637738163e-08
3907,6.45574509405833e-08
7730,6.450642331401468e-08
1945,6.407027441923674e-08
5207,6.399119456546032e-08
3779,6.366659377476935e-08
4936,6.364264137914688e-08
2189,6.356773241122937e-08
7213,6.314835587772905e-08
2727,6.308409083999322e-08
2109,6.287874043664488e-08
3027,6.274625619084873e-08
2784,6.262383678290462e-08
6488,6.247701200834399e-08
7300,6.242796501965131e-08
2691,6.237584670998331e-08
4191,6.23468476845801e-08
2030,6.216223802368859e-08
532,6.207419112058687e-08
2102,6.185288548010703e-08
2619,6.163090660038506e-08
6016,6.15905033640729e-08
7887,6.143811326353443e-08
3708,6.141163488848633e-08
2596,6.132183827389781e-08
2041,6.121359064081844e-08
1367,6.094256832511746e-08
21,6.089979187606787e-08
7811,6.081498682419806e-08
3662,6.061152646452683e-08
2155,6.060177426547853e-08
2306,6.059834767313532e-08
2299,6.047480383131187e-08
3626,5.97078386732619e-08
4917,5.968784577703445e-08
5661,5.959994275883673e-08
1982,5.950904835572146e-08
7926,5.931235946832203e-08
1995,5.924981039129307e-08
2217,5.907392619519669e-08
7211,5.9054213963349866e-08
7825,5.889168974704262e-08
2382,5.881039122357379e-08
4701,5.878582598484172e-08
7782,5.877231679107808e-08
2813,5.871078201380442e-08
5676,5.867423880090428e-08
695,5.865171281982384e-08
6778,5.859855178869111e-08
1506,5.857418372556822e-08
2114,5.8477167996784374e-08
3622,5.79817580614872e-08
2384,5.782610301707791e-08
1886,5.770361255486023e-08
389,5.76861047818511e-08
3077,5.759800991711472e-08
1625,5.7454766277942326e-08
2729,5.733082630854369e-08
4291,5.725427421054974e-08
3446,5.722385409967501e-08
1324,5.71422003048383e-08
164,5.710941408665349e-08
1527,5.6941455994774515e-08
88,5.687926396547027e-08
4015,5.6807699877481355e-08
5674,5.678104919581983e-08
3760,5.651569701115022e-08
7836,5.650282730584877e-08
7269,5.633535771210063e-08
5920,5.6259636949107517e-08
7804,5.619340726070732e-08
4913,5.612664821796898e-08
678,5.601156694012843e-08
4859,5.5929726627823584e-08
1732,5.591028795493003e-08
5121,5.563119032103714e-08
3366,5.557049753690535e-08
4520,5.535535763101507e-08
2938,5.513970791071188e-08
5089,5.496070798471919e-08
6263,5.488124443786546e-08
1624,5.481851417243888e-08
1723,5.4759683010274784e-08
6676,5.4141164440579814e-08
2393,5.4115250947006643e-08
6495,5.3845187863998945e-08
4452,5.3683233858237145e-08
192,5.3613778305816595e-08
3989,5.347387599385911e-08
4074,5.33831645554983e-08
5036,5.336188380056228e-08
1458,5.3241741682086285e-08
2747,5.3180404080421795e-08
7899,5.3158103696659964e-08
450,5.313827600161858e-08
4776,5.301473038343829e-08
841,5.300443106648345e-08
7506,5.2964304941838236e-08
1161,5.27349968137969e-08
7963,5.2696147889719214e-08
4182,5.2685212637015866e-08
1840,5.264417701766888e-08
7357,5.250977430648618e-08
6579,5.2427152397171994e-08
758,5.24148759950549e-08
7417,5.222634591461883e-08
7363,5.200359964874224e-08
1035,5.184117668477484e-08
2108,5.182427642580478e-08
3080,5.1798650702039595e-08
4889,5.175263773082861e-08
6420,5.169503403124054e-08
6585,5.16673051009775e-08
368,5.161897931316162e-08
5556,5.1580959947727933e-08
612,5.1457776706342884e-08
5138,5.135555269930592e-08
4642,5.133809111157461e-08
1548,5.118041634943893e-08
103,5.1120366606483e-08
2152,5.0837806853110123e-08
3272,5.075634135209839e-08
2787,5.065404273807417e-08
924,5.060001306844697e-08
6606,5.052064189214889e-08
5450,4.998921987464655e-08
3150,4.982072532300208e-08
1836,4.976681289292628e-08
7503,4.967102817943214e-08
200,4.962504540628743e-08
1396,4.9602004281723566e-08
7486,4.9547367098057293e-08
1983,4.950299903327959e-08
56,4.9385228351184196e-08
3653,4.936715214398646e-08
652,4.915005469285916e-08
7420,4.9055374873319124e-08
6492,4.900917538464e-08
6594,4.8829653209736534e-08
1512,4.8745866010335703e-08
5303,4.8622704085232726e-08
3297,4.834581979196173e-08
3386,4.83133799633606e-08
7337,4.829645128268112e-08
1184,4.8273538055809695e-08
44,4.810708986724421e-08
7995,4.795414909608553e-08
3370,4.7878543796286976e-08
1699,4.787222351865239e-08
3998,4.78587480756687e-08
7529,4.783095874927312e-08
7336,4.781690421395979e-08
2446,4.775206008389432e-08
6395,4.7598268437809566e-08
3140,4.7533253777487516e-08
7828,4.745554882390479e-08
1690,4.7397042735042305e-08
1784,4.7294626881466684e-08
1345,4.7131631930596996e-08
6379,4.7051868179437406e-08
4668,4.6960941801899025e-08
2128,4.6916246887462876e-08
3137,4.6911573292618414e-08
2125,4.6835653577659286e-08
3481,4.682690502022524e-08
3040,4.6761400085415517e-08
1164,4.663969477292085e-08
5270,4.624882166126554e-08
5645,4.6200492320735975e-08
7752,4.6189034819121844e-08
5385,4.609187342907717e-08
7556,4.600398995080468e-08
3363,4.5932058156950006e-08
757,4.578356893603086e-08
7686,4.55744579852535e-08
6328,4.552050292261356e-08
7421,4.538784992291767e-08
1957,4.530487807130612e-08
5575,4.5206853371837497e-08
1226,4.511114681804429e-08
3144,4.5034237672325617e-08
3638,4.500834727139136e-08
3871,4.5006789406443204e-08
5317,4.47825367899668e-08
7951,4.475477943799433e-08
7819,4.473437797969382e-08
7608,4.470436998360583e-08
376,4.462197367161025e-08
7679,4.45164367590678e-08
6200,4.436104106275707e-08
3898,4.4252997710714226e-08
4548,4.410164500256997e-08
744,4.3989709652692e-08
7065,4.397910835507446e-08
5853,4.3952667283519986e-08
7844,4.391284136318063e-08
7521,4.372848039224664e-08
5996,4.366558670199083e-08
1645,4.3531381166417304e-08
3265,4.352428639720074e-08
6435,4.350481930259775e-08
5559,4.341384673978155e-08
7331,4.338218317911924e-08
2640,4.332910563675796e-08
7315,4.3212716960283615e-08
1487,4.307805134828868e-08
7272,4.3066908261835124e-08
752,4.3040934372129414e-08
6821,4.2992802207209024e-08
3432,4.288897770265976e-08
4057,4.284815169341982e-08
2138,4.281392484983826e-08
2872,4.278050447226178e-08
1542,4.2393740073976005e-08
2200,4.2357779506119186e-08
3237,4.226334304746615e-08
5476,4.221276661553475e-08
1766,4.217191396094222e-08
80,4.213704940525531e-08
4156,4.20521448774025e-08
6681,4.1990015020587634e-08
5053,4.1856287325003905e-08
4853,4.1802648453881375e-08
4907,4.177034362840004e-08
1866,4.1511000858918123e-08
4255,4.136751741157241e-08
3700,4.136103193275176e-08
4770,4.108858497886558e-08
5548,4.084137827931045e-08
3970,4.0760909314485616e-08
3846,4.0705499415594204e-08
3763,4.0702204273657117e-08
1280,4.069896242242521e-08
7061,4.0677207380213076e-08
1602,4.066925818335676e-08
1646,4.0524170685785066e-08
2118,4.049967117225606e-08
7552,4.041408985244743e-08
7155,4.03854549801963e-08
3005,4.0312313487333995e-08
2739,4.026978750459875e-08
1921,4.021091726258419e-08
4912,4.015253907141414e-08
4805,4.008446730097148e-08
2680,4.0080461616298635e-08
7580,3.996642305992282e-08
5198,3.993359065646018e-08
79,3.983926966100171e-08
4217,3.979121920849593e-08
1879,3.973575779525618e-08
700,3.9701937737390836e-08
6324,3.9599306944637647e-08
1247,3.9470771540095484e-08
7067,3.939891968229858e-08
5589,3.937768688899723e-08
7110,3.936785120117747e-08
4994,3.934206560529674e-08
6393,3.9276564223200694e-08
3244,3.924763980478474e-08
2819,3.902340317551989e-08
2575,3.901377709780718e-08
4274,3.88859486832871e-08
4827,3.886512445205881e-08
3523,3.8779978339675836e-08
7852,3.865661035717949e-08
6310,3.864803765907254e-08
2177,3.864307096534958e-08
3862,3.86081175918207e-08
5754,3.854707131267787e-08
1953,3.8525652001908384e-08
6179,3.838912299158892e-08
1978,3.8338933805448505e-08
792,3.822775518358412e-08
2968,3.811568305422952e-08
3243,3.798110981279024e-08
531,3.7900258931244935e-08
2021,3.773159562570072e-08
3189,3.7575698996761275e-08
4553,3.745238963404063e-08
488,3.741349630104196e-08
3840,3.73309791967813e-08
4327,3.7275636799449785e-08
6015,3.7226529414624565e-08
3143,3.7173251143940433e-08
3459,3.7155594156956795e-08
587,3.711894969171681e-08
4162,3.7065083446918834e-08
3777,3.689645033944089e-08
1536,3.6892581434244676e-08
1701,3.6812107140349326e-08
6014,3.6795702484937465e-08
6628,3.6794018498653713e-08
2419,3.6751568899262566e-08
2607,3.674216664251162e-08
3407,3.672779591568087e-08
6685,3.663661551911446e-08
7052,3.642706047912725e-08
1756,3.641562074108151e-08
6490,3.636939283069296e-08
7311,3.6364989242088086e-08
7144,3.630138500909652e-08
949,3.628897538021647e-08
421,3.628092137830663e-08
2090,3.6243147150116783e-08
4756,3.613268262370184e-08
2158,3.6076359677394976e-08
5777,3.6038805717453215e-08
1409,3.5881351223565616e-08
1545,3.586599817140268e-08
1244,3.583336116719238e-08
7190,3.56378198063112e-08
4305,3.555367555918565e-08
4706,3.549648930345484e-08
6431,3.54886520170794e-08
4734,3.535131298804117e-08
4119,3.5292423206101375e-08
7543,3.529009440228492e-08
4947,3.5181447088916684e-08
2057,3.514559487882707e-08
1285,3.512252533255378e-08
370,3.511085111540524e-08
292,3.5059242620150144e-08
6766,3.5057608371857896e-08
2908,3.5012327259664744e-08
7781,3.5011698429343596e-08
129,3.493195954717976e-08
514,3.4890236477735925e-08
3836,3.487508060118216e-08
1230,3.484540389564472e-08
4106,3.4804191528792217e-08
7233,3.479205901157911e-08
5323,3.475110155193306e-08
4249,3.472747600596904e-08
5240,3.4719462860266503e-08
6458,3.4683615979247406e-08
4565,3.439336992983044e-08
7872,3.4382042102265586e-08
6340,3.430695016959362e-08
5228,3.430339923227166e-08
6864,3.427347294859828e-08
1530,3.422700256550115e-08
6622,3.420577598944874e-08
7534,3.4111424795923995e-08
2276,3.4032314744081305e-08
3019,3.393011205332641e-08
1046,3.391545710940136e-08
4534,3.3823448930547784e-08
522,3.373397916561771e-08
5387,3.3686966105506144e-08
7453,3.367385303931769e-08
4307,3.356601752102506e-08
5265,3.3504577778842304e-08
5560,3.3466511339952376e-08
3076,3.344196741750238e-08
2092,3.3388946718559964e-08
3999,3.3324640824616836e-08
6433,3.328248077139051e-08
4199,3.312656460252583e-08
1321,3.293867756326563e-08
2515,3.279526694655033e-08
4883,3.279005156286985e-08
6169,3.278975935216977e-08
6159,3.275006132952285e-08
6752,3.266340709018323e-08
2391,3.259181724502014e-08
6500,3.257662228861591e-08
5241,3.2573111319322834e-08
7088,3.254694291854321e-08
5862,3.254383074136058e-08
3546,3.2491271895196405e-08
476,3.249008084793559e-08
665,3.247062352329522e-08
4152,3.237375523212904e-08
7889,3.230931522324454e-08
7004,3.2256847859457594e-08
7327,3.213982679994842e-08
4793,3.2049666032207824e-08
6867,3.201155873711059e-08
5526,3.193178965688048e-08
7588,3.191986763795285e-08
3426,3.1915521780945255e-08
5826,3.186862063131457e-08
1543,3.1822265711412e-08
3200,3.1813430112492824e-08
1747,3.15658947869224e-08
3034,3.152979388687527e-08
5108,3.1383365239889827e-08
635,3.1307367365229766e-08
4568,3.122720393378131e-08
3922,3.111875201966541e-08
6071,3.109297885828255e-08
5143,3.1034520731054727e-08
3320,3.0955380481145767e-08
4665,3.089184907878462e-08
6424,3.0810497264610603e-08
2135,3.075452958967162e-08
6748,3.0731736266886855e-08
409,3.0714621068739234e-08
7631,3.065107190280969e-08
5515,3.064415121656339e-08
5565,3.058660169585892e-08
6453,3.055855302136479e-08
3826,3.054365560473116e-08
1157,3.0396430261703244e-08
3408,3.0358013880515955e-08
6021,3.035368401071992e-08
26,3.021644445766469e-08
5009,3.004351878388434e-08
726,2.993135694850935e-08
5776,2.989607494896518e-08
1822,2.988787706215135e-08
5576,2.988490166444535e-08
7326,2.984263325345182e-08
3458,2.976080093475275e-08
7566,2.9644123600292005e-08
4680,2.9586255223534863e-08
2768,2.9453952166136332e-08
6527,2.9300665005393967e-08
4600,2.924422748407096e-08
91,2.92354602748901e-08
5493,2.918460850764859e-08
1081,2.9183301997193212e-08
4732,2.907845342292603e-08
4176,2.9011690827474013e-08
2706,2.8910912774904318e-08
2163,2.8758572412357353e-08
290,2.8738718071963376e-08
6503,2.8701371057593406e-08
7664,2.867230364245188e-08
2780,2.8665484208545422e-08
5508,2.8641960803099664e-08
4738,2.8635709803381815e-08
318,2.862648251777955e-08
5389,2.862598247332926e-08
18,2.8545434460625074e-08
2396,2.84629573243933e-08
7996,2.8309250055258417e-08
3761,2.818751276834064e-08
3098,2.81803469448505e-08
5703,2.8173573696221865e-08
7729,2.7999011997792422e-08
6532,2.7958345860668032e-08
5082,2.784357722163122e-08
5803,2.7760483689576176e-08
2186,2.776044460972571e-08
2767,2.775745411298658e-08
5298,2.7610031594349493e-08
1767,2.7593092255528973e-08
2712,2.7572077065940448e-08
4924,2.756516881419202e-08
6243,2.7471003249956993e-08
4507,2.727573811256434e-08
6989,2.724594772018918e-08
4948,2.7220377063486012e-08
5478,2.7153616244390832e-08
3117,2.7138142399962817e-08
7394,2.7100375277200328e-08
5349,2.7054298357143125e-08
6523,2.7053054907355545e-08
2116,2.7035907734784814e-08
132,2.702961054978914e-08
529,2.6962363897098385e-08
7305,2.687296163372821e-08
6364,2.6810920594755316e-08
4172,2.6799786390085956e-08
2531,2.6735393454657697e-08
2212,2.6698907085176415e-08
791,2.655498132497769e-08
372,2.654541297886226e-08
3896,2.6521346896402065e-08
1066,2.6395503560650013e-08
5989,2.6286328669300474e-08
2035,2.6264643793183495e-08
1112,2.6227800375977495e-08
1884,2.612811744739929e-08
1880,2.6125169583224306e-08
32,2.6118754270498812e-08
2695,2.6113244899761412e-08
5244,2.6082689785766888e-08
6678,2.6043242229434327e-08
5057,2.596800108278785e-08
3532,2.5952911819615565e-08
5271,2.5951095494747278e-08
4137,2.5883419851879808e-08
3755,2.586498748513577e-08
7361,2.5859463903543656e-08
5621,2.58477843573246e-08
2642,2.583190283900194e-08
1907,2.5749764986926493e-08
3901,2.566986090357659e-08
1635,2.5658328794975205e-08
4,2.5567781669622036e-08
3270,2.553841405017465e-08
2944,2.5499434563869272e-08
4425,2.5435038075727334e-08
5646,2.5433405603791925e-08
1415,2.542808630323634e-08
3371,2.5321408969603e-08
364,2.53163729979633e-08
6810,2.5286378324551606e-08
5090,2.5251808644100038e-08
2201,2.5083433108363806e-08
3713,2.5058265684663183e-08
7916,2.502362139722436e-08
7302,2.4830102418604838e-08
7847,2.479689076295699e-08
3495,2.4793997077665608e-08
595,2.4754119642977912e-08
7734,2.474245874850567e-08
2868,2.473617577436471e-08
5822,2.4732260683890672e-08
1738,2.469133342231089e-08
4952,2.4686541699736608e-08
6289,2.466479198659499e-08
6012,2.4655245844940055e-08
5697,2.4617039073859814e-08
1394,2.4597882841703722e-08
3776,2.458864756249568e-08
7691,2.4414218202650773e-08
4846,2.4387971642170214e-08
3156,2.434222157177146e-08
2998,2.43221380813452e-08
525,2.431088397258918e-08
4354,2.4290638833690537e-08
5443,2.4284456223711004e-08
5284,2.4266979536946565e-08
1065,2.425920797577419e-08
4966,2.42484556878253e-08
443,2.423497491577109e-08
7857,2.4213806071315958e-08
4804,2.4186797453751296e-08
7364,2.4115098362642584e-08
3035,2.4060711645290667e-08
2922,2.39148905123443e-08
5800,2.389182185424943e-08
4315,2.388559661170575e-08
1347,2.3860289743993235e-08
5051,2.385651765024477e-08
2633,2.381179342592077e-08
4646,2.3738774501680382e-08
5100,2.3675764460051596e-08
5032,2.3657941383703474e-08
883,2.3584162178735824e-08
6037,2.358304662664068e-08
1781,2.357824513410378e-08
7714,2.356539141601388e-08
7288,2.3469681309506996e-08
4517,2.3456713904579374e-08
2862,2.342467997351605e-08
3454,2.3388049719130777e-08
2530,2.335102156081348e-08
6680,2.318363989672889e-08
6652,2.3164429485689197e-08
4439,2.3162087359196448e-08
4091,2.3108627011936278e-08
696,2.3086366596203334e-08
7643,2.305109880751388e-08
855,2.3019179451466698e-08
1352,2.3003553728528914e-08
3058,2.298987844540079e-08
2793,2.284694389231845e-08
2093,2.2841690316965924e-08
7634,2.2753296136102108e-08
3362,2.2748240624537175e-08
6509,2.2746225347702875e-08
469,2.2666907462109975e-08
3166,2.255893782887597e-08
702,2.2485549422412987e-08
1092,2.2482798733847176e-08
6615,2.232519147327139e-08
3108,2.2317552250683548e-08
932,2.23057243786684e-08
517,2.2293269452688946e-08
1137,2.226710282826616e-08
1333,2.2262078402945917e-08
873,2.2198999083400395e-08
1629,2.2169595936816222e-08
2027,2.2149038159113843e-08
2982,2.2139115429808953e-08
697,2.2115792752686048e-08
2498,2.206733373810721e-08
1904,2.204700777497237e-08
6724,2.2021753309786618e-08
1073,2.1999417398888e-08
2310,2.1807912808924357e-08
4745,2.1713843167958657e-08
5500,2.1676807904214e-08
706,2.1661550775320393e-08
2126,2.1654638970858286e-08
5889,2.1640492953167723e-08
7985,2.1500383695638448e-08
1642,2.149928413075486e-08
6593,2.1363488755810067e-08
6907,2.1359058521852603e-08
6451,2.1356395762950342e-08
4869,2.1347124068427092e-08
106,2.126047249362273e-08
2342,2.120419662077211e-08
339,2.119815345480447e-08
6866,2.1146776774116915e-08
3277,2.1141484118913922e-08
7713,2.1091988600119294e-08
1343,2.099289186929809e-08
4834,2.0949372014911205e-08
5099,2.0881397055916295e-08
1422,2.0876752770959683e-08
4510,2.0864069583126366e-08
6891,2.0765983599346782e-08
3702,2.0691020452545672e-08
4547,2.0617166640590767e-08
5412,2.053529346568439e-08
3229,2.0464939076703104e-08
1412,2.0445950710268335e-08
1510,2.0379605558673575e-08
3031,2.035476853734508e-08
2683,2.034081969526369e-08
6814,2.0271440526187234e-08
992,2.0263170696921406e-08
3340,2.0158141822435027e-08
6687,2.0139221845738575e-08
1357,2.0126512012552666e-08
6647,2.0124477195793133e-08
12,2.0083393614811484e-08
6474,2.0075780149397815e-08
1640,2.00665866145755e-08
1391,2.0051814431099046e-08
5136,2.0005653134091972e-08
4132,2.0000007872056358e-08
5904,1.9975620269008232e-08
935,1.995045373348603e-08
440,1.991724651873028e-08
4372,1.990022191478147e-08
5916,1.9825588282174067e-08
5367,1.9716001276037787e-08
5976,1.9707774079336104e-08
4427,1.9702953935052392e-08
3180,1.9656597238792983e-08
6115,1.9597004019544784e-08
627,1.9586637201030044e-08
7739,1.9556075869786582e-08
3861,1.9475509205335584e-08
5154,1.9460310696217675e-08
1773,1.9419617025562275e-08
3979,1.9407909945812207e-08
1574,1.9405539397610028e-08
6521,1.940390248478252e-08
4840,1.9388566308009558e-08
1565,1.9198243883522537e-08
175,1.9196938261245577e-08
3513,1.9186749078414778e-08
506,1.9143329588189317e-08
6272,1.9116534133445384e-08
2972,1.9093183034613048e-08
4678,1.9071151768912387e-08
7345,1.9051754840404556e-08
222,1.897961698915651e-08
5917,1.8975365279061407e-08
6266,1.891116951924232e-08
3867,1.8889980246683535e-08
5752,1.8843506310872726e-08
1711,1.883064015828495e-08
1913,1.8814281688150913e-08
7165,1.8721931560605753e-08
1922,1.8711330262988213e-08
3321,1.868817367522979e-08
3623,1.868604826427145e-08
2595,1.866471954770077e-08
5,1.8647201116550605e-08
439,1.8643907750970357e-08
1266,1.8638321108710443e-08
2667,1.8634967346997655e-08
2926,1.8585910588342358e-08
1924,1.8583243388548e-08
2252,1.850258612989819e-08
3338,1.8499473064537142e-08
4203,1.8482822383703024e-08
5134,1.8466223217217248e-08
4555,1.8456169037506243e-08
3789,1.8451726369050903e-08
2917,1.8450032612804534e-08
7768,1.834667884281771e-08
3924,1.822207629231798e-08
6062,1.8215040142877115e-08
5908,1.8200696061398958e-08
4961,1.8131957268963106e-08
7489,1.809151228826522e-08
5544,1.8082551456188867e-08
6554,1.8006584667773495e-08
2866,1.7962003440175067e-08
6504,1.7941929719711425e-08
1099,1.7934310925227237e-08
641,1.786330727782115e-08
4830,1.785696923661817e-08
4121,1.7822270770295745e-08
4471,1.7793516882136373e-08
7087,1.7770818594442517e-08
2692,1.772961422119579e-08
7721,1.7668939644721604e-08
6480,1.765216239846268e-08
3891,1.7582512334968214e-08
263,1.7575337629693877e-08
5166,1.7556243570027164e-08
6878,1.7543444030820865e-08
1776,1.742160726792008e-08
1270,1.7368101623560506e-08
7927,1.7358926740485003e-08
3665,1.7351519332464704e-08
3782,1.7302644650385446e-08
2953,1.7286266640326176e-08
3972,1.727102993953622e-08
1172,1.7259572882011298e-08
839,1.724731024665971e-08
4821,1.7214984993074722e-08
7662,1.7192945733768283e-08
3627,1.7116293271612903e-08
4071,1.7095521442911377e-08
11,1.7091417170433942e-08
4494,1.7086909664953964e-08
1650,1.702300256312128e-08
3660,1.6976226646647774e-08
7454,1.6922944823249964e-08
7656,1.69202323263562e-08
800,1.6872581110050078e-08
4432,1.680344619003904e-08
61,1.6802832014661817e-08
7837,1.6792923496211642e-08
4708,1.678276895233921e-08
6795,1.676790795102079e-08
3328,1.6632863086840644e-08
3403,1.6618849851823825e-08
3617,1.6606652053496873e-08
7159,1.654929482342027e-08
1179,1.6499969390793012e-08
2505,1.6476951802957274e-08
7881,1.6469722030620915e-08
3574,1.6454023477052715e-08
6485,1.6328915997121385e-08
2987,1.624513590314791e-08
7023,1.622955725366637e-08
5137,1.6222678755895004e-08
3597,1.6187699181102744e-08
6689,1.6175998762690824e-08
6375,1.611194688777573e-08
6770,1.6098546051779294e-08
1236,1.6097857713504027e-08
1369,1.6092777777032552e-08
1199,1.60912696500759e-08
4825,1.6073635755731175e-08
1217,1.6039628736308487e-08
6931,1.600099741594363e-08
7501,1.600060883788501e-08
6093,1.5951957532678307e-08
6917,1.592494047741866e-08
2438,1.589185316674957e-08
3579,1.5886855386781917e-08
2428,1.5869686009750694e-08
4641,1.583193043330766e-08
2353,1.5809614062334276e-08
5810,1.576034414085825e-08
1702,1.5699821886983045e-08
6769,1.5635142958103643e-08
870,1.5633033978446065e-08
7263,1.5622998006392663e-08
6928,1.554054973595953e-08
1143,1.545764538590788e-08
7861,1.541576821750823e-08
4569,1.537818228314336e-08
2526,1.528997861655057e-08
6548,1.5262664465609532e-08
1187,1.5248533102862893e-08
7468,1.5247582751953814e-08
2910,1.5219289828394267e-08
5741,1.5117530338670804e-08
4373,1.5112485929336117e-08
5591,1.5100578565352407e-08
4394,1.5071850434367207e-08
6202,1.5041997869502666e-08
1083,1.5000986230973012e-08
2193,1.496008961154871e-08
2284,1.4924763647172767e-08
2,1.4919447011152442e-08
5708,1.4883204002558159e-08
1387,1.4825248584315887e-08
7818,1.4822427729654919e-08
5375,1.4797469916061345e-08
7308,1.4782303381366546e-08
6784,1.4778598789177977e-08
7609,1.4774806267325857e-08
1040,1.4762383315769512e-08
2666,1.4731314834648401e-08
1697,1.4727091546262727e-08
4026,1.4694420791272478e-08
1787,1.466011489981156e-08
5065,1.461918319733968e-08
5945,1.4561583494554498e-08
1686,1.4552700378089867e-08
1219,1.4524540237204064e-08
6945,1.4514018431555087e-08
3295,1.4484702770545255e-08
4914,1.4479450527460358e-08
2493,1.4477544052482472e-08
1377,1.444831587704698e-08
3398,1.4412076865255585e-08
4125,1.4406059456462117e-08
3310,1.440537111818685e-08
7651,1.4403481518598937e-08
2239,1.4375261869759015e-08
5366,1.4369995415819403e-08
1783,1.4366700273882316e-08
5105,1.4348656485196898e-08
6862,1.4334265330262497e-08
2914,1.4288783489746493e-08
7446,1.4280251647846853e-08
3333,1.4269407877520734e-08
4627,1.4262085290539517e-08
6331,1.4233274114872074e-08
7403,1.4211972043653986e-08
1659,1.416865913483889e-08
6077,1.4115056679031568e-08
3083,1.4050193009040868e-08
2051,1.397560733806813e-08
3206,1.3970280487995979e-08
496,1.3944402077470386e-08
4175,1.3915787189233697e-08
6751,1.3894419836901761e-08
6060,1.3873687088050701e-08
3670,1.385935366471358e-08
6739,1.3817539112892518e-08
4740,1.375382741031217e-08
7683,1.3696709988408884e-08
4043,1.3694022804600081e-08
4343,1.3660093500789117e-08
2302,1.3639318119373911e-08
4472,1.363567614376393e-08
693,1.3597485359895245e-08
5638,1.3589991354479025e-08
809,1.3445340840689823e-08
2974,1.3395982545461038e-08
3795,1.3340511806347877e-08
1616,1.3330561543511976e-08
503,1.3312855262626044e-08
2705,1.3282136279713086e-08
1729,1.3232666074003419e-08
6219,1.322173392992454e-08
6691,1.3221211681013756e-08
1384,1.315811459789984e-08
7777,1.3127092302056553e-08
3572,1.3117334329848518e-08
5111,1.3086247196980594e-08
6471,1.3048324198905448e-08
2627,1.3004949117600972e-08
4117,1.2800549953340123e-08
663,1.2773430313473e-08
3685,1.2733605281312066e-08
6625,1.2700229756745784e-08
5984,1.267548066508084e-08
7601,1.2659897130617992e-08
7659,1.2636537594090669e-08
7747,1.2595686271765771e-08
3618,1.2595160470141309e-08
7750,1.256707760077802e-08
7883,1.2527534121176132e-08
2169,1.2467102905588945e-08
4686,1.2459852261059723e-08
2744,1.2449147046567077e-08
377,1.244274372425025e-08
3284,1.2437306295964845e-08
7184,1.2421958128783217e-08
3695,1.2359409495843465e-08
5106,1.2341974553464752e-08
4236,1.230531232465637e-08
5864,1.228141188747145e-08
2650,1.2230103152433003e-08
3747,1.2214749656180857e-08
3773,1.2212686861801103e-08
7400,1.2170423779878092e-08
566,1.214128531046299e-08
3505,1.2128972937119897e-08
4158,1.2080575650941228e-08
7856,1.1995568094391729e-08
5054,1.1980689329504912e-08
1189,1.1976895031295953e-08
5733,1.1941485134059349e-08
6283,1.191906084940797e-08
1060,1.189032916570909e-08
7533,1.1808871658303133e-08
609,1.17174470126713e-08
759,1.1717409265088463e-08
437,1.1626744900183894e-08
1024,1.1618044304384512e-08
5541,1.1581417158623708e-08
4542,1.158028695158464e-08
4454,1.1497883090072492e-08
4860,1.1475816741324252e-08
5929,1.1468244132117889e-08
5220,1.1463604288053375e-08
509,1.146269967833291e-08
2500,1.1440097313908382e-08
2827,1.1379873932071405e-08
534,1.13437832460761e-08
3239,1.1317771608787552e-08
1733,1.1291886536923812e-08
2144,1.1257628163008349e-08
2459,1.1230053331701129e-08
3470,1.1172018865579503e-08
1218,1.1171086722328027e-08
4395,1.1158753032702862e-08
6693,1.11550848558295e-08
4368,1.1143494127452414e-08
7505,1.1118663767462067e-08
500,1.1110457442953248e-08
547,1.1076216388516968e-08
4826,1.1067922134344599e-08
6552,1.1045829140243768e-08
3599,1.1044375192170719e-08
66,1.0999266386590989e-08
6950,1.0966315411309324e-08
2409,1.0954601670221109e-08
6090,1.0870970346132935e-08
1084,1.0859873889046412e-08
6964,1.0856314958118674e-08
5181,1.082661738038837e-08
837,1.0823468787890533e-08
1118,1.0797569505172078e-08
4446,1.077431255325223e-08
544,1.0722162713250327e-08
3233,1.0699519048529282e-08
1849,1.0698474106618505e-08
1050,1.0687609908188733e-08
6261,1.0652114745823837e-08
3995,1.0644722436836673e-08
2893,1.06417705758588e-08
6569,1.0621729273907476e-08
4531,1.0586081788943602e-08
5588,1.0562180907669472e-08
7146,1.0352211088360264e-08
4587,1.0348835566276193e-08
7260,1.0327978916535585e-08
3190,1.0293599750355042e-08
5238,1.0284358253898063e-08
3251,1.0269991079780993e-08
2518,1.0263138783273007e-08
7638,1.0255854832053046e-08
5173,1.0234925351682023e-08
6010,1.0227371838311683e-08
2014,1.022012341422851e-08
6166,1.0183512255679261e-08
5214,1.014412465139003e-08
1757,1.0137970019030718e-08
2137,1.0128735183911886e-08
4557,1.0110996040424425e-08
2268,1.0105219327982695e-08
2314,1.0101942837792421e-08
5272,1.0099356018145045e-08
6743,1.007612127068569e-08
6808,1.0038788023081224e-08
5192,1.0013608608971936e-08
6694,9.987988658366476e-09
7606,9.960352098659087e-09
7469,9.935563483054466e-09
6307,9.932227484910072e-09
136,9.928337263431786e-09
4904,9.920569254973088e-09
5191,9.751345064756833e-09
2578,9.741089268544556e-09
772,9.733608585804632e-09
6384,9.686358382055005e-09
5230,9.619040675090673e-09
5038,9.602034722888675e-09
6508,9.60083301748682e-09
5858,9.578747128813347e-09
3649,9.568561942785436e-09
3382,9.559261826552756e-09
6616,9.556898827867144e-09
5462,9.472323814208039e-09
5532,9.469644624005014e-09
3559,9.392306488109625e-09
1765,9.390282773580338e-09
6265,9.380856980101271e-09
5594,9.369739206732675e-09
4785,9.314348847766496e-09
1185,9.288433133747276e-09
166,9.279665924566416e-09
4709,9.27867827016371e-09
2378,9.25679088936704e-09
3210,9.249061072580389e-09
3674,9.233371400796386e-09
4230,9.226076791435389e-09
6601,9.187129723642329e-09
4682,9.17788689491772e-09
4382,9.177693272022225e-09
1439,9.140907586413505e-09
6279,9.132944622791683e-09
7473,9.121635002884432e-09
5512,8.993198630236066e-09
5091,8.969553100257599e-09
1183,8.968468190317935e-09
3081,8.948299878852595e-09
1528,8.912516058501296e-09
6698,8.89313556129423e-09
4462,8.8745952808722e-09
1564,8.858859423810372e-09
2852,8.848059174226819e-09
7131,8.84731354844348e-09
253,8.845446597405271e-09
201,8.83911166482676e-09
5609,8.790871142139167e-09
1474,8.743448187686909e-09
366,8.683358476702097e-09
5820,8.677103480181358e-09
599,8.596044320796636e-09
2416,8.538683538006353e-09
307,8.52889003866153e-09
5950,8.52450376953584e-09
5603,8.524475569871015e-09
6417,8.512174076713563e-09
6455,8.506744197944727e-09
2350,8.43935188399314e-09
7298,8.422717856504391e-09
2174,8.419912322921164e-09
7891,8.414470453743661e-09
6813,8.367301962408646e-09
6919,8.367254666907797e-09
1139,8.366998205389109e-09
1494,8.340067525480777e-09
6792,8.319422484248662e-09
4714,8.307613708069539e-09
46,8.307559751230542e-09
6073,8.266081596985941e-09
6076,8.264387840739573e-09
3234,8.236650028692338e-09
1071,8.220403469039184e-09
4288,8.220399472236295e-09
4971,8.207571955409776e-09
7697,8.20299872472674e-09
1123,8.18789436252132e-09
7838,8.18232637200822e-09
2966,8.155567776668704e-09
7735,8.140453644500667e-09
83,8.104492632554638e-09
270,8.068186119203347e-09
4410,8.059090506051803e-09
5498,8.053460121004719e-09
5354,8.046098454173034e-09
4044,8.043329779994224e-09
4479,8.04184319136425e-09
6899,8.01092259195002e-09
7384,8.001515894306976e-09
2506,7.989814587716637e-09
1554,7.965641035667659e-09
3580,7.954966019241283e-09
2387,7.926530987134583e-09
7864,7.898349974055918e-09
5471,7.884969344118531e-09
1069,7.88466270051913e-09
2929,7.8610999931783e-09
7401,7.855939898604447e-09
1652,7.83817655225505e-09
2924,7.826102654817646e-09
3936,7.823288017405616e-09
7180,7.804849877501852e-09
5022,7.79767361791528e-09
3729,7.749739960871693e-09
3640,7.746797203722622e-09
2221,7.721690398199144e-09
2028,7.704655136109295e-09
4877,7.67736318962875e-09
2973,7.640233556927e-09
4691,7.63546847970531e-09
1241,7.62357599271013e-09
5172,7.561929082910979e-09
4377,7.55841433885962e-09
5393,7.553268233095878e-09
5510,7.476607999379326e-09
5488,7.47517092669625e-09
6993,7.428669457354431e-09
4528,7.403646584691614e-09
3849,7.402127355504717e-09
2894,7.388635481220263e-09
1430,7.361560250274124e-09
3404,7.332598972453752e-09
5695,7.3242829579101e-09
7280,7.3181514181897e-09
423,7.269551405286734e-09
5569,7.2601160638896545e-09
4298,7.249316036350706e-09
7997,7.242065835910694e-09
60,7.234812304801608e-09
1235,7.217570985318389e-09
259,7.207332064496086e-09
3864,7.205426921785829e-09
4387,7.201741869522493e-09
4478,7.1958057290544275e-09
3839,7.178296179688459e-09
5319,7.1682904057013275e-09
2083,7.15886550040068e-09
677,7.117627376374003e-09
2878,7.107259447636238e-09
1673,7.097588961002543e-09
516,7.0896595261160655e-09
2728,7.0809753616174476e-09
2097,7.067328944287965e-09
6857,7.021026426912158e-09
7718,6.981698774666256e-09
3562,6.970784838244981e-09
1048,6.9674606084646484e-09
1868,6.951131448218462e-09
5605,6.851289313658526e-09
327,6.8377912221251336e-09
6024,6.819642184296981e-09
1354,6.811893493718912e-09
934,6.712646216655571e-09
7653,6.633885885065638e-09
1392,6.59137633363116e-09
2355,6.591037937653255e-09
291,6.587355771969783e-09
5936,6.556684750691488e-09
4881,6.543222186294884e-09
1373,6.5000980153939736e-09
5620,6.471601698976315e-09
7705,6.458763746053364e-09
799,6.458341417214797e-09
1088,6.458234613759828e-09
1994,6.455330714416618e-09
7570,6.436215560512437e-09
662,6.38353037096806e-09
4287,6.363053861591084e-09
2848,6.341376312946068e-09
7064,6.320516110491781e-09
2308,6.31891827751474e-09
275,6.316024148134147e-09
6530,6.315457268257774e-09
3288,6.310658218211529e-09
1863,6.301570598665762e-09
410,6.281054565349109e-09
1368,6.279877728943006e-09
2441,6.27555785115419e-09
6150,6.2509135645427705e-09
3652,6.221315240750869e-09
1186,6.1687939201249264e-09
7456,6.115914663595845e-09
2644,6.109448724700428e-09
6525,6.107780503583626e-09
7806,6.104543093243819e-09
5217,6.086312343001055e-09
5790,6.073425318220416e-09
3814,6.064450275289346e-09
428,6.058729518088057e-09
7936,6.052574885728745e-09
4010,6.027360832661088e-09
6877,6.023322507431317e-09
2962,6.012404130117943e-09
952,5.991608764688294e-09
2390,5.986159790083434e-09
2849,5.974223116211874e-09
7410,5.945006265051234e-09
98,5.913345813013393e-09
228,5.875055553161701e-09
1540,5.865708363472777e-09
1918,5.847237138922878e-09
5750,5.828400428953273e-09
6036,5.7938676079061224e-09
3170,5.7903843941886635e-09
3400,5.767712973892003e-09
5277,5.7413691578744874e-09
551,5.737146313578023e-09
4799,5.7268203512705895e-09
4537,5.722023743714999e-09
7689,5.664628766055557e-09
7902,5.6611182408516925e-09
434,5.644054557052414e-09
593,5.611997533350177e-09
4523,5.598011387775159e-09
1972,5.579891881879462e-09
7264,5.543971060006925e-09
6268,5.470552455477673e-09
6827,5.4682613992440565e-09
748,5.455170759560701e-09
381,5.4355688838825245e-09
6361,5.43285727516718e-09
5794,5.432513106029546e-09
6031,5.4308879615661e-09
5069,5.428477667379639e-09
4316,5.393120172669796e-09
24,5.383811396697524e-09
950,5.378895107099879e-09
1534,5.364901634052899e-09
3223,5.359407806437844e-09
3003,5.317180917785436e-09
2445,5.3141395728317775e-09
5417,5.28190713389165e-09
1096,5.2747060053093264e-09
6053,5.257261292967996e-09
5235,5.247723144918837e-09
5155,5.214519926965977e-09
6856,5.191344687460742e-09
6726,5.188903084984986e-09
7062,5.185392115691911e-09
2713,5.164757066467018e-09
4342,5.1615369756063956e-09
6639,5.156012061746651e-09
3778,5.148820481082339e-09
2360,5.126358004758913e-09
7333,5.116862933363109e-09
2837,5.116261414528367e-09
4329,5.0946766805282095e-09
3419,5.092092081326882e-09
2528,5.075224462913752e-09
2489,5.043500506118903e-09
5628,5.015706072697412e-09
7579,5.010880155253972e-09
6008,4.9647266298080694e-09
5665,4.94064500422553e-09
3211,4.933945252361127e-09
1108,4.903091044283769e-09
966,4.902553030206036e-09
756,4.890333693552407e-09
3772,4.880780224425507e-09
195,4.874115777653287e-09
7590,4.842308776176196e-09
445,4.827775956783853e-09
3202,4.826087529608003e-09
5604,4.821250065845106e-09
4970,4.8164987553889205e-09
2599,4.810593923210149e-09
1890,4.7951911330557095e-09
7795,4.788914376163689e-09
3940,4.779689311007473e-09
5399,4.7530352986768776e-09
2298,4.743751391700357e-09
7070,4.723878177514962e-09
6646,4.700846156779903e-09
2058,4.697728428482151e-09
6248,4.692503274839055e-09
507,4.687808141667915e-09
6415,4.672530806715258e-09
7222,4.655895224914275e-09
7009,4.654811869286846e-09
1826,4.646172113709213e-09
3055,4.626483196545905e-09
7043,4.590444246943548e-09
5529,4.53706561209799e-09
1986,4.521000240842454e-09
1077,4.520713803302101e-09
1142,4.50466308699049e-09
2815,4.501226946729275e-09
2194,4.483836191226942e-09
1855,4.471086612056752e-09
6338,4.460990465915415e-09
579,4.458827085329631e-09
5579,4.4511301311445095e-09
6330,4.417323173910859e-09
6022,4.376347506607203e-09
6439,4.364504091469712e-09
5925,4.359795413577672e-09
7912,4.348160498324205e-09
3455,4.339580250700692e-09
825,4.339550274679027e-09
4188,4.327950220428534e-09
2598,4.322510349652475e-09
2653,4.31272262346738e-09
4923,4.284700372281236e-09
7186,4.232608041832009e-09
2912,4.224928629170677e-09
3187,4.203546177805606e-09
1402,4.183995150341957e-09
1725,4.095300876194585e-09
2494,4.094302230583935e-09
417,4.058362312875374e-09
3030,4.045754398163126e-09
3449,4.042629342393411e-09
1358,4.030930256249121e-09
4056,4.023763655602863e-09
7492,4.013619658849166e-09
3788,4.011107890278254e-09
7049,4.005683673646843e-09
5786,3.999643949370579e-09
4100,3.974941265028065e-09
4435,3.966466710636496e-09
6496,3.929366387822597e-09
7054,3.919192526069537e-09
1798,3.914442214814073e-09
4376,3.9103884574842596e-09
2003,3.901129641548096e-09
3305,3.8940126678710385e-09
5378,3.8892502551846064e-09
2777,3.883713572960801e-09
969,3.836273076984753e-09
7068,3.82208065197176e-09
4648,3.821938543424608e-09
5792,3.80038489566914e-09
4193,3.7886782600082825e-09
611,3.770359580101967e-09
2232,3.7679556141867465e-09
6329,3.72639918921891e-09
6607,3.7144485265372396e-09
5021,3.7129230801014046e-09
4831,3.687094407567315e-09
3360,3.669265447037162e-09
2710,3.6663077018772583e-09
4604,3.6424525617917425e-09
872,3.6412444170963454e-09
5456,3.638426004926032e-09
741,3.6369398603852687e-09
565,3.6245874079909868e-09
4151,3.61820218230946e-09
3082,3.605547194140968e-09
6658,3.600979070483845e-09
7709,3.5965299627349623e-09
2481,3.5889921035092698e-09
5555,3.586160146618056e-09
7870,3.5762843797471078e-09
884,3.5678140442030326e-09
2490,3.5645186802213402e-09
6721,3.5611432691595724e-09
7952,3.533746184558595e-09
789,3.5292713196355407e-09
6952,3.5283220789494862e-09
6410,3.5257231578711412e-09
7512,3.500202017114873e-09
7366,3.4904963364112973e-09
5757,3.472343745869466e-09
375,3.439870832622205e-09
4774,3.4302264362295887e-09
6098,3.4172386031983137e-09
3452,3.4165575923950087e-09
6028,3.413655136341731e-09
5344,3.404660553485428e-09
4067,3.403133219670451e-09
889,3.3837750379461795e-09
3503,3.376374513308633e-09
7925,3.367397027886909e-09
6306,3.349745369973789e-09
5551,3.3435743063137124e-09
898,3.336153131527908e-09
363,3.3240151742219837e-09
5701,3.3151240641515756e-09
7156,3.304512219415301e-09
5391,3.2997000687373657e-09
5457,3.288365690856665e-09
7271,3.281965255119701e-09
3373,3.2796938498336203e-09
1920,3.2585731890577563e-09
133,3.246948487856116e-09
5432,3.242932589131442e-09
4178,3.2035188946011317e-09
2418,3.175337104366349e-09
2979,3.1736595573761406e-09
2161,3.1725346794075904e-09
6144,3.155551264732992e-09
7555,3.13295778209266e-09
1330,3.1211118134422122e-09
1420,3.120008584822642e-09
1110,3.1056573979171276e-09
919,3.098837741966065e-09
2170,3.094724920771341e-09
3853,3.08040093432993e-09
596,3.0777431714312797e-09
2955,3.0725858524149885e-09
7278,3.058085118468057e-09
1025,3.05307090719964e-09
6645,3.0486830837617163e-09
3809,3.0464720746081753e-09
3487,3.0409881279780393e-09
1852,3.011083826720551e-09
7139,2.962664447103691e-09
230,2.9428945946818885e-09
1006,2.935741760801136e-09
2068,2.9331777007257642e-09
2242,2.932484699513793e-09
102,2.9303750537224005e-09
1240,2.9221711717042353e-09
7335,2.9140391211157635e-09
3879,2.9066742346373076e-09
2133,2.897731610218557e-09
4943,2.885596428470194e-09
1126,2.864108505917784e-09
5891,2.862960424288019e-09
6801,2.856133662909599e-09
2639,2.850632174755674e-09
2233,2.8218036796090473e-09
2818,2.8199040880139137e-09
1509,2.8040201272006016e-09
2452,2.7940788571712005e-09
5464,2.7911178923645252e-09
3435,2.7788484846524852e-09
4383,2.758092643162513e-09
2088,2.7554261095019683e-09
5743,2.7489465148633485e-09
3692,2.740414895008314e-09
1614,2.7180656614333998e-09
1429,2.7173178152040123e-09
3453,2.6933404395634852e-09
380,2.6883205661576426e-09
3483,2.6836493027815322e-09
6754,2.6825727195145532e-09
3552,2.666687759500519e-09
4967,2.6267593655759924e-09
1482,2.626398432070687e-09
5602,2.5999872255155765e-09
1243,2.5789630431205524e-09
7642,2.578123825536238e-09
2224,2.5749049559209425e-09
7762,2.5716020424226826e-09
1320,2.570279988844959e-09
6947,2.5463512409729105e-09
3764,2.5438305906178016e-09
2796,2.5403567027737495e-09
4235,2.53809662176252e-09
5669,2.5151104532383783e-09
2491,2.5061452912922277e-09
2865,2.505935126073666e-09
3192,2.5042230511473917e-09
7422,2.498449669374736e-09
6662,2.454697778375703e-09
6582,2.448210523198213e-09
874,2.4328732362022265e-09
4612,2.4325794711899107e-09
2694,2.4193500536284773e-09
6173,2.3989241704214237e-09
5431,2.38562936072384e-09
6725,2.3856032704827612e-09
6819,2.3794808345911633e-09
5025,2.379126451401703e-09
2904,2.3765828194299843e-09
4842,2.375567853540872e-09
4174,2.3596677944937028e-09
1595,2.3402026982921598e-09
3315,2.32939900701723e-09
2248,2.291370870821652e-09
1755,2.2633821483708516e-09
3678,2.251053343726994e-09
6818,2.2504864638506206e-09
6241,2.21790086296636e-09
3732,2.214660344002084e-09
4705,2.205287064072081e-09
1915,2.2026850343692672e-09
879,2.1982027864630993e-09
2086,2.193689452312242e-09
4144,2.192147685597945e-09
2620,2.175299274043141e-09
999,2.174522006903601e-09
5410,2.1638584257743787e-09
1812,2.1637351910186453e-09
4594,2.1405240357985633e-09
6059,2.120553621587362e-09
5738,2.0957571233992667e-09
4042,2.0939111555762224e-09
4983,2.0839214798229477e-09
3127,2.0828405666861727e-09
2004,2.0792330079899557e-09
3335,2.06829064985925e-09
1250,2.0664450151031133e-09
1962,2.044498570441533e-09
6201,2.035495660912545e-09
5839,2.0217613139195123e-09
6069,2.020158706983466e-09
4386,2.0139955259068643e-09
6151,2.0099919506577635e-09
2678,2.005508870084327e-09
7284,1.9958296126887376e-09
1692,1.9940982198818347e-09
4131,1.989048092898571e-09
3479,1.9816088769886164e-09
937,1.9680516105680113e-09
1952,1.9653572103095485e-09
3163,1.9550984164951046e-09
790,1.9258602490523913e-09
3528,1.919285952389771e-09
5724,1.912307534546187e-09
6157,1.8888203778821833e-09
4340,1.87781185045921e-09
5670,1.8621645336835968e-09
7551,1.8485235009357837e-09
4660,1.8396671963571976e-09
7296,1.8382874111821934e-09
604,1.8220476794006402e-09
7868,1.8213861530114173e-09
912,1.8208893282078975e-09
5150,1.8105452692651625e-09
1648,1.806437111007142e-09
2078,1.7919425943091483e-09
543,1.7861048196010643e-09
5218,1.7857851863922747e-09
1271,1.7823695852570154e-09
7102,1.7704281374264497e-09
886,1.7702672661101815e-09
68,1.756567113986307e-09
6888,1.7564004695103108e-09
3248,1.753246881008863e-09
3039,1.746309208350283e-09
1472,1.7390371365166857e-09
7547,1.7194609069903777e-09
5710,1.6963895843602472e-09
4833,1.6916457123983264e-09
1213,1.6885531306520818e-09
2165,1.6840593364264578e-09
212,1.680885097776752e-09
7755,1.6782405465320949e-09
74,1.67819208529707e-09
1513,1.6775105193822526e-09
1948,1.6758702203745202e-09
4535,1.6689852833096097e-09
2094,1.6625101850742396e-09
3644,1.6560736670889753e-09
1720,1.6546464198796684e-09
2609,1.6523842294446922e-09
6242,1.6406410674463245e-09
5422,1.639757607474479e-09
1307,1.6396282664921102e-09
5662,1.63842178713125e-09
7732,1.6322636575694105e-09
4847,1.6178372530539775e-09
5898,1.603937371807973e-09
5684,1.6006526104561658e-09
5352,1.5973598554985813e-09
1497,1.5937919317643434e-09
5692,1.5599784797259986e-09
2012,1.557414974762139e-09
5115,1.549429307079464e-09
3996,1.5475312697965649e-09
2159,1.546340000491142e-09
3654,1.527449555727145e-09
7740,1.521220260869427e-09
5282,1.5181196300062538e-09
7575,1.5138618691956651e-09
1537,1.4928775993183763e-09
6605,1.4805534576112223e-09
7464,1.478973221669122e-09
1838,1.4781802448737835e-09
5915,1.4745571430552218e-09
6832,1.463354770692149e-09
4560,1.4592759223219787e-09
6514,1.455777665082536e-09
2263,1.4501797540589223e-09
895,1.4368077283499758e-09
5222,1.4232122702573236e-09
7493,1.4145283833144617e-09
217,1.406604721587712e-09
495,1.4065794640139018e-09
2775,1.3993352032670714e-09
256,1.3978824209281981e-09
3109,1.3881292226791686e-09
7200,1.3867365589170788e-09
4202,1.3848194813093073e-09
7267,1.3731528136773363e-09
2847,1.3714174240675447e-09
3293,1.369225899328086e-09
3880,1.3644582130822869e-09
4618,1.357073176055934e-09
5242,1.3545575217044359e-09
734,1.3281870603343293e-09
6551,1.3270661791686678e-09
2840,1.3192594794375623e-09
3581,1.312777830886347e-09
3749,1.3074750726538298e-09
3543,1.299158225442909e-09
1794,1.2975527319269986e-09
905,1.289892914702051e-09
6450,1.2849518116198055e-09
1434,1.2737331189782708e-09
4352,1.2702308094247883e-09
1788,1.263728788281071e-09
6780,1.2603635912711297e-09
4154,1.256811765770749e-09
1476,1.252161263565199e-09
5396,1.2508948321610092e-09
1737,1.2473017063641123e-09
4567,1.2431540241664152e-09
3943,1.2406114469065699e-09
7347,1.223029011399035e-09
6205,1.2215333744514112e-09
2634,1.1882217987313481e-09
4246,1.18375531599213e-09
3529,1.1658136123138263e-09
5341,1.1593499493756099e-09
1003,1.1526017917873332e-09
3365,1.1506020025642272e-09
2192,1.1497512941716082e-09
3488,1.146074346536352e-09
1407,1.139743521783032e-09
7821,1.1329175375607292e-09
5812,1.130939064619696e-09
4390,1.112765879440758e-09
5428,1.1121217280418705e-09
4048,1.093467150159455e-09
7289,1.084986989141612e-09
6948,1.078454048286659e-09
4072,1.0630510360876144e-09
1977,1.0521194471202477e-09
600,1.0492361701697206e-09
1727,1.0430114549819791e-09
3635,1.0393882698966905e-09
7672,1.0351272061726036e-09
6518,1.0333569278042631e-09
497,1.0268344508013172e-09
185,1.0223566437872478e-09
990,1.0216600621060223e-09
4088,1.0179199705362407e-09
1242,1.0153640706001e-09
6981,1.0128675953513522e-09
7504,1.0002327299751812e-09
2548,9.952701440774092e-10
4603,9.928416699889198e-10
2617,9.913901088953736e-10
7153,9.879098372689299e-10
7440,9.843687254207367e-10
2989,9.787962662599625e-10
2487,9.785288690444816e-10
7338,9.751195406693114e-10
7166,9.74679670306955e-10
3318,9.687532720459302e-10
954,9.666077938064177e-10
6635,9.558744629156735e-10
6789,9.452097715634267e-10
2521,9.41013822419734e-10
3804,9.406193046679334e-10
4084,9.333236683506385e-10
7485,9.324368777097192e-10
7101,9.250832322393876e-10
1670,9.216032381687e-10
6941,9.167386572084268e-10
4836,9.164020098317849e-10
7577,9.141997714401384e-10
4616,9.107691545384711e-10
3682,8.973423115676837e-10
4580,8.966447584413118e-10
6390,8.96092977598073e-10
4950,8.938419449044943e-10
6304,8.904857684566281e-10
7834,8.655247629718588e-10
5060,8.617190294657462e-10
3793,8.571069409768484e-10
6613,8.546318930324759e-10
3282,8.467105627740779e-10
5586,8.434860032657809e-10
2822,8.349763103154828e-10
7124,8.27879320652869e-10
3563,8.225254921612191e-10
2843,8.131292306146065e-10
5067,8.033418930075698e-10
2334,8.029887865745877e-10
1603,7.975700933027241e-10
5390,7.823950376462108e-10
646,7.725229900223951e-10
5084,7.719739569811424e-10
925,7.654821221336761e-10
5153,7.520036815478193e-10
1817,7.518228817282591e-10
4219,7.322643880147695e-10
2534,7.304770954785766e-10
6991,7.208236785238853e-10
353,7.183105776853438e-10
2958,7.163662441023178e-10
1339,7.11497805117034e-10
3324,7.097528120780794e-10
1254,7.011412284096963e-10
5753,6.861860246676343e-10
6461,6.789472872803515e-10
5231,6.739577784742323e-10
161,6.659998941227485e-10
896,6.634892357748612e-10
7731,6.629509441413717e-10
1653,6.618923742429672e-10
3997,6.560343102091082e-10
1326,6.555321285794946e-10
5946,6.525139872870511e-10
3307,6.515825101693906e-10
4832,6.500782967489016e-10
6344,6.494504378729005e-10
2410,6.487425041612482e-10
2885,6.458273360543387e-10
6498,6.417601450259269e-10
3873,6.37891184318562e-10
3147,6.348859493687797e-10
4036,6.274204489287172e-10
863,6.230238269733235e-10
446,6.130222163225341e-10
6833,6.115471462564415e-10
5866,6.006560249183224e-10
1411,5.908145916944108e-10
6370,5.874455089038833e-10
3981,5.840820882507813e-10
1805,5.797279600816552e-10
846,5.776786271560752e-10
4885,5.697945448801534e-10
4492,5.684156201279933e-10
626,5.602300845453101e-10
6708,5.560130134085739e-10
3118,5.554135207308519e-10
7669,5.313704753984183e-10
3738,5.310770989641611e-10
2614,5.249853052280429e-10
3423,5.183362905558653e-10
16,5.148821091705003e-10
5300,5.108423961619479e-10
2657,5.036910610822787e-10
4037,5.01180930090328e-10
6632,5.007826653358194e-10
6715,4.947212639550003e-10
1584,4.937595332599187e-10
2523,4.907013406718619e-10
7814,4.905184591841305e-10
2369,4.901026806614084e-10
3491,4.742206349828137e-10
7773,4.741423642595777e-10
7660,4.709290735149807e-10
2541,4.696390776270931e-10
1090,4.690754451530665e-10
7537,4.666545067033567e-10
3690,4.626710958799407e-10
2721,4.6086576221959774e-10
4258,4.5613403332200875e-10
6642,4.449693391528342e-10
1170,4.4493811413026663e-10
4752,4.448777318755148e-10
2573,4.416510074323199e-10
3185,4.4121639675154256e-10
3856,4.41185532551458e-10
6959,4.289878868801722e-10
5487,4.175854939614254e-10
7265,4.145524062915129e-10
3033,4.121302327186882e-10
798,4.0029826675613833e-10
1911,3.9805943263804267e-10
2835,3.9563297082878535e-10
4974,3.90387416837612e-10
6858,3.8771098831436035e-10
651,3.834565026616943e-10
1761,3.809988019520816e-10
1505,3.7906691674471915e-10
1413,3.758177935520024e-10
1809,3.7558203769272325e-10
7374,3.722553099105852e-10
3489,3.6899497346531973e-10
5434,3.615746313467838e-10
415,3.6028185990133466e-10
5140,3.599672226961559e-10
4325,3.5721595126325667e-10
3302,3.5582889412744123e-10
7595,3.542506010756341e-10
1762,3.52030501971079e-10
7704,3.467995751682551e-10
1098,3.419255711900604e-10
404,3.4181872610172803e-10
975,3.3725111592275425e-10
7231,3.242371232614616e-10
7914,3.215849808668736e-10
7527,3.2124625182206046e-10
7084,3.1488740781515645e-10
2638,3.140737392381965e-10
897,3.11420042531374e-10
7727,3.041227963906934e-10
4073,3.024804157147898e-10
5568,2.9862842754191377e-10
3066,2.985451885706425e-10
3112,2.956762057415574e-10
5093,2.951748290236367e-10
4995,2.946797389435929e-10
5725,2.805609355949201e-10
7320,2.7684666364935495e-10
3577,2.7588928364075116e-10
3472,2.712405439142529e-10
394,2.6882966686070375e-10
6472,2.66018498895626e-10
4198,2.654919201150463e-10
1124,2.561855727556406e-10
4379,2.4959616318209754e-10
5878,2.4560264932915743e-10
549,2.4385504032720107e-10
5453,2.393709397363608e-10
6531,2.366497137140655e-10
6557,2.3664285114799455e-10
273,2.339867327671996e-10
6746,2.3144984540035551e-10
1518,2.2621099438069336e-10
4051,2.243129570977942e-10
5314,2.1707171476981202e-10
5423,2.1232531011161626e-10
2731,2.1202017225219194e-10
2184,2.1093106428171637e-10
4272,2.084546008029875e-10
2662,2.076293303954202e-10
227,2.0719055637830053e-10
2654,2.0708525172441483e-10
1800,2.0476686318771087e-10
3444,2.0393022687192897e-10
5281,2.0237363174135936e-10
1206,1.9867115591543083e-10
7877,1.9768749831561294e-10
619,1.9308793453021167e-10
7586,1.9244290189179836e-10
6745,1.896393389544393e-10
2339,1.8073610663638107e-10
3107,1.7613705632912868e-10
2228,1.7350942210780929e-10
3476,1.7326057949462736e-10
3208,1.625897402823817e-10
1638,1.600260063350234e-10
3008,1.4393666120104953e-10
6271,1.43814592179492e-10
2082,1.3385568348178722e-10
2886,1.3276819227359127e-10
7395,1.2925380904471595e-10
6412,1.24684117197571e-10
7807,1.2336517918321022e-10
4139,1.1869856833546244e-10
7783,1.1863526827582405e-10
7164,1.1784306169770886e-10
3017,1.1117977372077092e-10
4942,1.0576112902116463e-10
5205,1.0474739825516721e-10
3268,1.0040736991845378e-10
7005,9.522745439416447e-11
6399,9.266062223067806e-11
3508,9.11932543368188e-11
2836,9.026918795784766e-11
2803,9.02027445792708e-11
7379,8.808443557883905e-11
1325,7.996641196439391e-11
3675,7.958535566676694e-11
2132,7.798955578564026e-11
4409,7.679727687115445e-11
357,7.631586335099527e-11
7596,7.289130410370603e-11
5068,7.070220103821967e-11
6563,6.814079855921307e-11
6943,6.459292128946359e-11
4634,6.31466406941783e-11
7286,5.858898435850968e-11
4496,5.322897504711488e-11
7908,5.175136014168302e-11
568,5.1118980576303485e-11
6868,4.866381429768918e-11
1111,4.748054033276716e-11
1573,4.282026296043018e-11
3766,4.169388272134977e-11
6378,3.813986279577186e-11
5807,3.7235218380837765e-11
6661,2.983492619623718e-11
3720,2.8755430328541998e-11
5762,2.8701973089906296e-11
2533,2.6463671531917754e-11
7317,1.8766094581068593e-11
1806,1.8515858984935463e-11
7235,1.7516276623608107e-11
7738,1.614868568727834e-11
5010,1.5813502417250103e-11
4541,1.5227445172849574e-11
78,1.3929965687886625e-11
7536,1.299775087906796e-11
7129,1.2407949234044535e-11
3198,1.1967620471009521e-11
4891,1.0845907505441232e-11
564,1.0043113042590424e-11
1208,9.552483803965117e-12
3980,3.758413502294444e-12
3621,3.389742479764646e-12
817,-1.0459013212796298e-12
3257,-1.3876025979284168e-12
6078,-2.071868501415941e-12
4344,-5.399503327091493e-12
4124,-5.7384995193199284e-12
2996,-7.078102643928719e-12
2830,-7.525320861248574e-12
4334,-1.2116645360660261e-11
4313,-1.522393712830028e-11
6520,-1.5311710233056885e-11
6353,-1.5766192604932394e-11
4998,-1.7385669293101813e-11
7746,-2.0259216179652206e-11
2439,-2.1491830017039693e-11
1455,-2.2908334951221576e-11
492,-2.3201979400255812e-11
6419,-2.479194280424757e-11
111,-2.63302019076761e-11
6570,-2.6594889485087592e-11
1771,-2.6927215665550897e-11
2509,-2.976282588440515e-11
2050,-3.243008118991586e-11
1522,-3.244982928196638e-11
5092,-3.9386115896489216e-11
5875,-4.513820046903039e-11
2406,-5.019154883378896e-11
6082,-5.1897547023727064e-11
1435,-5.2865819361036515e-11
972,-5.3849398898297984e-11
1338,-6.273263158940168e-11
7249,-6.89406275122817e-11
6935,-7.151964090401641e-11
4810,-8.882230367879274e-11
2659,-9.19053930181768e-11
6719,-9.669747641494197e-11
6260,-1.0229065511291324e-10
374,-1.0523609067503159e-10
202,-1.1074894473717123e-10
4477,-1.1863889384788884e-10
5779,-1.3177776925221707e-10
2782,-1.3706209084363152e-10
7964,-1.3822229472104652e-10
4273,-1.3842743618042164e-10
6528,-1.4379564552968738e-10
5717,-1.5609315229259124e-10
197,-1.5750530740765711e-10
7343,-1.6420778625736432e-10
6382,-1.6504345112799967e-10
1364,-1.6663570523434146e-10
6927,-1.7000732072114388e-10
6116,-1.7220386921978914e-10
7083,-1.7471679658598305e-10
5161,-1.753894321443461e-10
6809,-1.797411455783937e-10
5765,-1.8063871926043973e-10
6663,-1.8067682072686608e-10
7636,-1.9446600579842155e-10
7434,-1.958376377730886e-10
2142,-2.0270674028211033e-10
6385,-2.1001662214858996e-10
254,-2.1437605857155262e-10
3086,-2.2106248082076618e-10
6798,-2.2270738725405081e-10
6699,-2.3067584647984418e-10
7151,-2.5245293355791176e-10
2936,-2.615394706362295e-10
6853,-2.6472660175080875e-10
5445,-2.6995347623959276e-10
1524,-2.701201623489524e-10
4795,-2.724683811905493e-10
7810,-2.829821932337495e-10
6844,-2.84733910060897e-10
1560,-2.9525060174506734e-10
3741,-2.984743424638836e-10
6368,-3.0344148027605655e-10
5019,-3.2196226240621684e-10
1119,-3.278253501992623e-10
2946,-3.4656541525457385e-10
3263,-3.486468752589289e-10
5104,-3.5353352190181653e-10
5186,-3.6344027787293953e-10
1745,-3.648388952059989e-10
7635,-3.6495198529884476e-10
499,-3.8469977203803296e-10
6360,-3.854510599587968e-10
2759,-3.910698986864247e-10
828,-4.0511673182752617e-10
3726,-4.212154514071642e-10
6561,-4.245063328633947e-10
2632,-4.3138619065796746e-10
3706,-4.3767861557242327e-10
945,-4.386085800112127e-10
2879,-4.4742889948601317e-10
7472,-4.5308552742984176e-10
4493,-4.67893834787958e-10
523,-4.75969333391113e-10
6107,-4.801947728338973e-10
4696,-4.822185706299109e-10
4993,-4.851692381180328e-10
916,-4.915351875522944e-10
6038,-5.00027519390045e-10
4256,-5.017332105339278e-10
2285,-5.272469683070824e-10
6358,-5.311531214857723e-10
1350,-5.468653585527505e-10
7604,-5.480525200329822e-10
65,-5.516137269179211e-10
1580,-5.516299639296562e-10
2425,-5.758244991938e-10
7794,-5.820676440837502e-10
4292,-5.843434069952025e-10
6018,-5.875627206997081e-10
589,-5.946962089442565e-10
2941,-5.976040495792034e-10
5149,-6.023461451842849e-10
6391,-6.155602971791296e-10
7247,-6.155602971791296e-10
4082,-6.192464041543388e-10
4623,-6.316598077926727e-10
4163,-6.365681315401162e-10
1087,-6.43302050518102e-10
7519,-6.470131652669409e-10
3591,-6.483004966195693e-10
780,-6.513973249688831e-10
7325,-6.53290838092957e-10
6211,-6.567275612212597e-10
5539,-6.602186575221936e-10
1623,-6.616899528300024e-10
2330,-6.709677258243119e-10
4958,-6.76280087485992e-10
7909,-6.8934019603617e-10
1067,-6.939552266160831e-10
6465,-7.114508981942436e-10
991,-7.171891136525943e-10
2098,-7.3545416978682e-10
1135,-7.433260673650466e-10
2280,-7.439781568585602e-10
765,-7.60135815403018e-10
995,-7.658745582173054e-10
3289,-7.708183535903856e-10
6998,-7.946042712703161e-10
4104,-8.061425138539136e-10
3958,-8.090924874526451e-10
484,-8.17775569483814e-10
545,-8.205998380805823e-10
6155,-8.325999056868483e-10
4429,-8.471013890343215e-10
6573,-8.717016275472389e-10
5411,-8.754800773225213e-10
1149,-8.848752008905336e-10
4546,-8.923114747094729e-10
5475,-9.115055377151293e-10
159,-9.117290256099864e-10
317,-9.217664964644712e-10
6040,-9.445111359696057e-10
6128,-9.512153842372584e-10
1715,-9.557401536852694e-10
1105,-9.630020669781914e-10
378,-9.688981283950682e-10
7418,-9.693881253269865e-10
6321,-9.712047832621806e-10
1308,-9.854564941846888e-10
5309,-9.902247355420002e-10
5395,-9.90394655175919e-10
4237,-1.003878868921504e-09
4267,-1.0091229518671696e-09
6882,-1.0171923858770526e-09
1876,-1.0172435116473366e-09
2714,-1.0271346551071758e-09
2612,-1.0306001330118164e-09
7848,-1.0322652732597248e-09
968,-1.0326758337342312e-09
771,-1.0456807086889341e-09
4250,-1.0527654303871259e-09
5531,-1.055817100414913e-09
6438,-1.0685413109889907e-09
3135,-1.0722738807977805e-09
6870,-1.076086553197797e-09
5578,-1.0819527496153114e-09
5414,-1.0843044240260724e-09
4420,-1.0954320783795879e-09
1315,-1.103930724610791e-09
670,-1.1110954101223314e-09
643,-1.1128704069385265e-09
3281,-1.1188332482703345e-09
2978,-1.1231685581591933e-09
5567,-1.1293700974412957e-09
4422,-1.1398121890771051e-09
170,-1.1511315234358221e-09
4760,-1.1603486504974114e-09
2171,-1.1842411495877059e-09
6194,-1.1919662479265014e-09
1483,-1.2024232998175677e-09
1018,-1.2096163515273872e-09
6466,-1.2283260519829753e-09
3709,-1.2357370127169531e-09
1012,-1.2377869840207723e-09
1550,-1.24439136772736e-09
169,-1.2482827549398223e-09
6357,-1.2503522106577236e-09
3500,-1.2621895750797307e-09
6782,-1.3235670337508054e-09
5439,-1.3367978390910196e-09
5716,-1.3406479815181171e-09
4838,-1.3562245770870618e-09
5182,-1.3596659909076436e-09
1553,-1.3808931775827205e-09
3818,-1.3955707700574749e-09
7813,-1.4013529225920252e-09
3216,-1.4243977664030183e-09
1914,-1.4335147513477864e-09
5245,-1.4366617895333889e-09
2495,-1.4439466844429205e-09
1999,-1.4444478946273875e-09
4016,-1.4468362619091124e-09
7304,-1.4470317166725977e-09
4094,-1.4595397113126296e-09
5449,-1.4615043619770063e-09
3784,-1.4697085215509276e-09
7776,-1.4748433585509702e-09
4336,-1.4864721675778014e-09
1693,-1.4891877730960346e-09
5117,-1.5035485634307122e-09
1853,-1.5097175176670419e-09
4351,-1.513651814999406e-09
722,-1.5183834189969048e-09
5980,-1.5225156135834084e-09
5732,-1.5343584180982361e-09
6046,-1.5349612692006076e-09
2801,-1.5403727182672355e-09
5288,-1.5414506338018441e-09
2038,-1.5658693786058109e-09
1576,-1.570735486122743e-09
4370,-1.5731148605979683e-09
4245,-1.5746698389662583e-09
6469,-1.5869077718555502e-09
4880,-1.6028566252046517e-09
5627,-1.6238829170234226e-09
4488,-1.6382161183159383e-09
541,-1.6417550097180822e-09
1746,-1.6474012154432671e-09
2993,-1.6475037445395913e-09
5972,-1.6859681428726958e-09
4941,-1.6953088377569259e-09
5843,-1.6977406702700648e-09
2005,-1.6999424090613502e-09
1121,-1.7000483243378994e-09
7681,-1.7040313049498934e-09
2423,-1.7057408263632112e-09
4296,-1.7213232506030351e-09
4554,-1.72742525839098e-09
7168,-1.7294842780124497e-09
3756,-1.7386396766738699e-09
1681,-1.7497056026272162e-09
2618,-1.7530525364684024e-09
7897,-1.762523460513421e-09
5200,-1.7751307646030057e-09
6277,-1.7760967141455808e-09
7113,-1.783579284264647e-09
10,-1.7912343275305886e-09
3890,-1.7952875852600414e-09
6188,-1.806090277334249e-09
2504,-1.8066039775277432e-09
4525,-1.8253728528705437e-09
2372,-1.8378867872037574e-09
5960,-1.8419759051369056e-09
4436,-1.8423359504637915e-09
3173,-1.859433385043019e-09
6881,-1.8708466997807705e-09
3832,-1.8747031704791084e-09
3611,-1.8893693831678604e-09
1329,-1.891468426329368e-09
5742,-1.8938757229136627e-09
5365,-1.8942952761946685e-09
3663,-1.8985226168943825e-09
5146,-1.9167145648424366e-09
4775,-1.925169301753016e-09
4772,-1.9323608269061765e-09
3823,-1.935034243949474e-09
6080,-1.9373029847002954e-09
5212,-1.9515088434118866e-09
3541,-1.953346928651456e-09
1803,-1.9668925377303026e-09
255,-1.993054610238687e-09
1667,-2.0124696908929707e-09
7089,-2.0132818745466352e-09
5152,-2.021101397353675e-09
3750,-2.048189395864597e-09
6164,-2.049643565982251e-09
2853,-2.0505607212228938e-09
1148,-2.075067229156957e-09
3992,-2.0756343310779357e-09
7598,-2.0908441644706954e-09
3266,-2.11438455632873e-09
3892,-2.119646513865092e-09
2240,-2.1237275271701606e-09
1862,-2.1345171186126777e-09
3512,-2.139713073390226e-09
2641,-2.15293260996674e-09
4211,-2.1590838006346758e-09
4232,-2.17604223529122e-09
350,-2.1828683305358254e-09
1388,-2.218695893674294e-09
6596,-2.224517570148521e-09
830,-2.225375994591161e-09
400,-2.2768229523961736e-09
7135,-2.277921740123645e-09
7671,-2.2902750806963468e-09
6825,-2.3016883954340983e-09
5847,-2.3017851513706944e-09
7097,-2.3113966296506305e-09
6533,-2.3134706372829328e-09
6039,-2.3187975428662355e-09
1416,-2.347319005835402e-09
2549,-2.355598160974637e-09
6664,-2.3779544999769087e-09
52,-2.400174392569454e-09
3387,-2.417763766970893e-09
5452,-2.4755520966479594e-09
1428,-2.505401663910334e-09
4306,-2.5164592631909954e-09
3786,-2.518630082271045e-09
2274,-2.5208577447699554e-09
4731,-2.5657725943872833e-09
4688,-2.5729920416495133e-09
7994,-2.582375091542133e-09
524,-2.6101145689239047e-09
7171,-2.610619165288597e-09
303,-2.6318334178654368e-09
6636,-2.6323093704760936e-09
1735,-2.6589951351851937e-09
582,-2.666241782911527e-09
5226,-2.6814545028841508e-09
667,-2.7087554421711957e-09
1351,-2.7158276738603604e-09
6033,-2.728829384679443e-09
182,-2.758280381875977e-09
2292,-2.7739913699420526e-09
6624,-2.7813595870895824e-09
4575,-2.7828063187129715e-09
6323,-2.798897780209586e-09
1751,-2.799875442605071e-09
573,-2.8207894908760522e-09
7839,-2.833758561138211e-09
478,-2.8515508843085513e-09
6325,-2.8672413332486713e-09
6499,-2.880480409750419e-09
405,-2.8929114659348443e-09
1383,-2.8992999112631423e-09
3785,-2.8998956569381562e-09
560,-2.9224673792072053e-09
5073,-2.9240200261071436e-09
834,-2.9330373685354516e-09
5433,-2.9343387719649172e-09
1255,-2.9379665367201824e-09
4852,-2.9670985668417416e-09
1900,-2.970424461956611e-09
783,-2.9744596785619137e-09
5913,-2.9795165223944764e-09
304,-2.9949825952613196e-09
5718,-2.998106318763405e-09
964,-3.0030085085286373e-09
4050,-3.004904769454697e-09
1649,-3.0364004643956832e-09
3723,-3.045626306708016e-09
328,-3.0543565454621557e-09
3445,-3.0568307884948354e-09
5748,-3.1022603375063795e-09
2034,-3.1209719253411095e-09
6191,-3.130527836958663e-09
7792,-3.150413929731144e-09
2025,-3.1706512970686163e-09
6212,-3.1961860935680875e-09
3431,-3.203468046386604e-09
2750,-3.2135726302229273e-09
2303,-3.233714851447189e-09
3712,-3.2339816380400066e-09
843,-3.235047230099042e-09
2179,-3.23850291028549e-09
1095,-3.2566490615337784e-09
7167,-3.259476355488289e-09
6127,-3.2679384753819818e-09
7412,-3.2734761568065096e-09
7339,-3.281278471156668e-09
5320,-3.3047060643554005e-09
1079,-3.3120052256307986e-09
6988,-3.3223276352245534e-09
7328,-3.330365316855932e-09
1519,-3.343399002098124e-09
2271,-3.381118163225949e-09
4358,-3.381433577587245e-09
5543,-3.4036318208308103e-09
3122,-3.4287304107039063e-09
494,-3.5062877046243557e-09
7522,-3.555373329078293e-09
5713,-3.564331385597086e-09
2898,-3.566341777450077e-09
1044,-3.5704074141662545e-09
3973,-3.5804931242111593e-09
4730,-3.59051643972208e-09
5266,-3.593681574542984e-09
552,-3.5984230040142506e-09
7971,-3.615560961733877e-09
3045,-3.6358800414859616e-09
1039,-3.6383610568790914e-09
1660,-3.6476640596916354e-09
1205,-3.6722596075122738e-09
2838,-3.673532811276914e-09
7204,-3.6757252797059436e-09
1557,-3.6798525337999877e-09
20,-3.6828832206126094e-09
3900,-3.708493512277755e-09
1925,-3.7107036332528764e-09
3425,-3.721851715710045e-09
2564,-3.732751219232e-09
5262,-3.739124787571768e-09
7954,-3.740517007244648e-09
5572,-3.742603338352524e-09
3212,-3.746503107748822e-09
7622,-3.751981392241532e-09
6148,-3.7656822104992216e-09
2645,-3.768465317577352e-09
3089,-3.772372081378705e-09
6085,-3.790263658487447e-09
2508,-3.790570080042244e-09
5225,-3.811325477443006e-09
472,-3.819055516274261e-09
6134,-3.838402706790589e-09
7355,-3.853452446023198e-09
7948,-3.854363939126415e-09
4365,-3.8889480524773035e-09
7136,-3.8940465296732896e-09
3797,-3.913964041757367e-09
6729,-3.933096737185338e-09
1873,-3.9343033275685e-09
3948,-3.966643458142016e-09
617,-3.968974038315309e-09
4300,-4.027814526352813e-09
2195,-4.092781669129408e-09
4165,-4.0961041225529016e-09
3575,-4.107920892337802e-09
698,-4.120990548805992e-09
6494,-4.12116496484316e-09
3063,-4.138372311501826e-09
5650,-4.148923204994048e-09
4598,-4.176083701068478e-09
3326,-4.189530722342738e-09
7079,-4.212741155917854e-09
5361,-4.226482053226732e-09
7820,-4.2329144633868054e-09
681,-4.2343035744352164e-09
2999,-4.236542006097466e-09
3848,-4.2371079977954196e-09
4672,-4.240726880766488e-09
5763,-4.259864905264976e-09
5369,-4.265442887785298e-09
7745,-4.266540898356652e-09
5308,-4.299124611861771e-09
465,-4.3081771483599596e-09
5630,-4.358577276875053e-09
4443,-4.381131235575708e-09
7545,-4.390644958718326e-09
656,-4.39574243671359e-09
6885,-4.414067333868843e-09
5477,-4.418237331549335e-09
921,-4.458139857277388e-09
2730,-4.462107350278188e-09
3225,-4.4812402677507635e-09
680,-4.512534346190478e-09
359,-4.534152608925979e-09
5648,-4.556957033940989e-09
6170,-4.574673306834143e-09
5194,-4.604978398603521e-09
5540,-4.631316663505913e-09
6456,-4.632414229988058e-09
7161,-4.6575492351763614e-09
3885,-4.657942032082474e-09
167,-4.658716967753662e-09
2656,-4.666477204651187e-09
2740,-4.669516551203401e-09
3094,-4.70497263371783e-09
2352,-4.708796241814639e-09
3585,-4.73236982934111e-09
4240,-4.7529615798680425e-09
5923,-4.771737449615898e-09
3450,-4.7759514121281654e-09
4418,-4.778440532149375e-09
3009,-4.783496043714308e-09
802,-4.798011321582862e-09
1036,-4.80025330595879e-09
3950,-4.8091206572564715e-09
7046,-4.823672794529443e-09
6221,-4.830583488768525e-09
7696,-4.832204858473688e-09
5470,-4.84959783442207e-09
3391,-4.850387647081789e-09
4835,-4.851557600105139e-09
1657,-4.863542013566757e-09
6011,-4.874115555608682e-09
2581,-4.876662851316382e-09
1089,-4.909494810689807e-09
5257,-4.916367313256842e-09
346,-4.9320159067889335e-09
2273,-4.93241159027491e-09
7035,-4.934923358845822e-09
6275,-4.935918340720491e-09
983,-4.967753097773198e-09
510,-4.974368694732334e-09
1678,-5.007897430076014e-09
5834,-5.025499572042236e-09
6985,-5.034961114702696e-09
2651,-5.04181330018838e-09
1017,-5.103080180646202e-09
7976,-5.123490520730911e-09
4622,-5.123790947081375e-09
4314,-5.130641911321732e-09
5267,-5.132213543035391e-09
3447,-5.1841566595101085e-09
5397,-5.207364983661478e-09
2326,-5.215977427752705e-09
4087,-5.221717502834622e-09
3053,-5.2283739560010645e-09
2119,-5.230335498040972e-09
4763,-5.24247045774473e-09
6396,-5.246806100700496e-09
1460,-5.268784075695976e-09
4979,-5.27642751713131e-09
6255,-5.293046223542319e-09
2019,-5.34182498235225e-09
750,-5.37156297220065e-09
958,-5.378490097740496e-09
4060,-5.39288769196844e-09
3527,-5.417872595003814e-09
470,-5.423322679831699e-09
2300,-5.424379612151142e-09
5109,-5.4514286418339e-09
3301,-5.457049701007577e-09
3600,-5.481211484692494e-09
4041,-5.508201006421132e-09
4138,-5.5214677274761925e-09
1180,-5.5268314369527616e-09
7941,-5.556258120265056e-09
5345,-5.5780002838901055e-09
4751,-5.590667484511869e-09
6414,-5.61772073304212e-09
7654,-5.618472798119001e-09
215,-5.624473331522495e-09
7553,-5.624968713036083e-09
4065,-5.629833488285385e-09
6463,-5.636888511517668e-09
6319,-5.645701239842538e-09
5364,-5.646427769789852e-09
4761,-5.664303248664737e-09
6318,-5.673441938469637e-09
2160,-5.680089953941092e-09
258,-5.687485815641935e-09
3805,-5.703265415490932e-09
1268,-5.703574501580988e-09
5072,-5.7279401222132265e-09
4633,-5.739065667142995e-09
300,-5.748688858275841e-09
5612,-5.75175862493893e-09
1874,-5.7860571889278845e-09
7386,-5.79080849938407e-09
6301,-5.791570334423568e-09
2560,-5.804018154975665e-09
6887,-5.8200764208038436e-09
1346,-5.832266225525018e-09
4402,-5.844958517187138e-09
4453,-5.869729147178759e-09
1774,-5.872245578686375e-09
5044,-5.8787861245690465e-09
7737,-5.890214760384538e-09
7234,-5.892535348550609e-09
1714,-5.8945284209244164e-09
3710,-5.8945990311087826e-09
6955,-5.914249090466228e-09
4929,-5.930791413533143e-09
7698,-5.932039304212822e-09
3733,-5.958258997296184e-09
915,-5.989730045286024e-09
3734,-6.012555564538502e-09
1061,-6.039364341958731e-09
933,-6.098244353935911e-09
3593,-6.1061715683763396e-09
2675,-6.13646999880757e-09
4935,-6.1575859966467306e-09
3583,-6.242871330996991e-09
7893,-6.263311203014155e-09
7332,-6.2721972060586495e-09
4102,-6.318192191656635e-09
3812,-6.319579526348207e-09
7152,-6.326640988874033e-09
6620,-6.328725543625069e-09
2703,-6.334432089971642e-09
4652,-6.336131619377738e-09
4150,-6.349479164668992e-09
2499,-6.3530110061549294e-09
1947,-6.353784165469278e-09
4214,-6.361127846687964e-09
5681,-6.3613718737087765e-09
4053,-6.3769245439715405e-09
2930,-6.379921257959609e-09
477,-6.380688422069625e-09
2563,-6.3808636152629106e-09
4207,-6.381566830526708e-09
6565,-6.413301223417989e-09
2928,-6.441225330888756e-09
5236,-6.452459011541123e-09
7895,-6.4602914129352484e-09
289,-6.478440672808006e-09
4116,-6.526895024450141e-09
1898,-6.532665741687538e-09
7466,-6.533070751046921e-09
4897,-6.581745815026352e-09
151,-6.585112455326225e-09
7617,-6.6254846053936944e-09
865,-6.636139637805627e-09
7901,-6.63805499456771e-09
2347,-6.673162911141617e-09
145,-6.714993228129629e-09
3525,-6.7162615469129605e-09
6837,-6.765790594442933e-09
2583,-6.765941584774282e-09
3120,-6.780750849699757e-09
1572,-6.78434108891679e-09
2625,-6.809241615002293e-09
5377,-6.815247477476305e-09
3286,-6.820008335850503e-09
4416,-6.82802703266816e-09
4815,-6.897229010149886e-09
5050,-6.9292172000245955e-09
2136,-6.966656140861005e-09
5801,-6.983281064520952e-09
7685,-6.98456048553453e-09
7942,-6.9868604235523435e-09
3428,-7.0005647945237115e-09
2552,-7.028952087040352e-09
6667,-7.0328933787777714e-09
6650,-7.049256733893117e-09
1174,-7.0501189330940406e-09
2702,-7.065389828753155e-09
3516,-7.0734891277624e-09
4169,-7.111269795245789e-09
475,-7.137708868398818e-09
299,-7.143712732471386e-09
3915,-7.143746039162124e-09
2965,-7.156782944051088e-09
5250,-7.159416171020894e-09
355,-7.168717175431993e-09
1480,-7.283257774659546e-09
2588,-7.288353476297971e-09
7843,-7.299231441493248e-09
4513,-7.321546924288214e-09
3629,-7.3347126150480335e-09
2600,-7.33864835567033e-09
4283,-7.351978137393189e-09
6126,-7.368302412658068e-09
5988,-7.388534672969627e-09
7424,-7.393639256392248e-09
1811,-7.397751300430855e-09
6854,-7.400496659926148e-09
3467,-7.430990267565107e-09
2983,-7.4502302105372564e-09
3181,-7.452330752499847e-09
6442,-7.458621942291188e-09
2673,-7.458630824075385e-09
653,-7.486789410648953e-09
4326,-7.4912098746438e-09
7633,-7.53006990095173e-09
2812,-7.531558932072357e-09
5517,-7.532624746175998e-09
5474,-7.544072477827513e-09
760,-7.554052050551263e-09
1556,-7.56134932444752e-09
7621,-7.56883977715006e-09
5505,-7.577976912642725e-09
4597,-7.595309270413964e-09
5232,-7.600275742092322e-09
3154,-7.620072794978228e-09
1465,-7.630848841699844e-09
7560,-7.640615251602867e-09
1815,-7.678768287888715e-09
6003,-7.696325354800138e-09
7906,-7.731223217177785e-09
6254,-7.74465380715128e-09
398,-7.754911379720397e-09
7815,-7.760474263207584e-09
4744,-7.770085019842554e-09
6788,-7.790628364645613e-09
1837,-7.793310885517712e-09
7611,-7.802600787698566e-09
3831,-7.824311865078926e-09
2278,-7.858038220120989e-09
6457,-7.885734287782498e-09
1495,-7.887349440238722e-09
7255,-7.889840780705981e-09
4096,-7.901075349536768e-09
2048,-7.925634815109106e-09
715,-7.951778790982189e-09
5805,-7.982363658953773e-09
3978,-8.003688378721563e-09
2056,-8.014631180941478e-09
4572,-8.044027444142898e-09
5994,-8.080471181060034e-09
4728,-8.090989656039937e-09
4564,-8.102523540998163e-09
2934,-8.158435260696706e-09
7029,-8.159012576669511e-09
6101,-8.184699806790263e-09
2250,-8.184858568682785e-09
2601,-8.21311529897173e-09
4052,-8.217997615744821e-09
890,-8.285824470988246e-09
1259,-8.338098211879696e-09
1882,-8.340029999942544e-09
7091,-8.348626678866822e-09
1704,-8.35100255613952e-09
6545,-8.368332249375499e-09
241,-8.368570947325793e-09
7277,-8.378165272659999e-09
1558,-8.380331095736437e-09
3714,-8.470202317312214e-09
2123,-8.486939151453043e-09
1151,-8.513732829840137e-09
3367,-8.52663628592154e-09
1834,-8.548816765596712e-09
7303,-8.552854424692669e-09
4538,-8.565228082346721e-09
3250,-8.577679899701707e-09
4690,-8.642715876305829e-09
63,-8.655875571861316e-09
47,-8.69329896957538e-09
6705,-8.693529895964502e-09
6058,-8.710462573446875e-09
2841,-8.73068017881451e-09
4931,-8.76811645511566e-09
723,-8.833227482796246e-09
6799,-8.836527509714642e-09
4673,-8.90234685968494e-09
2749,-8.918747518293912e-09
6686,-8.933885631279281e-09
2899,-8.976375198699316e-09
6178,-8.999600620285264e-09
6529,-9.015450608274023e-09
2213,-9.062467221099268e-09
3578,-9.088268360102347e-09
2466,-9.125614930383108e-09
5374,-9.130025180326129e-09
6478,-9.138367396133162e-09
1739,-9.150677771074811e-09
474,-9.290665126115982e-09
7707,-9.301909908998596e-09
6815,-9.310208604063064e-09
1191,-9.341137641172281e-09
6152,-9.350013208120345e-09
2343,-9.360297426042052e-09
4976,-9.365801023619724e-09
7140,-9.373715581517672e-09
1097,-9.399808931220832e-09
3269,-9.404932388434872e-09
4149,-9.426302849391277e-09
6229,-9.459701022507261e-09
7077,-9.470948469925133e-09
4134,-9.475118911694835e-09
4014,-9.485545238163695e-09
7509,-9.501917475063237e-09
1082,-9.530073175056941e-09
2115,-9.555107149950004e-09
4628,-9.599824934980461e-09
2395,-9.618521534804358e-09
1203,-9.658008615076596e-09
146,-9.72383995545556e-09
3375,-9.785877885803984e-09
2794,-9.78882086499766e-09
7945,-9.811738976850393e-09
554,-9.887134222452687e-09
7816,-9.902608955059122e-09
3235,-9.922468624523617e-09
31,-9.984753468472718e-09
5170,-1.0006354411729035e-08
1249,-1.0019066909450203e-08
1211,-1.005135930043366e-08
4593,-1.0052407350968906e-08
2315,-1.0070096756464864e-08
6350,-1.0083136103844481e-08
6459,-1.0093508695518949e-08
7036,-1.0106763870254554e-08
5707,-1.0112389148275724e-08
5683,-1.0167467312527378e-08
5337,-1.0182251486412497e-08
1591,-1.0196882449520217e-08
2063,-1.0209916467829316e-08
4878,-1.0245512882534058e-08
2762,-1.0251301585384454e-08
673,-1.0270968964221083e-08
7905,-1.0280495565950787e-08
602,-1.0286629770206446e-08
2825,-1.029203966496084e-08
2364,-1.029932139573475e-08
3791,-1.0308204512199381e-08
1973,-1.0321519638978316e-08
4034,-1.034215202366795e-08
1680,-1.0367754654794226e-08
5566,-1.0374298753390576e-08
1589,-1.0394571869909441e-08
3963,-1.039460517660018e-08
3863,-1.0399249017467582e-08
2856,-1.0404583861145511e-08
5183,-1.041788522115894e-08
5688,-1.0449317411342918e-08
5148,-1.0465966315820197e-08
459,-1.0473081069051204e-08
5679,-1.0474850764552457e-08
6692,-1.0519705107014943e-08
6345,-1.0541409523057155e-08
6372,-1.0546239437303484e-08
6237,-1.0548079298899893e-08
2555,-1.0552509976946567e-08
1419,-1.0559248586616832e-08
7397,-1.0591613364141494e-08
1802,-1.0601018729516909e-08
1410,-1.0633759650602315e-08
7835,-1.0706211472921723e-08
6976,-1.0707184472380504e-08
349,-1.0729906296802483e-08
2792,-1.0779444892250467e-08
7041,-1.0801825212070071e-08
3231,-1.0803698824446428e-08
7546,-1.082528378049119e-08
2635,-1.0839809938545386e-08
2465,-1.0839948938468069e-08
1943,-1.0849794396250445e-08
2646,-1.0867596156316495e-08
5937,-1.0912385661754342e-08
5213,-1.0930707894374336e-08
7162,-1.0935516048249383e-08
2336,-1.094431967274545e-08
4440,-1.0948424389312095e-08
2873,-1.0965460539580363e-08
6050,-1.0970715447200519e-08
542,-1.0979309461589537e-08
7798,-1.0982807552295526e-08
4280,-1.1003653987984308e-08
1177,-1.1009146927420943e-08
598,-1.1009996470079386e-08
3209,-1.1059082538622533e-08
7225,-1.1074961836499142e-08
6869,-1.1107110786667818e-08
441,-1.1109070996440096e-08
2676,-1.1126654708704109e-08
3287,-1.1219634998838046e-08
2820,-1.123087933763145e-08
2461,-1.1252327070110368e-08
3847,-1.125617332675688e-08
4677,-1.1257176524281931e-08
7573,-1.1273044275839084e-08
3928,-1.1299341018400355e-08
3323,-1.131191362802042e-08
5409,-1.1343082917392167e-08
6953,-1.1491485540915392e-08
4378,-1.1540284283739766e-08
6245,-1.1553098921979199e-08
6961,-1.1554895706922252e-08
4227,-1.1562281354571269e-08
4058,-1.1632314667053834e-08
2222,-1.1635514773900013e-08
1935,-1.1652386167071427e-08
1426,-1.1723480852765533e-08
2956,-1.1741366101603035e-08
1489,-1.1744766492682857e-08
6588,-1.175038422118746e-08
5495,-1.175968300515251e-08
191,-1.1772961272527027e-08
6884,-1.180769659825387e-08
6974,-1.1842979041887247e-08
7223,-1.1863508397880196e-08
4153,-1.1890603168751568e-08
6177,-1.1898214413719188e-08
537,-1.1917796527427527e-08
5045,-1.1931052146252341e-08
1539,-1.1939686572759456e-08
7176,-1.194773080470668e-08
787,-1.1950297196250403e-08
2045,-1.1982339565008715e-08
3889,-1.2010854089083978e-08
4716,-1.2013939176824806e-08
4289,-1.2016093453581789e-08
6871,-1.2029926832468618e-08
5071,-1.2035345609007209e-08
6511,-1.2077896904827412e-08
5276,-1.2095625390173836e-08
5511,-1.2110950464716552e-08
6707,-1.2176964769849974e-08
5654,-1.2200569887710344e-08
493,-1.2231809343177247e-08
2079,-1.2247302283441286e-08
7967,-1.2257550530136996e-08
6595,-1.225972923180052e-08
4985,-1.2264582238685762e-08
5874,-1.2306324848054828e-08
5227,-1.2332932008973785e-08
7202,-1.2363576828988698e-08
5088,-1.2363772672330242e-08
6617,-1.2394793191816689e-08
320,-1.243486202895383e-08
4328,-1.2505510849081247e-08
139,-1.2509535185500908e-08
430,-1.2541812033362021e-08
982,-1.2542567873197186e-08
2385,-1.256959469841945e-08
6817,-1.257341963878389e-08
4482,-1.2594575604651936e-08
1760,-1.2634527202237678e-08
891,-1.2643054603245218e-08
1818,-1.2672515925515881e-08
571,-1.2677768612689988e-08
6489,-1.2686651729154619e-08
5006,-1.2699485019140866e-08
2834,-1.271531679947202e-08
214,-1.2745672073322112e-08
124,-1.278589900621796e-08
4684,-1.2787341407971553e-08
6475,-1.2802329862893203e-08
2918,-1.2853293984704806e-08
4720,-1.285339923384754e-08
2420,-1.2855251529941825e-08
3303,-1.2868333065796378e-08
3193,-1.2874875388035889e-08
3038,-1.2880162714168364e-08
6182,-1.288986162251149e-08
5350,-1.2895327472506324e-08
278,-1.2911198776777155e-08
4491,-1.2917766856190838e-08
2891,-1.2928961012903528e-08
231,-1.2943225602413122e-08
1981,-1.297522178589361e-08
5659,-1.300857110919651e-08
249,-1.3018180311519245e-08
6979,-1.3028607970255734e-08
5831,-1.3043418345404234e-08
3028,-1.3049461067282664e-08
3050,-1.3056099756880712e-08
6056,-1.313373676481433e-08
2975,-1.315103226318115e-08
3965,-1.3151755684503996e-08
608,-1.315547848435017e-08
1683,-1.3160559753089274e-08
882,-1.3186076674998048e-08
4030,-1.319030573654345e-08
7141,-1.3199106696504259e-08
5985,-1.3208370397421731e-08
89,-1.322336284914627e-08
3765,-1.3229116468949087e-08
4317,-1.3259469522353129e-08
266,-1.330122989529059e-08
664,-1.330694310297531e-08
5964,-1.3343365523610373e-08
3858,-1.3372779328335582e-08
3339,-1.3374067187044147e-08
7448,-1.3376721064162211e-08
7206,-1.3431679324327206e-08
7911,-1.3447147839684703e-08
4906,-1.3470885296129609e-08
262,-1.3471073145865375e-08
5879,-1.3473496540683527e-08
7640,-1.3497788664551535e-08
4509,-1.3519620534196974e-08
5130,-1.3542314825087942e-08
920,-1.3586323177605664e-08
4238,-1.3597314385549453e-08
1689,-1.3608686622035293e-08
221,-1.3622483585606915e-08
5865,-1.3633126627610181e-08
3796,-1.3680944821459207e-08
3298,-1.3708203461249013e-08
489,-1.375554381510824e-08
4490,-1.3799710707473878e-08
174,-1.3830783629487087e-08
5046,-1.3842788249007754e-08
1327,-1.3846141122542122e-08
2218,-1.3871286341782252e-08
7605,-1.3877249571692118e-08
6534,-1.3927750508457848e-08
4451,-1.3952254906968165e-08
2380,-1.3984573499215003e-08
3938,-1.3998343373344824e-08
6542,-1.4003310511156997e-08
7431,-1.401026095138036e-08
2429,-1.4016088734081222e-08
6302,-1.4036638074088614e-08
5034,-1.405984129121407e-08
5919,-1.4069724052490074e-08
7111,-1.4074876375502754e-08
4290,-1.4075562049242762e-08
330,-1.4108085366615342e-08
6785,-1.4204005971407696e-08
413,-1.4207674592370267e-08
1609,-1.4239960766104787e-08
1511,-1.4244213364378311e-08
6755,-1.424874662703246e-08
775,-1.4293663141984325e-08
1070,-1.4372546708329992e-08
5997,-1.4397385061926116e-08
348,-1.4397722125636392e-08
6702,-1.4424955452341237e-08
4715,-1.4425963090758387e-08
561,-1.444307473619233e-08
5877,-1.447133080034746e-08
4625,-1.4500100675718386e-08
4990,-1.4504564660455799e-08
2709,-1.4527970826350156e-08
5346,-1.4543649395903913e-08
2496,-1.4559125460777977e-08
287,-1.4581544416358838e-08
5641,-1.4641740264664804e-08
2502,-1.4667939751689119e-08
2663,-1.4696199812647137e-08
1571,-1.472658173184982e-08
3218,-1.4741556420005963e-08
6924,-1.4741812215390837e-08
1132,-1.4774092171876418e-08
751,-1.4823186234025343e-08
1598,-1.4838664075256247e-08
3020,-1.4900812139728714e-08
727,-1.4902909128977626e-08
1998,-1.4905336076509457e-08
3433,-1.4912715950998745e-08
4632,-1.4914809387533978e-08
58,-1.492348644660524e-08
5516,-1.495565182807468e-08
875,-1.4998434050284004e-08
1021,-1.5027330935168948e-08
801,-1.5053998936309654e-08
2700,-1.5090664717831714e-08
2771,-1.512145075821536e-08
3213,-1.5129941743907693e-08
2551,-1.5149455911966925e-08
5015,-1.515483205594137e-08
3024,-1.5170096290262336e-08
2655,-1.5172911815852785e-08
2470,-1.5207946901796277e-08
6426,-1.5232947347953996e-08
4458,-1.5237981099147646e-08
3877,-1.5272201281391062e-08
3291,-1.5295464450559848e-08
7435,-1.5311533374529063e-08
1821,-1.5312891399332784e-08
7071,-1.531681359523418e-08
2826,-1.541316319020325e-08
4655,-1.5414920895295836e-08
7878,-1.54519881334636e-08
180,-1.5465726921348733e-08
1310,-1.5467236380573013e-08
2554,-1.547571759630273e-08
6630,-1.5500579486626975e-08
3827,-1.5596719471488996e-08
2095,-1.5633475847209866e-08
6300,-1.5658649488159426e-08
6942,-1.5667592556667387e-08
3155,-1.5773094830251466e-08
1220,-1.5794599406149246e-08
1775,-1.5798666375133052e-08
94,-1.5815979192979057e-08
3855,-1.584262587783769e-08
5171,-1.5864434210755007e-08
7855,-1.5874757508527182e-08
2757,-1.5887219539933994e-08
5444,-1.58976298791913e-08
7021,-1.5915210926920054e-08
5907,-1.592292431240594e-08
2206,-1.5923105500803558e-08
5601,-1.5942632103360665e-08
2231,-1.5945863296451535e-08
2785,-1.5965441857446194e-08
4777,-1.6034897853955954e-08
3951,-1.6038300465481825e-08
3799,-1.605987343111792e-08
5334,-1.6114482193074764e-08
2846,-1.61354618555265e-08
2208,-1.6145601300365797e-08
2877,-1.6158080207162584e-08
6123,-1.6165858873762318e-08
5163,-1.6204779740291997e-08
4229,-1.6217697407228115e-08
7463,-1.6230316646215215e-08
5275,-1.627298562567603e-08
1378,-1.6277556191823805e-08
321,-1.635215207684837e-08
5029,-1.6386822565550574e-08
7603,-1.6402748492794217e-08
955,-1.642231595155863e-08
418,-1.645646907633136e-08
1417,-1.64656457357637e-08
5829,-1.652915049277226e-08
3252,-1.6580634643048597e-08
4856,-1.6588913354098622e-08
6526,-1.659540149745453e-08
6119,-1.6622999865489874e-08
1341,-1.6630461452393774e-08
7230,-1.663692739128919e-08
2131,-1.6680895775778026e-08
6880,-1.6730595575609186e-08
3586,-1.6740877128995635e-08
6794,-1.6763560317656356e-08
6296,-1.6803955560362738e-08
6072,-1.6837462979424345e-08
5787,-1.684410699809291e-08
4762,-1.686762463037894e-08
4077,-1.6884386333515522e-08
7824,-1.6893177523513714e-08
4503,-1.691821882587874e-08
7619,-1.696883700219587e-08
7890,-1.697395823896386e-08
1454,-1.6978678019086146e-08
4650,-1.7021193787769562e-08
848,-1.7027675269787323e-08
2293,-1.7079299752253974e-08
395,-1.7115462824790484e-08
5179,-1.711967545503512e-08
7910,-1.712113117946501e-08
7250,-1.7124722972994277e-08
5260,-1.7126930096367232e-08
5363,-1.7306530430971634e-08
7201,-1.730742749117553e-08
1905,-1.731913101821192e-08
2145,-1.73297882710699e-08
3348,-1.7339500502089322e-08
3164,-1.737241017707447e-08
1662,-1.7406701857680673e-08
7826,-1.7408270380769864e-08
588,-1.744705180328765e-08
5326,-1.749310918341962e-08
3168,-1.7606854640916936e-08
1887,-1.763957335754185e-08
2943,-1.764380819224698e-08
1740,-1.773479318956106e-08
114,-1.7740870106308648e-08
6516,-1.774830282741391e-08
6203,-1.7755414916109657e-08
3656,-1.7774532956593703e-08
286,-1.7774766547518084e-08
3345,-1.7799207441271392e-08
310,-1.7805319885155768e-08
7476,-1.782604286404421e-08
2672,-1.7917411554435603e-08
2476,-1.7939618679463365e-08
6846,-1.7942943575377512e-08
3545,-1.7966385712497868e-08
1441,-1.7980942956796753e-08
5930,-1.800941795693234e-08
7217,-1.8102928933672047e-08
5968,-1.8104777232963443e-08
6214,-1.8112505273393253e-08
869,-1.8135628110371727e-08
1835,-1.821813011559925e-08
1891,-1.823806972112152e-08
4654,-1.8239593835289725e-08
165,-1.8305994053946506e-08
2455,-1.83138926246329e-08
179,-1.8352969810564446e-08
6865,-1.836687424372485e-08
1750,-1.843488117714287e-08
6,-1.8435671655936403e-08
3689,-1.8519659583660086e-08
1709,-1.8519981992426438e-08
4270,-1.8532220202871486e-08
3607,-1.8583378391667793e-08
4450,-1.8590683659169827e-08
7074,-1.8611246765942724e-08
190,-1.862224330295703e-08
7613,-1.862728016277515e-08
4033,-1.8696774795046167e-08
7615,-1.870943933113267e-08
5234,-1.8725540229524995e-08
3887,-1.874430655135484e-08
2668,-1.8752084329776153e-08
5287,-1.8772890797436048e-08
6973,-1.87920496941274e-08
3868,-1.881636446654511e-08
1054,-1.887284994950278e-08
2772,-1.889414580347193e-08
7226,-1.8934114720536854e-08
3466,-1.89508613246403e-08
826,-1.8972355242397043e-08
2464,-1.8974191107190563e-08
1535,-1.89994988630815e-08
1971,-1.9029845255147393e-08
4195,-1.9037898368878814e-08
2411,-1.9051014987780945e-08
4819,-1.9061403122577758e-08
97,-1.9062450284934584e-08
2110,-1.913454994451058e-08
3131,-1.924885140169863e-08
3114,-1.928602166856308e-08
7678,-1.9304548182219605e-08
7973,-1.9308752818858466e-08
6771,-1.936990479123324e-08
5711,-1.9379664983887324e-08
4002,-1.9388785688079224e-08
2503,-1.946645777906042e-08
3090,-1.9521023020274697e-08
1380,-1.9538472173508126e-08
76,-1.9565788100806003e-08
7797,-1.960302320469509e-08
5570,-1.962331719340682e-08
4363,-1.962686546619352e-08
4609,-1.9707601772722683e-08
1718,-1.9795978190018104e-08
7812,-1.9804413220469996e-08
71,-1.981986219590226e-08
2319,-1.9858770627934064e-08
7301,-1.9902256731541e-08
4911,-2.0012873136465714e-08
5122,-2.0031088787675344e-08
5912,-2.003924670646029e-08
6394,-2.004368582220195e-08
4558,-2.0067517425559345e-08
5689,-2.015229494389814e-08
2547,-2.018070333065225e-08
7620,-2.0184190319127993e-08
7018,-2.01871888094729e-08
6656,-2.0209353301936517e-08
2562,-2.0210688234101326e-08
2661,-2.027053902509124e-08
7237,-2.0281191837057122e-08
1547,-2.0281479606865105e-08
3835,-2.0287101776261807e-08
4807,-2.0316665683139945e-08
7251,-2.034822532692715e-08
6216,-2.0359815167125817e-08
4962,-2.0389784971541758e-08
5008,-2.040325686181177e-08
5546,-2.0410345413779396e-08
7514,-2.044570024395398e-08
854,-2.0463010841353935e-08
4054,-2.0477427753462507e-08
2112,-2.0499462571876848e-08
7692,-2.0526033317480596e-08
4023,-2.053049552586117e-08
2346,-2.0532131550510258e-08
1974,-2.0562382907485244e-08
6559,-2.0740319683909547e-08
7475,-2.0803049061157708e-08
3047,-2.08517674238351e-08
567,-2.0852343851629485e-08
6074,-2.0873851092062523e-08
7641,-2.0909955544823333e-08
4694,-2.098537787986743e-08
1698,-2.1017704021630834e-08
7937,-2.1020198914811772e-08
6428,-2.1061469901439978e-08
806,-2.1061692834223322e-08
1314,-2.107645080684506e-08
6087,-2.1088722768070056e-08
5425,-2.1111095094283883e-08
7479,-2.1136707495372775e-08
7687,-2.1190173171703464e-08
2842,-2.121450037861905e-08
703,-2.1220150081546763e-08
5280,-2.1231721269998616e-08
4981,-2.1232436253626474e-08
5209,-2.125273557140872e-08
311,-2.125702813771113e-08
1612,-2.1267895888854582e-08
7869,-2.1277605455338744e-08
2376,-2.1279522144368457e-08
3068,-2.130794207744202e-08
7711,-2.1336107991487552e-08
5083,-2.1339064737446733e-08
4295,-2.134138199494373e-08
2288,-2.137011634317787e-08
4268,-2.1376497905123415e-08
7024,-2.138889776404085e-08
3518,-2.139511678933559e-08
3219,-2.1465232258321976e-08
4570,-2.1471815436768793e-08
358,-2.147233235660906e-08
3696,-2.147774580407713e-08
6505,-2.150114486454413e-08
3153,-2.153686473604921e-08
4988,-2.154278977428703e-08
5535,-2.1612859057995593e-08
7979,-2.1655108817242308e-08
3441,-2.1656919813040076e-08
3350,-2.1709903208488868e-08
5285,-2.1751793255475604e-08
238,-2.1814494211014335e-08
850,-2.1818899575976047e-08
6655,-2.187871661618601e-08
48,-2.1893867163669256e-08
5851,-2.1909954739385284e-08
7432,-2.195382897696163e-08
5943,-2.196949644428514e-08
5963,-2.201008086899492e-08
5263,-2.2038234348542574e-08
3721,-2.206114224634348e-08
1363,-2.2073236571884536e-08
660,-2.2081982464783323e-08
7457,-2.2089793105806166e-08
1150,-2.2132716992473433e-08
3722,-2.2182232051193296e-08
805,-2.2192775617213556e-08
7977,-2.2234446284130627e-08
3079,-2.2243417774348018e-08
4206,-2.2314529779521308e-08
3010,-2.2369189167648074e-08
1956,-2.2446515757224006e-08
5061,-2.246972030661709e-08
4698,-2.2549566658369713e-08
5978,-2.2563668267139292e-08
6783,-2.2676258204512578e-08
7259,-2.2722170811562137e-08
7450,-2.2731945215070937e-08
4081,-2.277704513886647e-08
5528,-2.2817999045798842e-08
5623,-2.2838900548549645e-08
7526,-2.2841393665373744e-08
7722,-2.284948585895563e-08
6916,-2.2868880122928203e-08
4263,-2.2878441363616275e-08
3051,-2.2916881725620897e-08
4059,-2.3019776307364737e-08
631,-2.3033352114509853e-08
5328,-2.305071689079341e-08
5123,-2.305690394166504e-08
3667,-2.305783031175679e-08
7399,-2.3076035304825382e-08
5848,-2.3128565729280126e-08
5078,-2.3205518395741365e-08
4820,-2.3210694699571377e-08
6484,-2.3216092159827895e-08
3919,-2.3250413150321947e-08
6174,-2.325369230504748e-08
1075,-2.325588610574414e-08
2321,-2.3291059747521103e-08
4647,-2.3378761149217553e-08
5436,-2.3435953622197303e-08
2881,-2.355203498893843e-08
3283,-2.3608560439924986e-08
3406,-2.3617538147391315e-08
5561,-2.3660255976665212e-08
5085,-2.3715077901442783e-08
3096,-2.3756063782798265e-08
3637,-2.3865264431321975e-08
5311,-2.3897851697540773e-08
3612,-2.3912841484730052e-08
7321,-2.391666420464844e-08
1153,-2.3992008379991603e-08
1424,-2.401870169421727e-08
4543,-2.4074186200095937e-08
6560,-2.4182987168330783e-08
867,-2.4225425221402475e-08
7591,-2.4253981933952673e-08
5162,-2.4273696830334757e-08
92,-2.4298869583105898e-08
5881,-2.4342099003149542e-08
4502,-2.4356671346481562e-08
1768,-2.450323322022996e-08
468,-2.4530170783521044e-08
3381,-2.454028269482933e-08
4636,-2.4601998660500612e-08
1353,-2.460677439586334e-08
2544,-2.4693385114460398e-08
73,-2.4710361756774546e-08
6922,-2.4723078695387812e-08
2254,-2.4751276583856452e-08
6376,-2.486510553012522e-08
7961,-2.487138672790934e-08
4951,-2.4892433891920973e-08
1400,-2.4900119299786638e-08
3707,-2.496411877217497e-08
7666,-2.4990603364472008e-08
4039,-2.5004529113914487e-08
6356,-2.5008285220451398e-08
5774,-2.5015790328097864e-08
3530,-2.502395002323965e-08
3647,-2.5052361962707437e-08
210,-2.5139467396684267e-08
7385,-2.5213246601651917e-08
6429,-2.521904907126782e-08
5052,-2.5222131050384178e-08
2897,-2.522564557239093e-08
7048,-2.5260109559610555e-08
4024,-2.5278450443977363e-08
2679,-2.5299886630136825e-08
813,-2.5458255059618295e-08
7279,-2.5517843837974397e-08
4689,-2.5558308358597515e-08
6209,-2.5596653685511228e-08
511,-2.5651695878536884e-08
7309,-2.5655804591906417e-08
6293,-2.577864943731356e-08
7511,-2.5862663122211416e-08
5405,-2.590331682483793e-08
134,-2.593414727414256e-08
3971,-2.5951367277343707e-08
4508,-2.596957493494756e-08
2927,-2.5974418171870184e-08
3603,-2.602244464355863e-08
7117,-2.606737670163284e-08
6744,-2.6070519965060157e-08
4930,-2.6144991949195173e-08
5472,-2.625091877206387e-08
2742,-2.6267836794602317e-08
576,-2.626989736853602e-08
6081,-2.627013806488776e-08
2995,-2.630469975173355e-08
2313,-2.6317691137478505e-08
7116,-2.6346206105642977e-08
5709,-2.635393236971595e-08
2341,-2.6429527011373466e-08
6017,-2.6458327084810662e-08
904,-2.647708008396421e-08
2591,-2.6478435444232673e-08
7248,-2.6480799775185915e-08
2151,-2.648510388780778e-08
648,-2.654544584146379e-08
7999,-2.6577501088809186e-08
1582,-2.6669857433603283e-08
1052,-2.6671152397739206e-08
7780,-2.6675484043892084e-08
1968,-2.6692685395346416e-08
7012,-2.6733414593138605e-08
4423,-2.6784214846031773e-08
3110,-2.6791887819399562e-08
1421,-2.682331690095907e-08
2671,-2.6826464605278488e-08
3550,-2.6881354031615956e-08
4461,-2.6919454221285832e-08
4796,-2.6996517910049533e-08
6105,-2.702303447676968e-08
740,-2.7029120275301466e-08
6045,-2.7108818301257998e-08
62,-2.7113420841828884e-08
3372,-2.7222062826126603e-08
4179,-2.7251115142234994e-08
4854,-2.7254189127745576e-08
5876,-2.7269499547344367e-08
1877,-2.7281323866645835e-08
1062,-2.730666093242462e-08
6181,-2.7361047649776538e-08
1464,-2.7369699395762837e-08
7754,-2.7459438278754078e-08
7758,-2.747948180115145e-08
2105,-2.771225382502962e-08
2070,-2.7723466189399915e-08
2327,-2.773915142029182e-08
1851,-2.775185148351511e-08
3801,-2.7759769594126738e-08
7270,-2.7812221858880548e-08
4592,-2.7868297891586735e-08
3727,-2.7880496134002897e-08
1091,-2.7902335553164903e-08
7350,-2.7953770853628157e-08
5982,-2.8002179242037073e-08
640,-2.8006371444178058e-08
3590,-2.802247500710564e-08
7524,-2.8038106059113943e-08
2486,-2.8190448198017748e-08
650,-2.8231750270890643e-08
4639,-2.823700562260001e-08
3872,-2.826667522271009e-08
2282,-2.829365808310058e-08
2267,-2.8320607192711122e-08
1145,-2.8338202895383802e-08
3925,-2.836486423518636e-08
1927,-2.83844734383365e-08
5814,-2.8406762275778874e-08
4975,-2.8434458343440383e-08
6470,-2.8497459503284972e-08
5859,-2.8534704377136677e-08
4216,-2.8635053439529656e-08
3894,-2.8702377363742926e-08
1600,-2.87374657403916e-08
1013,-2.8789552075636493e-08
2178,-2.8827699338762613e-08
4945,-2.8864753254254083e-08
1759,-2.8903182958117668e-08
3551,-2.8929645345954214e-08
6859,-2.894832018540683e-08
2120,-2.9040791105217068e-08
7477,-2.906237117628052e-08
1632,-2.909341834111956e-08
2688,-2.9095762243969148e-08
562,-2.9124182177042712e-08
1504,-2.9204849205655137e-08
940,-2.9232337439566436e-08
4161,-2.926807507463991e-08
5712,-2.9268472090393516e-08
3167,-2.9296848502724515e-08
1856,-2.9341252982817423e-08
7293,-2.9351147290412882e-08
6734,-2.9389109812427705e-08
3052,-2.9394058742582274e-08
5348,-2.9461580730583137e-08
1963,-2.9567624793003233e-08
7956,-2.9595600636866948e-08
7000,-2.988040037621431e-08
6550,-2.99210665133387e-08
833,-2.998100967488426e-08
40,-2.9987547556231675e-08
2247,-3.0012609286700354e-08
4133,-3.014501892550925e-08
455,-3.0235604242534464e-08
3843,-3.032274875636176e-08
7252,-3.034129925083562e-08
2458,-3.0399542438885874e-08
5906,-3.042147334042511e-08
3438,-3.045632901432782e-08
6962,-3.046784868843133e-08
6389,-3.04760661151704e-08
7207,-3.048443275588397e-08
5131,-3.061322040309733e-08
29,-3.082137389753825e-08
2277,-3.0854684140990685e-08
7933,-3.0937439277067824e-08
452,-3.102917034425445e-08
5116,-3.1035527925382667e-08
5307,-3.1043200010572036e-08
970,-3.111663549049126e-08
4717,-3.1125072297299994e-08
482,-3.116068647557313e-08
6512,-3.116464952768183e-08
308,-3.1237082254165216e-08
2176,-3.146590721314624e-08
1042,-3.1503001096666594e-08
5383,-3.151403760170979e-08
5481,-3.152030814135287e-08
3151,-3.166328355064252e-08
2311,-3.171596851814229e-08
5530,-3.175298246560487e-08
4773,-3.1776350439827183e-08
7371,-3.1822693813410297e-08
3986,-3.182715602179087e-08
6462,-3.1872637862306874e-08
6460,-3.1902636976610665e-08
411,-3.1918897747118535e-08
4357,-3.193821918046069e-08
1433,-3.204147347446451e-08
3904,-3.204399945389014e-08
2733,-3.2063526944625664e-08
6712,-3.211489207899376e-08
1620,-3.2185758058744796e-08
1323,-3.2244045655716036e-08
5460,-3.231012080107121e-08
4157,-3.233658496526459e-08
3759,-3.2339238842382656e-08
1130,-3.23929008061441e-08
5909,-3.2419688267282254e-08
3850,-3.250209346106203e-08
5699,-3.2512803116446776e-08
7297,-3.251490099387411e-08
4061,-3.2650416592616693e-08
4111,-3.267966164344216e-08
4536,-3.276312199318454e-08
3930,-3.281806293387035e-08
1736,-3.2849449382865714e-08
2790,-3.288182526262062e-08
1318,-3.296171513511581e-08
4101,-3.3024257106717414e-08
3279,-3.3053334291821557e-08
6317,-3.310888807561696e-08
2356,-3.3229481388730164e-08
1533,-3.324954001016067e-08
3087,-3.3250390885086745e-08
1902,-3.330360165421098e-08
6051,-3.330587272643015e-08
373,-3.331195319589142e-08
7105,-3.335285114758335e-08
2036,-3.336718901181257e-08
685,-3.341045307081458e-08
2802,-3.3446348801646764e-08
109,-3.348553878623761e-08
4001,-3.3522963960308516e-08
3306,-3.3533096299720455e-08
947,-3.353375888082155e-08
3851,-3.354637634345181e-08
2096,-3.357742173193401e-08
6517,-3.3595474846492834e-08
3434,-3.363301637193672e-08
2857,-3.3715044978066544e-08
3121,-3.3744862903972717e-08
6836,-3.378252344532484e-08
54,-3.378297108724837e-08
3526,-3.3788348119401235e-08
1861,-3.38263079768808e-08
4839,-3.3826344392196006e-08
3870,-3.383338231799371e-08
7266,-3.3899265616810226e-08
3203,-3.393266823081831e-08
3442,-3.394242753529397e-08
2770,-3.401781256684444e-08
2374,-3.404213266833267e-08
3875,-3.405821313862134e-08
1136,-3.406414705864336e-08
1120,-3.407166637714454e-08
7874,-3.4113821101300346e-08
1695,-3.4138432525310236e-08
7764,-3.416462845962087e-08
6192,-3.417696170515683e-08
688,-3.422522354412649e-08
909,-3.4252225944442216e-08
3227,-3.426447570120672e-08
6320,-3.434383089029325e-08
5079,-3.438537632405314e-08
3011,-3.441271090309783e-08
5013,-3.4449547214876475e-08
2403,-3.456980834926071e-08
2421,-3.4582740227051545e-08
5199,-3.458450414939307e-08
2726,-3.4617064770259276e-08
4702,-3.4677903215651895e-08
6406,-3.472871590304294e-08
2431,-3.474234588907166e-08
613,-3.501070544587037e-08
4341,-3.5079700921869517e-08
2546,-3.510327672984204e-08
2166,-3.512181123710434e-08
312,-3.514011925886962e-08
5902,-3.519900282356048e-08
6583,-3.5231795258994225e-08
2565,-3.532376702253259e-08
8,-3.5353018290607e-08
3974,-3.5452865532192845e-08
5120,-3.5470486992039696e-08
4019,-3.548457350177614e-08
7409,-3.5579963864051933e-08
6535,-3.5610522530760136e-08
3385,-3.5614553084428735e-08
6138,-3.567182815800152e-08
4910,-3.569427420302418e-08
1881,-3.5738295878218196e-08
2008,-3.585660834914961e-08
6347,-3.588972852242023e-08
3699,-3.590500696759591e-08
3429,-3.596414721585006e-08
1117,-3.599164521972398e-08
2746,-3.5997344660643193e-08
323,-3.6085953780684576e-08
4629,-3.6230346722732065e-08
4415,-3.6238791523146574e-08
2471,-3.6248028578711455e-08
4664,-3.626185396399251e-08
5004,-3.647113189231277e-08
718,-3.647716440013937e-08
3815,-3.661317293790489e-08
4875,-3.666735004514976e-08
3555,-3.669851622589704e-08
5103,-3.676541560082569e-08
6337,-3.677566162707535e-08
122,-3.677832616233445e-08
4463,-3.6805234415737687e-08
774,-3.681937776889299e-08
6898,-3.685990712654075e-08
7793,-3.68677408602025e-08
7784,-3.687221727943779e-08
1705,-3.70410653260933e-08
6065,-3.704853845931666e-08
5584,-3.707851981005206e-08
3332,-3.713834573204622e-08
902,-3.718300867205926e-08
2249,-3.718703034394366e-08
578,-3.719920371736407e-08
4518,-3.7245305506417026e-08
3634,-3.7262781305003045e-08
5125,-3.729415354314369e-08
6513,-3.7394613627839135e-08
2146,-3.740112042294186e-08
4605,-3.740729681567245e-08
7490,-3.746530197190623e-08
7138,-3.74824509208338e-08
3724,-3.7530766050508646e-08
338,-3.765861400495396e-08
2139,-3.771917889139331e-08
3105,-3.773823920028008e-08
2916,-3.776604096117353e-08
1769,-3.7810753639178074e-08
2225,-3.785921265375691e-08
1606,-3.786552760232098e-08
5037,-3.7891432214109955e-08
5667,-3.8022822224093034e-08
1515,-3.803676307256865e-08
1562,-3.805488546504421e-08
141,-3.8065378404894545e-08
3731,-3.8076749753201966e-08
3716,-3.8161406479275684e-08
3534,-3.817717164622536e-08
1965,-3.81772906621336e-08
1700,-3.819568306084875e-08
899,-3.820518390540428e-08
5112,-3.8217406128637776e-08
1201,-3.822802518982371e-08
3639,-3.822828986699278e-08
7572,-3.8339052821356745e-08
6156,-3.8340715491358424e-08
3002,-3.834454442852575e-08
5890,-3.836717965555181e-08
6109,-3.842465545744744e-08
1309,-3.8440672867068315e-08
5497,-3.848251139970671e-08
7474,-3.863702779938194e-08
6006,-3.864994191360438e-08
3780,-3.8699361937233334e-08
5690,-3.875950582710175e-08
6333,-3.878393606271402e-08
4608,-3.8847037586720035e-08
7975,-3.886497879079798e-08
38,-3.888833077780873e-08
7896,-3.9035496612882525e-08
4843,-3.9089018244453655e-08
1076,-3.9101843540834125e-08
1859,-3.9115848338155956e-08
5007,-3.9227931125651594e-08
1789,-3.923836899843991e-08
6215,-3.925655178704801e-08
4925,-3.93192465253378e-08
7923,-3.939087811488662e-08
4887,-3.9437562548982896e-08
1753,-3.945809723404636e-08
390,-3.948037630152612e-08
3025,-3.953052107874555e-08
1306,-3.953098826059431e-08
3242,-3.956191996223879e-08
6027,-3.958828287409233e-08
7629,-3.977922702347314e-08
4908,-3.978504281576534e-08
3042,-3.9803651930014894e-08
6700,-3.980568230588233e-08
729,-3.9918178984521546e-08
6665,-3.992522579210345e-08
2723,-4.0005856405400664e-08
7765,-4.001667974762313e-08
526,-4.004936826618177e-08
2101,-4.00552622181749e-08
4120,-4.0261074474301495e-08
5177,-4.0283136826246846e-08
682,-4.028514766218905e-08
7182,-4.030066236282437e-08
5952,-4.035897305243452e-08
5935,-4.042725620934107e-08
6697,-4.043364221217871e-08
4032,-4.045573120947665e-08
2245,-4.0488036034957986e-08
4215,-4.050627744334179e-08
2963,-4.0561225489454955e-08
209,-4.0575796944608555e-08
6132,-4.064695602323809e-08
2312,-4.0717136329249115e-08
5373,-4.0729046801857294e-08
4011,-4.0754482455440666e-08
2450,-4.0791185540456354e-08
2270,-4.084201421505895e-08
6386,-4.092194139104777e-08
1857,-4.0971414705381903e-08
5634,-4.0992702565745276e-08
3906,-4.1042142129299464e-08
1912,-4.105362449990935e-08
815,-4.106268747250397e-08
3633,-4.1258353178363905e-08
5056,-4.126849617591688e-08
6631,-4.128410857617837e-08
3067,-4.130294328774653e-08
6348,-4.151971744192906e-08
6684,-4.157813293659274e-08
584,-4.162941813490306e-08
199,-4.173146983532661e-08
4391,-4.1763728475530115e-08
1365,-4.184926183370408e-08
7172,-4.193411307085171e-08
7715,-4.1971041753186e-08
7508,-4.1973697406660904e-08
1870,-4.2009261846942536e-08
1688,-4.207881865170293e-08
3911,-4.212285986682218e-08
3440,-4.220790472686531e-08
1027,-4.2217870088734344e-08
5673,-4.2325739357806924e-08
7562,-4.232961003935998e-08
2542,-4.2427888757856635e-08
814,-4.24446948699142e-08
5139,-4.247719687100471e-08
5190,-4.250648188985906e-08
3101,-4.2580959203064594e-08
4526,-4.259977615106436e-08
2624,-4.2638886199597437e-08
1611,-4.265466735375867e-08
2287,-4.2755317508635926e-08
2401,-4.2939724664847745e-08
1816,-4.305878320565171e-08
2414,-4.3142637906612435e-08
7983,-4.315775115060205e-08
1022,-4.316614266031138e-08
7495,-4.3323041154508246e-08
763,-4.3337642807728116e-08
362,-4.334992986798625e-08
4550,-4.342349768649001e-08
5534,-4.3459143839186254e-08
4218,-4.348447824042978e-08
6234,-4.350212812198606e-08
7368,-4.3532768501108876e-08
3421,-4.3548201489329585e-08
223,-4.375794659949861e-08
84,-4.3768356050577495e-08
6957,-4.382499696475861e-08
4544,-4.3877346200815737e-08
5258,-4.398920694370645e-08
3742,-4.4003762411648495e-08
224,-4.4054319303654665e-08
3601,-4.4064536908194896e-08
7947,-4.413324816709974e-08
1501,-4.427777788862386e-08
1563,-4.4373901886274325e-08
3744,-4.4394990794671685e-08
6493,-4.4397303611276584e-08
2141,-4.4399200760381063e-08
2764,-4.442907375334926e-08
5562,-4.449016799412675e-08
3757,-4.458240354665577e-08
6349,-4.4688473366250037e-08
3822,-4.468923719969098e-08
2183,-4.484632576406966e-08
7066,-4.489184846079297e-08
6695,-4.497271888226351e-08
6380,-4.5049082686432484e-08
3214,-4.5134529003121315e-08
7150,-4.5155319483569656e-08
3916,-4.527601049630903e-08
4533,-4.5290025951771895e-08
6446,-4.540561704402535e-08
1366,-4.542472353818994e-08
5536,-4.5528185665943965e-08
4212,-4.5649359847743654e-08
1028,-4.566528488680888e-08
1585,-4.567419686907215e-08
6546,-4.577685075446425e-08
7674,-4.5779147583857593e-08
5887,-4.5812784676968477e-08
4360,-4.6020501187626905e-08
3934,-4.6080302240625315e-08
3437,-4.620073745797981e-08
1059,-4.623162830341698e-08
3399,-4.630346239764549e-08
2279,-4.634181394180814e-08
585,-4.638158657144231e-08
4399,-4.658335761575927e-08
7499,-4.6639581086083126e-08
5926,-4.665100838963099e-08
546,-4.677614739989622e-08
1463,-4.6905027417665224e-08
4771,-4.6909262252370354e-08
5224,-4.6991715407784795e-08
7557,-4.702436662284981e-08
6995,-4.704989464698883e-08
2055,-4.712380885507628e-08
2527,-4.7134120606528995e-08
5868,-4.723604973833062e-08
3336,-4.7257572077796794e-08
2154,-4.731697700322002e-08
1926,-4.743118253713874e-08
922,-4.771003503378779e-08
1618,-4.77680597299468e-08
6308,-4.782018336868532e-08
3515,-4.7828404348138065e-08
2949,-4.788912733033612e-08
5343,-4.80132946734102e-08
458,-4.815018428416806e-08
2567,-4.816808285568186e-08
3807,-4.817400700574126e-08
460,-4.819410825973591e-08
2006,-4.831354338818983e-08
2587,-4.8446066713836444e-08
466,-4.847820633813171e-08
4829,-4.8553904008485915e-08
7538,-4.864594771447628e-08
2084,-4.874151215972233e-08
672,-4.8743576286369716e-08
1125,-4.876509152040853e-08
6133,-4.8826745313590436e-08
7690,-4.8859803314371675e-08
2415,-4.8877931035917754e-08
3073,-4.889265703411638e-08
2107,-4.8980314915070267e-08
7966,-4.921632879018034e-08
5622,-4.924663876693103e-08
3711,-4.942949516362205e-08
4813,-4.9484899733442944e-08
5610,-4.958772237273479e-08
7056,-4.9604174989781313e-08
7803,-4.980886814109908e-08
6543,-4.988144119977278e-08
1316,-4.995537494778546e-08
5269,-4.998186931004511e-08
7481,-5.019424165197961e-08
7227,-5.03134458540444e-08
4400,-5.034019778804577e-08
5867,-5.035577110845679e-08
577,-5.038901917941985e-08
2648,-5.040991624127855e-08
2121,-5.04352968277999e-08
6872,-5.049771445442275e-08
5798,-5.049789564282037e-08
396,-5.05100068437514e-08
333,-5.051369811326367e-08
4404,-5.0524466388424116e-08
1356,-5.053076890249031e-08
3568,-5.0536407059098565e-08
6160,-5.0554389119383814e-08
5340,-5.0587111388722406e-08
329,-5.061056285171617e-08
1777,-5.06188193583057e-08
2246,-5.063653674142188e-08
3159,-5.0951385333064536e-08
3743,-5.096139332749772e-08
5784,-5.109688849813665e-08
2994,-5.113200707285159e-08
7002,-5.116830337215106e-08
490,-5.1170980341908034e-08
3311,-5.1189873673251896e-08
1520,-5.150300808054453e-08
2517,-5.1555657520907516e-08
4411,-5.1640071774272656e-08
620,-5.173418671233776e-08
6292,-5.176956996422177e-08
137,-5.185822082864888e-08
7630,-5.187637697190439e-08
2432,-5.1944340384579846e-08
3535,-5.19651539576671e-08
1703,-5.210681486289559e-08
3072,-5.2143322548658944e-08
2536,-5.2190440413824035e-08
367,-5.246182510632025e-08
4332,-5.2506404557561837e-08
4915,-5.259996171957937e-08
3046,-5.263273727962314e-08
5841,-5.270626601827644e-08
7589,-5.323492402453667e-08
3342,-5.3257563692454823e-08
5144,-5.3261674182181196e-08
2677,-5.3648962605734596e-08
5169,-5.369459543658195e-08
7246,-5.381847678620488e-08
4297,-5.3908689068293825e-08
6190,-5.402588243441642e-08
5064,-5.4078189037909397e-08
7133,-5.4151820805259376e-08
7402,-5.421753357381931e-08
1362,-5.422235815899512e-08
1104,-5.4237981217397646e-08
451,-5.430887561885811e-08
5174,-5.43185052492845e-08
7637,-5.4405361993303814e-08
198,-5.448545259412185e-08
5451,-5.4563518148142975e-08
4148,-5.470439568000529e-08
6430,-5.477848041834932e-08
4171,-5.4823210859922256e-08
276,-5.483529008643018e-08
4884,-5.484662679577923e-08
5704,-5.5075474847399164e-08
5761,-5.520821133586651e-08
5854,-5.528089808137793e-08
3285,-5.531903468636301e-08
1954,-5.546239378872997e-08
6322,-5.56349259994704e-08
2613,-5.563861193991215e-08
248,-5.5696329326337946e-08
6346,-5.5724850511751356e-08
7663,-5.572758965399771e-08
1276,-5.574254302587178e-08
4301,-5.5868179416052044e-08
2329,-5.5957002587092575e-08
3636,-5.606991848594589e-08
28,-5.611485143219852e-08
7143,-5.6116228108749056e-08
1613,-5.612261588794354e-08
3084,-5.629486388158966e-08
1950,-5.630317190252754e-08
7949,-5.631066635203297e-08
7530,-5.6315446528287794e-08
1031,-5.6345772492250035e-08
5693,-5.649988388256588e-08
7932,-5.663033419978092e-08
674,-5.687352455652217e-08
3994,-5.6903775913497157e-08
6750,-5.7096798400380067e-08
6035,-5.71117411141131e-08
3215,-5.738316843917346e-08
2553,-5.743241437983215e-08
4863,-5.786265511176225e-08
5580,-5.8088303944714426e-08
1224,-5.815877557324711e-08
7791,-5.817510739802856e-08
64,-5.8190988028172796e-08
7991,-5.825999771502666e-08
2719,-5.8290211768508016e-08
607,-5.832174032605053e-08
2734,-5.8398471836085264e-08
4631,-5.8436672389916566e-08
2890,-5.868767871675118e-08
6660,-5.8770353916770546e-08
6621,-5.8931096447167874e-08
1989,-5.8961365567711255e-08
5430,-5.9017224884883035e-08
220,-5.903246425020825e-08
1293,-5.910222000693466e-08
3015,-5.910668043895839e-08
1960,-5.9174057653876844e-08
6598,-5.921301315936489e-08
6030,-5.923138957086849e-08
3486,-5.9301056509752925e-08
6883,-5.9338614022408365e-08
2937,-5.9540017360859565e-08
6225,-5.9596317214527517e-08
1992,-5.960710680597003e-08
5135,-5.975422290305232e-08
4168,-5.978189676625334e-08
4818,-5.986969853211122e-08
2237,-5.993742746568387e-08
6168,-6.011078212964094e-08
6041,-6.027758203686062e-08
2580,-6.028250787437628e-08
3001,-6.044080436140575e-08
4882,-6.051165968301575e-08
2514,-6.051598333556285e-08
4362,-6.06458030460999e-08
7695,-6.068404978520903e-08
2026,-6.09406942686519e-08
3461,-6.106758654311761e-08
5229,-6.11852666310142e-08
138,-6.125409157675676e-08
93,-6.12779160746868e-08
3608,-6.134382246614223e-08
7648,-6.14447976943211e-08
7242,-6.147062947547965e-08
2582,-6.170450106424141e-08
7033,-6.179249822935162e-08
519,-6.186525780549346e-08
2286,-6.191883272776977e-08
1896,-6.207311287198536e-08
7946,-6.222358805985095e-08
345,-6.224874837812422e-08
1049,-6.231046967286602e-08
1634,-6.236734151343626e-08
7528,-6.237030270028754e-08
4613,-6.243205064038193e-08
3655,-6.251030981729855e-08
6776,-6.253643114462193e-08
6355,-6.25416554100866e-08
4130,-6.26078531240637e-08
1919,-6.266332697180133e-08
7879,-6.268951935339828e-08
3183,-6.271703867355427e-08
818,-6.274554387175613e-08
2190,-6.275536534872117e-08
3060,-6.276587072306938e-08
3175,-6.27960510257708e-08
2388,-6.285308629117026e-08
2670,-6.285434750452623e-08
3471,-6.318222389722905e-08
7578,-6.32291818902786e-08
5325,-6.331810809001581e-08
302,-6.337804592249086e-08
4997,-6.345002923069387e-08
7822,-6.347675096662897e-08
6910,-6.358457937949424e-08
1334,-6.365561233678818e-08
4783,-6.371771377189361e-08
2906,-6.38047588097379e-08
6580,-6.380996353527735e-08
4437,-6.395994134322791e-08
6052,-6.402253127646418e-08
6408,-6.40298267740036e-08
625,-6.41636255238609e-08
449,-6.41982147442377e-08
7988,-6.431060839418024e-08
5780,-6.432503951714352e-08
7360,-6.433873167566162e-08
4128,-6.440689759301677e-08
2896,-6.456552448241837e-08
1830,-6.465596413818275e-08
7038,-6.466934010518344e-08
6287,-6.472537350532548e-08
3,-6.487451287284784e-08
894,-6.49222648974046e-08
4261,-6.494687809777133e-08
2265,-6.503807981061982e-08
1932,-6.515190165146123e-08
6066,-6.518925133036646e-08
5768,-6.523869444663433e-08
7978,-6.560966880897467e-08
6445,-6.567725563400018e-08
7701,-6.577710109922918e-08
2687,-6.57963532546546e-08
2173,-6.58292336197519e-08
1555,-6.585553791182974e-08
7770,-6.585564094052643e-08
3171,-6.598853019568196e-08
745,-6.61810624080772e-08
1408,-6.651978168292771e-08
1934,-6.652532036355296e-08
6933,-6.668835439427312e-08
3322,-6.673780994503886e-08
5466,-6.696099674741163e-08
7008,-6.697600518634772e-08
857,-6.714258660167616e-08
1405,-6.7163426820116e-08
7369,-6.720479461819195e-08
385,-6.720661005488182e-08
7665,-6.728184942517146e-08
903,-6.732143020826697e-08
1093,-6.738360269764598e-08
4741,-6.738398283800962e-08
3319,-6.750236991592828e-08
7561,-6.800519969374363e-08
4135,-6.803613672445863e-08
2807,-6.820720344080655e-08
581,-6.820958731168503e-08
382,-6.823353260188014e-08
712,-6.825254672548908e-08
3921,-6.840909705374543e-08
3680,-6.848912192936041e-08
82,-6.881142411430119e-08
2307,-6.890114434554562e-08
7160,-6.898798332599654e-08
7042,-6.906648408744331e-08
6803,-6.92749111408375e-08
4099,-6.944065944480826e-08
1791,-6.97095430268746e-08
2482,-6.989355227915439e-08
7934,-7.01785616286088e-08
5554,-7.01785616286088e-08
2106,-7.028003778941638e-08
1194,-7.03879354801984e-08
5438,-7.039226446181601e-08
3161,-7.040221206011665e-08
6939,-7.05445337700894e-08
2442,-7.068363316875548e-08
3884,-7.070978824685881e-08
4965,-7.076867092337125e-08
3520,-7.087927045290598e-08
6252,-7.095058762729423e-08
5542,-7.09924705688536e-08
1860,-7.102159926830609e-08
5740,-7.11260206287534e-08
7958,-7.118007516737634e-08
426,-7.130898183049794e-08
3976,-7.136246793493228e-08
7987,-7.154656245234037e-08
1292,-7.167395210672112e-08
1291,-7.170442017923051e-08
7859,-7.17891701640383e-08
1764,-7.181065697636768e-08
6295,-7.186655537338993e-08
1414,-7.20439317092314e-08
5581,-7.205917285091346e-08
2788,-7.216603137294442e-08
3658,-7.217624187205729e-08
425,-7.227411202848089e-08
5362,-7.252888600817187e-08
282,-7.256199907601513e-08
2262,-7.26370821269029e-08
7449,-7.265487766972001e-08
6163,-7.303548699155726e-08
4495,-7.314077166142852e-08
144,-7.334066509656623e-08
1615,-7.335880880532386e-08
6388,-7.34542915381553e-08
208,-7.350894826174681e-08
4113,-7.357379061545544e-08
2711,-7.361109766179652e-08
1496,-7.363615850408678e-08
5178,-7.367786380996222e-08
1116,-7.375904687023649e-08
3790,-7.395528456299871e-08
5077,-7.399053814083345e-08
605,-7.40369507923333e-08
7126,-7.40469552340528e-08
4456,-7.410809388375128e-08
5253,-7.414294245222663e-08
5664,-7.419309966394394e-08
953,-7.429113324519676e-08
1279,-7.431875914676311e-08
1238,-7.44937374008714e-08
1719,-7.450005767850598e-08
504,-7.45376098620909e-08
3630,-7.469693485973039e-08
2485,-7.478976371544377e-08
881,-7.486119102395605e-08
3313,-7.504625187948477e-08
5233,-7.535474111364238e-08
2925,-7.546960745230535e-08
7544,-7.551450309506436e-08
4851,-7.55597611146186e-08
3830,-7.558039172295139e-08
4789,-7.559240700061309e-08
2477,-7.560630166381088e-08
3538,-7.56613331986955e-08
5247,-7.585844485902271e-08
7761,-7.587705042055859e-08
6477,-7.599060936058777e-08
6764,-7.627082609928948e-08
1045,-7.631793863538405e-08
6125,-7.637737553523039e-08
4817,-7.645314070714448e-08
2492,-7.651115296880562e-08
6618,-7.659662770720388e-08
2040,-7.685792979827966e-08
7928,-7.695259540696497e-08
3474,-7.699082615886255e-08
4136,-7.709050109383497e-08
2811,-7.711910754437667e-08
1885,-7.714873007103051e-08
6491,-7.72121957481886e-08
3806,-7.740225882457707e-08
7433,-7.746706387479207e-08
284,-7.749242314503135e-08
7142,-7.760610998275297e-08
313,-7.764893439343723e-08
6831,-7.76659661028134e-08
4447,-7.770825760644584e-08
1446,-7.776037236340017e-08
5685,-7.78368693943321e-08
3172,-7.785553179928684e-08
7045,-7.790026756993029e-08
4651,-7.79497213443392e-08
361,-7.837790150233559e-08
2362,-7.852983330280949e-08
4693,-7.875381058397579e-08
4781,-7.877416052792796e-08
1470,-7.894649201034554e-08
401,-7.916912991845493e-08
7993,-7.94812287097102e-08
4062,-7.953265779292451e-08
3942,-7.962284342966086e-08
5406,-7.983368632835663e-08
447,-7.99410813101531e-08
4079,-7.996860773573644e-08
1381,-7.997014961347304e-08
6172,-8.014315255877591e-08
2281,-8.052293054561233e-08
2011,-8.062483658477504e-08
6895,-8.069956436429493e-08
2669,-8.07016640180791e-08
893,-8.071457102687418e-08
3355,-8.073605783920357e-08
4868,-8.093038061929292e-08
3138,-8.094589887264192e-08
1888,-8.100717607817387e-08
5403,-8.111167915103579e-08
5055,-8.11902580721835e-08
2032,-8.120593264493436e-08
1538,-8.154457020737027e-08
1593,-8.154979269647811e-08
1721,-8.155955555366745e-08
5202,-8.182748700846787e-08
691,-8.213504187892795e-08
550,-8.218145097771412e-08
4964,-8.25917680913335e-08
4252,-8.264937889634894e-08
4431,-8.266561479786105e-08
530,-8.294167841427225e-08
2366,-8.294906450601047e-08
7199,-8.311036481245537e-08
6176,-8.33303310798783e-08
2720,-8.346345836685032e-08
2686,-8.392991901473579e-08
7314,-8.403142004453912e-08
3184,-8.403836915249485e-08
6497,-8.415943497652734e-08
1846,-8.416529340138368e-08
5128,-8.441880794407552e-08
2182,-8.44205203520687e-08
4302,-8.460842693125414e-08
6291,-8.462617628879343e-08
5035,-8.495643299966105e-08
1436,-8.506159687726722e-08
3464,-8.524131445142302e-08
2758,-8.526393102670227e-08
1269,-8.528093076165533e-08
3309,-8.543735319221923e-08
4511,-8.545742957721814e-08
4905,-8.548505547878449e-08
6996,-8.551995378525135e-08
6820,-8.553077179840329e-08
5401,-8.55777457786644e-08
5759,-8.573751131280005e-08
913,-8.592038369670263e-08
178,-8.592908429250201e-08
3103,-8.598755840694139e-08
7849,-8.607851142983236e-08
3389,-8.629558223560707e-08
1763,-8.634145487462774e-08
2942,-8.645355009662126e-08
6659,-8.650595262338356e-08
4228,-8.656085981328943e-08
6937,-8.673434237493893e-08
5582,-8.693076836152613e-08
5321,-8.697536202362244e-08
659,-8.700476072931451e-08
1808,-8.771804260732097e-08
2572,-8.778483362448242e-08
7759,-8.785016802903556e-08
7829,-8.792803285473383e-08
3411,-8.817202257205281e-08
1848,-8.824241604088456e-08
7039,-8.825185915384282e-08
2294,-8.827117525811445e-08
3217,-8.830379982782688e-08
1669,-8.846486920788266e-08
1687,-8.867271006351984e-08
7584,-8.888991942512803e-08
5691,-8.892860492437649e-08
3267,-8.89827660444098e-08
2543,-8.92898306403822e-08
812,-8.954270924732555e-08
6161,-8.961386654959824e-08
6298,-8.962426178982241e-08
4276,-8.973836784775813e-08
1666,-8.976931553661416e-08
835,-8.984732602357326e-08
2015,-8.993178468585938e-08
3705,-8.997520950515536e-08
4187,-9.004221723785122e-08
6000,-9.004561363212815e-08
2795,-9.01320795776428e-08
6756,-9.0258136964394e-08
157,-9.029602310306473e-08
2187,-9.053009719650618e-08
2737,-9.061116301722905e-08
4196,-9.07039954256561e-08
4723,-9.098891240455487e-08
3598,-9.125184163849553e-08
3746,-9.139972689808928e-08
2799,-9.177339421739816e-08
4247,-9.200620709748364e-08
3687,-9.211368023898103e-08
6084,-9.224516617223344e-08
7121,-9.226771524595279e-08
2913,-9.232801545522307e-08
4293,-9.246272014706847e-08
218,-9.292668323723774e-08
3959,-9.301409775730463e-08
4713,-9.307437665029283e-08
4895,-9.311410309464918e-08
788,-9.315014892763429e-08
942,-9.319852267708484e-08
747,-9.324708827307404e-08
6720,-9.326878469551048e-08
5914,-9.343121476490523e-08
4389,-9.34339681180063e-08
917,-9.380397258951234e-08
2559,-9.388663357867699e-08
6476,-9.397650302389593e-08
3337,-9.40083317857443e-08
7075,-9.408815770939327e-08
7291,-9.414295121246141e-08
6762,-9.414705459676043e-08
267,-9.42240632184621e-08
7194,-9.470850415027599e-08
6444,-9.479730778139128e-08
4259,-9.480914897608272e-08
1452,-9.490118202393205e-08
7853,-9.503006737077158e-08
6117,-9.50435534718963e-08
7112,-9.545375689867797e-08
2707,-9.550468149654989e-08
4939,-9.560659819385364e-08
7894,-9.571840919875285e-08
6906,-9.577109594260946e-08
761,-9.579508386536872e-08
2181,-9.585678384382845e-08
4662,-9.620383423225576e-08
4666,-9.624020336218564e-08
5722,-9.626801045214961e-08
155,-9.634515762968476e-08
1671,-9.641206943911129e-08
4407,-9.642080911476114e-08
143,-9.647980192539762e-08
5772,-9.649790300159111e-08
1577,-9.662455724424035e-08
3064,-9.672874057287117e-08
3477,-9.673634338014381e-08
6822,-9.678825918513212e-08
7245,-9.700524117306486e-08
971,-9.711056847550026e-08
5592,-9.728891114946236e-08
5644,-9.752842800025974e-08
5180,-9.763501651605111e-08
1246,-9.764985264837378e-08
5653,-9.765928865590467e-08
6023,-9.766818820367007e-08
3628,-9.770842979150984e-08
6760,-9.780432463912803e-08
5767,-9.796643496429169e-08
7741,-9.802039002693164e-08
5977,-9.805877709823108e-08
4919,-9.815995127837596e-08
5312,-9.81688259571456e-08
7801,-9.837991399308521e-08
6997,-9.845978254929832e-08
5957,-9.847117610206624e-08
2860,-9.851697413409966e-08
2323,-9.851893878476403e-08
5017,-9.869118144933964e-08
6670,-9.877019380155616e-08
3570,-9.925426525114744e-08
1967,-9.951174462230483e-08
6153,-9.953463475653734e-08
6259,-9.960032798517204e-08
7904,-9.97328619689597e-08
1597,-9.981370752143448e-08
3893,-1.0012995943498026e-07
392,-1.0013391005259109e-07
1245,-1.0041883768963089e-07
4017,-1.0057635790872155e-07
4759,-1.0084323065484568e-07
7885,-1.0091132196521357e-07
5998,-1.0095380531538467e-07
5896,-1.0121696902842814e-07
548,-1.0132024996778455e-07
5961,-1.0140972506178514e-07
3000,-1.0152411888952884e-07
1401,-1.0163909536231586e-07
6183,-1.0186131760292483e-07
6572,-1.0215711654382176e-07
6434,-1.02307097904486e-07
6013,-1.0243951464872225e-07
6443,-1.0243970649526091e-07
105,-1.0244614756516057e-07
1140,-1.02656109390864e-07
555,-1.0266423089433374e-07
1743,-1.0280908924187315e-07
2778,-1.0287818241749846e-07
5416,-1.0316082210692912e-07
7195,-1.0340556144683433e-07
1113,-1.0345008050194338e-07
6722,-1.0355581991916551e-07
6710,-1.036827015354902e-07
4110,-1.0375032388765248e-07
342,-1.0384892235038024e-07
2814,-1.0385241822064017e-07
5448,-1.0413890549898497e-07
7191,-1.0422669305398813e-07
3802,-1.0428515295757279e-07
5969,-1.0439320163868615e-07
634,-1.0464725974657085e-07
7749,-1.0467494604426975e-07
7241,-1.0479907075477968e-07
1949,-1.048358022615048e-07
5193,-1.0494002111727241e-07
4035,-1.0505499403734575e-07
864,-1.0515288551005142e-07
397,-1.0553118556799745e-07
5268,-1.0560847840679344e-07
2806,-1.056691161238632e-07
5074,-1.0613890211175203e-07
3380,-1.0624603419273626e-07
6759,-1.0634288472033404e-07
1007,-1.0635119807034243e-07
2839,-1.0636373559691492e-07
1431,-1.0645053549751538e-07
6555,-1.0660626514891192e-07
6903,-1.0673754147205727e-07
6309,-1.0675299932927373e-07
6239,-1.0675503858692537e-07
6522,-1.0707966424661208e-07
1508,-1.0739288569538985e-07
6610,-1.0739317701791151e-07
6392,-1.0764439295485317e-07
7866,-1.0793056759439423e-07
7115,-1.0837580077804887e-07
6049,-1.084509406723555e-07
1637,-1.0847612230691084e-07
2952,-1.0847850617778931e-07
188,-1.085512906229269e-07
1459,-1.086576908448933e-07
1176,-1.0870636302229286e-07
4519,-1.087532126575752e-07
3099,-1.0879272238639714e-07
5501,-1.0884441081771001e-07
959,-1.0893985447069099e-07
6362,-1.0929435489970274e-07
6366,-1.0943119121975542e-07
5832,-1.0982775222601049e-07
6227,-1.1051678683315913e-07
5557,-1.1057600346475738e-07
7465,-1.1080135919883105e-07
2147,-1.1085409568067917e-07
2399,-1.1115540488049191e-07
1168,-1.1126275367701055e-07
4147,-1.1142399714003659e-07
2412,-1.1162446611479027e-07
7667,-1.1183713510831694e-07
7980,-1.1246783770957336e-07
1019,-1.1252865306232707e-07
3115,-1.1269192867757738e-07
6581,-1.1270790167827727e-07
4940,-1.128330318067583e-07
2935,-1.1305898084401633e-07
2708,-1.1364578256234381e-07
822,-1.1374053343615742e-07
6983,-1.1377236575071947e-07
2053,-1.1384204867681547e-07
5949,-1.1407526301354665e-07
4231,-1.1411219347223778e-07
6251,-1.1418727652312555e-07
6811,-1.144863901458848e-07
4681,-1.1455095361156964e-07
3104,-1.1468299732086962e-07
3043,-1.1476918615471732e-07
6648,-1.1491657403439604e-07
7236,-1.1493803242501599e-07
4489,-1.1503317054462059e-07
770,-1.1531204791026539e-07
5986,-1.1644434749769061e-07
7554,-1.1650879372382406e-07
1903,-1.1666561050560631e-07
5910,-1.167109111577247e-07
2748,-1.1752072026638416e-07
4359,-1.1790145393320017e-07
4969,-1.1796310062095472e-07
3661,-1.1799251353750151e-07
5118,-1.180134958644885e-07
3781,-1.1807127364704684e-07
272,-1.1812744560302235e-07
6775,-1.1842773517400929e-07
1878,-1.1852831960368349e-07
3402,-1.1867779647900534e-07
7085,-1.1873202510059855e-07
1479,-1.1878620753691393e-07
2875,-1.1883207662322093e-07
3553,-1.1944216282699927e-07
1047,-1.1961865098442104e-07
4126,-1.1970536917260688e-07
1940,-1.1970661262239446e-07
5979,-1.198174643946004e-07
3524,-1.1997020976650674e-07
5283,-1.206105224582643e-07
583,-1.2089216028243754e-07
2592,-1.2153841666417975e-07
7330,-1.2190131570832818e-07
3564,-1.2196862542168674e-07
6838,-1.220213547981075e-07
5897,-1.2240025171195157e-07
2404,-1.2251636860582948e-07
30,-1.2298209384198344e-07
7661,-1.231586352901104e-07
4822,-1.2348719735655322e-07
5922,-1.235018629586193e-07
115,-1.2350544409400754e-07
3751,-1.2381910607928148e-07
2621,-1.239831846078232e-07
6106,-1.24367371512335e-07
7972,-1.2442108854315848e-07
7287,-1.2445789110415717e-07
1182,-1.2489777034829785e-07
7149,-1.2512107261386518e-07
6004,-1.2512329305991443e-07
2960,-1.251392021117681e-07
4644,-1.2531946680383044e-07
5573,-1.2540044380671134e-07
946,-1.2544261096536502e-07
7817,-1.2547176453381326e-07
2443,-1.255540240663322e-07
1196,-1.256216464184945e-07
435,-1.2600163046272428e-07
4129,-1.2601898546904522e-07
4692,-1.261320932144372e-07
187,-1.2618470890402023e-07
4007,-1.2671399218788792e-07
7539,-1.267841156504801e-07
7708,-1.2751941369515407e-07
3485,-1.2777876889913387e-07
3331,-1.2811655736300054e-07
2257,-1.2860195397479401e-07
247,-1.287326227839003e-07
3065,-1.2884047606576132e-07
1668,-1.2897844214876386e-07
980,-1.2919299052782662e-07
7103,-1.2933055870689714e-07
3292,-1.2944613558829587e-07
5306,-1.2949544014873027e-07
4903,-1.296803660011392e-07
1938,-1.2976495256111775e-07
7541,-1.2979250385569685e-07
5869,-1.2980177643839852e-07
6481,-1.2988159170390645e-07
1828,-1.3003533183564286e-07
1030,-1.3033606904855333e-07
1696,-1.3039284851856792e-07
2075,-1.309249313408145e-07
6312,-1.3095699458176568e-07
1134,-1.3130446774312077e-07
2900,-1.3153697864254354e-07
7006,-1.3155915468132662e-07
3694,-1.3176787660995615e-07
177,-1.319488092121901e-07
649,-1.31958831417478e-07
7863,-1.3251083430532162e-07
4031,-1.3282277677717502e-07
1260,-1.329140815187202e-07
4397,-1.3299959533696892e-07
5189,-1.332974974843637e-07
6586,-1.3335080950582778e-07
2275,-1.3338311077859544e-07
7743,-1.3345675142772961e-07
2386,-1.337934492084969e-07
3841,-1.3427110445718426e-07
1129,-1.342906372769903e-07
2957,-1.3454503999810186e-07
7281,-1.3461505687928366e-07
6262,-1.3480001825882937e-07
260,-1.352396701292946e-07
5252,-1.353588601205047e-07
4824,-1.3558321398932094e-07
3473,-1.3578912216871686e-07
1233,-1.3579629154492068e-07
2631,-1.3645682628293798e-07
7205,-1.369556912322878e-07
150,-1.376172988898361e-07
1706,-1.3837071577427196e-07
2783,-1.3839127888104485e-07
2269,-1.3873403759134817e-07
6949,-1.387627577287276e-07
6804,-1.3879714799713838e-07
4898,-1.3911692775536721e-07
7903,-1.391987964893815e-07
193,-1.3953340172179196e-07
3029,-1.3970928947060202e-07
7658,-1.4009863491537544e-07
4978,-1.4013872018381335e-07
14,-1.4017068394878152e-07
7581,-1.4018010219274402e-07
4530,-1.4023253669392943e-07
3012,-1.4030145933929816e-07
2798,-1.407855378943168e-07
6290,-1.4104622891863983e-07
7673,-1.415416122085844e-07
7482,-1.4183868302097835e-07
3125,-1.4197187425679658e-07
2358,-1.420075648184138e-07
1274,-1.4201566500560148e-07
5613,-1.4218284860589847e-07
732,-1.427876554771501e-07
6154,-1.4289064154127118e-07
2616,-1.4299952511009906e-07
7220,-1.431654084171896e-07
1231,-1.4385666702310118e-07
7574,-1.4395234870789864e-07
728,-1.4399369518969252e-07
6925,-1.4444451323925023e-07
2808,-1.4455584818051648e-07
1133,-1.4500231770853134e-07
6029,-1.4512309576275584e-07
1361,-1.4558822414301176e-07
49,-1.4610852616669945e-07
5737,-1.4676505344368707e-07
518,-1.46840278603122e-07
1570,-1.4715772067575017e-07
6742,-1.4738773046474307e-07
3718,-1.4754468935507248e-07
7198,-1.4787867286258916e-07
7913,-1.479806073234613e-07
5911,-1.4826721894678485e-07
3134,-1.484860945311084e-07
7373,-1.4854430929744922e-07
4025,-1.4915909218871093e-07
989,-1.4931610081703184e-07
5660,-1.4946940751769944e-07
3006,-1.495793000572121e-07
6786,-1.4962527927764313e-07
1748,-1.497227515301347e-07
4459,-1.5029667110866285e-07
713,-1.5032235012313322e-07
1477,-1.5032568256856393e-07
3358,-1.5057195668077838e-07
127,-1.508070610611867e-07
6099,-1.5129763397681018e-07
2545,-1.5142995835049078e-07
4210,-1.5147162457651575e-07
6980,-1.5160116362267217e-07
6223,-1.5165498012947864e-07
3542,-1.5171102063504804e-07
2067,-1.5178278545135981e-07
3100,-1.521537029702813e-07
2210,-1.5243362838646135e-07
7587,-1.5256119922923972e-07
4624,-1.52729441538213e-07
2076,-1.5281513299214566e-07
5407,-1.5283601584314965e-07
4747,-1.531257964870747e-07
849,-1.5334406811007284e-07
3294,-1.5337503356249726e-07
5018,-1.53624810650399e-07
4310,-1.5367515260322762e-07
314,-1.539723655241687e-07
4611,-1.5453809254495354e-07
3609,-1.546182204492652e-07
4711,-1.547919055155944e-07
4581,-1.555410094056242e-07
7243,-1.5564830135872398e-07
7185,-1.5566045163950548e-07
6741,-1.5569239764090526e-07
4973,-1.5581262147179586e-07
3260,-1.5590345014970808e-07
101,-1.5594382318795397e-07
6999,-1.5609413850370402e-07
6264,-1.5624707572214902e-07
3230,-1.5633822414429233e-07
2876,-1.5635164629657083e-07
1933,-1.5638308070720086e-07
6912,-1.5654114804419805e-07
7405,-1.5697852262519518e-07
1248,-1.570378600490585e-07
929,-1.5714602596972327e-07
6874,-1.571910672737431e-07
4279,-1.5733511560256375e-07
5482,-1.574201888843163e-07
6777,-1.5765617433771695e-07
1009,-1.5775565032072336e-07
250,-1.5799685115780449e-07
7078,-1.5896874572263187e-07
7736,-1.5898058336460963e-07
5000,-1.590751068647478e-07
2430,-1.592838998476509e-07
7900,-1.5929519747714949e-07
630,-1.5932218389025365e-07
6671,-1.596557055449921e-07
4166,-1.5973528633139722e-07
6889,-1.6009769865377166e-07
7197,-1.6011998837939245e-07
1641,-1.6019565407532355e-07
2637,-1.603223580559643e-07
6122,-1.603530748184312e-07
1043,-1.6046083572973657e-07
4729,-1.6071018649199686e-07
2828,-1.6085535747834e-07
3191,-1.6095762589429796e-07
743,-1.617146665466862e-07
154,-1.618745244513775e-07
6849,-1.6206200825763517e-07
3914,-1.6223060583797633e-07
4879,-1.6252578660669315e-07
3881,-1.625854366693602e-07
7981,-1.6263602020671897e-07
59,-1.6332457875023465e-07
1742,-1.635144784017939e-07
1262,-1.636631736801064e-07
13,-1.6374231393001537e-07
3798,-1.6462915652937227e-07
767,-1.6474776032282534e-07
4500,-1.6535999947109303e-07
4405,-1.653852592653493e-07
2833,-1.6541243041956477e-07
3141,-1.6548132464322407e-07
6984,-1.655383172760594e-07
3457,-1.6559600624077575e-07
6913,-1.659687924870923e-07
3800,-1.661495474536423e-07
1229,-1.6616013454040512e-07
1263,-1.6636636246403214e-07
216,-1.66453965277924e-07
3204,-1.6657635626415868e-07
2997,-1.667766511559421e-07
7915,-1.669306115559266e-07
5040,-1.673048117822873e-07
3343,-1.6745131858897366e-07
6536,-1.676605592138003e-07
3767,-1.6777774192178185e-07
731,-1.685793407091296e-07
4184,-1.68808128364617e-07
2175,-1.6902620103564914e-07
4045,-1.6904189692468208e-07
309,-1.6927928925269953e-07
5636,-1.6977614336610714e-07
2046,-1.699122123000052e-07
2301,-1.7083031167430818e-07
6683,-1.7096864013410595e-07
5637,-1.7151631936940248e-07
5062,-1.7170033572710963e-07
2524,-1.7189612577794833e-07
3509,-1.7268631324895978e-07
4428,-1.729225189706085e-07
2797,-1.7347058189898235e-07
1395,-1.7386251727202762e-07
2043,-1.7391145945566677e-07
5141,-1.7403654339886998e-07
5175,-1.7418899744825467e-07
6896,-1.742461392950645e-07
6519,-1.7466427237877724e-07
204,-1.7479386826835253e-07
5440,-1.7484981640336628e-07
5246,-1.751797711335712e-07
2623,-1.7590761558494705e-07
3436,-1.7734866020191475e-07
7645,-1.775430007455725e-07
6171,-1.7825046683128676e-07
6111,-1.7830640786087315e-07
603,-1.7852021017006336e-07
1675,-1.7873493618481007e-07
6666,-1.7951779796021583e-07
1359,-1.79574747960487e-07
6603,-1.799107707256553e-07
7733,-1.8023094838781617e-07
5097,-1.810944567637307e-07
1975,-1.8129367163055576e-07
1397,-1.8160135795142196e-07
4112,-1.8168520199424165e-07
7137,-1.818373291939679e-07
3673,-1.819240864620042e-07
2180,-1.826637401336484e-07
1958,-1.827171161039587e-07
3093,-1.829145119813802e-07
4926,-1.8299736836979719e-07
2510,-1.8326257844591964e-07
5504,-1.8328869089145883e-07
5033,-1.834044311976868e-07
7334,-1.8357532383106445e-07
3276,-1.8482101182826227e-07
6969,-1.8568945847619034e-07
2558,-1.8626014508527078e-07
213,-1.869811256938192e-07
7030,-1.8743161689371846e-07
116,-1.8828885117727623e-07
7040,-1.88461633854331e-07
852,-1.8900640696983828e-07
6184,-1.890524075065514e-07
4844,-1.89904810099506e-07
1264,-1.8997061346226474e-07
2290,-1.9077907609243994e-07
4271,-1.9083085334159477e-07
6643,-1.9108638582565618e-07
3197,-1.9133763373702095e-07
7498,-1.9276425433645272e-07
2018,-1.9301909759406044e-07
7393,-1.9316065902330593e-07
3317,-1.934388862423475e-07
2980,-1.9372541970597013e-07
7867,-1.9465063871848542e-07
1810,-1.9480081903111568e-07
4460,-1.952370070057441e-07
1628,-1.952739054900121e-07
6649,-1.9529305461674085e-07
5316,-1.9529390726802376e-07
4968,-1.9618978797097952e-07
556,-1.9632158654303566e-07
2451,-1.9658577343761863e-07
6175,-1.9703068687704217e-07
3842,-1.9757091251904058e-07
3955,-1.978336143793058e-07
383,-1.978950834313764e-07
5490,-1.9867029266151803e-07
7525,-1.9875066925578722e-07
6940,-1.9891547253791941e-07
2685,-1.9922568128549756e-07
7460,-1.9932384276444282e-07
6657,-1.9971827924791796e-07
7342,-1.9975227871782408e-07
3364,-2.0035765402326433e-07
5537,-2.003911774295375e-07
5335,-2.0080663887256378e-07
6958,-2.013247240029159e-07
4984,-2.0225930086326116e-07
4008,-2.0317281013149113e-07
4275,-2.0322327998201217e-07
1793,-2.034295576436307e-07
491,-2.03535250875575e-07
4164,-2.0365094144381146e-07
4749,-2.037435749002725e-07
5507,-2.0424710811539626e-07
3957,-2.048067173632262e-07
7862,-2.0531021505121316e-07
3195,-2.0570176673118112e-07
3902,-2.0581687465437426e-07
125,-2.0596015559704028e-07
996,-2.0620956320271944e-07
4703,-2.0702387359960994e-07
7943,-2.083538674924057e-07
3262,-2.09178367072127e-07
1297,-2.0966925973198158e-07
1370,-2.1038833608599816e-07
7060,-2.1130163929683476e-07
5672,-2.1207245026744204e-07
5518,-2.1218025381131156e-07
5360,-2.122097413348456e-07
5698,-2.1226719582045916e-07
5852,-2.1245827497295977e-07
5563,-2.126550313619191e-07
2895,-2.1290640006554895e-07
3160,-2.1292080987223017e-07
5941,-2.131946885697289e-07
3939,-2.1393899629629232e-07
7487,-2.1440177278009287e-07
4474,-2.14819237953634e-07
4349,-2.148293418713365e-07
5506,-2.1500845548416692e-07
943,-2.1506676972649075e-07
6731,-2.1613436729239766e-07
3245,-2.1668311234179782e-07
1507,-2.1787760573488413e-07
6233,-2.1799417737611293e-07
4522,-2.1813751516219781e-07
7203,-2.1847359477078498e-07
3492,-2.1866195254460763e-07
5781,-2.1866203780973592e-07
753,-2.1907456471126352e-07
7677,-2.1964854823863789e-07
5655,-2.2010006262007664e-07
7627,-2.205070330774106e-07
1559,-2.210447433981244e-07
7462,-2.2127592558263132e-07
1063,-2.216371086660729e-07
3312,-2.217214358779529e-07
4576,-2.2205595939794875e-07
5719,-2.2255606779708614e-07
3990,-2.2293414048135674e-07
4483,-2.2301348678865907e-07
6342,-2.2317502157420677e-07
3344,-2.2321911075096068e-07
4687,-2.2327827764456742e-07
5255,-2.233438252119413e-07
4200,-2.2368357832647234e-07
4068,-2.2383813558235488e-07
1829,-2.243298951043471e-07
2907,-2.2480462291696313e-07
962,-2.2509193797759508e-07
4066,-2.267686056711682e-07
7751,-2.279866606613723e-07
6256,-2.283581466144824e-07
7585,-2.2920909970025605e-07
4890,-2.29558487774284e-07
7290,-2.2969314983356526e-07
5014,-2.3122299808164826e-07
5813,-2.3137663873740166e-07
6452,-2.3302892770971084e-07
3619,-2.3390712300397354e-07
811,-2.3499503498669583e-07
6197,-2.3501378620949254e-07
1708,-2.3511908864293218e-07
233,-2.3522257208696828e-07
4075,-2.3529675274858164e-07
7445,-2.354734931486746e-07
422,-2.3568388485273317e-07
285,-2.3586462560842847e-07
5571,-2.3659517012220022e-07
1086,-2.3679764638018241e-07
3378,-2.3775037050199899e-07
4786,-2.378549766035576e-07
296,-2.3795250569946802e-07
1457,-2.3832990336813964e-07
2689,-2.3837579021801503e-07
1056,-2.390963231846399e-07
5381,-2.3915148972264433e-07
1451,-2.3961571571362583e-07
6407,-2.397012721644387e-07
6400,-2.3970689255747857e-07
6590,-2.3972465612587257e-07
6575,-2.4001685972052655e-07
3769,-2.4009931109958416e-07
1516,-2.405460008958471e-07
2981,-2.405971457619671e-07
4767,-2.412706692211941e-07
7429,-2.4172821611045947e-07
7095,-2.4210523719148114e-07
234,-2.421306817268487e-07
7375,-2.427159557782943e-07
2724,-2.429259211567114e-07
7953,-2.4310377000347216e-07
3987,-2.4329045800186577e-07
7100,-2.4373119345000305e-07
2013,-2.4404248222253955e-07
7875,-2.4430069345271477e-07
4707,-2.459989900671644e-07
6668,-2.468992406079451e-07
6714,-2.4728903724735574e-07
7728,-2.477036673553812e-07
6141,-2.4843489399017926e-07
4607,-2.489335031441442e-07
6281,-2.490709860580864e-07
7261,-2.4930392328315065e-07
5261,-2.4931223663315905e-07
7351,-2.4945032350842666e-07
6738,-2.501491493944741e-07
2789,-2.5077406462514773e-07
1644,-2.5087848598559503e-07
5974,-2.546206729903133e-07
6807,-2.5542050252624904e-07
463,-2.5587039687025026e-07
4894,-2.575851141273233e-07
5024,-2.6002990693996253e-07
1531,-2.606719959885595e-07
4337,-2.610158844618127e-07
4448,-2.616472585259544e-07
742,-2.6170837941208447e-07
4213,-2.6176948608735984e-07
3669,-2.62047784360675e-07
4350,-2.6285546539384086e-07
27,-2.646959273988614e-07
2718,-2.6472582703718217e-07
2304,-2.649401125154327e-07
3821,-2.6524078577949695e-07
6483,-2.6576596212635195e-07
391,-2.662625746552294e-07
2535,-2.678137249745305e-07
7892,-2.679595354493358e-07
5775,-2.681793063175064e-07
1944,-2.696628911280641e-07
4656,-2.697300516274481e-07
5005,-2.7031433091906365e-07
1160,-2.705740982378302e-07
4262,-2.706614452563372e-07
2761,-2.7154283088748343e-07
6904,-2.725077763443551e-07
3478,-2.726620493831433e-07
2467,-2.734314534791338e-07
6614,-2.747142744397024e-07
2398,-2.753484693585051e-07
7898,-2.7572720284751995e-07
7461,-2.7575197236728854e-07
408,-2.76835535828468e-07
694,-2.7729351614880215e-07
2590,-2.773007992118437e-07
3049,-2.7792455625785806e-07
7031,-2.7892433251963666e-07
4105,-2.79004851222453e-07
5967,-2.7934490276493307e-07
1823,-2.796299298779559e-07
5966,-2.804606964446066e-07
2188,-2.8132760121479805e-07
2529,-2.8311119137924834e-07
2359,-2.8315571398707107e-07
5793,-2.8348652847398625e-07
5239,-2.8364863169372256e-07
7668,-2.8416751263193873e-07
963,-2.842023718585551e-07
5119,-2.842657380597302e-07
456,-2.8502790883067064e-07
7,-2.852096798733328e-07
414,-2.8596356571597425e-07
7644,-2.8718974931507546e-07
1386,-2.875304403460177e-07
3157,-2.8891929559904383e-07
6314,-2.8943549068571883e-07
5520,-2.9012528557359474e-07
4893,-2.9042030291748233e-07
5932,-2.9108478827311046e-07
7408,-2.9363724252107204e-07
4562,-2.9438227500122593e-07
4092,-2.950919508748484e-07
2629,-2.964489027590389e-07
2725,-2.969197794300271e-07
1710,-2.9773366350127617e-07
2863,-2.9836537862593104e-07
7540,-2.987743243920704e-07
1398,-3.0081289992267557e-07
5299,-3.0211469947971636e-07
3697,-3.0215375090847374e-07
6604,-3.0220499525057676e-07
360,-3.0316212473735504e-07
1444,-3.043480916176122e-07
4850,-3.056481148178136e-07
7607,-3.061685021066296e-07
2561,-3.063457398866376e-07
821,-3.069638125907659e-07
3061,-3.070210254918493e-07
4444,-3.074739254316228e-07
7694,-3.0751755275559844e-07
3927,-3.0822978658306965e-07
3316,-3.0848957521811826e-07
5494,-3.0879999712851713e-07
591,-3.0960636365762184e-07
7919,-3.0979961707089387e-07
3177,-3.098491134778669e-07
6131,-3.099436725051419e-07
2584,-3.105358956645432e-07
1993,-3.107862198703515e-07
6779,-3.115832498679083e-07
4766,-3.115879110282549e-07
306,-3.1197049565889756e-07
3379,-3.128565424503904e-07
1664,-3.129184023009657e-07
3475,-3.1322311144776904e-07
365,-3.1366613484351547e-07
3909,-3.145727589526359e-07
4991,-3.146832341371919e-07
3962,-3.1530773014765145e-07
2823,-3.1578159109812987e-07
5808,-3.158699684036037e-07
274,-3.1776019682183687e-07
6709,-3.177883485250277e-07
5372,-3.1789218724043167e-07
4333,-3.1848382775478967e-07
1385,-3.188404065213035e-07
7510,-3.200987919171894e-07
6129,-3.206322105597792e-07
5656,-3.2103936575822445e-07
6104,-3.2154902385173045e-07
337,-3.215739496909009e-07
5201,-3.2319447029749426e-07
3497,-3.2354782319998776e-07
1594,-3.2422966000922315e-07
7358,-3.256608067658817e-07
4754,-3.26633653457975e-07
4737,-3.273087543220754e-07
1053,-3.291735737320778e-07
240,-3.300683033558016e-07
6851,-3.304370466139517e-07
2674,-3.3063520277210046e-07
6612,-3.306754337017992e-07
130,-3.309529716943871e-07
1342,-3.3303672353213187e-07
7114,-3.3427822643261607e-07
1335,-3.3760299800178473e-07
6305,-3.386094817869889e-07
6440,-3.3955572575905535e-07
3506,-3.4040286323033797e-07
2338,-3.407214848039075e-07
7542,-3.408584063890885e-07
5023,-3.420328056336075e-07
1317,-3.433530366692139e-07
785,-3.435551292341188e-07
1281,-3.437459383803798e-07
7430,-3.4379786484350916e-07
8000,-3.4540532567461923e-07
1502,-3.457552111285622e-07
6142,-3.468670257689155e-07
4127,-3.475721825907385e-07
6019,-3.477922945194223e-07
3576,-3.4845290031171317e-07
4736,-3.485828727889384e-07
6404,-3.495216702731341e-07
3596,-3.495912466178197e-07
6626,-3.5018467769987183e-07
1289,-3.5059487402122613e-07
6638,-3.527565581862291e-07
535,-3.5290869959681004e-07
7775,-3.546307709711982e-07
2436,-3.549984199935352e-07
99,-3.5512297813511395e-07
7188,-3.573812961121803e-07
1181,-3.575890161755524e-07
3368,-3.5766012729254726e-07
5514,-3.5875251569450484e-07
7921,-3.6065887343283975e-07
5629,-3.6135250525148876e-07
1450,-3.617932264887713e-07
3774,-3.6192787433719786e-07
2945,-3.6194514052567683e-07
7193,-3.63438530825988e-07
369,-3.6430944305720914e-07
4768,-3.646845243565622e-07
7599,-3.650291944268247e-07
7414,-3.6664319225110376e-07
1453,-3.6752770427028736e-07
1581,-3.686251091039594e-07
43,-3.690318521876179e-07
442,-3.6937524328095606e-07
3834,-3.6938646985618107e-07
5736,-3.6974680028833973e-07
3059,-3.704955702232837e-07
7022,-3.7062545743538067e-07
5480,-3.7152416609842476e-07
3261,-3.7378674733190564e-07
3405,-3.7427724919325556e-07
3416,-3.745078345218644e-07
5080,-3.7548343811977247e-07
41,-3.755589972342932e-07
4798,-3.774320589400304e-07
1303,-3.779868649189666e-07
5649,-3.7881953574014915e-07
6589,-3.794808378643211e-07
4339,-3.7987560119745467e-07
2202,-3.8003535962616297e-07
7082,-3.8169807226040575e-07
3354,-3.8352824560661247e-07
7094,-3.840169995328324e-07
4849,-3.841422255845828e-07
6967,-3.849389997867547e-07
6757,-3.850627479096147e-07
6467,-3.868858868827374e-07
113,-3.870111555670519e-07
1467,-3.8788851952631376e-07
4938,-3.882564101331809e-07
781,-3.887359696364001e-07
326,-3.8885707454028307e-07
1257,-3.907733798769186e-07
108,-3.9089700010208617e-07
7145,-3.915851323199604e-07
4413,-3.9190010170386813e-07
948,-3.9266376461455366e-07
6352,-3.9354537761937536e-07
4959,-3.9450166866572545e-07
2140,-3.9579083477292443e-07
2594,-3.995211415031008e-07
1485,-4.018427972596328e-07
184,-4.0217926766672463e-07
3899,-4.030797384757534e-07
1014,-4.043573085255048e-07
1654,-4.0445880244988075e-07
5751,-4.0544669843711745e-07
1200,-4.0574791171366087e-07
773,-4.0587538308045623e-07
4022,-4.063158201006445e-07
3510,-4.077910347177749e-07
6180,-4.0840768633643165e-07
3054,-4.0882909502215625e-07
2880,-4.0946541446373885e-07
7593,-4.109747919756046e-07
5001,-4.120201566593096e-07
1988,-4.1343531620441354e-07
4591,-4.147896106587723e-07
6716,-4.1533080263889133e-07
4108,-4.1709759557306825e-07
6449,-4.2074016448623297e-07
268,-4.2083354401256656e-07
3683,-4.2167604874521203e-07
5492,-4.2209100570289593e-07
7802,-4.2292143120903347e-07
5903,-4.2445655878964317e-07
1636,-4.2505809005888295e-07
3041,-4.2520485976638156e-07
1375,-4.252752745514954e-07
5446,-4.2622900764399674e-07
1951,-4.270067250899956e-07
4264,-4.275176195278618e-07
3833,-4.27726035923115e-07
4467,-4.279559107089881e-07
6735,-4.279589944644613e-07
5616,-4.3031090513068193e-07
2324,-4.3036297370235843e-07
2832,-4.307876224629581e-07
4996,-4.3090116719213256e-07
3615,-4.309568168991973e-07
1674,-4.3181827891203284e-07
7349,-4.3190017606775655e-07
7992,-4.3201994515129627e-07
5333,-4.3359813162169303e-07
7625,-4.3441066566174413e-07
2512,-4.3487564482802554e-07
1587,-4.358480794053321e-07
1336,-4.364536323464563e-07
4098,-4.370240702655792e-07
6267,-4.385991019262292e-07
3614,-4.4197145143698435e-07
4595,-4.43009895434443e-07
4876,-4.4356769990372413e-07
5503,-4.482474480482779e-07
6120,-4.4870051851830794e-07
7244,-4.5024042094610195e-07
7295,-4.502899031422203e-07
4356,-4.5293556638625887e-07
1825,-4.542601175216987e-07
926,-4.550537369141239e-07
3860,-4.5699192696702085e-07
3240,-4.5762953959638253e-07
840,-4.581916073220782e-07
4953,-4.601757410682694e-07
480,-4.608857011589862e-07
6727,-4.617790949623668e-07
824,-4.652924303627515e-07
6539,-4.6553759602829814e-07
1607,-4.6619157956229174e-07
6097,-4.666707980049978e-07
1599,-4.6707020828762325e-07
5204,-4.6735765124594764e-07
3241,-4.683569443386659e-07
5076,-4.685257408709731e-07
5598,-4.6876311898813583e-07
7073,-4.7038662387421937e-07
4414,-4.7038895445439266e-07
3465,-4.705058245235705e-07
2950,-4.7340208197965694e-07
6634,-4.73959389069023e-07
6274,-4.7463133512337663e-07
3420,-4.760762379873995e-07
4080,-4.777637201414109e-07
7221,-4.806528011158662e-07
3116,-4.817606793494633e-07
7680,-4.821787200626204e-07
6285,-4.836654170503607e-07
2540,-4.843310961177849e-07
2370,-4.850402604006376e-07
3392,-4.874547414601693e-07
636,-4.876674921661106e-07
3129,-4.888790243740004e-07
7767,-4.897437975159846e-07
7312,-4.90359170157717e-07
5124,-4.90503026639999e-07
829,-4.90722726453896e-07
2164,-4.913493683034176e-07
7548,-4.916563511869754e-07
7034,-4.963039543781633e-07
7037,-4.982690313681815e-07
2460,-4.989713602299162e-07
5755,-4.996103371013305e-07
1002,-5.004329750590841e-07
7610,-5.007196364203992e-07
343,-5.019629014668681e-07
1215,-5.039658788064116e-07
6236,-5.043630153522827e-07
5142,-5.052401235161597e-07
7306,-5.053662164300476e-07
6185,-5.063458843324042e-07
7955,-5.063484138645435e-07
2127,-5.065656836222843e-07
4284,-5.133953493441368e-07
1665,-5.150900648231982e-07
1799,-5.158789804227126e-07
7376,-5.161370779660501e-07
3357,-5.169382291114744e-07
7098,-5.172756800675415e-07
265,-5.189545220218861e-07
4433,-5.214634200001456e-07
7832,-5.223376575713701e-07
2074,-5.234084028415964e-07
6773,-5.249451078270795e-07
6828,-5.262679962925176e-07
1448,-5.265354445782577e-07
5429,-5.275279875149863e-07
2845,-5.275791750136705e-07
1302,-5.283676216549793e-07
7650,-5.287175781631959e-07
533,-5.291733202739124e-07
4070,-5.294783420595195e-07
5618,-5.333458261702617e-07
2204,-5.348435649921157e-07
1892,-5.372842366568875e-07
6852,-5.374660787538232e-07
5796,-5.383357972732483e-07
25,-5.388464501265844e-07
162,-5.401263649673638e-07
1493,-5.419559272468177e-07
2422,-5.441488610813394e-07
1991,-5.469850634653994e-07
2513,-5.475900763940444e-07
858,-5.502039215343757e-07
4040,-5.508985054802906e-07
6143,-5.528100359697419e-07
7483,-5.534333809009695e-07
5720,-5.53568980876662e-07
3923,-5.576195860612643e-07
6113,-5.584678604009241e-07
7935,-5.597669314738596e-07
140,-5.642837663799583e-07
160,-5.650653633892944e-07
2197,-5.651245658100379e-07
7104,-5.654135577515262e-07
2539,-5.658890529502969e-07
1578,-5.664917352987686e-07
6790,-5.704031309505808e-07
6841,-5.708213848265586e-07
684,-5.713108066629502e-07
4892,-5.715121744742646e-07
637,-5.725784149035462e-07
786,-5.745662861045275e-07
189,-5.76177967559488e-07
6918,-5.788899386516277e-07
50,-5.829378721955436e-07
1717,-5.831937244238361e-07
2682,-5.858344707121432e-07
5331,-5.879409172848682e-07
252,-5.887621341571503e-07
2435,-5.888571763534856e-07
6921,-5.898542099203041e-07
3926,-5.921435217715043e-07
628,-5.926583810378361e-07
1192,-5.937529579114198e-07
2072,-5.943876146830007e-07
2052,-5.943963969912147e-07
1449,-5.959866200555552e-07
5461,-6.001714609737974e-07
5955,-6.010512265675061e-07
4989,-6.024686740602192e-07
5899,-6.030084023223026e-07
4886,-6.073678662232851e-07
1987,-6.095734192967939e-07
967,-6.103648786393023e-07
7639,-6.11338407452422e-07
4512,-6.115355404290312e-07
4545,-6.130757697064837e-07
844,-6.131232623829419e-07
7614,-6.136244223853282e-07
508,-6.170322990328714e-07
7888,-6.189227974573441e-07
412,-6.2039998738328e-07
559,-6.212443395270384e-07
1425,-6.221276294127165e-07
5049,-6.228458175883134e-07
3361,-6.300051609287038e-07
4487,-6.310494597983052e-07
4364,-6.33146584050337e-07
1941,-6.344915277622931e-07
7682,-6.348138015255245e-07
7262,-6.359687461099384e-07
7458,-6.411106880932493e-07
1214,-6.420708587029367e-07
5962,-6.4334159333157e-07
2216,-6.457517827129777e-07
4718,-6.479859848695924e-07
5315,-6.49938812102846e-07
5745,-6.517684880691377e-07
3369,-6.531753911076521e-07
7324,-6.538658681165543e-07
6020,-6.544131281316368e-07
2804,-6.606171041312336e-07
2911,-6.635039540014986e-07
6701,-6.675021495539113e-07
910,-6.683646347482863e-07
977,-6.702875623432192e-07
6576,-6.717173732795345e-07
3828,-6.722223702126939e-07
5993,-6.724278591718758e-07
6971,-6.75644770353756e-07
3719,-6.75687033435679e-07
7356,-6.759669872735685e-07
7189,-6.808112686940149e-07
5607,-6.813381219217263e-07
7860,-6.855642595837708e-07
2769,-6.860962002974702e-07
485,-6.881911076561664e-07
5295,-6.956848324080056e-07
5392,-6.961840881558601e-07
3119,-6.991148211454856e-07
878,-6.999521247053053e-07
5473,-7.030605786439992e-07
6425,-7.080970760853234e-07
1034,-7.084289563863422e-07
2745,-7.088504503371951e-07
644,-7.093038902894477e-07
7796,-7.108829436219821e-07
7154,-7.134102588679525e-07
7676,-7.136960391562752e-07
3148,-7.149951102292107e-07
3819,-7.168299873683281e-07
597,-7.17340952860468e-07
4871,-7.196055946678825e-07
2148,-7.200087566161528e-07
3130,-7.202845608844655e-07
4375,-7.209512489225745e-07
3401,-7.24564984011522e-07
3897,-7.261900236699148e-07
1931,-7.2980287768587e-07
6367,-7.318312214010803e-07
5249,-7.326941329210968e-07
7407,-7.3388304144828e-07
4599,-7.346342840719444e-07
5880,-7.374142683147511e-07
7157,-7.417955316668667e-07
1195,-7.444319862770499e-07
7970,-7.54756428023029e-07
574,-7.56998844053669e-07
877,-7.578643419492437e-07
4441,-7.594015016820777e-07
1643,-7.606658698477986e-07
2103,-7.628676712556626e-07
7845,-7.637641772362258e-07
1251,-7.641718013928767e-07
614,-7.647958852885495e-07
2149,-7.674355799736077e-07
4556,-7.681995271013875e-07
2699,-7.703337701059354e-07
6250,-7.703636697442562e-07
5043,-7.715934486896003e-07
7148,-7.730689901563892e-07
7724,-7.733108304819325e-07
3517,-7.747037216176977e-07
3174,-7.747190124973713e-07
1154,-7.750069244139013e-07
1532,-7.808798727637623e-07
5380,-7.822793008926965e-07
5611,-7.824683621038275e-07
7107,-7.85782816592473e-07
3725,-7.870909541907167e-07
7441,-7.906444636773813e-07
112,-7.918761184555478e-07
7044,-7.921742053440539e-07
5211,-8.005317795323208e-07
856,-8.006570055840712e-07
7340,-8.034999723349756e-07
1621,-8.050834594541811e-07
762,-8.090865435406158e-07
7128,-8.102468314064026e-07
2484,-8.124598309677822e-07
4719,-8.15458463421237e-07
5463,-8.25830312578546e-07
4589,-8.272992317870376e-07
3075,-8.276766436665639e-07
2023,-8.289061383948138e-07
7174,-8.299106184495031e-07
984,-8.341800139533007e-07
6232,-8.355463307907485e-07
7444,-8.371958415409608e-07
1724,-8.377126050618244e-07
5947,-8.40019708903128e-07
4801,-8.421848747275362e-07
4412,-8.429866227288585e-07
3032,-8.479605924094358e-07
7419,-8.528809303243179e-07
5760,-8.566388771669153e-07
183,-8.57938687204296e-07
5842,-8.600500507327524e-07
7884,-8.62846206928225e-07
7362,-8.663865287417138e-07
6633,-8.668457667226903e-07
5126,-8.686697299253865e-07
4590,-8.719200081941381e-07
7173,-8.72501374260537e-07
4167,-8.727212161829812e-07
181,-8.736471670545143e-07
118,-8.745523700781632e-07
5771,-8.74611657764035e-07
645,-8.798816963917488e-07
7013,-8.909506448162574e-07
4266,-8.915225748751254e-07
4504,-8.915818341392878e-07
7292,-8.918533467294765e-07
7710,-8.953685437518288e-07
7229,-8.970486362613883e-07
3691,-9.017047659654054e-07
5931,-9.054443808054202e-07
4204,-9.111143697282387e-07
3672,-9.197619874612428e-07
5458,-9.205409696733113e-07
3730,-9.214281533331814e-07
539,-9.249296226698789e-07
1517,-9.360997808016691e-07
3430,-9.366000881527725e-07
7726,-9.372209888169891e-07
5465,-9.382049199757603e-07
1946,-9.403603087321244e-07
4782,-9.41224811867869e-07
335,-9.462914931646083e-07
4559,-9.464963000027637e-07
618,-9.48801726963211e-07
3226,-9.496280313214811e-07
2665,-9.526737869691715e-07
606,-9.544554018248164e-07
2923,-9.552375104249222e-07
6068,-9.561645697431231e-07
7216,-9.583554287928564e-07
2044,-9.5878237971192e-07
7931,-9.595912615623092e-07
6900,-9.628402892758459e-07
1608,-9.639609288569773e-07
4700,-9.739075039760792e-07
2168,-9.742147426550218e-07
7742,-9.767313144948275e-07
7719,-9.780351319932379e-07
2511,-9.7895963335759e-07
1475,-9.809446055442095e-07
7003,-9.86122699941916e-07
4142,-9.92487287021504e-07
2902,-9.933113460647292e-07
432,-9.941012706349284e-07
5095,-9.955922735116474e-07
5313,-9.96357329086095e-07
5714,-9.995058007916668e-07
2333,-1.0031503734353464e-06
5870,-1.0042982694358216e-06
7310,-1.0061477269118768e-06
2741,-1.0084706332236237e-06
3395,-1.0103291288032779e-06
7693,-1.014116833175649e-06
4083,-1.0221230013485183e-06
5550,-1.0243732049275422e-06
7998,-1.030153157444147e-06
1023,-1.031651038374548e-06
1526,-1.0331345947633963e-06
3113,-1.0459560826348024e-06
319,-1.0472084568391438e-06
1503,-1.0474736882315483e-06
277,-1.0496837603568565e-06
7016,-1.0575272426649462e-06
7974,-1.062037085830525e-06
171,-1.063800283418459e-06
2261,-1.0724594119437825e-06
6894,-1.0748202896593284e-06
4189,-1.0792963962558133e-06
3968,-1.079942990145355e-06
387,-1.082658741324849e-06
5626,-1.083799304524291e-06
669,-1.0841025641639135e-06
4679,-1.0872682878471096e-06
1523,-1.0927760456524993e-06
2434,-1.0979339322148007e-06
2227,-1.0979752573803125e-06
4837,-1.101566198258297e-06
3566,-1.1026796755686519e-06
938,-1.1112595075246645e-06
1843,-1.1147471354888694e-06
406,-1.126063580159098e-06
7785,-1.1313919685562723e-06
3146,-1.133134219344356e-06
1500,-1.1359005611666362e-06
2259,-1.1417758969400893e-06
1744,-1.1446274470472417e-06
3735,-1.1507814861033694e-06
5828,-1.1512678383951425e-06
4787,-1.1517750522216375e-06
2829,-1.1532373491718317e-06
1955,-1.1569492812668614e-06
4828,-1.1570579658837232e-06
153,-1.1601726441767823e-06
1106,-1.1606841781031108e-06
1601,-1.166528818430379e-06
206,-1.1699823403432674e-06
2969,-1.174566591544135e-06
515,-1.1763469274228555e-06
6055,-1.1776611472669174e-06
4086,-1.1778810744544899e-06
7224,-1.1885150570378755e-06
3558,-1.1926831575692631e-06
676,-1.1944027846766403e-06
332,-1.1977600706813973e-06
5237,-1.2176053019175015e-06
148,-1.2368273587526346e-06
735,-1.239088419424661e-06
931,-1.2486052582971752e-06
2153,-1.2533628250821494e-06
1627,-1.2538834539554955e-06
5999,-1.256544692296302e-06
4617,-1.2568808642754448e-06
7497,-1.261457896362117e-06
5376,-1.2622466556422296e-06
336,-1.266769288577052e-06
831,-1.2688653896475444e-06
4610,-1.2705551171166007e-06
3557,-1.2723125450975203e-06
5176,-1.2797955264431948e-06
6690,-1.2861301001976244e-06
5940,-1.2949146821483737e-06
2844,-1.2953385635228187e-06
7015,-1.2959468449480482e-06
1672,-1.2980585779587273e-06
5016,-1.3006545032112626e-06
4318,-1.3034725157012872e-06
1850,-1.3043340345575416e-06
1679,-1.307294667185488e-06
6835,-1.3090999573250883e-06
3496,-1.3134883829479804e-06
6405,-1.317814508183801e-06
4123,-1.3255773865239462e-06
5953,-1.3268519296616432e-06
1552,-1.3329578223419958e-06
6845,-1.3391024253905925e-06
907,-1.3415922808235337e-06
1685,-1.3445254012367513e-06
3071,-1.3446079378809372e-06
7381,-1.3643967236021126e-06
4549,-1.3891703929402865e-06
3397,-1.3925476309850637e-06
3162,-1.3938467873231275e-06
911,-1.4014987641530752e-06
5324,-1.4044121598999482e-06
7069,-1.4135072206045152e-06
5893,-1.4148666878099903e-06
6892,-1.4213615031621885e-06
1814,-1.4314485952127143e-06
3145,-1.431706380117248e-06
2196,-1.45080724678337e-06
861,-1.4653564903710503e-06
4093,-1.479731679410179e-06
6688,-1.482476818637224e-06
5339,-1.4847798297523696e-06
2167,-1.4861864769954991e-06
1188,-1.497904634106817e-06
7053,-1.498878646088997e-06
4000,-1.5001492101873737e-06
7652,-1.5003375324340595e-06
2920,-1.5086758935467515e-06
4695,-1.5094529999259976e-06
2080,-1.5186255382104719e-06
6482,-1.5473420944545069e-06
5489,-1.5486226061511843e-06
7968,-1.5549726981589629e-06
6675,-1.560458827043476e-06
2198,-1.5676494626859494e-06
1038,-1.5683190781601297e-06
960,-1.5780672129039885e-06
521,-1.5846511018935416e-06
7106,-1.5949004250614962e-06
1159,-1.5991618056432344e-06
1348,-1.6178046848835947e-06
7467,-1.6231832091762044e-06
324,-1.6258996993201436e-06
3616,-1.646315695325029e-06
5821,-1.656723327414511e-06
7567,-1.6613541333754256e-06
862,-1.6693520592525601e-06
5593,-1.67149568142122e-06
3787,-1.6735819485802494e-06
331,-1.6822968973428942e-06
5758,-1.6828759044074104e-06
4802,-1.6901782373679453e-06
1131,-1.700581037766824e-06
3179,-1.7013444448821247e-06
121,-1.712778612272814e-06
2349,-1.7181207567773527e-06
3196,-1.722544993754127e-06
3857,-1.7243397110178194e-06
2615,-1.731327643028635e-06
2954,-1.7358108266307681e-06
2091,-1.7388412629770755e-06
7378,-1.7468426563027606e-06
6768,-1.7507313145870285e-06
3246,-1.7535354004394321e-06
4726,-1.767227274740435e-06
6549,-1.7755223780113738e-06
5836,-1.778527177975775e-06
5857,-1.8065994709104416e-06
3740,-1.8067445353153744e-06
7808,-1.8135541495212237e-06
5849,-1.823753336793743e-06
3480,-1.8247561683892854e-06
6540,-1.8528318150856649e-06
4118,-1.8884869632529444e-06
6103,-1.8965603203469072e-06
5895,-1.90577435432715e-06
4020,-1.914851452511357e-06
5127,-1.931316205627809e-06
1908,-1.9361923477845266e-06
2427,-1.943676693372254e-06
5421,-1.94475967418839e-06
3969,-1.969428694792441e-06
4902,-1.9966671516158385e-06
4516,-2.0008318415420945e-06
104,-2.0061162331330706e-06
7017,-2.0194613625790225e-06
3561,-2.0246768031029205e-06
647,-2.034134695350076e-06
486,-2.0617468408090645e-06
7294,-2.0626391119549226e-06
5924,-2.067632976832101e-06
5322,-2.0794313968508504e-06
1198,-2.090372845486854e-06
2089,-2.099949824696523e-06
5413,-2.1086257220304105e-06
6196,-2.114423296006862e-06
796,-2.119997816407704e-06
4338,-2.160484200430801e-06
1122,-2.1700815295844222e-06
2652,-2.175022700612317e-06
6187,-2.2086894659878453e-06
4524,-2.2099595753388712e-06
3625,-2.211473088209459e-06
6641,-2.2171142290972057e-06
2697,-2.2193076461007877e-06
3274,-2.237846047137282e-06
6926,-2.2656025748801767e-06
1212,-2.278556280543853e-06
1427,-2.280153921674355e-06
1899,-2.2948322566662682e-06
6206,-2.2967099084780784e-06
6914,-2.29984641464398e-06
3169,-2.3161140916272416e-06
393,-2.3200495888886508e-06
6423,-2.32061597671418e-06
483,-2.368226319049427e-06
3507,-2.3696542257312103e-06
7851,-2.3915274596220115e-06
7805,-2.3951154162205057e-06
5206,-2.4442148287562304e-06
4141,-2.456367951708671e-06
7700,-2.4621522243251093e-06
7415,-2.4706116619199747e-06
5459,-2.4756998300290434e-06
2001,-2.485105483174266e-06
471,-2.4856590243871324e-06
1875,-2.492601652193116e-06
1819,-2.512163064238848e-06
1867,-2.5330606376883225e-06
1549,-2.535310613893671e-06
6890,-2.5384756554558408e-06
3913,-2.6005353674918297e-06
1889,-2.6175836183028878e-06
4626,-2.623727255013364e-06
5954,-2.648961981321918e-06
3533,-2.667577973625157e-06
1456,-2.678766009012179e-06
5835,-2.688202926037775e-06
7232,-2.6982999088431825e-06
7757,-2.7029304874304216e-06
454,-2.7197206691198517e-06
3271,-2.728574600041611e-06
2986,-2.730633241299074e-06
6956,-2.8152786626378656e-06
6112,-2.8344322799966903e-06
2029,-2.8365052457957063e-06
1894,-2.8370434392854804e-06
2851,-2.845630319825432e-06
5823,-2.8592274929906125e-06
616,-2.8940032734681154e-06
2244,-2.9224081572465366e-06
5647,-2.933154178208497e-06
6401,-2.941627258223889e-06
5590,-2.9422877787510515e-06
6713,-3.01555360238126e-06
2316,-3.0227157594708842e-06
7354,-3.034340352314757e-06
3374,-3.037104306713445e-06
621,-3.05560774904734e-06
1261,-3.106798658336629e-06
2033,-3.1096568591237883e-06
6257,-3.146968310829834e-06
7447,-3.157202854708885e-06
1471,-3.1754381097925943e-06
4657,-3.206136625522049e-06
3945,-3.218870460841572e-06
6416,-3.2224222650256706e-06
1146,-3.2407785965915537e-06
2867,-3.286459559603827e-06
4470,-3.3385031201760285e-06
2049,-3.379221766408591e-06
979,-3.3940597177206655e-06
1319,-3.41096495048987e-06
479,-3.445728680162574e-06
280,-3.4923533576147747e-06
5394,-3.529172886373999e-06
961,-3.5373677746974863e-06
5632,-3.5548459891288076e-06
5766,-3.5598213798948564e-06
1910,-3.5695791211765027e-06
4769,-3.5838536405208288e-06
4870,-3.6027438454766525e-06
4743,-3.626905481723952e-06
2474,-3.638138423411874e-06
2933,-3.6513195027509937e-06
7090,-3.672252660180675e-06
3521,-3.7103984595887596e-06
5129,-3.7373340546764666e-06
3383,-3.8027052369216108e-06
2122,-3.83258668534836e-06
4335,-3.857051979139214e-06
194,-3.8799416870460846e-06
4299,-3.8843946867928025e-06
6977,-3.920041649507766e-06
1162,-4.008870519101038e-06
3624,-4.068521775479894e-06
1694,-4.1116672946373e-06
3498,-4.130758497922216e-06
315,-4.143137630308047e-06
1754,-4.266952601028606e-06
6235,-4.319967274568626e-06
6566,-4.343803993833717e-06
4527,-4.356501221991493e-06
6193,-4.412694579514209e-06
6968,-4.459990122995805e-06
1966,-4.590215667121811e-06
3876,-4.600401098286966e-06
4748,-4.626353302228381e-06
3642,-4.630339390132576e-06
2766,-4.649405127565842e-06
2717,-4.6593670504080364e-06
7763,-4.673252533393679e-06
6629,-4.774929038831033e-06
7532,-4.794531832885696e-06
1498,-4.8189224344241666e-06
2630,-4.9059440243581776e-06
563,-4.91494301968487e-06
538,-4.936045797876432e-06
1928,-4.9795683025877224e-06
2964,-4.9872724048327655e-06
5167,-5.01995987178816e-06
5702,-5.051302423453308e-06
4393,-5.188952400203561e-06
1337,-5.2042821607756196e-06
1239,-5.2727170896105235e-06
4963,-5.302895033310051e-06
944,-5.338694563761237e-06
4806,-5.482917003973853e-06
407,-5.652642585118883e-06
1064,-5.751532171416329e-06
754,-5.8183698001812445e-06
3482,-5.87369595450582e-06
4640,-5.887551196792629e-06
6963,-6.0318111536616925e-06
1792,-6.173929023134406e-06
1382,-6.195179594215006e-06
4311,-6.20894525127369e-06
6923,-6.214670293047675e-06
4078,-6.265199317567749e-06
4319,-6.393739795385045e-06
7123,-6.431400151996058e-06
3353,-6.471296728705056e-06
2059,-6.5312403876305325e-06
5918,-6.569600145667209e-06
6644,-6.635885029027122e-06
7319,-6.722449143126141e-06
7623,-6.765671059838496e-06
2272,-6.783220214856556e-06
5802,-6.786512585676974e-06
7427,-6.808863417973043e-06
5855,-6.862261216156185e-06
7170,-6.964013437027461e-06
2264,-6.966546607145574e-06
7960,-7.097949946910376e-06
5806,-7.401727543765446e-06
6966,-7.444680477419752e-06
3427,-7.466049737558933e-06
2660,-7.468702278856654e-06
719,-7.694625310250558e-06
3604,-7.761414053675253e-06
1970,-7.76344154473918e-06
2340,-7.811497880538809e-06
6363,-7.816865490894997e-06
4324,-7.841226306481985e-06
3681,-8.002718459465541e-06
1730,-8.186234481399879e-06
2009,-8.364146196981892e-06
3548,-8.476447874272708e-06
749,-8.524789791408693e-06
7158,-8.538241218047915e-06
2507,-8.540018143321504e-06
283,-8.625993814348476e-06
2882,-8.8705487542029e-06
4348,-8.932895070756786e-06
4733,-8.994297786557581e-06
5728,-9.061702712642727e-06
7535,-9.072472494153772e-06
4987,-9.073546607396565e-06
3224,-9.307465006713755e-06
2628,-9.607711490389192e-06
5846,-9.653886536398204e-06
906,-9.733143997436855e-06
5273,-9.78634852799587e-06
39,-1.0456779364176327e-05
5938,-1.0627089068293571e-05
3123,-1.1150010777782882e-05
6231,-1.1183382412127685e-05
7127,-1.1237251328566344e-05
4899,-1.139430105467909e-05
4285,-1.140952144851326e-05
1478,-1.1507036560942652e-05
2568,-1.1626585546764545e-05
6908,-1.1685800927807577e-05
4552,-1.1710435501299798e-05
4361,-1.2332465303188656e-05
3536,-1.2713381693174597e-05
4566,-1.3182191651139874e-05
6048,-1.3645364560943563e-05
2874,-1.3647947071149247e-05
294,-1.4353478945849929e-05
5599,-1.4360863133333623e-05
1051,-1.4500418728857767e-05
4861,-1.475389353799983e-05
5844,-1.5171027371252421e-05
7986,-1.5182797596935416e-05
2199,-1.5568739399896003e-05
1299,-1.5594255273754243e-05
2379,-1.5689648080297047e-05
3484,-1.6143562788784038e-05
1273,-1.6151491308846744e-05
6682,-1.6993364624795504e-05
4521,-1.7241944988199975e-05
5379,-1.80903407454025e-05
2243,-1.8599679606268182e-05
2111,-2.004516591114225e-05
3037,-2.0433964891708456e-05
986,-2.112463153025601e-05
4865,-2.3226129087561276e-05
7549,-2.3311808945436496e-05
1631,-2.448252053000033e-05
3645,-2.8001908503938466e-05
601,-3.0602737751905806e-05
5735,-3.854964415950235e-05
3254,-4.09810891142115e-05
7212,-4.206107041682117e-05
5486,-4.4858810724690557e-05
836,-4.506014010985382e-05
1785,-4.523737698036712e-05
859,-5.360503746487666e-05
7192,-7.491908763768151e-05
4254,-7.99533081590198e-05
5811,-0.00011589327914407477
