Train_ID,Training_Loss
13197,0.00095715
20317,0.0045059575
3996,0.005147893
18853,0.0008505541
14354,7.188062e-05
32359,0.05413817
7235,0.030094147
17435,0.0030713552
4291,3.0755524e-05
46020,0.016824491
21180,0.01648039
43637,0.00020644917
2606,0.0072247437
37884,0.0027985715
24702,0.00035887476
472,0.00042083944
8825,0.04129689
38672,0.013839594
24685,0.00033051273
30200,9.7031654e-05
475,0.00036936137
20897,0.0023127256
15734,0.01626789
6153,0.0003467197
2320,0.06272644
51889,0.0005679901
3655,1.180165e-05
39595,0.0028853472
14708,0.0007840897
51064,0.00040153548
8070,9.4647694e-05
24307,7.986704e-05
15185,4.088795e-05
20083,0.000116937474
22856,0.0014279417
21762,0.008398926
27847,0.005038659
21776,0.0624876
29069,0.0036472247
16140,0.00017736769
7800,0.0010837403
40146,7.4026226e-05
36115,0.34861854
42565,0.039935563
50735,0.0017973712
27491,0.00055750564
33996,6.532456e-05
1983,0.023852305
10307,0.00011467276
7324,0.008743337
32350,7.521823e-05
4737,2.193427e-05
29185,0.00014721263
3613,0.00038092033
21032,0.073918276
13919,0.005121683
51919,0.009234337
27423,0.00021371941
26130,0.01436864
49171,0.014065422
51580,0.00017414961
30003,0.002240649
11594,0.0014992437
8083,0.00016938205
7287,0.00016640233
5770,0.00022659119
23728,1.8238856e-05
17563,0.12843616
34137,1.8119648e-05
30405,0.0019559793
36148,0.0021899783
21806,0.0013147291
33375,0.000770153
32258,6.210611e-05
19765,0.008115058
41274,0.00043704495
53451,0.0011105329
22183,0.0008279233
34542,0.00015770145
8987,0.00025400275
22376,0.0036229943
36559,0.03114069
39508,0.00025447944
17184,0.00018845213
21779,5.6861216e-05
39891,0.00020907124
52859,0.06652077
41380,0.0071636727
31414,0.0011816194
31405,0.0085205585
29450,0.00010835537
7979,3.0278701e-05
25179,5.912606e-05
34455,0.00036638224
29797,0.00010191875
14234,0.018462477
18077,0.022435535
35308,0.5779327
9019,0.0020336676
48005,0.0047836145
21922,0.00010311072
6370,0.00043227864
44526,0.00041738382
49935,0.0012915136
42499,0.00020573408
8510,0.00036483307
48367,0.00033206193
21949,0.008817664
27371,0.00020442304
6723,7.295342e-05
3132,5.6265202e-05
42263,0.0002085945
36442,0.0030222714
3830,0.122339256
41347,0.004176229
1807,0.00016711745
31550,8.4992615e-05
24255,6.9141147e-06
39922,0.0001136
7662,0.00012647305
32524,0.1301005
49437,0.0022769258
11850,0.0006718762
24751,0.00044550508
51143,0.004108323
16785,0.00020466141
12424,0.02626956
23602,7.247662e-05
37074,0.008567837
35249,0.0012235306
15173,0.0003444555
27384,0.0019348012
19025,0.00015937012
39629,0.00031716563
16509,1.442422e-05
12878,0.0047824285
50871,7.5814234e-05
14083,0.0023107037
41260,0.00016068121
29211,0.00038103948
4196,0.01830354
48412,0.01187694
43259,0.07349171
32582,1.7642818e-05
9573,0.0001386308
47256,0.00026186852
8143,5.3642743e-05
18030,0.0015200739
33719,0.0002324311
7445,0.00066913624
21855,5.233151e-05
29511,0.0058948947
27483,0.00038103948
22317,0.0043735094
25982,0.0010313436
46933,0.001542927
43097,0.00014613991
13569,0.00044526675
1139,1.9907753e-05
28874,0.00041929036
24975,0.00021908268
34625,0.012352746
43369,0.000114553564
30871,0.00014602071
11981,0.0026270186
46042,0.09684617
41437,0.008097321
39425,0.0018929198
17824,0.001752271
43969,0.0006693745
3398,0.00020192015
4267,4.6013727e-05
46770,7.4979835e-05
49097,2.1457441e-05
44616,0.00014339849
5263,0.0027714674
21013,0.002787516
40867,0.0043959413
25498,0.0017439409
33505,0.00024494508
2127,0.011107869
23811,0.000496026
32265,0.110376246
40336,0.10982921
23363,0.0001504308
52550,0.00014816617
17233,8.59462e-05
21498,7.199982e-05
17852,0.00026222607
5232,0.037713952
11460,0.00079040276
37347,0.0006246999
30535,0.18122078
33015,0.0011118428
30779,0.002679094
29486,0.0018362819
17021,0.047306508
45165,0.0027498312
29059,3.373566e-05
25571,0.02293349
38729,0.010730425
5399,0.07316435
30781,0.28137487
12672,0.0044476874
39847,7.9271034e-05
36133,9.202534e-05
6229,5.7338024e-05
31339,0.0006491223
51213,0.14620423
1768,0.0021937846
52202,0.00032967856
13988,0.00042775064
51264,0.15475148
25848,0.0015544724
11835,0.0002038271
43194,0.0031179406
38684,0.002916252
19424,0.00019321959
733,0.00038675935
14607,0.00028069847
53745,0.00014745102
46891,0.00011979816
42890,0.0011850724
27587,0.00037484296
24801,2.2887922e-05
2655,0.021569202
6799,0.00053474907
20514,0.00012551951
51553,0.0005921756
5853,0.0001400611
11488,0.00045944625
20817,0.0033482227
23188,0.053595293
49956,0.019644585
46769,0.00040439534
31790,0.00018523408
24409,0.00037829872
23090,5.3642743e-05
41791,0.16773175
32428,0.0002189635
47616,0.00016246906
24606,0.016987883
41383,0.0020712607
38175,0.0028949755
16560,7.152532e-06
16562,2.5510462e-05
52996,0.0027651668
28645,0.004994535
3446,8.558861e-05
47029,0.00039569655
24600,0.0011287516
15101,0.121815614
31732,0.002490397
28296,9.893881e-05
8742,0.0002524534
20388,0.43180037
22055,0.0041228067
6147,8.844938e-05
10304,0.0006759266
44317,0.0076352195
44560,0.0025849282
13795,0.003240099
27495,0.00020335037
47928,0.009537134
40500,2.4795225e-05
48788,5.1735493e-05
21505,0.00018487652
34460,6.687418e-05
52977,0.00013481661
16736,0.00086544245
18316,0.00085150695
39745,5.2808322e-05
5659,7.188062e-05
29594,6.89006e-05
37621,0.0026455661
36666,0.07003171
989,0.00015174192
28720,9.011816e-05
42949,0.00028987497
28805,0.0030235788
29962,0.00109541
7218,5.2808322e-05
4657,0.06584987
2763,0.05363789
42547,0.35727835
27549,0.037675723
43102,0.00020728348
909,0.059684306
50057,0.0025579373
5256,0.0014505589
41855,0.00032085992
17693,0.008234952
48955,1.5616295e-05
38424,0.00015901255
7299,0.0104540605
20776,9.500529e-05
14318,0.033443578
9050,0.001883758
38387,0.00011920219
42577,0.0020279572
23605,8.237023e-05
6151,0.00041309407
5604,1.800044e-05
38981,0.00020776021
11126,0.0014163948
6108,0.0021214616
29613,0.0021659504
15435,0.0045581725
37495,0.0004683828
26489,0.48118657
37075,0.00010203794
2931,0.00034588552
11268,0.00020120504
31645,0.00045861216
46653,5.817244e-05
36765,0.0015925594
27670,0.0002454218
4805,5.4953973e-05
9818,7.4503034e-05
7654,5.5192377e-05
33475,6.699338e-05
24293,0.0010307481
8025,0.0032611305
25274,0.004160677
5191,0.00046409326
51694,0.070912376
10802,0.003186508
46518,1.394739e-05
45588,0.00018749863
25529,8.7257395e-05
28211,0.004066651
15375,0.21284953
24543,2.3722367e-05
46500,5.9960475e-05
38749,5.6026798e-05
10227,0.00010859377
39599,0.040569354
3660,4.255681e-05
35130,0.08222563
23826,0.15066487
35396,0.00024434918
43681,0.04193393
46021,0.0071351477
11764,0.00037257883
16374,0.00019882133
16263,3.004029e-05
44405,6.3536536e-05
14208,0.013835949
34104,0.0013734204
37929,0.037983574
10689,0.0033861226
4560,0.1572364
38920,0.0002604384
31304,0.00050019624
40298,4.6013727e-05
33195,0.00015293382
41502,0.00013910756
46827,3.325884e-05
1050,0.009296109
33135,0.023742186
45332,0.00012897613
38799,0.00012981049
11685,9.8700424e-05
30414,0.00045777808
15456,2.0503787e-05
41557,3.194758e-05
3414,0.07560349
4392,6.079489e-05
53721,8.7614986e-05
10358,0.0016588512
45125,0.13159935
15291,0.07900575
4265,0.00017093151
4520,1.9044296
21924,0.0027173758
23376,6.4490145e-05
30457,0.015443619
27655,0.00018177765
3466,0.053774588
21370,0.007976464
14996,0.001596011
858,0.044296633
46492,0.00385696
34915,0.0065332158
18727,7.986704e-05
42300,0.0099974135
8476,1.4532055
19789,0.0008345935
45196,9.083335e-05
28029,0.013775398
13480,0.00031418633
15431,0.0012348415
45174,1.0251946e-05
16477,0.00051354093
50002,0.11802799
4149,0.0005448764
30466,0.0009378564
1697,0.00029893222
41279,0.0003209791
41349,0.0049449527
32583,0.0026317744
7557,0.0009534581
41336,0.13873723
3771,4.0768748e-05
15019,0.0022611069
49160,0.00040868513
991,0.00015007323
50878,0.19127494
31559,0.016594362
28091,0.0017268045
17979,0.00014459042
518,0.00011503035
12893,0.00015257625
27816,0.041103784
32995,0.00017486473
44087,0.00034946058
41063,7.1284616e-05
4823,2.0980615e-05
32890,0.00028725312
2888,0.054012246
49064,0.076381534
20046,0.68020636
44660,0.0036138482
7568,0.0027986905
35380,6.7112574e-05
7823,0.38852036
52632,0.021932548
30108,0.045897897
50172,0.05657296
30764,3.4093275e-05
44838,0.025789527
5714,0.011806846
14294,0.0013171101
35328,2.396078e-05
32267,0.0011532806
1088,0.0001417298
36914,0.0269991
37266,8.082063e-05
35886,0.00042417587
28873,0.19438307
19805,0.0002835587
16204,0.00024196558
52005,0.00011896379
35293,0.0017809496
28853,0.0057723494
31799,1.41858045e-05
26726,0.00021634146
34558,0.017901752
42383,1.8238856e-05
53318,9.7389246e-05
34357,0.00030322245
595,0.00067378226
37382,0.00020692592
52075,0.85720617
12561,0.00015186111
7405,0.4618587
45919,0.00066472846
50664,0.00015650954
21975,7.6291035e-05
2042,2.7775379e-05
28856,1.156229
18620,0.23423466
23561,0.009978176
49733,9.357491e-05
13756,1.0566578
9643,0.0003668589
14064,0.00073251117
30597,0.0001448288
16988,6.4490145e-05
41485,0.000109308945
502,0.0001544833
20517,0.00014590153
43136,0.00026770824
831,0.004288168
23591,1.966934e-05
44765,0.00074430415
36125,0.0003147822
40730,0.00010823618
7269,7.1165414e-05
29132,0.041247588
36100,0.0008220869
4631,0.00022897482
21604,5.9245263e-05
26556,0.0032570905
19671,0.043140244
11508,0.00026556302
47964,0.004580363
21763,3.7431015e-05
2116,0.00021932104
26750,0.0073529095
53729,0.00027545472
36635,0.00010299152
21132,0.00082923356
3041,7.188062e-05
46256,0.03611987
33541,0.013095917
5565,0.011596768
3053,0.008400108
44742,0.00037555795
48299,0.00019917889
18882,8.7614986e-05
17182,0.016434072
38044,0.008442309
14720,0.28010583
47880,2.527205e-05
20787,0.003619906
27674,0.0006718762
51535,0.00021801003
13294,0.00038711683
45363,0.0013050857
50383,0.0003302744
25720,0.0003314661
45540,0.010022788
53013,0.07823592
40187,0.03374835
23431,0.00093952374
13254,0.000120394136
15139,0.10886938
51072,0.00453966
2859,0.0014111571
29253,0.000729414
52374,0.00010442189
8024,0.001103031
35043,0.07870046
8365,0.059262183
13739,0.010565771
601,0.016711602
44534,4.6371337e-05
8869,0.17101279
34602,0.00048017892
32037,0.00032193246
4977,0.09395127
24117,0.10732148
37077,9.250213e-05
36293,0.00041404733
3331,0.00013171759
46389,7.068861e-05
31248,7.700623e-05
49210,0.003481282
35051,6.377493e-05
22281,4.0411134e-05
36022,0.00044800734
2563,0.0004082085
6350,0.0005278386
44970,0.00018845213
52293,0.11514232
20066,0.0005862186
49103,0.0040011127
35290,9.023736e-05
1432,0.00016449529
18233,0.00032360086
11691,0.0076694083
32829,0.0001258771
35625,0.0806127
3836,0.002526546
50733,0.0007066613
29276,8.4992615e-05
37744,0.0023092765
16743,0.001150423
25722,0.009941233
15706,0.014902457
27036,4.768258e-05
24040,0.00036805056
21620,0.00016580637
27073,0.00042203104
37565,0.00013326711
51849,0.00045432258
22285,0.008617122
28800,0.000120155746
32191,0.00013803483
11883,0.0043472787
756,0.0015361425
7990,0.032165132
46936,0.00022897482
2731,0.0002619877
49345,7.140382e-05
53917,0.00010168035
15413,0.0001965568
36596,0.0005386809
37659,1.6093125e-05
21944,0.0002859422
50327,0.0001957225
41749,0.013095917
24475,6.9735004e-05
11532,0.0007544294
2046,0.0036303585
48100,0.0034722534
13418,0.001090885
7954,0.00023016665
20533,0.0033937262
45234,0.00013743887
34525,0.0022869166
30554,0.002654721
7308,6.544376e-05
37333,0.0016737275
23134,0.050633777
25269,0.00012814178
17943,0.00065126666
22175,0.44679707
23634,0.0007836132
20012,8.2966224e-05
32391,0.012310592
1195,2.1576649e-05
28389,0.036400728
21171,0.0044730846
33257,0.00017879794
28744,0.00012075172
1641,1.9073304e-05
10552,5.6861216e-05
25603,0.00015984688
34961,5.3761945e-05
15439,0.024831096
11316,0.00026854247
44692,9.619727e-05
7911,0.00079338066
9125,0.000107878586
35248,0.65548587
4210,1.6450747e-05
53087,0.00024208476
40309,0.00065055187
41741,0.032206688
52692,0.010400972
41123,0.00014411364
28926,0.007862807
22485,0.00017879794
24436,0.004708275
38613,0.008757872
37827,5.876845e-05
48333,0.0035827276
9041,0.008282953
48116,0.0010674262
25400,0.00016878611
46171,0.0031136626
48859,4.1841584e-05
27585,0.008685195
23419,0.0030349882
49828,0.0018110555
21571,0.00046266342
4103,0.00012885693
37940,2.3841574e-05
30093,2.1457441e-05
45602,0.0005920564
20236,0.00025138078
33463,0.0016725374
29835,0.0017926113
41129,0.017295137
22037,2.6770961
23084,0.029180357
51329,0.00030024312
15685,0.00028951745
19252,0.0038779785
47498,0.009350672
48429,0.0003345645
52832,0.0065930225
48852,6.794699e-05
25973,1.5497088e-05
2512,0.00049245154
16916,4.4106466e-05
12678,0.00028034096
41208,0.00010072678
10001,0.0038016208
28556,0.68386567
43703,6.651657e-05
28524,0.006240051
16803,0.0004851833
40445,0.006420698
49028,0.00016354177
16649,0.019602971
42615,0.00021860594
1841,0.00031549722
18791,0.0035394898
46506,0.014168032
5686,0.034585085
47895,0.0055115647
15070,6.735098e-05
44761,0.000102514736
30493,0.21644776
23995,0.00043275527
34939,0.0005382043
38311,0.000114315175
52961,8.5707805e-05
47174,0.00014494799
4606,0.007985216
42482,0.9971459
22852,0.0012524626
3579,0.00028939827
585,4.255681e-05
19196,0.0004762469
1100,0.05888338
22474,0.0018209319
40102,0.0012682974
15009,0.0021557205
43789,0.002114562
25791,0.006414894
19014,3.325884e-05
9333,0.14471208
46222,0.35076252
6774,0.0016911027
53879,0.08323879
2656,0.000381397
31539,0.0018868515
6310,7.045021e-05
29634,0.9821366
32399,0.00024208476
19033,0.00263011
53876,0.085835025
48918,0.00044479014
22277,1.3390291
36136,0.08009941
4311,8.892618e-05
37406,0.024027936
51198,0.014504236
30982,0.0038966218
16256,0.015638338
51879,0.00017379204
21558,0.0009248747
22750,0.0021031422
1071,0.029267536
28322,0.00014530557
26268,1.24004
14321,0.00015627117
37457,0.00012003655
45440,0.0008172033
12869,0.008478834
16652,0.0017382287
42177,0.050743356
9783,0.0006892689
2611,0.07990419
49368,0.4093864
43659,3.3616456e-05
46886,0.00016068121
25555,0.000258174
39263,7.295342e-05
9396,0.00025495616
14705,0.043722484
52923,0.00050019624
23849,0.00028558468
11287,0.05945473
16305,0.04737166
20340,0.0006454292
35604,0.00012826097
33799,0.00034159547
27053,0.14116357
14004,0.003920727
6770,7.343022e-05
38804,0.00016378015
48731,0.00072667416
52341,0.0076160543
7380,7.0211805e-05
7732,0.0059716855
33289,8.153583e-05
17252,0.00019310041
14538,0.006553112
3038,6.2344516e-05
37023,0.0024435443
48606,0.00031037282
44479,4.494089e-05
12897,0.3805
39942,0.01043955
9163,0.00023457636
5888,0.0042025824
13363,0.000343383
772,0.00090427033
18254,4.7324967e-05
29609,0.0007565735
32319,0.00014125303
18804,0.00055345474
12192,0.00040487197
31810,0.014810963
41089,0.00016401854
24296,0.0285992
34188,0.0023388907
52994,0.00042965717
39433,4.4702483e-05
53062,0.12276152
43920,0.0006909367
15169,4.51793e-05
6382,0.001267464
11665,0.0002495931
9436,0.10026363
43868,0.0015920834
47660,0.0035568327
4318,0.085676156
15336,0.0009386901
10784,0.00066437107
22595,0.07836357
36274,0.0010727848
5332,5.9483667e-05
33042,0.012695916
53783,0.14825584
48503,2.7298554e-05
43595,0.00010358751
13337,0.13713525
13279,0.00037591544
48976,0.00022933238
38926,0.003983065
15472,0.14780946
43000,6.9138994e-05
2062,0.0008195855
1462,0.00036840804
4922,0.0068562487
33127,0.0007011816
41444,0.0031463427
48076,0.021587284
9456,0.29016256
47161,9.393251e-05
30827,3.3854863e-05
5130,0.0016543287
40977,0.0058614747
26871,0.00027795744
2308,2.527205e-05
1624,0.0013024666
13238,7.688704e-05
35199,0.00015567521
34496,0.00029225845
44597,0.0021325245
47279,1.261556
45452,0.03580213
48929,0.14706902
43331,4.875541e-05
27414,0.010932195
10467,4.2079995e-05
47312,0.091046765
16880,0.00033122775
35540,0.00031621224
24142,1.764814
52728,0.0091378335
32753,5.960287e-05
852,0.0006106419
16755,3.564294e-05
33297,0.0009929971
12265,0.00030894275
4862,0.0003306319
35711,0.0007086865
48814,0.0003644756
43574,0.0047661746
16928,0.021802388
7058,8.844938e-05
38959,1.8715684e-05
22902,6.186771e-05
51884,0.052545983
19209,2.8132996e-05
25173,0.003933432
11748,3.933899e-06
43800,0.00025483698
2654,1.9907753e-05
42607,9.667406e-05
46516,0.010156379
35531,0.00014435203
31514,0.00055893534
23034,0.00093595084
18776,0.002088391
43750,0.00010811698
23938,0.000629227
8441,0.003494468
42212,0.0038916345
35739,2.5748875e-05
31024,9.5720476e-05
38090,0.00015829741
48329,7.652944e-05
53214,0.00051449414
39113,0.00064566743
38969,0.0118173305
4925,1.8358061e-05
37098,0.0012685356
34993,0.00018439977
37855,0.00013326711
41096,0.0006270826
35987,3.2782016e-05
10277,0.09837352
53360,0.0014036575
32476,0.025506603
40342,0.0011859058
24956,0.005496982
3043,0.07899231
40154,0.03061374
4476,0.00038830846
27923,0.0001913126
48717,0.00010620984
16967,0.00029738297
34205,0.000505558
38931,0.026363496
28454,4.51793e-05
13807,0.0011817385
4607,0.00019596086
27436,0.000759075
15910,0.01756704
21578,0.009800886
4506,0.000114076785
37468,0.0338258
28320,4.136477e-05
36680,0.07266907
27262,0.025043642
43445,0.0001633034
48218,0.00011097769
21309,0.072706535
27357,0.0002188443
44935,6.425174e-05
37839,2.1815062e-05
7870,0.00020084748
17613,0.00033516035
50418,0.001245438
3580,0.0006823595
11125,0.004536219
30354,0.008596439
8980,0.000292616
5400,4.83978e-05
20159,0.0035061098
27389,0.00044848397
22499,0.00041631138
29195,0.00015853578
44667,0.0005672753
26104,6.079655e-06
5521,0.0005418978
53356,0.0006563893
8888,0.00010501787
47602,0.00063029927
46011,0.009801594
22538,0.13275623
48054,0.031127056
7046,0.00026294112
47943,0.004617267
48675,0.000169978
40766,0.15554065
46264,0.0035619405
51203,0.000113719194
13896,0.00032872517
39628,0.01066827
2050,0.0007696765
16828,0.005866808
51140,3.4570097e-05
27025,1.394739e-05
14967,0.00017903633
25662,0.004885166
25082,0.1210112
44316,0.00023326537
42254,0.0072301878
34910,0.00018618758
24242,2.0146166e-05
23124,0.0014003243
41554,0.00882499
45245,0.0003323003
3346,0.0002298091
7509,2.9325056e-05
49556,0.00026925752
4586,0.0003786562
34453,0.0010756428
35716,0.0039251205
48514,1.9125593
50989,0.011317696
15544,0.100557655
2794,0.08263663
15683,5.1377883e-05
6852,2.2530301e-05
50765,0.00032610344
714,3.373566e-05
630,0.03283109
4101,0.9125195
41470,0.2598816
51789,0.00027319038
38337,0.0049638133
38554,0.00020525733
13040,0.0012204349
26894,8.809179e-05
14254,0.02884998
6778,0.00010609064
27609,0.122952655
30368,0.0013960388
23837,0.0020285521
27227,0.012705451
15781,0.0002430382
27379,0.0008699685
8061,9.321732e-05
30734,0.0003729363
22528,0.00042262682
4564,0.109289564
11871,0.11173267
42246,0.0006710423
8186,0.00013195598
49120,0.007522234
28931,0.0037281073
35750,0.00030596345
28894,0.00010883216
7404,0.0022452879
29142,0.0005516676
38633,7.211902e-05
6913,0.002314153
22421,4.0530336e-05
35718,0.30895105
45116,0.0002741438
17190,0.00057418545
19776,3.2305197e-05
8213,5.9841273e-05
40954,3.2901222e-05
13780,2.9682673e-05
7022,0.00014494799
26378,0.00016294583
36373,5.233151e-05
34439,0.6502866
11111,0.00022861728
52349,0.004483172
39183,0.0001402995
50887,0.00016962043
19155,0.00021586473
22558,0.0011237503
52127,6.3536536e-05
35100,0.00024530262
30442,0.000114911156
50190,0.00054928474
47951,0.0011244648
10748,0.19730309
30906,1.7881233e-05
53379,5.0662664e-05
28012,0.00030131568
8062,0.018492084
2117,0.008935938
26486,0.00027640813
3122,2.3841855e-07
19232,0.004933446
22404,0.00032240915
40262,0.0004903068
48962,9.011816e-05
27453,0.000535464
14565,0.00015686711
43201,4.2915253e-06
37966,0.008803012
47247,0.00024029706
2393,0.0004354959
22031,0.0062278486
5783,0.026825497
32618,0.00014304092
45973,0.00015412574
34893,0.30815583
18197,6.377493e-05
16906,1.6808368e-05
35898,6.4372807e-06
26746,0.023196993
788,6.9854206e-05
10123,0.0026391458
35469,0.0001351742
5406,0.00019250448
38171,0.10311733
15125,0.01316898
37539,0.0002646096
8626,0.062452435
19976,0.000114911156
44717,0.00021526881
50921,4.482169e-05
50036,0.19109909
3435,0.0004315637
53413,0.0036895077
16677,0.009622147
23418,0.00021491126
38003,0.010343517
17440,0.10104999
33264,0.006449125
25434,9.6078074e-05
37116,1.2516897e-05
23013,0.04322747
7731,4.8993817e-05
12684,2.1457441e-05
17756,1.668916e-05
39827,0.0008244691
24821,0.0010413468
45262,0.0059393346
32170,0.00040487197
6795,0.018841226
47851,0.0018311652
38480,0.016210888
48723,0.027659345
4349,0.0026014554
1244,2.9325056e-05
18705,4.6371337e-05
4992,0.0016931259
48781,0.0098607335
27798,0.00028165188
49675,0.14356978
35932,0.0034528894
5681,0.26201966
20556,0.0014699617
36229,0.0006059956
10287,0.0148168355
11666,0.13749376
1519,8.5830325e-06
51640,8.9164576e-05
38622,0.0074759717
26129,0.22820532
18865,0.00015698631
12548,7.4026226e-05
5723,0.0013177054
46999,0.15125939
32345,0.00043573423
49817,0.005227587
10535,1.346416
32678,0.0019125519
1617,0.00029225845
31175,0.00024196558
27808,0.00047302977
11209,0.024748646
26057,0.0020716174
37404,0.00086973025
11036,0.26340118
51212,0.012847745
22680,0.00026866165
7224,0.0017895175
29042,0.00030214989
22708,0.000304295
13263,0.008167794
9176,0.00040284626
21102,0.037793502
13512,0.0018502036
28508,0.00025579042
52228,0.0013162767
22534,0.0002699726
35162,0.0010203876
51211,0.00043537674
11355,0.00030834688
17063,0.0017227584
40412,0.0045806
33749,0.0050879996
34436,0.016889311
43456,0.02641667
20921,0.00011967897
33713,8.952217e-05
16952,0.021760514
43463,0.0041783657
30399,0.00073048606
30186,0.0009586982
43041,3.6119764e-05
23302,3.4331686e-05
32595,7.641024e-05
50378,8.66614e-05
40241,5.19739e-05
19569,0.00011121608
45819,0.24581932
27718,0.0008891443
9945,0.0031357664
7192,0.019002534
44135,0.00015078839
26786,0.031850867
42619,7.390703e-05
30335,0.00014196818
27742,7.8913436e-05
6842,0.0007615765
12788,1.8853023
25463,0.0036032768
46517,0.0064946054
27142,0.0005283152
27478,0.0011782855
32018,0.00013088323
18377,0.00015221868
51322,0.00045313104
18845,0.00038890427
15837,0.009125076
31000,0.027724858
52531,0.000545353
18058,3.6596583e-05
14549,0.0013128242
3487,6.592056e-05
42840,0.43404728
10468,7.903264e-05
28477,0.00027891083
23911,0.00024053542
14117,0.00012218206
53752,0.0005029367
42588,0.054268476
22573,0.00042191186
7459,0.0004916175
17666,0.0011942405
43651,0.00021491126
42226,0.0021247924
31150,0.0063228565
5942,0.00012277803
28585,0.008245593
44752,0.0011922164
47322,0.14323875
3839,0.18048051
13274,0.0005272429
34150,0.012223453
19395,0.00047815335
25479,7.510157e-06
48250,0.00010287233
2230,0.026596611
6273,0.0005467827
44709,0.0049602548
47056,0.00028749148
23524,0.00035017557
36013,0.07141697
33180,0.52849805
33920,0.0006250573
49037,0.0007794441
35060,1.633154e-05
47725,0.0013103242
47176,0.0005751386
40625,0.00094154844
26733,0.08473841
2263,9.321732e-05
9008,8.0105434e-05
44851,0.013915659
6818,0.09823986
19415,2.3841574e-05
48061,0.0056662657
33331,0.00013529339
40180,0.00010263393
23309,0.13705263
50722,1.3351351e-05
1277,0.0002394628
48624,0.000105137064
50967,0.25971904
7620,8.093983e-05
14303,0.38602984
16617,0.04337222
29740,0.014476625
26565,0.054505225
14848,0.0010957672
40838,0.012108394
46959,0.045585413
36763,8.3443025e-05
20380,9.583968e-05
40916,0.00092606567
6505,0.00039819896
52646,0.00065889105
30636,0.00010191875
29314,9.2621325e-05
47288,0.00022015533
40641,0.0014322272
26694,0.46913475
30292,0.002247072
47067,0.03985893
2909,0.0022619395
51844,0.07015307
44757,0.0017491769
3817,0.0064764847
7084,4.7801783e-05
1153,0.00022933238
40538,6.15101e-05
35793,0.0023994248
18447,7.283422e-05
7437,0.0002766465
14188,0.0059315134
37729,6.9258196e-05
43236,0.0142734535
53695,5.8530048e-05
30947,0.00010466028
26663,0.00062886963
28784,0.0043849037
12162,0.00011097769
29590,0.026754238
5448,0.00020728348
25327,0.0026807582
38413,1.9788546e-05
17237,6.1629304e-05
38457,0.00021026308
12189,0.02245943
49619,0.0011362532
7350,0.00021360023
18304,0.000287849
31979,0.25429383
4817,4.3510445e-05
44305,0.07664524
37568,0.0006057573
48700,0.00022051287
25865,2.4199193e-05
37806,0.008938183
47125,0.00010918975
49421,0.001521026
48562,5.8887654e-05
49931,7.9747835e-05
37135,0.001763933
34284,0.00030024312
12793,0.00026961506
4806,0.0002690192
35078,9.941561e-05
48857,0.0012073378
44829,0.0007065422
53722,3.635817e-05
17121,3.3854863e-05
37157,0.0004526544
42810,3.373566e-05
25813,4.577532e-05
36785,1.9430925e-05
10428,3.0755524e-05
18323,0.00039796063
2283,0.0015078138
35009,3.552374e-05
43972,3.9695904e-05
3918,0.00051473244
47192,6.687418e-05
52123,0.0002945228
47097,0.0010638536
50522,0.008509211
33142,7.784064e-05
27457,0.00021562635
21334,7.879423e-05
32480,0.00013362468
4656,0.005096539
51551,0.0012729408
25057,0.4625804
27426,8.5707805e-05
13935,5.3761945e-05
40536,0.0006747353
26423,0.0016586131
15383,0.021622399
2853,0.0011445883
16490,0.012234993
49144,0.0017444169
35143,0.00087640015
46911,1.7642818e-05
23384,0.002594916
9476,0.27089193
21036,0.00013469743
31249,3.0993935e-05
6440,0.0008192282
31001,0.015945654
45243,0.0014932922
35211,0.004765225
15803,0.098304264
53636,0.001856629
5913,0.0005996813
52234,0.00016485286
48482,3.3020428e-05
42014,0.039565638
14058,0.0014912686
23226,0.033012304
50842,0.0019565742
16737,0.000759075
8781,0.0011686408
23094,0.01785667
30289,5.161629e-05
5865,0.00014196818
49625,0.1215605
8529,0.09550731
27750,2.1219028e-05
2666,0.90533566
52103,5.5311582e-05
20415,0.00010132276
14103,0.0001349358
15342,0.0033046182
16912,0.01179047
5184,0.002497413
12715,7.092701e-05
52158,0.00026580138
6601,0.012896113
7246,0.016147783
12079,0.006234483
4088,8.0582235e-05
48129,0.0006329202
301,0.0002952378
8208,0.00012277803
22050,0.018453114
35649,2.3841574e-05
15428,0.01253088
22263,8.070143e-05
23888,0.0017246624
20760,0.00019190853
48259,6.580136e-05
20983,0.013861227
4485,0.0033179254
29834,0.0008261367
1387,0.0009179669
40764,0.0001335055
49683,0.04452515
33708,0.009794511
14962,0.00061111845
31874,0.00026651646
53311,3.1828375e-05
43327,0.00118281
12868,0.0004923324
43319,0.0008447178
33866,0.0023583951
25867,0.000825422
33179,0.00040677856
13568,0.00018058576
887,1.6093125e-05
54,8.356222e-05
30347,9.894322e-06
13120,0.025400732
34713,4.768258e-05
18553,0.03112463
23842,3.778863e-05
21225,0.038472243
9282,0.00012385078
5719,0.006133898
41187,0.00041583474
1470,0.10264388
8906,0.0020863689
18282,0.14252655
50381,0.07302961
6503,1.8596476e-05
47800,0.007360128
38784,1.403131
36427,0.00044204952
33003,0.0009488133
49648,7.104621e-05
5979,0.00036769305
27019,8.66614e-05
29123,0.02084643
27896,6.317893e-05
7953,0.027352707
2270,0.00016282663
13305,0.00056346273
47219,0.0067897085
37649,0.00010287233
38769,6.031808e-05
4027,0.0010733802
24439,0.00014232576
46156,0.00066341803
26564,0.0002786725
26254,2.8132996e-05
39473,0.525465
40292,0.0031305375
29605,9.5362884e-05
32807,0.00024816295
50088,0.0067023234
39953,0.00048804292
50344,9.786604e-05
19127,4.9828242e-05
12953,0.0005660839
53452,8.5707805e-05
5672,1.1132697
41635,0.009252762
922,0.0016663488
40026,0.0040450427
1477,0.02638428
12934,0.00051532814
52714,0.0005571482
45788,8.66614e-05
22834,0.018269595
21170,3.266281e-05
22136,0.04328992
31381,0.00030512922
50202,9.8104436e-05
42835,0.0028952132
49099,0.0065592704
28670,0.122733995
38019,0.0019656161
32633,0.053581506
38180,0.093640745
42617,0.0019589537
9445,8.368142e-05
10644,0.000488877
18930,0.0025819556
8628,0.00012683064
49237,8.165503e-05
13468,0.05105344
25761,0.00032074074
27244,0.002679926
28665,0.106101975
46582,0.0015499495
47169,0.001073142
1516,7.9271034e-05
9510,0.008728684
35390,0.10873563
29131,0.0010146714
8985,0.00022075123
31456,9.285972e-05
47206,0.0006996329
45398,0.00023445718
49283,0.0004117833
3213,4.7324967e-05
34440,0.00073251117
47898,0.0012991331
51811,0.00087556645
28354,0.0013693727
4810,0.0008825936
3155,3.9099883e-05
42550,0.00045992286
50324,2.6106494e-05
35039,0.00010823618
17293,0.0006834317
31678,0.025367144
2146,0.007847077
52987,1.5973917e-05
10728,0.0008131535
27251,0.0009170141
4048,2.62257e-05
35448,0.0036617152
50385,0.004751344
2991,0.00059253303
40539,0.00025853154
22483,1.072883e-06
40621,0.11552303
14211,0.022299845
30656,0.009413736
16543,0.0014343698
44081,0.02554832
34685,0.027110485
10878,0.0069824494
39111,0.00834963
36637,0.00010632903
4673,0.008408264
30171,6.4490145e-05
26743,0.03280779
49035,0.000106686624
21069,0.11029639
45931,0.001058614
21306,0.0023497134
44415,0.00024351492
15254,0.00011050091
15754,7.068861e-05
34614,3.9695904e-05
45333,0.00015078839
17469,0.0073552765
2281,7.652944e-05
19053,7.736384e-05
48547,0.7083575
12214,0.0007566926
146,0.20020504
8578,0.0037583923
53111,0.5855094
7874,0.00039414744
21660,0.0030024233
48451,0.00072179013
48951,0.0010201494
28327,0.00016735584
23890,0.0035189393
17386,7.998623e-05
2073,0.0015261442
50285,0.031921647
10961,0.00040058218
47563,0.00015650954
3805,0.0062832907
2948,0.00011133528
23171,0.10249056
31160,3.0397907e-05
13088,0.0061929
25914,3.445089e-05
43060,0.016150597
11110,0.030650275
41869,0.00033682873
24690,0.00033480284
47403,0.0016295738
42620,0.032467645
8256,9.846203e-05
37814,0.00017355366
19098,0.0042079245
13878,5.435796e-05
18660,0.003653401
309,0.02029662
12177,0.00788457
18973,0.0058931173
21994,0.008413111
12505,0.00014363688
8818,0.00023743672
41286,4.9232225e-05
36922,0.0047597676
19179,0.004274874
42311,0.0016902697
48584,0.8088471
28668,0.0002478054
41742,0.00011741426
37890,0.006949421
34097,0.0374748
7957,0.015863877
27619,0.10385611
53560,0.00015758227
28820,0.0011318475
10579,4.911302e-05
21868,0.00050937076
44278,0.00085472286
22262,0.0009959743
20404,0.028144509
13102,0.00015889335
18414,0.00015782064
41445,0.0001559136
27314,0.00030131568
23803,0.0034698774
28655,6.7708585e-05
24654,0.0022460015
9504,0.000109308945
14559,0.0059048496
6802,0.0003665014
38431,7.00926e-05
17277,4.482169e-05
40464,0.00013445904
44522,0.00027676567
18069,0.077937126
8214,0.00013731967
50073,0.01646796
26802,0.0014216327
7748,0.0070079006
19822,6.687418e-05
43373,0.00033122775
30497,0.005307275
47706,0.00022110878
45832,0.06801693
29836,0.00035744478
34721,0.15862732
16262,6.7112574e-05
2485,0.0035968628
31222,0.0001335055
26848,5.245195e-06
14140,0.028087368
1957,0.0006040894
39754,0.0013615157
49766,0.018556446
3569,0.00010299152
3176,2.9325056e-05
21469,0.00035327394
9781,0.00602963
9608,5.3285134e-05
5754,0.30546135
17202,0.025691936
21954,0.039401192
26243,0.017851986
45753,0.00046171018
1338,0.0003421913
38260,0.0034127347
34435,0.00047362555
1109,0.00073346414
45575,0.0043414626
33626,0.00019333878
41552,8.582701e-05
9546,0.00051032397
44668,0.0004524161
33178,0.0008797351
48973,0.0015092422
38801,1.0503732
48025,0.011280921
1293,0.00063232455
44093,0.0012549629
51210,0.0008702067
2937,0.00325008
23638,0.00067985785
52744,0.00010477948
1969,0.0031443224
35821,5.3642743e-05
28888,4.0649542e-05
34221,6.2940526e-05
25842,0.0013440156
36233,0.07679959
26696,0.0050141066
39208,0.008913372
17641,0.006853289
15404,0.008373274
109,0.0033835089
51169,0.00048041722
20599,7.3549425e-05
11794,7.414543e-05
20284,4.51793e-05
16974,0.00018821376
16592,0.0039019652
14712,6.723178e-05
35074,4.5298504e-05
25856,0.012106156
31204,0.00016163473
40314,0.0016850333
21897,0.00067783264
38671,0.0007353701
20874,0.008435216
45844,3.850386e-05
4515,0.13027057
4136,0.0037005534
50209,0.00039533907
18042,0.031620704
51765,0.024722943
41270,0.00018869051
9559,6.9141147e-06
11331,0.0021046887
6965,3.5046916e-05
37754,0.0015148366
40183,0.0022307767
35986,5.972207e-05
5046,0.0003852102
21425,0.006055224
22066,9.3694114e-05
49864,0.009568543
24088,0.0022664592
23678,3.564294e-05
34328,0.00014530557
32514,0.0071390537
4917,0.0011073179
27458,0.017939808
14161,0.00041809876
45281,8.7614986e-05
17858,0.00090522313
28999,0.055911805
12827,5.7814836e-05
46880,0.017194135
50175,0.21122967
30547,0.035665594
6064,0.0031320823
50099,0.22555439
51255,0.0006417361
26112,0.0001349358
44570,0.13786075
38591,0.00058895885
36886,5.3881147e-05
5331,0.00025733974
36227,0.05282656
52061,5.8887654e-05
15313,6.5682165e-05
11233,0.0009866852
7310,4.7801783e-05
53032,0.00013195598
40059,6.639737e-05
36690,0.0004070169
22441,0.00013374387
52043,0.5013936
785,0.0041800276
25143,5.5907592e-05
5667,0.028881714
35866,6.2344516e-05
4440,0.00042310345
2310,4.4225668e-05
41615,0.0007493072
49131,3.421248e-05
50992,0.08832436
45504,0.0008160122
27424,0.019818736
1657,6.186771e-05
28170,0.00036185392
20469,0.027958121
28658,0.00024327656
51632,0.004463353
31528,0.0006943914
4997,0.000431802
32689,1.6927575e-05
29105,7.8913436e-05
22162,0.00974127
32103,0.011385114
40561,0.0016625405
41084,8.6184606e-05
6295,0.00052819605
3163,0.010881373
18819,0.00037079136
35847,0.0003209791
30626,0.00020096666
16101,0.00011109689
22506,0.09996758
19407,0.00014113385
30915,0.0033342028
7311,6.93774e-05
46831,0.01195822
11017,0.001255201
39858,0.000733345
11380,0.004473559
50849,0.00217844
3675,6.93774e-05
6642,4.1722382e-05
42746,0.005785861
12216,0.13288264
46947,0.0009572691
13059,0.0050846785
29831,0.0077648708
51447,0.005492833
10593,0.00015531764
15866,0.04981933
5435,0.008858193
37176,0.00014149141
51300,6.639737e-05
43947,0.0030502006
42043,0.0004002247
16330,0.009769721
53165,0.000120394136
5655,0.029029485
1645,0.0005385617
30709,0.051162746
14311,3.9576702e-05
4252,0.06758639
2284,0.006064822
45519,0.0004002247
25846,0.15528889
45127,0.00011932138
51773,8.0582235e-05
25390,0.0020297419
19403,0.11988506
34748,0.0003710297
39773,0.017422488
7937,0.00080636406
17499,0.0039785528
15241,0.0006267252
39884,0.00025149997
23672,0.0059249955
9240,0.00013028727
37342,0.00016234987
21707,0.012408321
40735,0.088855796
25062,6.544376e-05
24872,0.001019554
52176,8.3800616e-05
44713,0.00034159547
31120,0.0012091238
41768,7.414543e-05
49007,0.01909692
15673,0.008669832
7470,0.042075787
192,0.0049619153
19932,0.0026556721
26667,0.0012927041
10190,5.2093103e-05
42775,0.01892358
42864,0.00016830936
28337,0.00043978557
26102,0.0027858517
38677,0.00785583
16214,0.00094893243
46309,0.00028987497
3285,0.0010213403
23145,0.006222873
41844,0.00018892887
6482,5.805324e-05
30801,0.00040439534
29277,0.0099026365
14903,0.010729246
15788,0.0018670999
51442,0.0002406546
24745,0.11579508
23433,0.00031621224
13781,0.041901696
14413,0.13975601
23167,0.0035304618
18009,0.003542697
44516,3.1589963e-05
16929,4.1722382e-05
22649,0.00061921973
15617,0.00016234987
4830,0.000115864714
47428,0.00022611445
38188,1.7285198e-05
28573,0.0017368008
49290,6.305973e-05
10442,0.079308845
20274,0.0047673606
12491,0.00030989613
40694,0.03101184
8714,0.00077884854
10661,0.002256825
19952,0.00040749353
34385,0.00012540031
13932,0.0042410437
53300,0.00013136001
46988,0.018536903
48774,0.0006897454
34784,0.0015145985
47334,0.016921662
35502,0.00020072829
44630,0.02410521
37794,1.7762026e-05
46245,0.044896554
41320,0.00016187312
35617,0.00029333105
27589,0.10332774
17743,0.0018695986
46949,0.00020930961
7599,0.0048422213
985,0.010637958
7788,1.8238856e-05
23882,0.00011932138
52532,0.0012342463
48565,0.0003533931
42698,0.0017898744
38656,2.8848232e-05
774,0.00016580637
17033,0.0067583313
14150,0.010926063
35334,0.00018189683
30371,0.00020716428
14797,0.003818484
49537,0.041524492
12178,8.320462e-05
18800,0.0076524913
32422,0.004760124
24333,0.0015161459
53517,0.007952811
15829,0.023054067
9080,0.004715038
23285,0.0012032896
6143,0.0037787003
7284,0.08127091
5525,0.00014935808
52998,0.0002038271
31821,2.053235
6312,0.016626135
18497,0.002238865
9806,0.008261199
46400,0.044769235
31728,0.00023290783
51662,0.0001913126
28779,1.490105e-05
40698,0.007852636
51543,3.635817e-05
28796,1.7523613e-05
1427,0.0073011955
34682,7.9271034e-05
1494,0.002687654
47935,0.002117298
46561,0.00052116637
18,0.0003294402
33985,0.0017816636
48026,0.0001234932
19628,0.00029225845
4373,0.00017891714
48314,0.0023951435
44058,0.0013875867
52928,2.7656173e-05
27386,0.0007799206
51449,0.28901294
328,0.00011228884
52699,0.39269987
51220,0.028197821
32522,0.00012838017
39440,0.00048303857
51875,0.0055043325
32947,0.023349334
30726,0.0017071688
51951,3.421248e-05
43741,0.0021331194
16582,0.00015162272
35553,7.486063e-05
18971,0.00037186383
48581,0.0002811752
37586,0.00024291902
677,0.0023172451
40603,0.00080148043
24568,0.0005003154
14252,0.00011467276
29856,2.0861407e-05
43688,0.00025161915
2238,5.3881147e-05
23273,8.2131824e-05
13553,0.00013183679
8938,0.0005821679
23923,9.2621325e-05
6290,0.00012814178
18063,0.0012015036
18680,0.00125532
24278,0.00055119104
34567,0.0053620567
24327,0.2013764
34701,0.00011121608
12980,0.00016354177
11352,0.020568995
23976,0.2758652
34386,0.00026699316
6455,0.00033587537
14250,0.07817705
48362,0.12221014
48097,0.0007669368
47444,0.0014768656
15948,0.0057205535
36000,0.076302566
18576,0.0020676916
36629,0.5528332
44726,0.001543046
27459,0.065153725
35876,0.017428346
35981,0.038823884
3654,0.00043954724
10298,0.00022742547
14125,0.000135055
46009,0.028454032
7808,0.000234338
29455,0.0026506786
51056,0.0006532919
14349,7.950944e-05
53046,0.000169978
26809,0.018322384
3578,0.0563216
10845,0.0552342
53834,0.026514888
39616,2.3603161e-05
53391,0.011957396
41922,0.0085301325
21486,5.6265202e-05
49218,0.0005774023
20981,4.136477e-05
4201,0.00019810621
46717,0.0020318832
52931,0.0002189635
6030,2.7894584e-05
42677,0.0025923
2411,0.00012826097
48940,0.00010454108
51223,0.00015639036
21237,0.0051788464
15483,0.00020573408
17793,0.00029368856
24809,9.3336515e-05
7196,9.595887e-05
22468,0.0001722426
49350,0.00033647122
9133,0.04679154
42145,0.0032144326
36250,0.2846144
3664,0.09819945
2368,0.10501686
20918,0.0011131526
7391,0.00070344494
18445,0.00044598168
3894,0.00013767726
52886,0.16842784
33459,0.034709908
38263,0.0007428747
44982,5.0185852e-05
37290,0.017840043
8871,5.1377883e-05
50916,0.013417896
30662,5.5549986e-05
50122,0.012421036
16773,0.017273579
32159,0.00017355366
11408,0.0015219783
31296,0.00012003655
38740,0.003709461
24440,0.00047314892
1805,0.0002619877
20241,0.001985366
38400,0.003588548
7618,3.0993935e-05
38973,0.00029428443
19245,0.18923917
44866,0.017800227
41522,0.00014983486
52291,7.4026226e-05
947,4.148397e-05
14904,7.831743e-05
40973,0.025154084
20972,0.010196264
50262,0.002497532
511,0.000295357
2174,0.268918
6338,0.0026278507
22447,4.1722382e-05
2736,0.00016640233
32498,0.00020823695
10148,0.2986371
830,0.00027068765
42221,0.0022877492
31631,0.0007717015
25135,0.007399888
34267,0.010881137
21317,0.0034382772
39041,0.041808408
38286,0.012816439
6235,0.0002430382
53125,1.585471e-05
51680,0.0030285704
43093,9.071415e-05
28817,3.4570097e-05
45152,0.25853008
43729,0.07591215
18273,0.00011967897
17576,0.00012730742
50821,0.047617093
40761,0.0003463622
24862,0.13143253
18118,0.0031339838
51308,5.9483667e-05
17029,0.00047517451
33526,0.00031752314
707,0.00011419598
5241,0.0015805383
50536,0.00024029706
52695,0.00045503752
1362,5.8530048e-05
35741,0.0774613
51653,9.619727e-05
7332,0.0004042762
51296,0.09432049
31232,0.019356644
46065,2.6344906e-05
20685,0.0073785884
20625,0.0019917905
44090,5.3046726e-05
47765,0.0013388965
1015,3.2901222e-05
22099,3.7431015e-05
15589,0.045026705
50524,0.01618133
35791,0.0038710912
29365,0.0006582954
37392,0.004689647
4218,0.018651227
7355,0.00066830235
35103,0.0013208007
49624,0.00013577017
23539,3.5881352e-05
36097,0.0074084075
44407,0.0067415177
14392,8.9164576e-05
42964,0.00011002412
34394,0.00010632903
45044,1.0231078
23219,0.009583656
30643,8.7972585e-05
17806,0.0025511596
29229,0.0004258441
41302,2.1219028e-05
24199,0.00084447954
27654,0.00023839016
15167,0.012360635
17524,8.046303e-05
17714,0.0062139877
3962,0.0073723164
18313,2.6877587
40898,0.0943296
3455,0.00046361666
17577,0.00013815402
25816,0.001211386
26219,9.2621325e-05
48545,0.021786408
34397,0.3878925
12014,0.00057644915
45261,0.00040618275
39478,0.00027259448
1260,0.039455514
49140,0.00020418466
30678,0.0127578275
43218,1.9192512e-05
45508,4.9232225e-05
15805,0.00026782742
13794,0.25351185
14775,0.13308479
25538,0.00095143344
38240,0.00036900386
13415,7.474143e-05
10400,0.00051735365
40122,0.00023088173
50163,0.00027605062
29084,0.007926083
53819,4.9709037e-05
49667,0.008123926
19491,4.2318403e-05
7841,0.00043287443
5360,0.00047314892
1571,2.5510462e-05
51812,0.0010752855
22906,0.003238079
10044,0.012834446
27791,0.00031108785
38720,0.019282393
4752,0.00024554098
9641,0.0017087158
42400,2.5033638e-05
36183,0.007006125
24503,1.8715684e-05
53443,0.0008278042
1052,6.7112574e-05
50238,0.002757796
39656,0.000116460695
38641,0.029129181
53852,0.00012885693
7325,0.0002944036
41091,1.0728779e-05
30732,0.00017975146
20801,0.008368544
41484,0.00065960584
17723,8.272783e-05
40028,0.021639083
3307,0.099729374
38840,0.00036185392
2802,2.9325056e-05
12405,1.0652679
24754,0.008420322
53728,0.0001922661
12133,0.0027906068
28136,0.08844254
5480,0.018916093
2383,1.1387208
17710,0.0009687022
14391,0.00032967856
38393,0.95403576
33044,9.5362884e-05
49503,0.0024151225
21333,5.4596363e-05
34110,1.3932972
3465,0.0030316606
53211,8.59462e-05
29539,0.012161862
53774,0.00016604476
24569,0.0010951719
11804,3.9457496e-05
23310,4.708656e-05
35758,0.0071867523
29134,0.0002619877
6177,0.006064111
32869,0.00014089546
30487,0.038252436
15006,0.00550208
1347,0.0024106035
15816,0.0001335055
48919,0.0005440424
24760,0.0150850685
33029,0.00033933128
11265,6.520536e-05
22451,8.046303e-05
46314,0.0032796664
46984,0.005973463
35600,0.008681768
16278,4.51793e-05
42606,0.00272225
8784,0.006512016
25971,0.010474351
9006,0.0014040146
42032,9.3336515e-05
6648,0.002748761
11801,0.00029928974
12527,2.1695856e-05
11873,5.6265202e-05
39739,1.8358061e-05
22393,0.00045253526
26426,5.3881147e-05
51279,0.008013361
40329,8.892618e-05
5396,8.928377e-05
37733,0.04473424
20303,0.042263445
7783,9.893881e-05
3319,0.00027068765
8406,0.018906385
15141,0.30782282
45939,0.0004593271
44331,0.00023660244
40072,0.009105939
23548,0.0005615565
8677,0.00011848701
35505,6.2225314e-05
10569,0.0042805714
15636,0.00016127716
13272,0.0007609809
19258,0.002975087
35722,0.22547732
752,0.02012372
14036,8.2608625e-05
28074,0.13810687
22901,0.0026695826
36642,0.00016044283
29425,0.005132831
4941,0.057547264
40741,0.0152589595
12539,0.000820062
10583,0.0003750813
28846,0.0720471
19867,0.00054011063
31742,0.00042262682
10323,0.00021693738
32602,0.031152131
26464,0.001750962
30581,0.00019762947
10704,0.0047565643
39636,1.1682442e-05
13169,0.00016127716
13828,0.00017414961
32348,0.5610095
5564,0.00013290952
43202,0.00045658654
34196,0.02090457
12634,0.003751029
4789,0.009698416
45781,0.00019727192
30304,0.0013197293
14876,2.491443e-05
33756,0.009132282
32894,0.000107282605
38859,0.010920875
27012,0.0056463513
5341,0.00038926175
45798,0.006303192
16661,5.2212305e-05
41147,0.032182563
34692,7.748303e-05
52236,0.0041801464
23456,0.0058236686
28560,5.411955e-05
5675,0.0006724719
26842,0.00015925094
38506,0.32815772
1485,0.008604003
43736,5.674201e-05
20097,0.02609827
22392,0.00051068136
17671,0.00029356938
6456,0.045263942
33837,0.001857105
33997,2.3007127e-05
18501,0.011921821
26245,0.0005159239
13860,0.011698808
46442,0.001333063
39580,0.00023040501
46209,0.00036733557
31334,0.000105137064
31600,9.750845e-05
34183,7.855584e-05
52712,0.018750677
44101,0.030204032
46772,6.806619e-05
44138,8.749579e-05
9716,0.05902813
16875,0.00011312322
7464,0.000526528
1301,3.826545e-05
18952,0.053571902
46601,5.805324e-05
21621,0.000113242415
4180,0.0003823503
12726,0.0008814026
30773,0.005546419
39144,2.1576649e-05
32501,0.00097120315
34604,0.00016854773
12850,8.225103e-05
10684,0.2911359
39296,0.0019453902
41543,0.0011013639
28159,0.013628885
53158,0.00015138435
4310,0.00031323294
25747,0.00010883216
17514,0.00059789425
49927,0.00016616394
23065,7.6291035e-05
11446,8.856858e-05
41528,0.07340985
20540,3.4689303e-05
40060,0.0016305259
15588,9.071415e-05
959,0.00014757022
10354,0.0137709305
38271,0.0024062032
17920,1.2755313e-05
1573,0.0016625405
44216,0.00023135847
9812,0.00022432672
28069,0.007892731
28710,0.029384574
45004,0.0027103615
9373,0.0013544919
9228,0.0002022777
22235,9.214454e-05
50424,0.022226162
3888,0.00080541114
39222,0.0005015069
32042,0.008251386
41001,2.6464111e-05
41616,0.0018554392
42814,0.00019023992
2071,4.8874615e-05
9437,0.00013457824
39926,0.00031633142
633,0.0004103534
39976,3.933829e-05
8857,0.025257772
45459,0.00054928474
51161,0.00019619924
43580,0.0008266131
50604,0.01237029
7635,0.00011526874
35357,0.09786722
6812,0.0035304618
3605,0.0007713442
30589,0.0014690094
19736,4.553691e-05
27541,0.00014518638
49577,0.00036149644
3992,0.0072142105
50230,3.6834994e-05
611,0.25584087
42680,0.00026163016
22341,6.413254e-05
28298,0.03011462
13672,0.008154905
7840,0.00016830936
53040,0.00017486473
16369,0.00015519845
4567,0.00016342258
40284,0.06578681
3716,1.5973917e-05
39191,0.00039641152
6002,4.136477e-05
1579,4.458328e-05
44364,0.003974991
4147,0.0041182954
2120,0.00019536493
50338,0.07182789
43098,0.0041883374
23945,0.00022289653
16346,6.7112574e-05
18578,0.00029559535
16137,0.015549257
3112,0.00015221868
29904,0.0004070169
10698,7.509903e-05
26391,0.0067449515
20726,5.7934038e-05
23450,0.008911481
31126,0.00017677175
1066,9.762764e-05
26236,0.00022158552
37860,0.00026258358
6039,0.00042524832
16889,7.223822e-05
28093,0.00016652151
42031,0.0002531685
19259,0.00039557737
52672,0.10754653
49903,0.00033253862
12497,3.4331686e-05
8815,0.00022635281
43477,0.0013461584
25032,5.8887654e-05
32237,0.0001841614
36845,0.0013500871
26091,0.00017808282
14971,0.00018153928
32481,8.344647e-07
40214,0.0019875073
2142,0.0011248221
15678,0.012805965
48125,0.00010084597
9607,0.010175731
37562,0.012956011
19353,0.007667279
5510,0.00037281716
1767,0.00048530244
32868,0.11180207
23747,0.0021820087
769,0.009150473
2399,0.00020072829
53799,0.0007713442
23369,0.018391438
26211,0.005796054
5040,0.0001710507
8523,0.04649344
39057,0.05288898
43276,0.00030679765
24470,0.00032407753
7522,0.080367744
8973,2.6702524e-05
8491,4.9232225e-05
6395,0.000728461
6931,0.00352868
50919,0.0070377314
11151,0.0019027954
22272,0.0014694856
30641,0.00013612774
32261,0.011752415
31602,0.0001076402
29723,0.17835072
20198,0.00012516193
23160,0.0040767426
53825,0.00012623466
33283,2.4318399e-05
49306,0.0037890323
10378,0.0002478054
19304,0.00023743672
52566,0.0019104102
42412,0.014803328
17331,0.00013779645
27817,3.4570097e-05
37174,2.1099822e-05
35738,5.972207e-05
20291,0.00018106251
47297,0.004255644
26140,0.004953968
3359,0.13042878
26298,0.0034201005
30395,0.004664374
17996,0.0003176423
31584,4.6848152e-05
47251,7.045021e-05
30580,0.06639026
4441,0.00013696209
37972,0.00015543684
6155,0.00020096666
42238,0.0009092726
6117,0.00015925094
29666,0.00020895206
8812,0.006568153
19654,0.004614775
25698,0.00016938205
20552,0.00013410146
32349,0.0066206153
6009,0.00019000156
38763,0.004624624
14585,2.9563467e-05
40676,0.0006718762
2059,0.0047085127
5073,0.020071028
46802,9.381331e-05
38486,0.11779829
12131,8.5350206e-05
50794,0.10340826
17231,0.0007400158
47621,0.0012663925
38735,0.20662042
17164,0.005877948
53001,0.002733663
17336,0.031948783
44527,7.831743e-05
52503,7.6767836e-05
46900,0.00020299281
22245,0.017706772
41929,0.0067083626
4796,0.00011097769
52174,0.0015999386
6101,0.016293928
3,0.041082505
48999,0.00040379952
7891,0.029735953
30842,0.000117295065
243,0.5638216
33094,0.0006357794
30238,0.0006805726
12731,8.272783e-05
9814,4.887569e-06
53570,0.007908934
18664,0.001137563
30413,0.00496239
27398,0.00017164665
9941,1.6450747e-05
41617,0.0064659435
30776,0.11127437
53516,0.008714503
50935,0.003320183
5491,0.00028856404
32303,0.0060502477
29556,0.0010439666
50143,6.94966e-05
17398,4.2676016e-05
19901,0.010702119
52241,0.00031156454
5983,0.00032443504
43530,0.0008621075
26568,0.028017009
2571,0.005217507
26445,0.009640802
42734,0.09610219
31354,0.007835604
2181,0.00013708128
27987,1.3351351e-05
34407,0.0005716835
13565,0.3802142
48846,0.0012780601
21310,2.396078e-05
27240,0.014221273
19542,0.20234513
10548,0.0002845121
41111,0.00021717574
16434,0.0003250309
15545,0.00095846003
40353,0.00021073982
22129,0.0015305483
43989,1.3147277
37675,1.8596476e-05
19312,0.011251806
49205,0.014642515
30966,0.0006337541
28804,0.00035005642
19877,4.4464075e-05
27966,0.00010096517
18187,0.26836935
12083,0.0011924545
44715,0.002934319
9533,0.0005706113
52906,0.00033325364
490,0.00023696
34727,0.000123374
48610,7.7959834e-05
18629,0.00020513815
43756,0.00050841755
43425,0.124336466
12817,0.00014232576
7042,0.0009214208
20785,0.0011756659
13491,0.0057686754
645,0.012151617
51624,0.0008665144
46965,0.11370668
27340,0.0024622143
40886,0.0013054429
2703,0.0038265593
52789,0.00023934362
39941,0.49964815
12068,9.595887e-05
29672,0.00073096255
41625,4.6252135e-05
47551,0.0011362532
27348,0.00030810855
18362,8.6780594e-05
28662,0.0019494354
28947,0.00014888131
31717,0.007540218
19673,7.4979835e-05
53328,0.0002258761
29926,0.0015056713
2725,0.000106925014
28944,0.000100607576
24562,2.9682673e-05
14509,0.021695776
30864,6.413254e-05
23089,2.9086643e-05
47466,4.0411134e-05
25657,0.0002497123
43106,0.0050518247
51060,0.00017939389
25668,0.0023899106
44736,0.008203029
26053,0.04510351
38550,3.4570097e-05
53766,0.00035065223
33728,3.1828375e-05
49547,0.0037088671
18518,0.0017636949
45155,0.00030870442
50270,3.2305197e-05
26841,0.021292783
37740,0.0043913126
37038,0.0002495931
38333,0.004348703
29494,0.00024875885
47930,4.911302e-05
29427,0.017412765
1407,0.07832157
29490,0.00023481472
31310,6.4490145e-05
45146,0.011109402
12060,0.00015090757
41010,4.339124e-05
49626,0.0024391443
50089,6.210611e-05
28977,0.0012810366
40849,0.09073534
31724,0.03268792
39357,3.421248e-05
24715,0.031036224
9885,7.736384e-05
28484,0.00023266947
43797,0.00014888131
23258,0.028338045
37129,0.016066022
6488,0.00024446836
18966,0.002199494
4840,0.00032777182
6124,0.001712048
48356,0.00055702904
45149,6.1629304e-05
21193,4.029193e-05
52772,0.03429957
24497,0.0062494096
17355,1.537788e-05
39972,0.0005236685
19672,0.0066406284
29383,0.0032398612
20318,0.037789714
22860,0.050327983
48281,5.709962e-05
30166,0.00018380383
39270,9.6078074e-05
30495,3.981511e-05
9359,0.0009810879
1920,0.0017987991
30694,0.0014534158
32720,0.00021908268
37356,1.6093125e-05
34783,0.00013886917
8730,0.006394284
36557,1.1957185
6175,0.00013934595
30693,0.0111444155
13627,0.00091141637
33779,0.033163615
28476,0.00034064212
85,1.9907753e-05
11586,0.000756097
34450,0.001352468
50030,0.0019869125
22232,0.00020644917
9061,6.4372807e-06
25680,4.6371337e-05
736,0.001447464
28561,0.00010418349
16978,3.933829e-05
22384,4.0530336e-05
7048,0.0009213017
13548,9.023736e-05
5156,4.6013727e-05
43499,0.031651426
39398,8.141663e-05
31980,5.769563e-05
30455,0.0001557944
35864,0.00025424108
23710,0.007819872
9562,0.0009372609
11610,0.014916198
43617,0.00052771944
8338,9.512449e-05
10700,3.564294e-05
8383,0.0012885372
31762,0.0042171837
16708,0.0006202919
53228,0.021818135
23586,9.071415e-05
17259,0.000102157144
52012,8.117823e-05
52207,0.0094806915
24539,0.042783264
38478,0.00063554116
36426,0.00287667
28810,0.00019321959
12244,0.00011181206
28049,4.2199197e-05
40802,0.0008023142
3269,4.804019e-05
35622,0.023307174
40646,1.8596476e-05
24072,0.00017641419
36320,0.1720188
16530,0.0009939497
23221,0.12665953
4750,0.18260925
34561,0.002363628
17958,0.00047731926
37991,0.00025555206
30553,3.7907834e-05
42638,0.046926335
15962,0.13546698
13895,0.00017307691
30113,0.00044252616
22878,0.00060623384
25980,0.0752263
46737,0.0014299654
30184,0.00018904806
26185,0.004017616
16515,0.07563532
2816,0.00027068765
29139,3.3378044e-05
12340,0.00015937012
24167,0.0014880548
15552,0.00023195437
33461,0.0001813009
16612,0.0011118428
24561,7.855584e-05
27895,1.5497088e-05
40969,9.6316464e-05
44370,0.0052971956
38084,0.0054944926
31827,0.0006885542
47731,0.0019493165
31787,0.0021601217
49278,8.821098e-05
31364,0.00010048838
31881,0.000210859
18266,0.005440904
30329,0.017073788
3846,0.0004663572
45922,0.01611271
47505,4.148397e-05
41729,0.00025424108
34383,0.000101561156
18947,8.189343e-05
14483,7.998623e-05
43168,0.0041790777
26214,3.266281e-05
10133,0.00073036697
18495,0.0018828061
12950,0.005590044
31393,0.00022730629
27772,0.0014581772
27835,0.022468755
18223,0.0007952865
40411,0.00014613991
45815,0.00014864294
32282,0.00014542475
43478,0.0005965837
40616,0.00013624693
37624,0.03622208
6934,0.0107687535
49375,0.0007463292
42809,0.0006767605
6772,1.0847461
39874,2.8848232e-05
51236,0.0019108861
32108,0.00017748689
39811,0.034320883
9210,7.068861e-05
39339,0.07561035
9894,0.0002311201
4969,0.00076812797
19116,0.65926147
51973,0.00043585338
37882,0.00030286494
28634,2.0861407e-05
2278,2.3364748e-05
7072,0.0013534204
3931,0.052765388
14315,0.0046773073
17983,0.0032743195
1140,0.002559483
37763,0.114889964
41392,0.03391269
928,0.070912376
32494,0.03700908
1808,0.00014101465
38679,0.0002902325
52066,0.000776228
46467,3.8623064e-05
15081,0.00077741913
3720,0.00037674958
32443,0.0010768336
1608,0.0002054957
42313,0.010716036
45678,0.00603674
20637,0.00021348105
1953,0.0010172913
39751,6.5682165e-05
6474,0.00028987497
10667,0.00014852374
23613,0.057527795
38130,0.0010422994
15682,0.00014053787
3067,0.00010966653
7345,0.0015562577
27650,0.0002054957
35327,0.00011312322
287,3.2424403e-05
36812,7.4979835e-05
36441,3.0993935e-05
25900,0.0003373054
40707,7.652944e-05
33822,0.86051834
38183,0.00028177106
9471,0.0013086573
45122,0.010587121
45572,0.0018077237
41769,4.1007155e-05
11204,0.03341948
3153,0.089141645
7368,5.233151e-05
41675,5.411955e-05
37683,0.00018761781
45228,0.006941016
39321,0.00010918975
20864,0.0009384519
27306,0.0026384327
16546,0.019917954
37952,5.149709e-05
23875,2.0503787e-05
36069,0.0008067214
17580,0.000885333
44760,9.1667745e-05
43155,3.1232346e-05
21626,4.3272037e-05
22110,0.15685056
13201,0.00026806575
48501,0.0013536585
52667,6.842379e-05
47742,0.00014339849
44932,9.619727e-05
3376,3.9934315e-05
51999,4.6490542e-05
45813,0.027102828
33665,0.0024239225
18182,0.007073361
50996,0.018938785
38929,0.0021138485
7118,5.0185852e-05
37283,0.00039367078
48463,0.0003594706
15419,2.2291888e-05
7496,0.00027819577
19433,0.0004918558
25518,3.6715788e-05
40863,2.8371409e-05
31806,0.0013711584
36207,9.214454e-05
39295,5.2450712e-05
12713,7.474143e-05
3792,0.12540366
46980,0.0010548034
18415,0.03438976
44619,6.401334e-05
27239,5.0543462e-05
40724,0.0046269973
24091,0.0022439794
7569,0.19415358
25678,0.02631171
31767,6.782779e-05
22343,0.0033905182
19627,0.00046576143
20591,0.00040677856
23105,0.0013977054
17526,0.00043370854
17779,2.0742202e-05
1724,0.024473686
34847,0.0059180036
40859,0.32981715
25316,0.0009525053
13724,0.0017440598
51753,0.19570869
15619,0.037731744
52598,0.0003460047
18559,3.218599e-05
7651,0.0068942527
16989,7.569503e-05
7854,0.0002662781
42328,0.00033754372
21940,0.00850212
8739,5.161629e-05
29884,0.030957637
28175,0.02302343
30998,0.00088307
44896,0.0030214395
53113,0.00043168286
21298,0.0016039852
28513,0.0033826772
40936,0.008161882
40875,0.003533075
32094,0.00046171018
37554,0.0011099376
25514,8.737659e-05
23071,4.4106466e-05
25683,9.2263734e-05
33418,0.0015030527
40770,0.0005800234
25804,0.0010970772
26731,0.00049268984
43519,0.005284982
46688,0.0002368408
35303,0.00053320016
25685,0.0003109687
16032,0.003727751
45019,0.7448794
9950,0.0012197206
45976,0.00080148043
4670,0.00012706903
32653,0.00042632074
5575,0.0013050857
30910,0.0042876936
44446,0.026850449
52197,0.026486445
39482,3.3139633e-05
53098,0.0034930424
10135,0.08558555
24138,4.5656117e-05
544,0.0010055015
27493,9.2263734e-05
2697,0.002082681
32183,5.7576428e-05
10104,0.0011445883
52971,0.2580422
46102,0.014631238
10989,0.8156139
34566,0.010718631
37864,0.0075793792
11891,8.1774226e-05
26979,0.0011480415
52515,0.00010179955
16024,0.004520317
52056,0.00014423284
18454,0.0002740246
33,0.014606214
10688,0.00044872228
27369,0.006419395
27688,0.12227892
33333,7.00926e-05
52011,5.9364465e-05
41721,0.04662771
52618,0.006535821
42917,0.00038282695
8808,0.00046242512
24351,0.00021002471
24915,0.0039487495
49822,5.4596363e-05
16554,0.00021693738
13416,0.00018714108
5682,0.00048994937
31852,8.4158215e-05
46877,0.00016699827
39674,0.0025003857
9827,0.00035124808
26058,0.0024969373
35189,0.0036530446
46265,3.933829e-05
29122,0.0001296913
52053,0.66098124
8801,2.9563467e-05
4605,0.017322436
2803,0.0001385116
1117,5.113948e-05
7363,0.00015507927
13552,0.34659338
21796,0.010313666
13838,0.0001990597
34643,0.008957913
51306,5.0662664e-05
40106,0.00043501926
7127,0.4224837
31419,6.437094e-05
41826,0.00012611547
20290,0.00012170528
27820,0.00013565097
17637,0.00015376817
45880,0.00062136416
17363,0.25720108
39431,0.00017009719
40171,0.13523656
36861,0.015200255
14755,0.00014065707
9850,0.00046194848
24275,9.2978924e-05
43699,0.00069641654
37504,7.9390236e-05
52226,0.0070777405
41806,0.009122241
19048,0.08409673
3217,0.002733782
36818,0.009003281
31044,0.0013896105
45247,0.0017760708
334,0.028679712
23926,0.0009037939
16657,0.037080072
30126,0.0140956305
22375,0.001034797
15403,0.00013243275
421,3.3854863e-05
40163,0.0008536509
20360,0.00011848701
27768,0.0003250309
43739,0.0012874657
44190,0.053441957
23356,3.8980677e-05
21366,0.12524107
51998,0.00011419598
22398,0.0003297977
10713,0.06685321
11465,0.0001277842
1880,0.0007078526
48271,0.00028534632
4780,4.6609744e-05
19820,5.6026798e-05
40048,0.00045050963
12508,0.00023600654
11159,0.0005775214
35097,0.0014974582
14843,0.0004303721
6494,1.3112935e-05
23293,0.004070569
27247,0.0003380204
5310,0.00017736769
13080,0.00021443452
47787,5.1020274e-05
33369,0.00047231486
122,8.821448e-06
9984,0.00010799778
31511,0.00013803483
31807,0.022605937
21658,0.0016276696
20929,0.00040284626
16523,9.059865e-06
7357,0.022053247
50144,5.0662664e-05
48150,0.0001678326
1169,0.00016056202
5832,0.10493465
41403,8.952217e-05
16637,9.5362884e-05
43553,0.00021753329
35647,0.00016425691
22021,0.0015470929
52904,0.014892004
46048,4.7205765e-05
30420,0.0003551806
39967,0.010795877
51639,0.00031013446
21042,0.07900432
5816,0.00048411093
16229,1.9430925e-05
7207,0.0013554443
11910,0.04704826
43121,0.0033831524
17014,8.439662e-05
39669,5.233151e-05
51518,0.0077070263
40449,0.020127226
33378,0.00013398226
32978,0.0093783075
28315,0.06366994
33894,0.09106538
47536,0.015456883
14431,6.687418e-05
22790,0.043668166
21833,0.05049574
26691,0.000672591
26301,0.03604099
38460,0.054987017
51779,0.035407543
20639,0.0052652974
3233,0.030100046
13063,0.0013013951
53744,0.0002835587
14516,0.02238238
13322,2.324554e-05
11647,0.14413077
14197,0.0033500048
3825,0.00018392302
36099,0.000106925014
30026,0.0076371124
25160,0.012957188
52368,0.0025266649
11064,0.00031466302
27745,0.0060961023
14768,0.002243028
25259,0.0002224198
44633,0.00012909532
50759,0.038302
29848,4.255681e-05
25226,0.009128502
2903,0.00015805903
44835,6.329813e-05
25929,0.00013100242
13972,0.00012456595
32623,0.001098387
35030,0.0023694555
1045,0.20619246
13720,2.7536968e-05
38087,0.002603239
28772,0.0006149308
39606,0.00019762947
12552,0.007684787
29793,1.8523829
32830,0.0009989516
39641,0.19707133
45799,0.0044050803
22200,0.006998549
20570,0.00037079136
35274,0.007838325
33984,0.00014149141
41313,0.0005115154
18355,8.773419e-05
9644,3.5046916e-05
1832,0.0010420614
43837,0.00028212857
3483,0.007074663
46347,6.8185385e-05
47857,0.0007715824
46968,0.0054893945
20618,5.674201e-05
332,0.02480807
25055,0.076760836
4665,0.047106944
30820,6.556296e-05
18897,0.0018991069
28434,0.0003914067
36490,0.00062076846
5756,0.005466157
25598,0.0024312958
11457,2.741776e-05
52367,0.0006562702
3981,0.00027056847
24055,1.4543428e-05
47265,0.00028415458
21007,0.0013890152
26530,0.009191697
45523,0.068837285
43310,3.8980677e-05
39447,0.00031108785
30748,7.199982e-05
24362,0.00023922442
29579,9.2263734e-05
31656,0.00014351768
13864,0.00019977482
7305,8.4635016e-05
35454,0.00016461448
9594,0.0001792747
6918,0.00012003655
7449,0.00027998342
15378,0.0039255954
35763,0.0012961567
24466,0.0008393579
12810,0.00927296
8909,0.009399092
15327,5.2093103e-05
48287,0.00706034
24866,0.007295042
4020,0.00023064337
40344,0.04959837
53253,0.014346666
46637,6.1629304e-05
33699,0.0020741157
43120,0.0019330165
11952,0.0020268867
28592,0.1784712
10888,0.00030977695
8554,0.08624761
17908,0.020648753
48138,0.020789105
13904,6.96158e-05
26951,0.00039212167
46411,0.11871286
23715,0.0013735393
36057,0.019978836
42107,0.025821475
26988,0.00028069847
7211,0.023730312
38167,0.0001792747
53172,0.0031715352
40872,0.0007493072
53673,3.8980677e-05
2398,0.00765048
8944,0.00030214989
20246,0.003830597
8380,0.7852711
27860,0.00011801023
13897,7.223822e-05
50583,2.2649509e-05
606,0.009813989
12667,0.004021534
37231,0.012147495
33814,0.041768737
37922,0.044961974
10412,0.00040737438
49198,0.00027056847
853,8.356222e-05
26459,0.0009136793
23643,0.0009425012
28332,0.00044645832
47063,6.782779e-05
52673,0.0072671124
41705,0.00011920219
1351,0.020989556
5050,9.6078074e-05
21035,0.030632008
18328,0.00015245705
45367,7.331103e-05
7885,7.211902e-05
40638,0.0049449527
29724,0.055305716
17765,8.117823e-05
26789,0.0005131835
42865,6.413254e-05
24749,7.378783e-05
31223,1.1920922e-06
29801,0.00023314619
30831,0.0053090537
44773,0.035730932
25768,0.12937793
49948,0.008362634
33472,0.0001965568
1497,0.0002569822
12295,5.6384404e-05
23365,0.00048399178
39430,0.00012396998
14077,5.5192377e-05
16540,0.00034624303
18628,5.5192377e-05
40613,0.014664835
33421,0.00019429227
26829,0.00022945156
48596,0.00019894051
36568,0.06124981
16696,0.0113606
4420,0.023766398
33217,0.002238508
37711,0.00015758227
16316,0.33528325
46966,0.0001792747
10675,0.0018725733
5309,1.1061763
49289,0.038925245
53181,0.014464171
3795,7.045021e-05
23745,0.00024339574
44061,0.0037582736
14356,4.8159392e-05
8607,0.00022885564
45156,0.00020203933
25363,0.19163492
46922,0.0037832132
47069,0.0035430533
38993,0.00027438212
22044,4.6013727e-05
24765,9.393251e-05
31996,0.00015150353
18579,0.0043856157
33363,0.0004287039
34881,0.22632015
35096,0.121925995
7577,0.046336055
14740,0.16635154
21061,0.00020180097
32139,0.000176295
22010,0.14034723
38783,0.001957407
16005,2.8132996e-05
49630,0.0071097
37989,0.00070368324
2805,0.0005700155
15179,0.00012885693
32551,0.002118012
8462,0.11186102
5904,0.0005697773
41618,0.017734176
27378,2.9086643e-05
6244,0.016666114
8643,0.0007613383
41092,0.00016795179
11240,0.0013465156
38209,6.7112574e-05
28889,0.001018363
30563,0.0091798855
11545,0.014757166
44390,0.00025352603
28281,0.00050281757
24553,0.00019250448
32609,0.0018944666
42546,0.0001212285
34976,0.00015615197
45619,0.23419589
30936,0.04693259
12366,0.29828772
52910,9.5362884e-05
27679,0.026504092
24125,0.0096374955
2378,0.0002536452
19157,0.006040294
8094,0.0030870424
158,0.0015491163
9746,0.0022022298
18918,4.088795e-05
22939,7.557583e-05
45986,0.0003763921
5803,0.00040880428
16210,4.672895e-05
22909,0.0019324216
48261,0.014723336
29296,5.817244e-05
9526,0.00028034096
6674,5.6861216e-05
5620,0.003920133
26119,0.0055863694
51712,0.23972073
38940,9.846203e-05
12059,0.0013059191
34395,0.0020481816
22598,0.00015233787
25397,5.9006856e-05
46650,0.012251008
34839,5.5549986e-05
15755,0.00017343447
6862,0.00029666792
25521,5.6384404e-05
28225,8.070143e-05
14281,0.12095437
47727,0.001714547
12532,0.00522735
20905,0.0012935374
41044,6.496695e-05
36910,0.00010263393
47137,0.0004413346
42560,0.1757815
45441,0.00010537546
24010,0.007249242
25829,9.285972e-05
12569,8.749579e-05
18337,0.3072438
22600,0.0010191967
51654,0.0068378975
19862,0.000907367
29192,0.00025948495
27128,5.6265202e-05
49132,0.00010168035
27705,0.0046966476
2774,0.0054803845
851,0.00024077378
41373,0.098295294
11015,0.0037385589
33583,0.012102976
9355,0.0005855038
46971,0.049659967
4998,0.10345975
8174,0.0070163053
9538,5.0305054e-05
29621,0.85132045
48558,0.00023457636
8162,0.024932608
35087,0.00025829318
11738,0.0002801026
3318,0.004479493
3437,9.655906e-06
37413,1.6262752
50086,4.088795e-05
44027,0.000120155746
6356,0.019252576
14363,3.7907834e-05
22410,0.017020933
13412,1.0477393
53632,0.0046646115
9849,0.0003948624
827,0.0011449456
17529,0.00024077378
4497,0.0001990597
25796,0.008700558
22797,0.07646535
26263,0.16857883
26377,0.0122082615
38379,0.00027259448
23409,0.0004582547
15289,6.425174e-05
20165,0.0028165216
27931,0.051798858
7694,0.07362472
13855,0.0031471744
1146,0.011415522
32172,0.0057785125
2618,0.035076685
28832,0.0006867673
26900,0.0013292534
25153,0.00030834688
18142,0.0009397619
12138,0.00013290952
33305,1.1661513
48306,1.3589766e-05
47348,0.0013509204
34009,0.0008952186
8436,0.4780724
42101,2.527205e-05
36454,0.00014316011
8105,0.00048875785
21863,0.004235227
5364,6.484775e-05
47636,0.0030461599
4021,0.00020787939
10658,0.00046075694
28407,3.6477377e-05
29887,0.00024160804
44010,0.00010859377
47947,0.001261154
1908,0.0010974343
41694,0.027068948
5118,0.00043847485
5292,0.0013796107
15200,0.00030012394
13901,0.00018428058
29792,0.1307579
8536,8.439662e-05
23174,0.0075067347
49802,0.0008425738
22107,0.0019232602
40218,0.00012802258
13825,0.00023088173
34979,0.00067985785
36731,0.0006541258
18061,2.5033638e-05
17395,7.366863e-05
6593,0.0015450695
26510,0.00015662874
52401,0.075519376
53249,0.015247806
41474,0.00030584427
44417,0.16982159
35659,7.533743e-05
14001,0.0004159539
4003,0.08877781
7806,0.0001492389
15367,9.393251e-05
32041,0.007953994
14419,0.0002870148
27281,0.005740229
23990,0.002056985
8377,0.0034616804
15351,0.03152472
45979,2.2649509e-05
11219,0.026194196
35115,0.0023957381
17899,0.00070761435
16467,0.0067044552
27506,0.0045751417
44657,0.00013136001
30071,0.0050985552
31666,0.00015019243
43122,0.0001851149
8848,0.00082697044
20406,0.00016616394
7011,0.00772063
28011,3.4331686e-05
1689,8.332382e-05
14822,0.0007963585
14947,0.0018609125
5032,0.00026341784
12648,0.042267445
12666,0.19061261
16867,1.8715684e-05
97,0.04599604
3508,0.00010191875
50514,0.0007409688
21721,5.471557e-05
35430,0.00020323119
47487,0.033439655
44880,6.1033294e-05
21462,0.00046051864
18191,0.00010287233
52756,0.0014955538
39386,0.00011252724
28442,0.003797583
51461,0.0007316773
6954,7.8436635e-05
13748,0.0020013081
36324,3.421248e-05
4323,0.00013219437
18451,0.007999762
11250,6.437094e-05
6667,0.0006485266
26023,0.02218862
9519,0.14100124
49517,0.00030012394
19552,8.2608625e-05
46486,0.011510863
18150,0.011734154
37570,0.0010793343
48536,0.00019762947
14642,0.00013874998
10172,6.425174e-05
37224,0.00017271934
43620,0.00013731967
50254,0.004614894
52227,0.00096786855
47806,0.16382919
21072,0.00015412574
548,0.0008556757
19700,0.003800077
9917,0.00011789104
8946,0.00063137145
33030,0.0012271025
40774,0.0031324388
932,0.004934158
23685,0.0001571055
12128,0.00054928474
24926,4.315283e-05
22138,7.784064e-05
10153,0.00015174192
31383,0.002009279
11041,5.483477e-05
23627,0.0007319155
3069,0.048968576
22240,0.000115387935
44930,0.00038926175
14886,0.00017260015
27319,1.41858045e-05
6822,0.002039854
17651,0.00023541064
51534,0.0031302997
25268,0.000102395534
48240,0.10602574
27373,0.00032360086
12435,0.009542921
13906,0.00015221868
25553,0.00070058595
23879,0.026197331
20886,0.00012516193
46241,0.00043263612
34902,0.0056075887
10951,0.010985844
5504,0.014669652
49279,0.0013216342
17520,0.16809377
40371,0.006567087
27014,0.0016408802
20299,0.0011694743
3424,0.00074656744
2756,0.00034314467
6893,0.0020786363
14302,0.029019061
42728,6.186771e-05
17857,0.10572817
42114,4.2079995e-05
53920,0.00012265884
5420,0.054544736
38496,0.00044753074
37197,0.000107044216
13044,0.00069832255
42612,9.595887e-05
24306,0.0034202193
22596,0.00048625565
17572,0.00013994191
10736,0.0016958631
29267,0.0018042729
15266,0.0013772298
14844,0.093654856
11916,0.0002656822
21615,0.002366958
40302,0.0001040643
33710,1.2929523
14230,0.008553181
44088,0.0014531778
11982,0.0004547992
49901,0.000281056
13858,0.00018356545
51588,0.18068063
33502,0.13967401
49746,0.00019643761
47507,0.00019560331
39154,0.0010898133
24834,0.0001792747
16717,0.00018761781
51847,0.0007427556
15025,0.00012170528
52365,0.00013410146
7,0.09380877
44953,0.000109904926
29655,0.0015331669
27890,4.1007155e-05
11824,7.3549425e-05
4305,0.000114315175
4546,0.043981936
32965,0.00015829741
18884,3.6119764e-05
15523,0.00024029706
48328,0.0037548293
16270,2.7536968e-05
8671,0.31893185
40062,5.483477e-05
39916,1.6450747e-05
50106,5.6028207e-06
15902,0.0638329
35966,0.0067289663
41120,0.003044496
28857,0.0006841465
9148,0.0011287516
4264,0.0040792357
2819,0.0004967409
38724,0.00022671037
11117,0.109957375
27115,0.12483122
35657,0.2461837
34080,0.01209379
18896,0.00024506426
6325,0.00036566725
49102,0.000109308945
29254,0.00027319038
19374,0.0002750972
49614,0.00073822896
48551,0.0066059306
39767,0.0057127303
44249,0.017941447
12541,0.0005615565
18536,0.000105256266
24243,7.521823e-05
12164,0.053497553
31590,0.5205606
19423,0.0001386308
6803,0.000295357
41388,0.0010288428
15605,0.00034457468
29275,0.00082411175
30189,0.0059062717
4973,5.3523538e-05
15421,0.000113242415
10582,0.039283488
33144,3.826545e-05
6485,3.4689303e-05
48711,0.00037114884
49230,0.0001689053
25526,2.5629668e-05
2172,0.10091184
4508,0.0007529999
28113,0.04809892
2138,0.00026770824
18051,0.011528893
786,0.00021479207
26361,0.0060815285
46296,0.0003868785
13541,0.03541698
38417,6.854299e-05
13544,4.2318403e-05
34949,0.00017021637
2962,8.0224636e-05
37220,2.4795225e-05
13813,0.00014721263
41658,0.00043251697
44594,0.00014864294
43249,0.0013228246
18364,4.3510445e-05
14684,0.0004644507
22967,6.1033294e-05
36524,0.002358633
51444,0.037102126
8016,7.772144e-05
18237,0.009054553
43329,7.033101e-05
12147,0.00021634146
12062,0.26260373
46177,0.7861607
12711,0.0006878394
41460,0.0035652665
18469,0.026141124
8251,0.0007834941
21343,4.708656e-05
6019,0.005867045
10716,0.15657458
15675,0.004190237
19404,0.0003402846
53603,0.00016640233
11279,0.013277212
36719,1.9192512e-05
16550,0.00047207656
13270,0.000113242415
408,0.022188738
1425,8.749579e-05
21227,0.00017379204
25220,7.152532e-06
12242,0.069705665
23537,0.00523909
3590,0.009856956
1695,0.0043100086
34424,0.00032360086
11631,0.004974845
45183,7.092701e-05
5582,0.025191864
13742,0.018424792
37371,0.0075589116
29026,0.00016115798
37569,1.03711545e-05
27871,0.004425494
4360,0.006029867
7582,0.04771643
16332,0.009828862
50603,0.0023582762
21435,0.00044371773
15393,0.035398453
1937,0.0008138682
51815,7.199982e-05
14388,0.0039765346
14378,7.7125434e-05
45569,0.0004497947
47902,3.2782016e-05
22998,0.0015161459
45946,0.00015198029
7975,0.17116126
22875,0.00038354192
6632,0.00065960584
40211,0.00017021637
30051,0.007867775
7535,0.004169106
41134,0.0011413734
31338,0.0006460248
46288,5.411955e-05
952,7.033101e-05
5205,0.00015257625
18212,0.36825874
3648,0.0005405872
1130,5.5430784e-05
9206,0.007273385
17365,5.0185852e-05
30594,0.00016413772
50884,0.0011098185
50692,0.0020781604
31747,0.11828656
38957,0.009185082
47890,0.040994976
34744,0.008851577
28257,0.003766943
40887,0.29561767
51767,3.552374e-05
7945,0.0547172
6942,0.053872753
5670,0.003708511
17462,0.009655087
26497,0.024764229
41709,0.20595829
32766,0.042157847
27610,6.6754976e-05
11842,1.222331
25799,0.0001752223
32565,0.00013255194
2060,7.378783e-05
53359,0.00018940562
2169,0.002957615
3632,0.00069987116
36301,0.002112302
51183,3.8980677e-05
30268,1.2590076
9035,0.00052974495
14982,0.00051985576
26973,0.09440847
20078,0.00015734388
36475,0.0001990597
43604,0.024182476
15506,0.0038600473
24135,0.00021133573
37831,0.0049989237
22712,0.0044457885
5485,0.00023350373
37227,8.511181e-05
10231,0.006689535
13014,0.0003784179
15735,0.00054582953
31116,0.016821677
23046,0.0047818352
2638,0.00015913174
23149,5.960287e-05
45764,0.00035672975
6319,0.00013422065
13525,0.00023040501
29292,0.0012340081
42420,0.0018290234
3863,0.00061099936
43687,0.007849916
34746,0.006471392
38054,0.06389855
3241,0.0007414453
43616,0.2370194
25330,0.0014738898
30992,0.0030667202
38268,5.9841273e-05
47118,0.00079195126
11275,0.11267261
133,0.0010915995
53226,0.00012802258
14561,0.00019548413
36170,0.00012992969
31641,0.018145865
28991,0.0031909046
22210,0.0050463686
35079,0.0011557811
8967,7.879423e-05
31743,0.00023326537
42623,0.00026770824
50675,0.000109904926
42331,0.0012561535
41283,0.009248865
24550,0.0056686364
33140,0.02887824
39432,0.0061881607
18176,0.025905462
4058,0.00042918054
7579,0.00015650954
3533,0.00025865072
2441,0.00019262366
16877,0.00036292642
25824,0.091570884
36654,0.048526347
45170,6.377493e-05
49587,0.00013791563
19024,0.00016497205
45176,0.2818572
25021,0.0049804198
46188,0.02258799
13206,6.89006e-05
21421,0.09495316
32929,0.001292585
7906,9.44093e-05
35765,0.0033540444
51591,0.0047876486
20285,0.0009929971
5177,0.0024488957
45769,2.9682673e-05
25134,0.0019754912
26397,0.5778983
30740,0.0005783554
18666,5.2093103e-05
20680,0.00019071667
12651,0.016224846
37222,0.00045730147
23749,0.0025138226
47423,0.00051091966
47039,6.365574e-05
34006,0.00055893534
47434,0.008180328
23077,0.00022539936
39747,0.18071207
47198,9.45285e-05
21004,0.16079968
41596,0.00015281464
37690,0.00010799778
18595,8.821448e-06
39163,0.004350602
52520,0.008368544
16238,0.06547914
32287,0.01842175
51470,9.083335e-05
51199,0.00037853705
12433,0.00017093151
25792,0.00023004746
8546,1.4413679
33785,0.067814775
31510,0.0011242267
46179,0.004166613
24833,0.032745954
13437,6.854299e-05
28231,0.00036113893
533,0.00015603278
41190,0.0024298686
33968,0.102127895
8862,0.15895694
17675,0.00017283854
27781,0.0011610202
21691,0.0015511398
44375,1.0731193
45705,3.3616456e-05
23289,0.018990837
10479,0.010027627
16508,0.029275062
46796,6.592056e-05
21548,4.0649542e-05
25347,6.15101e-05
25504,0.00042858475
19929,0.004450417
49761,7.569503e-05
48618,0.0001990597
74,0.0065133185
44092,9.131015e-05
7155,0.00020585326
7021,0.006060319
17089,0.0028620493
32988,0.066713154
20258,0.0005795468
23661,0.0056742076
20397,0.029584121
24181,0.00030048148
4163,9.893881e-05
39856,0.000113480804
483,0.000601111
10092,7.748574e-06
32276,0.00059432007
13961,0.00010132276
43088,0.0032637445
48470,0.115091324
20710,0.0005053197
43860,0.006143969
34101,0.00029881304
34187,0.0012948471
20952,0.0020448505
38915,0.00011038171
25389,0.008205748
38107,0.0009914489
30533,0.065590784
32949,0.00019345796
11934,0.0013627062
1734,2.0346859
44233,0.0010070497
10522,1.7168772
10729,0.7957658
33171,0.0001761758
8408,0.048827358
44040,1.9192512e-05
16296,0.0001753415
22518,0.0001296913
35757,0.00030024312
26559,0.00046254427
51813,6.460935e-05
39559,0.00033134694
43298,0.004536219
32246,0.0070412825
22757,0.002671247
37454,0.029602176
4769,0.00727445
48744,0.0005283152
26311,0.00063244364
20581,0.0006961783
28549,0.005006278
1999,0.0002122892
2824,1.7881233e-05
14382,0.0003948624
9630,0.0013790155
36901,0.02133631
24078,6.460935e-05
34232,0.00059515407
42498,0.00019119342
1328,0.0006404256
53012,0.0010957672
45894,6.5564896e-06
50220,0.004281996
16025,0.00037222132
8904,0.008523159
44204,0.002812361
13145,0.00837351
8089,0.000107044216
47991,0.0017202593
20151,0.0015122179
44927,0.000105256266
18270,0.009145157
41309,0.0016188624
15047,0.024579538
45299,0.013646995
9464,0.0010014524
31526,0.00013720048
20237,0.00057621085
9062,0.0025814802
26122,0.00011550713
40340,0.013308856
43630,0.00023147765
19801,0.0006232703
44976,0.00910464
43423,0.0128611615
7753,0.00041083002
10890,4.6371337e-05
24565,5.400035e-05
43158,0.006425791
1444,0.0009962125
18289,1.7746303
24039,0.00018785619
44396,0.00016425691
39646,0.00017796364
12261,0.011185676
26787,6.365574e-05
18239,0.0047902586
28990,0.0005047239
17230,0.00010454108
49736,0.00095810276
50651,0.00036626306
12749,5.400035e-05
24491,0.0005065112
6076,0.004863931
21491,0.0006202919
31904,0.0013915151
30516,0.0013387775
36447,2.0265374e-05
45843,0.0009143939
33115,0.00012432756
11974,0.0038849846
14309,0.009512456
5365,0.059002507
16208,0.0016150539
427,3.7431015e-05
22624,0.0027365163
36597,4.8159392e-05
28103,0.0017870185
50880,0.28047225
45214,0.00032395837
6469,0.065133065
26448,8.368142e-05
36827,0.0002619877
10590,0.0004900685
30969,0.00018451895
52371,0.50338614
42059,0.005131882
4433,0.000407851
18988,6.031808e-05
50125,2.2291888e-05
26065,5.316593e-05
19803,0.0046027903
21089,4.553691e-05
52883,0.00035756393
29501,5.4238757e-05
41660,0.0003685272
53890,0.012390895
53039,0.0010007379
38655,0.00015972769
20148,2.0265559e-06
51718,0.0056977957
34863,0.008734947
39792,0.14380045
18014,0.0053149825
18095,0.00025006983
25245,0.0002575781
44363,9.357491e-05
14771,9.524369e-05
4648,0.11693316
34071,0.0024475877
27526,0.00054499554
2106,0.008636623
27846,0.004501092
12017,0.00074037316
4477,0.0053262473
44068,0.00010609064
3733,0.00018475733
14731,7.438383e-05
12330,0.0008066023
20603,0.043790378
51390,0.00049590686
20426,0.00016616394
16389,0.0032901224
24786,0.009157206
34290,0.003795683
21998,0.0020889859
8293,0.0053959675
9855,4.5417706e-05
41160,0.008379302
3407,0.004508687
27154,2.2172682e-05
34355,0.003170347
35624,0.15302001
52767,0.0009707268
14767,0.013691326
11084,0.00035994727
15441,0.00013112162
20557,0.024211565
284,0.034761377
36679,0.003251387
28872,0.02409043
14617,5.876845e-05
11770,0.0001621115
43764,0.00057621085
17477,0.048202414
9145,0.0006232703
6095,7.724464e-05
26215,5.113948e-05
47755,0.1840777
51882,0.0003184765
21638,0.0002690192
11857,0.009161695
28374,4.5417706e-05
22766,5.0305054e-05
41859,0.00013696209
20532,0.0025850472
49755,0.00031633142
36507,0.099356316
31463,0.025659868
30605,0.00095846003
27447,0.033767138
33341,0.05301323
5350,0.007150298
24350,0.000112646434
12796,6.1033294e-05
46743,0.010080971
46274,0.00029178176
48293,0.00015829741
42765,0.0010695696
47271,5.411955e-05
31730,0.0013477061
14889,4.51793e-05
37792,0.001912314
38687,0.00038926175
27476,0.0069656395
9482,3.6715788e-05
33219,0.0087496
22604,0.00011085849
35606,0.00010597144
42121,0.0007759897
12444,0.015729874
43191,0.00033170445
37245,2.324554e-05
14389,0.007327112
47831,0.00068772025
33445,0.0068697454
24345,0.057537362
27852,0.0061045145
48197,0.0018863756
31099,7.390703e-05
27232,0.00028772984
12572,0.07368353
53600,0.00023731754
1046,0.0065866276
26184,7.331103e-05
3087,0.056015737
20607,0.00044204952
7758,0.022133937
17803,0.00047612775
20468,0.0017566739
28746,0.00018737945
17387,9.7985234e-05
15749,6.735098e-05
19500,3.2782016e-05
43274,0.00027724236
29540,0.0010570659
16360,0.00020489977
21221,0.0003891426
44990,4.7444173e-05
8170,0.00013565097
24729,0.004490767
40726,0.0034247339
22915,6.6635774e-05
6998,0.0011553048
31957,0.001027771
17739,0.00026961506
19581,0.00048434924
17079,0.00014661667
17997,0.0003750813
652,0.00016842854
24037,0.0030447338
14980,6.2344516e-05
27463,0.34867802
35066,0.00028415458
8379,0.00026151098
48217,0.0023147475
20739,0.00016807097
51612,0.00014578234
7510,0.0077981087
8284,0.00046123358
25043,0.00079504825
35437,9.131015e-05
43332,0.042305496
29217,0.00041225995
26430,0.00048244282
42132,0.00061099936
9679,0.0016843193
43435,0.03621484
28747,0.0021194394
7251,0.00079195126
22582,0.00011550713
22139,0.015954923
30674,0.001512694
33047,0.07623055
50516,0.00085341267
16131,0.002293815
9959,2.002696e-05
20611,0.017638724
43325,0.00032193246
21417,0.03089927
21679,0.00032038323
36042,0.004168275
24406,0.00014161061
28690,0.00027187943
13366,0.016253816
15511,0.05633963
37981,0.025527636
49193,1.6093125e-05
33738,0.013645701
13938,7.509903e-05
30987,3.778863e-05
38779,0.00016127716
22759,0.00058836315
5649,1.7523613e-05
16073,0.0038581474
17297,0.00012134769
13706,0.000479464
44934,0.00017760607
1875,0.06769201
30598,0.0019494354
10791,7.462223e-05
26310,0.00028558468
23068,0.0020262918
34089,0.0001957225
45173,0.0028467153
33338,0.000113242415
43978,0.0015119798
9999,0.004924431
14376,0.013587372
38961,0.00023266947
36871,0.07016385
30514,0.00040070133
47721,0.0010727848
36483,0.009779637
33048,9.6435666e-05
7687,0.0007437086
31333,4.1007155e-05
15412,0.00012027494
44661,0.0010651635
26682,0.000115983916
52332,2.3603161e-05
18228,2.0742202e-05
2901,0.01083727
12581,0.00061016536
6447,0.0006717571
2777,0.032979317
13192,0.017901402
3450,0.27869534
47366,2.3364748e-05
13985,0.024804698
2660,0.002603358
12013,0.007406041
41732,0.003055311
17470,0.0030521022
42469,2.7041147
15786,0.102064066
36380,8.749579e-05
12051,0.003096193
34308,0.021228014
18802,0.014977032
17831,0.00019608006
43784,0.003454909
27126,0.000100011595
25771,0.025939148
18105,0.0069722687
53009,7.4503034e-05
4166,0.0013554443
36599,0.002837681
39453,0.00042346094
16445,5.662281e-05
39283,2.324554e-05
36253,0.0021991374
1985,0.014996879
43078,5.1377883e-05
23886,0.0019331354
22098,0.00011133528
32474,0.0011899541
46443,0.000693081
49275,2.4437606e-05
18909,0.0006397108
16052,0.0009865661
14762,0.0029699763
12626,0.000117771844
12660,0.008098385
28642,0.00014900051
15224,0.00037317464
45109,0.002629991
50712,0.0040046745
53116,4.088795e-05
35206,5.674201e-05
22219,0.0006474544
46405,0.0017535799
10499,3.5762147e-05
45253,4.8278598e-05
18709,3.3378044e-05
37594,0.0020641228
7549,0.0004601612
15896,0.00013958434
4683,0.0003651906
4445,0.008018091
16223,5.805324e-05
49634,4.1007155e-05
48505,0.0073011955
321,0.0041427515
28708,0.06167121
36774,0.00016902448
47882,5.9006856e-05
33532,0.00018058576
24066,0.15612495
20946,2.2411095e-05
49558,0.00029273517
49440,0.00031907237
40794,0.0007260785
42984,6.842379e-05
42704,0.029099772
23010,0.01518558
46072,8.9879766e-05
19560,2.7729142
12275,0.0011180347
2216,2.3364748e-05
24851,0.0004066594
260,9.917721e-05
2746,0.005106146
15348,0.03211561
21859,0.0022600365
20000,0.0013462775
3464,0.0017434648
25970,0.0005189026
15093,0.028376168
35732,5.6265202e-05
17292,0.0004315637
9759,0.2154778
4284,0.0037422404
31096,0.04484515
46678,0.009822488
49050,4.768258e-05
52594,0.00023886688
14518,0.123041
24581,1.6808368e-05
5730,0.00018451895
45786,0.07268647
1155,0.020741817
24726,0.00037353215
8535,0.11200715
20370,8.3443025e-05
34329,0.0010709986
5008,0.0062978617
40943,0.00029464194
32970,0.00017712932
4195,0.0015499495
39498,0.19528908
9713,0.011729206
23083,5.817244e-05
12728,0.00020358874
2538,0.1804174
30525,0.0036496003
42000,0.00016938205
47119,0.027008498
21673,0.90334404
4381,0.00085746235
3828,0.01004946
24136,7.509903e-05
50336,0.00031895319
6683,2.7036202
3812,0.002114681
7169,0.00041404733
27327,0.02271292
45352,0.00804127
20349,0.00096072286
16781,0.00015948931
14833,0.085654706
6999,1.490105e-05
32054,0.080463335
48563,0.028728131
46034,0.0015717307
46676,0.00011991736
2875,0.12870704
48620,0.00015019243
30934,8.940657e-06
9647,2.3007127e-05
41887,0.07657954
46867,0.00015007323
17822,0.00038378025
8222,0.0008013613
130,9.250213e-05
26946,0.0011449456
22639,0.0015624469
42034,0.00039402826
7041,0.0036152736
23374,0.01237971
38356,5.674201e-05
48669,0.05637805
42195,0.000169978
7412,1.3427882
25572,0.16261928
6660,0.00015507927
23952,0.00021419614
4692,0.00044860312
8057,0.00034779223
50221,0.00064828835
19707,0.0038870033
10715,0.0006093314
3372,0.007836905
8086,0.00042226934
10768,0.00012706903
39220,0.00066520495
24911,0.0004070169
52203,1.800044e-05
42969,0.004955035
39024,0.0041008433
45280,9.488609e-05
41968,0.006085794
1135,0.0002085945
46261,3.3854863e-05
22536,0.015796643
16489,0.0016261224
9687,0.00036828886
46714,0.0030465163
29162,0.0037377274
754,0.00017748689
17344,0.00034099963
9751,0.02128123
10318,0.00022861728
45216,5.0305054e-05
1547,0.00015162272
30918,0.00030250743
37051,0.00015174192
25742,0.25785014
32642,0.008754445
35472,0.9179684
18261,0.00012003655
40884,0.013371317
41326,0.0001619923
18921,0.0002636562
14007,0.014734378
38963,0.0024519875
11570,0.0071822545
53578,0.09725359
41428,0.0009201107
42851,0.0032253647
34912,0.0030469918
24528,0.00374806
16727,0.0031636923
4038,0.0011568528
11592,0.004667578
11890,2.7179349e-05
22970,0.034577142
31662,0.008157862
1324,3.5881352e-05
35245,4.8517002e-05
11167,0.00014590153
18038,0.0001922661
17226,0.00016389934
28032,0.46313938
37639,0.561298
26788,8.9879766e-05
48795,0.00037210216
17069,0.004376714
30139,0.00014745102
42660,0.00028618056
25998,2.9563467e-05
2094,0.00030763185
366,0.00041392818
35635,5.9245263e-05
19262,4.315283e-05
8067,0.0001772485
7542,0.020107947
11221,0.06255188
49885,4.4106466e-05
19495,0.006733347
51344,5.7934038e-05
42018,0.17173441
22514,0.010538405
15986,0.0011832863
35335,9.750845e-05
13542,0.0050778
36485,0.000105137064
27096,0.00068891153
30131,0.0042467415
21640,0.0057473406
44863,0.018168224
8915,0.005580798
29119,0.0040630894
867,0.002123008
40173,0.0003345645
3036,0.14078514
4123,0.11578086
46538,0.00033241944
48402,7.3072624e-05
7902,0.00015162272
4028,0.1739213
16441,0.0034837765
48187,0.027927866
34962,0.004828697
20201,0.0012557963
43591,0.0015119798
15305,0.001140659
10248,6.735098e-05
39857,0.004522453
30267,0.000107282605
8321,0.002588733
15563,0.0016981242
53176,0.00013314791
15407,0.0001990597
23100,0.091365814
49549,0.0073616663
27220,0.0001386308
42599,1.585471e-05
42402,0.18980974
18426,0.0018692417
45767,0.0123830065
39859,0.00013958434
39175,0.0010077643
53610,0.0001106201
4179,0.00017021637
11291,0.00021324267
37192,0.071215495
8364,0.20412438
28140,0.00049423875
20647,0.00023159683
49133,0.17350006
24285,0.00045527582
49147,3.1232346e-05
32473,0.00027569308
9304,0.00073036697
50586,0.013125331
3781,3.933829e-05
2986,1.7368838
17329,0.050777234
8150,8.4515814e-05
26273,0.0067891167
5416,0.05456336
23934,0.00010311072
23920,0.0006814065
45713,0.0009702504
50540,4.9232225e-05
30544,0.033310987
32427,0.08212626
37634,9.3694114e-05
45422,0.007168052
20102,0.12886414
23739,0.023743931
34125,0.019912463
47597,0.008890095
11775,0.0006590102
10356,0.013466237
36815,0.0002525726
27545,0.055977862
25291,0.013417543
51301,0.014463347
1221,0.00019250448
22394,8.3800616e-05
32882,9.893881e-05
31793,1.8341616
16166,0.001277584
46939,0.0002022777
5584,0.00031275625
32989,0.004736988
26421,0.005255099
6633,0.00088473747
39194,0.0037418841
278,0.00037472378
43716,6.1152496e-05
30226,0.00015793984
44200,0.00019393471
45160,0.0046841893
45418,0.06371994
47904,0.00025733974
50135,0.0003373054
49016,0.1588287
43780,0.025391202
48773,1.8596091
27188,0.011289879
17621,0.020376869
2686,0.00093833276
42732,8.201263e-05
20186,0.008515358
32346,0.0003771071
46010,7.6767836e-05
53598,0.085956015
44197,0.0040183286
17078,0.0017755948
20133,0.021078736
2122,5.1735493e-05
25699,0.0031524033
24210,0.034069166
11674,0.0041105784
8071,0.00054714014
16772,6.2344516e-05
32621,0.00014590153
17581,0.059480682
23274,6.9854206e-05
47233,0.035261635
12896,0.01113581
14931,2.682173e-05
53105,0.006598115
33918,0.010213964
11065,0.00036054308
53488,0.0012287693
22714,0.00015102676
33573,0.003576076
52736,0.00061564567
24934,0.0890809
47107,0.0056419657
23321,0.0025131092
29572,0.030112423
38570,0.7782847
50893,0.008412402
30849,0.0004369258
44952,0.00088962074
10391,0.002179273
2933,7.438383e-05
23563,0.0048213415
48765,0.0007240535
18548,0.002053892
46701,0.004790733
32735,0.000807317
46846,7.950944e-05
24016,0.0040750806
15604,0.0005427318
24082,2.801379e-05
29964,0.000756097
48021,0.016029656
39538,1.8704727
14922,0.09733233
26649,0.0011255365
41983,0.00039950974
49760,2.920585e-05
20282,0.023792125
19449,0.00036495226
8633,0.0073138583
4212,0.0006618693
8165,0.030572118
39199,8.5830325e-06
41843,0.0004284656
38059,1.7785522
28149,0.00031454384
3972,0.0050011775
24107,2.7656173e-05
37756,0.00011216965
16188,0.0064453343
1114,0.0004284656
1178,8.5350206e-05
23683,0.00054011063
24239,0.00015662874
5973,4.398726e-05
35446,0.00043680664
53232,0.00030203073
42633,0.00017879794
52021,0.00014721263
5017,1.20400655e-05
8847,0.12884842
34906,0.00034957973
50371,8.523101e-05
6813,0.044308495
42047,0.0002598425
13165,0.00786328
48684,0.0025167954
24251,0.0010083596
35568,0.0006083783
7419,7.486063e-05
11486,0.0015409036
7661,0.0008835464
10714,3.9934315e-05
40683,0.0014319891
29227,0.00013457824
13008,0.005741533
39871,0.00043025296
44269,0.008487226
11949,8.65422e-05
16869,5.435796e-05
30312,0.0012391278
9480,0.0014466307
46941,0.026804026
41653,0.0010126468
10278,0.001301038
49046,1.1682442e-05
41006,0.0006864099
35350,0.0006484075
13402,0.02680542
1026,0.0002897558
42529,0.0002911859
37866,0.0015118609
53199,0.000103945094
3696,0.00069987116
38160,0.0016776548
51050,4.136477e-05
31115,2.0930004
31022,0.001257344
48748,0.00048232367
2040,0.0002607959
40221,8.4515814e-05
37656,0.003244852
10312,9.083335e-05
38433,0.06869272
19231,1.4662635e-05
17538,0.0002506657
43070,0.01243493
15355,0.00022909402
4463,1.5973917e-05
50606,0.00013660452
49196,0.0014353221
2177,0.00014685506
34201,4.0411134e-05
16698,2.2291888e-05
49559,0.006443795
4868,0.0002891599
41179,0.0003034608
37865,0.017279554
31501,0.23772229
48408,0.67817795
15958,0.11208207
33827,0.00012742661
31601,0.00056036504
47619,0.00017045476
19622,0.00020168177
15247,0.00042965717
44308,0.13356075
43552,0.0022656266
32358,0.00013386307
36766,6.0675688e-05
14582,0.0008075552
8386,0.035555042
33903,7.474143e-05
47249,0.008514767
34256,0.00032860602
42778,0.00011657989
5599,0.003214789
32921,0.00037341297
43503,0.40710106
6692,0.00076526916
4510,0.00026639728
16486,8.427742e-05
31068,0.08902038
5919,0.001228055
46006,0.0015463787
5098,0.06833083
36185,0.0150902355
24824,0.0008173224
8676,0.018398225
41251,0.0010548034
21614,0.00028629974
6798,0.008332252
22229,0.001087789
20170,0.0021105176
29249,0.20239723
48426,0.041489497
1835,0.28604642
491,7.867504e-05
32686,0.0014935302
32130,0.00011383839
13736,5.5907592e-05
16911,0.0029738985
17442,0.0063665663
51842,9.035656e-05
48486,0.001135896
17170,0.00016592556
14641,6.401334e-05
26629,7.605264e-05
10039,0.00013827322
2380,0.096574865
20136,2.3952847
35175,5.161629e-05
30453,0.22688325
29520,0.0072190627
31128,4.3033626e-05
51032,0.00134973
24887,0.29736158
46039,0.0003904534
22792,0.001460796
2294,0.008161054
53285,0.012339441
16164,0.0002311201
30358,0.029345216
33841,0.00019298121
2145,0.00017760607
16700,0.0006827169
19965,5.972207e-05
36269,2.7418098e-06
16924,8.320462e-05
12984,0.00014578234
38597,0.0008702067
19768,0.010479069
53028,8.3443025e-05
16377,0.00031835734
40332,0.0013246104
503,0.00045682484
52915,0.00082697044
25467,0.02205931
4138,0.00016830936
53054,0.000497575
43248,0.010712498
7524,0.0018146253
8830,0.025643835
31613,7.033101e-05
2720,0.0006658006
10241,0.00021419614
2646,0.01621734
18996,0.0055530574
34159,0.08950545
43794,0.0010216975
29461,0.003961811
24047,0.0007913557
188,0.000808389
11802,1.7762026e-05
1705,0.0044125575
27042,0.00020192015
12274,0.00011038171
17919,0.00991987
7899,0.0014562727
20782,0.00019214691
41589,0.0039217956
48997,0.004504296
13826,0.00019727192
31403,0.00042191186
21086,0.00010883216
43886,0.0001811817
28611,0.00015412574
42719,0.00042119692
48420,0.00024768623
32049,0.00018642595
28285,0.0006015875
34086,0.017357467
27594,0.0003948624
44110,0.0005900311
52777,0.0004945962
7065,3.194758e-05
36182,7.2717403e-06
42965,0.0002641329
39929,1.8477269e-05
35809,0.000106925014
41018,3.3139633e-05
26049,6.210611e-05
40609,2.8848232e-05
29002,0.0029838823
40288,0.0001256387
2957,8.785339e-05
29312,0.028308379
21459,0.00030191155
6579,0.0032295235
13266,0.00062851224
40133,0.0009494088
22686,0.03126109
18592,7.474143e-05
14781,0.0006867673
23977,0.05197033
22580,0.010376079
43708,0.0003109687
27647,1.7228067
50333,3.3378044e-05
24449,9.917721e-05
50198,0.00027926837
3502,0.00010620984
22823,0.17447013
52963,0.0059207296
40317,0.0013443728
20656,0.0074484022
32249,0.0006014684
7721,5.1854695e-05
47793,0.0008766384
25077,9.7389246e-05
43141,0.00038270777
40690,0.00051783025
30015,0.0035141876
16820,0.0059355423
9821,0.00072095625
10065,0.0035919927
24482,0.0062177787
6920,0.0029597546
12600,0.0003875935
37202,0.0059950296
37184,0.0006457866
37953,0.00015305301
25045,9.750845e-05
47461,0.004345261
6764,0.00461169
27276,0.0007641971
35208,0.02771709
31920,0.00020418466
28346,0.25472295
10629,0.0019526478
613,0.0001351742
53507,0.00019584168
5312,2.9682673e-05
45354,0.017832782
12082,0.00022492264
8759,0.00027736154
36140,0.0016057706
10263,0.050725564
14267,0.0012844893
43072,0.0001544833
19590,0.00085603306
51039,0.00014661667
48177,0.015694434
18997,0.0019244499
43005,0.013476822
44504,0.00042679737
24235,0.00016735584
18556,0.014349604
11855,0.044967897
29663,0.0007344171
35157,0.00010561385
42906,2.8848232e-05
51625,0.0010690932
3256,0.018865792
48540,0.00028129434
4140,0.004506551
27786,3.9576702e-05
7162,7.509903e-05
44448,0.001639571
660,0.00052640884
53485,0.007767946
44238,0.00027319038
26045,8.403902e-05
43956,0.00025960413
16491,0.00024172722
31496,8.546941e-05
40,0.0029584472
14936,0.010003315
35403,0.004197241
30090,1.1102797
26651,4.9351427e-05
6386,0.11637527
21190,0.00020573408
10061,0.00031788065
2407,0.13489653
11431,0.19411528
15773,0.0053413063
17496,0.00013314791
27294,0.023351079
48685,8.0582235e-05
44775,0.00077968236
40661,0.0013823487
7244,0.017209837
4483,0.017117616
42282,6.603976e-05
5257,1.180165e-05
29474,0.0013560395
37230,0.00010907055
4612,0.7669804
7729,0.00095786457
47937,0.010517054
46575,0.00016139635
24140,0.00028939827
35545,0.0058753407
6836,0.00029368856
2262,0.11612885
29190,0.0051741027
18378,0.00012492354
31048,4.7444173e-05
35689,4.196079e-05
49685,0.036153216
13237,0.0007273889
23228,0.0003992714
14301,0.0001731961
36263,0.010889627
48443,0.00012206286
6,0.15022478
20878,0.00064566743
4314,0.010754602
863,3.7907834e-05
17555,5.3761945e-05
21554,0.060284607
21906,2.4437606e-05
45639,0.10646567
40265,0.02480179
44699,7.0211805e-05
21188,0.00010835537
11843,4.2795218e-05
16487,0.009839604
49019,0.006604628
26107,0.0008273278
29537,6.1033294e-05
41256,0.03895781
6436,0.0004102342
28160,0.00020180097
27749,6.90198e-05
49380,0.0007089247
17446,0.012739349
35362,6.6158966e-05
5577,0.00064566743
15702,8.66614e-05
602,0.0006731866
28391,0.00012134769
41581,0.00048601735
40994,0.010530148
44172,5.0185852e-05
33631,0.0003282485
3799,0.020921849
37517,0.00014125303
40064,0.0014428216
18467,0.0010620675
30807,0.00016962043
28910,0.00022289653
6167,0.00023326537
53874,4.5298504e-05
16611,6.639737e-05
49347,0.0017373958
43854,0.0012984187
9025,0.0027160682
42191,0.0029711649
26609,0.10089912
44074,0.0012137673
32600,0.0001975103
48006,2.0861407e-05
20743,3.1351552e-05
14165,0.0038235905
19791,0.0024062032
51731,0.00045777808
16011,0.005799965
10078,0.00037674958
44515,0.00075645436
750,0.0030712362
45359,0.0015937496
23185,0.00018142008
37912,0.00027271366
14776,0.0003266993
25921,2.324554e-05
9466,0.03897237
34986,0.003068384
40626,0.00010287233
50155,5.6026798e-05
48009,0.0014182995
13194,7.235742e-05
39734,0.00075645436
13676,0.00020025155
12434,3.397407e-05
53708,0.00013398226
42231,1.6093125e-05
26469,0.008237671
52919,0.00012408917
21809,0.0004476499
45599,8.546941e-05
27790,0.0001076402
8782,0.00097632414
31037,0.06972401
48136,0.00017593743
26603,0.056535106
53010,0.00207019
49968,3.3378044e-05
43558,0.00460457
11602,0.0026934794
32655,0.014191186
51297,0.0117501775
293,0.1494038
50449,0.00011812943
50932,0.0006347072
29662,0.003688914
22606,0.00012540031
19893,0.00014280253
15294,0.0106792385
21110,0.011986725
35163,0.0063799517
9481,7.748303e-05
15091,0.04774973
1332,0.0001678326
52836,0.00039367078
43118,0.26298767
24636,0.0012446046
53389,0.0009738232
35483,0.022340413
29901,0.0001234932
46562,0.0169846
11432,6.460935e-05
6077,0.00059134164
488,0.08871454
14464,0.0033144797
50442,4.0411134e-05
31828,0.0117133
32015,3.886147e-05
35963,0.00145413
43326,0.0017816636
45536,0.00036352224
9164,0.0039926823
29702,0.00014721263
16942,7.652944e-05
19908,0.00020215852
48167,0.184719
5121,0.027240071
6479,0.022659896
7447,6.6754976e-05
37951,0.00023278865
25483,0.000176295
6490,1.7642818e-05
38906,6.258292e-05
45620,0.035958424
46325,0.0007302478
13924,0.0012136482
1486,0.008557318
6666,0.0003100153
28164,0.07639567
47263,0.0011019594
22516,1.6450747e-05
20602,0.7510061
36322,2.8729026e-05
11303,7.092701e-05
33929,0.0015150746
37645,8.964137e-05
16410,4.1007155e-05
43934,4.708656e-05
53810,0.00022337325
23175,0.006021928
6966,6.377493e-05
2272,0.12287222
12223,8.5350206e-05
31588,0.008029917
40614,0.0012671069
14551,0.0004737447
23366,6.484775e-05
40880,0.014311059
15388,0.00017462636
48455,5.1377883e-05
46051,3.9695904e-05
16827,0.0004637358
22198,0.036135048
26584,4.7920985e-05
42160,0.00051854516
25849,0.0006867673
6745,9.846203e-05
31430,0.00040034385
33013,0.001756793
20321,0.09484062
5031,5.9245263e-05
52247,0.006282343
43353,0.00038783182
27211,0.0579574
11585,0.00034397884
15469,0.00068581424
7908,6.866219e-05
53490,0.0019388464
16494,5.5311582e-05
4495,0.00016723665
1073,0.025806837
1369,0.06436522
30524,0.008097439
39742,0.0014548443
38272,0.0005052005
16841,0.00012230125
15792,3.7431015e-05
11838,0.00044991384
33927,0.0077208667
42827,0.0001106201
6755,0.00013445904
48399,0.0034511075
42324,5.1854695e-05
4838,0.0026530565
39665,9.97732e-05
42,0.0092414245
3782,0.006580114
29637,0.00021908268
12836,0.00018296952
33342,0.001984771
43101,0.0030303532
31966,0.00032157495
16892,0.04616259
24815,0.030070087
24459,0.00012432756
1214,0.010623332
42005,0.00019500738
46289,0.00026651646
51810,0.072160676
26844,0.00012992969
17445,0.004592704
43480,0.0005022218
32879,0.0029797223
44749,0.0011274418
21481,0.009423774
35209,0.0020711417
24819,0.0007191694
52937,0.0005118729
47185,0.00012313561
45379,0.011703403
8587,0.0018640063
20947,0.00010144196
8403,0.00011860621
8268,7.080781e-05
1696,0.033102956
15701,0.0004911409
30763,0.00010644823
28738,4.148397e-05
45248,0.0012382943
37155,0.007984033
53251,0.0004209586
37724,0.004312264
49446,5.864925e-05
14174,0.00058895885
5,0.0002541219
25928,0.0001417298
36161,3.7311813e-05
4798,0.005126545
46468,0.00028963663
25718,0.07289718
49633,7.462223e-05
25311,5.5073175e-05
8220,1.3548716
7646,0.08859923
38881,9.691246e-05
16565,9.941561e-05
9565,0.0002689
37508,6.198691e-05
28619,0.03807894
6700,0.001380444
10505,0.001150423
49616,0.022266269
35364,0.00035065223
41713,0.0005868143
39695,0.00083780946
4344,0.067657694
28061,0.0012540104
39330,0.005070802
19315,0.011017324
24508,0.021778362
26235,0.14445685
33174,0.0003176423
17796,0.57318634
31776,0.00018380383
39758,9.44093e-05
15227,0.14022289
27432,0.09168498
11584,0.00020060911
36434,7.331103e-05
13529,0.0003131138
23439,0.006256281
34049,0.005505755
52516,0.0031401631
50940,7.366863e-05
53436,6.425174e-05
49999,0.0017264475
2248,5.5073175e-05
1867,5.2569914e-05
2536,0.006172048
50777,0.0002479246
34005,0.023626348
49714,0.06631597
5030,0.001137563
49543,0.00015758227
46540,0.0006151691
17602,0.34306663
49138,0.0014356793
43709,0.0016853904
31842,0.0024161928
45079,0.00058395497
1322,6.210611e-05
10344,0.000472434
28310,0.001158996
1973,0.0006811682
36798,0.0076595894
21802,8.0582235e-05
43358,0.0011584007
5780,3.7431015e-05
44107,0.015421199
47396,3.5285328e-05
8488,0.039246924
25615,0.0014885309
27616,0.1279457
34683,0.00025686302
11607,0.000100607576
51434,0.00030870442
41666,0.0007508558
4762,3.3020428e-05
42111,0.010048871
20779,0.0025461656
26343,0.003544479
2530,0.2566241
15715,0.0001040643
3348,0.00025233423
46417,4.5894525e-05
22239,0.0018792365
49553,0.00033587537
33498,0.00029607204
43812,0.007998106
51031,0.0034475436
3106,2.62257e-05
20396,0.00011085849
50678,0.0008780676
12901,0.012636591
5160,0.026932726
11297,0.00036137726
7124,1.2516897e-05
39810,0.0020509178
9113,0.05245832
44,3.266281e-05
6641,0.008583674
12115,0.001309967
4084,0.0011235123
2564,0.016484141
7530,0.00052664714
11358,0.016255459
32376,0.0006244617
51120,1.8010166
20128,0.012698742
34539,0.0013469919
47269,8.284702e-05
51167,0.0006797387
28580,0.0639444
21470,9.0952555e-05
5697,6.735098e-05
5115,0.000281056
49094,0.028180089
8689,0.00016938205
45240,0.00071011594
45669,0.04125708
22853,0.0039421003
1173,0.06665639
5302,0.13529488
26684,0.0320991
14614,7.748303e-05
7525,0.0052868794
8521,0.00028284363
49661,0.00018070496
9578,0.00037257883
9138,0.006680772
1670,0.0002217047
45873,6.9735004e-05
43406,7.5814234e-05
19218,9.774684e-05
13276,7.2715025e-05
29821,0.010658952
1853,6.556296e-05
21805,0.00023827098
51626,9.524369e-05
41003,0.0076050516
7586,0.0070094396
53055,6.7949063e-06
27083,0.00036876553
9288,6.186771e-05
10779,0.00025793564
17214,0.056784835
22849,9.655906e-06
4587,0.0010567086
45905,0.002079588
31319,5.9006856e-05
29813,0.06100086
45250,0.0055855396
9547,0.003456691
9985,0.008597976
2500,2.0089586
12516,0.0005040091
46600,2.5868081e-05
12886,0.00016592556
34777,0.00014530557
20481,0.00014947727
16767,1.8477269e-05
35970,0.00022968992
14830,0.0011180347
2998,0.0018819731
47057,4.136477e-05
10968,0.0029242157
27040,0.010188475
7098,0.18815613
29441,0.00017057394
14222,0.051065106
17166,0.00014804698
9576,8.785339e-05
21593,0.00022182388
36037,0.027890537
18439,0.018097164
42024,0.00011860621
17923,0.0025908733
22028,0.0022465962
43641,0.00024649443
22214,0.00013362468
27160,0.00043787903
46573,0.11871582
29269,0.00069296185
16771,0.00051759195
33563,0.00030048148
1708,0.001762267
9327,0.011441214
24105,0.44154283
45099,0.0007074952
51659,0.0001188446
29689,0.96749586
36797,0.010145286
53828,0.0051533487
25233,0.053109776
36862,1.8596476e-05
17560,0.0017016944
23921,8.403902e-05
7877,0.15984084
19143,0.00011610311
50851,7.9271034e-05
1890,7.784064e-05
14831,4.0530336e-05
44538,0.011859034
51382,0.0004973367
15515,0.018189529
32275,0.015550431
30588,0.00038437606
15693,0.00016449529
26194,0.0021759423
25599,0.0010642109
52029,0.00025733974
21116,3.9695904e-05
11646,0.020446016
3548,0.0005813339
46604,0.017951751
4114,7.915183e-05
31028,6.15101e-05
45045,2.4437606e-05
28505,0.00032920187
10027,6.329813e-05
18347,0.0017193073
49357,0.0007515705
47797,0.00071893114
30463,0.00035506143
9345,8.9879766e-05
28548,0.06619056
4109,0.0008410254
23101,0.00033992712
16353,0.014022753
35616,0.0005370128
44791,8.129743e-05
14238,0.0002518575
35449,4.6967358e-05
45246,0.0002565055
47106,0.0007086865
18526,4.1245563e-05
6144,3.0993935e-05
20038,0.00030596345
47467,0.00019453064
22221,0.0013094908
3380,0.00031752314
25916,0.03406617
23368,0.024133371
37393,0.00016282663
2899,0.041599393
2910,0.00031251792
43910,0.0001040643
22377,0.0049125687
44823,0.00068212126
47931,0.00048411093
32636,0.97597444
22180,3.3616456e-05
30132,0.00010263393
237,3.6000558e-05
31568,0.0007109498
13117,0.0011149388
38233,6.8781395e-05
20044,9.7031654e-05
12324,7.748303e-05
38576,0.0003489839
689,0.00023982034
34905,0.048543155
16711,0.00054904644
46568,2.5033638e-05
3103,0.0017983231
1376,0.00013958434
19238,0.028241513
22422,0.014397077
30550,0.12407009
7744,0.00022814056
39134,0.003842116
50288,0.0062704966
48253,0.048784897
15720,7.9747835e-05
37095,0.1562357
42259,0.00019798703
36758,0.0037262072
3252,0.00011991736
38517,0.007344153
22599,0.00028248611
30101,0.0004814896
53868,0.0004721957
9956,0.050905716
21204,0.000108712964
47919,4.83978e-05
23440,1.3351351e-05
11523,0.0007058275
6197,0.00037591544
18539,0.010690443
40373,0.0009323779
12909,0.00038401858
37524,0.00018618758
34356,0.0020456833
32744,2.9801879e-05
43605,2.5152844e-05
39006,0.19889857
7059,4.5060096e-05
19111,0.00048041722
10315,0.0017469159
53308,0.000233027
27962,0.014417405
11590,0.00016401854
50619,0.00069022196
37587,0.001492935
41043,0.0054949666
37642,0.1224826
53811,0.04517826
49973,0.00097287045
26327,4.2437605e-05
39721,0.00012873775
5777,0.030271461
51324,0.00013040646
25388,0.002315699
50292,0.029899215
14162,4.196079e-05
8450,0.0029200555
11741,4.2437605e-05
51532,0.00011121608
35458,0.00083435525
48602,0.001485436
33172,0.042290755
31458,0.004503584
51794,0.0025579373
23756,0.0023302087
45538,0.00010620984
19397,0.014095395
48538,7.331103e-05
36358,6.580136e-05
4200,0.00086448964
48369,9.95348e-05
46661,0.030919034
38005,0.00031013446
31893,0.01831501
5858,0.079922244
12383,0.00016223069
19193,0.00010072678
50003,4.3272037e-05
29861,6.651657e-05
29392,5.662281e-05
36074,0.00044443266
3265,0.00026711234
51246,3.3616456e-05
8680,0.00023970116
20141,0.013307679
23186,2.1815062e-05
26822,0.0001491197
13683,0.0003151397
31176,0.00039271748
34485,1.9073304e-05
24888,0.0039800964
17135,7.343022e-05
29327,0.00012528112
22003,0.002333301
52812,0.0003634031
18987,0.0015598285
24927,0.0042237127
12979,0.00016091959
29647,0.00048899616
38651,0.0039958884
10413,0.002014038
4428,0.00019715272
4013,0.0026178635
29700,0.0014829363
10936,0.00022277735
34619,6.96158e-05
7751,7.9271034e-05
13018,0.000114911156
46920,0.005758838
9448,0.0021189635
25015,0.0069451593
11652,0.049211465
49175,0.0006710423
36230,0.0009751332
39733,3.0755524e-05
24696,0.00073298765
69,0.00036280724
9253,0.00016521043
43532,0.029380755
15539,0.0027217746
43979,0.004698902
12812,0.0052553364
26909,0.027908854
16749,0.0006730675
9205,0.00010287233
9458,0.00046266342
49571,0.001367468
43848,7.414543e-05
40097,0.0003583981
35243,0.0003716255
22993,0.00038878512
6654,0.00032872517
28685,0.25085905
47842,1.180165e-05
10568,0.0010477774
39326,0.015332804
14834,0.00017081232
15324,1.2577758
35577,0.0025580563
5369,0.0073511344
48064,0.001584347
14385,0.00013469743
28571,0.00012599629
22250,0.00029607204
6662,3.81469e-06
26063,0.0036876076
34501,0.00011681828
5506,0.00012814178
2364,0.0072784736
53646,0.062064756
14624,0.045086075
46955,8.999896e-05
24986,9.345572e-05
9914,4.553691e-05
29807,0.00013922676
49919,0.00020787939
1498,0.058970705
5119,0.0019910766
6222,0.00069867994
51135,0.0010166959
17533,7.390703e-05
2012,0.011940787
47922,0.00013433985
11429,0.0001761758
28731,0.00463649
40220,0.08643766
547,5.161629e-05
22882,0.0021960447
47212,8.9164576e-05
4738,0.001552568
24408,0.030142035
18542,0.012313536
19094,0.001989292
43450,0.008013479
2386,0.0002766465
23021,0.0005969411
45817,0.0014125856
3125,2.7418098e-06
28406,0.0003481497
22389,0.0027204668
2250,0.003094054
24335,0.20672348
35996,0.0031319635
22144,0.0014171092
38081,0.04528502
44339,0.000216699
48421,0.0009507188
15497,0.05754659
7685,0.00016389934
43426,0.00045170117
51333,0.015859535
26972,0.00028427376
6483,0.00022122797
30107,0.00042000532
1048,0.0067037446
14747,0.0003688847
22889,0.0034397028
44201,0.001006216
39197,5.435796e-05
20548,0.00017367286
24558,0.013067796
11531,0.0004668338
44808,0.007804851
5294,0.00019119342
34177,2.002696e-05
18872,0.0016928879
7030,0.5416873
19388,0.00036113893
30208,0.000115626324
51566,0.00039605403
20727,0.07245488
38028,0.012626468
19824,0.00033039355
38064,3.0636318e-05
35361,0.00033361115
28184,0.011629054
40114,0.00957787
7439,0.031096432
19544,0.0002479246
29840,0.00019774865
49782,0.11780741
27682,0.00015245705
21709,0.0011419688
51015,0.008248666
37789,0.00013600854
49259,4.5894525e-05
10898,4.112636e-05
39654,0.0006254147
38347,0.011036896
33473,2.6106494e-05
23939,0.0138925
396,0.0015280487
31697,0.0002497123
9364,0.22777444
8954,0.0040982314
28180,0.00034779223
10529,0.00048327688
35733,5.400035e-05
28185,0.030050883
16536,9.846203e-05
37432,0.0020046392
7398,0.00045813556
2952,5.233151e-05
27770,7.247662e-05
49921,0.00032634177
40378,0.00015507927
24312,9.655486e-05
18054,0.0014222278
12022,0.00060337456
45416,0.0002715219
8874,0.0002217047
1411,1.3708975e-05
47453,4.875541e-05
5901,0.006518648
39935,0.011188623
23088,0.00069736957
14135,0.0022935772
1337,0.0054650903
26247,9.131015e-05
44191,0.00011789104
40473,4.613293e-05
36497,0.0003703147
1193,0.07390056
8861,0.06636472
22574,5.3642743e-05
27095,0.0005928904
16293,0.0014010385
6529,0.78359056
16415,0.038302228
22859,0.016064966
38980,0.00022218144
12140,0.0018298563
8820,0.0024216631
4493,0.0028511134
3908,0.0041223317
49136,0.00011002412
6792,0.00027605062
35433,0.010066927
4959,0.0023479294
41083,0.0002910667
11441,0.0004489606
34815,0.00029666792
49172,0.0005179494
12415,7.366863e-05
33806,0.0015805383
39153,0.00012134769
15021,0.0004603995
43232,3.9457496e-05
5570,0.000258174
25365,0.1657349
14297,0.012864691
44149,8.189343e-05
14837,0.0003238392
23844,0.29007205
52157,0.00060182577
48227,4.7801783e-05
21632,2.7775379e-05
8986,0.8146565
46473,0.05105344
45118,9.2263734e-05
39783,0.002864308
18901,0.0010906468
31973,0.008629295
6558,0.0022964315
11210,0.0034816382
33487,0.022058727
33236,0.065679535
53294,6.9735004e-05
18180,0.00037984786
3404,0.00011288482
33572,0.030074598
20320,0.00015496007
32440,0.020351404
49898,0.0004332319
27903,0.000107044216
9809,0.0001596085
12365,0.02117351
7709,0.00014971566
31892,0.004429173
41343,1.4781843e-05
16114,0.0062419465
10365,0.0027824042
38921,8.582701e-05
5487,0.001695149
23720,0.0010433713
30146,0.06045104
44151,0.24598889
12056,0.00036149644
25469,0.023276543
41967,0.0005557185
28831,0.00050257926
18905,0.0011684026
52065,2.5391257e-05
51955,0.0012541295
15752,0.00028284363
11560,0.00024089296
14028,0.06163153
51440,0.19293028
12768,2.6940936e-05
33106,0.005793446
28279,0.0004789874
15722,0.00014280253
25313,0.00010501787
46870,0.0058607636
22522,0.00033778208
42391,0.00017367286
6811,3.266281e-05
37357,0.030349873
18568,0.00012492354
7658,0.0009457168
49853,0.00087092136
215,0.07412485
14216,5.6980418e-05
10645,0.0003784179
17565,0.0015092422
5311,0.0028164028
49073,2.3126335e-05
31375,0.004991214
30613,0.009586962
25101,0.0002868956
40381,0.0008708022
9236,0.0056519224
53681,0.0075202226
16591,0.00021562635
28735,0.025367726
42899,0.000120394136
42959,0.002100882
11029,0.0059643383
50380,0.00025888905
52126,0.0010655208
23269,0.20062436
52139,0.0013265152
10042,0.0030105053
34283,0.039511323
913,6.4490145e-05
25703,0.00423772
35205,0.19192247
52132,0.0002145537
44719,0.00069677393
47346,0.00028224775
5473,0.00015031162
3816,0.00017045476
78,0.00018678351
3520,0.004543339
44382,0.000996927
44019,0.005814187
27,0.00045229695
47873,0.004837713
37268,0.07786082
19837,4.3510445e-05
42255,3.3139633e-05
34291,0.00029607204
43112,0.005696492
22391,0.0020458023
33534,0.0025576996
32525,0.030843096
2247,0.0005382043
45077,0.0033170937
51209,0.006030578
26666,0.002770754
8044,0.000508775
39133,0.14295185
46801,0.0032999841
53718,0.0001753415
18490,0.018233659
19849,0.0072643906
19070,0.0008011231
34334,0.009931672
32445,0.0015453075
10203,0.00029857468
10840,0.00041214077
1127,0.00059455837
32871,0.13671528
10793,0.00010013079
12036,0.0004858982
3023,0.035528123
25557,0.0018804263
29407,0.0005728749
9569,0.00033790123
26477,0.00017820201
43021,9.45285e-05
11438,0.15704508
23919,0.0008132726
11623,0.0001351742
22965,4.482169e-05
23200,0.0018383047
39243,0.00030501006
39824,2.4146953
11814,0.000520809
31995,0.00038711683
20807,7.915183e-05
3758,2.1338235e-05
214,0.00023862852
36382,0.00018761781
38149,0.0007032067
24018,0.00015877417
9498,0.00074204087
18203,0.00015627117
9949,0.020383175
42595,0.0026521054
17174,3.9695904e-05
8252,0.0061372155
44779,7.7602235e-05
22832,0.003251387
21801,2.396078e-05
19090,9.083335e-05
10881,0.00025769728
29077,0.013083798
28954,0.0045045335
46614,6.377493e-05
26599,0.040588815
37663,0.0025796967
41291,8.0224636e-05
609,6.437094e-05
38536,4.9828242e-05
38712,0.000100011595
8132,1.9907753e-05
28229,0.00014804698
30601,7.5456635e-05
21130,0.00040213126
13563,8.582701e-05
10812,9.7751135e-06
17221,0.0003933133
33398,0.00062207895
47634,8.9879766e-05
16699,0.00075812207
15186,0.0006804535
37303,5.5311582e-05
15894,1.6869332
49713,0.0002613918
39092,0.00028558468
44176,0.0013669918
36487,4.2318403e-05
31047,0.0077343523
7629,0.00014733183
3227,0.006340862
29708,0.005624303
15933,6.460935e-05
49049,3.7192607e-05
20608,0.025841339
34055,0.18691756
32859,0.00014041868
4199,0.0008822363
15256,0.0003703147
40095,0.0004644507
17838,0.036065485
38887,0.00039438574
43683,0.001294728
8397,0.00022230062
45779,2.7775379e-05
45200,7.1165414e-05
18960,0.0028597908
53425,0.008220409
43317,0.0015284058
46958,0.012987666
12064,0.00013982272
46997,0.00012456595
28084,0.022883276
27992,0.0003530356
27824,0.0005529782
25231,0.0023940732
7213,0.015206596
42721,0.00042012447
5556,0.00012992969
4368,0.00022122797
1693,0.01447921
6727,0.0020648367
11374,8.582701e-05
48791,0.00013767726
51289,0.0011248221
50185,2.0622994e-05
36169,0.0017460829
12560,8.3085426e-05
39870,1.2516897e-05
36938,0.067215405
13144,9.727005e-05
48114,0.001562566
47644,5.435796e-05
44513,8.201263e-05
8281,0.012948009
2907,2.860982e-05
39204,0.0013899675
4413,0.008296667
9871,0.010987023
45177,0.00016532962
46231,0.0005999196
3633,0.001856986
38683,0.24981487
25152,0.0010032388
3157,0.00015758227
27656,0.00092701847
45304,0.00048923446
47426,0.00051377923
33317,0.0039384193
828,2.741776e-05
34620,0.00026782742
44654,0.05621838
47538,0.06437629
16932,0.00074597186
7807,0.007015595
43449,0.0011481605
19296,0.0041635265
31060,0.0002845121
13584,0.66019034
46203,0.00023123929
6224,0.00045801638
20756,0.0017070497
2373,0.051663697
39627,0.023896188
53520,0.0033959835
2024,0.43360773
39392,0.014728035
23189,0.00018940562
35525,0.00013243275
26753,0.004965355
9197,0.000505558
33712,0.006671773
30715,0.008159754
33466,0.0009611992
28902,0.00018821376
4245,0.018990722
29603,2.3722367e-05
28919,0.0016301689
22169,0.00022039369
47431,0.0014751992
10060,0.012777483
30752,0.0061077136
47245,0.0031665443
15277,0.00050043454
40476,0.0035624155
52179,0.036379464
48226,0.003821809
7458,0.0005876483
30688,0.001998334
47034,0.00010620984
6042,0.006759871
13031,0.00015138435
47925,0.0024757707
48732,0.02076225
36940,0.064012274
17546,0.062116515
50039,0.00040272708
50093,3.5046916e-05
5146,0.00037007636
39882,9.667406e-05
2253,0.00018606838
14858,0.03971596
48078,8.713819e-05
38146,0.0056834533
38987,0.0005380851
43814,0.0013546109
3086,0.04448171
17594,0.0010078833
24374,5.9006856e-05
15690,5.8410846e-05
10858,0.00024637525
53855,0.0013361584
53750,6.377493e-05
32626,0.003615511
42614,0.6933993
51650,0.0004909026
28256,0.00017140826
19956,0.008703749
47858,0.004939852
40267,0.0076023308
41452,4.4344873e-05
17305,0.00010358751
21896,0.00013577017
37090,0.0030521022
31835,0.0004789874
50318,0.018334439
7505,0.00011181206
37254,3.933829e-05
29303,6.9258196e-05
12955,0.0021325245
16567,0.095741
23505,3.3020428e-05
4732,0.0003255076
28127,0.00046492735
25550,0.024138374
8654,0.00010573305
19539,0.0020507989
53626,0.0146422805
15090,0.00017403041
11771,0.17710772
47074,0.0006298227
12710,0.07699739
35154,0.25832644
45377,0.0020686435
22296,0.005436161
29078,0.00010096517
11319,0.00012504273
23205,0.00017081232
27901,0.02453708
47266,0.034745026
5569,0.44637042
50715,0.013805027
9588,0.0030349882
28510,0.0004165497
41571,0.0016933639
52339,0.0065567833
3854,0.003665516
45064,9.5362884e-05
31341,0.038889356
29519,5.3881147e-05
42148,8.844938e-05
52493,9.309812e-05
25318,0.0013383012
32665,0.054844502
12608,5.2808322e-05
6766,0.0018365198
1098,0.41562384
19392,0.0030650564
50570,0.08381591
53821,0.00023958198
8279,0.00017343447
36223,0.00028641892
168,0.00013302872
10628,0.00016294583
16580,0.047562644
18322,0.061269548
3769,0.0027892992
3748,0.00013791563
17400,0.2485925
5128,0.00017391123
21286,0.00011526874
13669,5.125868e-05
10314,9.679326e-05
1222,0.0011486368
12697,5.9364465e-05
5111,0.0006572232
50993,0.0044278675
17283,0.0065344
16361,0.0132679185
28048,5.9483667e-05
15643,0.001344849
27455,0.0022839431
46281,0.00013541259
5058,0.020229334
4575,0.07438793
25577,0.7292611
32643,0.0003558956
19610,0.00010501787
2293,0.00027223697
52151,0.018504137
22007,0.00011967897
46180,4.005352e-05
48221,0.00022158552
7691,5.6980418e-05
52345,0.07075257
30203,0.14158975
15402,8.999896e-05
31766,0.011567898
11368,9.4051706e-05
17366,0.0010719512
53796,0.0015241208
19417,0.0008918837
45078,0.10154089
25410,0.00011097769
35918,0.00065126666
586,0.0034379207
30272,0.0002815327
24258,0.013139567
14357,0.0031078395
47222,0.0012649639
48964,0.00012158608
21315,1.966934e-05
18786,0.16282727
901,0.11132727
5103,8.856858e-05
46696,0.0007165487
13662,5.2927524e-05
48178,0.000455395
12008,1.8358061e-05
26910,0.08712789
43497,3.564294e-05
18792,0.08336996
6706,0.001668134
19706,3.6954196e-05
17325,0.00032479255
8870,0.017585313
10297,0.0002815327
50669,0.0036640908
15035,0.00046468904
20448,0.0009248747
24639,0.00016878611
9767,0.002477911
44321,3.9934315e-05
32532,0.007842819
44026,2.0980615e-05
42342,0.00020954797
9357,0.027972497
15704,0.00010132276
40562,0.00028320117
40789,0.00035124808
44563,0.010162279
16816,0.0036218064
9434,7.569503e-05
34114,9.5720476e-05
46249,0.0004929281
27393,0.0011574482
37931,0.029911825
7893,0.007333621
43752,3.0397907e-05
13915,9.357491e-05
5192,0.00014995404
50420,0.47799057
38855,0.00020418466
26249,5.8530048e-05
30437,7.605264e-05
22321,2.6583319e-05
49902,0.13144153
7793,0.25173834
30245,0.0011245839
6637,0.00086711
32033,5.3642743e-05
18398,0.045876034
21610,9.6435666e-05
12777,0.0005062729
41278,0.00012981049
48948,3.2305197e-05
20673,0.0001277842
28034,0.53870934
15357,0.000104898674
22101,0.00013743887
28669,0.5836666
13459,4.8993817e-05
51586,0.055930294
12970,0.00015650954
26744,1.2755313e-05
52845,0.007208884
43632,0.35133702
6542,0.012434694
22545,0.0019734686
15454,0.0012660354
35803,0.00010442189
10722,0.00017987064
37087,0.00013457824
28576,0.9487364
6698,1.1121631
17860,0.0003338495
12315,0.00039629237
11242,0.064741395
18441,0.011133452
39667,0.0006747353
41209,9.8104436e-05
36764,0.36917558
6796,0.0027139282
53487,5.0066647e-05
5921,0.00011681828
102,0.0028721532
45443,0.00014876213
2412,0.0062515424
8887,0.09852249
46813,0.0023293763
13790,7.4026226e-05
51994,0.0061699157
12884,0.007333384
18298,2.2649509e-05
26251,0.00016306501
27296,0.00027795744
463,7.8436635e-05
13966,0.0049308366
53692,4.7205765e-05
25650,0.028766587
6809,0.3284091
6240,0.031095162
34568,0.00013624693
2356,6.317893e-05
18173,0.00048816207
25839,0.0017251384
44903,0.00013207518
49011,0.00030536758
16448,0.005470781
4541,1.8477269e-05
1772,2.1859288
13252,0.015413803
1804,0.00013672371
6732,0.12908031
1717,2.7775379e-05
30806,0.0013254437
31123,0.00013958434
42807,0.00032836766
45885,0.0043630647
37749,4.482169e-05
51926,8.034383e-05
19679,9.750845e-05
45991,0.029703435
20616,0.00019298121
372,0.000176295
20234,0.00023505308
14877,0.0066420496
19951,0.00067771354
22243,0.022921607
26782,0.3114358
4470,0.0012232924
2728,0.00066520495
6276,0.00068462297
3620,1.20400655e-05
46932,0.017143514
39157,0.0026839683
10126,0.00034552804
52335,9.894322e-06
38846,0.13030624
31603,7.915183e-05
25494,0.00014768941
14152,0.00023171601
49008,0.010512807
33154,1.2993728e-05
8264,9.655486e-05
20714,0.044364374
1539,7.915183e-05
51139,0.009757208
359,0.02821648
18570,0.00011932138
47572,0.0070628263
44438,0.009150119
20337,0.035894945
46255,0.00086544245
52729,0.012634943
41782,3.9099883e-05
15268,0.0012815128
23499,0.0023196237
20436,0.008238617
25647,0.003119248
37626,0.00060182577
33518,2.4079987e-05
31563,0.40478158
33696,0.013375787
21609,0.003401805
53016,0.05738969
26952,0.001856748
34319,1.7762026e-05
31983,9.45285e-05
52092,0.31391034
11869,0.006575969
50546,0.00024935475
12923,0.0047429204
14458,0.0011854295
30283,0.0008338788
31937,0.0017578639
18875,0.023200372
12357,6.93774e-05
43204,3.087473e-05
36762,0.00054773584
32121,0.00040880428
41682,0.045954484
11881,4.3510445e-05
7307,0.003298083
28550,0.00012253964
37293,3.874227e-05
35673,0.0080921175
37813,0.016388923
42051,0.0033166185
6434,0.00015257625
4845,8.4635016e-05
6576,0.00030775103
12657,0.00092606567
25048,0.0006481692
45987,0.007081647
38482,0.06267561
13593,0.00011419598
53047,0.006337782
52019,0.0004967409
42236,0.10435809
46635,0.01877899
16326,0.00074299384
43491,0.00011896379
24268,0.000116937474
27668,0.00041428566
13511,0.00037257883
12786,0.030647615
8201,0.0039054088
7222,0.0008543655
43351,0.0005596502
52724,2.6940936e-05
17466,0.16687872
386,0.048480127
53145,0.0017901125
28622,0.32370326
47231,0.00050091115
31962,9.893881e-05
7802,7.784064e-05
8892,8.809179e-05
30548,0.056687742
36481,0.008043043
50897,0.00010573305
48967,0.00062136416
26791,0.0016276696
21881,3.7431015e-05
52258,4.804019e-05
48491,0.0008858094
4481,0.048865844
52013,6.365574e-05
918,0.00063589856
28956,0.00010442189
1715,0.0017254954
31034,0.001168879
24537,0.0017303746
49288,0.09448407
14736,6.460935e-05
24720,0.052701946
6050,0.000487328
7727,0.0072145653
45043,0.011366375
2066,2.4199193e-05
27207,0.00023100091
8972,0.1932883
8912,0.039259534
39122,0.002898898
13400,0.00037222132
1568,0.00060337456
21167,5.972207e-05
29089,0.0029336058
1922,0.0013211579
39806,0.00011145447
83,0.017133202
31378,0.0006946296
38974,0.0020954097
22830,0.014891887
8520,0.00033361115
42900,0.0012767506
181,0.03936727
8865,0.0015732781
25257,0.000920468
47325,0.0006381621
20405,0.0005123495
40622,0.0001258771
5270,5.435796e-05
23580,0.000113719194
23209,0.0043057357
32530,1.9311718e-05
45100,2.1146047
34858,0.00011312322
34840,5.2450712e-05
32201,0.00017867876
53407,0.00046433156
46154,0.00938811
34486,0.0007963585
13230,0.0022231643
48468,0.0016914598
37414,0.14395829
36738,0.138399
7581,0.4891546
19559,0.011055052
53447,0.00016652151
4842,0.02713833
37655,0.0061323578
48283,6.627817e-05
392,6.854299e-05
14268,0.000106686624
2886,0.00025173833
1340,0.0072835623
41727,0.0017030035
25046,0.00014459042
36517,0.00012516193
42634,0.0022525433
44994,0.0134541225
14420,0.0021195584
13217,1.966934e-05
20936,0.0002630603
13329,2.1457441e-05
6324,0.00024863967
37658,0.00023982034
4482,4.0411134e-05
2160,0.00036221143
47886,7.998623e-05
51807,6.377493e-05
29976,0.00010322992
46571,0.00070296845
50670,0.0025414093
40953,0.003647581
39683,0.018769864
46828,0.006634944
33662,0.001200432
18169,5.435796e-05
6468,5.471557e-05
31824,0.009133109
24619,0.2005752
38444,0.00021944022
17015,0.0012829416
9457,0.07141653
40701,0.0037487724
45888,0.009578579
25064,0.10386331
5639,8.117823e-05
34998,0.005647774
7736,0.0049112635
43113,0.00016008526
3669,0.0040982314
41650,0.00038401858
11459,0.000100249985
41994,0.03480363
49693,9.941561e-05
35916,0.00025662468
12842,0.012344033
28280,0.06604149
12612,0.0045168754
33660,0.0006093314
11817,0.00023672162
51244,0.0006149308
24732,0.00015209948
18331,7.438383e-05
51331,7.736384e-05
18079,0.0037537606
3926,0.00022909402
43622,8.201263e-05
15709,0.00054118293
11994,0.000106686624
11546,0.00016616394
19689,0.0012138864
9857,3.552374e-05
3369,0.16401224
3371,0.00032228997
31644,0.00032240915
43891,0.0056091296
51578,0.00026020003
38174,0.00018237358
37449,8.356222e-05
11754,0.0033857662
27756,0.00011979816
833,5.4836123e-06
30617,0.008131967
12649,0.00011145447
50939,0.003442554
27238,0.42005694
26485,0.00019917889
11780,0.004755022
27910,0.00063458807
53478,0.00013469743
14950,0.0381681
34494,0.03326475
33579,0.00090498495
11120,1.1920858e-05
8752,0.00074787776
3759,0.0032027876
52827,3.5881352e-05
37073,1.43898
1559,0.0028712023
20550,0.010147529
6890,0.00019429227
21223,0.054642033
26794,0.0063480875
21543,4.3748852e-05
10086,0.0005474976
48924,5.2927524e-05
48273,0.0002237308
14251,0.0029319418
47389,0.047541503
38842,0.0006582954
13914,0.00010585225
29203,0.0042298855
50055,0.00012838017
49804,0.00089474214
46991,0.020464819
3803,0.0004352576
7396,0.0018725733
21546,9.44093e-05
17759,0.0020707848
47953,0.022884324
33890,0.07703503
52748,5.3046726e-05
11937,0.111645676
22289,0.0028417227
22497,0.004033407
3431,0.000105494655
41457,9.285972e-05
24591,0.00017426879
52068,0.004383598
45497,0.15054253
19696,0.24740157
5419,3.6000558e-05
11351,0.00017689094
53035,0.0048823184
21925,8.66614e-05
36157,0.0003274143
15811,0.00011944058
34414,0.0023758775
34615,0.0011472079
6859,8.4635016e-05
28509,0.24250063
7631,0.1934014
41263,0.0017685739
23624,0.0002473287
47480,0.0004451476
36850,0.00031668894
31506,0.00023171601
3915,0.00010168035
20759,0.005291504
1044,0.0001572247
9038,2.3722367e-05
34053,0.025548786
18097,0.00030810855
51274,0.0001821352
7479,0.0001821352
37559,0.0005505953
5634,0.0005866952
3635,0.1541013
15319,0.0040712813
18730,0.00039164504
51888,0.00019608006
14212,0.00030596345
29440,0.00011312322
2027,0.0028707266
29696,0.0013109194
44915,0.006855775
4335,0.0005554802
10795,0.013033791
17097,0.00010656743
52614,0.00016246906
12134,0.002757796
5580,0.00011896379
47225,0.00019810621
52423,0.002476722
37324,0.0019585968
28422,0.3135838
33653,0.010627461
51571,0.0006541258
29691,7.724464e-05
9921,0.00075180875
6384,0.00059146073
45222,4.9589835e-05
47280,0.00027080684
12067,0.08116056
25012,3.170917e-05
42802,0.017534126
19931,0.0007177399
53282,0.0022337504
4624,0.044095553
44885,0.0006939149
14670,0.0053665624
11765,7.617183e-05
7976,0.0010854073
38200,0.0014365126
48222,0.0007264359
11810,0.0022607502
21247,5.113948e-05
14681,0.0023437669
8983,0.06163411
10876,0.0034671451
19709,0.026940383
38625,0.00028618056
28915,9.6078074e-05
53471,6.031808e-05
20619,0.00031668894
4550,0.0002786725
30220,0.0002849888
2612,0.011562949
18371,0.0048431703
41813,0.0001236124
33655,0.667998
10088,0.008002836
18093,0.0005505953
23095,0.00037782206
41014,1.6927575e-05
38878,0.002967718
22508,6.0437284e-05
22992,0.02375534
20869,0.0002805793
33861,0.0045041777
42149,0.0001851149
28050,0.07696064
51945,0.00013136001
31862,6.854299e-05
28570,0.0038864096
3521,0.038045317
1938,0.03466293
8307,0.0002337421
50223,0.0013955625
46295,0.00052485993
1172,0.00070141983
4988,0.028205587
38369,9.5362884e-05
46142,0.007703951
51704,8.332382e-05
3804,6.532456e-05
52315,0.00036316476
15820,0.0045269625
13162,0.000759075
11127,0.005004973
5290,0.00016068121
9085,0.114097826
35777,0.03346306
19367,8.892618e-05
32695,0.0048992825
40019,0.00025602878
2768,0.00014053787
15377,0.00087937777
42178,6.603976e-05
16347,0.0012487718
20772,0.011615739
48323,0.00023552982
9613,0.0011412543
49888,4.1007155e-05
45745,0.00017140826
32429,5.400035e-05
9472,0.0090986155
18531,0.0017069307
51252,0.061185002
38208,2.6464111e-05
1234,3.921909e-05
23163,0.14270465
33661,0.11183555
18301,0.00023600654
8941,0.00059634546
43726,0.06257259
44311,0.00014959647
35637,3.0278701e-05
48860,7.5933436e-05
48437,0.0026975218
36449,0.0001678326
22779,0.0068492633
10223,0.0429427
16395,0.0017019324
15219,9.3694114e-05
53444,0.0013105622
10564,1.7557592
46488,0.0017694068
4108,0.0004767235
48304,0.00043835567
34837,0.0005667987
45868,0.0008591298
40075,0.00031704645
34519,0.0030929844
50532,0.00020120504
17429,0.00085269805
42471,0.0114464
47313,0.00011312322
35726,0.18310887
306,6.997341e-05
13586,0.00036626306
33506,0.0006188623
14576,0.00021848676
14757,0.00029881304
48490,0.00044955636
17698,0.0016325492
45477,0.000210859
3124,0.0072449814
13726,0.0076962616
21606,0.004766056
5874,9.035656e-05
676,0.00036876553
46794,5.662281e-05
48124,0.00018058576
51732,8.6184606e-05
15394,0.008841887
39360,0.00010454108
4653,3.0397907e-05
18277,0.00010036919
6948,0.00020525733
49572,0.017276859
5706,0.00022933238
34704,0.00047767672
34493,0.00012647305
19244,0.00066842145
12071,0.003503615
41690,0.0006920089
47044,0.001251153
24028,0.0020220089
32625,0.00011860621
21795,0.0058253277
42163,2.193427e-05
47175,0.17138435
35829,0.000371983
43790,0.16328077
6846,0.00029976643
31599,0.017343175
8306,0.00018869051
16340,0.86901474
9400,0.0012042421
47186,0.00022885564
38353,0.024596054
52286,0.00012492354
27397,0.13031703
42366,4.6252135e-05
43184,5.7457226e-05
37170,0.022095809
44960,0.00029154343
5148,0.0009964507
25897,0.0035519623
37262,0.0070969164
19435,6.2344516e-05
44059,0.0015653035
44891,0.060904626
12124,4.6490542e-05
48478,6.7708585e-05
36012,5.8410846e-05
20124,0.0003233625
5402,0.18480918
21250,0.00020978635
27221,7.688704e-05
358,0.00068843504
2053,0.0008056494
43209,0.0062842383
15885,8.439662e-05
37841,0.02558655
29967,9.2978924e-05
20021,2.7894584e-05
2165,0.70898485
19621,0.0002085945
51542,0.0002780766
7856,0.168464
36672,0.00017379204
3693,0.0012805604
33275,0.0008436458
442,0.0023126067
47156,0.00052378763
20470,0.0002662781
11091,0.0033705588
2036,0.00028212857
20638,0.009990096
18525,0.00014280253
38534,0.00012683064
35563,0.08607426
22603,0.00061707525
35377,0.0024616197
20740,0.0025559159
48385,0.0011612584
2203,0.0005234302
41211,0.00017260015
6439,0.00023445718
33770,2.7179349e-05
43175,0.0024465173
23265,0.006001547
2267,0.00014792779
51890,0.0004717191
42007,0.00030143486
32277,6.699338e-05
40461,0.00030489088
32511,0.0017396568
36385,0.00027938755
3291,0.0015704215
52120,0.0015724449
5439,0.00046182933
31945,0.003204689
49033,0.053689405
3753,0.00037972868
3563,0.00036411808
32337,0.00014959647
7988,0.000589078
36194,0.00027581226
24552,0.16003986
30376,0.00051068136
40567,0.0006511475
50866,8.0224636e-05
30291,0.49279058
50736,0.00032169413
27008,8.773419e-05
28430,0.00029166258
21587,5.8530048e-05
5548,0.00016509123
30211,0.00078575726
17376,0.010074008
45372,6.246372e-05
37708,0.117477074
2759,0.00027843413
41785,7.915183e-05
50309,4.0649542e-05
13451,2.1457441e-05
12940,0.13847321
12506,0.040195197
32411,2.5391257e-05
1928,7.1284616e-05
12780,0.00017033557
4414,0.0002209896
27487,0.00014363688
30199,1.5020258e-05
30858,0.00018368465
52755,7.080781e-05
28983,0.020160407
52540,0.0003255076
50296,0.20250705
49741,0.12089078
35643,3.4689303e-05
32728,0.00038830846
16945,0.04612491
4708,0.004224781
28712,0.006720322
46190,2.1468005
6937,0.00043811736
5183,5.4836123e-06
53817,3.3378044e-05
27131,4.9351427e-05
36741,9.011816e-05
35109,0.0059112487
14593,0.0007198841
431,0.001500434
47476,0.083069526
51603,5.0305054e-05
15338,5.078187e-05
52522,0.0003672164
10274,0.0028439811
5354,0.007982495
22562,0.001765837
13497,4.4225668e-05
39458,0.00052164297
25939,0.030422611
46972,0.0041547418
5805,0.12888469
31134,0.0002741438
21646,0.0018766188
7138,0.00045551415
50582,0.00033551786
5236,5.9006856e-05
47135,0.010171365
19492,0.00013136001
53773,0.00041881372
20903,0.011771148
41607,0.0075204596
36363,0.0015240018
39413,0.045809764
2034,0.011109284
12374,0.0023042813
11995,0.0034871027
31432,0.00015198029
12861,0.013466589
52268,0.08101524
37379,0.0152671775
34859,0.00072679325
9278,0.013090034
35378,0.00015734388
8055,0.00011824862
12233,0.0017244244
40669,0.36021858
3841,0.03850195
44874,0.25840876
38668,2.4318399e-05
5276,0.007897225
14390,0.0002305242
38913,0.00027259448
46872,0.00037460463
17691,0.008822154
41319,0.018082764
39973,0.0005000771
29121,0.29242417
40275,0.0055636084
26037,1.8596476e-05
36081,0.004226324
29998,0.0006301801
12308,0.0006812874
36384,0.0003852102
43357,0.04977453
9106,8.4635016e-05
5707,0.00026055757
42162,0.03543654
30449,0.02596633
44567,0.0002039463
48269,0.00022706791
45622,0.029960418
13609,0.00010585225
13829,9.8342825e-05
1202,9.9058016e-05
15765,0.0016046993
34306,0.007170774
22381,0.00013743887
10884,7.1284616e-05
7333,0.00011812943
52095,0.016428676
30417,0.2839562
53591,0.05733082
48896,0.00028224775
27596,0.00077336916
5179,0.008436517
40338,0.067219645
52982,0.0014609151
222,2.0861407e-05
6510,0.021755965
52671,0.00022861728
33623,2.467602e-05
4356,0.0016437365
30298,5.233151e-05
14752,0.00011121608
38727,0.063845985
35603,4.2437605e-05
39176,4.9828242e-05
48887,4.1841584e-05
51848,0.013461062
11012,0.00013648532
10480,0.041868772
35668,0.00014196818
44541,0.00040463367
25695,0.0025477114
3184,0.00015758227
28630,3.0159496e-05
4112,2.8371409e-05
36645,0.00017271934
23225,0.00011789104
4729,0.00041273658
43429,8.237023e-05
26975,0.003375905
53523,0.0025637636
50561,2.801379e-05
41438,0.45680767
4700,0.011243909
11823,0.00019274284
4079,0.0003388546
8183,0.00014208737
53061,0.004735208
47338,0.004516994
5382,0.008640286
6024,0.2566297
26594,0.002522503
49815,7.700623e-05
32827,0.00045444176
14978,5.960287e-05
49067,8.368142e-05
24717,0.009005407
12776,0.0034746293
28437,0.000808389
22628,3.1470758e-05
18073,0.107498355
41144,0.0009226118
29991,0.00019965562
50847,7.6767836e-05
10701,0.00072798453
38699,0.0013515156
18375,0.0001859492
18857,0.005835876
34632,0.00010358751
19942,0.008393133
26067,0.0003514864
13849,0.00027581226
15395,0.05753646
40819,0.0014406788
49618,0.00087580463
8156,0.009313116
2573,0.0999871
43975,0.0002122892
14575,0.015341726
25517,0.045393933
28162,0.08204093
9156,0.056383345
27851,0.01804366
7160,6.94966e-05
52110,0.0015806573
11479,0.00061326294
14255,0.0008599636
3134,3.8623064e-05
29295,0.00013624693
49227,0.0049534934
45712,0.0012317459
6495,0.00017760607
42886,0.0136694545
18978,5.7576428e-05
12695,0.000103945094
12987,0.031048475
36124,0.014076118
21082,0.0041993773
49641,0.28994316
3691,3.921909e-05
50127,0.04878274
25441,0.028416608
40279,1.12056105e-05
51092,0.00022754465
43875,0.026751103
6191,0.040230352
44606,0.00032121743
27536,6.413254e-05
41539,2.8967437e-05
53073,0.013414367
35073,0.015611697
20733,0.00097584777
28590,4.029193e-05
24147,0.0020812533
9442,4.8993817e-05
640,0.0010393223
15742,0.0007440659
35488,0.00329036
20802,0.018535383
28287,0.0023773047
6068,0.061748877
14220,0.0068344637
19617,0.005102825
10010,0.10233766
10861,6.0675688e-05
16345,0.005871193
50823,0.0009949025
25608,0.0001038259
3609,0.00018785619
50615,0.00070725696
47535,0.0002503082
13990,0.010640789
13774,0.0041818083
26156,0.0011423259
40112,0.00061481167
7514,0.030530378
30978,0.0017053836
1891,0.0002811752
16725,0.0022059174
51433,8.523101e-05
47037,0.0001559136
32048,0.018388512
39056,6.246372e-05
13730,0.002637957
44389,0.00048625565
35284,5.8410846e-05
33279,0.08446468
18986,0.0091782315
31374,0.000106686624
30750,0.00013565097
49149,4.136477e-05
4617,0.0002619877
11192,0.062254526
40979,0.00015305301
50231,0.0027887048
39819,0.002097789
23950,0.0007011816
27391,1.03711545e-05
4137,0.028602676
8497,0.00011443437
19635,0.10943703
35131,0.10384257
23104,0.00019870214
17837,8.59462e-05
35112,0.20082448
4478,0.12767652
2217,0.00017176583
21820,0.7150581
26127,0.00019870214
38427,0.00022015533
22561,0.0016999093
50463,0.00014351768
17783,1.788366
17583,0.0026607846
893,0.0010989824
35193,0.004399739
49829,0.0017469159
53367,0.0003566106
27937,0.00087556645
45251,0.35955006
49487,0.34298247
50156,0.00023338455
22089,0.00011038171
35443,1.0312235
4073,0.009582711
44672,2.3722367e-05
42602,0.0013475871
26472,0.00023767508
37138,0.001538166
24637,0.020150125
8598,0.00018678351
8702,0.00012301642
42458,0.016411673
15729,2.4437606e-05
18744,0.0008538891
40148,0.0006685406
44383,0.0033269553
47130,4.672895e-05
45914,0.002514655
14761,0.00035005642
19420,0.00014292172
1619,0.12202614
5051,5.5073175e-05
10134,0.00023636408
23848,1.2278481e-05
39946,0.0016299308
3821,0.00018880969
44571,6.2821324e-05
2633,0.00087354163
1633,4.6252135e-05
40587,6.413254e-05
13600,0.00014268333
21931,0.00028332035
53225,0.009214612
49819,0.007911181
38251,2.9325056e-05
12230,9.941561e-05
22310,0.000123374
48448,0.00063196715
6867,6.6158966e-05
47506,0.004291492
27189,0.0004135707
1602,8.9164576e-05
36439,9.655486e-05
23575,0.004939259
480,0.00013588935
33988,0.01104621
12044,0.00012981049
48081,0.0006112376
19978,2.7656173e-05
32338,0.00024995065
17557,0.00039760314
43623,0.0020510368
10011,0.0015067426
19170,0.00019357714
48682,0.010693864
41118,0.00010775939
15008,0.00011812943
8592,0.007988645
1970,0.007517383
7055,0.0010955291
38410,0.0011729273
26138,0.0012244831
34627,0.074952155
4256,3.5404533e-05
3494,6.437094e-05
33773,0.0044911234
51495,0.16640958
15744,0.00032801015
42511,0.103048295
51663,0.043619324
13513,4.2914424e-05
40883,9.4051706e-05
8023,0.045224406
52255,0.00021610309
41494,0.07561311
44559,0.049141895
33386,0.0054050973
26712,0.03156815
38225,5.3285134e-05
20264,0.000116937474
27395,0.00015364897
44287,8.4992615e-05
24045,0.28570434
19813,0.001073142
44432,0.052046716
53845,0.00012981049
18456,0.003636416
29729,0.00010632903
33183,0.00050186436
35434,0.010422916
53909,0.00010609064
25992,7.962863e-05
30128,3.2543605e-05
29156,0.0017030035
4155,0.004905451
18465,0.00055833964
29075,0.0005427318
7915,2.2411095e-05
37424,0.008742391
45384,0.0049546794
5206,0.0001559136
34217,0.0001822544
9405,0.0025917056
20048,0.0058165574
40777,1.4287186
6938,0.08408456
11677,0.00021824839
30342,0.002169519
3869,0.0013046096
20319,7.4026226e-05
45998,0.00069677393
13645,0.0003823503
28375,0.00035708727
46466,0.00021908268
31597,0.0002436341
21371,0.00023910524
29687,4.7563375e-05
23709,0.010324167
13885,0.00022992828
15848,0.0013961578
3761,0.024297317
7237,0.00072631676
38309,0.0001040643
43166,0.004085528
16081,0.00014673587
36912,2.1734474
49402,0.0021635713
15084,0.0007722971
45838,0.004054897
1079,0.0031187725
39180,0.00013207518
46425,3.0278701e-05
50130,0.00023850934
30530,0.0016820581
38341,0.00021765247
18340,0.00040582527
12490,0.0016330252
25840,0.0014425835
18287,0.0007594324
16013,6.651657e-05
17409,0.00012230125
13665,0.0011756659
51634,7.4979835e-05
37255,0.00011193126
48031,0.00045384598
34148,0.003677393
19306,0.1164105
9161,0.012777836
43921,0.00038330362
32529,1.2159274e-05
44536,0.00015758227
42736,0.013962096
355,5.2927524e-05
40156,0.0019267106
41335,0.000189644
7507,0.0018960133
39428,4.804019e-05
12385,2.2887922e-05
45708,0.0007628868
42166,0.00016675988
1766,0.003539846
38041,0.00017903633
45020,0.09246845
18679,0.0002656822
38357,0.005397035
34735,8.201263e-05
17249,0.0037158744
17439,0.000881879
25885,0.0011618538
34624,0.018639525
8727,0.016429966
53000,0.00017260015
10513,0.00061195245
4097,0.0040002814
35831,4.4225668e-05
7619,0.033656605
33539,0.0045150956
24218,0.00029917056
17454,9.6316464e-05
31031,0.00043680664
27885,9.619727e-05
45344,0.0857464
45874,7.259582e-05
40800,0.0009453595
23957,0.00040963842
7804,8.368142e-05
21649,0.015048314
7081,0.0015288818
24512,0.0019064838
39382,0.25424698
12253,7.617183e-05
29790,0.0043686433
1495,0.0008007657
25380,0.0044822227
43689,0.000112408045
15024,3.1589963e-05
15901,0.062920675
7317,0.00024387246
8571,0.00022146634
31380,0.00011145447
12077,0.002379921
34812,0.010236736
33036,0.00018869051
32731,0.014443373
34420,0.00035744478
12644,0.00012003655
14204,4.3868058e-05
31484,0.0004593271
21681,7.426463e-05
43802,0.00015352978
29315,0.17932776
15429,5.149709e-05
20433,4.7324967e-05
42384,0.004323303
51407,3.445089e-05
43925,0.08933266
10036,0.00036983803
40308,0.01695319
46093,0.0013433013
15065,9.917721e-05
5613,0.00039533907
31032,6.0079677e-05
5558,0.00026222607
4081,0.00012694983
24272,0.00039950974
47142,2.8252203e-05
28711,4.9589835e-05
33084,0.00049686007
28441,0.00077730004
44945,0.00012516193
43944,0.00043537674
6075,0.00066341803
41167,0.00034457468
6349,0.00014685506
19031,0.0023836077
10750,3.6834994e-05
4435,0.021962754
15961,5.6265202e-05
31627,0.08896203
7090,0.00014768941
28959,0.00046325917
22592,5.042426e-05
43590,0.018976567
44647,0.30575484
9178,0.00058049994
10342,5.7218822e-05
17005,5.0662664e-05
42256,9.059865e-06
27548,5.1377883e-05
24262,0.21657409
40750,0.006420224
47024,5.9006856e-05
49545,0.0011559002
16615,0.020096147
25629,0.00032252833
30488,5.483477e-05
35861,0.0055868435
17288,0.0018292613
7724,0.0005037708
19276,0.090623304
30271,0.00054285093
47087,0.01103218
53049,0.0005900311
47494,0.009678936
2376,0.059981752
46662,0.10101109
5786,0.00037460463
37188,9.059496e-05
52265,0.00020668755
50854,0.5739239
31840,9.035656e-05
32001,0.003955518
31940,0.28024518
5258,5.1020274e-05
47145,0.020766336
10152,0.0001584166
52958,0.0006571041
33808,0.054988712
44086,2.6464111e-05
21427,0.008793322
46738,0.2496373
32816,0.106396645
42970,0.0045624445
7151,0.13272189
44587,0.00017140826
1090,0.0013056811
36926,0.0010673071
4764,1.4788522
36303,0.00010036919
34869,3.325884e-05
1475,0.0021977099
52986,0.105890214
4062,0.00043418517
49300,0.019607646
24460,0.07653117
27508,0.07980052
34875,0.00013803483
32095,0.0033420443
21161,8.129743e-05
24928,0.004969151
50170,0.0007400158
6180,0.00066830235
14840,0.0031507395
23818,0.001750486
8200,0.00039104922
24699,0.00078718667
32601,0.01681183
10326,0.0034901914
43673,0.00018201603
36145,0.0017679789
32035,0.00018106251
28636,6.758938e-05
39299,0.00035923228
40523,0.00054761674
2158,0.17114279
52973,0.00011526874
51275,0.053955887
1141,0.0001491197
23133,0.011605724
11847,0.0005074644
24756,0.019373246
48826,0.0012752028
33632,0.13054283
31142,0.00088723865
16539,0.0010282473
33491,0.00059229473
9043,3.1589963e-05
22087,9.4766896e-05
12952,9.9058016e-05
38866,0.1027522
38851,4.577532e-05
49072,4.0649542e-05
41872,0.00015114596
17411,0.010436129
51788,0.005588266
43536,0.0004105917
14933,0.097755656
3919,0.0006437613
44461,0.00066401367
26752,0.00018988237
22454,0.005807313
3074,0.00063494546
25172,3.2066786e-05
11364,0.00028808735
34967,5.5549986e-05
53720,0.0053747436
38538,0.00029654874
38691,7.223822e-05
26575,7.569503e-05
22883,0.00014351768
53230,0.0029626072
33189,0.008187895
31571,0.0032160962
52042,0.0009344026
23461,2.2411095e-05
30967,0.00030834688
43433,0.00031406715
8780,0.027078463
19728,0.012637532
21497,0.0294215
4295,0.0045620888
10257,0.005019444
2584,0.05279637
2580,0.00048077467
3872,0.20177856
48663,0.0107321935
47387,0.015816122
9612,0.0017734529
12353,5.7218822e-05
19957,0.0007664603
2417,0.00013922676
3612,0.00026854247
16757,0.008662859
7791,1.2041082
11845,0.00040773186
3673,0.003214195
53065,0.0016639687
14799,0.009000681
35950,0.04178177
18276,0.0033048557
16984,0.0044652517
26438,4.9232225e-05
29845,0.00014792779
52544,0.00032372
2134,0.00044443266
49071,0.0016254083
13898,0.000107282605
32401,3.850386e-05
34083,0.00058169133
17829,0.00051115797
8345,0.000343383
50802,0.0001849957
25851,0.0014266323
14957,0.0010003806
35885,0.00012325481
21976,0.047267396
20214,1.0490363e-05
20748,0.0003685272
41902,9.774684e-05
52920,0.0009205871
2112,0.0017184742
16219,0.000115983916
41292,2.1219028e-05
4944,2.7060143e-05
45554,0.000962152
45180,0.001202218
43521,9.011816e-05
19657,0.0012759172
6708,5.7457226e-05
17212,0.00019464982
42743,0.0178021
40092,0.0005573865
11162,0.0014932922
26380,0.00033313446
27499,0.021066364
42230,0.0005696581
249,0.042888682
20361,0.0012163868
238,0.005219049
1049,0.00021467288
22622,0.0017983231
48112,3.004029e-05
23619,0.0057725864
35564,0.0011161296
17408,3.0517112e-05
27809,0.0014060383
34105,0.0055120387
30428,0.0001596085
21344,0.00015734388
24811,0.0014119904
16931,0.00027628895
27830,0.00018487652
22070,9.2621325e-05
18133,5.471557e-05
46778,0.0015754205
49385,9.6316464e-05
49721,0.0025868306
37854,0.00013255194
44724,0.014256883
7558,0.0001940539
28114,0.00032896354
35972,0.07554845
27795,0.00016532962
50775,0.00014554395
47789,0.0059185964
50855,0.0010309863
37544,5.6384404e-05
13354,0.016911464
13974,0.012203315
18229,5.2927524e-05
46962,0.064472295
46484,0.0013273486
44276,0.0010039534
21137,0.009886348
3366,0.00023183519
40581,0.0007173825
3840,0.0005675136
29343,0.00038616353
49095,0.0073313722
21927,0.029803412
37551,0.006429226
40890,0.0010102651
13977,0.00017069314
6650,0.00094678864
22737,9.774684e-05
49527,0.00043823652
26585,0.0021849824
4286,0.0004354959
22336,0.0004262016
220,0.0039519556
27283,0.0015349523
11601,0.00039033423
2427,0.0002530493
29375,0.0005791894
19939,0.01988208
48326,0.00012230125
6137,4.708656e-05
41108,0.00029928974
41899,0.047831442
37755,0.00019321959
23810,0.014859706
45292,0.00038675935
20256,0.0011150579
5884,0.000102514736
48872,0.00937004
24030,0.51979965
9844,0.022287954
45579,0.0001982254
35889,0.010758847
10917,0.001202218
31152,0.00039796063
47221,0.08294752
2471,0.00055643334
11131,0.0024239225
20520,0.00011193126
1182,0.0027146414
35320,0.008558736
12857,0.00058049994
47391,0.0050416244
51507,0.00047457876
41249,0.0001294529
15135,0.0006121907
23784,3.7907834e-05
50758,0.00014399446
24628,0.01730041
18405,0.016413314
25157,3.6954196e-05
45898,0.0010944573
7402,0.11839723
8093,0.0010428949
19538,0.00014220657
3077,4.3272037e-05
7488,0.00037531962
39172,0.00013803483
32296,0.008341827
3880,0.015992114
24245,0.004291611
43457,0.0062594796
5387,0.00010442189
39623,0.00020478059
173,0.00079766876
10727,0.06558152
40442,0.050425354
35907,0.22444086
24302,0.01592219
33899,0.15760426
29005,4.4106466e-05
27946,0.00027533554
14415,0.001631121
29819,0.0001296913
24472,0.0019067217
26282,0.0010400369
50923,0.13936555
37448,0.00015555603
13022,0.00040129715
38623,0.06893343
26665,8.093983e-05
35326,0.00065126666
39088,1.03711545e-05
15103,9.202534e-05
27525,0.012364756
49981,2.622601e-06
4872,0.21052112
52774,1.442422e-05
46244,0.00032026408
20580,0.00038080115
6873,8.6184606e-05
44142,0.011984251
43011,0.027381705
37120,0.00015472168
6357,0.00021979777
25430,0.006112453
40361,0.00039855644
7775,0.067184865
53653,8.356222e-05
50250,0.0002719986
42340,0.0024391443
5061,0.00014459042
46679,2.2887922e-05
9410,0.00012897613
49174,0.00054201693
37611,0.0001315984
23372,0.14418547
49707,0.000114553564
28415,0.00022146634
33943,0.007695079
15117,0.007066022
38715,2.741776e-05
29505,1.6569955e-05
20250,0.09029443
30162,0.0012360322
37501,0.00014089546
48037,0.0015130511
24483,0.0015751824
45645,0.004362827
16230,0.027830483
29090,0.00016234987
14122,0.00015400654
8582,0.17940965
30759,0.0054889205
53104,0.0010829067
29468,0.0023946678
10770,0.005562067
32488,0.00082435
6623,0.00047481706
13775,0.0004002247
31199,0.0012419852
16985,0.00014232576
2800,0.01931303
1597,4.9351427e-05
52170,0.0031158016
13607,0.00014268333
27021,9.381331e-05
48361,0.0018991069
29645,0.00027116438
4213,0.02320969
224,0.00010013079
43376,0.00074025407
35714,0.00041106835
24548,2.0861407e-05
26206,0.0023051137
45189,0.011322293
49704,0.0009141557
53217,0.012221687
45583,0.008162946
40968,0.0010851691
11314,7.7959834e-05
33046,0.0059747663
6554,0.00010048838
36345,0.01645166
1213,0.0022068687
49970,0.000109904926
46277,3.2066786e-05
47347,8.809179e-05
18950,0.017492892
38695,0.0038862908
3944,0.020701183
5566,8.2131824e-05
47445,0.00013934595
11822,0.011728616
12255,0.0010400369
12061,0.0070293266
40594,9.548208e-05
51101,0.007395273
24015,0.010456301
17692,0.0002603192
28769,0.00076002796
22025,0.0066231024
37532,0.0013241342
1152,0.009485652
9134,0.00016973962
2510,0.0010689741
36548,0.029129181
9082,0.05306795
17044,0.047474317
11497,2.324554e-05
156,9.524369e-05
9710,0.002210794
40231,0.032089405
35517,0.0029843578
42089,0.0008347126
29174,0.00013064485
26855,0.0007035641
53939,0.00031811898
43360,0.000779325
30498,0.018488456
44098,0.037993558
44112,0.0011653068
20122,0.0063342284
29867,3.3139633e-05
13227,3.0397907e-05
27802,0.00015066919
39073,9.7389246e-05
18244,0.00029571453
48024,0.00088700047
24914,0.0003763921
47479,0.030727154
20796,0.00077539415
52942,0.009571848
45382,0.00010311072
11920,0.00037615377
50323,0.0040798294
36836,0.72114956
52944,0.00022361163
32952,9.059865e-06
9825,1.4714292
14265,4.0411134e-05
18351,0.11198573
28871,8.272783e-05
25760,0.0006118333
20948,0.043361034
35720,5.6026798e-05
34951,0.00030310327
25684,0.0014868644
3864,7.1284616e-05
1006,0.0010806442
19203,6.2225314e-05
6131,0.099264994
18902,0.001755722
28364,0.005581509
18361,0.02198981
21573,0.0026918151
8754,0.0003639989
14879,0.0336173
37938,0.0005220004
5493,0.00013815402
35857,2.399544
46869,0.0011024356
18785,0.00019083587
15074,7.8913436e-05
42662,0.00011920219
46104,0.011623634
47709,0.00015317221
42797,0.00016652151
49869,9.42901e-05
22888,0.11197027
47546,0.00012182447
3272,0.00073429797
4968,0.00096941675
27002,0.0006749736
17240,0.03472557
23512,0.001070165
40788,0.0068818214
42928,0.00076622213
48726,0.0056188502
45038,0.03396466
47492,0.00010561385
43364,0.00064721616
42491,0.00019619924
44011,8.6899796e-05
8369,0.0019651402
33780,0.00037317464
24061,1.7762026e-05
13554,0.00035958976
20705,0.00016640233
28131,0.00020108586
51158,7.3549425e-05
50291,0.024998415
20568,0.074569404
21697,0.0012725835
53386,0.15529114
47369,0.00016091959
44687,0.0033179254
42784,0.010641378
30284,5.471557e-05
32264,0.00047159992
805,0.00031108785
41367,6.842379e-05
12137,9.011816e-05
51419,0.031599104
21629,0.015065576
8729,0.00016401854
9031,0.0012716311
15818,0.0029737796
38222,0.0021803435
40675,9.512449e-05
2092,0.001520669
50642,7.4979835e-05
48645,0.008943617
3170,1.1563234e-05
49990,0.00036566725
2162,0.0028616928
16730,0.0006280357
37976,0.0006145734
50213,0.028720254
46836,0.0006387577
28243,0.0021296695
5464,0.00020013237
33567,0.0001557944
39245,0.0008395961
9756,0.1035408
18949,0.000577164
22401,0.00020787939
16403,0.006438228
44146,0.010943279
15265,0.00033039355
46045,0.0053593293
50655,2.2530301e-05
10596,0.009189453
30398,0.0050094808
31513,0.00015364897
23773,0.0063838605
48914,0.0001752223
50252,0.009753194
7366,9.1667745e-05
34973,9.190614e-05
25911,0.0060263122
28789,0.08972103
5373,7.641024e-05
47768,0.0018801884
14113,0.0013542537
13528,6.651657e-05
3065,0.0012986568
17168,4.8874615e-05
3755,0.0058775926
11327,2.5748875e-05
24976,0.050975956
29652,0.00053689367
48519,4.2914424e-05
44141,0.001419728
31474,5.674201e-05
3904,0.06433068
36272,9.8104436e-05
30904,0.06770916
32270,0.0049884855
16307,0.00015376817
27861,0.1463027
2000,0.0003716255
2950,3.564294e-05
29593,0.17626464
18541,0.017632399
38264,0.0059251143
40537,0.0012502004
27764,0.00038270777
9344,1.3113013e-06
24254,0.00010179955
9817,0.00018547245
46505,0.16280954
11939,0.0101842275
10965,0.00015877417
13127,7.068861e-05
9172,0.0010995778
18078,0.0008283998
26881,0.00014375607
2039,0.0012497242
10328,0.00022897482
19355,0.019169664
25296,0.0013762774
51477,0.00013696209
31231,0.08230249
45496,0.12793857
24919,0.026506413
39575,0.00043120622
22567,0.000105256266
34294,0.00025745892
3941,0.00032562675
14366,0.000646144
20487,0.000234338
19688,0.02952845
9920,0.06485536
47228,0.18386586
51798,0.1679283
14139,0.000117295065
52014,0.59347117
979,7.033101e-05
34714,0.3019703
30205,0.0056316527
22637,0.0005962263
17677,0.0044796118
15542,0.016244316
3709,0.00019596086
13649,0.096926026
34215,0.005040201
36575,0.001342587
16321,1.7046783e-05
13791,3.445089e-05
27578,0.29530194
44974,0.0024635224
41391,5.578839e-05
13778,0.00020263526
40801,7.3072624e-05
30889,0.009826856
28719,0.00013922676
33726,0.12780598
1233,0.00031323294
26284,4.6848152e-05
22872,6.3536536e-05
27645,1.0251946e-05
14023,0.3343704
1884,0.001396753
4746,0.00014387527
770,4.3272037e-05
23458,0.012204493
22408,0.006159134
17441,0.00010203794
50689,0.00015972769
17497,0.1870908
36740,6.2344516e-05
35597,0.00019679517
50477,0.002527973
53770,0.00018916724
27056,0.15909725
34109,0.011216797
7472,0.0037984143
10594,0.0078493245
52147,0.00064054475
17643,0.13414969
22056,0.0047191908
27020,0.034707837
17624,0.6280162
27555,0.029429834
38765,0.006464877
51416,0.0013933007
26103,8.9760564e-05
2838,2.6464111e-05
42645,0.09097514
15172,0.00039259833
47041,0.0075106393
18979,0.008189195
4491,0.003109503
38904,0.0016719423
4169,0.005259724
48130,0.009056324
4092,0.00013588935
52301,0.010196735
7031,0.00039319415
186,0.0003769879
17138,0.001123155
18753,0.0011483987
29001,0.0049093654
21662,0.0004868514
27884,0.010977472
7562,0.000116699084
38316,0.00016938205
43253,0.38187397
42983,0.00089867256
