Train_ID,Score
1,0.01056572375819087
7784,0.0083894282579422
6504,0.007911664200946689
2230,0.007776428014039993
5017,0.007669094949960709
6093,0.007631330285221338
7524,0.007399902446195483
5743,0.007003627251833677
3197,0.006924251560121775
6831,0.006891890894621611
5386,0.006759280571714044
5009,0.0064483643509447575
6191,0.006226517725735903
2974,0.006173163652420044
4915,0.006142689846456051
3641,0.0060584768652915955
3163,0.006018213927745819
3218,0.00597753468900919
3552,0.005822837818413973
1416,0.005820718361064792
7042,0.005764833651483059
5124,0.005654006497934461
4601,0.00562987313605845
7265,0.00557258864864707
3297,0.005549594527110457
1544,0.005489990580826998
6421,0.0054763369262218475
1378,0.005472458899021149
7201,0.005429018521681428
7683,0.005326347891241312
4138,0.005230720620602369
5152,0.0052075935527682304
1900,0.005192829295992851
3221,0.005188649985939264
5749,0.005182609893381596
1838,0.005160544067621231
459,0.00512045668438077
3390,0.005099042085930705
7588,0.004956173710525036
6215,0.00491949450224638
2657,0.004899595398455858
4741,0.004867731360718608
1424,0.0048478939570486546
7133,0.0048468890599906445
7167,0.00479349447414279
3528,0.004787575686350465
4873,0.004785942146554589
2317,0.00476679764688015
2926,0.0047466023825109005
1317,0.004717930220067501
1538,0.004712554160505533
7592,0.0046586389653384686
3136,0.004636854398995638
715,0.004635351710021496
1756,0.004622469889000058
4406,0.004615973914042115
4334,0.004609504947438836
2932,0.004559298511594534
6728,0.004549638368189335
2749,0.004547988064587116
3071,0.004525786265730858
3765,0.00452346121892333
6842,0.004476106725633144
7506,0.004407042637467384
7280,0.004238817607983947
7418,0.004146810621023178
4605,0.004137425217777491
3052,0.004133851733058691
7170,0.004129868699237704
358,0.004122472833842039
7782,0.004122316371649504
3806,0.004095044918358326
1502,0.004063097760081291
1507,0.00405522552318871
2524,0.004008343676105142
2862,0.0040017657447606325
5125,0.004000266781076789
5805,0.003986515570431948
3957,0.0039863314013928175
4862,0.003972125938162208
4323,0.003971939440816641
1199,0.003950393758714199
5230,0.0039343449752777815
4028,0.003934066859073937
7614,0.003927137469872832
1733,0.003925722441636026
4234,0.003914699424058199
2527,0.003911599284037948
5888,0.003899781499058008
3273,0.0038827372482046485
4017,0.003864794271066785
5203,0.0038632829673588276
3086,0.003850496606901288
5433,0.0038192070787772536
7257,0.003798473277129233
6158,0.003794356598518789
2041,0.003746443660929799
2795,0.003746423637494445
2565,0.0037421961314976215
7669,0.0037349346093833447
4826,0.0037341760471463203
7264,0.0037331206258386374
6173,0.0037243490805849433
6487,0.003708358039148152
6724,0.003707063035108149
3950,0.003701958921737969
1306,0.003699801629409194
4397,0.003699137596413493
3021,0.0036963444435968995
3164,0.0036815308267250657
5607,0.00366707774810493
2110,0.0036471385974437
2246,0.0036415986251085997
1968,0.00363341870252043
2018,0.0036279013147577643
4782,0.0036278775660321116
7134,0.0036191295366734266
2261,0.003616484347730875
468,0.0036099599674344063
228,0.0036041405983269215
5061,0.0035947803407907486
5457,0.003588362713344395
4468,0.0035661053843796253
7912,0.0035631905775517225
6201,0.0035593840293586254
4435,0.0035494804615154862
6299,0.0035321105970069766
2128,0.0035178230609744787
4177,0.0035175392404198647
5218,0.00351069332100451
7626,0.0035037443740293384
2860,0.0034910666290670633
7287,0.003484443761408329
1718,0.0034812124213203788
833,0.003475116565823555
4013,0.003470049239695072
2561,0.0034675942733883858
6004,0.003465067478828132
3355,0.0034573085140436888
3098,0.0034566494869068265
2283,0.0034415919799357653
1276,0.0034385108156129718
4428,0.003427938325330615
5538,0.003423040732741356
4047,0.0034103132784366608
6183,0.0033891877392306924
3132,0.0033835601061582565
1288,0.0033772361930459738
3859,0.003373851766809821
7858,0.0033697931794449687
4885,0.0033651996636763215
4860,0.003359902650117874
4469,0.0033494429662823677
1083,0.003338691545650363
3860,0.0033273587469011545
3475,0.0033230363624170423
4320,0.003322525415569544
4853,0.0033222807105630636
812,0.0033215999137610197
3345,0.0033071994548663497
4512,0.0033060313435271382
6045,0.003298609284684062
6667,0.0032966845901682973
3895,0.0032955012284219265
2413,0.0032929767621681094
394,0.0032730582170188427
4876,0.0032693452667444944
3890,0.003255933290347457
3200,0.0032509092707186937
4055,0.0032439923379570246
7577,0.003243832499720156
1752,0.0032362142810598016
621,0.003235227079130709
586,0.0032294128322973847
4179,0.003226772299967706
6683,0.003220569691620767
3178,0.0032203325536102057
6130,0.003219248726963997
1267,0.0032188573386520147
2309,0.003209618618711829
5431,0.003204704262316227
4304,0.0032028949353843927
7112,0.0031900772592052817
7917,0.0031826149206608534
5375,0.0031822826713323593
5669,0.003162998240441084
4987,0.003158973529934883
5692,0.0031583349918946624
4777,0.003151677898131311
5295,0.003149308729916811
2011,0.0031433580443263054
7475,0.0031389857176691294
2777,0.0031357655534520745
6832,0.0031353665981441736
7617,0.003133404301479459
3287,0.003132751095108688
7179,0.003129275981336832
5845,0.003120823879726231
659,0.003113657352514565
4953,0.003102634334936738
6300,0.0030982738826423883
6492,0.003095469204708934
7459,0.0030952594242990017
3011,0.0030901896534487605
3228,0.0030786290299147367
2186,0.0030777056235820055
4045,0.0030760979279875755
6589,0.003067910438403487
5974,0.0030658317264169455
7785,0.0030585216591134667
5942,0.003049966413527727
275,0.003040644689463079
5383,0.0030399017268791795
2442,0.0030391315231099725
6582,0.0030354869086295366
2625,0.0030290972208604217
4959,0.0030243252404034138
6603,0.003020672593265772
4328,0.0030130577506497502
5408,0.0030122437747195363
1080,0.0030086024198681116
1582,0.00300189305562526
3897,0.003000671276822686
6429,0.002998200710862875
4863,0.002998098498210311
3045,0.0029923231340944767
5052,0.0029882759554311633
4531,0.002975675626657903
4786,0.0029734071576967835
5186,0.002972368150949478
494,0.0029665734618902206
4485,0.0029641526052728295
2052,0.0029597207903862
5706,0.0029508551815524697
5422,0.002949510933831334
6764,0.0029464062536135316
2697,0.0029420402133837342
5031,0.0029414226301014423
1974,0.002941231243312359
743,0.002940810867585242
5908,0.002937524113804102
33,0.002933490788564086
7634,0.002927934401668608
7100,0.002924092928878963
1047,0.0029218901181593537
1667,0.002915768651291728
1874,0.002911816816776991
7476,0.00291089725214988
7654,0.0029043257236480713
6523,0.002898856531828642
6162,0.002896946156397462
2007,0.0028962603537365794
3669,0.002892468124628067
1983,0.0028907182859256864
4338,0.0028864062624052167
429,0.0028813693206757307
1061,0.002876145998016
881,0.0028726907912641764
2882,0.0028713331557810307
3149,0.0028685545548796654
7836,0.002864304231479764
2529,0.002855955623090267
256,0.0028464364586398005
79,0.002838352113030851
4593,0.002831129473634064
4904,0.0028283834690228105
7802,0.002821870381012559
6561,0.00281759025529027
4850,0.0028141509974375367
3095,0.0028085975209251046
2784,0.0028080849442631006
1323,0.0028046733932569623
1844,0.002802677918225527
2559,0.00279622501693666
6149,0.002790369326248765
2653,0.0027799172094091773
6020,0.002779370523057878
3955,0.0027784459525719285
477,0.0027781049720942974
2372,0.0027648499235510826
7007,0.0027637190651148558
4250,0.0027577708242461085
288,0.0027573395054787397
5442,0.002750410931184888
1319,0.00274841720238328
7897,0.002747051417827606
5239,0.0027462185826152563
2906,0.002738096402026713
7240,0.0027379627572372556
1450,0.002736757160164416
1919,0.0027361123356968164
92,0.002735994989052415
5536,0.002735398826189339
1363,0.0027298210188746452
6688,0.0027263613883405924
6229,0.0027140213642269373
1865,0.0027104972396045923
7819,0.002691857283934951
6254,0.0026907173451036215
5944,0.002687363768927753
4387,0.0026824160013347864
1206,0.0026792397256940603
6272,0.00267907592933625
3161,0.0026721482863649726
2540,0.002670012414455414
1825,0.0026685944758355618
5308,0.002665123203769326
2245,0.0026629408821463585
1409,0.00265609216876328
2328,0.0026558212703093886
2021,0.0026519494131207466
5499,0.002648164052516222
7799,0.0026479606749489903
1548,0.0026394096203148365
1627,0.002638835459947586
1751,0.0026319214375689626
7593,0.002630764036439359
781,0.0026199890999123454
4555,0.0026193567318841815
4819,0.0026180786080658436
1407,0.0026157069951295853
5174,0.0026152367936447263
7228,0.0026129281613975763
5574,0.0026105819270014763
5190,0.002610143506899476
296,0.002607572707347572
6542,0.002604985609650612
2325,0.0025940100895240903
4273,0.002591867698356509
2472,0.0025912420824170113
4394,0.00259110308252275
3386,0.002590611926279962
2873,0.0025854958221316338
3181,0.0025833984836935997
1579,0.0025798927526921034
4827,0.0025798440910875797
2028,0.002579004387371242
351,0.0025787921622395515
1187,0.0025784894824028015
448,0.0025726049207150936
7656,0.002570992219261825
2899,0.002570327720604837
7514,0.0025692146737128496
3901,0.002569185569882393
3077,0.0025665360735729337
5204,0.0025599977234378457
1673,0.0025583775714039803
2541,0.002556544030085206
7365,0.0025555293541401625
2085,0.0025496744783595204
2778,0.0025489807594567537
6651,0.002547313692048192
517,0.002544070826843381
7111,0.0025395870907232165
18,0.002539364038966596
4722,0.002537601860240102
144,0.0025359441060572863
2913,0.002531516831368208
4674,0.0025314590893685818
3425,0.0025288205360993743
251,0.0025283731520175934
1889,0.002528260345570743
2326,0.002527625299990177
6778,0.0025245908182114363
6494,0.0025234222412109375
3129,0.002522309310734272
7800,0.0025202047545462847
3116,0.0025174805196002126
4539,0.0025171643355861306
5764,0.002516326028853655
5427,0.002511469298042357
1527,0.0025080485502257943
4978,0.002507787779904902
12,0.002507539466023445
82,0.0024957209825515747
7445,0.0024943577591329813
2023,0.0024918238632380962
7787,0.0024776828940957785
7989,0.0024767357390373945
711,0.00247648439835757
2972,0.002472406253218651
1328,0.0024713078746572137
3577,0.0024699922651052475
4154,0.0024690261343494058
5397,0.002467889804393053
3307,0.002467387937940657
4226,0.002466947538778186
719,0.0024653010768815875
1007,0.002464780234731734
4122,0.002464677789248526
3785,0.0024640640476718545
2416,0.0024639409966766834
7931,0.0024582003243267536
4162,0.0024547220673412085
5148,0.0024531770031899214
2957,0.00245302717667073
3487,0.00245301250834018
7951,0.002451139152981341
5882,0.002448880230076611
7231,0.0024482663720846176
6441,0.0024469930212944746
3798,0.00243857956957072
4733,0.002437999122776091
7918,0.0024368305457755923
76,0.00243515451438725
1996,0.0024287800770252943
4477,0.0024250787682831287
1616,0.0024246490793302655
2794,0.002422866178676486
784,0.002420776174403727
7512,0.0024168271338567138
6204,0.0024160072207450867
3531,0.002415844821371138
4737,0.0024119929876178503
1961,0.0024119459558278322
3888,0.0024118886794894934
6407,0.0024082768941298127
3839,0.0024078432470560074
2632,0.002406349405646324
1773,0.0024062589509412646
2445,0.0024056434631347656
5906,0.0024049737257882953
7427,0.0024048853665590286
918,0.002403052872978151
1140,0.002402492333203554
197,0.002400420024059713
636,0.002400221535935998
4187,0.0023984701838344336
5678,0.0023981378180906177
194,0.002396804396994412
7747,0.002395159797742963
3754,0.0023881852393969893
1341,0.002381130587309599
4405,0.0023806560784578323
1040,0.002380071789957583
7540,0.0023800296476110816
3434,0.0023794505978003144
6957,0.002378893783316016
2251,0.002377405995503068
5720,0.0023768548853695393
1320,0.002374031348153949
5946,0.0023700627498328686
2016,0.00236978882458061
4707,0.0023683743784204125
5530,0.002368277288042009
2176,0.0023649269714951515
5557,0.0023643234744668007
5171,0.0023631444200873375
6567,0.0023614163510501385
7027,0.0023600602289661765
4554,0.0023596875835210085
3162,0.0023557208478450775
6644,0.002355135278776288
3573,0.0023538421373814344
5113,0.002351372269913554
2861,0.002350993570871651
1852,0.0023487634025514126
4183,0.002345235086977482
1747,0.0023427867563441396
3655,0.0023419056087732315
7731,0.002339006750844419
7407,0.0023352658608928323
1719,0.0023319516330957413
3457,0.002331359894014895
6157,0.002330693881958723
7303,0.0023306594230234623
2854,0.002329733455553651
434,0.002329572685994208
1018,0.0023294605780392885
5149,0.0023287899093702435
6848,0.002324561937712133
4644,0.0023230197839438915
4291,0.0023221313022077084
4211,0.0023198409471660852
3344,0.0023179544368758798
6717,0.0023159332340583205
3078,0.0023140734992921352
4054,0.002314018434844911
7032,0.0023114627692848444
6878,0.002310934942215681
6693,0.0023108416935428977
1559,0.0023079750826582313
4553,0.0023073841584846377
5087,0.0023041332606226206
4149,0.0023029540898278356
3961,0.0022981694201007485
1735,0.002297411672770977
2746,0.0022972197039052844
383,0.002295195823535323
6378,0.0022949506528675556
6346,0.002291126875206828
7999,0.0022904472425580025
6303,0.00229017052333802
4960,0.0022899002069607377
6508,0.002286213682964444
1522,0.0022855737479403615
670,0.002281902125105262
914,0.0022816744167357683
3157,0.002280706074088812
57,0.0022804554319009185
1523,0.002277532359585166
5220,0.0022745151072740555
1875,0.002273345016874373
1271,0.0022723873844370246
1009,0.002271474339067936
2,0.0022708410397171974
523,0.002268943819217384
4954,0.0022678638342767954
6501,0.0022667875746265054
740,0.0022659902460873127
464,0.00226492912042886
6178,0.0022586904233321548
5831,0.002258561667986214
4376,0.002256307634525001
1585,0.0022508908296003938
4677,0.002249059733003378
480,0.0022477966267615557
500,0.0022477665916085243
5278,0.002247278345748782
6340,0.002243147697299719
1402,0.0022429493255913258
5859,0.0022404714254662395
681,0.002238242654129863
2044,0.0022361011942848563
5409,0.0022345276083797216
4289,0.0022340278374031186
2798,0.002231115475296974
5429,0.002228992059826851
4899,0.002227337332442403
5763,0.002226955839432776
6479,0.0022258537355810404
6806,0.00222507631406188
7994,0.002224310301244259
848,0.0022225906141102314
3189,0.0022216730285435915
4389,0.0022149855503812432
4127,0.0022114486200734973
969,0.0022101375507190824
4482,0.0022095124004408717
4210,0.002209383761510253
2624,0.0022085129749029875
855,0.002206337754614651
6230,0.0022058127215132117
5804,0.002203813288360834
4343,0.0022020284086465836
2893,0.002200127812102437
1857,0.002198628499172628
7237,0.002196942688897252
3048,0.002196040004491806
789,0.002195395529270172
745,0.0021950609516352415
4420,0.0021943789906799793
3476,0.0021931709488853812
1227,0.002188360085710883
3647,0.0021878707921132445
225,0.002184989396482706
6363,0.002184443292208016
4200,0.0021826360607519746
3632,0.002181118819862604
1578,0.0021792446495965123
7272,0.002177372109144926
895,0.0021752541651949286
1113,0.00217506499029696
876,0.0021739337826147676
3873,0.0021721827797591686
7625,0.002171374508179724
3516,0.002170500927604735
750,0.002170357620343566
3414,0.0021684415405616164
2058,0.0021675461903214455
5971,0.002167514350730926
514,0.0021671755239367485
1811,0.0021651159040629864
4030,0.0021646718960255384
7772,0.0021643933141604066
4739,0.0021641586208716035
6333,0.002163406112231314
948,0.00216311844997108
4800,0.0021623645443469286
6571,0.0021622300846502185
6115,0.0021619134349748492
133,0.002161866403184831
7039,0.0021609824616461992
5674,0.0021607939852401614
1278,0.0021587377414107323
3722,0.0021568223601207137
2205,0.0021554172271862626
7035,0.0021549162920564413
4525,0.00215482572093606
440,0.0021545409690588713
2210,0.00215393234975636
4214,0.0021535417763516307
6284,0.0021534927655011415
1419,0.002153491019271314
3852,0.0021529842633754015
336,0.0021515560802072287
2179,0.002150754793547094
2153,0.0021506419871002436
1975,0.0021505235927179456
7174,0.002148402272723615
4150,0.002146131475456059
4386,0.002143746125511825
7587,0.0021428087493404746
6789,0.0021400507539510727
7817,0.002139551332220435
6443,0.0021363525884225965
5224,0.0021357727237045765
2820,0.0021330565214157104
6159,0.002132139168679714
1596,0.0021311750169843435
305,0.0021309895673766732
5570,0.002130052074790001
1546,0.0021285549737513065
273,0.0021259511122480035
6737,0.002123958198353648
3532,0.0021222811192274094
4950,0.0021220179623924196
3215,0.0021194729488343
4053,0.0021183989010751247
3293,0.0021176155423745513
1770,0.0021154930582270026
834,0.0021124238846823573
3227,0.0021116395946592093
6566,0.002110116765834391
1591,0.0021096360869705677
5498,0.0021095729898661375
5253,0.002107930136844516
4797,0.0021053003147244453
218,0.0021043417509645224
5900,0.002103094826452434
4834,0.0021028926130384207
6428,0.002100730547681451
5735,0.0020998013205826283
4312,0.0020990113262087107
3090,0.0020979209803044796
1071,0.0020945383002981544
5082,0.0020935916109010577
1036,0.0020933346822857857
5534,0.002092965296469629
7178,0.002091567264869809
4981,0.0020908393198624253
782,0.002090325579047203
2280,0.0020893935579806566
3481,0.0020888998406007886
5925,0.002088581444695592
2543,0.0020881654927507043
6557,0.0020881013479083776
2101,0.002087795175611973
3383,0.0020861306693404913
5170,0.0020825606770813465
5689,0.0020813916344195604
4262,0.002080842386931181
2463,0.002079935627989471
427,0.00207631743978709
5769,0.0020747254602611065
2504,0.002074109041132033
4081,0.0020709269447252154
3356,0.002070153132081032
3878,0.0020675439154729247
2944,0.002067226101644337
5721,0.0020665107294917107
5719,0.0020655852276831865
3985,0.002064840169623494
7005,0.002064744709059596
1406,0.002063802327029407
1362,0.0020633551757782698
6298,0.0020630976650863886
1188,0.0020606876933015883
7981,0.002060542581602931
7542,0.002060476108454168
3923,0.002060346072539687
1300,0.0020603204611688852
1155,0.0020572703797370195
5262,0.002057268633507192
6623,0.0020565390586853027
2638,0.002055810415185988
3361,0.002055280958302319
3816,0.002053724369034171
1360,0.002052230993285775
5340,0.00205148383975029
3701,0.0020489698508754373
5486,0.002048947149887681
5105,0.0020483980188146234
26,0.002046926412731409
4157,0.002046264009550214
5709,0.0020450904266908765
5849,0.0020447339047677815
3622,0.002044486813247204
5993,0.0020438835490494967
7534,0.002043592743575573
7707,0.002042872947640717
1514,0.002039203653112054
2940,0.0020388696575537324
4828,0.0020387755939736962
2719,0.0020387230906635523
7502,0.0020380893256515265
1397,0.0020358734764158726
1257,0.002035654615610838
872,0.0020350325503386557
4241,0.002034950419329107
5322,0.002033679746091366
7904,0.002033540979027748
6203,0.002032686723396182
832,0.0020322526106610894
6798,0.002031268668361008
2355,0.0020311138359829783
965,0.0020292787812650204
3686,0.0020249547669664025
7075,0.0020238589495420456
1927,0.0020224706968292594
2752,0.0020166237372905016
7325,0.0020163130247965455
1093,0.0020160761196166277
25,0.002015908481553197
6409,0.0020150095224380493
140,0.002014011610299349
5080,0.002013933379203081
6849,0.002013842109590769
6712,0.002013679128140211
3760,0.002013011835515499
639,0.002012312295846641
1460,0.002010363677982241
6519,0.002008335664868355
1285,0.002006375347264111
6450,0.0020048738224431872
2369,0.002002758556045592
4303,0.002000009990297258
424,0.0019976822659373283
2753,0.0019966471008956432
2946,0.0019946028478443623
1553,0.0019917754689231515
7517,0.001991159748286009
7197,0.0019885976798832417
1239,0.0019880138570442796
1622,0.001985806680750102
758,0.001984393340535462
6677,0.001983441994525492
1314,0.0019802130991593003
6343,0.001978535787202418
4155,0.0019781203009188175
5843,0.001977854408323765
4249,0.0019767251797020435
421,0.0019758534617722034
5355,0.001975726569071412
7489,0.0019746117177419364
6530,0.001973477890715003
3055,0.001973366248421371
5085,0.0019724261364899576
4438,0.001972181024029851
1513,0.0019717756658792496
1994,0.001971018558833748
5956,0.001969490433111787
5072,0.0019659941899590194
5569,0.00196457770653069
5078,0.0019624538836069405
4832,0.001961100904736668
6837,0.0019600039813667536
7439,0.0019598749931901693
2329,0.001958231907337904
879,0.0019581059459596872
4039,0.0019570133881643414
684,0.0019569715950638056
3570,0.001956614258233458
1132,0.001954910811036825
6933,0.001953463244717568
559,0.0019533175509423018
7018,0.0019529223209246993
5120,0.0019529013079591095
5533,0.0019523927476257086
4719,0.0019513923325575888
1533,0.0019503869116306305
37,0.0019495850428938866
7349,0.001949397730641067
3720,0.0019488355610519648
5752,0.0019467531237751245
2297,0.0019454200519248843
1461,0.0019446879159659147
4125,0.0019435955327935517
3762,0.001943441340699792
3261,0.001942938193678856
2896,0.0019420937169343233
7663,0.00194208457833156
3317,0.0019415903952904046
4906,0.0019409015658311546
3406,0.0019402977777644992
5107,0.0019393613911233842
706,0.0019391542300581932
6879,0.001937254739459604
3473,0.0019365360494703054
2808,0.0019353022798895836
1820,0.0019352048984728754
6658,0.0019351039081811905
3405,0.00193380459677428
1058,0.0019332177471369505
7384,0.00193242629757151
7138,0.0019322100561112165
65,0.0019319754792377353
5140,0.0019315881072543561
6763,0.0019282582798041403
1131,0.0019282065331935883
6106,0.0019262294517830014
5281,0.0019259373657405376
6648,0.0019251519697718322
4809,0.0019239946268498898
2190,0.001923120697028935
4410,0.0019222330302000046
3274,0.0019219457171857357
7666,0.0019217609660699964
286,0.0019215986249037087
3500,0.0019213338382542133
327,0.0019204741111025214
7263,0.0019202219555154443
118,0.0019195466302335262
4049,0.0019195118802599609
4706,0.0019193044863641262
2482,0.001915872620884329
7576,0.0019145712722092867
703,0.0019141595112159848
4938,0.0019140357035212219
7561,0.0019138341303914785
103,0.001910013786982745
2459,0.001909800514113158
4818,0.001909379381686449
6958,0.0019090636633336544
3709,0.0019088418339379132
4604,0.0019084290834143758
2362,0.0019080161582678556
6921,0.001907988335005939
3636,0.0019071561400778592
2434,0.00190509989624843
2047,0.0019040697370655835
592,0.0019038041937164962
2151,0.001903207041323185
7882,0.001902199350297451
995,0.0019006142392754555
4182,0.0019001784385181963
5021,0.0018988095689564943
1479,0.0018984556663781404
104,0.0018977905856445432
3126,0.0018971414538100362
7381,0.0018966939533129334
2641,0.001896619622129947
23,0.0018942449241876602
1192,0.0018929162179119885
7948,0.0018920424627140164
4574,0.001891821448225528
4721,0.001891705032903701
815,0.0018914350657723844
7319,0.0018910267390310764
223,0.0018902698066085577
978,0.0018890495412051678
3480,0.001888032304123044
1843,0.0018876480753533542
4093,0.001887105405330658
2939,0.0018868385814130306
4340,0.0018866954487748444
633,0.001884632045403123
1054,0.0018844038713723421
4043,0.0018837311072275043
5541,0.0018835010123439133
5513,0.0018834564834833145
2027,0.001883041812106967
5134,0.001882782205939293
1290,0.0018825066508725286
3367,0.001882203621789813
6327,0.0018804938881658018
6241,0.0018795981304720044
5197,0.0018782896222546697
638,0.0018782462575472891
6920,0.0018776722718030214
1228,0.0018755854107439518
4745,0.0018738913349807262
1164,0.0018733441829681396
3341,0.001872412278316915
7053,0.0018722382374107838
1792,0.0018716385820880532
3108,0.0018712574965320528
6070,0.0018711675074882805
845,0.0018706035916693509
408,0.0018700870568864048
3956,0.0018700241344049573
2927,0.001869002531748265
393,0.0018688095733523369
5597,0.0018678250489756465
4694,0.0018671013531275094
5302,0.001866101287305355
4755,0.0018645115778781474
120,0.001863364945165813
6601,0.0018627552199177444
2498,0.0018611392006278038
7814,0.0018593764398247004
6362,0.0018584545468911529
5679,0.001858128176536411
2526,0.0018574571004137397
4667,0.0018573604756966233
489,0.0018572775879874825
1925,0.001856188871897757
7850,0.001855907728895545
7791,0.0018535490962676704
2768,0.00185312086250633
6662,0.0018525990890339017
7720,0.001852076267823577
4036,0.0018518402357585728
603,0.0018509936635382473
2742,0.001850911881774664
5932,0.0018502441816963255
4461,0.0018501576269045472
4662,0.0018488232744857669
1799,0.0018481495208106935
3382,0.001847169827669859
7276,0.0018463594024069607
2132,0.0018458669073879719
7594,0.0018444793531671166
2394,0.001843961828853935
7034,0.001843811885919422
2414,0.00184349634218961
5545,0.0018434500670991838
2716,0.0018432297511026263
3941,0.001843136444222182
6069,0.0018423517467454076
5217,0.0018400597618892789
2872,0.0018391864141449332
2236,0.0018372777849435806
2002,0.0018366386066190898
7254,0.0018361869733780622
6413,0.001835832023061812
1876,0.001835618750192225
7166,0.00183521508006379
1680,0.0018350007594563067
5830,0.0018341037211939692
1617,0.0018339354428462684
95,0.0018316846108064055
7021,0.0018312556203454733
534,0.001830561668612063
927,0.0018302577082067728
6965,0.0018294565961696208
7328,0.001828781794756651
3376,0.0018276944174431264
2968,0.0018268943531438708
3325,0.0018264840473420918
4299,0.0018256717594340444
3958,0.0018255488248541951
321,0.0018247980042360723
2480,0.0018231522990390658
3440,0.001822722319047898
726,0.001822477555833757
7246,0.001820906822104007
1988,0.0018208558321930468
2294,0.001819776138290763
5471,0.0018189012771472335
1088,0.0018168389797210693
1725,0.0018137989100068808
131,0.001813231036067009
6772,0.0018131344695575535
481,0.0018126010545529425
718,0.0018113680416718125
7739,0.001810051966458559
4050,0.0018100341549143195
2793,0.001809526642318815
2323,0.0018088629003614187
3675,0.0018085190677084029
2432,0.001808268716558814
5260,0.0018079024739563465
2134,0.0018078172579407692
6224,0.0018072144011966884
3299,0.0018071001977659762
2558,0.0018068967619910836
2403,0.001806173415388912
4168,0.001805704610887915
2536,0.0018056158442050219
5453,0.0018055664841085672
4423,0.0018050132202915847
1692,0.0018029256607405841
7412,0.0018020427087321877
1695,0.0018013891531154513
4225,0.001801211852580309
5004,0.0017989192274399102
7421,0.0017972414498217404
5575,0.0017970797489397228
162,0.0017964153084903955
7409,0.0017958646640181541
2907,0.001794599462300539
5048,0.0017945542931556702
6745,0.001793751958757639
3883,0.0017930105095729232
4001,0.0017927636508829892
2046,0.0017925268621183932
1824,0.001792240480426699
2914,0.0017912425682879984
4526,0.001790394657291472
6433,0.0017889526789076626
1916,0.0017884738626889884
7465,0.0017883428372442722
4373,0.001787633984349668
5240,0.001786799868568778
2702,0.0017849907162599266
7339,0.001784742809832096
3633,0.0017845698166638613
6023,0.0017830069991759956
370,0.0017827499541454017
1019,0.0017823470407165587
3580,0.0017819545464590192
1446,0.001781018334440887
5177,0.001779958140105009
7674,0.0017791727441363037
5370,0.001779017096851021
1465,0.0017774623702280223
2827,0.0017767618410289288
4847,0.0017757348250597715
5778,0.0017743833595886827
3290,0.001774185977410525
4142,0.0017729418468661606
2910,0.0017721204785630107
7573,0.0017719138995744288
105,0.0017711952677927911
2531,0.001771114009898156
831,0.0017705339705571532
2424,0.0017682791221886873
1722,0.001767825218848884
5654,0.0017675303388386965
1856,0.0017673722468316555
4195,0.001766987144947052
4570,0.0017668951186351478
5935,0.001766796805895865
6615,0.0017658619326539338
84,0.0017658300348557532
3894,0.0017645895713940263
6309,0.00176426547113806
3497,0.001764118147548288
4022,0.001764062442816794
901,0.001764020707923919
862,0.0017635913682170212
925,0.0017632677336223423
1072,0.0017626039334572852
24,0.0017624978790991008
1050,0.0017619943246245384
909,0.001761582912877202
808,0.0017615443211980164
511,0.0017614826210774481
3934,0.0017597763217054307
116,0.0017591610667295754
2650,0.0017588901100680232
5412,0.0017576436512172222
4434,0.001756660407409072
4609,0.0017566268215887249
5264,0.001756361685693264
6042,0.0017557776882313192
6690,0.0017554768128320575
5166,0.0017554122023284435
4098,0.0017553045763634145
4060,0.0017550538759678602
7820,0.0017543983412906528
4172,0.0017538578831590712
6261,0.001752867188770324
2437,0.001750900351908058
2920,0.0017503402195870876
55,0.001750121358782053
7641,0.001749656512401998
160,0.0017495445208624005
1828,0.001748689915984869
3882,0.0017478036461398005
3396,0.0017473047482781112
6146,0.001746312715113163
2158,0.0017462356481701136
708,0.0017461139359511435
7082,0.00174595759017393
16,0.001745879533700645
4369,0.0017453596228733659
1866,0.0017442841781303287
7938,0.0017428232822567225
1558,0.0017425943515263498
3608,0.0017424916150048375
2095,0.0017421783413738012
1907,0.0017401162767782807
1138,0.001739835541229695
7292,0.0017395917093381286
2955,0.0017394920578226447
4422,0.0017389384447596967
1766,0.001738406135700643
3047,0.0017380120698362589
1602,0.001736787788104266
5133,0.00173670967342332
2231,0.0017366708489134908
975,0.0017358659533783793
1247,0.001735730329528451
692,0.0017344143707305193
7694,0.001734241028316319
3066,0.0017339296755380929
874,0.0017336977180093527
4223,0.0017336919554509223
6779,0.0017331542330794036
775,0.0017328542307950556
4082,0.0017320933984592557
6873,0.0017320868792012334
3917,0.0017314183060079813
2841,0.0017308936803601682
2150,0.0017304362845607102
5405,0.0017277287552133203
6697,0.0017268594820052385
3229,0.0017262801411561668
5232,0.0017261782195419073
7921,0.0017261228058487177
5691,0.001725603360682726
2499,0.0017252437537536025
6486,0.0017238286091014743
6377,0.0017233765684068203
1296,0.0017230917001143098
3309,0.0017226939089596272
1736,0.0017222658498212695
2684,0.0017209500074386597
778,0.0017206540214829147
1041,0.0017205003532581031
4919,0.001719890395179391
5997,0.001719765947200358
883,0.001719464547932148
1222,0.0017189696081914008
1959,0.0017184048774652183
2006,0.001718248298857361
7698,0.0017172080697491765
1915,0.0017167748883366585
329,0.0017163753509521484
3028,0.001714609155897051
4921,0.0017142193391919136
5411,0.001713843725156039
1494,0.001713551755528897
6465,0.001711599645204842
125,0.001710754819214344
382,0.0017103992286138237
169,0.001710224139969796
984,0.001710181008093059
7961,0.00171007146127522
840,0.0017093108617700636
5227,0.0017084740102291107
2984,0.0017072476912289858
3310,0.0017071653273887932
4738,0.001707091461867094
4695,0.0017067418666556478
2161,0.0017057317891158164
93,0.0017054557683877647
6092,0.0017051154864020646
683,0.0017044970882125199
4685,0.0017041592509485781
5025,0.001704073278233409
1144,0.0017035425407812
1264,0.0017025809502229095
239,0.0017024068511091173
6791,0.0017016674974001944
4481,0.0017007876886054873
5989,0.001700695022009313
961,0.0016999996732920408
6846,0.0016998786595650017
6564,0.0016996225458569825
2731,0.0016985054826363921
5062,0.0016970475553534925
3868,0.0016969244461506605
196,0.0016968930140137672
7581,0.0016968345735222101
3702,0.0016965654795058072
10,0.0016962054069153965
4567,0.0016961761866696179
2331,0.001695829618256539
1376,0.0016958037158474326
195,0.0016950586577877402
6103,0.0016949840355664492
5577,0.0016937816399149597
2418,0.0016930700512602925
6818,0.0016930332058109343
6536,0.0016926254029385746
1898,0.0016925398958846927
1531,0.0016920631169341505
3912,0.0016913494328036904
722,0.0016904320800676942
1581,0.0016901735798455775
748,0.0016888327663764358
1161,0.0016880586044862866
6653,0.0016874552238732576
6987,0.0016874376451596618
3743,0.0016868970706127584
6685,0.0016857122536748648
562,0.0016848426312208176
6518,0.0016844554338604212
4523,0.0016838546725921333
1123,0.001682849950157106
7991,0.0016827142680995166
4035,0.001682330563198775
4067,0.0016819968586787581
5309,0.001681848312728107
4198,0.001681390218436718
6145,0.001680780085735023
6268,0.0016803084290586412
3395,0.001679339271504432
3741,0.0016792935784906149
1377,0.001678798405919224
2312,0.00167867197887972
5235,0.0016782243037596345
4893,0.0016779573634266853
1381,0.0016777105629444122
544,0.0016764082829467952
420,0.001676166313700378
6580,0.0016759673017077148
2384,0.0016757040284574032
6521,0.0016755128162913024
7697,0.0016753746313042939
2274,0.001675163395702839
47,0.0016730012139305472
7661,0.0016716636018827558
6945,0.0016715776873752475
4734,0.0016712832148186862
2258,0.0016708745388314128
5663,0.0016708592884242535
4424,0.0016706727910786867
907,0.001670486992225051
933,0.0016702688299119473
667,0.0016698932740837336
2142,0.001668379525654018
1463,0.0016682848217897117
7983,0.0016681557754054666
4977,0.00166802026797086
7591,0.0016673163627274334
2894,0.001667115488089621
3933,0.0016665409202687442
1034,0.0016664924332872033
4660,0.0016664144932292402
4302,0.0016659424873068929
4781,0.0016658765962347388
7635,0.0016655754880048335
5550,0.0016654475475661457
7326,0.001664776646066457
6994,0.0016646290314383805
7426,0.0016640389803797007
249,0.0016635862411931157
4703,0.0016635651118122041
4265,0.001663199975155294
7090,0.0016629620222374797
5885,0.0016627892036922276
7967,0.001662753231357783
1798,0.0016625483985990286
2829,0.0016619840171188116
2206,0.0016616638749837875
6592,0.0016609440790489316
5671,0.0016607652651146054
5767,0.0016601933166384697
7394,0.001660069974604994
5632,0.0016598282381892204
2980,0.001659220433793962
7296,0.001659075089264661
3763,0.0016590364393778145
6885,0.0016585041303187609
4648,0.0016576190828345716
2313,0.0016575194895267487
7543,0.0016575026675127447
7321,0.0016574555193074048
4143,0.0016555837937630713
2091,0.0016552950255572796
5562,0.0016544306417927146
5154,0.0016543380334042013
1810,0.0016542476369068027
6098,0.0016533753369003534
4699,0.0016532447189092636
1398,0.0016530657303519547
5362,0.0016527941916137934
3491,0.0016524155507795513
5028,0.0016523933154530823
1476,0.0016517344047315419
7811,0.001651610480621457
6750,0.001651374506764114
1043,0.0016509122797288
6743,0.0016507628024555743
6828,0.0016482101054862142
7688,0.0016481240163557231
4594,0.0016475114389322698
2343,0.0016473308205604553
7877,0.0016458449536003172
4417,0.0016457983874715865
2744,0.0016455944860354066
4857,0.0016455061850138009
7177,0.001645468408241868
1134,0.0016454262658953667
5007,0.0016451257979497313
2824,0.0016449698014184833
395,0.001644642441533506
7520,0.00164463504916057
137,0.0016446163645014167
6163,0.0016443548956885934
6857,0.0016435608849860728
3826,0.0016431313124485314
2633,0.0016428524977527559
2083,0.001642333809286356
2239,0.0016421137261204422
6404,0.0016414971323683858
4681,0.0016414367128163576
5934,0.0016406364156864583
900,0.0016404798370786011
3618,0.0016404722700826824
6243,0.0016400584718212485
2113,0.0016398268635384738
2555,0.0016396685387007892
3339,0.0016372478567063808
4219,0.001637031207792461
2880,0.001636964618228376
5094,0.001636736560612917
788,0.0016366689233109355
1962,0.001636233413591981
447,0.0016360798617824912
54,0.0016357488930225372
6929,0.0016355208354070783
5784,0.0016352567472495139
4395,0.0016351771773770452
5180,0.001635060179978609
2780,0.001635027991142124
2773,0.0016331361257471144
2866,0.0016330340877175331
3637,0.0016328591736964881
3054,0.0016323720337823033
2645,0.0016317732515744865
100,0.001631333027034998
3135,0.0016312994994223118
754,0.0016310277860611677
6388,0.0016305095632560551
2668,0.001630288956221193
3931,0.0016286703175865114
2411,0.0016272627981379628
1635,0.0016270352061837912
4665,0.0016268111066892743
7165,0.001624787924811244
2484,0.0016246479353867471
4453,0.0016245501465164125
846,0.00162450346397236
5896,0.0016242922865785658
7284,0.0016242373967543244
6046,0.0016234968206845224
3546,0.001622161827981472
1190,0.0016221370897255838
3541,0.0016220933175645769
7529,0.0016220294055528939
142,0.0016214734059758484
414,0.0016208324814215302
48,0.001620532653760165
1102,0.0016203069244511425
6981,0.0016202882397919893
366,0.0016195059288293123
738,0.0016191911417990923
248,0.001618758135009557
3550,0.0016182028921321034
1503,0.0016178200021386147
3060,0.0016176911303773522
5835,0.0016170084127224982
7343,0.0016163416439667344
1964,0.0016156701603904366
6358,0.0016150975716300309
5070,0.0016150957089848816
7597,0.0016150395385921001
5516,0.0016146660782396793
1682,0.001614510256331414
2764,0.0016142554813995957
7327,0.0016139819053933024
6777,0.0016130360891111195
7202,0.0016128509305417538
3510,0.0016127413837239146
7282,0.0016124856192618608
6050,0.0016121327644214034
40,0.0016115610487759113
6354,0.0016111877048388124
4910,0.0016107035335153341
3179,0.001610655919648707
1918,0.001610098232049495
4009,0.0016098375199362636
3436,0.0016098138294182718
6097,0.0016095552127808332
5440,0.0016095356550067663
4513,0.001609468599781394
5138,0.0016092820442281663
6891,0.0016087988624349236
6995,0.001608552469406277
1517,0.0016084117232821882
352,0.0016072327853180468
3670,0.0016072027501650155
1732,0.0016070971614681184
5826,0.0016069738194346428
7227,0.0016069099074229598
4454,0.0016066513489931822
2546,0.001606547157280147
2662,0.0016064709634520113
3320,0.0016064196825027466
1670,0.0016061089700087905
5251,0.0016057956381700933
4678,0.001604714256245643
465,0.0016043360228650272
769,0.0016039391048252583
5492,0.0016034021391533315
7550,0.0016033242573030293
5353,0.0016030016704462469
3279,0.00160189502639696
7965,0.0016017478192225099
5329,0.0016005386132746935
3588,0.0016003201599232852
174,0.0016001203330233693
4495,0.0015995941939763725
3347,0.0015994046698324382
6332,0.0015993747510947287
2733,0.0015985589707270265
4861,0.001598238421138376
3128,0.0015980361495167017
6951,0.0015973425470292568
3755,0.0015972082037478685
1547,0.0015970958629623055
4462,0.0015968463849276304
2985,0.0015962020261213183
6226,0.0015961317694745958
3127,0.0015961105818860233
2365,0.0015959956217557192
723,0.001595835026819259
548,0.0015949865337461233
7368,0.0015948882210068405
404,0.0015948699438013136
5119,0.0015944195329211652
2552,0.0015943244798108935
5823,0.0015939437435008585
6167,0.0015939127188175917
6823,0.0015938039869070053
4040,0.0015937619027681649
2588,0.0015934647526592016
1136,0.0015934520633891225
2918,0.0015932052629068494
2905,0.0015925447223708034
6384,0.001592096989043057
1904,0.0015919571742415428
5123,0.0015917893615551293
1204,0.0015917288837954402
4970,0.0015917241689749062
3437,0.0015914427349343896
2030,0.0015914057730697095
915,0.0015912926173768938
2799,0.001590682368259877
1084,0.0015906401094980538
7968,0.0015904800966382027
1845,0.0015902133309282362
5933,0.001589413732290268
3087,0.001589268329553306
2840,0.0015883802552707493
4842,0.0015879630809649825
526,0.0015876435791142285
6985,0.0015876049874350429
5710,0.0015875655808486044
6947,0.0015867877518758178
4931,0.0015865451423451304
6613,0.0015854716184549034
3508,0.0015847058966755867
2887,0.001583378529176116
6627,0.0015830810880288482
3602,0.0015829826588742435
461,0.0015827863826416433
5991,0.00158258609008044
388,0.001582511409651488
5360,0.001582092372700572
7972,0.0015809714677743614
2232,0.0015807527815923095
7279,0.001580118085257709
3845,0.0015801030676811934
4543,0.001579172327183187
608,0.0015789666795171797
205,0.0015786109142936766
2223,0.0015785522991791368
5880,0.0015784522402100265
3096,0.0015773435588926077
3905,0.0015772892511449754
4510,0.0015771228936500847
7311,0.0015770053141750395
2580,0.001576536218635738
3281,0.0015759836533106863
2421,0.001575810369104147
7122,0.0015747974393889308
6090,0.001574144116602838
6810,0.001573973218910396
1202,0.0015738201909698546
3250,0.0015735565102659166
4556,0.001573403482325375
2503,0.0015731973107904196
7050,0.0015728783328086138
2098,0.0015728103462606668
1457,0.0015727640129625797
6527,0.0015722311800345778
5378,0.0015721417730674148
2402,0.0015719947405159473
6472,0.001571635133586824
3514,0.0015714113251306117
3141,0.001570887747220695
7076,0.0015700907679274678
6175,0.0015695978654548526
7704,0.0015693518216721714
2771,0.0015683608944527805
4314,0.0015682860394008458
2307,0.0015676540788263083
6940,0.0015669994754716754
3416,0.001566783874295652
3064,0.0015667605912312865
1420,0.0015664916718378663
7569,0.0015661800280213356
5477,0.0015660982462577522
1488,0.0015659087803214788
602,0.0015655218157917261
7434,0.0015651331632398069
774,0.001564599690027535
4564,0.001564441656228155
1487,0.0015641997451893985
4335,0.0015636582975275815
7685,0.0015635278541594744
1045,0.0015630869893357158
4032,0.001562928082421422
2341,0.001561685698106885
820,0.0015614270232617855
5740,0.0015613767318427563
4491,0.0015612892457284033
2410,0.0015612630522809923
3288,0.001561171724461019
5975,0.0015610010595992208
4436,0.0015607857494615018
6898,0.0015607094974257052
3146,0.0015606937231495976
736,0.0015605392982251942
2776,0.0015605083317495883
4256,0.0015602572821080685
1064,0.0015598262543790042
893,0.0015595759614370763
7069,0.001559122116304934
3707,0.001558814023155719
5219,0.0015586803783662617
1429,0.0015584189677610993
4713,0.0015582096530124545
905,0.0015581237385049462
283,0.001557618787046522
611,0.001557482872158289
6872,0.001557041541673243
1497,0.001556837116368115
7998,0.0015559983439743519
3788,0.001555672090034932
6410,0.001555557711981237
5201,0.0015548237133771181
6500,0.0015548085793852806
4281,0.0015545530477538705
4494,0.0015545350615866482
1839,0.0015544768539257348
5407,0.0015540716703981161
2691,0.0015536830760538578
680,0.0015535943675786257
3329,0.001552517234813422
2009,0.0015522964531555772
5910,0.001552117639221251
1776,0.0015515444101765752
356,0.0015505736228078604
4732,0.0015503086615353823
1615,0.0015502356691285968
3478,0.0015500755980610847
6973,0.0015499298460781574
4073,0.0015499071450904012
1731,0.0015489578363485634
4759,0.0015481188893318176
5067,0.0015480031142942607
3875,0.0015475887921638787
6366,0.0015467040939256549
4151,0.0015459288842976093
2008,0.001545898907352239
3545,0.0015455290558747947
2366,0.001545370148960501
1861,0.0015453458181582391
7632,0.0015444988384842873
3289,0.0015436617541126907
5100,0.0015432179206982255
946,0.0015429056365974247
391,0.001542853657156229
7775,0.0015426252502948046
2930,0.0015426145400851965
5936,0.0015425293240696192
6562,0.0015424201264977455
2936,0.0015412974171340466
5432,0.0015408314648084342
682,0.0015405294252559543
6374,0.0015399554977193475
1501,0.0015398129471577704
5579,0.0015395947266370058
1345,0.0015390434418804944
4209,0.0015384958242066205
88,0.0015382225392386317
3864,0.0015367217129096389
6747,0.0015362034318968654
6539,0.0015358335222117603
4363,0.0015356315416283906
5667,0.0015350484754890203
6775,0.001534289272967726
6904,0.0015337291988544166
6198,0.0015329085872508585
2835,0.0015314809861592948
570,0.0015311180031858385
4388,0.0015308596775867045
5143,0.0015302022220566869
3148,0.0015301392995752394
691,0.0015300788800232112
276,0.001529980858322233
6082,0.001529222121462226
7004,0.0015291551826521754
4710,0.0015287987189367414
6117,0.001528403430711478
2004,0.0015266373520717025
731,0.0015264609828591347
512,0.0015262873494066298
2084,0.0015261729713529348
2213,0.0015259817009791732
3823,0.001525488798506558
6896,0.0015247462433762848
6100,0.0015245045651681721
4201,0.001524302118923515
3007,0.0015241342480294406
6200,0.001524060731753707
1721,0.0015237380284816027
6682,0.0015235264436341822
2750,0.0015228918055072427
7388,0.0015226476243697107
2048,0.0015225025708787143
5108,0.0015223442460410297
5233,0.001522173115517944
576,0.0015221554785966873
1532,0.0015220362693071365
2470,0.001521756872534752
7712,0.0015212358557619154
1171,0.00152081239502877
600,0.0015207613469101489
3450,0.0015207238029688597
7672,0.0015205573290586472
6897,0.0015204494120553136
4025,0.0015201057540252805
6641,0.0015200412017293274
3419,0.0015199704212136567
1016,0.0015194055740721524
4171,0.0015192885766737163
573,0.0015191363054327667
7358,0.001518838747870177
5768,0.001518725708592683
2740,0.0015182307688519359
2621,0.0015177165623754263
5348,0.0015170819824561477
6598,0.0015164680662564933
6216,0.0015152071719057858
1674,0.001515055075287819
2479,0.0015147535596042871
714,0.001514397154096514
1147,0.0015143536729738116
4697,0.0015136813162826002
830,0.0015136467991396785
5753,0.001513270428404212
4212,0.0015130918473005295
4120,0.0015124983037821949
2623,0.001512363029178232
1124,0.001512221118900925
6166,0.0015116179129108787
628,0.001511485839728266
4362,0.0015114175621420145
1511,0.0015112485853023827
1931,0.0015109061496332288
4736,0.0015104016056284308
2549,0.0015102683682926
6190,0.0015102263423614204
522,0.0015098934527486563
6723,0.00150958145968616
4943,0.0015080581652000546
5909,0.0015073685790412128
7066,0.001507346867583692
4411,0.0015069261426106095
2003,0.0015066079213283956
2094,0.0015061295125633478
3504,0.001505610707681626
5677,0.0015054808463901281
3191,0.0015053675742819905
7902,0.0015049862558953464
6297,0.0015047442866489291
1848,0.0015040015568956733
3010,0.0015038358396850526
5390,0.0015032445080578327
5042,0.001502866332884878
4563,0.0015027964836917818
4375,0.0015027944464236498
3790,0.0015023743617348373
857,0.001502247469034046
6585,0.0015022153966128826
1963,0.0015019821585156024
5444,0.00150185520760715
5361,0.0015007314505055547
2757,0.0015005357563495636
6722,0.00149993080412969
7937,0.001499596459325403
2310,0.0014986603637225926
7015,0.0014984611188992858
2181,0.0014980633277446032
1978,0.0014973742072470486
6347,0.0014967848546802998
6168,0.0014967554016038775
4235,0.0014965423615649343
1441,0.001495756907388568
2705,0.0014957069070078433
2159,0.001495633041486144
7515,0.0014949337346479297
7939,0.0014946944429539144
5511,0.001494355034083128
222,0.001494250725954771
2269,0.0014942295965738595
7567,0.0014941244735382497
6839,0.0014938479871489108
5515,0.0014931254554539919
7356,0.0014929453027434647
6348,0.001492754032369703
7193,0.001492731913458556
1119,0.0014926742878742516
5106,0.0014926125295460224
4117,0.001492340408731252
6654,0.0014920774847269058
5602,0.0014914748608134687
6381,0.001491381146479398
5901,0.0014912295155227184
6579,0.0014911787584424019
2956,0.0014909167075529695
5566,0.0014908550074324012
6105,0.001490294118411839
2618,0.0014901329996064305
6120,0.001489980611950159
1672,0.0014898766530677676
3444,0.0014891699538566172
7455,0.0014891615137457848
7419,0.0014891557511873543
5380,0.0014887406141497195
3673,0.0014884498668834567
6609,0.0014882932882755995
5861,0.0014869491569697857
1224,0.0014869376900605857
5641,0.001486870984081179
5463,0.0014868199941702187
875,0.0014863398391753435
6496,0.0014861332601867616
1097,0.0014859167858958244
7067,0.0014858810463920236
2460,0.0014857856440357864
1070,0.0014850620063953102
5858,0.0014850383158773184
1780,0.001484594598878175
6664,0.0014842331293039024
6684,0.0014831919106654823
4507,0.0014830484287813306
7206,0.0014829669380560517
7189,0.0014829201973043382
7495,0.0014818704221397638
6476,0.001481825252994895
2123,0.0014811462606303394
6552,0.001480494742281735
4500,0.001480407954659313
2426,0.0014803450903855264
7608,0.0014800523058511317
15,0.0014797015464864671
4962,0.0014795840252190828
1336,0.0014787281397730112
1078,0.001478160615079105
7530,0.0014779992634430528
5648,0.001477547804825008
878,0.0014774628798477352
7936,0.0014772677095606923
2383,0.0014772192807868123
3960,0.0014770273119211197
5033,0.0014769117115065455
4384,0.0014765626401640475
2019,0.0014765476807951927
2079,0.0014762265491299331
3713,0.00147622253280133
2853,0.0014757519820705056
2456,0.0014756856835447252
6625,0.0014756748569197953
2243,0.0014755594311282039
6696,0.0014755349839106202
1841,0.0014753302093595266
4878,0.00147510995157063
7759,0.0014747187378816307
4874,0.0014746846863999963
1860,0.0014745860826224089
2386,0.0014744519721716642
2398,0.0014732259442098439
419,0.0014732108102180064
7665,0.0014731607516296208
3553,0.0014731434639543295
1542,0.0014727170928381383
1348,0.0014720896142534912
5815,0.0014717616722919047
5277,0.001470578950829804
1822,0.00146987329935655
6181,0.001469625683967024
1850,0.0014696080470457673
5335,0.0014694773126393557
2096,0.0014689250965602696
1526,0.0014687713119201362
5887,0.0014686294016428292
3308,0.0014684576308354735
5800,0.0014684067573398352
4005,0.0014682839973829687
3591,0.0014682539040222764
6399,0.0014663795591332018
270,0.0014662622706964612
5452,0.0014661510940641165
3460,0.001465875597205013
5414,0.0014650532393716276
5001,0.0014646603958681226
7521,0.0014646436902694404
4635,0.0014645912451669574
4266,0.0014643067843280733
2816,0.001464302302338183
5358,0.0014636061387136579
627,0.0014631561352871358
6392,0.0014623207971453667
1060,0.0014615296386182308
4976,0.001461250416468829
2147,0.0014609764330089092
5176,0.0014609139179810882
6814,0.0014606144395656884
1791,0.0014599254354834557
755,0.001459702616557479
4804,0.0014595722896046937
2014,0.0014595320099033415
6484,0.0014592764782719314
6403,0.0014591824728995562
2710,0.0014582749572582543
2005,0.0014579702401533723
216,0.0014579544076696038
148,0.0014579290291294456
3494,0.0014578704722225666
1383,0.0014577656984329224
7308,0.0014574035303667188
1551,0.0014570389175787568
6535,0.0014569265767931938
7957,0.001456488505937159
665,0.0014563907170668244
1357,0.0014558782568201423
7467,0.0014557507238350809
2975,0.0014556272653862834
7555,0.0014556049136444926
7716,0.0014553748187609017
4396,0.0014548551407642663
6630,0.001454568700864911
693,0.001454500132240355
5673,0.0014544851146638393
3380,0.0014542193384841084
2290,0.001453503966331482
5502,0.0014524353318847716
98,0.0014520644908770919
5629,0.0014513508067466319
5680,0.0014508028980344534
3206,0.001450527342967689
1215,0.001450353127438575
6436,0.001449809642508626
7810,0.0014494287897832692
1761,0.0014494115021079779
5010,0.001449200906790793
4227,0.0014491121983155608
950,0.0014490261673927307
4999,0.0014487539883702993
2938,0.0014473062474280596
1066,0.0014472265029326081
7211,0.001446964859496802
4445,0.0014463375555351377
2417,0.0014462651452049613
3893,0.001445629633963108
3503,0.0014454348711296916
4059,0.0014449264854192734
7678,0.0014448109432123601
1662,0.0014447394642047584
2409,0.0014445412089116871
7868,0.0014444703701883554
4217,0.0014443229883909225
7290,0.0014442834071815014
5401,0.0014441765379160643
7382,0.0014440045924857259
2759,0.0014438190264627337
1521,0.00144379201810807
6732,0.0014437795034609735
6390,0.0014430781593546271
4258,0.0014428197173401713
5941,0.0014418857754208148
7899,0.0014416842604987323
5781,0.0014415877521969378
2917,0.0014415312325581908
5879,0.001441496191546321
3398,0.001441330008674413
4188,0.0014406568952836096
2811,0.0014404106768779457
5346,0.0014403756940737367
546,0.0014400121290236712
1431,0.0014398260391317308
3501,0.0014394406462088227
7832,0.0014382024528458714
3797,0.0014379904605448246
3712,0.0014365938841365278
3300,0.0014362606452777982
2506,0.0014357946929521859
533,0.001435555168427527
4751,0.0014352930011227727
1794,0.0014344739029183984
7717,0.0014343390357680619
6119,0.001433790719602257
212,0.0014330846606753767
4619,0.0014330659178085625
7723,0.0014325667871162295
4591,0.0014322911738418043
3564,0.0014319777837954462
3974,0.0014314887812361121
5265,0.0014313358115032315
5261,0.0014306955854408443
2676,0.001430695061571896
1949,0.0014303739299066365
1600,0.0014303088537417352
3794,0.0014283788041211665
6637,0.0014283305499702692
3400,0.0014276837464421988
1700,0.0014274275745265186
3134,0.0014272735570557415
6572,0.0014270275714807212
1698,0.0014262213371694088
7471,0.001426180882845074
1750,0.0014249016530811787
1233,0.0014245723723433912
2395,0.0014245054917410016
5316,0.0014242659090086818
1605,0.0014242305187508464
4590,0.0014239894226193428
3858,0.001423695997800678
7535,0.0014234636328183115
4470,0.0014233389520086348
7484,0.0014232792891561985
1829,0.0014226741041056812
3286,0.0014226133353076875
6935,0.0014222584431990981
1612,0.0014219168806448579
5242,0.0014214585535228252
3811,0.0014208865468390286
606,0.001420816988684237
7681,0.0014207171625457704
1326,0.0014207084896042943
365,0.0014206452178768814
417,0.0014206113410182297
6862,0.0014205981278792024
4270,0.0014197289128787816
3026,0.001419351319782436
4889,0.0014190179063007236
5617,0.001418829197064042
2306,0.001418626750819385
725,0.0014185744221322238
1535,0.001417972962372005
7457,0.0014179411809891462
4935,0.0014177988050505519
654,0.0014175415271893144
7804,0.0014175052638165653
7094,0.0014171478687785566
6084,0.001416904735378921
4579,0.001416858402080834
5305,0.0014168531051836908
3896,0.0014158611302264035
5097,0.0014157885452732444
3103,0.0014157543191686273
1212,0.0014157104305922985
1196,0.0014156820252537727
7928,0.0014154448872432113
4421,0.0014153228839859366
5462,0.0014150971546769142
6711,0.0014150521019473672
555,0.0014147453475743532
2575,0.0014146980247460306
4561,0.0014143753796815872
1666,0.0014136774698272347
3027,0.001413597899954766
85,0.0014125935267657042
2222,0.0014125340967439115
3471,0.0014118155813775957
4364,0.0014114580699242651
4867,0.0014111067284829915
7568,0.001411018311046064
4377,0.001410535303875804
3369,0.0014099442050792277
6949,0.0014098473475314677
6782,0.0014095848891884089
3711,0.001409267308190465
507,0.0014083691639825702
2089,0.001407835865393281
5930,0.0014078344102017581
7065,0.0014077407540753484
2993,0.0014075429062359035
1941,0.0014073970960453153
4379,0.001406734634656459
1678,0.0014066431322135031
122,0.0014061821275390685
2723,0.0014056186191737652
5310,0.001405454648192972
4846,0.0014048367738723755
5943,0.0014045293210074306
3505,0.0014043751871213317
7796,0.001404345384798944
1173,0.0014043215196579695
4065,0.001404181180987507
5915,0.0014041094109416008
3898,0.0014038587687537074
5341,0.0014038004446774721
928,0.0014035553904250264
3791,0.0014035525964573026
4276,0.0014031209284439683
3585,0.001403044443577528
4763,0.0014026461285538971
5747,0.001402275520376861
4444,0.0014022263931110501
4586,0.0014020783128216863
4307,0.0014017407083883882
2754,0.0014016403583809733
3210,0.0014016327913850546
412,0.0014014366897754371
7510,0.0014011383755132556
2509,0.0014002729440107942
5645,0.001400242152158171
3772,0.0014002256793901324
696,0.001399861357640475
7711,0.0013997229398228228
1049,0.0013991959858685732
5446,0.0013990411534905434
7873,0.0013989214203320444
921,0.0013987807906232774
4230,0.0013981935335323215
5742,0.0013979691429995
1364,0.0013974541798233986
1013,0.0013972045853734016
2199,0.0013967244885861874
7551,0.0013955110916867852
6065,0.0013954023597761989
5736,0.0013949823332950473
2387,0.0013945664977654815
2266,0.00139435293385759
1213,0.0013939650380052626
5650,0.001393797341734171
3019,0.0013937339535914361
3603,0.0013931666035205126
1101,0.0013929749839007854
6289,0.0013925423263572156
7888,0.001392380625475198
4213,0.0013918873737566173
62,0.0013916704920120537
3629,0.0013912460999563336
2120,0.0013912392314523458
3324,0.0013911930145695806
2876,0.0013899640180170536
6597,0.0013899293262511492
2184,0.0013897704775445163
4990,0.001389341545291245
3177,0.0013892808347009122
5210,0.0013888932880945504
4080,0.0013878059689886868
7255,0.00138775137020275
4474,0.0013876559678465128
699,0.0013873182469978929
1624,0.0013871414121240377
6035,0.0013870315160602331
2252,0.0013867394300177693
3156,0.0013866334920749068
1269,0.0013849018141627312
560,0.0013847385998815298
5344,0.001384202972985804
1589,0.0013840044266544282
1028,0.0013838649028912187
1090,0.001383416005410254
6252,0.0013832633849233389
1950,0.0013827122165821493
1351,0.0013822269975207746
5862,0.001382043061312288
359,0.0013820405583828688
3943,0.0013820180902257562
6835,0.0013812582474201918
3568,0.001381215057335794
2141,0.001380771747790277
938,0.0013799546868540347
7221,0.00137951917713508
7996,0.00137921521672979
211,0.001379026914946735
2584,0.0013786604395136237
6999,0.0013778659049421549
4913,0.0013777685817331076
931,0.0013776403502561152
111,0.0013775484985671937
3464,0.001376893080305308
4568,0.0013768269564025104
1504,0.0013768163626082242
3443,0.0013760043075308204
1543,0.0013759979046881199
785,0.001375941268634051
7351,0.0013757168198935688
4599,0.0013755293330177665
158,0.0013750909711234272
1515,0.0013747081975452602
3597,0.0013745943433605134
5952,0.0013745339820161462
7545,0.001374248240608722
2714,0.0013740304275415838
5318,0.0013739665737375617
1712,0.0013737251865677536
4136,0.001373359002172947
3296,0.0013732551597058773
6031,0.0013730383943766356
5685,0.0013725987519137561
2287,0.0013724186574108899
1437,0.001371838094200939
3333,0.0013717520632781088
7011,0.0013717063120566308
2762,0.0013716740068048239
6889,0.0013709497288800776
6668,0.0013701869174838066
542,0.0013697672402486205
3613,0.0013694946537725627
1657,0.0013685912126675248
3326,0.0013684897567145526
1303,0.001368101453408599
520,0.0013680493575520813
2212,0.0013679988915100694
2455,0.0013678238610737026
4353,0.0013675395748578012
2981,0.0013670743210241199
2725,0.0013668322353623807
6820,0.0013668203027918935
733,0.001366501790471375
7872,0.0013664323487319052
3738,0.0013663098216056824
2114,0.001366274431347847
7378,0.0013655712245963514
2601,0.0013654020731337368
1883,0.0013653711648657918
3555,0.0013650409528054297
5000,0.0013650303008034825
1804,0.0013646051520481706
6094,0.0013640491524711251
3598,0.0013637462398037314
6953,0.001363429648336023
1492,0.0013630047906190157
5802,0.0013629685854539275
4087,0.0013621519901789725
6387,0.0013620827230624855
269,0.0013618949451483786
3121,0.0013617934891954064
4705,0.0013614871422760189
2349,0.001361456117592752
430,0.0013612936018034816
1864,0.0013609028537757695
5501,0.0013608430745080113
4717,0.001360393303912133
5192,0.0013600944657810032
7834,0.001359634450636804
7161,0.0013590113376267254
617,0.0013589829322881997
1396,0.0013587790890596807
3166,0.001358555513434112
6692,0.0013584528933279216
6926,0.0013583695981651545
7710,0.0013580176746472716
1823,0.0013576771598309278
4657,0.0013576294877566397
4239,0.0013575321645475924
5389,0.0013573262840509415
7269,0.0013569453149102628
4282,0.0013568357680924237
3059,0.0013567882124334574
5243,0.001356740016490221
4298,0.0013565049739554524
6710,0.0013563414686359465
172,0.0013559405924752355
3835,0.001355896471068263
4637,0.0013557645143009722
4534,0.0013556703343056142
6768,0.0013545294641517103
5024,0.0013543772511184216
4653,0.0013543565873987973
2929,0.0013542702654376626
3561,0.0013542257947847247
2658,0.001353722473140806
579,0.0013531225267797709
6888,0.0013528859126381576
6618,0.0013525711256079376
3493,0.00135250692255795
7876,0.0013521331129595637
4884,0.0013519945787265897
3834,0.0013518652995117009
2739,0.001351428625639528
314,0.001351041835732758
2450,0.0013509731506928802
7571,0.001350366452243179
4165,0.0013496176106855273
7364,0.001349548576399684
4845,0.0013495417078956962
139,0.0013493315782397985
7003,0.0013493208680301905
4742,0.001349050144199282
5288,0.0013481375644914806
6731,0.0013476244639605284
2735,0.0013475511805154383
4730,0.0013475430314429104
5046,0.0013470375561155379
7191,0.0013469706755131483
5476,0.0013469101395457983
1696,0.001346853852737695
3855,0.0013467809185385704
5403,0.0013465486117638648
1819,0.0013463074574247003
6086,0.0013458471512421966
5517,0.0013458402827382088
7045,0.0013458278262987733
595,0.0013456388842314482
7417,0.0013454054133035243
6919,0.0013453317806124687
5158,0.0013449888792820275
6661,0.00134491320932284
7642,0.0013449046527966857
1740,0.0013449011603370309
5789,0.0013447623932734132
5847,0.001344677817542106
6555,0.001344492717180401
6594,0.0013443862553685904
7078,0.0013437806628644466
3639,0.0013435063301585615
6414,0.001343484444078058
7821,0.001343182462733239
2573,0.0013429573737084866
6435,0.0013429545797407627
3517,0.0013427331577986479
3411,0.0013426862424239516
7187,0.0013426413061097264
87,0.0013423776254057884
6758,0.0013423527125269175
2233,0.001342160627245903
1623,0.001342112838756293
7017,0.0013417097507044673
2451,0.0013416799483820796
1289,0.0013403802877292037
1485,0.0013400560710579157
192,0.0013399891322478652
6673,0.0013396788272075355
1893,0.0013395921560004354
3938,0.0013389420928433537
3533,0.0013382917386479676
7556,0.0013382519828155637
6852,0.0013380666496232152
6427,0.0013378355070017278
6107,0.001337643014267087
5988,0.001337638357654214
373,0.0013375728158280253
2545,0.0013371965615078807
1715,0.0013370258384384215
1386,0.0013366212951950729
1970,0.0013364888145588338
6954,0.0013364095939323306
7128,0.001336183282546699
7949,0.0013358966098167002
5578,0.0013349292566999793
2909,0.0013348135398700833
5365,0.0013346560299396515
377,0.0013343847240321338
6830,0.0013342445599846542
6754,0.0013339866418391466
3404,0.0013338142889551818
1120,0.0013335853000171483
6019,0.001333416672423482
4890,0.0013331551454029977
234,0.001331851352006197
1216,0.001331361592747271
5568,0.0013312521041370928
2277,0.0013308871421031654
232,0.0013298288104124367
6741,0.001329558144789189
2108,0.001329449180047959
1214,0.0013290255446918309
1686,0.0013289052294567227
2315,0.0013284262386150658
7344,0.0013283310108818114
4956,0.0013274854863993824
3761,0.0013271987554617226
6971,0.0013270120252855122
2117,0.0013268706970848143
322,0.0013267641770653427
741,0.0013267519534565508
3469,0.0013267308822833002
399,0.0013265077723190188
3506,0.0013264987501315773
1110,0.0013264493900351226
4360,0.001326080586295575
4163,0.0013257985701784492
3708,0.0013256227248348296
5015,0.0013250236515887082
4548,0.001324071898125112
7501,0.0013240245170891285
1995,0.001323399250395596
2760,0.001323365606367588
1653,0.001323323987890035
415,0.0013232069904915988
4757,0.0013231743359938264
3502,0.001323025964666158
7922,0.0013227019226178527
7387,0.0013227002345956862
4596,0.0013226309674791992
2489,0.0013226197916083038
3463,0.0013220109976828098
7942,0.0013204363058321178
4367,0.0013204243732616305
7052,0.0013191553298383951
6834,0.0013188663870096207
6868,0.0013182407128624618
4433,0.0013178146327845752
4197,0.00131718983175233
791,0.0013168246950954199
3889,0.0013164899428375065
2049,0.0013157195644453168
6032,0.00131506088655442
1292,0.0013148030266165733
917,0.001314688939601183
4655,0.0013144728727638721
7242,0.001314346445724368
1550,0.001314055174589157
2077,0.001313926826696843
1555,0.0013134480104781687
181,0.0013132751919329166
6960,0.0013132397434674203
6767,0.0013130629668012261
376,0.0013127804268151522
646,0.0013126624398864806
3666,0.0013124426477588713
7350,0.0013120551593601704
3043,0.0013117471244186163
3485,0.0013115386245772243
2370,0.0013115108013153076
5188,0.001311481581069529
992,0.0013113748282194138
2915,0.00131131213856861
5395,0.0013112385058775544
912,0.0013108195271342993
1518,0.00131012819474563
3854,0.0013095163158141077
3877,0.0013084084494039416
4261,0.0013075469760224223
3945,0.0013072725851088762
3208,0.0013070550048723817
3937,0.00130656233523041
4099,0.0013064740924164653
898,0.0013056330499239266
5282,0.0013052030699327588
1921,0.001305157144088298
4675,0.0013050026027485728
3953,0.001304979668930173
3101,0.0013045364757999778
1608,0.0013043757644481957
2724,0.0013043525977991521
5582,0.0013042987557128072
2576,0.0013035419979132712
416,0.0013034610310569406
1145,0.0013030646950937808
7461,0.001302600372582674
6062,0.0013024949585087597
3554,0.0013012223062105477
5439,0.0013009677059017122
3623,0.0013006253284402192
4102,0.001300561532843858
4191,0.001300525909755379
6498,0.0013005103101022542
3143,0.001300470030400902
6474,0.0013003280037082732
231,0.0013001784682273865
1871,0.0012996737495996058
1529,0.001299419382121414
766,0.0012988667003810406
710,0.0012988039525225759
6762,0.0012987021473236382
3075,0.0012986743240617216
2359,0.0012984933564439416
5881,0.001298466231673956
2952,0.0012981242034584284
1658,0.0012980691390112042
353,0.001297404756769538
1620,0.0012970457319170237
7361,0.0012968096998520195
6827,0.0012964988709427416
6182,0.0012952510151080787
5244,0.0012949701631441712
6152,0.0012947179493494332
4103,0.0012944083428010345
6221,0.001294011832214892
485,0.001293953275308013
2069,0.0012938749277964234
6123,0.0012927430216223001
7812,0.001292476081289351
7176,0.0012914588442072272
2595,0.0012913101236335933
6815,0.0012912967940792441
5786,0.0012903895694762468
1151,0.001290349056944251
6704,0.0012902708258479834
2911,0.0012900752481073141
7215,0.001289608480874449
184,0.0012894956162199378
5726,0.0012890612706542015
985,0.0012889825156889856
1055,0.0012887988705188036
7838,0.0012882843147963285
5698,0.0012882050359621644
1259,0.0012876931577920914
7984,0.0012876345426775515
720,0.0012875749380327761
2842,0.0012874124804511666
3433,0.0012868867488577962
472,0.001286178594455123
1332,0.0012860436690971255
165,0.0012860223068855703
7031,0.001285390870179981
5049,0.0012852956424467266
2475,0.0012852703221142292
751,0.0012852688087150455
6444,0.0012851859210059047
279,0.0012851115316152573
824,0.0012850682251155376
5069,0.0012848717160522938
3255,0.00128487084293738
4629,0.0012846639147028327
849,0.0012845790479332209
1762,0.0012844869634136558
4538,0.0012844492448493838
7637,0.0012843767763115466
5525,0.0012837331742048264
4031,0.0012830091873183846
3387,0.0012828467297367752
343,0.0012824799632653594
6074,0.0012821921263821423
5150,0.00128205306828022
498,0.0012809507315978408
4575,0.0012801107950508595
3459,0.0012799406540580094
7507,0.0012798478128388524
6357,0.0012797319213859737
2515,0.0012797123636119068
2319,0.0012795131187886
2493,0.0012789555476047099
1020,0.0012787627056241035
6330,0.0012784681166522205
1613,0.0012777351075783372
1786,0.0012776926741935313
318,0.0012775807990692556
3907,0.001277456060051918
7956,0.0012772837653756142
2420,0.001277239411137998
4326,0.001277234114240855
2538,0.0012771490146405995
7630,0.001276675844565034
490,0.0012766593135893345
410,0.0012762824189849198
4431,0.001276205643080175
1427,0.0012759713572449982
6909,0.0012759460369125009
7941,0.0012756059295497835
3410,0.0012755091884173453
6551,0.0012751709436997771
2406,0.0012744684354402125
2729,0.00127441092627123
4792,0.0012736085336655378
5670,0.001273562025744468
870,0.0012732722098007798
5493,0.0012732254108414054
2613,0.0012721492676064372
1536,0.0012710363371297717
4514,0.0012708483263850212
4476,0.0012706215493381023
508,0.0012702876119874418
5620,0.0012702165404334664
2429,0.0012700067018158734
5756,0.001269854954443872
3241,0.0012696320773102343
2034,0.0012693588505499065
2314,0.0012691875454038382
6749,0.0012690916191786528
2826,0.0012689760187640786
7260,0.0012688845745287836
7773,0.0012688695569522679
2904,0.0012687916751019657
7885,0.0012687784037552774
7144,0.001268594292923808
6931,0.0012675864272750914
6809,0.001267484505660832
5388,0.0012669412535615265
3107,0.001266380655579269
4618,0.0012663578381761909
4278,0.0012660559150390327
3363,0.0012659213971346617
4824,0.0012656498583965003
7352,0.0012656000326387584
6011,0.0012651390861719847
237,0.0012649201671592891
2457,0.001264643098693341
3682,0.001264343154616654
4502,0.0012639869237318635
1146,0.0012638683547265828
5289,0.0012638631742447615
2720,0.0012638198677450418
6448,0.001263467245735228
7416,0.0012633478036150336
3083,0.00126331060891971
2525,0.0012629032717086375
5832,0.001262600941117853
3986,0.0012625858653336763
4698,0.0012621540809050202
5912,0.0012620454654097557
5924,0.0012620240449905396
3968,0.0012618484324775636
3612,0.0012618211912922561
1238,0.001261628931388259
5563,0.0012614555889740586
1831,0.0012609451077878475
5169,0.0012607877142727375
3721,0.0012603052891790867
4501,0.0012601818889379501
6913,0.0012601541238836944
5231,0.0012598410248756409
6185,0.0012597248423844576
4113,0.0012594246654771268
3522,0.0012589023099280894
3919,0.0012586165103130043
280,0.001258312026038766
7033,0.0012581341434270144
1127,0.0012578057940118015
6067,0.0012576768058352172
2340,0.001257431460544467
556,0.0012571608531288803
264,0.0012569453101605177
3154,0.0012569112004712224
1010,0.0012566688237711787
7095,0.0012559324386529624
5354,0.0012556491419672966
2520,0.0012556194560602307
1139,0.0012555739958770573
479,0.0012550335959531367
2598,0.0012547399965114892
7628,0.0012546511716209352
3144,0.0012541341129690409
2425,0.001254018978215754
246,0.0012530013336800039
3183,0.0012524871854111552
6118,0.0012523814220912755
6258,0.0012523317709565163
2708,0.0012521393364295363
1057,0.0012515616253949702
7768,0.0012513301335275173
1976,0.0012511141831055284
968,0.0012509754742495716
5639,0.001250473433174193
328,0.0012502297176979482
7752,0.0012498505529947579
1847,0.0012495824485085905
1906,0.0012492247042246163
1046,0.001248285814654082
3803,0.0012479533907026052
2138,0.0012477429118007421
3921,0.0012466644984669983
6548,0.0012461497681215405
7886,0.001245463965460658
397,0.001245286432094872
1656,0.0012449168716557324
1330,0.0012445762404240668
7151,0.001244509476236999
6400,0.0012444683234207332
7923,0.0012441754224710166
3715,0.0012440909631550312
6199,0.001243859645910561
3092,0.0012435357202775776
4841,0.0012435262324288487
2960,0.0012428703485056758
38,0.0012422859435901046
4378,0.0012421360588632524
4656,0.001242121506948024
4557,0.0012420961866155267
6707,0.001241975580342114
7691,0.0012410596245899796
1576,0.0012406390742398798
1401,0.00124055752530694
1423,0.0012405469315126538
6836,0.0012404738808982074
6709,0.001240118930581957
5373,0.0012397486134432256
5981,0.0012396470410749316
398,0.0012384991277940571
7497,0.0012381713022477925
3099,0.0012373632052913308
3412,0.0012372771161608398
854,0.001236948766745627
509,0.001235803822055459
258,0.0012357800733298063
1273,0.0012356783263385296
2281,0.0012354519567452371
117,0.0012354300124570727
6102,0.001235179661307484
4704,0.0012345223221927881
215,0.0012341344845481217
6010,0.001234130235388875
5215,0.0012340997927822173
167,0.0012338731321506202
518,0.0012335243518464267
888,0.0012331760954111814
4992,0.0012330833706073463
1676,0.0012328329612500966
3340,0.001232678652741015
7729,0.0012322641559876502
2270,0.0012320561218075454
5500,0.0012314541381783783
3451,0.001230730558745563
4509,0.0012301860842853785
5055,0.00122985610505566
2056,0.001229811110533774
952,0.0012293945765122771
29,0.0012293303734622896
3424,0.0012292317696847022
4761,0.0012289699516259134
7701,0.001228908251505345
2458,0.0012288906145840883
6989,0.0012288622674532235
2715,0.001228621054906398
4372,0.001228197943419218
7570,0.0012277588248252869
4458,0.001227337575983256
4370,0.0012270365841686726
996,0.001226580934599042
2454,0.0012262205127626657
7051,0.0012260993826203048
6313,0.0012259287177585065
6788,0.0012253042659722269
7277,0.0012245916295796633
3254,0.001224529289174825
2119,0.0012244960526004434
1148,0.0012239516945555806
2487,0.0012236018083058298
7135,0.0012234387104399502
7962,0.0012234242167323828
450,0.0012232447625137866
6237,0.0012224788079038262
1993,0.0012224447564221919
986,0.001222341728862375
2857,0.0012217516778036952
1150,0.001221113430801779
1849,0.0012210962013341486
5459,0.0012207074323669076
3991,0.0012200882192701101
1765,0.0012199925840832293
4066,0.0012199870543554425
6223,0.0012189960107207298
5040,0.0012188927503302693
5393,0.0012185645755380392
649,0.0012185219675302505
6396,0.001218448975123465
3910,0.001218227669596672
1846,0.001217973476741463
882,0.0012176500167697668
2738,0.0012174657895229757
6439,0.0012173608411103487
5958,0.0012172856950201094
4758,0.0012167231761850417
3102,0.0012166083906777203
1347,0.001216424279846251
3004,0.0012162760249339044
2797,0.001215160416904837
1117,0.0012149506947025657
4115,0.0012146825320087373
2497,0.0012136074365116656
2073,0.0012134866556152701
677,0.0012121735489927232
6419,0.0012117117294110358
2115,0.0012112900149077177
5475,0.0012108804075978696
3994,0.0012102010659873486
1930,0.0012099547311663628
977,0.0012097755679860711
6052,0.001209705020301044
4287,0.0012092109536752105
7954,0.001208586385473609
4944,0.0012084735790267587
554,0.001207396446261555
7554,0.0012072360259480774
3195,0.0012071278761141002
3847,0.0012065171613357961
3734,0.0012063267058692873
5184,0.0012060621520504355
2608,0.001206038985401392
7474,0.0012060049339197576
7341,0.001205693872179836
7010,0.0012054170947521925
1924,0.0012047419440932572
7190,0.001204602769576013
5872,0.0012045642943121493
6091,0.0012044156901538372
5603,0.0012042102753184736
1634,0.0012040730216540396
7727,0.0012040642905049026
4441,0.0012039870489388704
5634,0.00120390992378816
3704,0.0012036521802656353
4998,0.0012035586405545473
2348,0.0012034455430693924
3663,0.001203227846417576
5447,0.0012030559591948986
524,0.0012027887860313058
425,0.0012027622433379292
3717,0.001202704617753625
5225,0.001202495419420302
2865,0.0012022338341921568
1905,0.0012019319692626595
1706,0.0012018306879326701
5751,0.001201406354084611
183,0.001201242906972766
5249,0.0012000843416899443
5292,0.0011991476640105247
6153,0.0011991107021458447
4044,0.0011984481243416667
2285,0.0011984363663941622
5947,0.0011981347342953086
3353,0.0011976208188571036
1689,0.0011972739594057202
2626,0.0011966569582000375
2603,0.0011964049190282822
3679,0.0011957730748690665
132,0.0011957056121900678
569,0.0011956715607084334
2783,0.0011956151574850082
3152,0.0011954608489759266
1760,0.0011952974600717425
7601,0.001195118937175721
6785,0.00119504751637578
1749,0.0011947593302465975
1065,0.0011943898862227798
69,0.0011939370888285339
6948,0.0011934141512028873
1112,0.0011931968037970364
2687,0.0011931839981116354
1098,0.0011930796899832785
7160,0.0011919717071577907
3745,0.0011915508657693863
1909,0.00119138287845999
7992,0.0011912634363397956
4659,0.001191244984511286
7354,0.001191242306958884
943,0.0011911988840438426
1834,0.0011904998100362718
1480,0.0011897931690327823
5803,0.0011889025336131454
605,0.0011875455384142697
4308,0.0011870270827785134
1934,0.0011869536247104406
842,0.001186514738947153
6317,0.0011860629310831428
7478,0.0011860551894642413
1236,0.0011859503574669361
2583,0.0011857199715450406
6563,0.001185571774840355
6468,0.0011848892318084836
2061,0.001184622582513839
6306,0.0011834526667371392
1294,0.0011833421885967255
1316,0.0011830634321086109
5905,0.001182866282761097
154,0.0011824860121123493
5697,0.0011818457278423011
7703,0.0011811971780844033
6283,0.0011810974101535976
6177,0.0011810765136033297
7906,0.0011809662682935596
6267,0.0011808746494352818
6056,0.001180674647912383
3188,0.0011806422844529152
4381,0.0011804262176156044
3256,0.001179788785520941
7879,0.0011790618300437927
6232,0.001178997743409127
7213,0.0011786845279857516
4313,0.0011784309754148126
4508,0.001178229518700391
7714,0.001178140810225159
5771,0.0011773216538131237
3874,0.0011770849814638495
3850,0.0011769573902711272
7668,0.0011767999967560172
5614,0.001176685793325305
3003,0.0011764897499233484
1242,0.0011763026705011725
6838,0.001176091842353344
7861,0.001175925019197166
3167,0.0011758276959881186
309,0.0011757442844100296
36,0.0011756898020394146
51,0.0011756759486161172
4537,0.0011753066210076213
2430,0.0011750766425393522
6344,0.0011748502147383988
1211,0.0011747959069907665
6755,0.0011746204691007733
4750,0.0011736106243915856
7908,0.0011730926926247776
2948,0.0011722642229869962
5970,0.0011715402943082154
7709,0.0011714798747561872
2377,0.0011707665980793536
138,0.0011705081560648978
5396,0.001170288014691323
6266,0.0011695078574120998
7647,0.0011694295099005103
7063,0.001169287716038525
5259,0.0011690420797094703
5531,0.0011689889361150563
6902,0.0011686737416312099
3926,0.0011685432400554419
6202,0.00116851890925318
3199,0.0011677242582663894
4688,0.001167713780887425
4339,0.0011668612714856863
3226,0.0011668610386550426
5507,0.0011666202917695045
7566,0.0011665800702758133
5,0.0011661567259579897
1563,0.0011659741285257041
3018,0.00116594263818115
5121,0.0011657915310934186
201,0.0011654836125671864
1739,0.0011653770343400538
2548,0.0011650759843178093
7963,0.0011649394291453063
299,0.0011647653300315142
5856,0.0011641544988378882
1637,0.0011641227174550295
519,0.001164016022812575
4929,0.001163073000498116
2831,0.001162233587820083
2013,0.0011616573901847005
3540,0.0011612657690420747
1082,0.001161251391749829
7649,0.0011610713554546237
5147,0.0011610352084971964
7969,0.0011605938198044896
6554,0.001160416635684669
5827,0.0011601350852288306
4925,0.0011600613361224532
396,0.0011600206489674747
4452,0.001159945095423609
3658,0.0011599062709137797
4616,0.0011596829863265157
1410,0.0011596293188631535
2219,0.0011595840333029628
1262,0.0011592691880650818
3076,0.0011588006746023893
4930,0.0011585061438381672
4727,0.0011581740691326559
7583,0.0011580554419197142
3445,0.0011574664385989308
5539,0.0011565641616471112
864,0.0011564798769541085
6321,0.0011564235319383442
5290,0.0011561496648937464
1967,0.001155766425654292
6259,0.001154945814050734
2830,0.0011548555921763182
3381,0.0011547947651706636
2636,0.0011538614053279161
6466,0.0011532460921443999
4936,0.0011532172793522477
7320,0.001153209654148668
124,0.0011528637260198593
528,0.0011528204195201397
3153,0.0011522364802658558
3563,0.0011520423577167094
6968,0.0011518243700265884
7722,0.0011516204103827477
749,0.0011514335055835545
2634,0.001151209871750325
350,0.0011509323958307505
2648,0.0011508878669701517
671,0.0011507822782732546
7805,0.0011505427537485957
7660,0.0011504965368658304
6829,0.0011496343649923801
7851,0.0011493804049678147
6016,0.001149377436377108
7638,0.0011488143354654312
5350,0.0011484597343951464
4723,0.0011483152629807591
3105,0.0011477518128231168
186,0.0011472059995867312
5451,0.0011463967384770513
3170,0.001146382768638432
6633,0.0011460062814876437
1375,0.00114586140261963
4652,0.0011454555206000805
7740,0.0011453586048446596
5642,0.0011448431760072708
302,0.0011444961419329047
3295,0.0011443925322964787
6064,0.0011442331597208977
662,0.0011441721580922604
1716,0.001144098350778222
6988,0.001143864938057959
5687,0.001143750036135316
5928,0.0011424159165471792
6109,0.001142151013482362
506,0.001141578599344939
3025,0.0011408472200855613
1302,0.0011402047239243984
5712,0.0011393240420147777
5560,0.0011392213637009263
56,0.0011385750258341432
3172,0.0011378329945728183
1017,0.0011370277497917414
3607,0.0011369408457539976
6214,0.001136492588557303
1385,0.0011354973539710045
2858,0.0011353798909112811
2467,0.0011353787849657238
5821,0.0011353653389960527
3909,0.0011352749424986541
1577,0.0011351170833222568
2997,0.001134991180151701
7415,0.0011343668447807431
4894,0.0011343264486640692
5303,0.001134255318902433
1438,0.0011339789489284158
4503,0.0011339542688801885
668,0.001133755489718169
7369,0.001133275800384581
7887,0.001132555364165455
1105,0.001132155884988606
7048,0.0011317827738821507
674,0.0011315315496176481
5118,0.0011304397485218942
5196,0.001130050455685705
1185,0.001129866170231253
7777,0.0011298179160803556
896,0.001129648182541132
959,0.0011295959120616317
2204,0.0011288325185887516
6356,0.0011287193628959358
3119,0.0011282532941550016
760,0.0011279791942797601
1029,0.0011271905386820436
3378,0.0011269483948126435
1957,0.0011269074748270214
5676,0.0011257570586167276
2921,0.0011255880235694349
3114,0.001125473529100418
7283,0.0011251068790443242
1116,0.0011247143265791237
5948,0.0011246777139604092
7651,0.0011243824264965951
7055,0.0011237633298151195
4400,0.0011234229314140975
5984,0.0011230207746848464
7446,0.00112287508090958
942,0.0011220749001950026
253,0.0011219732114113867
7980,0.0011219045263715088
7866,0.0011207882780581713
307,0.0011204394977539778
695,0.0011203753529116511
6799,0.0011201153392903507
2380,0.0011201010784134269
4912,0.0011200353619642556
7107,0.001119773369282484
3169,0.0011189827928319573
2278,0.0011185939656570554
4848,0.0011182693997398019
3145,0.0011182667221873999
5707,0.0011179131106473505
505,0.0011178629356436431
2295,0.0011177044943906367
1107,0.0011174061219207942
620,0.0011173540842719376
5435,0.0011170727666467428
449,0.0011166258482262492
2071,0.0011162793962284923
4666,0.0011155350366607308
7579,0.0011155257234349847
7318,0.0011145998141728342
3337,0.0011145079624839127
6892,0.0011143586016260087
4173,0.0011120406561531126
6942,0.0011118306429125369
6761,0.0011116387322545052
6908,0.0011098579852841794
6248,0.0011093801585957408
2949,0.0011088379542343318
5899,0.0011088270111940801
115,0.0011085483711212873
2655,0.0011082482524216175
6335,0.001108031370677054
1951,0.0011079024989157915
2737,0.0011077448725700378
5234,0.0011073049390688539
3625,0.0011069814208894968
1643,0.0011065960279665887
4096,0.0011064332211390138
6606,0.0011058796080760658
6880,0.0011057642986997962
2393,0.001105434203054756
647,0.0011052462505176663
2512,0.0011050166212953627
5528,0.0011048511369153857
5837,0.0011045352439396083
5652,0.0011045217979699373
1380,0.0011044933344237506
1281,0.001104395603761077
3067,0.0011027359869331121
7537,0.0011026442516595125
1475,0.0011022131657227874
913,0.001102197333239019
1325,0.0011019877274520695
3767,0.0011019085068255663
5374,0.0011017436045221984
7750,0.001101704896427691
2734,0.001101681962609291
7845,0.0011014832998625934
5961,0.0011010696180164814
4052,0.0011002395767718554
3932,0.0011001349776051939
204,0.0010997936478815973
7574,0.001099706336390227
5338,0.001099545683246106
1252,0.0010989631991833448
7865,0.001098689972423017
3509,0.0010986276902258396
1308,0.0010982970125041902
5506,0.0010980646475218236
1220,0.0010973243624903262
453,0.001097202068194747
361,0.0010967169655486941
6037,0.0010966226691380143
4123,0.0010960687068291008
5761,0.0010956675978377461
5487,0.0010955668985843658
1106,0.0010952830780297518
1456,0.0010951868607662618
730,0.0010942990193143487
5591,0.00109411176526919
3409,0.00109395245090127
6781,0.0010938793420791626
2639,0.0010938161285594106
2111,0.0010935334721580148
4844,0.0010929879499599338
5686,0.001092584163416177
7558,0.0010924541275016963
1338,0.001092235033866018
5398,0.0010916168102994561
1631,0.0010914551676250994
3260,0.0010913133737631142
3318,0.001091088866814971
2683,0.0010901152272708714
1652,0.0010899697081185877
5135,0.0010899591143243015
3174,0.0010897835018113256
6278,0.001089496596250683
7083,0.0010894423467107117
4805,0.0010890739504247904
5605,0.0010885237134061754
7370,0.001088326214812696
5366,0.0010881132329814136
7589,0.001088097458705306
6890,0.0010880972258746624
6621,0.0010877324384637177
4607,0.0010876428568735719
6275,0.0010873270221054554
582,0.0010870916885323822
7155,0.0010866893571801484
2617,0.0010865500662475824
5739,0.0010865345830097795
2855,0.0010865151998586953
7353,0.0010864416835829616
1669,0.0010863274219445884
2347,0.001085632131434977
7313,0.0010855660657398403
2337,0.0010854112915694714
886,0.0010845797369256616
3304,0.0010841645416803658
6587,0.0010837901500053704
1021,0.001083515235222876
3202,0.0010834538261406124
976,0.0010834346758201718
6312,0.0010829930542968214
6124,0.0010821097530424595
5294,0.00108199700480327
7578,0.0010819389717653394
2870,0.0010818801820278168
5842,0.0010818254668265581
6817,0.0010817209840752184
889,0.0010814436245709658
5276,0.0010814117267727852
2572,0.0010808926890604198
1537,0.0010806997888721526
96,0.0010800522868521512
5454,0.0010797437862493098
2970,0.0010784624028019607
7093,0.0010776662384159863
3590,0.0010775949340313673
7500,0.0010770470835268497
3091,0.0010768701322376728
4194,0.0010763524915091693
5696,0.0010751514928415418
991,0.0010727422777563334
2452,0.0010726682958193123
3430,0.0010722540318965912
7516,0.0010720914578996599
1574,0.0010719192796386778
7677,0.0010716417455114424
2599,0.0010716369142755866
2810,0.001071279519237578
1688,0.0010712314979173243
7633,0.0010708017507568002
632,0.0010704317246563733
1301,0.0010703508160077035
2017,0.0010699816048145294
6319,0.0010698887053877115
2288,0.0010692739742808044
6871,0.001068723329808563
7245,0.0010682709980756044
5008,0.0010671060881577432
7219,0.0010660745901986957
7391,0.0010655991500243545
589,0.001065474411007017
7346,0.0010651355260051787
7680,0.0010649094474501908
7281,0.0010646600276231766
7765,0.0010641159606166184
4003,0.0010639789106789976
7982,0.0010639580432325602
2517,0.0010634207865223289
5473,0.0010629351017996669
4451,0.001062478986568749
7572,0.001062266994267702
2390,0.0010619970271363854
3511,0.0010619914392009377
7522,0.0010619047097861767
4,0.001061365066561848
6503,0.0010613466147333384
2444,0.001060755632352084
2528,0.0010607551084831357
6233,0.0010603392729535699
1366,0.0010586476419121027
344,0.0010585968848317862
1519,0.0010579884401522577
2178,0.001057964691426605
7511,0.0010579271474853158
6883,0.0010578559013083577
5482,0.0010565269622020423
6575,0.0010564598487690091
4083,0.0010557352798059583
3843,0.0010557210189290345
3447,0.001055572647601366
5056,0.0010544462711550295
1693,0.001053240557666868
6184,0.0010530618019402027
2042,0.0010530113941058517
2360,0.0010527666890993714
4294,0.0010525782709009945
1911,0.0010524565586820245
2557,0.0010523274540901184
821,0.001052218081895262
844,0.0010521705262362957
1808,0.0010512785520404577
6475,0.0010511354776099324
7523,0.0010510518914088607
2550,0.001050044083967805
5894,0.0010500142816454172
5554,0.0010495266178622842
1923,0.0010493576992303133
5552,0.0010492086876183748
6740,0.001049160142429173
7153,0.0010487490217201412
7182,0.0010483753285370767
2389,0.0010480922646820545
1661,0.0010480647906661034
1599,0.0010479333577677608
2144,0.0010477965115569532
6969,0.0010470409761182964
6894,0.0010469959815964103
2367,0.0010465760715305805
1932,0.0010461470228619874
648,0.001045644166879356
4380,0.0010447052191011608
2433,0.0010440394980832934
4301,0.001043844036757946
4077,0.0010434677242301404
4305,0.0010428244713693857
7679,0.0010424444335512817
839,0.001041353796608746
77,0.001041215204168111
6611,0.0010407840018160641
2976,0.001040740986354649
6558,0.0010394664132036269
4010,0.0010387235670350492
6360,0.001037892303429544
3319,0.0010373533586971462
4820,0.001037339970935136
6187,0.0010372711112722754
2591,0.0010367506765760481
3049,0.0010363421170040965
3524,0.0010363138862885535
317,0.0010357068968005478
6670,0.0010355169652029872
4520,0.00103548145852983
3277,0.0010349044459871948
7411,0.0010347362840548158
156,0.0010346033959649503
6006,0.0010344060137867928
7955,0.0010335439583286643
2537,0.0010334932012483478
5258,0.0010334752732887864
1984,0.0010330216027796268
4689,0.0010329424403607845
6509,0.0010329079232178628
2661,0.0010326761985197663
527,0.0010326546616852283
5191,0.00103249482344836
407,0.001032318628858775
3262,0.0010299630230292678
1710,0.0010292589431628585
697,0.0010290720965713263
2038,0.0010288800694979727
7670,0.001028804574161768
3801,0.0010283696465194225
5668,0.001028303347993642
6520,0.0010275851818732917
4057,0.0010275261593051255
2422,0.0010269491467624903
3408,0.001026907644700259
5684,0.0010269014164805412
4090,0.0010268890182487667
5795,0.0010268029291182756
1177,0.0010267436737194657
3848,0.0010263111325912178
5448,0.0010260823473799974
1159,0.0010253633954562247
7835,0.001025322126224637
5777,0.0010252331267111003
7875,0.0010251726489514112
779,0.0010248618200421333
3646,0.0010246034944429994
7829,0.0010244400473311543
7288,0.0010231256601400673
2490,0.0010227765887975693
4181,0.0010222091223113239
5537,0.0010215995134785771
6179,0.00102120143128559
7309,0.0010207697050645947
5836,0.0010201168479397893
835,0.001019786053802818
5683,0.001019709394313395
4691,0.0010195355862379074
497,0.001018900191411376
5036,0.001018768292851746
1063,0.0010187607258558273
7884,0.0010186871513724327
5328,0.0010185774881392717
861,0.0010183323756791651
3313,0.0010175929928664118
5402,0.0010173506452701986
7171,0.0010172550682909787
487,0.0010165083222091198
6899,0.0010163123370148242
6036,0.0010155143681913614
389,0.0010154377087019384
3899,0.001015408313833177
6967,0.0010153570328839123
1744,0.0010152787435799837
4583,0.0010151118622161448
2825,0.0010146484128199518
441,0.001014034147374332
1685,0.0010137469798792154
4247,0.0010132828901987523
4325,0.001012876076856628
2156,0.0010113780153915286
7158,0.001010989653877914
30,0.0010108804854098707
4233,0.0010105828987434506
7163,0.001010065374430269
6245,0.0010100394138135016
5247,0.0010100154904648662
1855,0.0010098933707922697
515,0.0010097356280311942
2686,0.001009482890367508
2867,0.0010087667033076286
5045,0.0010085980466101319
6095,0.001008488005027175
2924,0.0010076111648231745
19,0.001007401617243886
6208,0.0010070913704112172
5237,0.0010069994605146348
2303,0.0010068214614875615
2758,0.001006260747089982
2514,0.0010056878090836108
7621,0.0010054385056719184
1373,0.0010050864657387137
3482,0.0010049223201349378
3523,0.001004376623313874
3536,0.0010043243528343737
4277,0.0010039217013400048
7253,0.0010038234177045524
3,0.0010033154976554215
2268,0.0010030621197074652
1734,0.001002281904220581
4324,0.0010016373125836253
5903,0.0010012026759795845
3315,0.0010006360826082528
6821,0.0010004387586377561
217,0.0009998013265430927
1355,0.0009991450642701238
6624,0.0009991176193580031
7742,0.0009988669771701097
2990,0.0009988521342165768
3822,0.0009987900266423821
130,0.000998487463220954
1411,0.0009984042844735086
250,0.0009977025329135358
6068,0.0009969965612981468
6963,0.0009959519666153938
1395,0.000995335984043777
535,0.0009949786472134292
1318,0.000994487141724676
1170,0.000994086905848235
7425,0.0009937434224411845
6446,0.0009934520930983126
5387,0.0009926855564117432
7429,0.0009924225159920752
772,0.0009921457967720926
1486,0.0009921279270201921
401,0.0009917255956679583
1999,0.0009908867650665343
6738,0.0009903821628540754
1821,0.000990167522104457
2469,0.0009901139128487557
6228,0.0009898333228193223
6151,0.000989733322057873
3038,0.0009893687383737415
7256,0.0009892860252875835
7104,0.0009886598563753068
1440,0.0009883642778731883
4228,0.0009881356381811202
7204,0.0009873159579001367
7913,0.0009869064670056105
4610,0.0009866027103271335
1439,0.000985978462267667
3818,0.000985634163953364
58,0.0009851807553786784
6017,0.000984595128102228
5126,0.0009836115059442818
2931,0.000983330246526748
1568,0.0009830858616624027
3725,0.0009829173504840583
7560,0.0009825089073274285
6923,0.0009823157452046871
5510,0.000982079392997548
3996,0.0009815659141167998
1677,0.0009811690542846918
4672,0.0009809171606320888
5963,0.0009790663025341928
3140,0.0009788092866074294
1944,0.000978565076366067
6877,0.000978374620899558
6322,0.0009779190295375884
1282,0.0009771049080882221
1361,0.000977043528109789
5875,0.0009759909880813211
7735,0.0009751141478773206
7271,0.0009736106730997562
1039,0.0009730544988997281
2173,0.0009723046969156712
220,0.0009719738445710391
5758,0.0009718372311908752
5874,0.0009713698527775705
4255,0.0009698750218376517
7463,0.0009695354092400521
6866,0.0009692377934698015
4729,0.0009692108142189682
466,0.000968777370871976
2461,0.0009684606338851154
2500,0.0009671601001173258
2709,0.0009665810794103891
7944,0.0009665802353993058
809,0.00096647281316109
6643,0.0009660682117100805
5785,0.0009659804636612535
7310,0.0009653310989961028
4636,0.0009650761203374714
5610,0.0009644074889365584
6490,0.0009639719501137733
2978,0.0009636746253818274
3050,0.0009631755237933248
338,0.0009631087596062571
2563,0.0009629615524318069
6225,0.0009627174003981054
13,0.0009615487360861152
5976,0.0009615236194804311
3058,0.0009607335086911917
823,0.0009601969795767218
7915,0.0009589294204488397
6021,0.0009584930958226323
6800,0.0009578060708008707
2743,0.0009577445744071156
1595,0.0009569349640514702
7645,0.0009551641996949911
284,0.0009543647756800056
787,0.000954309682128951
3793,0.0009539863094687462
6672,0.0009536297293379903
5979,0.0009532542899250984
6286,0.0009531858959235251
2547,0.0009523303306195885
5484,0.000952260714257136
7733,0.0009517507278360426
2275,0.0009512261894997209
1818,0.0009511707467027009
1089,0.0009499173611402512
255,0.0009490602824371308
7126,0.0009487126371823251
6373,0.000948225409956649
3247,0.0009469754877500236
363,0.0009467120689805597
6452,0.000945759384194389
1587,0.0009451972146052867
3142,0.0009448878990951926
5352,0.0009429109340999275
3198,0.0009428484481759369
4111,0.0009428347111679614
3837,0.0009425434109289199
6727,0.0009422039147466421
7862,0.0009415354870725423
2677,0.0009396198438480496
452,0.000939229823416099
3687,0.000937981967581436
5950,0.0009379582770634443
2666,0.0009374652872793376
3560,0.0009371931082569063
5919,0.0009370305924676359
3685,0.0009362028795294464
7040,0.00093620247207582
7266,0.0009361632401123643
5065,0.0009356334921903908
4440,0.0009353362838737667
4994,0.0009352680353913456
6705,0.0009347262675873935
6027,0.0009338335948996246
5983,0.0009334872593171895
2597,0.0009324575657956302
871,0.0009324447310063988
897,0.0009322140249423683
7168,0.000930885988054797
4807,0.0009308684966526926
2320,0.0009305024577770382
7184,0.0009301393874920905
6001,0.0009295836789533496
953,0.0009295562631450593
6865,0.0009290060843341053
7993,0.0009287392604164779
3312,0.0009286730200983584
5722,0.0009279673977289349
4238,0.0009273706818930805
7458,0.0009270612499676645
4527,0.0009260426450055093
3165,0.0009253385651391
1051,0.0009251633600797504
2587,0.0009250729344785213
7620,0.0009249516297131777
470,0.0009248570422641933
3594,0.0009231126750819385
3068,0.0009229967545252293
6802,0.00092276930809021
5132,0.0009219598432537168
3193,0.0009219592902809381
4833,0.000921627099160105
5005,0.0009215963073074818
4178,0.0009214128949679434
4497,0.0009212375443894416
1694,0.000920813181437552
5030,0.0009207087859977037
2043,0.0009188706462737173
3769,0.0009184515220113099
6359,0.0009182241337839514
663,0.0009180397028103471
5503,0.0009179914486594498
3827,0.0009178536711260676
7728,0.0009169334080070257
920,0.0009160345362033695
538,0.0009157634049188346
5043,0.0009156742016784847
5585,0.0009155608131550252
4839,0.0009142704075202346
119,0.0009139911853708327
916,0.000913754221983254
1417,0.0009132156847044826
5913,0.000913119176402688
340,0.0009129649552050978
3000,0.0009117182635236531
46,0.000911544164409861
1534,0.0009099721210077405
2336,0.0009096997673623264
2093,0.0009081239404622465
5489,0.0009080480958800763
2612,0.0009064179612323642
884,0.0009057469142135233
3302,0.0009054047986865044
176,0.0009048543579410762
2809,0.000903875712538138
4024,0.000903714942978695
2031,0.0009033468959387392
4015,0.0009029650536831468
6770,0.0009015152754727751
6703,0.0009014052047859877
4582,0.0008999532146845013
219,0.0008995558018796146
2335,0.0008995344396680593
7494,0.000896948273293674
2566,0.0008969163172878325
5418,0.0008962453866843134
3949,0.0008960083650890738
4961,0.0008955533266998827
4883,0.000895395060069859
6423,0.0008949500625021756
7286,0.0008933625067584217
4139,0.0008931310439947993
6803,0.0008930710610002279
5738,0.0008928579045459628
4244,0.000892110780114308
5327,0.0008918773964978755
1894,0.0008913955534808338
4773,0.0008910282049328089
4279,0.0008905666181817651
7749,0.0008902885892894119
5732,0.0008899689419195056
7755,0.0008898048545233905
3016,0.0008893415506463498
3389,0.0008888514712452888
7336,0.0008870013989508152
6903,0.0008864029077813029
1675,0.00088640081230551
4914,0.0008863478433340788
7077,0.0008863361435942352
1312,0.0008863132388796657
2267,0.0008858521759975702
6075,0.0008856962958816439
2054,0.0008854978368617594
6192,0.0008854936459101737
354,0.0008854510087985545
5846,0.0008853340696077794
3080,0.0008851216407492757
3783,0.0008844751864671707
7044,0.0008843979157973081
513,0.0008824366086628288
5469,0.0008818760397844017
1458,0.0008807239646557719
1223,0.0008802945085335523
4310,0.0008802892407402396
3667,0.0008801172079984099
4783,0.0008796867041382939
4466,0.0008794397872406989
7106,0.0008760028285905719
4401,0.0008757142932154238
7317,0.0008747434476390481
4237,0.0008746726962272078
6406,0.0008741956553421915
7526,0.0008736115414649248
7525,0.000873489014338702
7140,0.0008729261753614992
6043,0.000872790056746453
1210,0.0008725939260330051
4896,0.0008722212514840066
956,0.0008720414480194449
7302,0.0008715621952433139
7413,0.0008711181289982051
4318,0.0008709001122042537
6207,0.0008707981323823333
4898,0.0008703414350748062
113,0.0008702866325620562
146,0.00087019830243662
2075,0.0008696282748132944
3015,0.0008691813272889704
1702,0.0008682847546879202
1867,0.0008679200836922973
6161,0.0008677194127812982
3583,0.0008677059668116271
6087,0.0008675232529640198
7686,0.0008668653317727149
1597,0.0008666811336297542
5565,0.000866413553012535
5269,0.0008655920682940632
3654,0.000865540758240968
7047,0.0008646477363072336
7181,0.0008644479385111481
4357,0.0008643993351142853
1232,0.0008638340805191547
3642,0.0008631813689135015
5145,0.0008628063078504056
5168,0.000862640212289989
3496,0.00086234588525258
5117,0.000861934939166531
552,0.0008614755934104323
233,0.0008596158877480775
2966,0.0008593991515226662
6211,0.0008593883540015668
5012,0.0008592468220740557
4516,0.0008591921941842884
4426,0.0008591859368607402
7599,0.0008590201614424586
1280,0.0008576812397222966
311,0.0008568618213757873
2763,0.0008564614108763635
6316,0.0008556569227948785
6907,0.0008548863115720451
2477,0.0008548492332920432
3665,0.0008535751258023083
5099,0.0008532815263606608
2260,0.0008528001490049064
536,0.0008526475576218218
7974,0.000852248806040734
5666,0.0008518059912603348
2291,0.0008515715599060059
7275,0.0008508236496709287
4720,0.0008502877899445593
4686,0.0008496172667946666
4754,0.0008491013140883297
3280,0.000847541494295001
529,0.0008462343248538673
334,0.0008461661636829376
967,0.0008455295173916966
501,0.0008454790222458541
6939,0.0008453176124021411
1165,0.0008426652930211276
7000,0.0008409303554799408
6659,0.0008408998255617917
262,0.0008400649530813098
2478,0.0008391079900320619
5791,0.0008384132233913988
6936,0.0008381158113479614
4673,0.0008372682495974004
2057,0.0008371984586119652
4515,0.0008369839924853295
4817,0.0008367992704734206
3196,0.0008357734768651426
6966,0.0008354943129234016
2594,0.0008349722775164992
3439,0.0008344838279299438
6993,0.0008336376922670752
3358,0.0008311459678225219
3085,0.0008310206758324057
2510,0.0008309650293085724
3744,0.0008293191203847528
3928,0.0008285843359772116
2805,0.0008261688053607941
5330,0.0008241546165663749
152,0.0008236871217377484
1000,0.0008235491695813835
799,0.0008234857523348182
7091,0.0008232114196289331
3269,0.000822014088043943
3461,0.0008219581213779747
744,0.0008199127623811364
6793,0.0008189380168914795
3205,0.0008184973848983645
5161,0.0008182456076610833
5834,0.0008181121665984392
7919,0.0008174473769031465
4152,0.0008173461828846484
6663,0.0008173293899744749
402,0.0008172600355464965
4134,0.0008166892803274095
1452,0.0008162861922755837
7238,0.0008159689023159444
428,0.0008152777445502579
2130,0.0008143642044160515
1641,0.0008133557275868952
5809,0.000813082413515076
3214,0.0008130130008794367
4903,0.0008127019682433456
3245,0.0008125599124468863
4296,0.000811491278000176
1444,0.0008080663974396884
6534,0.0008076851954683661
6734,0.0008066092268563807
3786,0.0008056263613980263
4569,0.0008051696349866688
3913,0.0008046683215070516
4327,0.000804114097263664
5022,0.0008038382511585951
6783,0.0008034677885007113
5111,0.000802837370429188
2473,0.0008013674232643098
3342,0.0008009566518012434
3373,0.0008009103476069868
4740,0.0008007253345567733
6430,0.000800517329480499
4746,0.0008003046095836908
3065,0.0007998072251211852
6984,0.0007997952634468675
7456,0.0007975341577548534
191,0.0007974849722813815
3730,0.0007953930180519819
2289,0.00079464161535725
2381,0.0007945639081299305
7250,0.0007932430598884821
5661,0.0007924442761577666
7940,0.0007923116791062057
4696,0.0007917798939161003
3246,0.0007908520346973091
4084,0.0007905276142992079
634,0.0007899858755990863
2864,0.000789456011261791
1428,0.000789404904935509
6395,0.0007887275132816285
818,0.0007886388921178877
5376,0.0007885828381404281
1414,0.0007877688622102141
2518,0.0007872964779380709
6771,0.0007865416700951755
6887,0.0007855967269279063
3782,0.0007850264082662761
2051,0.0007845252112019807
4169,0.0007834896678104997
7553,0.0007819929160177708
687,0.0007814395357854664
1048,0.0007803537591826171
5655,0.0007802891486790031
7531,0.0007801718602422625
908,0.0007800068706274033
5314,0.0007798460428602993
2690,0.0007793413533363491
4808,0.0007787536596879363
5229,0.0007784213812556118
5421,0.000777809094870463
2848,0.0007771617965772748
5162,0.0007751727534923702
7813,0.0007750129443593323
5216,0.0007740969303995371
6431,0.0007734449463896453
4407,0.0007733441016171128
5876,0.0007731746882200241
4946,0.0007723926100879908
2568,0.0007723525923211128
6721,0.0007706121541559696
1778,0.0007704055460635573
7655,0.0007691391510888934
7323,0.0007691209902986884
1374,0.0007689084450248629
4419,0.0007685832097195089
5798,0.0007678998517803848
4995,0.0007676788372918963
7557,0.0007668894249945879
6701,0.0007658210233785212
7910,0.000763978052418679
7080,0.0007633251661900431
7362,0.0007628202438354492
67,0.0007614233472850174
5878,0.0007596836076118052
2116,0.0007591276953462511
4000,0.0007571552996523678
1256,0.0007564598636236042
2045,0.0007562431565020233
5918,0.0007557009230367839
5870,0.0007552923343610018
7450,0.000755006680265069
7345,0.000753500935388729
60,0.0007511362200602889
34,0.0007493612356483936
2964,0.0007492041622754186
2447,0.0007468139519914985
1008,0.0007461252389475703
1388,0.0007444240618497133
7925,0.0007443501381203532
3222,0.0007441618363372982
6656,0.0007434424478560686
630,0.0007417081505991518
2533,0.0007413148414343596
7763,0.0007409009558614343
4829,0.0007403134950436652
1742,0.0007402500777971
5320,0.0007385772187262774
4868,0.0007383067859336734
182,0.0007363368640653789
7464,0.0007345477351918817
6438,0.0007333299436140805
5241,0.0007318704447243363
6015,0.0007282770529855043
4351,0.0007257176330313087
287,0.0007252148643601686
6517,0.0007246581953950226
6380,0.0007239210535772145
6869,0.0007239039405249059
1085,0.00072310003452003
6533,0.00072222258313559
1203,0.000721665215678513
7359,0.0007213063072413206
2167,0.0007211407646536827
1758,0.0007208421593531966
3813,0.0007198103121481836
5304,0.000719597446732223
6164,0.0007194592617452145
6411,0.0007171819161158055
295,0.0007166140130721033
6725,0.0007138741493690759
6315,0.000713655463187024
3365,0.0007104092510417104
1179,0.0007069759303703904
5434,0.0007064814562909305
3017,0.0007061965006869286
2505,0.0007025528175290674
3448,0.0007021735073067248
4789,0.0007019011245574802
2519,0.0007018866308499128
7822,0.0007010003027971834
7684,0.0006988947570789605
5246,0.0006987437373027205
7026,0.0006980245816521347
3235,0.0006965624634176493
932,0.0006945556960999966
2945,0.0006945394561626017
7092,0.0006943517364561558
4133,0.0006938884034752846
615,0.0006937842408660799
2238,0.0006911358796060085
5443,0.0006900855514686555
7856,0.000688464700942859
2616,0.0006841535505373031
6700,0.0006834172527305782
3775,0.0006793753418605775
6917,0.0006782724231015891
7657,0.0006778677925467491
1158,0.0006740503886248916
7893,0.0006732891779392958
4088,0.0006707649736199528
6308,0.0006699243967887014
6687,0.0006690982554573566
1726,0.0006677300843875855
213,0.0006676886696368456
4791,0.000667036249069497
1953,0.0006659757054876536
4640,0.0006655528850387782
4037,0.0006652140291407704
4743,0.0006637976039201021
7390,0.0006612700526602566
4058,0.0006612406577914953
7038,0.0006601139320991933
2656,0.0006577022722922266
1697,0.0006562847993336618
7816,0.0006518115405924618
1391,0.0006464313191827387
5182,0.0006460359436459839
5766,0.0006460050062742084
345,0.000644721178105101
6532,0.0006415070674847811
4926,0.000641289894701913
5807,0.0006402346480172127
4269,0.0006399253907147795
4693,0.0006398444238584489
6463,0.0006383981090039015
1109,0.0006368272006511688
6853,0.0006362030399031937
1781,0.0006358119135256857
341,0.000635501288343221
7602,0.0006341536645777524
5608,0.0006338256353046745
4011,0.0006305828574113548
7312,0.0006304768612608314
1545,0.0006303468544501811
7970,0.0006267847784329206
3483,0.0006262956885620952
5818,0.0006259372166823596
1790,0.0006246201519388705
2879,0.0006231882725842297
7408,0.0006218074122443795
3306,0.0006189370469655842
6540,0.0006185363745316863
2804,0.0006184020603541285
5745,0.0006129931716714054
6938,0.0006121853657532483
6537,0.00061101108440198
2496,0.0006091257382649928
2900,0.000606203218922019
7943,0.0006055669509805739
3272,0.0006039704021532089
5455,0.000602571468334645
2622,0.0006022419547662139
887,0.0006016897386871278
5914,0.0006007283227518201
6792,0.0005986548494547606
1665,0.0005982299917377532
873,0.000596421305090189
5209,0.000593923032283783
7559,0.0005892874905839562
4702,0.0005886246217414737
7203,0.0005884699639864266
3236,0.0005878338706679642
4528,0.0005820468941237777
4753,0.000581172265810892
6541,0.0005806390545330942
3311,0.0005793395102955401
266,0.0005782876978628337
7890,0.000575992016820237
2897,0.0005758474580943584
6305,0.0005755957681685686
3427,0.0005741432541981339
6455,0.0005711587728001177
904,0.0005698592576663941
2301,0.0005693121929652989
3984,0.0005692666745744646
3927,0.0005680119502358139
664,0.0005679498426616192
1943,0.0005677771114278585
5588,0.0005670042592100799
5481,0.0005619086441583931
1584,0.0005617087008431554
3548,0.0005600560689345002
5643,0.0005542253784369677
492,0.0005534570664167404
2898,0.000549880089238286
4192,0.0005469624884426594
2405,0.0005462738336063921
7541,0.0005422781978268176
2462,0.0005336830508895218
5367,0.0005325106903910637
3631,0.000531020894413814
7990,0.0005307742103468627
4940,0.0005288319662213326
3030,0.000528623117133975
208,0.0005275470903143287
6511,0.0005273769493214786
2070,0.0005224861961323768
3334,0.0005217087455093861
6274,0.0005166468617971987
31,0.0005161167355254292
892,0.0005118187400512397
1565,0.000510522979311645
3589,0.0005075084918644279
3959,0.0005072141066193581
4409,0.000506823358591646
7757,0.0005063217831775546
7891,0.0005058753886260092
5717,0.000498137524118647
5737,0.000497670378535986
3799,0.0004948974819853902
6058,0.0004887869290541857
206,0.0004883165820501745
6811,0.0004876053426414728
6326,0.0004867389507126063
221,0.00047524957335554063
6353,0.0004658193502109498
6055,0.00046180078061297536
4945,0.0004502252268139273
4602,0.0004492699372349307
4779,0.0004462336073629558
5595,0.00044565158896148205
5019,0.00043197182822041214
5774,0.00042784842662513256
5547,0.0004145583516219631
4802,0.0004104045801796019
4184,0.0004020865890197456
7493,0.00038091663736850023
6269,0.000370327485143207
3203,0.0003692758909892291
5426,0.00035963031405117363
4425,0.00033809403248596936
2532,0.000333256451995112
2284,0.00017039359954651445
385,-0.00010662424028851092
3916,-0.00011134769374621101
3225,-0.000129500353068579
717,-0.0001436448364984244
1524,-0.00014966331946197897
3001,-0.00017219793517142534
2225,-0.00017254673730349168
6038,-0.00017835474864114076
1920,-0.00018171421106671914
7736,-0.00018410967459203675
4346,-0.0001932743252837099
360,-0.00019744731253013015
2401,-0.00020239303557900712
5208,-0.00020436160411918536
3137,-0.00020467699505388737
3488,-0.0002085130981868133
6733,-0.0002095226664096117
7639,-0.0002146218394045718
4687,-0.00021486445621121675
5122,-0.0002154461180907674
880,-0.00021809116879012436
2950,-0.00022272355272434652
4934,-0.00022415825515054166
6675,-0.00022455321595771238
7830,-0.00022480354527942836
686,-0.00022605319099966437
3372,-0.00022801548038842157
2685,-0.00023386054817819968
970,-0.00023479454830521718
1654,-0.0002348743873881176
5594,-0.00023603253794135526
6260,-0.00023755888105370104
7687,-0.0002384220715612173
6874,-0.00024118957662722096
3041,-0.0002414952323306352
403,-0.0002446622238494456
650,-0.00024695250613149256
3285,-0.00024807620502542704
980,-0.00024982201284728944
6005,-0.00025076072779484093
3428,-0.00025099117192439735
7099,-0.0002519012923585251
435,-0.0002525362797314301
707,-0.00025308062322437763
7480,-0.0002556924009695649
3044,-0.00025575581821613014
5808,-0.00025848015502560884
7188,-0.00025928816467057914
4349,-0.00026153384533245116
3805,-0.00026282791804987937
4311,-0.0002637982106534764
1454,-0.000264700356638059
5385,-0.00026517843070905656
2888,-0.0002652875555213541
7909,-0.0002662982151377946
5917,-0.0002686214429559186
1897,-0.00026879183133132756
7610,-0.00026884034741669893
7154,-0.00026970068574883044
926,-0.00027051649522036314
5825,-0.0002706810482777655
7438,-0.0002774949389277026
6714,-0.00027751926972996444
4909,-0.00027789559680968523
4532,-0.0002798424829961732
7248,-0.00028137245681136847
2564,-0.00028218707302585244
7612,-0.0002825509291142225
5833,-0.00028398961876519024
7025,-0.0002848003641702235
804,-0.0002850440359907225
2569,-0.0002857051294995472
2237,-0.0002867664734367281
4176,-0.0002875531936297193
3771,-0.0002877100487239659
6577,-0.00028794677928090096
1880,-0.00029022106900811195
4813,-0.00029028256540186703
829,-0.00029340313631109893
227,-0.0002937110548373312
4071,-0.0002952678332803771
4344,-0.00029681905289180577
1258,-0.00029780645854771137
3946,-0.00029810582054778934
3069,-0.00029924759292043746
1352,-0.0003015612601302564
6186,-0.00030176180007401854
2822,-0.00030376226641237736
6746,-0.0003042022726731375
5890,-0.0003048311627935618
1474,-0.00030521648295689374
5750,-0.0003059811715502292
6405,-0.00030747293203603476
1703,-0.0003087606455665082
1180,-0.0003090423415414989
596,-0.00030928925843909383
2592,-0.00031028078228700906
2305,-0.0003126493684248999
7487,-0.00031310519261751324
6950,-0.00031352155201602727
678,-0.00031407720234710723
3987,-0.00031568773556500673
6787,-0.00031790713546797633
6473,-0.0003182476502843201
5783,-0.000318383943522349
4796,-0.00031907901575323194
1297,-0.000320207211188972
1573,-0.00032067227584775537
493,-0.00032309035304933786
7833,-0.00032428622944280505
1309,-0.0003245041298214346
7988,-0.00032499749795533717
4550,-0.0003260800731368363
4997,-0.0003267586580477655
6671,-0.00032836198806762695
3904,-0.0003307577280793339
7847,-0.0003313736815471202
3995,-0.0003323891432955861
1741,-0.000333543008309789
4663,-0.000335450517013669
229,-0.00033581056050024927
3147,-0.0003372458595549688
330,-0.0003373297513462603
3465,-0.00033773381437640637
7372,-0.00033816123323049396
6847,-0.0003389301709830761
688,-0.000339461475959979
2345,-0.00033977741259150207
1251,-0.00033983064349740744
193,-0.0003412904916331172
2449,-0.0003431862860452384
1321,-0.0003433164529269561
4175,-0.0003435962280491367
2202,-0.00034376882831566036
6976,-0.0003444724716246128
4581,-0.000344943386153318
6526,-0.0003453259414527565
1787,-0.0003453967219684273
1075,-0.00034604921529535204
7947,-0.0003464154578978196
2087,-0.0003469214716460556
4760,-0.00034733646316453815
4252,-0.0003484780027065426
3335,-0.0003485548513708636
5075,-0.000348757384927012
747,-0.0003493599942885339
622,-0.0003498650621622801
6850,-0.0003501782921375707
4932,-0.0003504188061924651
7839,-0.0003509423404466361
7180,-0.0003537027369020507
2193,-0.00035382485657464713
7952,-0.0003546263469615951
7713,-0.000356099073542282
1201,-0.0003565152146620676
2521,-0.0003573138528736308
4019,-0.0003580253105610609
2439,-0.0003587830433389172
4922,-0.00035932063474319875
6342,-0.00035992437915410846
49,-0.00036040626582689583
1540,-0.00036054673546459526
6660,-0.0003605808597058058
3940,-0.0003615129098761827
1337,-0.0003623008378781378
6478,-0.0003626966499723494
4041,-0.00036315820761956275
3777,-0.00036331696901470423
2806,-0.00036386706051416695
7695,-0.00036396503855939955
5226,-0.00036436470691114664
4464,-0.0003656043845694512
7068,-0.0003665892145363614
2438,-0.00036675899173133075
4100,-0.0003671045560622588
753,-0.0003710596065502614
7792,-0.0003719865926541388
362,-0.0003725758724613115
5003,-0.00037287455052137375
2242,-0.00037459214217960835
4633,-0.00037471260293386877
4119,-0.0003749526513274759
3368,-0.00037505413638427854
4185,-0.0003767302696360275
5068,-0.00037679614615626633
185,-0.0003769278555409983
3566,-0.0003775663790293038
7807,-0.0003793013165704906
5526,-0.0003797838289756328
4072,-0.0003813279327005148
5640,-0.00038164689613040537
1954,-0.000381752077373676
6652,-0.0003818567784037441
7374,-0.00038209564809221774
1853,-0.00038252420199569315
4306,-0.00038258149288594723
5130,-0.00038347416557371616
6986,-0.0003835658571915701
3379,-0.00038370776746887714
5018,-0.00038486477569676936
2814,-0.00038675479299854487
7793,-0.000386978019378148
2194,-0.00038704877078998834
5759,-0.0003870953369187191
5580,-0.0003874359972542152
451,-0.00039081802242435515
3812,-0.0003912482497980818
1833,-0.0003928601217921823
2224,-0.0003930422681150958
7466,-0.00039370877493638545
188,-0.0003937272558687255
6311,-0.0003938654263038188
2651,-0.00039451303018722683
7986,-0.0003947633667849004
6273,-0.0003953713458031416
7547,-0.0003956074360758066
4504,-0.00039586328784935176
5363,-0.0003959091263823211
1998,-0.00039600372838322073
7682,-0.00039737470797263086
1094,-0.00039757773629389703
2112,-0.0003977572778239846
3581,-0.0003981056797783822
2706,-0.0003985606017522514
7527,-0.00039857177762314677
5254,-0.00039933272637426853
4498,-0.0003994334547314793
7278,-0.00039946155447978526
7249,-0.00040125034865923226
3929,-0.00040245203126687557
342,-0.00040255754720419645
4927,-0.00040349463233724236
3710,-0.0004041958454763517
5850,-0.0004047051479574293
7880,-0.0004047635302413255
5505,-0.0004049085109727457
4879,-0.00040629672002978623
4854,-0.00040632423770148307
190,-0.00040678426739759743
4924,-0.0004080240469193086
326,-0.00040834772516973317
5797,-0.0004091388691449538
4064,-0.0004101325757801533
7744,-0.000411305227316916
3331,-0.0004113103641429916
1298,-0.0004113458999199793
3800,-0.00041178942774422467
3438,-0.00041272064845543355
1484,-0.000414401845773682
3213,-0.0004151481989538297
2154,-0.00041603800491429865
1952,-0.00041610863991081715
7490,-0.00041626566962804645
2878,-0.0004163502453593537
5461,-0.000416480383137241
1095,-0.0004167715669609606
5551,-0.0004175702342763543
1186,-0.00041864009108394384
1195,-0.00041896589391399175
1913,-0.00042025052243843675
2172,-0.0004206844314467162
3634,-0.000420730808400549
891,-0.00042193636181764305
1647,-0.0004219428519718349
4928,-0.0004220306873321533
6227,-0.0004222225252306089
7973,-0.0004225623997626826
1293,-0.0004237875691615045
2973,-0.00042381533421576023
3911,-0.00042426663276273757
161,-0.0004247316683176905
2104,-0.0004257214459357783
4774,-0.0004262522852513939
1074,-0.0004270268836989999
3375,-0.0004270341742085293
783,-0.0004280169523553923
4682,-0.0004283182497601956
1960,-0.0004290061624487862
557,-0.000429213308962062
6301,-0.0004292287048883736
39,-0.0004295034450478852
6748,-0.00043002929305657744
3124,-0.0004305694019421935
6795,-0.00043069905950687826
5129,-0.0004311036173021421
4776,-0.000431838576332666
6937,-0.00043193326564505696
2010,-0.00043249240843579173
5165,-0.000433185399742797
841,-0.00043379070120863616
6246,-0.00043694420310202986
7624,-0.0004372915136627853
5413,-0.00043819431448355317
5576,-0.0004387117805890739
3841,-0.00043985781667288393
3962,-0.0004402350605232641
6277,-0.0004405432555358857
1499,-0.0004411220725160092
588,-0.00044114538468420506
2208,-0.00044194021029397845
6559,-0.00044218993571121246
3571,-0.0004422363272169605
4989,-0.00044285962940193713
2162,-0.000443092460045591
7392,-0.00044452506699599326
7150,-0.0004445774102350697
1729,-0.0004445789963938296
698,-0.0004446679668035358
4404,-0.0004446870880201459
3936,-0.00044517783680930734
426,-0.000445561803644523
1225,-0.0004464441444724798
6513,-0.0004466928221518174
6617,-0.0004471976717468351
4167,-0.0004472692380659282
2934,-0.00044764440099243075
1430,-0.00044767979125026613
6049,-0.00044831522973254323
6694,-0.00044899017666466534
4855,-0.00044921964581590146
5272,-0.00045010865142103285
2837,-0.0004504188254941255
226,-0.0004520006914390251
4243,-0.00045323456288315356
2400,-0.0004538704815786332
3130,-0.000454348890343681
1272,-0.0004548842116491869
4744,-0.00045504377339966595
4572,-0.00045521807624027133
6304,-0.0004553449689410627
4948,-0.0004559245426207781
5035,-0.0004563984111882746
4880,-0.0004567154683172703
7859,-0.0004567590949591249
6150,-0.0004570094170048833
7907,-0.00045709466212429106
367,-0.0004584872367559001
7846,-0.0004593156190821901
4026,-0.00046011277299840003
3486,-0.00046021342859603465
5345,-0.00046175316674634814
7070,-0.0004619669198291376
3122,-0.0004627434245776385
2145,-0.0004630136681953445
5949,-0.000463412725366652
773,-0.0004644392756745219
4254,-0.00046480249147862196
7841,-0.00046527017548214644
2689,-0.0004662558640120551
4952,-0.00046660796215292066
5315,-0.0004670559865189716
6757,-0.0004673806397477165
6437,-0.00046786569873802364
7306,-0.0004681379359681159
4164,-0.0004682461149059236
1714,-0.00046832174120936543
2605,-0.0004689667548518628
3264,-0.0004691798967542127
1557,-0.0004699149139923975
7964,-0.00047001728671602905
4621,-0.00047005939995869994
5895,-0.00047035170427989215
4715,-0.00047065821127034724
6169,-0.0004708239866886288
1068,-0.0004716578114312142
6650,-0.00047250904026441276
5535,-0.00047262338921427727
4902,-0.0004731141380034387
4968,-0.000473278749268502
6457,-0.00047381290642078966
3073,-0.00047449338308069855
4114,-0.000474963104352355
7724,-0.0004751929227495566
6054,-0.0004772104730363935
3977,-0.00047862644714768976
3804,-0.0004800096940016374
7186,-0.00048006861470639706
966,-0.0004807486548088491
2535,-0.00048142649757210165
1128,-0.0004818152083316818
5811,-0.00048214267008006573
1111,-0.00048287055687978864
7,-0.0004829474783036858
5058,-0.00048333975428249687
7874,-0.0004840466572204605
7020,-0.0004848387179663405
3770,-0.0004851929552387446
4264,-0.00048552225052844733
5029,-0.0004855874431086704
7064,-0.0004856419254792854
6013,-0.0004857363528572023
6291,-0.0004859037871938199
1477,-0.000486242221086286
1473,-0.000486366669065319
4971,-0.00048651623365003616
963,-0.00048793597670737654
974,-0.0004879845946561545
2912,-0.0004882971552433446
7355,-0.000488467252580449
1887,-0.0004885416419710964
4778,-0.0004888021794613451
3495,-0.0004889249539701268
4785,-0.0004891552962362766
5131,-0.0004891906428383663
7901,-0.0004892043652944267
471,-0.0004894488665740937
5889,-0.0004904784291284159
5780,-0.000490867838379927
619,-0.0004910176648991182
2589,-0.0004911081632599235
1369,-0.0004921276704408228
35,-0.0004921427753288299
5331,-0.0004922081425320357
1445,-0.0004932334704790264
4991,-0.0004940311919199303
4966,-0.0004943056119373068
516,-0.0004944188112858683
6794,-0.0004945477267028764
1372,-0.000495589425554499
3972,-0.0004961035447195172
7485,-0.0004970854351995513
5518,-0.0004973532195435837
3062,-0.0004981187230441719
6742,-0.0004983422113582492
6420,-0.0004985184350516647
7404,-0.0004987682332284749
1842,-0.0004996152129024267
6961,-0.0004997951473342255
230,-0.0005002429825253785
2969,-0.0005005905113648623
1118,-0.0005009740998502821
7233,-0.000501062284456566
1472,-0.0005011441244278103
3399,-0.000501285248901695
7580,-0.0005020555690862238
4576,-0.000502380557009019
6172,-0.0005028886080253869
7930,-0.0005035451322328299
332,-0.0005036330258008093
2332,-0.0005039480602135882
22,-0.0005042882985435426
5270,-0.0005050453910371289
4891,-0.0005050741019658744
1462,-0.0005050892796134576
6626,-0.0005051507614552975
6485,-0.0005057908711023629
5512,-0.0005062590062152594
5762,-0.000507025484694168
1099,-0.0005075876833871007
7924,-0.0005093140061944723
4588,-0.0005101538263261318
4810,-0.0005109994963277131
3609,-0.000511236721649766
3967,-0.0005116092506796122
4533,-0.0005118120752740651
7217,-0.000513315259013325
2885,-0.0005138507403898984
2059,-0.0005139704153407365
101,-0.0005139716085977852
4272,-0.0005154688260518014
7881,-0.0005157588748261333
2582,-0.0005162443849258125
7251,-0.000516510772285983
796,-0.0005165687762200832
5212,-0.0005170963413547724
1334,-0.0005171878729015589
5271,-0.0005183959437999874
1433,-0.0005185714107938111
6565,-0.0005188954819459468
5458,-0.000519084685947746
2254,-0.0005193428660277277
5359,-0.0005202042957535014
7469,-0.0005203315522521734
2152,-0.0005204238404985517
5600,-0.0005216292338445783
3184,-0.0005219761515036225
1052,-0.0005219874146860093
558,-0.0005227952497079968
6219,-0.0005228208319749683
6796,-0.0005228706868365407
6290,-0.0005244204658083618
2923,-0.0005246810324024409
981,-0.000524813134688884
1240,-0.0005250016401987523
7235,-0.0005252024275250733
4967,-0.0005253876734059304
987,-0.0005254352581687272
7406,-0.0005257966695353389
7431,-0.0005259026947896928
1708,-0.0005261182086542249
7102,-0.0005263886705506593
4442,-0.0005264829087536782
5951,-0.0005264988576527685
9,-0.0005269177490845323
5581,-0.0005269646062515676
3336,-0.0005270792753435671
3876,-0.0005273577990010381
2072,-0.0005277339951135218
6461,-0.0005280853365547955
6257,-0.0005288154061418027
4471,-0.0005290412518661469
1528,-0.0005292679416015744
1567,-0.0005293594440445304
7603,-0.0005303299985826015
550,-0.0005314039590302855
4859,-0.0005318496259860694
2892,-0.0005318628973327577
675,-0.000531865211087279
7299,-0.0005325470701791346
6028,-0.0005327084509190172
3884,-0.0005328621191438287
5416,-0.0005335506866686046
4413,-0.0005339509225450456
1024,-0.0005342925724107772
7410,-0.0005345206300262362
3726,-0.0005347193073248491
2304,-0.0005354235181584954
7929,-0.0005355452303774655
4780,-0.000536309671588242
1720,-0.0005365925608202815
6368,-0.0005368872662074864
4061,-0.000537785526830703
4332,-0.0005385162949096411
2271,-0.0005386385309975594
6674,-0.0005387921701185405
3981,-0.000538840948138386
1690,-0.000539002736331895
6066,-0.0005393783794716001
7605,-0.0005396506458055228
2299,-0.0005409849109128118
1687,-0.0005413166363723576
28,-0.0005414584302343428
4260,-0.0005414825864136219
7652,-0.0005416205967776477
6914,-0.0005417621869128197
6323,-0.0005419958033598959
585,-0.0005420817178674042
4355,-0.0005421869282145053
852,-0.00054252112749964
3747,-0.0005438217776827514
1614,-0.0005445256247185171
3442,-0.0005445589195005596
3576,-0.0005452841287478805
7145,-0.0005456760118249804
6730,-0.0005457880906760693
2579,-0.0005460380634758621
2553,-0.0005460903630591929
3159,-0.0005471907497849315
4762,-0.000547842588275671
4645,-0.000548104289919138
3774,-0.0005489781324286014
5291,-0.0005490724579431117
7479,-0.0005502174608409405
7533,-0.0005506456363946199
7491,-0.0005520205886568874
5755,-0.0005521491693798453
2396,-0.0005524396547116339
1217,-0.0005525359883904457
5213,-0.0005529404734261334
6328,-0.0005530051130335778
537,-0.000553520949324593
7289,-0.0005537591641768813
6680,-0.0005539076228160411
4390,-0.0005542099243029952
3303,-0.0005544959276448935
571,-0.0005545895837713033
998,-0.0005549726192839444
1230,-0.0005553438968490809
6978,-0.0005557580443564802
3002,-0.0005557908152695745
3431,-0.0005558781267609447
5844,-0.0005567313928622752
609,-0.0005568107881117612
5828,-0.0005568566266447306
1767,-0.0005569766508415341
2999,-0.0005573900998570025
2106,-0.0005574389942921698
7305,-0.0005578944110311568
4222,-0.0005581280565820634
2852,-0.0005587000923696905
2109,-0.0005589100765064359
4585,-0.0005590309447143227
982,-0.0005592222441919148
3151,-0.0005592860688921064
6371,-0.0005601368902716786
4107,-0.0005609026993624866
1493,-0.000561263645067811
3088,-0.0005613601242657751
2781,-0.000561868742806837
4382,-0.0005620655138045549
4815,-0.0005620821611955762
6024,-0.0005622073367703706
7024,-0.0005623580073006451
484,-0.000563060661079362
1379,-0.0005635424167849123
3036,-0.0005637076974380761
2649,-0.0005637093563564122
3268,-0.0005638334841933101
325,-0.0005643309559673071
3013,-0.0005644891934935004
1197,-0.0005649908562190831
1837,-0.0005661208415403962
5957,-0.000566583767067641
1219,-0.0005675030988641083
7745,-0.000567962444620207
4414,-0.000568289018701762
189,-0.0005686446093022823
5064,-0.0005688074452336878
2171,-0.0005697007873095572
7001,-0.0005701695918105543
6483,-0.0005704749200958759
5198,-0.0005709561810363084
5364,-0.0005709780380129814
4439,-0.0005712569691240788
3467,-0.0005718536267522722
623,-0.0005718802858609706
2015,-0.0005723829090129584
4608,-0.0005732993013225496
260,-0.0005735258455388248
3789,-0.0005735942104365677
6941,-0.0005736130988225341
6402,-0.0005758986808359623
1023,-0.000575978890992701
3332,-0.0005775056779384613
5195,-0.0005787944537587464
3551,-0.0005788166308775544
436,-0.0005790767318103462
3572,-0.0005793182062916458
4597,-0.0005797131161671132
3031,-0.0005805958935525268
702,-0.0005811400769744068
3456,-0.0005825127300340682
6007,-0.0005825945700053126
1903,-0.0005827975692227483
4246,-0.0005829457368236035
4418,-0.0005830411973875016
2338,-0.0005845951964147389
1012,-0.000585259753279388
5704,-0.0005853082111570984
6060,-0.0005853094335179776
1496,-0.0005863654660061002
3257,-0.0005866269930265844
3079,-0.0005867170402780175
7604,-0.0005868604930583388
1153,-0.0005870067107025534
5357,-0.0005873244081158191
5509,-0.0005878455122001469
2803,-0.0005879148375242949
6699,-0.0005880171083845198
7399,-0.0005882242112420499
3063,-0.0005884404527023435
790,-0.0005885377759113908
1816,-0.0005891351320315152
7444,-0.0005898037343285978
5796,-0.0005901411641389132
6844,-0.0005904200370423496
7056,-0.000590473529882729
1244,-0.0005906322039663792
7244,-0.0005913025524932891
797,-0.0005913045897614211
1812,-0.000591379648540169
5206,-0.0005918588140048087
5144,-0.0005925543373450637
7692,-0.0005925896111875772
5727,-0.0005931075429543853
6574,-0.0005934354849159718
4982,-0.0005939700349699706
1935,-0.0005941636045463383
4979,-0.0005943700089119375
109,-0.0005945322627667338
3435,-0.000594574463320896
7766,-0.0005950358463451266
2789,-0.0005950650956947356
5063,-0.0005953343934379518
3780,-0.0005962234572507441
1481,-0.0005971831269562244
3542,-0.0005972379585728049
3638,-0.0005972474464215338
3394,-0.0005972923536319286
6079,-0.000597315956838429
1261,-0.0005973725346848369
2125,-0.000598289945628494
384,-0.0005984547024127096
236,-0.0005986535106785595
1250,-0.0005988705379422754
2399,-0.0005990454810671508
3385,-0.0005994290404487401
4795,-0.0005997044499963522
1947,-0.0005997985135763884
2375,-0.0006006447365507483
112,-0.0006007665651850402
6895,-0.0006014433747623116
6026,-0.0006018418935127556
7315,-0.0006021974259056151
7460,-0.0006022164598107338
853,-0.0006026430928613991
1817,-0.0006028575880918652
7477,-0.0006030004296917468
3470,-0.0006036792474333197
4864,-0.0006037874845787883
2165,-0.0006039185100235045
2823,-0.0006045384798198938
2902,-0.0006047242786735296
3930,-0.0006056955317035317
545,-0.0006058971048332751
1681,-0.0006063420150894672
3973,-0.0006067441718187183
6482,-0.0006071187963243574
2699,-0.0006072245596442372
3377,-0.000607551570283249
1160,-0.000607666588621214
1969,-0.0006084721826482564
1649,-0.0006090053648222238
2965,-0.0006099754245951772
4432,-0.0006101641920395195
6756,-0.0006107093067839742
7114,-0.0006117761658970267
2986,-0.0006120112084317952
371,-0.0006131624104455113
70,-0.0006135297298897058
6870,-0.0006135909934528172
4321,-0.0006140059558674693
5368,-0.0006141456542536616
657,-0.0006143326172605157
6188,-0.0006145852385088801
199,-0.000614585995208472
1881,-0.0006149639375507832
661,-0.0006150041881483048
2139,-0.0006150490662548691
7234,-0.0006162784702610224
5945,-0.0006166879320517182
406,-0.0006168140680529177
7883,-0.0006171966961119324
3182,-0.0006172929715830833
3903,-0.0006174148584250361
530,-0.0006178738840389997
5703,-0.0006179264164529741
379,-0.0006191809370648116
7008,-0.0006198647315613925
5590,-0.0006205631943885237
3892,-0.0006218428316060454
7366,-0.0006219626520760357
2353,-0.0006222926313057542
1157,-0.0006227914127521217
3466,-0.0006231459847185761
7503,-0.0006233253807295114
123,-0.0006234549800865352
3173,-0.000623541563982144
1987,-0.0006236776825971901
6593,-0.0006237372290343046
5866,-0.0006237715715542436
4199,-0.0006243244861252606
625,-0.0006243844982236624
4330,-0.0006244026299100369
4651,-0.0006246125267352909
7334,-0.0006249685247894377
1826,-0.0006251904414966702
7564,-0.00062538732890971
6808,-0.0006262545939534903
281,-0.0006265982810873538
4415,-0.0006266356213018298
1764,-0.000626660359557718
7853,-0.0006269894656725228
1304,-0.0006271929305512458
2105,-0.000627253990387544
333,-0.0006274374318309128
5646,-0.0006274609186220914
1344,-0.0006275482301134616
3659,-0.0006275989289861172
4603,-0.0006277012580540031
1644,-0.0006277466309256852
3350,-0.000627970090135932
3515,-0.0006280194502323866
6165,-0.0006282109825406224
1946,-0.0006285719282459468
2919,-0.0006287475989665836
6638,-0.0006288356380537152
6524,-0.0006292217294685543
7536,-0.0006293072656262666
4341,-0.0006294906488619745
6863,-0.0006295128841884434
7223,-0.0006297778454609215
454,-0.0006298521475400776
885,-0.0006307176081463695
4018,-0.0006308486917987466
4095,-0.0006311647593975067
3468,-0.0006311950273811817
2819,-0.0006315603677649051
3354,-0.0006315860955510288
3518,-0.0006321240507531911
5773,-0.00063233872060664
315,-0.0006325494323391467
4048,-0.0006329793250188231
209,-0.0006331957702059299
1037,-0.000633481569821015
289,-0.0006337193190120161
1001,-0.0006337881204672158
5274,-0.0006343966524582356
3885,-0.0006344930443447083
1370,-0.0006347894377540797
3082,-0.0006348729657474905
5564,-0.0006362315907608718
4772,-0.00063628691714257
676,-0.0006363062711898237
7920,-0.0006364879372995347
4951,-0.0006365890149027109
5137,-0.0006367994355969131
2376,-0.0006371390772983432
640,-0.0006371522322297096
3452,-0.0006371659401338547
5779,-0.0006397216930054128
1399,-0.0006411242356989533
7844,-0.0006416832038667053
3684,-0.0006417541881091893
5255,-0.000641843507764861
3423,-0.0006431031215470284
59,-0.0006432780064642429
6706,-0.0006438279815483838
7586,-0.0006439600547309965
2669,-0.000643971492536366
5622,-0.0006440825527533889
3865,-0.0006441769655793905
5812,-0.0006442216981668025
5207,-0.0006443369493354112
1869,-0.0006446307234000415
2871,-0.0006447912310250103
478,-0.0006451725494116545
11,-0.0006454011308960617
7764,-0.0006460332369897515
6765,-0.0006460830627474934
2155,-0.0006464396719820797
1723,-0.0006464540492743254
6236,-0.0006482006574515253
2659,-0.0006487601203843951
2022,-0.0006493321561720222
1468,-0.0006498259026557207
3012,-0.0006508876977022737
4078,-0.0006512067338917404
6614,-0.0006513358966913074
1815,-0.0006513863627333194
811,-0.0006516860448755324
5377,-0.000651720620226115
6025,-0.0006519721355289221
6114,-0.0006524509517475963
6859,-0.0006524876225739717
4089,-0.0006525062781292945
3489,-0.000652838556561619
7741,-0.0006532777042593807
4560,-0.0006536303262691945
473,-0.000654076662613079
7360,-0.00065451450063847
4524,-0.0006549199752043933
1367,-0.0006553134880959988
2392,-0.0006559299654327333
960,-0.0006560308393090963
1392,-0.0006563994975294918
7014,-0.0006575411534868181
3061,-0.0006578211905434728
268,-0.000657838536426425
3242,-0.0006581328343600035
6502,-0.000658204109640792
2596,-0.0006588292599190027
5657,-0.0006588812684640288
7164,-0.0006588828982785344
5519,-0.0006597854080609977
1942,-0.0006606643728446215
3944,-0.0006607188261114061
6022,-0.000661356229102239
1042,-0.0006615020683966577
2415,-0.0006619499763473868
1895,-0.0006619706109631807
6170,-0.0006620727072004229
6911,-0.0006621344655286521
243,-0.0006627601687796414
7131,-0.0006637508631683886
3081,-0.0006638295308221132
5741,-0.0006645832036156207
7760,-0.0006647398404311389
2344,-0.0006652026495430619
4124,-0.0006653208110947162
6698,-0.0006660000653937459
5488,-0.000666563690174371
1730,-0.0006665828113909811
4664,-0.0006666742847301066
2388,-0.0006669256836175919
3283,-0.0006672558665741235
2207,-0.0006679500511381775
3935,-0.0006682064849883318
4130,-0.0006684506370220333
348,-0.0006686342239845544
2342,-0.0006688005232717842
3538,-0.0006689114670734853
3402,-0.0006690741283819079
5690,-0.0006696692435070872
4544,-0.0006697499484289438
4964,-0.0006705523701384664
802,-0.0006706196290906519
4443,-0.0006707465217914432
3821,-0.0006710624147672206
2483,-0.0006715305207762867
6726,-0.0006716263014823198
6596,-0.0006717924843542278
4518,-0.0006724394042976201
770,-0.0006724725244566798
3033,-0.0006725499406456947
2124,-0.0006727655418217182
3429,-0.0006731736939400434
6235,-0.0006731858884450048
5787,-0.000673579634167254
446,-0.0006737687799613923
257,-0.0006743656122125685
5211,-0.0006747956504113972
7454,-0.0006756394577678293
2717,-0.0006759426614735276
7332,-0.0006760521500837058
300,-0.0006762716802768409
1965,-0.0006766356818843633
3840,-0.0006772300112061203
735,-0.0006778098177164793
574,-0.0006778597889933735
3023,-0.0006788499595131725
6138,-0.0006798407412134111
6944,-0.0006804235745221376
597,-0.0006807390891481191
1754,-0.0006809800397604704
7428,-0.0006815362139604986
805,-0.0006815805681981146
5630,-0.0006815950036980212
4600,-0.0006818786496296525
1464,-0.0006820953567512333
1651,-0.0006834357045590878
1704,-0.00068350211950019
7508,-0.0006841852446086705
4204,-0.0006850218051113188
6956,-0.0006851553334854543
5734,-0.0006859890709165484
3009,-0.0006864086026325822
3925,-0.0006871018558740616
3544,-0.0006877276173327118
644,-0.0006878362328279763
3530,-0.0006879391148686409
2828,-0.000688310363329947
6784,-0.0006886156043037772
6398,-0.000688950385665521
7546,-0.000689031818183139
1403,-0.0006894122925586998
6310,-0.0006896945997141302
293,-0.0006898967258166522
5441,-0.0006899668369442225
2272,-0.0006900977750774473
563,-0.0006901428569108248
7894,-0.0006906245253048837
3557,-0.0006912461249157786
3234,-0.0006914633559063077
2629,-0.0006926173809915781
5782,-0.0006928145012352616
4626,-0.0006929372320882976
1936,-0.000693503359798342
5199,-0.000693805399350822
3705,-0.0006940158491488546
381,-0.0006942312465980649
6982,-0.0006949140515644103
438,-0.0006952887051738799
5214,-0.0006956459837965667
5852,-0.0006960879836697131
997,-0.0006960894679650664
694,-0.0006961915059946477
7758,-0.0006965483189560473
2901,-0.0006966112123336643
4623,-0.0006969264941290021
3680,-0.000697163341101259
6460,-0.000697462644893676
3621,-0.0006977554294280708
4519,-0.0006977633165661246
3748,-0.0006987483357079327
5688,-0.0006987694941926748
1917,-0.0006989686808083206
2607,-0.0006993505521677434
6189,-0.0006994622526690364
6445,-0.0006996185693424195
3224,-0.0006998701137490571
3520,-0.0007002268685027957
6669,-0.0007005901425145566
4391,-0.000701760669471696
7696,-0.0007025396917015314
5193,-0.0007026067760307342
4985,-0.0007033083529677242
4530,-0.0007037191826384515
3758,-0.000703755795257166
5829,-0.0007047250401228666
856,-0.0007048448314890265
2082,-0.0007053605513647199
1172,-0.0007058049086481333
6318,-0.0007062428921926767
2485,-0.0007062703080009669
2695,-0.0007065021200105548
4097,-0.0007065451354719698
7442,-0.0007070634746924043
666,-0.000707616243744269
7774,-0.000708289269823581
7019,-0.0007084691023919731
4606,-0.0007088969578035176
6282,-0.0007090340950526297
135,-0.0007092721061781049
800,-0.00070929154753685
6691,-0.0007100564544089139
5034,-0.0007101366063579917
6930,-0.0007105451950337738
3211,-0.0007108203135430813
1888,-0.0007108834979590029
5867,-0.0007110696169547737
7273,-0.0007115631306078285
4692,-0.0007118036446627229
6129,-0.0007122262031771243
3976,-0.0007128161960281432
6059,-0.0007133765320759267
7509,-0.000713455694494769
7468,-0.0007135163759812713
5321,-0.000713832036126405
2492,-0.000714401452569291
6856,-0.0007144671399146318
2642,-0.0007145850686356425
6134,-0.0007146186253521591
6759,-0.0007155320199672133
5954,-0.0007159153174143285
3648,-0.0007161296962294728
3900,-0.0007161300454754382
1100,-0.0007164367707446218
3498,-0.0007170537719503045
2511,-0.0007174532220233232
6136,-0.0007183711277320981
922,-0.0007192361226771027
7196,-0.0007193522760644555
1782,-0.0007197546074166894
4371,-0.0007197689265012741
2718,-0.0007204286230262369
5973,-0.0007216950180009007
1498,-0.000722653407137841
739,-0.0007233180804178119
1218,-0.0007235761149786413
7132,-0.0007243627042043954
1868,-0.0007247628236655146
97,-0.0007248445763252676
2704,-0.000725289952242747
7294,-0.0007258092518895864
2217,-0.0007259747362695634
2448,-0.0007263922016136348
5116,-0.0007264607411343604
1977,-0.0007265344611369073
994,-0.0007267884502653033
5937,-0.0007268195040524006
7129,-0.0007273252122104168
2235,-0.0007278942794073373
5189,-0.0007281202124431729
292,-0.0007282066508196294
2198,-0.0007289776694960892
4253,-0.0007291941437870264
254,-0.0007292023219633847
2308,-0.0007293106464203447
689,-0.0007297604461200535
7389,-0.000729873456293717
5672,-0.0007299509597942233
1266,-0.0007301598088815808
6096,-0.0007303233724087477
5086,-0.0007309198554139584
1291,-0.0007309684588108212
7225,-0.00073100725421682
6620,-0.0007311412482522428
3327,-0.0007320091535802931
5114,-0.0007321934390347451
1757,-0.0007325659389607608
4207,-0.000732639484340325
1618,-0.0007335174595937133
6975,-0.0007338391442317516
6946,-0.0007340616139117628
4297,-0.0007342338212765753
572,-0.0007343547767959535
1743,-0.000735617708414793
3975,-0.0007362621545325965
6197,-0.0007364037446677685
3886,-0.0007366705103777349
3997,-0.0007369939121417701
2711,-0.0007373408589046448
4642,-0.0007380385941360146
2839,-0.0007381313480436802
7175,-0.0007381520990747958
71,-0.0007384184573311359
2995,-0.0007386708457488567
6568,-0.0007390544633381069
1359,-0.0007392886618617922
1421,-0.0007394643616862595
7402,-0.0007396833971142769
2570,-0.0007404620409943163
7934,-0.0007404904172290117
5156,-0.0007408025267068297
4359,-0.0007408208039123565
2129,-0.0007408300007227808
6657,-0.0007412453123833984
851,-0.0007412848644889891
4838,-0.0007417888846248388
297,-0.0007431507692672312
1015,-0.0007435824954882264
7767,-0.0007436867745127529
7130,-0.0007440053741447628
5724,-0.0007440598274115473
2065,-0.0007440945191774517
6510,-0.0007451791316270828
4529,-0.0007454287842847407
836,-0.0007455148734152317
7125,-0.0007461931090801954
780,-0.000746411649743095
2586,-0.0007467178802471608
3301,-0.0007468267576768994
6339,-0.0007475325546693057
1275,-0.0007476017344743013
2859,-0.0007476632308680564
4007,-0.0007480256317649037
3699,-0.0007481312495656312
6424,-0.0007484416128136218
63,-0.0007484833477064967
2149,-0.0007485009264200926
2779,-0.0007485142268706113
817,-0.000748923746868968
1948,-0.0007493122247979045
4021,-0.0007493681041523814
2397,-0.0007498077757190913
6057,-0.000750352191971615
6590,-0.0007504646200686693
3662,-0.0007510190480388701
3462,-0.0007510634022764862
4764,-0.0007511336880270392
4315,-0.0007515709730796516
7827,-0.0007518529309891164
7103,-0.0007518995844293386
7433,-0.0007520093058701605
7096,-0.0007522583182435483
7622,-0.0007523419917561114
2203,-0.0007524497341364622
4983,-0.0007527447305619717
4148,-0.0007528245914727449
5644,-0.0007529715658165514
7486,-0.0007535551267210394
4079,-0.0007536128396168351
1279,-0.0007538145582657307
1002,-0.0007539683720096946
4577,-0.000755489629227668
2060,-0.0007555291813332587
656,-0.0007555409974884242
2465,-0.0007557077333331108
7205,-0.0007557610515505075
6256,-0.0007561692618764937
2192,-0.0007562047976534814
1030,-0.0007562276441603899
6385,-0.000756843714043498
2324,-0.000757124274969101
5400,-0.0007571821915917099
642,-0.000757273897761479
4996,-0.000757820758735761
5567,-0.0007578858057968318
7301,-0.0007581484387628734
1802,-0.0007583868282381445
1971,-0.0007586780120618641
7357,-0.000758698588469997
6044,-0.0007588161388412118
5326,-0.0007600203389301896
2088,-0.0007600723474752158
4034,-0.0007601219112984836
3719,-0.0007602247642353177
6008,-0.0007602931873407215
1254,-0.000760296534281224
3559,-0.0007612927292939276
5102,-0.0007613788184244186
153,-0.0007617406081408262
5347,-0.0007618069357704371
3599,-0.0007622195407748222
7815,-0.0007625001890119165
7650,-0.0007626507722306997
757,-0.0007627865415997803
7462,-0.0007628310413565487
126,-0.000764713913667947
4290,-0.0007648908067494631
3407,-0.0007652303902432323
2821,-0.0007653723296243697
6977,-0.0007661533891223371
2373,-0.0007661725976504385
5992,-0.0007662134594283998
136,-0.0007667477184440941
2774,-0.0007668221660424024
531,-0.0007670708582736552
7631,-0.0007671889616176486
5384,-0.0007677371613681316
6833,-0.0007679860282223672
6797,-0.0007685642631258816
1268,-0.0007686284952796996
6051,-0.0007688209589105099
7953,-0.0007689464837312698
3106,-0.0007698753906879574
7676,-0.0007700017304159701
1858,-0.0007700050191488117
6253,-0.0007701863651163876
7987,-0.0007712773513048887
2508,-0.00077156035695225
1728,-0.0007722231966909021
2903,-0.0007724624883849174
3596,-0.0007727369084022939
303,-0.0007733528618700802
578,-0.0007739918655715883
4770,-0.0007746616029180586
6239,-0.0007748855277895927
3415,-0.0007758292194921523
2350,-0.0007760323642287403
2453,-0.0007760782609693706
5349,-0.0007762731111142784
4965,-0.0007765561458654702
6998,-0.0007765773916617036
170,-0.0007766425260342658
1104,-0.0007768025097902864
108,-0.0007769145595375448
7148,-0.0007770098745822906
7006,-0.0007770559459459037
5250,-0.0007770786469336599
5051,-0.0007777501014061272
604,-0.0007781009189784527
3171,-0.0007782468746881932
5615,-0.0007785141351632774
4615,-0.000778803660068661
1854,-0.0007789950468577445
2663,-0.0007791458046995103
1813,-0.000779277877882123
1405,-0.0007794292760081589
3574,-0.0007805619679857045
4907,-0.0007806661014910787
2606,-0.0007815376739017665
4283,-0.0007817101723048836
2908,-0.0007828159141354263
2221,-0.0007830628601368517
4700,-0.000783274561399594
337,-0.000783284951467067
7995,-0.0007834357675164938
7226,-0.0007834392308723181
1349,-0.0007839119934942573
3695,-0.0007841350161470473
5855,-0.0007851216068957001
6569,-0.0007856967858970165
3862,-0.000785936979809776
759,-0.0007864001672714949
2286,-0.0007870349218137562
5083,-0.0007874560542404652
3014,-0.0007875590526964515
1707,-0.0007880015764385462
3237,-0.0007890381675679237
4984,-0.0007892867433838546
4708,-0.0007893766451161355
3863,-0.0007894710870459676
1650,-0.0007895009184721857
6991,-0.0007902494980953634
635,-0.0007902952784206718
1284,-0.000790758931543678
2352,-0.0007909001724328846
2229,-0.0007909154519438744
368,-0.000790950667578727
7209,-0.0007909870182629675
7488,-0.0007910538697615266
3040,-0.0007916749163996428
7985,-0.00079178815940395
7300,-0.000791947910329327
7137,-0.0007920773350633681
5467,-0.0007922041695564985
2322,-0.0007923429948277771
2994,-0.0007923607190605253
4271,-0.0007924693345557898
1287,-0.0007924765523057431
5425,-0.0007927068509161472
81,-0.0007928635168354958
1447,-0.0007929691637400538
4887,-0.0007930496940389276
1997,-0.0007930512656457722
178,-0.0007938969938550144
6141,-0.0007940008654259145
5665,-0.0007940682698972523
357,-0.000794165360275656
3948,-0.0007942186493892223
3441,-0.0007943717646412551
4459,-0.0007943754317238927
7447,-0.0007949060818646103
2615,-0.0007951234001666307
1562,-0.0007953713648021221
5228,-0.0007955620530992746
6882,-0.0007958777132444084
1805,-0.0007960742223076522
4437,-0.0007965899421833456
4522,-0.0007966422708705068
1835,-0.0007967092096805573
7036,-0.000796786742284894
3784,-0.0007969293801579624
2772,-0.0007969532161951065
4933,-0.0007988163270056248
7870,-0.0007994587940629572
3831,-0.0007996099884621799
4450,-0.0007997268985491246
4488,-0.0007999735826160759
6111,-0.0008004169212654233
7843,-0.0008005716372281313
567,-0.0008005975396372378
7373,-0.0008007862779777497
4683,-0.0008014173072297126
2574,-0.0008025280258152634
6588,-0.0008033672347664833
7224,-0.0008046023431234062
200,-0.0008049470779951662
4830,-0.0008050116302911192
7737,-0.0008055971120484173
7087,-0.0008057102386374027
1737,-0.0008065291040111333
3113,-0.0008068556489888579
3267,-0.0008070759940892458
5307,-0.0008070854528341442
3664,-0.0008078219252638519
6826,-0.0008082294079940766
3322,-0.000808234210126102
7239,-0.0008095314260572195
3244,-0.0008102229330688715
6391,-0.0008102865540422499
4752,-0.0008107930771075189
43,-0.0008108625770546496
5754,-0.0008114327793009579
5695,-0.0008118844707496464
7259,-0.0008120131969917566
439,-0.0008124395681079477
386,-0.0008128280751407146
1896,-0.0008131415816023946
5662,-0.000813296705018729
3757,-0.0008133902447298169
1241,-0.0008134338713716716
7395,-0.0008134893141686916
6121,-0.0008138674020301551
2160,-0.0008139479905366898
6634,-0.0008139737765304744
2476,-0.0008141509024426341
6009,-0.0008141671132761985
2833,-0.0008141925791278481
3833,-0.0008145334431901574
1989,-0.0008153087692335248
3359,-0.0008153603703249246
4132,-0.0008158944838214666
5381,-0.0008163258899003267
3238,-0.0008163532183971256
4076,-0.0008174407994374633
4852,-0.0008181446173693985
6462,-0.0008183003810700029
7262,-0.0008183933096006513
1956,-0.0008184942998923361
3688,-0.0008194609545171261
6325,-0.0008196558337658644
610,-0.0008200379670597613
6855,-0.0008201104064937681
4986,-0.0008203897741623223
847,-0.0008204297628253698
5816,-0.0008204446930903941
3832,-0.0008209682418964803
6751,-0.0008211801759898663
5038,-0.000821424531750381
6383,-0.0008216083806473762
5548,-0.0008217142312787473
651,-0.0008218061993829906
2967,-0.0008224047487601638
163,-0.000822725472971797
5857,-0.0008250943792518228
4361,-0.0008254435670096427
7086,-0.0008259769820142537
3595,-0.0008264248026534915
4180,-0.000827963202027604
5470,-0.0008279729809146374
335,-0.0008280297042801976
1506,-0.0008282550843432546
3792,-0.0008287766831927001
724,-0.0008287860837299377
5606,-0.0008288586977869272
1604,-0.0008290032274089754
1840,-0.0008290159166790545
3294,-0.0008290638215839863
4259,-0.000829430267913267
2585,-0.0008294408908113837
2103,-0.0008294981671497226
575,-0.0008296740998048335
4661,-0.0008298386237584054
3032,-0.0008304203802254051
6906,-0.0008305564115289599
4837,-0.0008312343270517886
5379,-0.000831575394840911
1763,-0.000831648416351527
5497,-0.0008318235632032156
3109,-0.000831878773169592
4366,-0.000832218473078683
2126,-0.0008322899811901152
865,-0.0008323643705807626
6665,-0.0008329827687703073
5532,-0.0008331009594257921
5757,-0.0008332213037647307
5023,-0.0008333160658366978
1525,-0.0008333247969858348
7895,-0.0008348555420525372
3535,-0.0008353932062163949
7933,-0.0008354718738701195
6285,-0.00083549675764516
1246,-0.0008358707709703594
6386,-0.0008361147192772478
4489,-0.0008363435917999595
2847,-0.0008369634742848575
5273,-0.0008372771553695202
151,-0.0008373459568247199
6352,-0.0008382406667806208
4716,-0.0008388769638258964
5115,-0.0008392293239012361
2163,-0.0008395668701268733
2412,-0.0008396428893320262
5929,-0.0008399344806093723
3724,-0.000839938351418823
5472,-0.0008401959203183651
272,-0.0008402341045439243
1928,-0.0008405518892686814
4004,-0.0008405527332797647
4427,-0.0008406370761804283
4658,-0.0008407663553953171
2593,-0.0008409886795561761
7618,-0.0008412690367549658
1200,-0.0008412878378294408
1442,-0.0008418371144216508
6679,-0.0008423482358921319
1580,-0.0008425895939581096
2712,-0.000842689216369763
793,-0.000842900073621422
5546,-0.000843249523313716
1181,-0.0008433577022515237
7057,-0.0008435341296717525
6088,-0.0008436288044322282
7430,-0.0008439411176368594
7803,-0.0008445851854048669
7385,-0.0008445865532848984
6686,-0.0008447113796137273
5006,-0.0008448658918496221
4620,-0.0008452583570033312
6209,-0.0008453365007881075
2962,-0.0008458502707071602
3266,-0.0008458833326585591
3024,-0.0008459244854748249
4293,-0.0008459466625936329
5417,-0.0008460348763037473
6372,-0.0008463970734737813
150,-0.0008467480656690896
2849,-0.0008467675652354956
7393,-0.0008468076994176954
5044,-0.0008469826425425708
2523,-0.0008471831679344177
1032,-0.0008477006631437689
6840,-0.0008479026146233082
7590,-0.0008480529650114477
3750,-0.0008483404526486993
1738,-0.0008485715661663562
3362,-0.0008487975283060223
3809,-0.0008491255866829306
1639,-0.000849210744490847
2293,-0.0008492483175359666
7690,-0.0008503001590725034
1912,-0.0008503005956299603
5713,-0.0008503515273332596
5621,-0.0008504760917276144
203,-0.0008505079313181341
4566,-0.0008505168079864234
432,-0.000850679527502507
5420,-0.000850936135975644
8,-0.0008510644256602973
2090,-0.0008516854722984135
4460,-0.0008520094561390579
1387,-0.0008520514238625765
4118,-0.0008529891492798924
1980,-0.0008529994520358741
6244,-0.0008530138875357807
3966,-0.0008532305946573615
5299,-0.0008540211129002273
2791,-0.0008547758043278009
3397,-0.0008547892211936414
5619,-0.0008555222884751856
6488,-0.0008556960092391819
5955,-0.0008563226147089154
2818,-0.0008566692122258246
5057,-0.0008567867334932089
3737,-0.000856971979374066
1141,-0.0008571329235564917
786,-0.0008574503008276224
4573,-0.0008576972468290478
807,-0.0008581294096074998
7644,-0.0008584838651586324
3982,-0.0008592340745963156
3887,-0.0008599077409598976
2234,-0.0008600602450314909
2815,-0.00086051324615255
6928,-0.0008608476782683283
6916,-0.0008609315264038742
5940,-0.0008620959706604481
6238,-0.0008621133456472307
3879,-0.0008631256059743464
3006,-0.0008631966193206608
2664,-0.000863388238940388
7565,-0.0008637679857201874
4288,-0.0008647670329082757
7823,-0.0008648081857245415
6320,-0.0008649698283988982
7383,-0.0008653753320686519
2374,-0.0008654346456751227
7016,-0.0008654413977637887
2928,-0.0008663428016006947
7664,-0.0008663565677125007
1329,-0.0008666450739838183
7751,-0.0008668651862535626
1679,-0.0008671866671647877
7089,-0.0008681213366799057
7028,-0.000868428498506546
549,-0.0008686894434504211
5544,-0.0008689006790518761
437,-0.0008697403245605528
3243,-0.0008699814206920564
3851,-0.0008700279286131263
949,-0.0008700973994564265
2843,-0.0008703002822585404
7379,-0.0008705042419023812
4153,-0.0008708509267307818
3842,-0.0008708973764441907
4617,-0.0008711937989573926
3539,-0.0008712781709618866
2748,-0.0008715299481991678
7472,-0.0008715432486496866
6434,-0.0008715547155588865
7946,-0.000871843338245526
6293,-0.000871898839250207
7241,-0.0008719133038539439
1753,-0.0008719447359908372
2148,-0.0008720726182218641
277,-0.0008723182836547494
4487,-0.0008726987580303103
6000,-0.000872835487825796
6549,-0.0008735134615562856
5164,-0.000873683369718492
6083,-0.0008739974582567811
568,-0.0008743421058170497
4455,-0.0008744618389755487
6736,-0.0008747827087063342
4392,-0.0008747992687858641
7658,-0.0008759224438108504
5296,-0.0008760581258684397
3185,-0.0008761468052398413
2189,-0.0008762225625105202
2107,-0.0008763822843320668
6607,-0.0008764747472014278
238,-0.0008770392159931362
495,-0.0008771054854150862
6812,-0.0008772051660344005
2000,-0.0008773926238063723
3861,-0.0008774084853939712
5163,-0.0008781494107097387
1626,-0.0008783058437984437
2264,-0.0008786284597590566
2419,-0.0008792073931545019
4014,-0.0008792152220848948
3057,-0.0008792273874860257
2174,-0.0008794518653303385
5101,-0.0008797921182122082
6034,-0.0008799165370874107
265,-0.0008804395038168877
6108,-0.0008807945705484599
4790,-0.0008808794082142413
6196,-0.00088088697521016
7473,-0.0008809233841020614
1748,-0.0008809487044345587
244,-0.0008811891602817923
7584,-0.0008812099113129079
4483,-0.0008812766172923148
2875,-0.0008814591856207699
1455,-0.0008816430054139346
6003,-0.0008817891066428274
1390,-0.0008822999661788344
6128,-0.000882904656464234
6776,-0.000883241300471127
700,-0.0008832438616082072
3644,-0.0008834781474433839
7207,-0.0008834856562316418
935,-0.0008837722125463188
729,-0.0008846584532875568
3718,-0.0008850549929775298
7903,-0.0008853959152474999
590,-0.000885437912074849
6676,-0.0008857422508299351
4242,-0.000885989866219461
3120,-0.0008860994421411306
6349,-0.0008866333519108593
601,-0.0008869476150721312
4814,-0.0008872584439814091
7118,-0.0008872965117916465
5806,-0.0008876202045939863
2850,-0.0008876727952156216
5977,-0.0008877116488292813
2131,-0.0008877684595063329
5860,-0.0008878576045390218
4784,-0.0008884190174285322
6918,-0.0008893861959222704
4479,-0.0008894858183339238
712,-0.0008896832878235728
7795,-0.0008898962114471942
1027,-0.0008899861131794751
4511,-0.0008901238907128572
21,-0.0008913666242733598
168,-0.0008920654654502869
7252,-0.0008929423347581178
1022,-0.0008929531031753868
3796,-0.0008935650694184005
1331,-0.0008936631202232093
1800,-0.0008943274442572147
2191,-0.0008946750313043594
2886,-0.0008947759342845529
6337,-0.0008956117380876094
2722,-0.0008966179157141596
3321,-0.0008966639579739422
3728,-0.0008967664034571499
765,-0.0008968001347966492
7926,-0.0008972849464043975
2707,-0.0008976256940513849
1265,-0.0008977665274869651
2250,-0.0008981970022432506
5760,-0.0008982465951703489
6505,-0.0008982572762761265
346,-0.00089837666018866
7200,-0.0008985370222944766
1343,-0.0008993736701086164
7172,-0.0008995809766929597
964,-0.0008998679113574326
2644,-0.0009000289719551802
4972,-0.0009000647987704724
6174,-0.0009003844461403787
3579,-0.0009006488544400781
1598,-0.0009010079375002533
457,-0.0009014350362122059
1248,-0.0009014513634610921
6860,-0.0009014893730636686
2788,-0.0009019770659506321
4429,-0.0009026621410157531
7600,-0.0009033680253196508
7220,-0.0009036500123329461
5428,-0.000904081913176924
7156,-0.0009040999284479767
2884,-0.0009042152378242463
5275,-0.0009043866593856364
4542,-0.0009051241504494101
207,-0.0009056932758539915
387,-0.000905899825738743
4888,-0.0009062318422365934
5658,-0.0009066578932106495
2471,-0.0009079697192646563
7673,-0.0009083465847652406
6752,-0.0009088895749300718
6900,-0.0009089378290809691
1594,-0.0009093361150007695
2036,-0.0009094036358874291
5664,-0.0009101730247493833
5572,-0.0009105651988647878
7120,-0.0009107885416597128
164,-0.0009109909296967089
1076,-0.0009111187828239053
6408,-0.000911420036572963
7258,-0.0009114592394325882
6193,-0.0009114975691772997
866,-0.0009115238208323717
4074,-0.0009119192545767874
6143,-0.0009121264447458088
369,-0.0009125039796344936
1992,-0.0009127487428486347
1642,-0.0009129856480285525
947,-0.0009130056132562459
3139,-0.0009132325649261475
3104,-0.0009134618449024856
2643,-0.000913540628971532
7889,-0.0009137665911111981
4958,-0.0009141231421381235
320,-0.0009141872287727892
767,-0.0009145730873569846
3282,-0.0009146613883785903
372,-0.0009150659607257694
5701,-0.0009153871214948595
2175,-0.0009159168694168329
2807,-0.0009159369801636785
5343,-0.000916175777092576
1610,-0.0009169396944344044
2998,-0.0009169726399704814
587,-0.0009170788980554789
2991,-0.0009178384498227388
380,-0.0009178459877148271
4309,-0.0009183289657812566
90,-0.0009186947136186063
4578,-0.0009199801424983889
7780,-0.000920272315852344
6432,-0.0009204671659972519
2654,-0.0009207348339259624
4756,-0.0009210358839482069
7451,-0.0009210610878653824
7270,-0.0009211761935148388
5920,-0.0009212817822117358
3046,-0.0009214511374011636
3422,-0.0009218777122441679
1606,-0.0009219509665854275
1914,-0.0009220148203894496
6628,-0.0009222283260896802
4812,-0.0009238820057362318
813,-0.0009239803184755147
3691,-0.000924112944630906
6110,-0.000924472784390673
7423,-0.000924687396036461
3619,-0.0009247467969544232
5317,-0.0009251665906049311
3053,-0.0009270551963709295
4718,-0.00092786576715298
7867,-0.0009278936195187271
5027,-0.0009279959485866129
1908,-0.0009284086991101503
6,-0.0009286013955716044
5153,-0.0009287204884458333
3652,-0.000928784953430295
2628,-0.0009293416806031018
1902,-0.0009296867065131664
3525,-0.0009298110380768776
5485,-0.0009299357770942152
2102,-0.0009305023704655468
4493,-0.0009311911999247968
491,-0.0009312003385275602
5066,-0.0009318009833805263
5969,-0.0009319256350863725
4547,-0.0009319728123955429
7347,-0.0009319988021161407
1797,-0.0009322465339209884
6047,-0.0009324091661255807
5793,-0.0009324830607511103
1870,-0.0009326075378339738
4728,-0.0009329378372058272
3230,-0.0009330470347777009
7771,-0.0009331589681096375
5999,-0.0009331728797405958
1026,-0.0009338236122857779
6581,-0.0009340838296338916
7719,-0.0009345528960693628
1640,-0.000934810028411448
5978,-0.0009351563639938831
3084,-0.000935227784793824
6996,-0.0009358443785458803
7721,-0.0009362288401462138
838,-0.0009368013706989586
2688,-0.0009369831532239914
5468,-0.0009376929374411702
2302,-0.0009378009999636561
6350,-0.0009384522563777864
3988,-0.0009399620466865599
1122,-0.0009401937713846564
7307,-0.0009402572468388826
1892,-0.0009412719518877566
1590,-0.000941481237532571
910,-0.0009416294924449176
4565,-0.0009419930283911526
1003,-0.000942151847993955
6234,-0.0009428305202163756
235,-0.0009428591292817146
6766,-0.000943328021094203
89,-0.0009440919384360313
4712,-0.0009442355367355049
7115,-0.0009444009629078209
7185,-0.0009454258251935244
7432,-0.000945768435485661
141,-0.0009460907604079694
3374,-0.0009462940797675401
5616,-0.0009464445756748319
5112,-0.0009464627364650369
2133,-0.0009465604671277106
5480,-0.0009467210038565099
2214,-0.0009467791824135929
4881,-0.0009471066878177226
2922,-0.0009479107975494117
4622,-0.0009479383588768542
5037,-0.0009482708410359919
3258,-0.0009486445633228868
7725,-0.000948685163166374
1353,-0.0009494998957961798
1194,-0.0009496821148786694
157,-0.0009498920699115843
3527,-0.0009508162038400769
4236,-0.000951219437411055
304,-0.0009512374235782772
5822,-0.0009514053235761821
869,-0.0009519893210381269
6867,-0.000952250964473933
1713,-0.0009524774213787168
1510,-0.0009527696820441633
1966,-0.0009527845832053572
2166,-0.000953592942096293
6279,-0.0009540453902445734
3472,-0.0009543533669784665
2539,-0.0009545924258418381
4085,-0.0009546269138809294
7627,-0.0009549778769724071
2577,-0.0009550856775604188
6447,-0.0009555818687658757
7705,-0.0009569590911269188
5911,-0.0009572566777933389
4823,-0.0009588580578565598
5479,-0.0009608978871256113
6979,-0.0009618227486498654
1277,-0.0009618827316444367
1149,-0.0009624624508433044
1226,-0.0009626980172470212
6053,-0.0009631106804590672
5266,-0.0009637046314310282
5284,-0.0009642402292229235
1169,-0.0009642486111260951
6622,-0.0009643911616876721
4352,-0.0009645979444030672
3915,-0.0009648430859670043
7074,-0.0009648785344325006
3942,-0.0009657704504206777
2481,-0.0009666113182902336
2640,-0.0009671116713434458
7298,-0.0009671631851233542
2782,-0.0009678275673650205
1412,-0.000968134670984
2164,-0.0009682842646725476
2863,-0.0009690375882200897
1415,-0.0009692554594948888
2185,-0.0009695413755252957
5618,-0.0009696349152363837
672,-0.000970071560004726
936,-0.0009701215312816203
561,-0.0009703257237561047
6394,-0.0009704616968519986
6584,-0.0009707229619380087
919,-0.0009709399309940636
7483,-0.0009709841397125274
1044,-0.0009714007028378546
1162,-0.0009714093175716698
316,-0.0009722796967253089
3825,-0.0009725557756610215
7123,-0.0009726003045216203
705,-0.0009730269375722855
7338,-0.0009732926264405251
1572,-0.0009733191109262407
3735,-0.0009737226064316928
4189,-0.0009737461223267019
7105,-0.0009743168775457889
2050,-0.0009743214468471706
3360,-0.0009751433390192688
6099,-0.0009752089972607791
2146,-0.0009753821359481663
6338,-0.0009756569343153387
1774,-0.0009761173860169947
7900,-0.0009763078123796731
4416,-0.0009764849091880023
6739,-0.0009773974306881428
1245,-0.0009780700493138283
5095,-0.000979333621216938
2135,-0.0009796145895961672
4641,-0.00098023095051758
7291,-0.0009803490829654038
2745,-0.0009809695766307414
3117,-0.0009812245843932033
4268,-0.0009817207464948297
2244,-0.00098256062483415
2756,-0.0009825840243138373
2078,-0.0009828857728280127
7828,-0.0009833374060690403
5851,-0.0009839357517194003
798,-0.0009840811835601926
3351,-0.0009841498103924096
3160,-0.0009844184387475252
5744,-0.000984457292361185
5772,-0.0009847403853200376
7119,-0.0009847776673268527
5285,-0.0009850193455349654
2983,-0.0009850782807916403
1079,-0.0009854575037024915
3952,-0.0009861909784376621
3676,-0.000986509840004146
4614,-0.0009865995962172747
7754,-0.0009867121698334813
4506,-0.000986821309197694
7443,-0.0009870511130429804
3592,-0.0009872254158835858
1827,-0.0009872636292129755
7113,-0.0009876778931356966
4403,-0.000988022773526609
3547,-0.0009880586876533926
4731,-0.000988324492936954
4467,-0.0009890575311146677
2441,-0.0009890732180792838
3656,-0.0009895191178657115
3819,-0.0009895380062516779
7236,-0.0009897285199258476
4480,-0.0009897670825012028
3209,-0.0009903056779876351
3969,-0.0009908310312312096
1470,-0.0009909626096487045
7210,-0.0009909794316627085
5647,-0.0009915456175804138
418,-0.000991889217402786
263,-0.0009918931464198977
4670,-0.0009920070879161358
4448,-0.0009931105887517333
4546,-0.0009932266548275948
306,-0.0009932697576005012
3323,-0.00099327159114182
147,-0.0009940016898326576
4337,-0.000994036439806223
4033,-0.0009941485477611423
7403,-0.0009947136859409511
5280,-0.0009949543746188283
4121,-0.0009961723117157817
3507,-0.0009963801712729037
4974,-0.000996453338302672
3714,-0.0009970912942662835
1176,-0.0009976871078833938
4368,-0.0009981844341382384
1901,-0.0009985176147893071
6382,-0.0009991846745833755
4274,-0.001001025753794238
2183,-0.001001334545435384
5415,-0.001001344295218587
6078,-0.001001509721390903
7098,-0.0010023241047747433
6063,-0.0010024383082054555
1207,-0.001003317884169519
6591,-0.001003549958113581
1655,-0.0010036919848062098
7977,-0.0010038507753051817
7640,-0.0010053072473965585
3216,-0.0010054384474642575
1683,-0.0010058489860966802
3694,-0.0010062010842375457
1092,-0.0010064609232358634
7849,-0.0010071000724565238
1619,-0.001008220307994634
1554,-0.0010082738008350134
6142,-0.0010083405359182507
2646,-0.0010090077412314713
6858,-0.0010095064353663474
2218,-0.0010099257924593985
2874,-0.0010104620596393943
7333,-0.0010109065333381295
1759,-0.0010117128258571029
3093,-0.0010118609061464667
4613,-0.0010124443797394633
1307,-0.0010125916451215744
6369,-0.001013473141938448
1973,-0.0010144705302082002
4108,-0.0010146748973056674
6773,-0.0010147319990210235
690,-0.0010152574977837503
4886,-0.0010153749608434737
4892,-0.0010154767660424113
460,-0.001015650137560442
3534,-0.0010171851026825607
2226,-0.001017897273413837
2327,-0.0010187792358919978
3998,-0.001019258692394942
3490,-0.0010193665511906147
3716,-0.001019502233248204
114,-0.0010199766256846488
6456,-0.0010211171465925872
4562,-0.0010218339157290757
2055,-0.0010218514944426715
3418,-0.0010223094723187387
3891,-0.0010224328143522143
3251,-0.0010226777521893382
5104,-0.0010226956219412386
2581,-0.001022837939672172
6014,-0.0010238363174721599
83,-0.0010240927804261446
4110,-0.0010243182186968625
4144,-0.00102457613684237
7198,-0.001024660945404321
4126,-0.0010247171740047634
4794,-0.0010248285834677517
1011,-0.0010251132771372795
1592,-0.001025914156343788
5675,-0.0010263349977321923
3626,-0.0010265386081300676
6695,-0.0010268735932186246
5884,-0.0010269458871334791
4897,-0.001027299789711833
5300,-0.0010277354740537703
2942,-0.001028620230499655
7405,-0.0010289735510013998
3492,-0.0010299658752046525
4766,-0.0010301829315721989
4676,-0.0010303121525794268
1295,-0.00103079155087471
989,-0.0010311811056453735
3872,-0.0010316086118109524
4872,-0.0010324931354261935
3690,-0.0010326920310035348
2534,-0.001033320091664791
2522,-0.0010337966086808592
1086,-0.0010345614864490926
7659,-0.0010354816913604736
7058,-0.0010356291895732284
762,-0.0010364638874307275
4220,-0.0010371930547989905
5222,-0.001037328620441258
6608,-0.0010374377015978098
3906,-0.0010379436425864697
955,-0.0010379754821769893
7854,-0.001038418966345489
3115,-0.0010385263012722135
4571,-0.0010388665832579136
4196,-0.001039018330629915
5995,-0.0010393884731456637
52,-0.001039716531522572
1929,-0.001040563511196524
6583,-0.0010406216024421155
259,-0.0010417058365419507
4002,-0.0010422340710647404
732,-0.001042268006131053
2169,-0.0010423055500723422
5089,-0.0010429008398205042
7498,-0.0010441329213790596
5840,-0.0010442618513479829
3963,-0.001045435608830303
5968,-0.001046172110363841
5731,-0.0010469285189174116
993,-0.0010469655971974134
4920,-0.0010474651353433728
4160,-0.001047544414177537
5714,-0.001047945988830179
7146,-0.0010490346467122436
1566,-0.0010490770218893886
4858,-0.001050122024025768
3947,-0.0010505796526558697
6458,-0.0010510361171327531
6029,-0.0010511345462873578
4941,-0.001051150495186448
6495,-0.0010511679574847221
6194,-0.001051595900207758
2838,-0.0010519413044676185
3610,-0.0010523656383156776
819,-0.0010523732053115964
5248,-0.001053007086738944
3993,-0.001054035994457081
6393,-0.0010545151308178902
591,-0.0010545594268478453
1771,-0.0010547566344030201
7595,-0.0010553610045462847
7762,-0.0010553840547800064
7927,-0.0010559172369539738
1459,-0.0010572400060482323
4875,-0.001057791174389422
4679,-0.0010580513626337051
5312,-0.001058163761626929
5527,-0.0010583678376860917
4669,-0.0010584948468022048
1603,-0.0010587507276795805
1315,-0.0010589039884507656
4649,-0.0010589126613922417
4020,-0.001059713016729802
1168,-0.0010603516711853445
2796,-0.001061577582731843
4611,-0.0010621523251757026
4836,-0.0010631002951413393
6426,-0.0010650262702256441
7966,-0.0010656141093932092
3454,-0.001065853051841259
6547,-0.0010660451953299344
2407,-0.0010662796557880938
5841,-0.0010665623121894896
5073,-0.0010667218593880534
5252,-0.0010672245407477021
1879,-0.001068057375960052
5146,-0.001068167097400874
1350,-0.00106820062501356
6990,-0.0010694341617636383
5406,-0.0010695905657485127
4218,-0.0010704481974244118
6952,-0.0010707848705351353
7049,-0.0010714816744439304
5556,-0.0010716445976868272
301,-0.0010718657867982984
7441,-0.0010722859296947718
4768,-0.0010725127067416906
61,-0.001072543440386653
6546,-0.0010729304631240666
7960,-0.001073863822966814
5520,-0.0010742758167907596
4457,-0.0010746574844233692
1899,-0.0010747366468422115
2168,-0.001075302716344595
6901,-0.0010759211727418005
2792,-0.0010764257167465985
469,-0.0010766757768578827
598,-0.00107671128353104
6605,-0.0010768858483061194
2446,-0.0010775037808343768
72,-0.0010775384143926203
4711,-0.001077568158507347
7380,-0.0010775921400636435
2513,-0.0010776736889965832
3276,-0.0010777845163829625
1004,-0.00107811443740502
3526,-0.0010784658370539546
7619,-0.0010793684050440788
1509,-0.001079389825463295
5524,-0.0010794729460030794
7518,-0.001080005633411929
2436,-0.0010802915785461664
5256,-0.001080303336493671
5091,-0.001080392161384225
6760,-0.001080768124666065
5927,-0.001080911373719573
6545,-0.001081840950064361
3393,-0.001083224080502987
5136,-0.001084062794689089
1646,-0.0010852195555344224
4449,-0.0010857690940611064
6449,-0.0010865284712053835
3983,-0.0010869861580431461
5514,-0.0010871393606066704
5966,-0.0010873450664803386
6389,-0.0010881282505579293
2562,-0.0010882955975830555
4771,-0.0010889300610870123
5202,-0.0010890894336625934
4701,-0.0010891150450333953
7519,-0.0010891520068980753
3778,-0.0010892533464357257
4284,-0.0010904017835855484
6375,-0.0010904978844337165
643,-0.0010906366514973342
5287,-0.0010909322882071137
4245,-0.001091016223654151
5523,-0.0010914804879575968
6033,-0.0010919708292931318
4329,-0.0010922355577349663
2228,-0.0010925795650109649
2836,-0.0010929607087746263
837,-0.001093538652639836
3980,-0.0010943214292638004
1166,-0.0010944188688881695
4354,-0.0010947311529889703
3022,-0.001094991690479219
6139,-0.0010950312716886401
2761,-0.0010956134647130966
999,-0.001096235471777618
7825,-0.0010964986868202686
4398,-0.0010966607369482517
7340,-0.0010972129530273378
290,-0.0010974513133987784
1830,-0.001097560627385974
4342,-0.0010975957848131657
641,-0.0010980554507113993
7267,-0.0010987998102791607
3759,-0.0010989871225319803
4051,-0.0010990049922838807
3965,-0.0011014844640158117
5391,-0.0011016575735993683
1814,-0.0011028024600818753
7653,-0.001102849142625928
7073,-0.001103868242353201
4625,-0.0011043549748137593
5286,-0.001104426453821361
187,-0.0011047811713069677
1717,-0.0011047923471778631
5160,-0.0011050313478335738
3420,-0.0011055063223466277
3795,-0.0011058947420679033
5496,-0.0011061232653446496
4430,-0.0011064258869737387
6647,-0.0011065733851864934
7139,-0.0011075814254581928
6774,-0.0011080144322477281
5592,-0.0011080721160396934
2354,-0.0011081015691161156
2728,-0.0011081728152930737
456,-0.001108638709411025
1768,-0.0011090257321484387
3600,-0.0011092160711996257
4251,-0.0011093526845797896
3689,-0.001109620905481279
6281,-0.0011096764355897903
6171,-0.0011097146780230105
2127,-0.0011098926770500839
4545,-0.00111003452911973
6140,-0.001110829645767808
364,-0.0011118475813418627
486,-0.0011121922289021313
7492,-0.001112213241867721
4094,-0.0011123812291771173
2063,-0.0011124506127089262
6522,-0.001113130070734769
1745,-0.0011132926447317004
5053,-0.0011143669253215194
6361,-0.0011145754251629114
323,-0.0011153320083394647
6471,-0.00111560826189816
3846,-0.0011164070456288755
4939,-0.0011166902258992195
2700,-0.0011167131597176194
983,-0.0011167776538059115
482,-0.0011168639175593853
3732,-0.001117441221140325
1067,-0.0011183899478055537
5127,-0.0011184088652953506
2507,-0.0011188082862645388
1191,-0.0011207659263163805
1333,-0.0011208116775378585
1705,-0.0011212206445634365
5342,-0.0011221383465453982
488,-0.0011226202477701008
629,-0.0011234282283112407
6854,-0.0011237217113375664
1516,-0.0011244519846513867
3207,-0.001124816364608705
1783,-0.0011256331927143037
1249,-0.0011271985131315887
7753,-0.001127430354245007
7274,-0.0011292750714346766
5635,-0.0011303444625809789
5267,-0.0011307671666145325
4193,-0.0011311584385111928
2248,-0.0011313026770949364
6262,-0.0011321170604787767
1436,-0.0011321466299705207
2554,-0.001133758807554841
7136,-0.001134212245233357
6295,-0.001134287507738918
1400,-0.0011345165548846126
1443,-0.0011349125416018069
937,-0.0011352069559507072
3740,-0.0011364672682248056
3275,-0.001136872568167746
2486,-0.001137096551246941
4023,-0.0011371050495654345
822,-0.001137281535193324
5921,-0.0011382383527234197
4589,-0.0011391000589355826
1335,-0.001139722066000104
5853,-0.0011403863318264484
339,-0.0011405532713979483
906,-0.001141249726060778
6934,-0.0011420612572692335
3039,-0.001142424065619707
5059,-0.0011424337280914187
1772,-0.0011428265715949237
6280,-0.0011430796002969146
4068,-0.0011431959574110806
2188,-0.001144367503002286
5728,-0.0011445683776400983
6464,-0.0011452932376414537
6980,-0.0011457426589913666
1958,-0.0011461074464023113
4595,-0.0011464335257187486
1795,-0.0011472273617982864
7375,-0.0011472338228486478
6341,-0.0011472847545519471
4170,-0.001148332143202424
355,-0.0011488905875012279
7072,-0.0011492412304505706
673,-0.001149718533270061
2024,-0.0011499907122924924
795,-0.001151420408859849
7905,-0.0011515943915583193
7054,-0.0011528994073159993
106,-0.0011544424924068153
5098,-0.0011554356897249818
3979,-0.0011581240687519312
613,-0.0011583500308915973
2100,-0.0011584086460061371
4012,-0.0011587532353587449
7779,-0.001158993924036622
3869,-0.0011591509100981057
4803,-0.0011597855482250452
2766,-0.0011599002173170447
3830,-0.0011611991794779897
3388,-0.0011615672265179455
3391,-0.0011616797419264913
6884,-0.0011621425510384142
3870,-0.0011643865145742893
6600,-0.0011646448983810842
1807,-0.001164657180197537
1495,-0.0011648953659459949
7261,-0.0011652727844193578
6786,-0.0011659489246085286
4166,-0.0011672049295157194
7513,-0.0011679147137328982
565,-0.001170003495644778
1178,-0.0011722936178557575
5504,-0.0011749339755624533
5436,-0.0011755842133425176
4905,-0.0011756104649975896
6655,-0.0011757052852772176
6713,-0.0011757513275370002
4292,-0.0011757818283513188
2298,-0.0011758970213122666
442,-0.001176374382339418
4748,-0.0011772311991080642
7420,-0.0011776926694437861
6983,-0.001179445069283247
2137,-0.0011796945473179221
1175,-0.0011798189370892942
5814,-0.0011807178962044418
1435,-0.0011816617334261537
6632,-0.0011827484122477472
4062,-0.0011829959694296122
6801,-0.001183560467325151
409,-0.0011840431252494454
6861,-0.001184275490231812
624,-0.0011844363762065768
6507,-0.0011855951743200421
3971,-0.0011859997175633907
6076,-0.001186120614875108
1255,-0.0011870150337927043
7786,-0.0011870479211211205
1103,-0.001187963061966002
6807,-0.0011888028238900006
7499,-0.001189161674119532
5868,-0.001189207483548671
3651,-0.0011898534139618278
5394,-0.001191351213492453
3824,-0.0011921903351321816
5892,-0.0011925636790692806
4205,-0.0011926890583708882
3820,-0.0011934666545130312
2614,-0.001194303680676967
6002,-0.0011948200408369303
1130,-0.0011948965257033706
7013,-0.0011954850633628666
3543,-0.0011966527090407908
4724,-0.001196941826492548
990,-0.0011973950895480812
4630,-0.0011984921293333173
3175,-0.001200326718389988
6240,-0.0012009902275167406
7916,-0.0012012834195047617
4726,-0.0012019956484436989
7124,-0.0012023033341392875
5907,-0.0012037131236866117
4402,-0.0012037473497912288
2435,-0.0012043722672387958
2200,-0.0012046457268297672
1609,-0.0012057434068992734
3749,-0.0012062767636962235
3668,-0.0012062987079843879
267,-0.0012064786860719323
7398,-0.0012073593097738922
1062,-0.001207727298606187
6514,-0.0012077854480594397
1152,-0.0012094074627384543
5553,-0.0012107021175324917
6459,-0.001212545670568943
6242,-0.0012127631343901157
423,-0.001213313138578087
4942,-0.0012141935294494033
934,-0.001214487012475729
2947,-0.0012152537237852812
1073,-0.0012158883037045598
2713,-0.0012166771339252591
2868,-0.0012180893681943417
1156,-0.0012184145743958652
6964,-0.0012189371627755463
6133,-0.00121962622506544
2361,-0.0012197518371976912
445,-0.0012217860203236341
7662,-0.0012225244427099824
6276,-0.0012229449348524213
626,-0.001223610364831984
5194,-0.0012243810924701393
7743,-0.0012252646847628057
580,-0.0012261325609870255
5985,-0.0012263384996913373
5627,-0.00122682104120031
5039,-0.0012271356536075473
7481,-0.0012283989926800132
1621,-0.0012290916056372225
1593,-0.0012298062210902572
6841,-0.00122985674533993
2665,-0.0012302137911319733
5653,-0.001230271183885634
2516,-0.0012308770674280822
1035,-0.0012311022146604955
4331,-0.0012315792264416814
5926,-0.0012324117124080658
7769,-0.0012325253337621689
1163,-0.0012334025232121348
4865,-0.0012337605003267527
6180,-0.0012337823864072561
1746,-0.0012337852967903018
3537,-0.0012345053837634623
5628,-0.0012346662115305662
2726,-0.0012346846633590758
3008,-0.0012366259470582008
1142,-0.0012369974283501506
4232,-0.0012370903277769685
3455,-0.0012375624501146376
7376,-0.0012375627411529422
7914,-0.001237903255969286
3426,-0.0012387359165586531
175,-0.0012407288304530084
3880,-0.0012412896030582488
5372,-0.0012420683051459491
3484,-0.0012435241951607168
5964,-0.0012436298420652747
2951,-0.001243665348738432
3672,-0.0012437176192179322
5824,-0.0012442822917364538
1851,-0.0012444198364391923
3291,-0.001244662911631167
312,-0.0012450902722775936
5495,-0.0012451395741663873
7062,-0.0012453896342776716
6442,-0.0012455849209800363
4399,-0.0012468749191612005
6824,-0.0012469877838157117
4684,-0.001248601300176233
1422,-0.0012488830252550542
7081,-0.0012501596938818693
7702,-0.0012514612171798944
3674,-0.0012529352097772062
7023,-0.0012532343389466405
5660,-0.001254230155609548
6265,-0.0012543536722660065
1368,-0.0012544738128781319
5041,-0.0012545762001536787
4109,-0.001255163864698261
134,-0.00125585135538131
4643,-0.00125587556976825
7788,-0.0012563844793476164
1342,-0.0012564018834382296
5020,-0.0012570602702908218
499,-0.0012575123109854758
4350,-0.0012578352470882237
1512,-0.0012591974809765816
6813,-0.0012596191954798996
5096,-0.0012601834605447948
3556,-0.0012606189120560884
5972,-0.0012613169383257627
6251,-0.0012616950552910566
2682,-0.0012621473288163543
3614,-0.0012633088044822216
979,-0.0012641337234526873
6218,-0.0012650649878196418
7331,-0.0012654416495934129
2502,-0.0012656421167775989
4190,-0.0012661329237744212
6635,-0.001266170700546354
6302,-0.0012662005610764027
1143,-0.0012679301435127854
3606,-0.0012685657129622996
7097,-0.0012705411645583808
704,-0.0012708212016150355
6292,-0.001270853914320469
145,-0.0012709663715213537
5159,-0.0012712440802715719
7396,-0.0012715085176751018
6334,-0.0012718933285214007
1322,-0.0012739241938106716
5584,-0.0012743933475576341
2560,-0.0012748284498229623
155,-0.001275778457056731
1005,-0.0012765198480337858
3449,-0.001277024275623262
7842,-0.001278261886909604
4345,-0.0012792826164513826
5529,-0.0012798091629520059
2032,-0.0012798748211935163
3123,-0.0012803927529603243
6962,-0.0012815199443139136
5263,-0.001284190861042589
4224,-0.0012863755691796541
6729,-0.0012867935001850128
3180,-0.0012868100311607122
6271,-0.001287798979319632
6992,-0.0012893499806523323
1059,-0.0012898170971311629
4240,-0.0012900704750791192
1489,-0.0012905760668218136
6864,-0.0012910764198750257
99,-0.0012917477870360017
1231,-0.0012918129214085639
6529,-0.0012928230571560562
3640,-0.0012943182373419404
3779,-0.0012945515918545425
2253,-0.0012948906514793634
7401,-0.0012951806420460343
7667,-0.0012957456056028605
5902,-0.0012978640152141452
2958,-0.0012980906176380813
2610,-0.001298227987717837
6355,-0.0012993353884667158
4333,-0.001300247444305569
721,-0.0013008544920012355
6925,-0.0013008913956582546
6646,-0.0013009511749260128
458,-0.0013018549652770162
3611,-0.0013025350053794682
310,-0.0013028467656113207
4835,-0.0013037921744398773
129,-0.0013040470075793564
94,-0.0013055321760475636
4472,-0.001308308623265475
1684,-0.0013088529231026769
7147,-0.0013103022356517613
7229,-0.0013131956802681088
5257,-0.0013133244938217103
3056,-0.0013133272295817733
655,-0.001313359651248902
5549,-0.0013138946378603578
5109,-0.001313978573307395
1785,-0.0013142789830453694
6417,-0.0013152316096238792
6412,-0.0013178567169234157
6061,-0.0013185826246626675
4775,-0.001318705326411873
4793,-0.0013194277416914701
4900,-0.0013207047595642507
3616,-0.0013214153586886823
1253,-0.001322088937740773
3239,-0.001322725904174149
1467,-0.0013232864439487457
1053,-0.001324585115071386
2240,-0.0013252245262265205
3259,-0.0013254645164124668
5636,-0.0013257135869935155
3604,-0.0013258524122647941
4140,-0.0013259166735224426
6560,-0.0013267340837046504
5681,-0.0013276396784931421
3787,-0.0013296747347339988
6616,-0.0013303434243425727
3773,-0.0013305752072483301
3601,-0.0013309456990100443
3051,-0.0013312808005139232
2180,-0.0013314909301698208
400,-0.0013329008943401277
5311,-0.0013330801157280803
1878,-0.001333886757493019
5612,-0.0013340234872885048
2364,-0.0013341004960238934
3752,-0.0013345074839890003
7871,-0.0013346364721655846
1182,-0.001335121807642281
2933,-0.0013353800750337541
7324,-0.0013356729177758098
2631,-0.0013358250726014376
7801,-0.0013363455655053258
1408,-0.0013367211795412004
7824,-0.0013367823557928205
6101,-0.00133924261899665
6538,-0.001339503622148186
285,-0.0013402305194176733
3781,-0.0013406863436102867
3746,-0.001342397357802838
4322,-0.0013433732092380524
1221,-0.001343666110187769
4825,-0.0013449171092361212
4147,-0.001345665252301842
4908,-0.0013458507601171732
4799,-0.0013458590838126838
547,-0.001347212994005531
4383,-0.0013475304585881531
3330,-0.0013497230247594416
5333,-0.0013504726230166852
5323,-0.0013506857794709504
2062,-0.0013516279868781567
2037,-0.0013524653622880578
2121,-0.0013526888214983046
7173,-0.0013526960974559188
5306,-0.0013533956371247768
525,-0.0013554248143918812
5596,-0.001355881686322391
3155,-0.0013563890242949128
7892,-0.0013567426358349621
6912,-0.0013573338510468602
1885,-0.0013577406643889844
3838,-0.00136108003789559
4465,-0.0013617072254419327
1394,-0.0013639339013025165
3970,-0.0013647295418195426
443,-0.001364897470921278
7037,-0.0013674635556526482
7748,-0.0013682456337846816
6418,-0.0013697966933250427
6147,-0.0013700389536097646
1354,-0.0013703898875974119
6176,-0.0013704465818591416
3248,-0.0013705113087780774
1863,-0.0013705118908546865
618,-0.0013712183572351933
7216,-0.001371231977827847
3413,-0.0013714645756408572
5848,-0.001371653052046895
6288,-0.0013719458947889507
5460,-0.0013729823403991759
564,-0.0013734395033679903
5014,-0.0013746352633461356
7414,-0.0013746678596362472
3706,-0.0013751768274232745
45,-0.0013760614674538374
2276,-0.0013767143245786428
768,-0.0013774935505352914
6351,-0.0013776488485746086
3645,-0.001379604742396623
6790,-0.0013802128378301859
5700,-0.0013813684927299619
868,-0.0013818350853398442
6331,-0.0013827831135131419
3111,-0.0013829395174980164
5871,-0.0013835618738085032
121,-0.0013838470913469791
5293,-0.0013845093781128526
1025,-0.0013845445355400443
6270,-0.0013853823766112328
2660,-0.0013855870347470045
7864,-0.001385659328661859
3138,-0.0013889767578803003
2118,-0.001389830547850579
5609,-0.00138997589237988
5613,-0.0013936652685515583
7806,-0.0013940929202362895
3029,-0.0013949534040875733
6678,-0.0013952588778920472
1873,-0.0013954173773527145
973,-0.0013955957256257534
2851,-0.0013981998199597
5682,-0.0013984518591314554
1520,-0.0013987614656798542
4092,-0.0013989937724545598
6477,-0.0013991179876029491
1793,-0.0014005370321683586
5593,-0.001401257119141519
5404,-0.0014015475753694773
5996,-0.0014016838977113366
224,-0.0014025447890162468
4806,-0.0014043234987184405
2249,-0.0014051104662939906
6550,-0.0014056242071092129
3223,-0.0014056788641028106
2025,-0.0014060333487577736
2571,-0.001406599418260157
5587,-0.0014075804501771927
5873,-0.0014083312125876546
3951,-0.001409809454344213
6825,-0.0014116487000137568
7675,-0.001411879900842905
50,-0.0014124219887889922
7700,-0.0014130182098597288
2257,-0.0014140989514999092
6716,-0.0014145802124403417
4505,-0.001414830214343965
5522,-0.001417182618752122
2674,-0.0014178009005263448
1466,-0.0014185882173478603
4634,-0.0014191073132678866
2033,-0.0014195996336638927
6217,-0.0014212062233127654
2197,-0.0014215856208465993
6453,-0.00142171565676108
6125,-0.0014217467978596687
4801,-0.001422559842467308
5559,-0.0014230121159926057
1724,-0.0014240103773772717
6080,-0.0014240764430724084
1877,-0.0014241799945011735
5268,-0.0014242322649806738
2259,-0.001424363988917321
7797,-0.0014255211572162807
6041,-0.0014265672070905566
7646,-0.001427145441994071
110,-0.0014278615708462894
3125,-0.0014290492981672287
2363,-0.0014292873675003648
4029,-0.0014325621305033565
3857,-0.0014328062534332275
2346,-0.0014331273850984871
5923,-0.0014345173840411007
476,-0.0014345991075970232
1569,-0.0014346212265081704
6528,-0.0014349636039696634
4540,-0.0014382820227183402
3653,-0.001438674225937575
2696,-0.0014388225972652435
4206,-0.0014398149796761572
5521,-0.0014422544627450407
2785,-0.0014423862448893487
6329,-0.0014426851994358003
3617,-0.0014430544688366354
1788,-0.001443268614821136
5898,-0.00144336954690516
2959,-0.001443558547180146
3729,-0.0014453596086241305
2262,-0.0014460505917668343
2925,-0.0014480291865766048
4787,-0.0014481382095254958
3479,-0.0014489010209217668
6314,-0.0014491900219582021
5708,-0.0014492420013993979
616,-0.0014508331078104675
1356,-0.0014520073309540749
3584,-0.001452056400012225
483,-0.0014520816039294004
7041,-0.0014523518038913608
7976,-0.001452466705814004
7818,-0.0014532910427078605
7101,-0.0014549410552717745
5336,-0.001455259567592293
6573,-0.0014552828506566584
7549,-0.0014557825634256005
944,-0.0014568579499609768
5205,-0.0014571637148037553
902,-0.0014571869978681207
6072,-0.0014580335700884461
4106,-0.001458595274016261
6481,-0.0014588895137421787
658,-0.0014593619853258133
3168,-0.00145951088052243
7143,-0.001460009894799441
6030,-0.0014611666556447744
3742,-0.001461201230995357
3392,-0.0014619588037021458
4174,-0.001462917251046747
3924,-0.0014648280921392143
7563,-0.0014659988228231668
5200,-0.0014672709512524307
4215,-0.001467814261559397
3118,-0.0014685453497804701
6943,-0.0014696420403197408
3683,-0.0014699286548420787
6822,-0.0014707206864841282
3094,-0.001471811207011342
5465,-0.001472082280088216
4248,-0.00147288350854069
3776,-0.001473090029321611
2544,-0.0014733478892594576
2195,-0.0014737144811078906
7162,-0.0014743019128218293
5173,-0.0014748573303222656
510,-0.001475884928368032
2080,-0.0014759358600713313
4949,-0.0014761464553885162
7615,-0.0014763874933123589
5877,-0.001476407574955374
1664,-0.001478707476053387
2620,-0.0014804627280682325
6307,-0.00148053839802742
2092,-0.0014805541723035276
6071,-0.001481136423535645
6619,-0.001483330735936761
792,-0.0014842214295640588
734,-0.0014845782425254583
331,-0.001484790351241827
3112,-0.0014856382040306926
1393,-0.0014888219884596765
6910,-0.001489566289819777
6819,-0.0014903873670846224
6875,-0.0014911434845998883
405,-0.0014927852316759527
5571,-0.001493249146733433
4584,-0.0014955990482121706
7598,-0.0014960848493501544
1235,-0.0014963235007598996
3920,-0.0014965381706133485
2801,-0.0014966059825383127
1660,-0.0014978221151977777
1260,-0.0014982762513682246
3565,-0.0014994200901128352
958,-0.0015003943117335439
5142,-0.0015045946929603815
7452,-0.0015050575020723045
6720,-0.0015054187970235944
5994,-0.0015063588507473469
6039,-0.0015063595492392778
7085,-0.0015065362676978111
1571,-0.0015068118809722364
1311,-0.0015073802787810564
5810,-0.0015075193950906396
6263,-0.0015078841242939234
7363,-0.0015080039156600833
3627,-0.0015097421710379422
431,-0.0015097948489710689
5799,-0.0015101777971722186
3458,-0.00151045125676319
5589,-0.001510515110567212
2020,-0.0015106599894352257
1872,-0.0015109559171833098
298,-0.0015124412020668387
3417,-0.0015130843967199326
1586,-0.0015138244489207864
6264,-0.0015139870811253786
7108,-0.0015141229378059506
3474,-0.0015147259691730142
814,-0.001515972602646798
2703,-0.0015162560157477856
727,-0.0015167670790106058
2263,-0.0015167788369581103
5649,-0.0015194149455055594
73,-0.0015206010430119932
816,-0.0015206317184492946
2182,-0.0015212971484288573
413,-0.001522344013210386
7840,-0.0015224277158267796
1859,-0.001526996900793165
3808,-0.001527024491224438
4975,-0.0015276774065569043
198,-0.0015306416898965836
1659,-0.0015330433379858732
7127,-0.001534077397082001
2786,-0.0015356788644567132
951,-0.0015358983655460179
939,-0.0015359434764832258
3635,-0.001535952731501311
6467,-0.001536129740998149
2800,-0.0015364726423285902
375,-0.0015364876599051058
1601,-0.0015366036677733064
44,-0.001537853793706745
3204,-0.0015382912824861705
5399,-0.0015384004218503833
3751,-0.0015390835469588637
5939,-0.0015414062072522938
5746,-0.0015451571671292186
3240,-0.0015462078154087067
826,-0.0015467084012925625
4521,-0.0015480430447496474
3569,-0.0015492092934437096
3446,-0.0015505041228607297
7552,-0.0015534538542851806
4447,-0.001555391529109329
503,-0.0015569852548651397
2834,-0.0015572902048006654
3582,-0.001558787073008716
5998,-0.0015591672854498029
4551,-0.001559498137794435
4316,-0.0015595249133184552
581,-0.0015595945878885686
4627,-0.0015604536747559905
3807,-0.0015628887340426445
2701,-0.00156625168165192
5157,-0.0015667533152736723
5298,-0.0015670236316509545
2282,-0.0015674351016059518
4091,-0.0015696544433012605
713,-0.0015699953073635697
607,-0.0015731353778392076
806,-0.0015737255453132093
5624,-0.0015746444114483893
7837,-0.0015765150310471654
541,-0.0015776731306686997
1784,-0.0015785372233949602
4558,-0.0015791446203365922
5659,-0.001580993877723813
7528,-0.0015814074431546032
7732,-0.0015837610699236393
3158,-0.0015838605468161404
2971,-0.001583942270372063
4937,-0.0015841728309169412
612,-0.0015844723675400019
7335,-0.0015875144745223224
5238,-0.0015876123798079789
5931,-0.0015908487839624286
6905,-0.0015909552457742393
899,-0.0015947706997394562
5938,-0.0015950054512359202
2765,-0.0015951943933032453
2494,-0.0015978385345079005
41,-0.0015980093157850206
4901,-0.0015989136882126331
7950,-0.0016000124742276967
3593,-0.0016007445519790053
2652,-0.0016010325052775443
5813,-0.0016031174454838037
496,-0.0016048434190452099
930,-0.0016050704289227724
5543,-0.0016060619964264333
5074,-0.0016065362142398953
6702,-0.0016083312220871449
1648,-0.001610405626706779
7715,-0.00161093968199566
4075,-0.0016112629673443735
308,-0.0016117752529680729
5424,-0.001612084626685828
2551,-0.0016124953981488943
5790,-0.0016145245172083378
1561,-0.001616821566130966
6718,-0.0016168834990821779
3908,-0.0016182495164684951
5077,-0.0016187017317861319
6132,-0.0016198266530409455
5060,-0.0016199176316149533
4923,-0.0016210092580877244
1882,-0.0016213480848819017
4038,-0.0016218629898503423
4895,-0.0016233931528404355
6376,-0.0016240780823864043
1638,-0.0016272648354060948
4221,-0.0016274643130600452
1184,-0.0016275145462714136
1491,-0.0016288530896417797
2673,-0.0016302161384373903
2681,-0.0016326670302078128
2877,-0.0016332118539139628
6122,-0.001633744454011321
2556,-0.0016366032068617642
1014,-0.0016415219870395958
867,-0.001642433402594179
5982,-0.0016432268312200904
1449,-0.0016443292261101305
2279,-0.001646441756747663
6602,-0.0016464524087496102
941,-0.0016467919340357184
5801,-0.0016475264565087855
2501,-0.0016479449113830924
3677,-0.0016483620856888592
5583,-0.00164854055037722
5483,-0.0016487534157931805
5236,-0.001649201672989875
2273,-0.001650836959015578
1114,-0.0016523044905625284
2097,-0.0016548372223041952
1483,-0.0016554503818042576
2256,-0.0016562765813432634
1069,-0.0016585183329880238
1324,-0.0016591494786553085
3866,-0.0016597534413449466
7195,-0.0016601739916950464
7030,-0.0016610603197477758
1933,-0.0016613923362456262
6612,-0.0016619105590507388
2721,-0.001664878916926682
1229,-0.0016655245563015342
3733,-0.0016656641964800656
1234,-0.0016658667591400445
3802,-0.0016674995422363281
2693,-0.0016676978557370603
2358,-0.0016689612530171871
4788,-0.0016696805832907557
6570,-0.0016700312262400985
4186,-0.0016704085282981396
828,-0.0016713096993044019
5297,-0.0016732882359065115
4156,-0.001674135448411107
7424,-0.001675698789767921
7611,-0.0016770273796282709
2067,-0.001677058287896216
2698,-0.0016773066599853337
6089,-0.0016795018455013633
4647,-0.0016802982427179813
4006,-0.0016819305601529777
903,-0.0016824634512886405
5959,-0.0016826767241582274
6367,-0.0016839218442328274
66,-0.0016839944291859865
2357,-0.001685010560322553
422,-0.0016850160900503397
6876,-0.001685609924606979
6649,-0.0016856209840625525
1270,-0.0016859599854797125
3990,-0.001686202478595078
532,-0.0016871830448508263
390,-0.0016887509846128523
5339,-0.0016901056515052915
6715,-0.0016904376680031419
1982,-0.001691091456450522
3558,-0.0016918311594054103
171,-0.0016920248162932694
7945,-0.0016930244164541364
5776,-0.001693067722953856
4456,-0.0016931210993789136
940,-0.0016949581331573427
1701,-0.0016953552840277553
3575,-0.0016968994168564677
3815,-0.0016977432533167303
3562,-0.001698098669294268
2488,-0.0016984441317617893
803,-0.0017003502580337226
252,-0.0017029811860993505
1939,-0.0017060702666640282
2891,-0.0017064225976355374
945,-0.001708150957711041
679,-0.0017096992814913392
1986,-0.001710776996333152
3201,-0.001711038697976619
4541,-0.0017120453994721174
7562,-0.001712108845822513
6287,-0.0017125101876445115
4128,-0.0017128739273175597
5456,-0.0017144924495369196
3253,-0.001716536353342235
5223,-0.0017173104570247233
1081,-0.0017175758839584887
2954,-0.0017210954683832824
594,-0.0017221097368746996
7761,-0.0017227886710315943
1668,-0.0017246538191102445
6370,-0.0017248800722882152
1541,-0.0017254286212846637
4105,-0.001725764770526439
242,-0.001726627058815211
7898,-0.0017275014542974532
1560,-0.001729897572658956
5716,-0.0017306733061559498
2074,-0.0017307270900346339
8000,-0.0017310661496594548
7329,-0.001731172320432961
737,-0.0017319348989985883
7009,-0.0017328491667285562
7337,-0.0017349683330394328
7437,-0.0017350235721096396
4798,-0.0017353453440591693
2211,-0.0017354979645460844
1478,-0.0017359286430291831
5449,-0.001740632695145905
863,-0.0017426821868866682
911,-0.0017466694116592407
5332,-0.0017471837345510721
7496,-0.0017489238525740802
3615,-0.0017492713523097336
7798,-0.001749399583786726
6512,-0.001749686780385673
2371,-0.0017507641459815204
6220,-0.001751550065819174
2196,-0.001753147691488266
5093,-0.001755940611474216
2040,-0.001756729616317898
2318,-0.0017577295075170696
5967,-0.0017579366685822606
3764,-0.0017579654231667519
4275,-0.001760257815476507
1208,-0.0017608643975108862
3042,-0.001762092753779143
2590,-0.0017631059745326638
1884,-0.0017638441640883684
3723,-0.0017650544177740812
5962,-0.0017654105904512107
577,-0.0017665982595644891
5002,-0.0017666650819592178
128,-0.0017689591622911394
2334,-0.0017716853180900216
859,-0.0017748285899870098
5392,-0.0017749579274095595
7059,-0.0017761255730874836
6516,-0.0017767447279766202
4918,-0.0017796116881072521
5047,-0.001781309605576098
4112,-0.0017817512853071094
6543,-0.0017846354166977108
6454,-0.0017862024251371622
5775,-0.0017870437004603446
4365,-0.0017927347216755152
1940,-0.0017930797766894102
2227,-0.0017959937104023993
637,-0.0017973941285163164
6255,-0.0018014173838309944
2812,-0.001801496953703463
5965,-0.0018029153579846025
4769,-0.00180301524233073
2802,-0.001803269551601261
6642,-0.0018054430256597698
756,-0.0018075908883474767
2408,-0.0018081326852552593
4709,-0.001808547240216285
1283,-0.001809601963032037
2889,-0.0018097509746439755
1193,-0.001814741757698357
954,-0.0018154493300244212
7613,-0.001815654686652124
6480,-0.0018170188996009529
2637,-0.0018171054543927312
6222,-0.00181747687747702
6135,-0.0018184120999649167
78,-0.001820364035665989
3314,-0.0018212823197245598
1910,-0.0018232137663289905
3567,-0.0018255983013659716
5916,-0.0018256036564707756
7726,-0.0018269293359480798
3768,-0.0018276136834174395
80,-0.0018327897414565086
1056,-0.0018368278397247195
1154,-0.0018383621354587376
4027,-0.0018387253512628376
3698,-0.0018387294840067625
850,-0.001840311277192086
1938,-0.0018426134483888745
5369,-0.001843208505306393
1389,-0.0018470290815457702
4385,-0.0018503241008147597
6915,-0.0018515227711759508
127,-0.0018519465811550617
4229,-0.0018530248780734837
6077,-0.00185471645090729
5076,-0.001854772912338376
6156,-0.0018565719947218895
4137,-0.0018569731619209051
3605,-0.001858169969636947
5904,-0.0018608284881338477
6843,-0.0018613814027048647
5032,-0.0018628104007802904
17,-0.0018632201827131212
7671,-0.0018638147157616913
247,-0.0018645692616701126
4549,-0.0018647843389771879
4749,-0.001865043886937201
1077,-0.0018666270188987255
1243,-0.0018675419269129634
1313,-0.0018676521722227335
4947,-0.001868319814093411
1636,-0.001869619998615235
6689,-0.001871932065114379
7453,-0.0018721273518167436
1371,-0.0018733683973550797
7152,-0.00187454535625875
6932,-0.0018751182360574603
2039,-0.0018758380901999772
653,-0.0018760712700895965
3231,-0.0018782360712066293
4286,-0.0018803830607794225
324,-0.0018805612344294786
7643,-0.0018821913981810212
1404,-0.0018846108578145504
3954,-0.001886943937279284
5598,-0.0018872462678700686
7199,-0.001888372644316405
1769,-0.0018888924387283623
4536,-0.0018920173752121627
4639,-0.0018921935698017478
1038,-0.0018927526543848217
794,-0.0018934481777250767
3844,-0.0018936378182843328
4988,-0.0018936676206067204
3810,-0.0018937571439892054
4473,-0.00189443479757756
1777,-0.0018970064702443779
4580,-0.0018980145105160773
5466,-0.0018983676563948393
4016,-0.0018984436755999923
3074,-0.0019009103998541832
1979,-0.0019022629130631685
2029,-0.0019026421941816807
5283,-0.0019031900446861982
1434,-0.0019037254969589412
7532,-0.0019041982013732195
7243,-0.0019045312656089664
6893,-0.0019063684740103781
7636,-0.0019106721738353372
2209,-0.0019112459267489612
5016,-0.0019121318473480642
214,-0.0019121631048619747
7504,-0.0019135929178446531
4101,-0.0019149377476423979
1625,-0.001915497297886759
1862,-0.0019184056436643004
467,-0.001919224625453353
3692,-0.001921195536851883
75,-0.0019212246406823397
6544,-0.0019218823872506618
210,-0.001923682284541428
241,-0.0019238486420363188
2404,-0.0019258318934589624
3035,-0.0019258518004789948
971,-0.0019285368616692722
5865,-0.0019285631133243442
2670,-0.0019286219030618668
3922,-0.001928709214553237
2817,-0.0019288599723950028
5561,-0.0019290322088636458
475,-0.0019298142287880182
4374,-0.001930488389916718
7932,-0.0019305624300614
6104,-0.0019307588809169829
5508,-0.0019319639541208744
1645,-0.0019368321518413723
2170,-0.0019373365212231874
1832,-0.0019406870123930275
294,-0.0019435574067756534
6959,-0.0019477240275591612
6073,-0.001947771233972162
4463,-0.001948510529473424
3836,-0.0019496846944093704
1711,-0.001950876205228269
3357,-0.001951433252543211
7043,-0.001953254686668515
2751,-0.0019533297745510936
20,-0.001955872750841081
4042,-0.0019592660828493536
1482,-0.0019616546342149377
5601,-0.0019651600159704685
4624,-0.001966429641470313
4129,-0.0019678501412272453
1382,-0.0019694099901244044
7061,-0.001971404068171978
4831,-0.001971616758964956
444,-0.001974247978068888
4475,-0.0019777393899858
6639,-0.001977925654500723
4735,-0.0019797205459326506
1801,-0.001985236769542098
7935,-0.0019884088542312384
1174,-0.0019893465796485543
2963,-0.0019895476289093494
3814,-0.0019921102793887258
709,-0.0019932687282562256
521,-0.0019933495204895735
894,-0.001998462248593569
810,-0.0019985567778348923
3220,-0.001998957828618586
7860,-0.002003893256187439
5770,-0.0020041095558553934
6881,-0.00200637336820364
1588,-0.002006857772357762
2292,-0.002011667937040329
4056,-0.002013609919231385
6210,-0.0020173335797153413
3586,-0.00201831862796098
2647,-0.0020186254987493157
1809,-0.0020199702121317387
540,-0.0020209663780406117
347,-0.0020227829227223992
7422,-0.0020238575525581837
4680,-0.002024448476731777
6499,-0.0020267455838620663
7435,-0.002029306022450328
4267,-0.0020294017158448696
2099,-0.002029833383858204
858,-0.0020320945186540484
6816,-0.002032180316746235
3352,-0.0020325816585682333
5838,-0.0020355983870103955
4257,-0.0020384760573506355
6469,-0.0020395831670612097
6379,-0.0020398100605234504
7831,-0.0020416980842128396
1671,-0.0020427866838872433
2678,-0.0020433125901035964
5110,-0.0020442695822566748
4911,-0.0020462031243368983
3703,-0.0020471534226089716
3978,-0.002053984091617167
4811,-0.002058150712400675
4486,-0.002060448983684182
7756,-0.002062041312456131
1607,-0.0020632981322705746
5792,-0.002064088126644492
2996,-0.002066391403786838
4840,-0.0020673901308327913
1469,-0.00207123183645308
7348,-0.0020755232544615865
2333,-0.002075833035632968
7878,-0.0020769713446497917
5334,-0.002078993245959282
5185,-0.002080603502690792
6955,-0.002080641221255064
7585,-0.002080680103972554
890,-0.002081711543723941
6155,-0.002081733662635088
1796,-0.002084013307467103
2356,-0.002086866879835725
4141,-0.002087967121042311
7718,-0.0020895206835120916
177,-0.0020896241767331958
1471,-0.0020931861363351345
5151,-0.0020934989443048835
5419,-0.002100961981341243
7079,-0.0021012816578149796
7730,-0.0021014430094510317
4202,-0.0021015246165916324
583,-0.0021046713227406144
5478,-0.0021072920644655824
1299,-0.0021096511045470834
2609,-0.002111085457727313
4356,-0.002116767456755042
1125,-0.0021174100693315268
2767,-0.0021194223081693053
4408,-0.0021202334901317954
1263,-0.002120263408869505
6753,-0.002120665740221739
5178,-0.0021240112837404013
3186,-0.0021245572715997696
7060,-0.0021260521607473493
5725,-0.0021276355255395174
7978,-0.0021285797702148557
2953,-0.002129644388332963
5694,-0.002129951724782586
5623,-0.0021303496323525906
7022,-0.0021307243732735515
7084,-0.002130873966962099
7247,-0.0021314244950190187
3499,-0.002133212983608246
7316,-0.0021364312851801515
7440,-0.00213844480458647
3190,-0.00214096053969115
3902,-0.0021421893034130335
4969,-0.0021426937310025096
1135,-0.002144175348803401
6604,-0.0021490801591426134
5013,-0.0021508997306227684
5656,-0.0021529989317059517
7505,-0.0021566052455455065
988,-0.002156843664124608
3681,-0.002156859845854342
3513,-0.002157892333343625
6336,-0.0021588015370070934
202,-0.0021626761881634593
2311,-0.002168273786082864
3298,-0.0021707842824980617
7734,-0.002172347391024232
553,-0.002173271030187607
5179,-0.002173939486965537
2679,-0.002176212379708886
3072,-0.002179692965000868
2883,-0.002183999284170568
7342,-0.002184940269216895
6364,-0.0021854762453585863
1096,-0.0021861689165234566
3233,-0.0021905502071604133
6578,-0.0021905662724748254
4612,-0.0021920037688687444
6144,-0.002195526729337871
4816,-0.0021971336100250483
2140,-0.0021999775199219584
4917,-0.0022001086035743356
4158,-0.002206544973887503
2604,-0.0022071574348956347
1775,-0.0022074300795793533
7214,-0.002207535319030285
2086,-0.002212836407124996
5788,-0.0022128489799797535
1937,-0.0022128716809675097
1339,-0.002214338630437851
5319,-0.0022157463245093822
2567,-0.00222275301348418
7449,-0.0022227735025808215
6744,-0.002226046286523342
4631,-0.0022265418665483594
6556,-0.002226599375717342
3521,-0.0022318625124171376
4348,-0.0022323185112327337
1126,-0.0022330969804897904
7629,-0.0022351916413754225
5573,-0.0022402561735361814
746,-0.0022424441995099187
2427,-0.0022436530562117696
2157,-0.0022459336323663592
1425,-0.0022469982504844666
3305,-0.002248117933049798
1209,-0.002251100610010326
3194,-0.0022557952906936407
433,-0.002257775398902595
2053,-0.0022597942734137177
7371,-0.002267584204673767
6127,-0.0022690758341923356
4592,-0.0022697256645187736
4104,-0.0022722540888935328
2992,-0.0022727467585355043
7544,-0.002276319428347051
2379,-0.0022768639028072357
5986,-0.0022819943260401487
3364,-0.002282253233715892
7470,-0.0022829521913081408
3270,-0.0022855219431221485
4496,-0.002289306721650064
4412,-0.0022906296653673053
2692,-0.0022908872924745083
4822,-0.0022919141920283437
7582,-0.0022978460183367133
2382,-0.0022988300770521164
5324,-0.0023018349893391132
2977,-0.0023034117184579372
5637,-0.00230384967289865
5897,-0.0023039710940793157
6681,-0.0023042269749566913
7400,-0.0023042773827910423
7183,-0.0023049176670610905
7794,-0.002305493107996881
42,-0.002308230963535607
411,-0.002310962532646954
3871,-0.0023125242441892624
2988,-0.0023175515234470367
1556,-0.002319221617653966
5794,-0.002320112311281264
2741,-0.002320653642527759
1448,-0.0023230069782584906
701,-0.0023231504019349813
1418,-0.0023234630934894085
3657,-0.0023236038396134973
752,-0.002328159287571907
282,-0.002328700269572437
1129,-0.002329356619156897
5356,-0.0023296785075217485
7218,-0.0023301218170672655
1755,-0.0023344371002167463
6599,-0.0023364933440461755
143,-0.002340535633265972
614,-0.0023407741682603955
6553,-0.0023433155147358775
6116,-0.0023448868887498975
1709,-0.002349423011764884
3192,-0.002357170917093754
4843,-0.0023582822177559137
4070,-0.0023615520913153887
2844,-0.00236273230984807
3693,-0.0023632339434698224
3212,-0.0023678444558754563
240,-0.0023701031459495425
2856,-0.002371415728703141
3403,-0.0023774559376761317
2255,-0.0023781467461958528
5081,-0.0023796235909685493
6012,-0.002391337649896741
2979,-0.0023946487344801426
7322,-0.0023949824972078204
5382,-0.0023959866957738996
4690,-0.002397315693087876
1167,-0.002397847711108625
5893,-0.002399901277385652
7790,-0.0024009989574551582
7738,-0.0024022262077778578
3678,-0.0024023476289585233
7609,-0.002402351121418178
7222,-0.0024023617152124643
159,-0.0024030290078371763
763,-0.002404944272711873
3999,-0.002406373736448586
3249,-0.002407332416623831
5423,-0.002408889471553266
3219,-0.0024123297771438956
2732,-0.002419097349047661
2220,-0.002421583281829953
3697,-0.002421823446638882
6645,-0.002421844517812133
2736,-0.002421853714622557
6206,-0.0024256904143840075
4957,-0.00242705678101629
1453,-0.002428075298666954
319,-0.002444550395011902
4916,-0.0024452920770272613
2845,-0.0024496926926076412
3034,-0.0024507625494152308
2464,-0.002452580723911524
1137,-0.0024565323255956173
7911,-0.0024593869457021356
3020,-0.0024633805733174086
3630,-0.0024692368460819125
2423,-0.0024692807346582413
5729,-0.0024729473516345024
7539,-0.0024766584392637014
2064,-0.002476779744029045
2491,-0.0024804440326988697
1691,-0.002483975375071168
7295,-0.0024917626287788153
2035,-0.0024941745214164257
6708,-0.0024965570773929358
5733,-0.0024994652485474944
6506,-0.002501516602933407
7285,-0.00250302255153656
3529,-0.002503617783077061
551,-0.002504928968846798
5325,-0.00250504317227751
4587,-0.0025072459829971194
4484,-0.0025106577668339014
5494,-0.002512415056116879
5026,-0.002515956060960889
6294,-0.0025225060526281595
5491,-0.0025238533271476626
7109,-0.0025247681187465787
3649,-0.0025271300692111254
543,-0.0025275135412812233
166,-0.0025275442749261856
1628,-0.002527591888792813
7121,-0.0025333977537229657
7783,-0.0025395952397957444
2215,-0.002543077222071588
3349,-0.002543226000852883
843,-0.002545018447563052
455,-0.002545297611504793
7192,-0.002546549658291042
6081,-0.0025524907978251576
5711,-0.0025575365871191025
2316,-0.0025593751342967153
3918,-0.0025641099782660604
86,-0.002565158880315721
3366,-0.002567477524280548
2012,-0.002574230427853763
4319,-0.0025764756137505174
2339,-0.0025809938088059425
6247,-0.0025828449288383126
1945,-0.0025833058170974255
1564,-0.002585533889941871
2391,-0.0025876450818032026
1237,-0.0025876732543110847
4714,-0.0025894346181303263
5141,-0.002590612042695284
2241,-0.0025955488672479987
5221,-0.002601659158244729
5438,-0.0026063949335366488
2832,-0.002607839531265199
4393,-0.002609409741126001
3817,-0.0026098047383129597
5540,-0.0026104599237442017
3512,-0.002610611845739186
7975,-0.0026128836907446384
4668,-0.0026139761321246624
102,-0.0026142705464735627
4869,-0.002621000516228378
4671,-0.002622608793899417
2869,-0.0026262858882546425
4161,-0.0026315900031477213
68,-0.0026350197149440646
4295,-0.0026356412563472986
4285,-0.0026360193733125925
5313,-0.0026400686474516988
4980,-0.002642233157530427
5990,-0.002642252016812563
4747,-0.0026468250434845686
4135,-0.0026494425255805254
7071,-0.0026536815566942096
6595,-0.0026567663298919797
5558,-0.0026612223591655493
3252,-0.0026652502128854394
378,-0.0026733004488050938
2787,-0.0026748343370854855
2895,-0.002675015712156892
6212,-0.0026759938336908817
3578,-0.002676856704056263
7002,-0.0026781747583299875
2321,-0.002680124598555267
7855,-0.0026813566219061613
5410,-0.002687717555090785
6416,-0.002689967048354447
5599,-0.0026932114269584417
776,-0.0026957312365993857
4654,-0.0026991963386535645
1633,-0.0027005551382899284
2542,-0.002714608097448945
462,-0.0027154451236128807
2136,-0.002722271718084812
4317,-0.0027250945568084717
2143,-0.00273763295263052
274,-0.0027395947836339474
5715,-0.002739833202213049
2916,-0.0027424172731116414
5181,-0.0027478294214233756
6018,-0.002750758547335863
2001,-0.002751853782683611
539,-0.0027596105355769396
7029,-0.0027601143810898066
3549,-0.002763412776403129
2667,-0.0027637779712677
4765,-0.0027661940548568964
7693,-0.002767832949757576
2727,-0.0027693401789292693
764,-0.002770443563349545
5854,-0.002772017032839358
3587,-0.0027776299975812435
3131,-0.0027777088107541203
4650,-0.002780929789878428
1426,-0.0027931546792387962
6491,-0.0028026303043588996
2076,-0.0028060247423127294
6345,-0.0028078124159947038
5050,-0.002809147466905415
631,-0.0028167294804006815
5980,-0.0028237473452463746
4086,-0.0028245095163583755
685,-0.002824865630827844
3328,-0.0028249300085008144
3727,-0.0028339276323094964
4598,-0.002836416009813547
5445,-0.002842164714820683
1087,-0.00284389010630548
2474,-0.00285135128069669
7377,-0.002851419849321246
2694,-0.0028514729347079992
3421,-0.002851543016731739
5863,-0.002859724103473127
4973,-0.0028646696591749787
2627,-0.002865263493731618
1413,-0.0028678738744929433
3671,-0.0028713499195873737
6636,-0.0028787717455998063
7869,-0.0028846998466178775
5542,-0.0028872042894363403
5337,-0.002890600939281285
2468,-0.0028908804524689913
349,-0.0028924341313540936
2935,-0.002894997247494757
6401,-0.0028981382492929697
3853,-0.0029050956945866346
2265,-0.0029066679999232292
1033,-0.0029076833743602037
7616,-0.002907880232669413
6422,-0.0029124984284862876
6205,-0.0029142153216525912
278,-0.0029207475017756224
3037,-0.0029333397978916764
4993,-0.002936715492978692
7606,-0.0029367556562647223
929,-0.0029371067648753524
7367,-0.002939743222668767
1490,-0.0029417460318654776
3828,-0.002943402505479753
825,-0.0029436639742925763
3343,-0.0029455521143972874
6213,-0.0029473593458533287
3284,-0.0029531434411183
374,-0.0029631047509610653
5631,-0.0029646086040884256
5054,-0.002968919347040355
3005,-0.0029748836532235146
4767,-0.0029783330392092466
1990,-0.002980416058562696
4216,-0.0029806902166455984
6497,-0.0029903632821515203
1198,-0.0029910991434007883
4499,-0.0029931606259196997
3176,-0.0029958406230434775
4870,-0.002996099879965186
6927,-0.0029964689165353775
7808,-0.0029990572948008776
4046,-0.0030051725916564465
1115,-0.0030105167534202337
1991,-0.003014290938153863
4535,-0.0030143852345645428
1189,-0.00301485531963408
5092,-0.0030184851493686438
5819,-0.003026093589141965
5633,-0.003042468219064176
6231,-0.003045590710826218
3232,-0.00305677333381027
5748,-0.003057324793189764
6085,-0.0030581705505028367
4231,-0.0030622644117102027
7971,-0.003100060159340501
5084,-0.003100745612755418
53,-0.003102215938270092
5693,-0.0031028955709189177
3292,-0.00310400384478271
1611,-0.0031047413358464837
1530,-0.0031062604393810034
1663,-0.003109716926701367
1981,-0.0031264981953427196
5611,-0.003127486794255674
4300,-0.0031284006545320153
5820,-0.0031307144090533257
1629,-0.0031377285486087203
6324,-0.0031407661736011505
3856,-0.003141939756460488
6576,-0.0031436842400580645
5079,-0.0031490889377892017
4632,-0.0031521039782091975
6397,-0.003156338003464043
2790,-0.0031589578138664365
6415,-0.003159846644848585
7826,-0.00316489371471107
2982,-0.003166023758240044
6666,-0.0031669235322624445
3265,-0.003169531002640724
5586,-0.003170615993440151
4069,-0.003179915132932365
5883,-0.0031814558897167444
504,-0.0031887602526694536
1806,-0.0031974392477422953
7159,-0.0031980550847947598
2122,-0.003199500381015241
5702,-0.003203245811164379
5705,-0.0032045863335952163
7770,-0.0032069485168904066
3829,-0.003208393231034279
2987,-0.003217858960852027
6148,-0.0032246096525341272
3661,-0.003224681713618338
7607,-0.0032332941191270947
2755,-0.0032451676670461893
6160,-0.003255253890529275
6131,-0.003258073120377958
5103,-0.003261685254983604
1327,-0.0032663269666954875
1286,-0.0032698556315153837
6112,-0.0032818204490467906
1972,-0.0032856150064617395
7623,-0.00328768917825073
2600,-0.0032891344744712114
1310,-0.0032891504233703017
4638,-0.0032998417736962438
7863,-0.003300476702861488
3348,-0.0033101512817665935
392,-0.0033114777179434896
6470,-0.00331583886872977
107,-0.0033209039829671383
1803,-0.0033314654137939215
5128,-0.0033327863784506917
6451,-0.0033346619457006454
5474,-0.003342161886394024
1108,-0.003344725933857262
2068,-0.0033480627462267876
4446,-0.003351704333908856
271,-0.0033537106355652213
5371,-0.003359595197252929
5765,-0.0033688705880194902
7706,-0.0033716693287715316
3766,-0.003374378546141088
3756,-0.003375883447006345
1358,-0.0033759044017642736
1552,-0.003388821263797581
6195,-0.003407606389373541
6997,-0.0034097241004928946
3316,-0.003411365207284689
7330,-0.0034138160990551114
1133,-0.0034219783265143633
2066,-0.0034227893920615315
6970,-0.0034302211133763194
4725,-0.0034325633896514773
2635,-0.0034390593646094203
3939,-0.0034393880050629377
1727,-0.003440541448071599
1121,-0.003442550776526332
7896,-0.003444862086325884
6735,-0.0034561308566480875
2201,-0.003457144252024591
5839,-0.003457256592810154
27,-0.003461305983364582
6640,-0.0034621310187503695
4963,-0.0034635651390999556
6493,-0.0034663239493966103
3753,-0.003469032235443592
4849,-0.003477519378066063
7979,-0.0034805668983608484
4263,-0.0034826042829081416
566,-0.0034850190859287977
7212,-0.003485459368675947
32,-0.0034863275941461325
2578,-0.003496982390061021
3736,-0.0034992368891835213
4552,-0.003509715781547129
6631,-0.003511390765197575
291,-0.0035166667075827718
3914,-0.0035192605573683977
4208,-0.0035282436292618513
7110,-0.0035299157025292516
7776,-0.003532585920765996
7789,-0.0035333187552168965
3150,-0.003548347973264754
584,-0.003548521315678954
4877,-0.0035506756976246834
1836,-0.0035547108855098486
7012,-0.003556078067049384
5351,-0.003566204337403178
5450,-0.003571965964511037
1779,-0.0035837908508256078
1575,-0.00358583009801805
1890,-0.0035888002021238208
957,-0.003599503543227911
7117,-0.0036025175359100103
2937,-0.0036089379573240876
3881,-0.003610549494624138
7046,-0.003619440831243992
3696,-0.0036266720853745937
6780,-0.0036437443923205137
5155,-0.003653260413557291
14,-0.003654596279375255
5953,-0.0036617853911593556
2611,-0.003666033037006855
2378,-0.0036674566799774766
4336,-0.003669107099995017
728,-0.0036943325540050864
4955,-0.0037001188611611724
6610,-0.0037103992654010653
1183,-0.0037104932125657797
74,-0.0037138318875804543
6250,-0.0037167018745094538
7397,-0.003719849046319723
4145,-0.003720873733982444
5172,-0.003730591502971947
1891,-0.0037319004768505692
6126,-0.0037371169310063124
4871,-0.003742048633284867
7448,-0.0037489727837964892
4280,-0.0037583234952762723
2881,-0.003763921093195677
7157,-0.0037839077413082123
4851,-0.0037865161430090666
3453,-0.0037942349445074797
2671,-0.003805337706580758
3620,-0.003809697227552533
7232,-0.0038240418070927262
2296,-0.0038256561383605003
669,-0.0038420194759964943
5555,-0.003845474449917674
7293,-0.0038480424555018544
7778,-0.0038528400473296642
1451,-0.0038565966533496976
6719,-0.0038660489954054356
7648,-0.0038756977301090956
7852,-0.003891774918884039
7781,-0.0038968247827142477
2941,-0.0038991920882835984
3519,-0.0039025902515277267
860,-0.0039099452551454306
1091,-0.003959533758461475
2428,-0.003968227421864867
6805,-0.003969889134168625
6137,-0.003972910111770034
2943,-0.003977252868935466
2769,-0.003980147652328014
5864,-0.003984197275713086
3989,-0.004002434434369206
3133,-0.004013325087726116
4203,-0.004018777050077915
593,-0.004035380203276873
1632,-0.004047330003231764
5638,-0.004078604048117995
6586,-0.0040815172251313925
660,-0.004123086109757423
5987,-0.004131614929065108
2846,-0.004134675255045295
3278,-0.0041467612609267235
2672,-0.004152734763920307
173,-0.004170590080320835
7689,-0.0041795114520937204
972,-0.004187154117971659
801,-0.004201902309432626
4131,-0.004210225772112608
645,-0.004218811169266701
4116,-0.004219211172312498
6154,-0.004268437856808305
5723,-0.004280743887647986
1699,-0.0042994215618819
7169,-0.004305572481825948
7314,-0.004310251912102103
4856,-0.004313537152484059
7548,-0.004327845294028521
7857,-0.004328185808844864
2443,-0.004336807876825333
5922,-0.004351594019681215
6886,-0.004352044314146042
4492,-0.004357318161055446
1985,-0.004358795704320073
6769,-0.0044053655583411455
5071,-0.004453948931768537
3097,-0.0044594695791602135
7208,-0.004470271524041891
4517,-0.004472780041396618
2630,-0.0044828110840171576
5011,-0.004491831874474883
6365,-0.004493710119277239
3371,-0.004513220163062215
2890,-0.004514456493780017
3432,-0.00452970783226192
2440,-0.004532722989097238
6048,-0.004539363086223602
2368,-0.004541389876976609
3739,-0.004545429488644004
7746,-0.0045585238840430975
7959,-0.004572542384266853
5730,-0.0045794527977705
7141,-0.004595129285007715
5245,-0.004621441010385752
5651,-0.004622264299541712
7958,-0.004639110993593931
5960,-0.004676674492657185
4063,-0.004689155146479607
3346,-0.004690573550760746
3263,-0.004698837408795953
2747,-0.004707663087174296
2495,-0.004711841698735952
149,-0.004738520598039031
5088,-0.004752381006255746
7809,-0.004755749367177486
1922,-0.004782757023349404
2680,-0.004783414537087083
5869,-0.004787221550941467
7848,-0.004789312137290835
179,-0.004798343870788813
6531,-0.004806077107787132
5718,-0.004818388959392905
6249,-0.004852957790717483
7436,-0.0048669029492884874
7997,-0.004879564978182316
5490,-0.0048932291101664305
2431,-0.004915350116789341
261,-0.004924073349684477
2187,-0.004935236880555749
6515,-0.0049395812675356865
771,-0.0049458525609225035
5279,-0.004954596282914281
3187,-0.004956335527822375
4159,-0.004974700976163149
3867,-0.0049761265981942415
1539,-0.00498121278360486
4358,-0.005022231722250581
474,-0.005037978524342179
1205,-0.00504108564928174
5167,-0.0050478309858590364
5430,-0.005048339953646064
1630,-0.005071135936304927
7596,-0.005073710577562451
877,-0.005073839100077748
3089,-0.005079532042145729
7575,-0.005083934171125293
761,-0.0050883914809674025
2530,-0.005090565187856555
2466,-0.005091964965686202
3477,-0.005098909139633179
3401,-0.005099958041682839
1432,-0.0051367494743317366
5464,-0.00516173243522644
599,-0.005165269365534186
4646,-0.005175753030925989
4628,-0.005191570846363902
1346,-0.005192455602809787
2775,-0.005220968741923571
5437,-0.005245510721579194
4882,-0.005254690069705248
2989,-0.005268157226964831
2730,-0.005291749956086278
5183,-0.005322890821844339
7116,-0.00532965874299407
4559,-0.005337142618373036
3849,-0.005342101212590933
6113,-0.0053435019217431545
3643,-0.005350298248231411
2619,-0.005416765343397856
6440,-0.005419899709522724
742,-0.0054276573937386274
3624,-0.005430612713098526
4490,-0.00550312059931457
924,-0.005612231558188796
4478,-0.005656275432556868
5699,-0.005663641495630145
7482,-0.005688118515536189
3650,-0.005694978637620807
1570,-0.005698204971849918
6489,-0.0056993719190359116
2247,-0.005713647697120905
7304,-0.005738443927839398
4866,-0.005804140819236636
6924,-0.0058251358568668365
2351,-0.005829360568895936
1365,-0.0058626397512853146
7699,-0.0058877430856227875
7386,-0.005906332284212112
180,-0.00595221808180213
777,-0.005959998117759824
5301,-0.0059970468282699585
6629,-0.005998814944177866
1031,-0.006006518844515085
1274,-0.006032460136339068
5090,-0.006034647347405553
2385,-0.006096431287005544
2330,-0.006101292558014393
4821,-0.0061317807994782925
7230,-0.006182096200063825
3731,-0.006250027334317565
923,-0.006260171299800277
827,-0.006269190926104784
5139,-0.006272455444559455
7708,-0.006313928635790944
1384,-0.006316448329016566
1505,-0.006359871244058013
6922,-0.0063840593211352825
716,-0.006447128253057599
91,-0.006456016097217798
7149,-0.006481010699644685
1305,-0.006522687850520015
1926,-0.006553674582391977
5175,-0.006580111337825656
6845,-0.006593130063265562
1500,-0.0066703984048217535
3370,-0.0066941468976438046
3700,-0.0067105519119650126
6851,-0.006747323088347912
3660,-0.006803702330216765
3384,-0.00690764095634222
5891,-0.006999774137511849
1549,-0.007039253367111087
3110,-0.007044313475489616
1006,-0.007048682775348425
5625,-0.007127194898203015
6974,-0.007156812585890293
1583,-0.007189833791926503
64,-0.007230417802929878
3338,-0.007258381694555283
463,-0.007305309642106295
3100,-0.007354008499532938
2602,-0.0073693671729415655
7268,-0.0074018079321831465
4008,-0.007411633618175983
502,-0.0074864227790385485
1789,-0.007532077142968774
2026,-0.007571954745799303
7142,-0.0075721521861851215
245,-0.007587895495817065
7194,-0.007596760522574186
7088,-0.007615926908329129
7297,-0.0077976020984351635
6972,-0.00787325855344534
6040,-0.007983913877978921
1886,-0.008035339415073395
5604,-0.00823027128353715
6425,-0.008255989290773869
1508,-0.008294951636344194
3992,-0.008380346465855837
3964,-0.008385633584111929
6525,-0.008655893616378307
3070,-0.008665380999445915
2177,-0.008865989744663239
2961,-0.00887855002656579
6296,-0.008926687762141228
2813,-0.008999346755445004
3271,-0.009065919555723667
7538,-0.009162700269371271
1955,-0.009182678535580635
5817,-0.009325002320110798
2770,-0.009401035495102406
1340,-0.009555745869874954
5626,-0.009724877774715424
4146,-0.009933799039572477
2216,-0.009974700398743153
2081,-0.010139110032469034
2300,-0.010211063083261251
3628,-0.010789793450385332
3217,-0.011021525133401155
5187,-0.011069729924201965
2675,-0.011148176155984402
962,-0.011356106493622065
4347,-0.01192869059741497
313,-0.012086616363376379
652,-0.012248673476278782
5886,-0.01241092849522829
6804,-0.013919001445174217
