Train_ID,Clean_Label,Noisy_Label,is_noisy,Training_Loss
12161,1,1,0,0.2370242
5633,1,1,0,0.14863133
10987,1,1,0,0.3110042
4264,1,1,0,0.24934396
8390,1,1,0,0.19799797
4304,0,0,0,0.13213648
976,0,0,0,0.38006064
10217,1,1,0,0.24291585
10423,0,0,0,0.29993698
10525,1,0,1,1.7657377
11817,0,0,0,0.11484672
3814,0,1,1,2.2235484
1361,1,1,0,0.18752435
11003,0,1,1,1.3765359
14237,0,0,0,0.44751775
108,0,0,0,0.23517331
11648,1,1,0,0.3008421
945,0,0,0,0.581672
14198,1,1,0,0.29116318
13474,0,0,0,0.31446463
1126,0,0,0,0.07673909
5210,0,0,0,0.29280394
11695,1,1,0,0.13604689
2748,1,1,0,0.19096388
7590,0,0,0,0.17921913
10376,1,1,0,0.23789437
686,1,1,0,0.37260714
14857,1,1,0,0.19121763
14668,1,1,0,0.14633007
7366,0,0,0,0.31194693
15781,0,0,0,0.16653301
13070,1,0,1,1.1703569
9807,1,1,0,0.20852903
2912,1,1,0,0.18266924
6699,0,1,1,1.5478805
6012,0,1,1,1.6436563
12146,0,0,0,0.17794101
16307,1,0,1,1.6916534
7887,1,1,0,0.13279986
12738,1,0,1,1.2290292
8676,0,0,0,0.18487784
8212,1,1,0,0.2045671
8558,1,1,0,0.14043134
10529,1,1,0,0.16642016
8728,1,0,1,1.0743006
726,0,0,0,0.12615958
15588,0,0,0,0.07396046
7990,1,0,1,1.1006236
7557,0,0,0,0.22732331
15697,0,1,1,1.7571537
15796,0,0,0,0.19189306
14922,1,1,0,0.42152008
6747,0,0,0,0.28425598
7268,0,0,0,0.46586365
115,1,1,0,0.18189393
7637,0,1,1,1.6728933
12023,0,0,0,0.7312677
10638,1,1,0,0.39099833
12083,0,0,0,0.28548574
1883,0,0,0,0.39431584
11085,1,1,0,0.22069122
13606,1,1,0,0.32945672
6146,1,0,1,1.3785071
15617,1,1,0,0.3056544
6885,1,0,1,1.4640014
3637,1,1,0,0.32785428
5555,1,0,1,0.88402927
5085,1,1,0,0.08344026
12470,1,1,0,0.19819666
1895,0,0,0,0.12082972
7891,1,1,0,0.13033105
1994,1,1,0,0.88134915
6187,1,1,0,0.31383204
14651,0,1,1,1.6496147
9110,0,0,0,0.17626354
10166,1,1,0,0.3087329
308,0,0,0,0.30688858
8651,0,0,0,0.15943456
231,1,1,0,0.2873685
985,0,0,0,0.16050123
16223,1,0,1,1.5050955
3963,0,0,0,0.3324202
7087,0,0,0,0.21321395
6850,0,0,0,0.3587337
11244,1,1,0,0.17708465
11625,0,0,0,0.11512022
8341,0,0,0,0.23756644
6675,1,0,1,0.70888627
12910,1,0,1,1.4406757
2958,1,1,0,0.5158359
15817,1,1,0,0.39597344
15785,0,0,0,0.18702029
4850,1,1,0,0.19928306
15494,0,0,0,0.21421385
1400,1,0,1,1.031647
4535,1,1,0,0.13417147
11362,0,0,0,0.59598196
13884,0,0,0,0.35258058
9917,1,1,0,0.21006341
5813,1,1,0,1.2974292
5497,0,0,0,0.20070277
2189,1,1,0,0.21053647
331,0,0,0,0.31251886
5240,1,1,0,0.31505784
10585,1,0,1,1.0991507
8073,0,1,1,1.1539181
6564,0,0,0,0.10647725
5065,1,1,0,0.19109751
5046,1,1,0,0.064168476
15795,0,1,1,0.77108824
3817,1,1,0,0.1654765
2073,0,0,0,0.17197673
10769,0,0,0,0.25922003
166,0,0,0,0.6850379
14532,0,1,1,1.4028306
6722,0,0,0,0.2007176
74,0,0,0,0.3315743
7029,1,1,0,0.3387675
11862,0,0,0,0.21768683
13166,1,1,0,0.116235174
47,1,1,0,0.41458455
13043,1,1,0,0.30944106
640,0,1,1,1.3761402
15335,1,1,0,0.28199282
7724,1,1,0,0.089009695
13793,1,1,0,0.30415297
7835,1,1,0,0.21937557
16170,0,0,0,0.47576916
13741,0,0,0,0.15480684
14975,1,0,1,0.74547595
2956,0,0,0,0.20211957
10269,0,0,0,0.15834111
2274,0,0,0,0.22278433
2352,1,1,0,0.2812626
9043,0,0,0,0.26780885
1768,0,0,0,0.3505945
8875,1,1,0,0.17372611
11396,0,1,1,0.87300265
11039,1,1,0,0.22029011
3974,0,0,0,0.4255582
7343,1,1,0,0.987907
3174,1,1,0,0.28254473
10210,0,0,0,0.2750194
15135,1,1,0,0.25612795
3708,1,0,1,1.1717414
8372,1,1,0,0.4681592
600,1,0,1,1.5601705
9008,0,0,0,0.36241975
4677,1,1,0,0.26289064
7613,0,1,1,1.1730645
14583,0,0,0,0.2749197
16395,0,0,0,0.15739559
868,1,0,1,1.9173036
498,1,1,0,0.24067432
1039,1,1,0,0.48758537
11529,1,1,0,0.39675128
13870,0,0,0,0.22060564
5173,1,1,0,0.18518874
2678,1,1,0,0.20518698
9380,0,0,0,0.20714171
3730,1,1,0,0.17272294
14731,0,0,0,0.2538035
16200,1,1,0,0.4423075
1977,0,1,1,1.4777191
13796,1,1,0,0.12657298
365,1,1,0,0.5800566
11453,1,0,1,1.5872178
441,1,1,0,0.15088096
1049,0,0,0,0.08781699
4605,0,0,0,0.17700396
3874,1,0,1,1.1845772
8203,0,1,1,1.2548784
2891,0,0,0,0.14487906
2603,0,1,1,1.2380016
14267,1,1,0,0.14062917
12697,1,1,0,0.13365513
9545,1,1,0,0.17813565
5201,0,0,0,0.21864267
645,1,1,0,0.14009275
13819,1,1,0,0.3802271
16444,0,0,0,0.26416433
8320,0,0,0,0.32450944
1245,0,0,0,0.52251023
13425,1,1,0,0.2558197
4942,0,0,0,0.17584988
7817,1,1,0,0.28506127
4634,0,0,0,0.51177067
3496,0,0,0,0.3157856
860,0,1,1,1.1626189
8595,1,1,0,0.22956789
7157,1,1,0,0.29074228
5831,1,1,0,0.37873894
16102,1,1,0,0.13290226
3737,0,0,0,0.19258639
7918,0,0,0,0.2429528
3634,1,0,1,1.5804383
4201,0,0,0,0.33997378
14103,1,1,0,0.08988427
3289,0,0,0,0.37898076
11850,0,0,0,0.168219
4372,0,0,0,0.30160895
5849,1,0,1,1.168245
12803,1,1,0,0.19181533
5730,0,0,0,0.22959317
3006,0,0,0,0.12447604
2056,1,1,0,0.7959398
4035,1,1,0,0.3582129
6351,1,1,0,0.25861052
11265,1,1,0,0.19626813
3783,1,0,1,0.68313915
8786,0,0,0,0.19935611
15813,1,1,0,0.33381414
13345,0,0,0,0.21458171
8613,1,1,0,0.4405328
3631,1,1,0,0.14215733
91,1,1,0,0.11337957
15255,0,1,1,1.7301792
13963,1,1,0,0.35437602
13778,0,0,0,0.08648981
7829,0,0,0,0.45181674
8298,1,1,0,0.5301323
10345,1,1,0,0.13719584
482,1,1,0,0.56898165
10896,0,0,0,0.17388734
2990,1,1,0,0.25536466
13557,0,0,0,0.20028643
10209,1,1,0,0.26660895
1959,0,1,1,0.63737494
5707,1,1,0,0.14423664
10046,1,1,0,0.21011984
8356,0,1,1,1.6203218
7453,0,0,0,0.30455548
4187,1,0,1,0.6621602
3856,0,0,0,0.13393378
12235,0,0,0,0.14395085
13602,1,1,0,0.3548522
4125,1,1,0,0.29010716
11667,1,1,0,0.18792045
14031,0,1,1,1.6681964
10205,0,0,0,0.100655764
12090,0,0,0,0.42708945
2615,1,1,0,0.29192057
16220,0,1,1,1.7160513
10999,1,1,0,0.2680324
9498,1,1,0,0.14761159
4860,0,0,0,0.15798146
6468,1,1,0,0.18476348
10531,1,1,0,0.13581452
4771,1,0,1,2.2059336
8970,1,1,0,0.2959997
4896,0,0,0,0.30978885
6417,1,0,1,0.22062142
4505,0,0,0,0.9334182
9809,0,0,0,0.49234718
4492,0,0,0,0.1876858
11277,0,0,0,0.45549554
9746,1,1,0,0.18949366
362,1,1,0,0.20340233
4667,0,0,0,0.3244176
6419,0,0,0,0.6036232
8403,1,1,0,0.10887396
12048,1,0,1,1.5196292
10403,0,0,0,0.08137223
4801,0,0,0,0.18437384
14674,1,1,0,1.0064538
4547,1,0,1,1.8618715
11434,0,0,0,0.28959864
11240,1,1,0,0.06411894
9376,1,1,0,0.11271937
11051,1,1,0,0.18283325
4641,0,0,0,0.102144465
12122,1,1,0,0.17683737
8213,1,1,0,0.18180905
3538,0,0,0,0.26391804
7576,0,0,0,0.5089237
8945,1,1,0,0.28654265
5412,1,0,1,1.1196804
5508,0,0,0,0.17774543
10115,0,0,0,0.22307298
15735,1,1,0,0.35629073
7561,1,1,0,0.21040878
12881,0,1,1,1.0795689
2062,1,0,1,1.2246511
14025,0,1,1,1.3105296
10619,1,1,0,0.2036261
9210,0,0,0,0.5426578
12825,1,1,0,0.6957734
2999,0,0,0,0.18312651
1407,1,1,0,0.24523842
1898,0,0,0,0.3165192
9387,0,0,0,0.16500096
11061,1,0,1,1.7721561
13733,0,0,0,0.3453692
2006,0,0,0,0.5613214
10487,1,1,0,0.25198716
16073,1,1,0,0.106365986
5979,1,1,0,0.24519198
21,1,1,0,0.08055705
5056,1,1,0,0.4014822
552,1,1,0,0.18705738
4170,1,1,0,0.1424882
13804,0,0,0,0.06900552
14089,0,1,1,1.2010324
14685,0,1,1,1.0645015
155,1,0,1,1.8998923
5369,0,0,0,0.22919607
9002,1,1,0,0.2458774
671,1,1,0,0.20051764
12642,1,1,0,0.19705518
15402,1,0,1,1.8330193
5149,0,0,0,0.67234945
13036,0,1,1,1.6315137
11426,0,1,1,1.526221
4685,1,1,0,0.2823943
6851,0,0,0,0.14027283
4816,0,0,0,0.5345348
8219,0,0,0,0.19493334
15989,0,0,0,0.260441
4353,1,0,1,1.4400699
3080,0,0,0,0.12554194
3505,0,0,0,0.21912709
9283,1,1,0,0.23964502
14097,0,1,1,2.1001868
1874,0,0,0,0.2154351
9542,1,1,0,0.19109838
13627,0,0,0,0.1822446
4164,0,0,0,0.41866767
14234,1,1,0,0.31701213
6333,1,1,0,0.11882179
15930,1,1,0,0.17530602
11352,0,0,0,0.1338299
15951,1,1,0,0.21501543
1246,0,0,0,0.1597554
12277,1,1,0,0.12082898
4543,0,0,0,1.747362
15882,0,1,1,1.3600092
10381,0,0,0,0.7827166
13802,1,1,0,0.2541776
579,0,0,0,0.24150236
10084,0,0,0,0.30804965
8749,0,0,0,0.26371828
4031,1,1,0,0.42367885
8461,1,1,0,0.26021102
1514,0,1,1,1.5280087
8441,0,0,0,0.22577776
6347,1,1,0,0.3709086
7824,0,0,0,0.29688987
6013,1,1,0,0.19960336
5111,1,1,0,0.28418547
2963,0,0,0,0.4277397
9267,1,1,0,0.24807554
2481,0,0,0,0.23094772
2884,1,1,0,0.7747042
597,1,1,0,0.5015642
4271,0,0,0,0.20947665
8432,1,0,1,2.2717109
15096,1,1,0,0.8034437
12704,1,1,0,0.17713837
9200,0,0,0,0.22675534
4184,1,1,0,0.21517116
11333,0,0,0,0.06316646
10703,1,1,0,0.15820077
6693,1,0,1,0.8819477
12527,0,0,0,0.22545059
8668,1,1,0,0.15679522
7288,1,1,0,0.2793489
3603,0,0,0,0.13950668
14057,1,1,0,0.22119386
4321,0,0,0,0.1706113
11610,1,1,0,0.12499387
1289,0,1,1,0.15053216
6803,0,0,0,0.11084798
4862,1,1,0,0.4916473
10569,0,1,1,1.4803283
13565,0,1,1,1.7292163
8539,0,1,1,0.68009937
8630,0,1,1,1.1061449
11392,0,0,0,0.21031547
15518,0,0,0,0.18981554
10597,0,0,0,0.49434167
14980,1,1,0,0.49621007
5219,0,1,1,1.8552338
11190,0,0,0,0.28303853
13097,1,1,0,0.10189043
8405,0,1,1,2.013862
3792,0,0,0,0.09043916
1531,0,1,1,1.3703116
5142,1,1,0,0.7396211
2649,1,1,0,0.16238043
13083,1,1,0,0.5612433
23,1,1,0,0.14370018
13468,1,1,0,0.13963927
13883,1,1,0,0.2676241
12635,1,1,0,0.27642155
8795,0,0,0,0.34477603
7256,1,1,0,0.14316303
5606,1,1,0,0.4130116
10437,0,1,1,1.8870418
13809,1,1,0,0.21842271
11974,0,0,0,0.2405834
2699,0,1,1,0.479272
6539,1,1,0,0.16467622
2588,0,1,1,1.4165086
5164,1,1,0,0.22201684
2168,0,0,0,0.3351453
16146,0,0,0,0.42337605
4649,1,1,0,0.22700788
3293,1,1,0,0.37394354
408,0,0,0,0.45851383
5532,0,0,0,0.28909132
12571,1,0,1,2.2434847
12401,1,1,0,0.18225285
8552,1,0,1,0.63885826
1719,0,0,0,0.29641443
13634,1,1,0,0.3580307
3772,0,1,1,1.110781
10891,0,0,0,0.1831038
3589,0,0,0,0.19197433
2684,1,1,0,0.13378215
10869,1,1,0,0.46472383
15900,0,0,0,0.23956189
16002,1,1,0,0.09482858
7103,0,1,1,1.7036738
6798,0,0,0,0.15591924
16105,1,1,0,0.16337948
16088,1,1,0,0.52434427
12923,1,1,0,0.34903404
3907,1,1,0,0.6710178
7090,0,0,0,0.5224633
10610,0,1,1,0.8617915
14381,1,1,0,0.2415103
7315,1,1,0,0.29989743
130,1,1,0,0.23948571
11924,1,0,1,1.0442878
1716,0,0,0,0.23133865
8358,0,0,0,0.14824526
10145,0,0,0,0.149308
12561,0,1,1,1.4594095
304,1,1,0,0.9190198
2562,0,0,0,0.14113705
11146,1,1,0,0.2219943
2940,1,1,0,0.32790887
9065,1,1,0,0.12156154
989,1,1,0,0.17704777
4300,1,1,0,0.6020771
16280,0,0,0,0.34675455
9351,0,0,0,0.19323808
10301,1,1,0,0.17949033
10599,1,1,0,1.6603065
14850,1,1,0,0.15719828
15582,1,1,0,0.3516952
5666,1,1,0,0.3252083
14662,0,0,0,0.27715617
2686,1,1,0,0.2576328
6764,0,0,0,0.092658825
7061,0,0,0,0.09888592
93,1,1,0,0.6156322
9201,0,0,0,0.18427977
14174,0,0,0,0.39745405
5496,1,0,1,1.4768872
2322,1,0,1,1.7826853
10013,1,1,0,0.061398372
1491,1,1,0,0.16464885
3447,1,1,0,0.5921393
5819,1,1,0,0.3508814
12869,0,0,0,0.2602677
13206,0,0,0,0.17206927
10486,1,0,1,0.70218563
16388,1,1,0,0.68082076
8245,1,1,0,0.38456026
11006,1,1,0,0.34393355
2284,1,1,0,0.13753708
5676,1,1,0,1.2447908
13785,0,1,1,1.9000672
11149,0,0,0,0.19895376
4770,1,1,0,0.2387755
8911,1,0,1,1.1509356
7471,1,1,0,0.24218415
6901,0,0,0,0.1558415
2779,1,1,0,0.2143974
11675,0,0,0,0.74210614
10093,1,1,0,0.5542965
12768,1,1,0,0.28163865
2151,0,0,0,0.55599904
3044,1,1,0,0.24114929
11785,0,0,0,0.100132056
2069,1,1,0,0.41598755
4429,1,1,0,0.23864174
14631,0,0,0,0.36482653
12842,1,1,0,0.25966388
224,0,0,0,0.06721217
11387,0,0,0,0.19256398
1355,1,1,0,0.14973852
15920,1,0,1,1.9994932
972,0,1,1,0.23393863
8644,1,1,0,0.19478156
12528,1,1,0,0.29275045
3022,0,0,0,0.64660186
10365,0,0,0,0.6041425
14907,1,1,0,0.20722833
9097,0,0,0,0.20335872
5934,0,0,0,0.27010852
6966,0,0,0,0.24461399
15884,1,1,0,0.9102502
15765,0,0,0,0.32445097
6161,0,0,0,0.10251185
5241,0,0,0,0.104037575
8071,1,1,0,0.1704339
14144,0,0,0,0.20129374
1701,0,0,0,0.49591362
16022,1,1,0,0.26017442
14722,0,1,1,1.5645202
55,0,1,1,0.62909824
13593,0,0,0,0.17189603
15366,0,1,1,1.6551744
10484,0,0,0,0.29732034
13057,0,1,1,1.0609109
15675,1,1,0,1.1992587
15140,1,1,0,0.15738305
11213,1,1,0,0.11872049
1970,1,1,0,0.10337978
875,1,0,1,1.8258628
6978,0,0,0,0.14437307
15772,0,0,0,0.08985311
11383,0,1,1,2.080672
14441,1,1,0,0.20598401
7220,0,0,0,0.19426028
6132,1,1,0,0.17721796
1806,1,1,0,0.60871387
4503,1,1,0,0.24577093
8510,1,1,0,0.40487733
675,1,1,0,0.35555935
15268,0,0,0,0.2502922
7541,0,0,0,0.14349097
2876,1,0,1,0.30709895
9398,1,1,0,0.16785692
9614,1,1,0,0.29713064
8303,0,0,0,0.08943197
7676,0,0,0,0.3532679
9822,0,0,0,0.1681787
547,0,0,0,0.28990585
11566,1,1,0,0.24542598
9747,0,0,0,0.30034122
12543,1,1,0,0.18723859
3193,0,0,0,0.2744573
15320,0,0,0,0.2815925
6193,0,0,0,0.30762643
9414,0,0,0,0.3681979
11755,0,0,0,0.3320316
11970,1,1,0,0.124635905
400,1,0,1,0.27916378
12095,1,1,0,0.16480859
1331,0,1,1,1.9708145
7213,1,0,1,1.7812241
13780,1,1,0,0.22764464
9491,1,1,0,0.10665029
9913,0,0,0,0.45703912
3811,0,0,0,0.272178
9156,0,0,0,0.22806336
9257,1,1,0,0.20148389
9027,1,1,0,0.28614232
14344,1,0,1,1.2979878
13150,0,0,0,0.5792873
11622,0,0,0,0.26931888
1542,0,1,1,1.5716031
13702,0,0,0,0.124027446
9955,0,1,1,2.1578302
4069,0,0,0,0.17462309
6516,0,0,0,0.3110299
14254,1,1,0,0.40535972
13235,1,1,0,0.179116
10294,1,0,1,1.5816547
12830,1,1,0,0.43342644
15242,0,0,0,0.23979461
4002,1,1,0,0.21034212
2607,0,0,0,0.1973341
2664,1,0,1,1.6643233
8720,1,1,0,0.15362091
1241,1,0,1,1.481945
12018,1,1,0,0.10522065
9072,1,1,0,0.2503685
16222,1,1,0,0.15326905
13506,0,0,0,0.18140863
11393,1,1,0,0.259365
16062,0,0,0,0.2405566
14694,1,1,0,0.12758178
6947,1,1,0,0.26073176
7405,0,0,0,0.1624228
1022,0,0,0,0.13576728
12140,1,1,0,0.16928168
3688,0,0,0,0.22838433
5596,0,1,1,1.5335258
1336,1,0,1,1.988482
6469,1,1,0,0.32122475
13898,0,0,0,0.5803625
3632,1,1,0,0.06804488
10573,0,0,0,0.34129992
1158,1,1,0,0.099465966
8705,0,1,1,1.7724972
13776,0,0,0,0.25797865
7076,1,0,1,1.3894265
5077,1,1,0,0.22183537
5978,0,0,0,0.23088737
10512,0,1,1,1.399062
9728,1,1,0,0.1482436
11848,0,0,0,0.21330555
3583,1,1,0,0.2774328
12839,0,0,0,0.30196318
12615,0,0,0,0.3775426
9229,0,0,0,0.39463544
1627,1,1,0,0.20050885
11977,1,1,0,0.25725234
14155,0,0,0,0.23545001
11859,1,1,0,0.17637
12003,1,0,1,2.0330458
2535,0,0,0,0.22371645
4551,0,0,0,0.17752235
15972,0,1,1,1.5636153
10077,1,1,0,0.25949404
2134,0,0,0,0.1511615
5599,0,0,0,0.20664117
1389,0,0,0,0.37799618
2624,1,1,0,0.08872544
8468,0,1,1,0.79722214
11301,1,1,0,0.15709357
4434,0,1,1,1.3494277
11312,0,1,1,1.2639215
1797,1,1,0,0.29123124
4232,0,0,0,0.22386675
241,0,1,1,1.3447328
7339,1,0,1,1.8254256
1278,0,0,0,0.2710614
3089,0,1,1,1.1210141
14880,1,0,1,0.659481
9863,1,1,0,0.6917977
14380,1,1,0,0.20802453
9621,0,0,0,0.3833445
3894,0,1,1,1.5303835
16013,1,1,0,0.5960868
6958,0,1,1,2.3558738
13590,0,1,1,0.9812218
16190,1,1,0,0.10173246
3544,0,0,0,0.19397666
2643,0,0,0,0.2204346
8969,0,0,0,0.27336264
14366,0,0,0,0.16781199
7814,0,0,0,0.24583787
11901,0,0,0,0.1456986
1007,1,1,0,0.3932096
11062,1,0,1,1.3855522
15800,0,0,0,0.35393855
5936,0,1,1,1.5028505
16119,0,0,0,0.24081148
11197,0,1,1,1.7368671
1003,1,1,0,0.35695207
10185,0,1,1,1.1823974
3032,1,1,0,0.26798508
16111,1,1,0,0.11781812
10955,0,0,0,0.3071713
9706,1,1,0,0.178387
3988,0,0,0,0.21515667
15708,0,0,0,0.2679734
10030,1,1,0,0.5055667
1006,0,0,0,0.19426373
16218,1,1,0,0.3193741
2371,0,0,0,0.20593683
4573,1,1,0,0.17111906
7602,1,1,0,0.4828358
8175,1,1,0,0.33708152
7529,0,0,0,0.18055056
8620,1,0,1,1.8295463
1266,1,1,0,0.84583664
13510,0,1,1,1.4100449
7122,0,0,0,0.38593358
14771,0,1,1,2.072476
5268,0,0,0,0.1543652
6114,0,0,0,0.13538629
1251,1,1,0,0.20612274
3463,1,1,0,0.3090284
2835,1,1,0,0.57889575
6388,0,0,0,0.18755122
9442,0,0,0,0.46558145
16348,0,0,0,0.2414633
4117,0,0,0,0.09235868
5767,1,1,0,0.33355203
12922,0,0,0,0.21598652
13243,1,0,1,0.7402214
1658,0,0,0,0.22926821
15455,0,1,1,0.7996448
14868,0,0,0,0.43669504
6172,1,1,0,0.060910232
4748,0,0,0,0.54519117
5183,1,0,1,2.068368
8932,1,1,0,0.15880725
9707,0,0,0,0.2183563
12196,0,0,0,0.33936456
6227,0,0,0,0.45959747
2070,0,1,1,1.969089
8687,0,0,0,0.1363077
1972,0,0,0,0.45460808
15780,1,1,0,0.23925716
14686,0,0,0,0.20372248
5808,1,0,1,1.5821704
916,1,1,0,0.24209431
13516,0,0,0,0.39992785
3250,0,1,1,1.0088584
14784,1,1,0,0.22206408
13668,1,1,0,0.14850064
16413,0,0,0,0.3343853
6006,1,0,1,1.4264463
8508,0,0,0,0.30298698
9992,1,1,0,0.23439185
12951,0,1,1,1.2857816
13418,1,1,0,0.49557036
15020,1,1,0,0.2938849
466,1,1,0,0.15017666
14606,0,0,0,0.14230107
3711,0,0,0,0.38937956
16358,1,1,0,0.23328727
13692,0,0,0,0.2202524
9717,1,1,0,0.3287292
3436,0,0,0,0.25386703
10374,0,0,0,0.2423116
302,1,1,0,0.16105239
15359,1,0,1,0.8694856
15223,1,1,0,0.23497474
6020,0,1,1,0.60519224
7049,1,1,0,0.1867342
11193,0,1,1,1.3261162
12608,0,0,0,0.51201016
9835,1,1,0,0.19906084
13873,0,0,0,0.2376815
13536,1,1,0,0.217383
1255,1,1,0,0.22401595
4468,0,0,0,0.40961537
12203,0,0,0,0.2294541
15538,1,1,0,0.1251342
4494,1,1,0,0.11553142
3276,0,0,0,0.17496882
1378,0,0,0,0.20611826
6407,1,1,0,0.12388843
11843,0,0,0,0.21108456
6904,1,1,0,0.33768204
10274,0,0,0,0.44421712
10140,0,0,0,0.22784267
7269,0,1,1,1.6782116
3825,0,1,1,1.0225675
8471,1,1,0,0.14478828
7017,1,1,0,0.2242733
12368,1,1,0,0.31700426
11372,0,1,1,1.3326232
10738,1,1,0,0.16914307
3743,1,1,0,0.20416148
9050,0,0,0,0.32150578
15509,0,0,0,0.19163257
12201,0,0,0,0.3343345
6389,1,1,0,0.20827359
11391,1,1,0,0.18549684
12925,1,1,0,0.19638412
6264,0,0,0,0.43689585
2107,1,1,0,0.2196154
6498,0,0,0,0.16932948
8887,1,1,0,0.24545237
990,1,1,0,0.23875841
4843,0,0,0,0.28984493
162,1,1,0,0.2550694
9881,0,0,0,0.19885352
3530,0,0,0,0.64574975
6584,1,0,1,1.2100267
113,0,0,0,0.25102463
780,1,1,0,0.28780252
11429,1,1,0,0.31422696
11562,1,1,0,0.117982976
5196,0,0,0,0.45472717
1065,0,0,0,0.101771235
7117,1,1,0,0.5785566
16075,1,1,0,0.14329082
11891,0,0,0,0.45731354
8201,0,1,1,1.9099948
8575,0,0,0,0.24464644
9356,1,1,0,0.23066165
8501,0,0,0,0.27837294
7610,1,1,0,0.21794741
14960,0,1,1,1.1309297
8583,1,0,1,1.7209383
746,1,1,0,0.10559507
527,1,1,0,0.15066403
10218,0,0,0,0.30852944
14349,1,1,0,0.24527854
1720,1,1,0,0.24169071
9794,0,0,0,0.81987387
2590,0,0,0,0.14987376
8325,1,1,0,0.30584618
1334,0,0,0,0.113915935
15777,0,1,1,2.0327134
9456,0,0,0,0.42851484
11087,1,1,0,0.3325272
11638,0,1,1,1.6338736
15125,0,1,1,1.5391669
2240,0,1,1,0.50299984
8904,0,0,0,0.1946972
9239,0,1,1,1.3271613
10445,0,0,0,0.14406377
10500,1,1,0,0.17464212
11998,0,0,0,0.2634149
12928,1,1,0,0.07931435
4051,1,1,0,0.23186205
14425,0,0,0,0.24847412
8702,0,1,1,1.6313963
4965,0,0,0,0.25339925
921,1,1,0,0.17124392
14924,0,0,0,0.27972
4483,1,1,0,0.103359126
9426,1,1,0,0.120637655
8652,0,0,0,0.31234226
2158,1,1,0,0.14829406
414,0,0,0,0.4312937
3282,1,1,0,0.15873867
1931,1,0,1,1.2430055
11041,0,0,0,0.18994835
4118,0,1,1,1.5549644
10994,1,1,0,1.6966982
3857,1,0,1,1.2920233
15563,0,0,0,0.17945917
12284,1,1,0,0.26990536
8455,0,0,0,0.43922335
5051,0,0,0,0.30241612
3701,0,1,1,0.09816541
5492,1,0,1,2.3035293
10154,1,1,0,0.27035618
9198,0,1,1,1.2525995
3799,0,0,0,0.23858161
14127,0,0,0,0.8737959
401,1,0,1,1.0866357
15418,0,1,1,0.8061294
16473,0,0,0,0.25614837
9428,1,1,0,0.29289535
5225,0,0,0,0.14441279
4594,0,1,1,1.5255646
13049,1,1,0,0.21702144
13595,1,1,0,0.19658147
4218,0,1,1,1.6658918
4956,1,1,0,0.1512936
15870,0,0,0,0.5110225
169,1,0,1,1.3904792
5793,1,0,1,1.5804887
15094,1,1,0,0.1922827
2941,1,1,0,0.53550136
14829,0,0,0,2.4040928
122,1,1,0,0.22563773
2022,1,0,1,2.7070038
4287,0,0,0,0.2217636
6185,0,1,1,1.882898
11978,1,1,0,0.27900642
14778,0,0,0,0.22363801
12177,1,1,0,0.22917913
12549,1,1,0,0.14133973
14384,0,0,0,0.4861902
8059,1,1,0,0.33831605
10986,0,1,1,1.6348572
11824,1,1,0,0.73969847
6154,1,1,0,0.21790965
7361,0,0,0,0.122645
13446,1,1,0,0.18659306
13502,0,0,0,0.463385
15516,1,1,0,0.11184491
5195,1,1,0,0.19629948
6244,1,1,0,1.4464957
14816,0,0,0,0.2082469
4302,0,1,1,1.43717
13077,0,0,0,0.19651085
923,1,1,0,0.1397865
7444,1,1,0,0.12610778
14438,0,1,1,1.4793764
13625,0,0,0,0.30697823
6261,1,0,1,1.8809105
13594,0,1,1,1.0778625
2438,1,0,1,0.91583765
9908,1,0,1,2.9951346
8110,0,0,0,0.13809815
15273,1,1,0,0.31462827
432,0,1,1,0.7899381
471,0,0,0,0.20637071
524,0,1,1,2.0668685
5683,0,1,1,1.0942616
9997,0,0,0,0.20177904
10596,1,1,0,0.20903696
7279,0,0,0,0.22722057
10693,0,0,0,0.24586873
10315,0,0,0,0.2727973
9412,0,0,0,0.3962598
2192,0,1,1,1.5691493
9478,0,0,0,0.119052105
604,1,1,0,0.24295832
1094,0,0,0,0.27746552
15004,0,1,1,2.1252398
12078,1,1,0,0.29209307
15089,1,1,0,0.24002169
14561,1,0,1,1.132655
6945,0,0,0,0.58315474
8125,0,0,0,0.16982149
2465,0,1,1,1.5173991
15031,1,1,0,0.16217886
12958,0,0,0,0.14060132
15998,1,0,1,1.8028189
14916,1,1,0,0.4619295
554,1,1,0,0.2382974
7059,1,1,0,0.16799794
718,1,0,1,1.8382505
6183,0,0,0,0.4111415
647,1,1,0,0.12664546
2295,1,0,1,0.8771667
589,1,1,0,0.4401382
9137,0,0,0,0.29641318
9880,0,0,0,0.4703774
16043,1,0,1,1.4157274
9343,0,0,0,0.20627616
8137,1,1,0,0.27695492
4930,1,0,1,2.0713608
5170,0,0,0,0.21212217
195,0,0,0,0.13385078
5062,1,1,0,0.3009488
14246,1,1,0,0.09733081
14768,0,0,0,0.21988277
1237,0,1,1,1.5959707
3018,0,0,0,0.31856352
15114,1,1,0,0.39607328
13868,0,0,0,0.25971472
12700,0,0,0,0.24923189
8277,1,1,0,1.192267
2367,1,1,0,0.5176214
7258,0,1,1,1.0451801
6014,1,1,0,0.21245313
6645,0,1,1,1.5059633
11741,1,1,0,0.19112192
10219,0,0,0,0.39452252
4658,0,0,0,0.16922973
10752,0,0,0,0.29924372
4209,0,0,0,0.17001179
6189,1,1,0,0.17930484
12322,0,1,1,0.8734495
3750,1,1,0,0.3094623
13791,0,1,1,1.858629
11401,1,1,0,0.13431084
2821,1,1,0,0.20361432
5057,0,0,0,0.2389905
52,1,0,1,1.334235
8079,1,1,0,0.24322015
13213,0,0,0,0.17811699
194,1,0,1,1.3867145
3612,0,1,1,0.9429039
974,1,1,0,0.11816454
2613,1,1,0,0.1717341
11530,1,1,0,0.0876462
12693,0,0,0,0.23643242
14972,0,0,0,0.30064902
15964,1,1,0,0.32721198
15701,0,0,0,0.16630115
14947,1,1,0,0.46653676
343,0,0,0,0.3407477
13259,1,1,0,0.45036232
12200,0,1,1,1.4426053
12691,0,0,0,0.49563995
12136,1,0,1,0.77726847
5564,0,0,0,0.36362448
6964,1,1,0,0.16392097
8621,0,0,0,0.14286907
11752,1,1,0,0.10496716
4380,0,0,0,0.3452146
2017,0,0,0,0.46498817
4836,1,1,0,0.1588477
5074,1,1,0,0.23062302
7955,1,1,0,0.20435704
11182,1,0,1,1.3582695
3041,1,1,0,0.20540899
5408,0,0,0,0.3171013
11749,1,1,0,0.48553407
727,0,0,0,0.11747123
12236,1,1,0,0.2656767
1217,0,1,1,1.3942
7980,1,1,0,0.17944331
15790,0,1,1,1.4304429
12652,1,1,0,0.20203923
7837,1,1,0,0.116055705
15284,1,1,0,0.29736283
3748,1,0,1,1.4102768
179,1,0,1,1.6492935
6897,0,0,0,0.1845505
13361,1,1,0,0.1404048
9895,1,1,0,0.24036145
13421,1,0,1,1.3860085
643,0,0,0,0.29178062
11070,1,1,0,0.27282867
10222,1,1,0,0.33047685
8431,0,0,0,0.25840524
8663,1,1,0,0.18551745
9537,0,1,1,1.646651
2375,0,0,0,0.19121721
14357,0,0,0,0.25107026
15130,0,0,0,0.26149994
12416,0,0,0,0.34241676
11276,0,0,0,0.32794622
15592,1,0,1,1.5428506
13291,1,0,1,0.99294317
5235,1,1,0,0.32924277
12789,1,1,0,0.3006582
8804,1,1,0,0.22414191
8322,1,1,0,0.33299163
13925,0,0,0,0.3101725
1948,0,0,0,0.30804816
6518,0,1,1,2.037529
16198,1,0,1,1.69149
15736,1,1,0,0.21438827
10901,0,0,0,0.23776017
15722,0,0,0,0.36389437
14172,0,0,0,0.23450145
9647,0,1,1,2.1204865
792,0,0,0,0.12536234
2378,0,0,0,0.5156685
142,1,1,0,0.08569848
11330,0,0,0,0.1623847
9703,1,1,0,0.18975146
16295,0,0,0,0.23715231
10676,1,0,1,1.3038177
15558,1,1,0,0.54116356
14993,1,1,0,0.3927602
1761,0,0,0,0.2327205
9443,1,1,0,0.41658047
8603,0,0,0,0.2637916
3058,1,1,0,0.27714643
8849,0,0,0,0.2832814
2908,0,0,0,0.26432988
900,0,0,0,1.5606679
7034,0,0,0,0.1829523
1760,0,1,1,2.0347078
10444,1,1,0,0.7980696
14387,1,1,0,0.55443084
399,0,0,0,1.0086449
14592,1,1,0,0.1997222
67,1,1,0,0.19504203
6802,1,0,1,1.6905116
14848,0,1,1,1.0466595
7364,1,0,1,1.4743302
5848,1,1,0,0.29017487
3138,0,0,0,0.18240751
1402,0,0,0,0.16569611
5611,1,1,0,0.640557
7722,1,1,0,0.1797284
14981,1,1,0,0.42446488
15201,0,0,0,0.23703444
15579,0,0,0,0.38013726
198,1,1,0,0.43893376
5833,0,0,0,0.36136264
9069,0,0,0,0.23006429
10055,1,1,0,0.30002648
10490,1,1,0,0.2914698
829,0,1,1,1.175719
13329,0,0,0,0.17718579
8178,0,0,0,0.24540874
8562,1,0,1,1.822329
6535,1,0,1,0.8314337
12966,1,1,0,0.15164872
10653,0,1,1,1.5190356
12968,1,1,0,0.17100231
9431,1,0,1,1.8081026
4805,1,0,1,0.5861609
633,1,1,0,0.25402117
14564,0,0,0,0.21625109
1348,1,1,0,0.21044424
3918,0,0,0,0.6652027
8204,1,1,0,0.44027227
11072,1,1,0,0.13196538
5980,1,1,0,0.5196307
11097,0,0,0,0.10715635
15139,0,0,0,0.3648495
7407,1,0,1,1.4272835
7874,0,1,1,1.138175
3700,0,0,0,0.223991
4756,1,1,0,0.4264535
12009,1,1,0,0.21382461
392,0,1,1,1.3280884
7514,0,0,0,0.14112546
15894,1,1,0,0.22353515
4325,1,1,0,0.41259834
8294,1,1,0,0.161868
6983,0,0,0,0.13280529
7623,1,1,0,0.18828252
14779,0,0,0,0.20914732
7568,0,0,0,0.2481515
3159,1,0,1,1.408709
14125,0,1,1,1.4900714
1469,1,1,0,0.62615925
2335,0,0,0,0.7959841
5598,0,0,0,0.18967956
5187,0,1,1,1.4696376
5345,1,0,1,1.1337581
3641,1,0,1,1.8464973
2140,0,0,0,0.19131963
1941,0,0,0,0.18453118
5887,1,1,0,0.18440093
893,0,0,0,0.13608299
9554,0,0,0,0.31446603
1553,0,0,0,0.19586629
1715,0,0,0,0.4424222
2568,1,1,0,0.2477555
7105,1,1,0,0.10589011
544,0,0,0,0.51522934
3515,1,1,0,0.27555838
4738,1,1,0,0.48650122
2514,1,1,0,0.36764124
5200,1,1,0,0.5273764
6023,1,0,1,1.1966716
14969,0,0,0,0.08580275
16500,1,1,0,0.14042367
5157,1,1,0,0.19238853
11143,1,1,0,0.163099
3096,1,1,0,0.26473066
14220,0,0,0,0.1242118
2098,1,1,0,0.20327702
5780,1,1,0,0.5085423
4845,1,1,0,0.33107042
8413,0,0,0,0.16247539
12019,0,0,0,0.23573539
1672,0,0,0,0.78300935
8129,0,0,0,0.19909179
14186,0,0,0,0.19926003
4250,0,1,1,1.5503927
11304,1,1,0,0.24602903
15769,0,0,0,0.1795054
15533,1,0,1,1.7016369
344,1,0,1,1.7118324
10368,1,1,0,0.25495806
3807,1,0,1,1.310726
2719,1,1,0,0.52634877
4139,0,0,0,0.21310252
5768,1,1,0,0.2544322
1490,1,0,1,0.6633879
11016,1,1,0,0.3330466
8938,1,1,0,0.15834244
5395,1,0,1,1.6832702
7336,1,1,0,0.25047562
3490,1,1,0,0.253961
1769,1,1,0,0.09618091
13782,0,1,1,1.1104938
9170,0,0,0,0.09518882
15368,1,1,0,0.25850835
7469,1,1,0,0.21450035
6636,0,1,1,0.46952754
4673,1,1,0,0.23552963
13676,0,0,0,0.22241315
6507,0,0,0,0.24326473
11652,0,0,0,0.30418357
8629,1,1,0,0.25687426
12624,1,1,0,0.5830549
15629,1,1,0,0.22194998
6098,0,0,0,0.25926724
199,0,0,0,0.26217338
3555,0,0,0,0.50383675
3297,1,0,1,1.4629012
12344,1,0,1,1.8783039
16187,0,0,0,0.15996864
14001,0,0,0,0.16773194
14673,0,0,0,0.11263926
3673,0,0,0,0.3350356
2849,0,0,0,0.33083746
6894,1,1,0,0.5118561
14490,1,0,1,2.1350293
10369,1,1,0,0.17063412
14939,1,1,0,0.3348477
10794,1,1,0,0.2761409
15119,0,0,0,0.27074626
8371,0,0,0,0.13261884
1265,0,1,1,1.8022988
9481,0,0,0,0.35635757
2100,1,0,1,1.2575531
8472,1,1,0,0.3560569
12060,1,1,0,0.2236721
3198,0,0,0,0.46138382
3950,0,0,0,0.08920652
6195,1,1,0,0.21939008
9032,1,1,0,0.105567925
6792,1,1,0,0.30641538
12877,0,0,0,0.35671452
13084,1,1,0,0.34797475
15615,1,0,1,2.11763
8709,1,1,0,0.21222255
2178,1,1,0,0.2142854
7702,1,0,1,1.0678642
13624,1,1,0,0.94762874
8252,0,0,0,0.5119287
7764,0,0,0,0.14552815
11990,1,0,1,0.8545618
2444,0,1,1,1.3657486
5373,1,0,1,1.3000711
10467,0,0,0,0.18930407
11366,0,0,0,0.4897478
14162,0,0,0,0.18012144
9087,0,0,0,0.22856335
9601,0,0,0,0.7836276
8593,0,0,0,0.42906317
5591,1,0,1,1.8986933
3998,1,1,0,0.122017905
14977,0,0,0,0.17251919
7735,1,1,0,0.13360226
3905,1,1,0,0.3543344
10116,0,0,0,0.37399232
1706,1,1,0,0.13605657
4506,0,0,0,0.47240126
13875,0,0,0,0.23126258
11465,0,0,0,0.5969492
261,1,1,0,0.4625981
2926,0,0,0,0.34470665
2767,0,1,1,1.3713794
5836,0,1,1,1.7631683
12488,0,0,0,0.29815376
15224,0,0,0,0.2894307
15921,1,0,1,1.9335381
16195,0,1,1,1.793441
3162,0,1,1,0.97198266
7815,0,1,1,1.1833962
5765,1,1,0,0.2715649
10436,1,1,0,0.20596653
13069,0,0,0,0.11524707
4471,0,0,0,0.13284944
7524,1,0,1,1.8272161
8634,1,1,0,0.21946418
7326,0,1,1,1.5979332
4126,0,0,0,0.2409446
7374,1,1,0,0.35972604
14346,0,0,0,0.28959864
1818,0,0,0,0.14023533
13149,0,0,0,0.2680509
13470,0,0,0,0.2506781
12326,0,0,0,0.22333859
6609,1,1,0,0.24513692
14156,0,0,0,0.3386569
14753,1,1,0,0.28196195
1574,0,0,0,0.24983884
13283,1,1,0,0.2952634
11841,1,1,0,0.43399101
5902,0,1,1,0.86623234
6050,0,0,0,0.23595856
13082,1,1,0,0.2965352
4578,0,0,0,0.2193093
14202,0,0,0,0.34910494
13946,0,0,0,0.16090727
5757,1,0,1,1.7530675
13458,0,1,1,1.6482329
5472,1,1,0,0.1874249
4574,1,1,0,0.17496741
4797,0,0,0,0.32220158
5835,0,0,0,0.3922538
15211,0,1,1,0.29282343
10909,1,1,0,0.1662841
14334,1,1,0,0.14309247
5340,0,1,1,1.9396096
2765,1,1,0,0.3028814
215,0,0,0,0.23162171
8451,0,0,0,0.16786419
1063,1,1,0,0.15567349
7763,1,0,1,0.53870267
6674,1,1,0,0.36327863
12849,1,1,0,0.09463026
7231,0,1,1,1.2669009
914,1,1,0,0.3423084
6395,1,0,1,1.6791043
3685,1,1,0,0.13850124
14566,1,1,0,0.22008912
4245,1,1,0,0.18320613
12254,0,0,0,0.14504023
15275,0,0,0,0.31950378
13482,1,1,0,0.34151152
4435,1,1,0,0.17057021
7432,1,1,0,0.1937719
7462,1,1,0,0.21889077
6255,1,1,0,0.23003958
15779,1,1,0,0.23798063
14854,1,1,0,0.3362715
10441,1,1,0,0.119001724
12239,1,1,0,0.15942672
14457,1,1,0,1.02959
1585,0,0,0,0.23105295
7412,1,0,1,1.7060914
11024,1,1,0,0.13725986
13611,0,0,0,0.34895262
982,1,0,1,2.498814
15214,0,1,1,1.2236153
768,1,1,0,0.1318099
8943,0,0,0,0.12003835
653,0,0,0,0.18403406
5581,0,0,0,0.22657336
15929,0,1,1,1.2316449
11916,0,1,1,0.82730144
9026,1,1,0,0.1655547
15110,0,1,1,0.9542279
7922,0,0,0,0.35262895
3083,0,0,0,0.2028918
7607,1,1,0,0.19216596
6063,0,0,0,0.09084322
13391,1,0,1,2.0895767
2008,1,1,0,0.49865597
546,0,0,0,0.30821627
10142,0,0,0,0.31319872
16192,1,1,0,0.46204883
12415,1,1,0,0.113177545
1227,1,1,0,0.72800595
6423,0,0,0,0.23954473
7391,1,1,0,0.12972958
10304,1,1,0,0.19012363
9228,1,1,0,0.38573954
14126,0,0,0,0.29556197
1462,0,0,0,0.4813821
4916,1,1,0,0.93938804
772,1,1,0,0.23742263
5366,0,0,0,0.2863641
503,0,0,0,0.2968842
14043,0,0,0,0.184051
9269,0,0,0,0.16528392
4317,1,1,0,0.18214972
5587,1,1,0,0.18676794
4526,1,1,0,0.12941866
3773,0,0,0,0.42233357
13120,1,1,0,0.1392001
10998,0,1,1,1.7940351
14195,0,0,0,0.33386245
8972,0,0,0,0.18328764
10165,1,1,0,0.24362828
9708,0,0,0,0.07599966
1196,0,0,0,0.2002058
3721,0,0,0,0.20924662
10775,1,1,0,0.10928658
4355,1,0,1,1.7421894
11604,1,1,0,0.07969353
11776,1,1,0,0.2578896
4272,1,1,0,0.20974083
10014,0,1,1,1.0365926
11374,1,1,0,0.22709216
12043,0,0,0,0.22300716
9189,1,1,0,0.15374827
15022,1,1,0,0.13907202
10996,1,0,1,1.3910408
6399,1,0,1,1.7487895
1681,1,1,0,0.22400205
1608,1,1,0,0.17788583
5816,1,0,1,1.502591
12773,1,1,0,0.25770172
14024,0,0,0,0.19434421
12054,0,0,0,0.12454193
5382,1,1,0,0.18266822
539,1,1,0,0.33527508
6413,1,1,0,0.30677903
7019,0,0,0,0.2728695
10773,1,0,1,1.653636
6062,0,0,0,0.05453717
13325,0,0,0,0.16001342
7940,0,0,0,0.16439712
15717,1,1,0,0.3025036
8578,1,1,0,0.16570964
12314,1,0,1,1.4265094
264,0,0,0,0.10939889
5403,0,0,0,0.15651207
15608,0,0,0,0.118204474
4334,0,0,0,0.22250627
10058,0,1,1,1.1937308
5171,0,0,0,0.25200585
4764,1,1,0,0.15025945
6822,1,0,1,0.83663976
8743,0,0,0,0.5411412
2506,0,0,0,0.3215674
13513,1,1,0,0.33702496
14761,0,0,0,0.24205735
13974,1,1,0,0.21653338
3801,0,0,0,0.5087577
10426,1,1,0,0.19315702
5319,1,1,0,0.24116203
8097,0,0,0,0.26537788
843,0,0,0,0.34416154
16316,0,0,0,0.16002755
8484,0,0,0,0.2044718
13284,0,0,0,0.17326733
6350,0,0,0,0.21479169
520,1,1,0,0.45392275
15053,0,0,0,0.22651045
8897,0,0,0,0.11733747
14770,1,0,1,1.7355283
14151,0,0,0,0.19043398
4830,0,0,0,0.09226214
6506,0,0,0,0.26828495
12286,0,0,0,0.2660518
5866,0,0,0,0.18143965
8549,0,0,0,0.261154
1596,0,0,0,0.22868522
8741,0,0,0,0.19962174
6186,0,0,0,0.23645557
12280,0,0,0,0.6980701
15567,1,1,0,0.5081821
12141,0,0,0,0.09484507
16221,1,1,0,0.26534185
8266,0,0,0,0.11648137
15899,1,1,0,0.2901739
7855,1,1,0,0.17395546
2493,1,1,0,0.3477845
2921,0,0,0,0.33515698
14497,1,0,1,0.26382834
9509,1,1,0,0.21863137
11583,0,0,0,0.1982133
2390,0,1,1,1.1537302
3449,0,0,0,0.2585237
6086,0,0,0,0.25028926
9391,1,1,0,0.23762952
15646,0,0,0,0.13977343
2694,1,1,0,0.1852026
16401,1,1,0,0.12713172
2580,0,0,0,0.16190371
6597,1,1,0,0.176464
2942,1,1,0,0.19213428
4004,0,0,0,0.18029398
1131,1,1,0,0.68706346
13787,0,0,0,0.22410057
8269,0,0,0,0.26144046
6769,1,1,0,0.11561171
4418,0,0,0,0.41545945
14813,1,1,0,0.7650549
12719,1,1,0,0.1894409
12573,0,0,0,0.17552868
12215,0,0,0,0.41958487
12728,1,1,0,0.2757435
9174,1,0,1,1.1562912
15459,0,0,0,0.15886499
11209,1,0,1,1.0012449
9328,0,0,0,0.2127992
7354,0,0,0,0.41521204
9777,0,0,0,0.7869303
9670,1,1,0,0.21661633
2137,0,1,1,2.0840955
16155,1,1,0,0.79406536
14548,0,0,0,0.27595368
7636,0,0,0,0.25236538
1940,0,0,0,0.07976948
2023,0,0,0,0.24821693
12819,0,0,0,0.24892843
14369,0,0,0,0.19352545
6957,1,1,0,0.8208118
5353,0,0,0,0.11622617
15511,0,0,0,0.3138647
8524,0,1,1,1.1041028
2153,1,0,1,1.4583173
11278,0,0,0,0.2525845
7631,0,0,0,0.44530332
14210,1,0,1,1.4429708
8075,0,1,1,2.501689
15849,0,1,1,1.3235197
120,1,1,0,0.32254452
10922,1,1,0,0.15307543
7853,1,1,0,0.39556387
4800,0,0,0,0.31507254
2077,1,0,1,1.7826929
9003,1,1,0,0.15163182
7713,0,0,0,0.19938748
13951,0,0,0,0.4313056
3776,1,0,1,2.1189587
8332,0,1,1,1.6206628
8635,0,0,0,0.2286948
15952,0,0,0,0.25885203
9885,1,1,0,0.1798242
4622,0,0,0,0.17920059
6899,1,1,0,0.5252539
9655,1,0,1,1.8528281
13439,0,0,0,0.21438316
935,0,1,1,1.5479559
4656,1,1,0,0.20643115
15457,0,0,0,0.65270126
8768,0,0,0,0.40114918
13912,1,1,0,0.19177939
13518,0,0,0,0.17174654
14997,1,1,0,1.531348
1066,0,0,0,0.16603826
13764,1,1,0,0.11997038
15639,0,0,0,0.25891036
16123,0,0,0,0.15345342
4147,1,1,0,0.14534983
3600,0,0,0,0.190692
306,1,1,0,0.1976387
16181,0,0,0,0.16906697
15647,0,0,0,0.2721464
3518,0,1,1,0.27253255
2002,0,0,0,0.15536685
6736,1,1,0,0.32567295
11380,0,0,0,0.3064522
3355,1,1,0,0.056237422
8253,1,1,0,0.7813858
8385,1,1,0,0.37119505
10348,0,0,0,0.15928616
11716,1,1,0,0.3582959
5667,0,1,1,1.9893818
16259,0,0,0,0.29580128
13170,1,1,0,0.2900738
13669,1,1,0,0.24667786
741,0,0,0,0.23649247
12,1,1,0,0.229008
16178,0,1,1,1.4642965
1722,0,0,0,0.258994
2126,0,0,0,0.077570625
2341,1,1,0,0.1765792
58,1,1,0,0.18574567
13133,1,1,0,0.097683765
11339,0,0,0,0.34280688
11838,0,0,0,0.37086338
11596,1,1,0,0.27907577
8631,1,1,0,0.18930328
9106,0,1,1,1.3015752
7768,1,1,0,0.2435547
6906,1,1,0,0.08092399
4713,1,1,0,0.27112496
11042,1,1,0,0.21634962
3561,0,0,0,0.16656187
16242,1,0,1,0.64510405
4579,0,0,0,0.37800226
3258,1,1,0,0.2891275
6201,1,1,0,0.31335452
13818,1,1,0,0.343647
12746,1,1,0,0.093215235
10285,0,0,0,0.39360246
9060,0,0,0,0.14833365
8819,0,0,0,0.10632569
12794,1,1,0,0.20563921
5256,1,1,0,0.23026115
3192,1,1,0,0.22937448
9468,0,0,0,0.15249488
9692,1,1,0,0.21584317
2089,1,1,0,0.47764513
5280,1,0,1,1.1062938
13161,1,1,0,0.21338607
2785,0,0,0,0.10368793
2410,0,0,0,0.31196472
5996,1,1,0,1.2837598
465,1,1,0,0.21516763
14197,1,1,0,0.2271609
7008,1,1,0,0.20743994
3756,1,1,0,0.40014395
6819,0,0,0,0.3938026
12321,0,0,0,0.1685028
4053,0,0,0,0.10499603
3697,0,0,0,0.23659872
5288,1,1,0,0.36226526
2996,0,0,0,0.3898828
9036,0,0,0,0.20330173
734,0,0,0,0.16079745
16076,1,0,1,1.6134444
2122,1,1,0,0.11107575
14637,0,0,0,0.25198296
9191,0,0,0,0.7553874
16227,0,0,0,0.12762026
10565,0,0,0,0.19394287
6251,1,1,0,0.11474488
14293,0,0,0,0.12134301
4500,1,0,1,2.1359787
3441,1,1,0,0.37921032
2129,1,1,0,0.12434899
11935,0,0,0,0.14906791
16380,0,0,0,0.113178596
2120,0,0,0,0.26090285
13521,0,1,1,1.0629735
2246,1,1,0,0.12517533
5943,0,1,1,0.5222281
16202,1,1,0,0.30542055
15079,0,0,0,0.14909934
11315,0,0,0,0.13200456
14701,0,1,1,1.200351
6740,1,1,0,0.09537089
8123,1,1,0,0.14543663
12382,0,0,0,0.16194327
11669,1,1,0,0.13663283
15743,0,1,1,0.49909577
10509,1,1,0,0.3717648
13151,0,0,0,0.1453456
7181,0,0,0,0.11212437
9306,1,1,0,0.460715
8666,1,1,0,0.18139003
10572,1,1,0,0.24331063
16322,0,0,0,0.20428024
12586,0,0,0,0.08918886
6250,1,1,0,0.2254406
7331,0,0,0,0.19413619
10933,0,0,0,0.13642056
1410,1,1,0,0.26207402
7352,1,1,0,0.34965906
14648,0,0,0,0.21227634
15066,0,1,1,1.1987985
7827,1,1,0,0.2633347
5608,0,1,1,0.98593485
13106,1,1,0,0.39145315
12516,1,1,0,0.5610894
9645,0,0,0,0.24526173
4145,0,0,0,0.13804415
2177,1,1,0,0.2710283
9987,0,0,0,0.31626406
14286,0,0,0,0.055333234
5224,0,0,0,0.26401007
16189,1,1,0,0.22771034
4288,0,1,1,1.0311717
2879,1,0,1,1.6635004
4374,0,1,1,1.5880816
16296,0,0,0,0.2538194
16059,1,1,0,0.17138505
15704,1,1,0,0.26050532
4262,1,1,0,0.20423692
973,1,1,0,0.16893679
12070,0,0,0,0.18504418
2316,0,0,0,0.28596187
5457,1,1,0,0.45232266
11551,0,0,0,0.36769852
16410,0,0,0,0.22387874
14410,1,1,0,0.8443583
9704,0,0,0,0.19864887
8283,0,0,0,0.25669748
5523,1,1,0,0.13544002
10413,0,0,0,0.3693401
12879,1,1,0,0.2235017
7101,0,0,0,0.06284445
9862,1,1,0,0.14062142
7203,1,1,0,0.38758796
11515,1,1,0,0.20829907
10281,1,1,0,0.21265516
8453,1,1,0,0.20454107
1104,1,1,0,0.38551745
3684,1,1,0,0.1937609
15438,0,0,0,0.2910971
16065,1,1,0,0.24422128
8200,0,0,0,0.44716257
46,0,1,1,1.1691726
12631,1,1,0,0.8332907
10464,0,0,0,0.38259605
12159,0,0,0,0.57840455
7821,1,0,1,1.2757736
1052,0,1,1,1.6313208
4523,1,1,0,0.17200583
2813,1,0,1,1.7870684
11272,1,1,0,0.20355336
6222,0,0,0,0.24214475
10845,0,0,0,0.09729329
8839,1,1,0,0.13540138
7857,1,1,0,0.31879905
1604,1,1,0,0.10016624
7154,1,1,0,0.24616075
3709,0,0,0,0.18425618
3412,1,1,0,0.25481138
12847,0,0,0,0.12183481
2061,1,1,0,0.19879694
6912,1,0,1,1.7748529
6989,0,0,0,0.27276334
2358,1,1,0,0.25581282
5504,0,0,0,0.17885643
15832,1,1,0,0.3550889
16179,1,1,0,0.22236225
4808,0,0,0,0.17801304
7830,0,1,1,1.7159556
12133,0,0,0,0.27266195
13671,1,1,0,0.2022935
4455,0,0,0,0.15122598
5078,0,0,0,0.31287828
3260,1,1,0,0.24461575
15514,0,0,0,0.10387309
5773,0,1,1,0.87396497
7760,0,0,0,0.3871699
6607,1,1,0,0.2193005
14705,0,0,0,0.24435969
11064,0,0,0,0.34081054
9639,1,1,0,0.44800705
950,0,0,0,0.6113888
14849,0,0,0,0.27227443
6326,0,0,0,0.4493214
9818,1,1,0,0.21987654
10686,0,0,0,0.30698293
8127,0,0,0,0.6640479
8760,1,1,0,0.16442788
5754,0,0,0,0.1829264
12975,1,0,1,1.9704168
11484,1,0,1,2.4096172
4966,1,1,0,0.38068357
11514,1,0,1,1.6272901
7051,0,0,0,0.1647912
11931,0,0,0,0.34942853
3652,0,0,0,0.15203768
5094,0,0,0,0.23629124
6036,0,0,0,0.17144601
5882,1,1,0,0.18774576
8957,0,0,0,0.1770318
4341,0,0,0,0.1667766
8730,1,1,0,0.25201595
10162,0,0,0,0.30549315
2784,0,0,0,0.11450785
3066,0,0,0,0.20435041
4694,1,1,0,0.639228
2109,0,0,0,0.4007077
6640,0,0,0,0.14929177
5999,1,1,0,0.26222885
14436,1,1,0,0.17709333
3611,0,0,0,0.23551576
13001,1,0,1,1.2707362
6451,1,1,0,0.37454605
6043,1,1,0,0.2892291
10080,0,1,1,1.739789
8541,1,1,0,0.17979623
16207,1,1,0,0.25375587
10717,0,0,0,0.29535598
13090,0,0,0,0.25902978
1430,1,1,0,0.25395665
6563,0,0,0,0.24083611
10117,0,0,0,0.32484075
14930,0,0,0,0.17837365
652,1,1,0,0.15616369
16211,0,1,1,1.4130592
227,0,0,0,0.22065172
4561,1,1,0,0.17203476
5759,0,0,0,0.12660028
14714,0,0,0,0.33377
14128,1,1,0,0.5655803
433,0,0,0,0.27760044
9423,0,0,0,0.10685279
9120,0,0,0,0.18350087
5160,0,0,0,0.19345894
13952,1,1,0,0.13032949
4950,1,1,0,0.20919411
1712,0,1,1,2.254826
3430,1,1,0,0.2306409
6491,0,1,1,1.287907
5324,0,0,0,0.15954432
16484,1,1,0,0.17223617
12325,1,1,0,0.37873533
3264,1,0,1,1.5102386
8752,1,1,0,0.26476717
10662,1,1,0,0.23390093
12735,0,0,0,0.29719016
715,0,0,0,0.12232744
11915,0,0,0,0.102194615
606,0,0,0,0.13158324
9644,1,0,1,1.6388607
11496,0,0,0,0.18164803
11297,0,0,0,0.28992772
2703,0,0,0,0.23716545
2039,1,0,1,1.4794633
15540,0,0,0,0.28696916
10053,0,0,0,0.22361894
6579,0,0,0,0.32347715
10968,0,0,0,0.15526254
8770,0,0,0,0.67217016
1571,1,1,0,0.20879878
2621,1,1,0,0.31128317
11013,1,0,1,1.7548785
7595,1,1,0,0.2649779
9390,1,1,0,0.15287106
8947,1,0,1,1.6941615
1214,0,0,0,0.22005008
12929,1,1,0,0.08884848
12618,1,1,0,0.5300946
1557,1,0,1,1.4096152
12144,1,1,0,0.14850722
16117,0,0,0,0.29492825
14661,0,0,0,0.3419024
567,0,0,0,0.25217855
4266,0,0,0,0.27387986
10831,0,0,0,0.1707272
1272,1,1,0,1.6606399
6298,0,0,0,1.1040976
4640,0,0,0,0.24114501
3726,1,1,0,0.22805937
9910,1,1,0,0.65620744
5770,0,0,0,0.199198
12713,1,1,0,0.5322865
586,1,1,0,0.39280757
1431,0,0,0,0.2165572
8087,1,1,0,0.1847401
10151,1,1,0,0.14597596
14249,1,1,0,0.22512257
8251,0,0,0,0.4841643
5862,1,1,0,0.73645663
9070,1,0,1,1.0251255
9604,0,1,1,1.3514379
10236,0,1,1,1.350919
5811,1,1,0,0.42149046
10169,0,0,0,0.21948035
470,0,1,1,2.1440334
6788,0,0,0,0.16962512
16313,1,1,0,0.09265416
3052,1,1,0,0.25048378
10397,0,1,1,1.990578
5924,0,0,0,0.242812
11973,0,0,0,0.30834883
8072,1,1,0,0.24418396
5744,1,1,0,0.19362772
6608,1,1,0,0.19745506
6660,1,1,0,0.28266957
10404,0,0,0,0.17913543
13067,1,1,0,0.08119001
1811,1,1,0,0.38101187
11367,0,0,0,0.1275061
1978,0,1,1,1.0440708
12865,0,1,1,1.6349715
8319,1,1,0,0.18653686
3280,0,0,0,0.8901808
15439,1,0,1,1.2251827
14499,1,1,0,0.4155181
123,1,0,1,1.5647824
13349,1,0,1,1.0170674
9605,1,0,1,1.2587844
16199,1,1,0,0.37480938
9688,0,0,0,0.29536936
5651,0,0,0,0.42253003
6624,0,1,1,0.4050058
4603,0,0,0,0.22533974
13393,0,0,0,0.19632544
12074,0,0,0,0.17700285
9361,0,0,0,0.17926835
10919,1,1,0,0.29876867
6018,0,0,0,0.2528318
13763,0,1,1,1.4526188
2622,1,1,0,0.51205957
14206,0,1,1,0.6767726
5894,1,0,1,1.4307089
12629,1,1,0,0.22513196
9009,1,1,0,0.330016
9083,1,1,0,0.34280884
16415,0,1,1,1.4826419
11130,0,0,0,0.38298059
10515,1,1,0,0.49289042
4499,1,1,0,0.26854688
3646,0,1,1,1.9258168
10099,1,1,0,0.18496938
4195,1,1,0,0.3094892
2755,0,1,1,1.8511735
8143,0,1,1,1.7111366
11595,1,0,1,1.7878433
4917,0,1,1,2.0340047
3082,0,0,0,1.0096155
8249,1,1,0,0.1436215
4963,0,0,0,0.19740956
1749,0,0,0,0.3758726
944,1,1,0,0.57356864
13540,0,0,0,0.123585686
14620,0,0,0,0.31127775
10523,1,1,0,0.24699062
15916,0,1,1,1.7725315
1150,1,0,1,1.8904423
12730,0,0,0,0.5127907
13879,0,0,0,0.16085418
11359,1,1,0,0.19586933
2549,0,0,0,0.20942472
761,1,1,0,0.2426167
2706,0,0,0,0.17677173
4449,0,1,1,0.8685295
13424,1,1,0,0.11157851
5357,1,1,0,0.22450732
11708,1,1,0,0.14184517
16314,1,1,0,0.18518813
9585,1,1,0,0.1709108
7670,1,0,1,2.0200253
15706,0,0,0,0.33938986
8026,0,0,0,0.18007345
10118,1,1,0,0.594246
2220,1,1,0,0.11390243
14563,1,1,0,0.36046708
1058,0,1,1,2.0610185
721,0,0,0,0.32170403
5285,0,0,0,0.323738
6858,0,0,0,0.20466931
5104,0,0,0,0.13468514
177,0,0,0,0.13975425
1248,1,1,0,0.16891053
3068,0,0,0,0.5849405
10287,1,0,1,1.2568754
6381,0,0,0,0.30653507
8579,1,0,1,1.9079058
14953,1,1,0,0.36679223
5402,1,1,0,0.33015102
2522,1,1,0,0.23333494
5191,1,1,0,1.3985057
11376,1,1,0,0.6170464
225,0,0,0,0.17710333
8426,1,1,0,1.3611279
8082,0,0,0,0.27837053
6011,1,1,0,0.19189994
7714,1,1,0,0.18992558
2975,0,1,1,1.5287094
11796,1,1,0,1.9586763
6127,1,1,0,0.16182332
6774,0,0,0,0.045778446
7652,1,1,0,0.11710295
4409,1,0,1,0.27643624
701,0,0,0,0.11285152
11355,1,1,0,0.2777425
4504,1,1,0,0.399487
13086,1,0,1,1.55634
8018,1,1,0,0.25247765
13674,0,0,0,0.1726527
14989,0,0,0,0.12703471
8188,0,0,0,0.16720481
11068,0,0,0,0.16094512
7262,0,0,0,0.23138359
12369,0,0,0,0.22895679
3788,0,0,0,0.17258511
9750,0,0,0,0.37690702
9742,1,0,1,0.43345526
12337,1,1,0,0.11579486
174,1,1,0,0.22918852
7113,0,0,0,0.11248481
7392,0,1,1,1.5440111
5592,1,0,1,1.2720006
13743,0,0,0,0.12681474
10372,0,0,0,0.14782129
2812,1,1,0,0.4404845
1160,0,0,0,0.24713457
14461,1,1,0,0.5809256
10700,1,1,0,0.30907917
15885,1,1,0,0.23089795
9836,0,0,0,0.22216861
13102,0,0,0,0.4004389
3246,0,1,1,2.1125317
14712,0,0,0,0.2953244
8131,1,0,1,1.5174028
11241,1,1,0,0.59482116
5163,0,0,0,0.1926614
11991,1,1,0,0.53126734
14732,0,0,0,0.46573108
2152,1,0,1,1.6010863
13918,1,1,0,0.26419982
11493,0,0,0,0.35647544
8739,1,1,0,0.2546016
1452,0,0,0,0.20618808
8851,0,0,0,0.2638708
10708,1,1,0,0.16674098
10096,0,0,0,2.2118127
15189,0,1,1,1.519432
11754,0,0,0,0.17131816
7500,1,1,0,0.1634386
12097,1,1,0,0.11932362
6510,1,1,0,0.31403133
3002,1,1,0,0.32914582
7865,0,0,0,0.22620681
2737,1,1,0,0.09280877
12120,1,1,0,0.26139557
13395,1,1,0,0.19117588
11247,1,1,0,0.1898456
6709,0,0,0,0.15065408
11463,0,0,0,0.16920355
14717,1,0,1,0.30416825
639,0,0,0,0.14469248
6308,1,1,0,0.53579324
8421,0,0,0,0.18775743
15050,1,1,0,0.060127914
4204,0,0,0,0.3395471
11189,0,0,0,0.33837476
14448,1,1,0,1.3955092
11022,0,1,1,1.4802756
10190,1,1,0,0.2492519
10021,1,1,0,0.38861373
10702,1,1,0,0.18841445
11564,1,0,1,1.5759495
1180,0,0,0,0.19113068
9530,0,0,0,0.20448343
10589,0,0,0,0.27759972
3411,1,0,1,2.1223476
3335,1,0,1,1.9994224
13561,0,0,0,0.20897126
1015,0,1,1,1.437137
953,0,0,0,0.4228215
11280,0,1,1,1.3005722
1438,1,1,0,0.15400268
13629,1,0,1,2.0093818
2871,1,1,0,0.23078705
12385,0,0,0,0.25268218
12126,0,0,0,0.13360485
11340,1,1,0,0.1302781
6588,0,1,1,1.4608736
14423,1,0,1,1.8689393
15370,1,1,0,0.4330064
14618,1,1,0,0.19982918
14653,1,1,0,0.25049168
12724,0,1,1,1.8320819
13072,1,1,0,0.39319888
15174,1,1,0,0.34608874
3464,1,0,1,1.8662084
16118,1,1,0,0.19407651
12874,1,1,0,0.2777277
4589,0,0,0,0.17589158
2512,0,0,0,0.2141359
9785,1,0,1,0.9986664
3605,0,0,0,0.27764118
9076,0,0,0,0.2289695
12253,0,0,0,0.15488902
13566,1,1,0,0.28724152
5437,0,1,1,1.4351327
4482,1,1,0,0.1548444
239,0,0,0,0.32343233
11818,1,1,0,0.057121083
14298,1,1,0,0.09818238
1115,1,1,0,0.22454047
97,1,1,0,0.44263572
2815,0,1,1,1.5598377
10480,0,0,0,0.17483062
4323,0,1,1,1.2712224
2470,1,1,0,0.27622077
12514,0,0,0,0.12636088
2190,0,0,0,0.21738319
1220,0,0,0,0.14540282
817,1,1,0,0.25714502
8782,1,1,0,0.2196649
4926,0,0,0,0.20078208
3288,0,0,0,0.057515528
1020,1,1,0,0.22075154
2049,0,0,0,0.39086962
5026,1,1,0,0.13982928
15228,0,0,0,0.14109959
11482,1,1,0,0.21533094
10033,0,0,0,0.25891286
13693,0,0,0,0.34399754
16339,0,0,0,0.08972877
15837,1,0,1,1.4023194
14724,1,1,0,0.24543782
8707,1,1,0,0.15021738
7502,1,1,0,0.5823336
8019,1,1,0,0.15680693
15848,1,0,1,2.4926145
2582,0,0,0,0.21370593
5047,1,0,1,1.530175
14811,0,0,0,0.18343598
4392,1,0,1,0.6446855
2766,1,0,1,2.3493664
2881,0,0,0,0.19721012
11918,0,0,0,0.13548353
13230,0,0,0,0.3363468
15776,0,0,0,1.7982485
8643,0,0,0,0.21407083
10178,0,0,0,0.19675316
7281,1,0,1,1.9830675
2036,0,0,0,0.21874508
14200,0,0,0,0.20505169
4217,1,1,0,0.18851249
12827,0,1,1,0.59339446
14462,0,0,0,0.3647101
11731,1,1,0,0.3477914
11499,1,1,0,0.15180051
14681,0,0,0,0.21078011
10826,0,1,1,0.91300946
3178,1,1,0,0.24568963
1240,1,1,0,0.9505358
13278,1,1,0,0.1483769
15234,0,0,0,0.2870311
3021,0,1,1,1.0879729
15330,1,0,1,1.5895875
10824,1,1,0,0.17273055
3166,1,1,0,0.23735304
13744,0,0,0,0.771042
5726,1,1,0,0.15012927
1364,0,0,0,0.28484932
14084,1,1,0,0.28025833
4838,0,0,0,0.27742022
12754,1,0,1,2.0339615
13549,0,0,0,0.15417016
13817,1,0,1,1.401769
3614,0,0,0,0.21136747
5886,0,0,0,0.1843561
699,0,0,0,0.3053497
4691,0,0,0,0.20396972
6131,1,1,0,0.30460754
13081,0,0,0,0.32360217
6780,0,0,0,0.17578119
11167,0,0,0,0.50510806
3686,1,1,0,0.084802486
9975,1,1,0,0.1487158
7397,0,0,0,0.5651821
15103,1,1,0,0.13411173
7253,1,1,0,0.103492
3706,0,1,1,1.0597206
12767,0,0,0,0.18818523
8281,1,1,0,0.31234285
9804,1,1,0,0.22380118
15396,1,1,0,0.20628965
13324,0,0,0,0.35143158
11909,1,1,0,0.19913928
9502,0,0,0,0.22276191
12594,1,1,0,0.14377007
5787,1,1,0,0.37403807
11311,1,1,0,0.2700444
9971,1,0,1,1.7940744
15266,1,1,0,0.31654334
12596,0,1,1,1.4050431
13078,1,0,1,0.8632336
8763,1,1,0,0.62266797
613,0,1,1,1.3836807
3322,0,1,1,2.224237
12689,1,0,1,1.6124649
13752,1,1,0,0.1640769
12950,0,0,0,0.2289678
299,0,0,0,0.7607978
14746,1,1,0,0.22742474
904,1,1,0,0.32808998
5232,1,1,0,0.2617022
12971,0,0,0,0.2614339
10925,0,0,0,1.0194376
3577,0,0,0,0.27323824
12256,1,1,0,0.2405207
12119,0,0,0,0.51347077
12504,1,1,0,0.30038327
11865,1,1,0,0.23930378
15644,0,0,0,0.26521143
4068,1,0,1,1.8587263
7324,0,0,0,0.39842933
13699,1,1,0,0.43642586
13079,1,0,1,1.5156864
2434,0,1,1,2.0472918
16154,1,1,0,0.06933614
2247,1,1,0,0.23832457
2538,1,1,0,0.18609944
2419,0,0,0,0.25724533
4861,1,1,0,0.15054283
13119,1,1,0,0.20390883
127,0,1,1,1.6033064
2046,1,1,0,0.30434784
13832,1,1,0,0.22719036
14100,1,1,0,0.27192372
11844,0,0,0,0.21684292
13750,0,1,1,1.2145158
12351,1,1,0,0.15998052
10727,0,0,0,0.3242765
12250,0,1,1,1.2064272
12105,0,0,0,0.37217245
11904,0,0,0,0.28597915
3025,0,0,0,0.27785096
10797,1,1,0,0.19251825
12350,0,0,0,0.14015087
1084,0,0,0,0.2272369
4964,1,1,0,0.21556677
11468,0,0,0,0.6185113
3840,0,0,0,0.17075112
9477,0,0,0,1.2081168
12263,0,1,1,1.0783895
3366,0,0,0,0.28322923
6785,1,0,1,1.1955091
7215,0,0,0,0.15326537
7786,0,0,0,0.6077025
1178,1,1,0,0.3916945
3540,0,0,0,0.46592665
5182,1,1,0,0.13691051
12562,1,1,0,0.24418226
15360,1,1,0,0.22741488
8863,0,0,0,0.36387968
3778,0,0,0,0.21016265
15131,0,1,1,1.5567319
12467,1,0,1,1.4122934
5089,1,1,0,0.14703053
4806,1,1,0,0.23676474
14801,0,0,0,0.21042643
15623,0,0,0,0.18338814
1808,1,1,0,1.2376564
9827,0,1,1,1.7789843
13957,1,1,0,0.20421445
10785,0,0,0,0.14601202
14639,0,0,0,0.4613381
14323,1,1,0,0.22405902
13641,0,0,0,0.21767205
5820,0,0,0,0.18023892
2736,0,0,0,0.33015355
9860,0,0,0,0.2632786
15240,1,1,0,0.33481878
14776,0,0,0,0.22227094
7016,1,0,1,2.2135854
16442,1,1,0,0.19625705
5501,1,0,1,1.6997509
13051,0,0,0,0.3045328
11488,0,0,0,0.11713529
499,0,0,0,0.26048145
8789,1,1,0,0.4419537
13706,0,0,0,0.33626586
605,1,0,1,1.6842767
2146,0,0,0,0.40371296
15586,1,1,0,0.12749352
11028,0,0,0,0.093284406
4393,0,0,0,0.33224532
14376,1,0,1,1.5716579
3298,0,0,0,0.4335592
1129,0,0,0,0.35998648
2204,0,0,0,0.20571093
10782,0,0,0,0.23065133
15272,1,1,0,0.16365603
8946,0,0,0,0.784273
14582,1,1,0,0.21355845
5372,0,0,0,0.26638559
2025,1,1,0,0.4251881
13252,0,0,0,0.24714181
10799,1,1,0,0.46124756
10627,0,0,0,0.25293538
7223,1,1,0,0.09054251
10275,1,1,0,0.39276734
9164,0,1,1,1.3472611
1385,0,1,1,1.71043
13560,1,1,0,0.08837325
12553,1,1,0,0.28423578
3200,0,0,0,0.41318133
13680,0,1,1,1.9772992
14513,0,0,0,0.26076683
13803,0,1,1,1.2837994
818,0,0,0,0.19167803
3513,1,1,0,0.5399246
4744,0,0,0,0.18159476
7601,0,0,0,0.30041274
9299,1,1,0,0.34883818
15650,1,0,1,1.9499305
12846,0,1,1,1.1706595
1342,0,0,0,0.24983549
10460,0,0,0,0.4888233
16341,1,0,1,0.93844616
9226,1,0,1,1.3668551
8852,0,0,0,0.6033034
8513,0,1,1,1.8885732
4343,1,1,0,0.239979
12985,0,0,0,0.2885505
13248,1,1,0,0.23706613
7530,1,1,0,0.62191314
8689,1,0,1,1.7037225
7054,1,1,0,0.14822325
4430,0,0,0,0.19595803
2261,0,0,0,0.44566804
9362,1,1,0,0.054941434
2123,1,1,0,0.3744966
5396,1,1,0,0.3694658
14405,1,1,0,0.5680989
4295,1,1,0,0.21120234
11682,1,1,0,0.49360996
1707,1,1,0,0.27780807
8179,0,0,0,0.2721948
4461,1,0,1,1.5991337
10017,0,0,0,0.30781272
103,1,1,0,0.19911788
398,0,0,0,0.1626442
11048,0,0,0,0.2288343
2268,0,1,1,0.7522786
7517,1,0,1,1.3142891
7047,1,1,0,0.45169422
15570,0,0,0,0.38837567
14467,1,0,1,1.0000274
2270,1,1,0,0.11027194
10995,0,0,0,0.1747287
1235,1,0,1,1.0280893
2145,0,0,0,0.41862404
12494,1,1,0,0.6824562
14044,1,1,0,0.10502598
7120,1,0,1,1.2022102
5013,1,1,0,0.29256353
10743,1,1,0,0.2311347
9375,1,1,0,0.5484129
15805,1,1,0,0.14084592
10098,0,0,0,0.5490346
11439,1,1,0,0.20553714
12481,0,0,0,0.2192688
15287,0,0,0,0.34759268
11327,1,1,0,0.19327816
11854,1,1,0,0.20325494
11395,0,0,0,0.107375234
4363,0,0,0,0.30605197
14687,0,1,1,1.7089196
4025,0,0,0,0.2922073
4901,1,1,0,0.14621104
3501,0,1,1,1.199353
14680,1,1,0,0.09836358
12241,1,1,0,0.19322266
3958,1,1,0,0.3679838
11176,0,0,0,0.22405589
10442,0,0,0,0.28193885
8233,1,1,0,0.34880498
3945,0,1,1,1.8506029
9563,1,1,0,0.19766784
1085,0,1,1,1.375234
9815,1,1,0,0.19531958
15149,0,1,1,1.8752742
16450,0,0,0,0.3180348
2631,0,0,0,0.18009964
12225,0,0,0,1.1306384
7910,0,0,0,0.2666687
9279,0,0,0,0.21549602
8968,1,1,0,0.17344593
9068,1,1,0,0.2358649
13448,1,1,0,0.15496701
4365,0,0,0,0.36652356
3868,0,1,1,1.3411994
9160,0,0,0,0.24263597
11192,0,1,1,1.4497269
2005,1,1,0,0.4607017
3813,0,0,0,0.1487312
7725,0,0,0,0.23224932
10465,1,1,0,0.20039892
7175,0,0,0,0.22308983
12919,1,1,0,0.21042538
704,0,1,1,1.9520767
5481,0,0,0,0.4193458
13178,1,1,0,0.22514054
15157,0,0,0,0.17758694
15637,0,0,0,0.20496003
3334,1,1,0,1.0690917
7968,1,0,1,1.9976339
790,1,1,0,0.20754418
4977,0,1,1,1.6704055
10141,0,1,1,1.7892249
5075,0,0,0,0.07675852
11026,1,0,1,1.7890722
235,1,0,1,0.61927783
9666,1,0,1,1.0530589
8088,1,1,0,0.17011185
6944,0,0,0,0.3108226
6672,0,0,0,0.35275382
14636,0,0,0,0.231401
9657,0,0,0,0.3105715
10579,1,0,1,1.2288632
12936,1,0,1,1.328975
814,1,1,0,0.25157446
9686,1,1,0,0.2599726
8235,0,0,0,0.35561875
1075,1,0,1,1.825122
655,0,0,0,0.13418502
4982,0,1,1,2.0362809
8354,0,0,0,0.14837928
10493,1,1,0,0.21362352
1042,1,1,0,0.18868457
10153,1,1,0,0.14367056
2407,1,1,0,0.3178426
7511,1,1,0,0.21900216
4352,0,0,0,0.17855743
6549,1,1,0,0.1292691
3908,0,0,0,0.29616302
7261,0,0,0,0.20710023
16010,0,0,0,0.31083632
11646,1,0,1,1.0240848
3279,1,0,1,0.8537804
7622,1,0,1,1.7420152
12007,0,0,0,0.23950636
13622,0,1,1,1.8062693
8611,0,1,1,1.7258223
16379,0,0,0,0.11263332
9212,0,1,1,2.22687
10863,0,0,0,0.17898414
13607,1,1,0,0.25506672
16100,0,0,0,0.21791664
9755,0,0,0,0.19811004
2594,0,0,0,0.13252309
14364,0,1,1,1.5695798
3000,0,0,0,0.24809952
13934,1,1,0,0.21351433
14692,0,0,0,0.27125302
12125,0,1,1,1.1972802
6841,1,1,0,0.1471219
9392,1,1,0,0.1605124
9142,1,1,0,0.27873853
14806,0,0,0,0.15150039
134,0,0,0,0.20112781
12638,0,0,0,0.2107323
410,1,1,0,0.18336184
13552,0,0,0,0.674592
12310,1,1,0,0.18678316
9493,1,1,0,0.29592878
4670,1,1,0,0.15599257
418,1,1,0,0.12294413
16461,0,0,0,0.2742975
3489,1,1,0,0.2379301
7942,0,0,0,0.17142563
4639,0,0,0,0.20984638
10833,1,0,1,1.7219902
2343,1,1,0,0.21912557
12386,0,0,0,0.18894346
16378,1,1,0,0.13021845
14389,1,0,1,1.0927598
13667,0,0,0,0.47791547
5756,1,1,0,0.48072273
4240,0,0,0,0.2070415
13784,0,0,0,0.434272
2267,1,1,0,0.2683709
9216,1,1,0,0.48089784
7620,0,1,1,1.6169016
1601,0,0,0,0.3266356
4186,0,0,0,0.16117314
6266,0,1,1,1.5975059
2701,0,0,0,0.37095577
8836,1,0,1,1.4858979
12420,1,1,0,0.16762802
11353,0,0,0,0.37252486
2759,1,0,1,1.1565793
7877,1,0,1,1.2983075
3008,0,0,0,0.14847608
2840,0,0,0,0.6075867
12088,0,0,0,0.2719008
728,0,0,0,0.19048718
2458,1,1,0,0.2702564
5030,0,0,0,0.3015168
11882,0,0,0,0.16873917
10670,0,0,0,0.119715214
6573,0,0,0,0.22864121
9407,0,0,0,0.27977785
14281,1,0,1,1.9730713
10926,0,1,1,1.8697616
9719,1,1,0,0.08372667
8678,0,0,0,0.17912544
1093,1,1,0,0.1794769
16407,0,0,0,0.19215524
12362,1,1,0,0.1442773
15410,0,0,0,0.22612068
1894,1,1,0,0.18373382
419,0,0,0,0.21916473
9947,1,1,0,0.17165789
15810,1,1,0,0.15029904
15999,0,0,0,0.121436864
15212,0,0,0,0.49096876
13966,0,0,0,0.29098508
9132,0,0,0,0.26869833
5873,0,0,0,0.19882078
2857,0,0,0,0.33545917
1780,1,1,0,0.35220477
287,1,1,0,0.2222467
6103,1,1,0,0.3304049
11216,1,0,1,3.0352376
6886,1,1,0,0.1513924
11606,0,0,0,0.11648997
332,0,0,0,0.12563615
8627,0,0,0,0.26280951
16321,1,1,0,0.5477643
1770,0,0,0,0.3104085
11807,1,1,0,0.14157133
14277,1,1,0,0.14535552
5335,0,0,0,0.14378525
12417,1,1,0,0.2747376
16209,1,1,0,0.2531018
1647,1,1,0,0.3229952
12411,0,0,0,0.097187825
206,0,0,0,0.22425929
10611,1,1,0,0.21321031
625,0,0,0,0.04789292
10458,0,0,0,0.46419483
15164,0,0,0,0.35519058
1617,1,1,0,0.22458501
170,1,0,1,1.4597806
4707,0,0,0,0.23707968
9986,0,0,0,0.47183862
9213,0,0,0,0.13478652
13632,0,0,0,0.39723316
10012,1,1,0,0.316494
1837,0,0,0,0.20728987
13455,1,1,0,0.6581105
5805,1,1,0,0.44917524
15731,0,0,0,0.371246
7592,1,1,0,0.18298258
4786,0,0,0,0.21875179
1143,1,1,0,0.35614428
12336,1,1,0,0.27337426
8038,1,1,0,0.41039535
7496,1,1,0,0.32360268
3975,0,0,0,0.39949498
13225,1,1,0,0.40530542
3892,1,1,0,0.22347385
5981,0,0,0,0.36858317
6204,0,1,1,1.6943257
10856,0,0,0,0.25305018
8326,1,1,0,0.32727632
1357,0,0,0,0.15813932
13203,1,1,0,0.34024194
16486,0,1,1,1.3424122
6779,0,0,0,0.25479704
2892,1,1,0,0.25359222
4408,0,0,0,0.31721976
14028,0,0,0,0.20782101
13179,0,0,0,0.122136705
3446,1,1,0,0.17454392
10078,1,1,0,0.17683825
16268,0,0,0,0.30697688
14460,0,0,0,0.22987996
14691,0,0,0,0.33129093
5516,1,1,0,0.3952111
2708,0,0,0,0.1980366
8164,1,1,0,0.124130934
7142,0,1,1,1.6843051
16265,0,0,0,0.35942325
6996,1,1,0,0.48344076
7030,0,0,0,0.25321925
15910,1,1,0,0.59053
12437,1,1,0,0.20408548
13914,1,0,1,2.888175
5387,1,1,0,0.1868618
2707,0,0,0,0.3651772
10761,0,0,0,0.2107377
7683,0,0,0,0.22004686
24,1,0,1,1.9118903
14048,0,0,0,0.21680176
10783,0,0,0,0.14947945
4960,0,0,0,0.10674095
9850,1,0,1,0.6716227
4028,0,0,0,0.19700797
14265,1,1,0,0.20210819
3061,1,0,1,1.5273441
2806,1,1,0,0.31478027
12260,1,1,0,0.24448963
6232,0,1,1,1.4198755
508,0,1,1,1.7566676
10615,0,0,0,0.23532942
2301,0,1,1,1.6791937
531,0,0,0,0.35026315
12051,0,1,1,1.7109504
8208,1,1,0,0.16214064
16011,0,0,0,0.46807462
2527,1,1,0,0.17730951
7285,1,1,0,0.15359369
7603,1,1,0,0.3772012
5850,1,1,0,0.1899445
11187,0,0,0,0.6202285
14903,0,1,1,1.738018
14303,0,0,0,0.34440494
8818,1,1,0,0.35703707
4444,1,1,0,0.23427641
7013,0,0,0,0.22820267
4197,1,1,0,0.77867174
3702,0,1,1,1.1894004
12282,0,0,0,0.37740517
7544,1,1,0,0.24185905
7905,0,0,0,0.4785102
2693,0,0,0,0.34941226
9651,1,1,0,0.27582374
14135,1,1,0,0.33732924
5503,1,1,0,0.35181728
7933,1,1,0,0.13828345
9145,0,0,0,0.22642511
12948,1,1,0,0.21677826
4681,0,0,0,0.23391874
4238,1,0,1,0.39284003
9370,0,0,0,0.23576781
2087,0,0,0,0.19429758
10697,0,1,1,1.8955431
3587,0,1,1,1.0432777
12117,1,0,1,2.014253
14120,1,1,0,0.19548537
11795,1,1,0,0.14340897
824,0,1,1,2.103444
13847,1,1,0,0.23646405
345,1,1,0,0.26305184
14696,0,1,1,2.3921168
16417,1,1,0,0.14605437
10790,1,1,0,0.15880093
220,0,0,0,0.3027578
5336,1,1,0,0.40071917
5213,0,0,0,0.3854087
13257,1,1,0,0.26573926
13732,0,0,0,0.33590096
10722,0,0,0,0.2635459
15351,0,1,1,1.6024144
969,1,1,0,0.45962226
9302,0,0,0,0.18188588
13541,1,1,0,0.3419424
14379,1,0,1,0.7855409
2971,0,0,0,0.3604455
10976,0,0,0,0.22983658
3428,1,1,0,0.12423845
10754,1,1,0,0.2873542
12100,1,1,0,0.30779445
4402,1,1,0,0.2745786
9981,0,0,0,0.36143255
663,1,1,0,0.28631485
6165,0,0,0,0.31167653
9495,0,0,0,0.40687874
11631,1,1,0,0.3011928
14030,0,0,0,0.13335921
16169,1,1,0,0.085502595
2128,0,0,0,0.13173905
4918,1,0,1,2.1328225
3532,1,1,0,0.24410951
5802,0,0,0,0.32431352
5491,0,0,0,0.17477004
12990,0,0,0,0.15345538
13075,0,0,0,0.29517415
7639,1,1,0,0.23405845
1629,1,0,1,1.1546757
5944,1,0,1,1.3161798
16009,0,0,0,0.06944246
9584,0,0,0,0.19992025
12153,0,0,0,0.12948549
9403,1,1,0,0.11510842
14191,1,1,0,0.2895886
10007,0,1,1,1.69115
15720,1,0,1,1.194737
2783,0,0,0,0.19364177
16446,0,0,0,0.5131605
2104,1,0,1,1.5908588
12907,0,1,1,0.45534244
13281,1,1,0,0.35126188
8880,1,1,0,0.62085545
8977,0,1,1,1.6859651
12875,1,1,0,0.06515417
14709,0,0,0,0.37410676
8672,1,1,0,0.14649712
11660,0,0,0,0.2785452
2308,0,0,0,0.23094764
9188,1,1,0,0.14418112
4326,0,0,0,0.21660143
12751,0,0,0,0.2272577
7784,1,1,0,0.2978428
6037,0,0,0,0.22408935
16285,0,0,0,0.63430595
5538,1,1,0,0.1660405
7278,0,1,1,1.0668509
13188,0,0,0,0.17201929
12587,0,0,0,0.31383365
11159,1,1,0,0.2555907
14154,0,1,1,1.2067288
9281,0,0,0,0.09662389
8046,1,1,0,0.2247311
10600,0,0,0,0.16882555
14003,1,1,0,0.74245846
7247,0,0,0,0.3926117
6096,1,1,0,0.21697806
2464,0,0,0,0.22042856
15934,1,1,0,0.1890148
8670,1,1,0,0.26326323
4067,0,0,0,0.2393323
376,1,0,1,1.3166478
6034,1,1,0,0.78521746
1333,0,0,0,0.20236275
8133,1,1,0,0.15263304
14574,1,1,0,0.2329666
12312,1,1,0,0.19809136
10440,1,1,0,0.4480539
424,0,0,0,0.29979026
11671,1,1,0,0.23501895
1838,1,1,0,0.22393166
11658,1,1,0,0.28813627
11745,0,0,0,0.25618425
3398,1,0,1,0.93445635
4512,1,1,0,0.5619254
404,0,0,0,0.4350172
6108,1,1,0,0.15595002
14676,1,1,0,0.34872633
15141,1,1,0,0.20103988
14215,1,1,0,0.22040084
2435,0,0,0,0.3109
197,1,0,1,1.0706064
14382,1,1,0,0.38642758
14909,0,0,0,0.295288
8138,1,1,0,0.18468888
8737,1,1,0,0.12058428
2346,1,1,0,0.41730142
1543,1,0,1,1.2477603
10146,0,0,0,0.20553897
8566,0,1,1,1.6356907
6941,1,1,0,0.46310112
2223,0,0,0,0.16681655
15519,0,0,0,0.27132156
5071,0,0,0,0.16766381
3177,0,0,0,0.21693946
5052,1,1,0,0.17875007
13374,0,0,0,0.20144364
4575,0,0,0,0.26172358
14208,0,0,0,0.34706023
3797,1,1,0,0.2993588
3619,1,0,1,1.5259048
2533,0,0,0,0.7113232
5006,1,1,0,0.2898245
2474,0,0,0,0.26342937
4453,0,0,0,0.32371724
5208,1,1,0,0.25253534
5540,1,1,0,0.2827312
11826,1,1,0,0.3406355
2156,1,1,0,0.2639677
3647,1,1,0,0.32721925
3689,1,1,0,0.12859215
10622,1,0,1,1.0430324
2313,0,1,1,1.5985672
10134,1,0,1,1.1076378
4663,1,1,0,0.27528793
8563,1,1,0,0.4640949
834,0,0,0,0.2752805
8533,1,0,1,1.6583209
1573,0,0,0,0.09028528
6990,1,1,0,0.17427877
16145,1,1,0,0.24900827
5629,1,1,0,0.60267776
7771,1,1,0,0.07842441
13189,0,0,0,0.9834657
10759,1,1,0,0.09654586
7486,1,1,0,0.17587878
13431,0,0,0,0.4482889
11449,1,1,0,0.5369705
15688,1,0,1,1.6130999
11521,1,0,1,1.7353132
3206,0,0,0,0.71276504
3800,1,1,0,1.1892654
16491,1,1,0,0.16968177
13768,1,1,0,0.27089766
5394,1,1,0,0.90941054
1980,1,1,0,0.17287117
6198,1,1,0,0.23886235
16355,1,1,0,0.24732819
4952,1,1,0,0.24984086
12228,1,1,0,0.17211795
12656,0,0,0,0.30641177
4696,1,1,0,0.34872925
1360,1,0,1,2.0592437
2485,0,0,0,0.36471534
2586,0,0,0,0.17909038
16427,1,0,1,0.9032943
4750,0,0,0,0.10263892
3064,0,0,0,0.21580034
3590,1,1,0,0.4545226
7109,0,0,0,0.22483441
2704,1,1,0,0.21979263
10617,0,0,0,0.3290399
15551,1,1,0,0.22531821
1992,0,1,1,1.0207193
8248,1,1,0,0.3037258
5698,0,0,0,0.18201816
9982,0,1,1,1.4755363
7497,1,1,0,0.16432653
4036,1,1,0,0.18275572
325,1,1,0,0.30280808
11237,1,1,0,0.066793114
10764,1,1,0,0.21684667
10875,1,1,0,0.3088151
9192,1,0,1,1.7079654
1774,0,0,0,0.37774423
7621,1,1,0,0.18320286
9638,0,0,0,0.13660316
9902,1,0,1,1.5408299
10462,0,0,0,0.06988832
11867,1,1,0,0.19272906
7414,1,1,0,0.28174368
6072,0,0,0,0.19518296
10731,1,1,0,0.17072599
10685,0,0,0,0.29557863
1405,0,0,0,0.47060746
251,1,1,0,0.16984835
3890,1,1,0,0.28755638
1814,0,0,0,0.26760647
9848,0,0,0,0.21634933
15152,1,1,0,0.24281216
4723,1,0,1,0.5601193
9521,1,1,0,0.26756838
10228,0,0,0,0.17133343
1825,1,1,0,0.25406444
8912,0,0,0,0.23622349
2763,0,0,0,0.12920162
8658,1,1,0,0.22013599
10499,1,0,1,1.5528111
5788,0,0,0,0.20418668
1480,1,1,0,0.36489278
6390,0,0,0,0.31390253
8192,0,0,0,0.4181207
11114,0,0,0,0.14850454
11948,1,1,0,0.5806065
10990,0,0,0,0.39421612
12044,1,1,0,0.41668862
10809,1,0,1,1.6819392
13016,1,1,0,0.2602347
4103,1,1,0,0.14028795
12709,0,0,0,0.13797945
16000,1,1,0,0.1318863
8435,1,1,0,0.24114828
5685,1,1,0,0.47739977
9330,1,1,0,0.15915735
878,1,1,0,0.34638023
1643,1,1,0,0.14617704
7787,1,1,0,0.16948183
13168,0,1,1,1.6161939
7667,0,1,1,2.0340264
4733,1,1,0,0.2592583
6854,0,0,0,0.2725441
3516,1,1,0,0.1438272
3609,1,1,0,0.1726519
2589,0,1,1,0.61162215
2977,0,0,0,0.21763802
4243,0,1,1,1.6835723
9515,0,0,0,0.14512397
12149,0,1,1,1.6211233
12716,0,0,0,0.16952713
12434,1,1,0,0.40209687
5510,0,0,0,0.30943906
14683,1,1,0,0.16634436
6753,1,0,1,1.4772015
15990,1,1,0,0.18478715
8758,1,1,0,0.093444355
5199,0,0,0,0.1332508
10420,0,0,0,0.29513705
2162,0,0,0,0.14702858
11846,0,0,0,0.45402208
3374,0,0,0,0.64591086
3165,1,1,0,0.37581623
14725,1,1,0,0.2186697
8409,1,1,0,0.22933885
10893,1,1,0,0.19854724
13122,0,0,0,0.18390544
14669,1,0,1,1.2548053
15634,0,1,1,0.73923427
9369,0,0,0,0.1652723
11481,0,0,0,1.7337126
5652,1,1,0,0.42676795
2923,0,0,0,0.24264066
9262,1,1,0,0.35654864
13985,0,0,0,0.20663844
11202,1,1,0,0.383327
14800,0,0,0,0.7265354
12189,0,0,0,0.20694312
488,1,1,0,0.31753325
5985,1,1,0,0.12276321
5100,0,0,0,0.2824708
15286,0,0,0,0.16920267
7687,0,0,0,0.20924167
1044,0,0,0,0.39410907
114,1,1,0,0.21819855
16495,1,1,0,0.18045034
5101,1,0,1,1.5875063
4807,1,1,0,0.15107277
5681,0,0,0,0.25595492
12294,0,0,0,0.45605433
1880,1,1,0,0.15399921
10266,1,1,0,0.18666211
12876,1,1,0,0.3280352
12518,0,0,0,0.346623
7263,0,1,1,0.38977504
6657,1,1,0,0.20481901
13175,0,0,0,0.088063926
16237,1,1,0,0.83271134
507,1,0,1,1.7220241
9422,1,1,0,0.22482803
10319,0,1,1,1.8235786
14999,1,1,0,0.26576984
6734,0,0,0,0.13815586
12850,1,1,0,0.113832965
8903,0,0,0,0.36359042
2429,0,0,0,0.43492627
440,0,1,1,1.6183367
12938,1,1,0,0.25500762
12705,0,0,0,0.54883146
7191,1,0,1,1.8212109
11407,1,1,0,1.0719342
8285,0,1,1,1.0527402
12823,1,1,0,0.266768
10974,1,1,0,0.28116128
8834,0,0,0,0.48130473
11545,1,1,0,0.14815678
13679,1,1,0,0.16184025
10092,0,0,0,0.19597812
11543,1,1,0,0.36002216
7908,1,1,0,0.21937355
16120,1,1,0,0.3176138
5747,0,1,1,1.370249
11445,1,0,1,1.8836516
13116,1,0,1,0.7466367
6824,0,0,0,0.20197484
15640,1,1,0,0.48829776
15559,1,1,0,0.17307913
1083,0,1,1,1.5214274
16133,1,1,0,0.7500843
10023,0,0,0,0.26084414
13118,1,1,0,0.6892833
2774,1,1,0,0.45344907
10923,1,0,1,0.6854025
1395,0,1,1,1.8477596
4894,1,1,0,0.5284873
2269,0,0,0,0.22036976
15573,0,0,0,0.44840217
742,1,1,0,0.24743098
13209,0,0,0,0.27605933
3085,0,0,0,0.19038153
10422,1,1,0,0.37108302
1779,1,1,0,0.55915046
7173,1,0,1,1.9391053
10067,1,1,0,0.18244833
10777,0,1,1,1.8870436
11144,1,1,0,0.2205348
14682,0,0,0,0.26282242
8511,0,0,0,0.16940284
2241,0,0,0,0.34391642
13465,0,1,1,2.3735225
1551,1,1,0,0.35339084
15580,1,1,0,0.04967732
8386,1,0,1,1.945553
13665,1,1,0,0.13655108
1726,0,0,0,0.30674788
3937,1,1,0,0.32765445
5872,1,1,0,0.31033003
5752,0,0,0,0.2946768
13172,0,1,1,2.0709925
3741,0,0,0,0.25256354
13253,1,1,0,0.16412778
3296,0,0,0,0.29284355
13369,1,1,0,0.11034966
16273,0,0,0,0.28875604
9501,0,0,0,0.09729881
7356,0,0,0,0.17299019
1263,0,0,0,0.25533828
11920,0,1,1,1.3732255
5406,1,1,0,0.23620597
10062,1,1,0,0.17131022
2886,1,1,0,0.2136398
15029,0,1,1,1.1204789
10806,1,0,1,1.984216
15105,0,0,0,0.20703958
9167,0,0,0,0.42394003
5653,0,0,0,0.15795663
10401,0,0,0,0.23882593
15839,0,0,0,0.16293453
190,0,1,1,0.4730377
15906,0,0,0,0.27171046
10314,0,1,1,1.8638659
3405,0,0,0,0.18456854
1328,1,1,0,0.18159762
5365,0,0,0,0.30746427
13690,0,0,0,0.28924933
13320,0,0,0,0.14572343
12653,0,0,0,0.09569387
12835,1,1,0,0.6431153
2014,1,1,0,0.14285709
7202,1,1,0,0.27232438
6151,0,0,0,0.19243251
11271,1,1,0,0.29144773
9664,0,0,0,0.1824573
14902,1,1,0,0.18699576
15734,0,0,0,0.23679975
6666,0,0,0,0.14415172
15856,0,0,0,0.2538202
5168,0,0,0,0.2756903
757,1,1,0,0.5679588
3301,0,0,0,0.37725535
14474,0,0,0,0.33830962
16477,1,1,0,0.6344369
3854,0,0,0,0.1878029
3529,0,0,0,0.29597375
1630,1,0,1,1.2911973
2776,1,1,0,0.30579042
9672,1,1,0,0.09414712
8174,0,0,0,0.23748778
5919,0,0,0,0.29197568
7738,0,0,0,0.74938947
4997,1,0,1,1.2939919
8474,1,1,0,0.27664375
11414,0,0,0,0.36954215
8261,0,0,0,1.1360549
329,0,1,1,1.859407
11342,1,0,1,0.8479336
11009,0,0,0,0.26903343
8214,0,1,1,1.1385038
6212,0,0,0,0.98872
14053,0,0,0,0.29532412
2837,1,1,0,0.4682066
11076,1,1,0,0.17230792
2902,1,1,0,0.48026818
1851,0,0,0,0.18680185
6111,0,1,1,1.5540038
11289,1,0,1,1.4274743
2452,1,1,0,0.17881267
4177,1,1,0,0.6868347
15314,1,0,1,1.6571306
12289,1,1,0,0.21552303
1932,0,0,0,0.20302522
6046,1,1,0,0.1579606
62,1,1,0,0.13811432
8693,1,1,0,0.35346693
12197,0,1,1,0.92815506
4598,0,0,0,0.24411802
11346,1,1,0,0.14816879
12305,0,0,0,0.26448575
1862,0,0,0,0.14247507
7086,0,0,0,0.22919817
636,1,0,1,0.8197621
11697,1,0,1,1.5327997
2798,1,0,1,1.2698265
3878,1,1,0,0.5230867
10659,0,0,0,0.14662685
9662,0,1,1,1.0690981
266,0,0,0,0.4718157
9617,1,1,0,0.23349458
1496,1,0,1,0.4037284
4659,0,0,0,0.13048226
10114,0,0,0,0.25213417
2530,0,0,0,0.48686612
6088,0,0,0,0.3491682
13739,0,0,0,0.25194275
5524,0,0,0,0.19140753
16352,0,0,0,0.28258914
13703,1,0,1,2.3027666
13219,0,0,0,0.22039987
12833,1,0,1,2.1018996
15009,0,0,0,0.33562505
14590,1,1,0,0.21239664
13512,0,1,1,1.487023
13826,1,1,0,0.19088991
8069,1,1,0,0.30110332
2916,0,0,0,0.31913856
10551,0,1,1,1.6882902
14296,0,0,0,0.28680947
12300,1,1,0,0.32144225
15371,1,1,0,0.253711
2101,0,0,0,0.23274034
12453,1,1,0,0.44892538
6220,1,1,0,0.58699757
14218,1,0,1,1.6858796
2626,0,0,0,0.4694959
5892,0,0,0,0.23306087
6914,0,0,0,0.4038938
8802,1,1,0,0.23283967
11779,0,0,0,0.3250873
16114,1,1,0,0.18465558
13289,1,1,0,0.074772954
13587,0,0,0,0.18974987
5156,0,0,0,0.268553
10582,1,1,0,0.38222235
7960,1,0,1,1.8578367
7062,0,0,0,0.554691
1910,1,0,1,2.370018
12262,0,0,0,0.2991291
5825,1,1,0,1.0819292
11587,0,1,1,0.377158
1673,0,0,0,0.40991238
975,0,0,0,0.13148093
2896,0,0,0,0.22287036
5697,1,0,1,1.9711716
8837,1,1,0,0.12452804
7929,0,1,1,1.0889312
213,0,0,0,0.23188634
5741,0,0,0,0.081839286
10022,0,1,1,2.0519655
12181,1,0,1,2.09693
4711,0,0,0,0.30423686
9101,1,1,0,0.15706994
1521,1,0,1,1.5389123
5728,1,1,0,0.70217955
9560,0,0,0,0.21212505
3494,1,1,0,0.10640554
14228,1,1,0,0.26680133
8592,1,0,1,1.5055882
665,1,1,0,0.24567887
9646,1,1,0,0.15249254
13736,1,1,0,0.2763294
1758,0,0,0,0.24354427
6349,0,0,0,0.4073938
429,0,0,0,0.22519356
12443,1,0,1,1.9876235
6408,0,1,1,1.8511662
2432,0,0,0,0.31420797
5719,0,0,0,0.23726852
15633,1,0,1,1.6055082
1665,1,1,0,0.28625575
7928,0,0,0,0.21948045
4166,1,0,1,1.4102646
9929,1,1,0,0.13829187
445,1,1,0,0.67219657
8045,0,0,0,0.2728528
2874,0,0,0,0.1564355
45,0,0,0,0.20545228
16492,0,0,0,0.11194107
2965,0,1,1,0.91003263
9151,1,1,0,0.14704895
4839,1,1,0,0.18969287
5690,0,0,0,0.25227508
553,1,1,0,0.1856818
1824,0,0,0,0.21044075
7555,0,0,0,0.18858112
7689,0,0,0,0.2513924
163,1,1,0,0.20756082
6749,1,1,0,0.25768968
1765,0,0,0,0.23205386
13080,1,1,0,0.083071716
3300,1,0,1,1.2092624
12271,0,1,1,2.4766724
15462,1,1,0,0.2541915
3156,0,1,1,1.6920933
4234,1,1,0,0.10495719
5351,0,0,0,0.48243886
1771,1,0,1,0.9972677
6033,1,1,0,0.35112607
9238,1,0,1,0.5033387
5150,1,1,0,0.20723358
9326,1,0,1,1.7742022
4642,1,1,0,0.25014743
11476,0,0,0,0.44574314
11544,0,0,0,0.18448627
7209,1,1,0,0.29172966
10712,1,1,0,0.23547915
2606,1,1,0,0.15922007
1155,0,1,1,1.2365288
12673,0,0,0,0.16232298
5002,0,0,0,2.3257594
11743,1,1,0,0.5171774
8632,0,1,1,1.7011162
12756,0,0,0,0.21904649
6277,0,0,0,0.19584523
12564,1,1,0,0.27196133
13721,1,1,0,0.20195302
13639,0,0,0,0.2091001
7349,0,1,1,1.2779992
9996,1,0,1,0.8547212
14021,1,1,0,0.1023482
669,1,1,0,0.32950622
3037,0,0,0,0.36133337
425,0,0,0,0.27170464
15497,1,1,0,0.63376915
11563,1,1,0,0.2959327
11688,0,1,1,1.6058415
11643,1,1,0,0.30987096
16361,1,1,0,0.13411872
13177,0,0,0,0.19758694
333,1,1,0,0.28721824
15076,1,0,1,0.63647115
15911,1,0,1,1.7845616
13220,0,0,0,0.41145235
11399,0,0,0,0.16403903
4379,0,0,0,0.20670915
786,1,1,0,0.116300344
15445,0,0,0,0.27540326
5220,1,1,0,0.28742263
2928,0,0,0,0.42996776
12209,1,1,0,0.20876348
1107,0,0,0,0.19300674
12266,1,1,0,0.17070751
106,1,1,0,0.44477504
1149,0,0,0,0.14147738
10127,1,1,0,0.15136679
12954,0,1,1,1.4969168
13010,1,1,0,0.30858076
9344,1,1,0,0.48307782
2424,0,0,0,0.15062672
11512,0,0,0,0.4544209
5842,1,1,0,0.3512973
5869,1,0,1,0.6525069
4359,0,0,0,0.3458381
9235,0,0,0,0.15755823
1981,0,0,0,0.28877434
150,1,1,0,0.14057003
14194,1,1,0,0.1469802
5166,1,1,0,0.4916274
10808,1,1,0,0.2435512
6157,0,0,0,0.1937502
8610,0,1,1,1.2409247
3895,1,0,1,1.4079082
11636,0,0,0,0.0975432
221,0,0,0,0.19753058
8647,1,1,0,0.18473218
4469,1,1,0,0.26656786
4599,0,0,0,0.15783884
12419,0,0,0,0.20104074
9396,0,0,0,0.17726858
7194,0,0,0,0.16475794
11736,1,1,0,0.44473493
9386,1,1,0,0.22987571
14941,1,1,0,0.41893616
15747,1,0,1,1.4762108
5513,0,0,0,0.281988
8779,1,1,0,0.3379318
8215,0,1,1,1.6166458
6038,0,0,0,0.45305616
10273,0,0,0,0.21320152
6757,0,0,0,0.26348117
2550,0,0,0,0.20415089
2250,0,1,1,1.0903705
16490,1,0,1,2.3268
857,1,1,0,0.41729552
2074,0,1,1,1.8669993
6163,0,0,0,0.30080587
16440,0,0,0,0.19026327
5917,0,1,1,2.2526922
8152,1,1,0,0.3015358
2461,0,0,0,0.12831141
10741,0,0,0,0.29705393
4925,1,1,0,0.9070878
11877,1,1,0,0.21874547
4381,1,0,1,1.4793739
16308,1,0,1,1.3045878
10466,0,0,0,0.20528132
4458,0,0,0,0.29327554
2734,1,1,0,0.2796705
16337,1,1,0,0.13040754
4725,1,1,0,0.44786027
5628,0,0,0,0.15868305
9588,0,0,0,0.33488587
2935,1,1,0,0.26430804
10984,0,0,0,0.22513275
11245,1,0,1,1.1367096
11073,0,1,1,1.3477573
2911,0,0,0,0.27826852
5359,1,1,0,0.3012001
16085,0,0,0,0.543327
7913,1,1,0,0.29285023
4080,0,0,0,0.1367505
16245,0,1,1,1.3953934
9013,1,1,0,0.25900516
13872,1,1,0,0.3541522
12913,0,1,1,2.0121317
11656,1,1,0,0.6197464
4607,0,1,1,1.9472597
14586,0,0,0,0.5167235
16019,0,0,0,0.40398756
2027,1,1,0,0.12612343
14192,1,1,0,0.24451353
2083,1,1,0,0.18321119
16425,1,1,0,0.26241735
13390,1,1,0,0.29967457
4394,1,1,0,0.23493178
8866,1,1,0,0.18301822
10868,1,0,1,1.3443785
11699,0,0,0,0.17801124
7888,0,0,0,0.3495324
247,1,1,0,0.33081895
10344,1,1,0,0.694569
1206,1,1,0,0.29294956
9925,0,0,0,0.35007635
3040,1,1,0,0.13489516
389,1,1,0,0.20554246
10851,0,0,0,0.15865915
4981,0,0,0,0.4521441
7618,0,0,0,0.26846978
4530,1,1,0,0.2711964
9334,1,0,1,1.6624539
901,1,0,1,1.2509798
12943,1,1,0,0.99938
2558,1,1,0,0.17312527
13844,1,1,0,0.38906896
2661,0,0,0,0.20930028
3582,0,0,0,0.26604828
8550,0,1,1,1.7393769
14632,0,0,0,0.22020343
10008,1,1,0,0.20886873
11839,0,0,0,0.11542617
13599,0,0,0,0.48634833
11873,0,0,0,0.123308375
8607,1,1,0,0.094072476
1425,1,1,0,0.25235674
7523,1,1,0,0.19337063
3740,1,1,0,0.24174868
5771,1,1,0,0.19445413
13580,0,0,0,0.24173266
3201,1,1,0,0.20071836
11803,0,0,0,0.3357551
8015,0,0,0,0.12432719
11593,1,1,0,0.20032924
3838,0,0,0,0.18860905
8745,0,0,0,0.35531044
1639,0,0,0,0.21725728
11855,1,0,1,1.1042788
7826,0,0,0,0.14862044
290,1,1,0,0.24838847
8457,0,0,0,0.0925631
14781,0,0,0,0.2054856
6378,1,1,0,0.14451143
9594,1,1,0,0.4083598
8346,0,1,1,1.3193171
3055,1,1,0,0.1253656
11223,0,1,1,0.82463354
6575,1,0,1,2.0352476
15760,0,0,0,0.27727762
403,1,1,0,0.14929096
3757,0,1,1,1.1721605
10272,1,1,0,0.18014264
11895,1,0,1,0.9406099
1397,0,1,1,1.3639046
1638,1,1,0,0.19707231
13406,0,0,0,1.3989767
5228,0,0,0,0.14955972
2836,0,0,0,0.21607803
1074,0,0,0,0.34594613
2355,1,1,0,0.22705008
4400,1,1,0,0.16077115
12050,0,0,0,0.23182112
9864,0,1,1,1.9322114
10575,0,0,0,0.20010598
800,1,1,0,0.20238318
6315,1,1,0,0.39510623
10912,0,1,1,0.4222234
16385,0,1,1,1.4999303
14403,1,0,1,0.9519335
4810,0,1,1,1.5148858
1043,1,1,0,0.97150457
10768,1,1,0,0.25159097
16375,1,0,1,1.4314654
9525,1,1,0,0.15845732
4196,0,0,0,0.4841317
14268,1,1,0,0.29959515
4254,0,0,0,0.29818103
14786,1,0,1,1.2816563
5526,1,0,1,1.6096735
14209,0,0,0,0.20581459
6409,0,0,0,0.20500876
14365,0,1,1,2.5476055
15844,1,1,0,0.2307152
6276,1,1,0,0.19817741
707,0,1,1,1.82384
9758,1,0,1,1.9678545
5039,1,1,0,0.18852682
12367,0,0,0,0.28754243
10215,1,0,1,0.95226234
3525,0,0,0,0.3328004
16029,1,1,0,0.18452533
15793,0,0,0,0.46678856
2955,1,0,1,1.773474
3794,1,0,1,1.9113945
7842,0,0,0,0.2896813
13197,0,1,1,1.7844738
11331,1,1,0,0.09758289
8925,0,0,0,0.11961018
3101,0,0,0,0.19717586
3356,1,0,1,1.5997723
11945,0,0,0,0.30177593
775,0,0,0,0.13145365
12667,0,0,0,0.28170538
15957,1,1,0,0.21945211
489,0,1,1,1.7733946
11152,0,0,0,0.19341826
13831,1,1,0,0.09312966
8450,1,1,0,0.3706368
5358,1,1,0,0.25284466
16214,1,1,0,0.20101492
14006,1,1,0,1.4068465
3171,0,1,1,1.4201157
15059,0,1,1,1.8293186
9720,0,0,0,0.23042946
12501,0,0,0,0.2201625
2938,1,0,1,1.5625358
3846,0,0,0,0.0880695
14946,1,1,0,0.40219563
4386,1,1,0,0.95987535
1737,1,1,0,0.17630753
7860,0,0,0,0.09487347
12020,1,1,0,0.2249872
5292,1,1,0,0.29209283
12701,1,1,0,0.18326111
5318,0,0,0,0.19490342
9116,0,0,0,0.40947354
13648,1,1,0,0.114559084
2021,1,1,0,0.27058494
3144,0,0,0,0.13071376
16311,0,0,0,0.19488627
5659,0,0,0,0.37622172
13336,1,1,0,0.57347107
11845,1,1,0,0.27032226
8296,0,0,0,0.5819999
788,0,0,0,0.30886844
6090,0,0,0,0.18824995
15296,1,1,0,0.3207639
180,1,1,0,0.39219755
133,0,0,0,0.28868058
2227,1,1,0,0.067405425
3635,0,0,0,0.2646616
14170,0,0,0,0.23184995
4941,1,0,1,1.2020842
10367,1,1,0,0.2320304
14789,1,1,0,0.09082667
4672,0,0,0,0.5268852
8879,1,0,1,1.1380899
10338,0,0,0,0.37836534
3267,1,1,0,0.26136357
8006,1,1,0,0.155015
11665,1,1,0,0.1195262
11053,0,1,1,1.5848334
8482,1,0,1,1.0148671
6855,0,1,1,1.7309669
6928,1,0,1,1.6621071
9006,1,1,0,0.33890513
1299,1,1,0,0.24496806
11832,1,0,1,1.3349296
8060,1,1,0,0.047219068
5393,1,1,0,0.1611987
13740,0,0,0,0.17938334
12687,1,1,0,0.35829318
3134,1,1,0,0.20274736
11111,0,0,0,0.47740814
15407,0,0,0,0.34097654
3858,1,1,0,0.16732231
15645,1,1,0,0.6416662
2494,1,1,0,0.199024
3736,1,1,0,0.1650428
6028,0,0,0,0.26909056
6159,0,0,0,0.44309038
3376,0,0,0,0.3068692
3812,0,0,0,0.22382367
3406,1,1,0,0.21043043
12844,1,0,1,0.95620674
8149,0,0,0,0.17208974
7758,0,0,0,0.20690437
14337,1,1,0,0.28560522
420,1,1,0,0.16697928
126,0,0,0,0.29145285
3528,1,1,0,0.5045497
14998,1,1,0,0.29856104
4339,1,0,1,2.0661266
15226,0,0,0,0.15797678
3524,1,1,0,0.80347604
15171,0,0,0,0.29984525
15032,1,0,1,1.9373232
10029,0,1,1,1.2970965
5347,1,1,0,0.2589761
7930,0,0,0,0.28408104
15202,1,1,0,0.3807414
7779,1,1,0,0.14749834
11645,1,1,0,0.29557216
6181,0,0,0,0.19683684
9714,1,1,0,0.22466502
15274,0,1,1,1.4690857
1747,0,1,1,1.7913265
1511,0,0,0,0.15882595
2462,0,1,1,1.1777842
11906,1,1,0,0.15082869
3469,1,1,0,0.2848185
5641,0,0,0,0.23920326
997,1,1,0,0.26468155
12806,1,1,0,0.20678814
14505,1,0,1,0.9654294
9086,0,1,1,1.3672993
8640,0,0,0,0.34479937
13775,1,0,1,1.0358269
782,0,0,0,0.45243275
9184,1,1,0,0.25714374
12505,0,0,0,0.29949257
2705,0,0,0,0.41514298
14115,0,1,1,2.0181859
2505,0,0,0,0.40537095
14371,0,0,0,0.5779993
6456,0,0,0,0.47761077
10502,1,1,0,0.17831649
8554,1,1,0,0.15978618
5823,0,0,0,0.17184412
3606,1,0,1,0.8953333
14119,1,1,0,0.7090299
8712,0,0,0,0.14235936
15726,1,1,0,0.27410465
11400,1,1,0,0.22490248
5958,0,0,0,0.175834
11732,0,0,0,0.17116046
14414,1,0,1,1.2364252
2174,1,1,0,0.25098902
12190,0,0,0,0.20322692
4651,1,1,0,0.28987277
1176,1,1,0,0.3600289
1087,0,0,0,0.24178958
412,0,1,1,1.3456417
16374,0,0,0,0.27453294
9447,1,0,1,1.4527618
6425,0,1,1,1.2068839
16230,0,0,0,0.23369445
4989,0,0,0,0.20557584
15508,0,0,0,0.14063591
1109,1,1,0,0.94960594
13882,0,0,0,0.22133835
3790,1,1,0,0.44384778
475,1,1,0,0.3431752
7915,1,1,0,0.20940839
14630,0,0,0,0.17275693
1945,1,1,0,0.21032542
1457,1,1,0,0.22925846
9399,1,1,0,0.1514053
11653,0,1,1,1.8953751
15472,0,0,0,0.14525262
9039,0,0,0,0.19743939
192,0,0,0,0.33517668
3124,1,0,1,1.2328318
15192,1,1,0,1.3129078
1584,0,0,0,0.22918417
6813,1,1,0,0.25199592
5572,1,1,0,0.08232412
14247,1,1,0,0.4803332
16441,1,1,0,0.36846578
4714,0,0,0,0.36580506
8987,1,1,0,0.122837216
6531,1,1,0,0.116174586
7811,1,1,0,0.21165857
13806,1,1,0,0.30563498
2809,0,1,1,1.0596775
522,0,0,0,0.14267725
9015,0,0,0,0.1638051
6191,1,1,0,0.24873805
2092,0,0,0,0.12296741
7959,0,0,0,0.21174662
5688,0,0,0,0.26114464
12898,1,1,0,0.19314088
3573,1,0,1,1.6872996
12480,1,1,0,0.21487755
14818,0,0,0,0.16125673
4344,0,0,0,0.08411942
12306,0,1,1,1.4970561
7848,1,1,0,0.12548526
14834,0,1,1,1.3949076
8964,0,1,1,2.4297178
2163,0,0,0,0.23139301
6985,0,1,1,1.229143
10660,0,0,0,0.45427576
16158,1,1,0,0.09934703
8696,0,0,0,0.2919657
12783,1,0,1,1.7471416
12402,0,0,0,0.3293931
2611,0,1,1,1.176593
9441,1,1,0,0.29877052
2897,0,0,0,0.1445339
1949,1,1,0,0.2537628
7276,1,1,0,0.13333113
249,0,0,0,0.26765594
7656,0,0,0,0.25744006
6762,1,0,1,1.6714629
9570,1,0,1,1.4721014
8781,1,1,0,0.21895713
4049,0,0,0,0.35400182
2354,1,1,0,0.17307311
1832,0,0,0,0.16688547
3151,1,1,0,0.09535843
1366,0,0,0,0.169303
15132,1,0,1,2.0236974
1164,0,0,0,0.3698699
10804,1,1,0,0.122489974
628,1,0,1,2.006635
3017,1,0,1,0.8784911
1293,1,1,0,0.0927564
14945,0,1,1,0.82661057
10771,1,0,1,1.4054631
6706,0,0,0,0.18035737
13982,1,1,0,0.22039565
2544,0,0,0,0.23229572
459,1,1,0,0.37006566
2455,1,1,0,0.16808125
3884,0,0,0,0.22091845
2675,0,0,0,0.21303152
14584,0,1,1,1.215193
10577,1,1,0,0.3696099
16015,1,0,1,1.2573712
267,0,1,1,0.7424781
10885,1,1,0,0.62504333
9559,1,1,0,0.36345243
15334,0,0,0,0.30194402
2303,0,0,0,0.6654143
3132,0,0,0,0.20087889
10496,0,0,0,0.1239078
9546,1,1,0,0.25780684
4920,0,1,1,1.4953496
15482,1,1,0,0.28582877
10019,0,0,0,0.31646654
4680,1,1,0,0.24021529
4247,1,1,0,0.09365898
11249,0,0,0,0.31058863
3384,0,0,0,0.45473057
9434,0,0,0,0.16150516
5789,0,1,1,2.2564878
5404,0,0,0,0.41382197
13530,0,0,0,0.49221113
7996,0,0,0,0.18591484
9935,0,0,0,0.38996738
16194,1,1,0,0.28190532
5179,1,1,0,0.30967987
12593,0,0,0,0.31035694
4732,0,0,0,0.3367583
6209,1,1,0,0.4818864
3675,0,0,0,0.30755097
14164,1,1,0,0.18751493
14560,0,0,0,0.35870582
11894,0,1,1,1.6335711
288,1,1,0,0.3603863
4148,0,0,0,0.24499631
1130,0,0,0,0.14021513
12390,0,0,0,0.16964814
8751,0,0,0,0.5613496
11350,1,0,1,1.8091766
7116,1,1,0,0.1665883
5806,1,1,0,0.43203473
13301,1,1,0,0.11745249
14453,0,0,0,0.7699269
9951,1,1,0,0.37437543
6457,1,1,0,0.23939995
556,0,0,0,0.11195726
767,1,1,0,0.3679283
6214,1,1,0,0.32628316
6150,0,0,0,0.17675735
15383,1,1,0,0.20833431
4415,1,0,1,1.2510617
13335,0,0,0,0.25545305
6287,1,1,0,0.09142956
1463,0,0,0,0.37252647
15531,0,0,0,0.21274439
5553,0,0,0,0.19303772
9223,0,0,0,0.38821694
8516,0,0,0,0.23210406
8119,1,0,1,0.82371867
1046,1,1,0,0.17375086
5181,0,0,0,0.23038445
14314,1,1,0,0.2522053
8481,1,1,0,0.21015617
1803,0,0,0,0.38978997
12779,1,1,0,0.2225456
2324,0,0,0,0.24639183
10592,1,1,0,0.36119297
13924,1,0,1,1.4218197
11161,1,1,0,0.14888026
13795,0,0,0,0.40359053
1566,0,0,0,0.19744381
2357,1,1,0,0.13332154
15855,1,1,0,0.22154984
12076,1,1,0,1.2237848
4661,1,1,0,0.27373546
11151,1,1,0,0.4225523
11394,1,1,0,0.123270445
848,0,0,0,0.26879072
14223,0,0,0,0.1365203
13145,0,0,0,0.3525457
13746,0,1,1,1.6449043
88,0,1,1,1.728501
14039,0,0,0,0.21332897
1956,1,1,0,0.9355844
7399,0,0,0,0.49013048
10355,0,1,1,1.9553818
16389,1,1,0,0.35764924
9956,0,0,0,0.15694451
8978,0,0,0,0.26421684
14968,0,0,0,0.4086233
13919,1,1,0,0.14957637
8609,0,0,0,0.20638081
6505,1,1,0,0.1089332
3034,1,1,0,0.14484182
12178,1,1,0,0.15963131
4487,0,0,0,0.7391555
6828,0,0,0,0.5439213
8531,1,0,1,1.2327619
5854,1,1,0,0.28227207
15506,0,0,0,0.29627126
7881,0,1,1,1.276617
8934,0,0,0,0.17660497
9135,0,1,1,1.8175768
1061,1,1,0,0.16323105
12005,1,1,0,0.17899849
11466,0,1,1,2.0249548
961,1,1,0,0.20425925
11370,0,1,1,2.0695395
10849,1,1,0,0.090481095
1134,1,0,1,1.8165255
1907,1,1,0,0.27048126
4967,1,0,1,1.5848752
3537,0,0,0,0.36788008
9047,1,1,0,0.3031143
16234,1,1,0,0.18269587
9056,0,0,0,0.33996448
7251,0,0,0,0.13640922
1008,1,1,0,0.29380104
14424,0,0,0,0.252504
8331,0,0,0,0.113484286
11835,0,0,0,0.35883304
9473,0,1,1,0.6353016
15599,1,1,0,0.26530465
6572,1,0,1,1.3163702
7348,1,1,0,0.31982198
9109,0,0,0,0.15990534
8744,1,1,0,0.23775226
12811,0,0,0,0.21521598
10170,0,0,0,0.13937965
7773,0,0,0,0.18765901
698,0,1,1,0.8837963
13288,1,0,1,1.4480381
7949,0,0,0,0.27585283
15695,0,0,0,0.5030533
5721,1,1,0,0.46738178
4227,1,0,1,1.4412346
4443,1,0,1,1.8921555
8400,0,1,1,0.82579815
12223,0,0,0,0.32616016
4342,0,1,1,1.9185495
16231,0,0,0,0.19334354
13262,1,1,0,0.25757983
10089,0,0,0,0.38291034
7660,0,0,0,0.26094738
15395,1,1,0,0.2777934
16148,0,0,0,0.32607707
5520,0,0,0,0.22871935
15138,1,0,1,1.4165757
10625,1,1,0,0.20869535
14677,0,1,1,1.9050494
14700,0,0,0,0.21787418
5388,1,1,0,0.09293458
10689,1,0,1,1.5573964
845,1,1,0,0.16588065
14878,1,1,0,0.31853643
13373,0,0,0,0.25023904
8954,1,1,0,0.041869912
10286,0,0,0,0.42368028
15880,1,1,0,0.5534693
3758,0,0,0,0.26881725
4253,0,0,0,0.28402746
7478,0,0,0,0.17827839
13814,0,1,1,1.6128895
5378,0,0,0,0.38040245
1458,0,1,1,1.6979516
3780,1,1,0,0.3755244
1705,0,1,1,0.97950596
9042,1,1,0,0.48627156
6128,0,0,0,0.18200067
2793,1,1,0,0.20304906
2887,1,0,1,1.156046
13501,1,1,0,0.13723855
13292,1,0,1,1.6886587
2471,0,0,0,0.21511099
5054,0,1,1,1.099552
8222,0,0,0,0.13234536
5273,1,1,0,0.19711398
5349,0,0,0,0.35922787
2051,1,0,1,1.646172
8023,1,1,0,0.44007736
8343,1,1,0,0.27155453
1588,1,1,0,0.1678528
7625,1,1,0,0.2128178
7681,0,0,0,0.16223207
8830,0,0,0,0.3765159
2403,1,0,1,1.6114969
5418,0,0,0,0.13637896
6743,1,0,1,0.932833
3111,1,1,0,0.40518105
6313,1,1,0,0.08759379
13630,0,0,0,0.50881237
6434,1,0,1,1.2012551
12127,0,0,0,0.23805211
10827,1,1,0,0.25559005
8674,1,1,0,0.78186226
533,0,1,1,1.1071022
6179,1,1,0,0.14361335
5797,1,1,0,0.58968574
6522,1,0,1,0.95799655
8708,1,1,0,0.14511107
8570,0,0,0,0.17220417
3820,1,1,0,0.27602127
4284,0,0,0,0.09075961
10049,0,0,0,0.24862027
13212,0,0,0,0.5995173
14002,0,0,0,0.30390903
8753,0,1,1,1.2773969
171,0,0,0,0.14990087
16226,1,1,0,0.77118814
5950,1,1,0,0.4310719
1123,1,1,0,0.39579207
8180,0,0,0,0.3786632
8893,1,0,1,1.660695
9037,0,1,1,1.2729182
7952,0,0,0,0.28180534
5711,0,0,0,0.30313033
13715,1,0,1,1.0903816
10435,0,0,0,0.19617447
12042,0,0,0,0.24420917
1222,0,0,0,0.16576964
15333,1,1,0,0.97509944
11778,0,1,1,1.0186267
16089,1,1,0,0.2456915
15651,1,1,0,0.19169268
3392,0,0,0,0.21643747
8047,0,1,1,1.1296506
6977,0,0,0,0.2506897
4898,0,0,0,0.16098134
12472,0,0,0,0.5605695
932,0,0,0,0.19017872
16196,1,1,0,0.2099837
9018,0,1,1,1.2242974
5777,1,1,0,0.4381508
15680,0,1,1,1.1586345
13364,1,1,0,0.48741066
14330,1,1,0,0.40845355
13066,1,1,0,0.2141995
10047,1,0,1,1.7825031
15399,0,0,0,0.35901374
9934,1,1,0,0.21547356
8388,0,1,1,1.3256482
5916,0,0,0,0.1717078
10253,0,0,0,0.25710154
339,1,1,0,0.25468406
1229,0,0,0,0.36200228
13158,0,0,0,0.20203465
12848,0,0,0,0.20723028
584,1,1,0,0.30017355
12953,0,0,0,0.22457874
5247,1,0,1,1.0861962
5317,1,1,0,0.38261312
12614,0,0,0,0.22638582
1576,0,0,0,0.21325171
11554,1,1,0,0.24059793
6489,1,0,1,1.6172858
173,0,1,1,1.6431165
10757,1,1,0,0.241965
83,0,1,1,1.2521436
4178,0,0,0,0.4007847
2256,1,1,0,0.3468873
4486,1,1,0,0.45011887
10706,0,0,0,0.08203423
10011,1,1,0,0.4459839
9930,0,0,0,0.22673653
2095,1,1,0,0.8056104
10614,1,1,0,0.24364388
8518,0,0,0,0.19565468
5992,0,0,0,1.4434067
6044,0,0,0,0.35320595
14721,1,0,1,0.8136972
1315,0,0,0,0.19975889
13035,0,0,0,0.33816794
6182,0,0,0,0.3717683
10291,0,0,0,0.25395665
9595,1,1,0,0.061095063
4585,0,0,0,0.4624896
12871,1,0,1,2.09106
6668,0,0,0,0.39651692
11452,1,1,0,0.1678777
1479,0,0,0,0.18192135
15408,0,0,0,0.23623608
11037,1,1,0,0.20126575
14628,1,1,0,0.26459435
14503,0,0,0,0.16054447
4085,0,0,0,0.22834045
7201,1,0,1,0.6776082
15833,1,1,0,0.19125414
13277,1,1,0,0.13232678
9648,0,1,1,2.3995311
12170,1,1,0,0.24513198
3488,0,0,0,0.2045091
16061,0,0,0,0.41936138
7480,1,0,1,0.41550884
14019,0,0,0,0.4678154
15159,0,1,1,1.7734264
7967,1,1,0,0.23038997
15253,0,0,0,0.21500754
5977,0,0,0,0.21096326
2359,1,1,0,0.2125126
15251,1,1,0,0.13466586
9325,1,1,0,0.6078025
14558,0,0,0,0.12279504
10828,0,1,1,0.52368695
7946,1,1,0,0.13264306
10853,1,1,0,0.17352101
12860,1,0,1,1.08427
9425,1,1,0,0.1512768
528,1,1,0,0.5651193
13562,1,1,0,0.48315668
12670,0,0,0,0.43050936
9113,0,0,0,0.3055918
15919,1,1,0,0.35526597
14841,0,0,0,0.21693872
1156,1,1,0,0.30774653
3470,0,0,0,0.19141376
15788,0,0,0,0.2587182
13855,1,1,0,0.2571373
6180,0,0,0,0.090565264
821,1,1,0,0.12933141
3190,0,0,0,0.37859043
8940,0,0,0,0.24963993
15819,1,0,1,1.2575498
4059,1,1,0,0.21562973
7703,0,0,0,0.48981416
5109,1,1,0,0.40744948
15523,1,0,1,0.87789655
14082,1,1,0,0.18353876
12440,0,0,0,1.2445471
8803,0,0,0,0.1892369
7729,0,0,0,0.20355871
11617,1,1,0,0.25553143
6253,1,1,0,0.5404727
11095,1,0,1,1.8121288
11763,1,1,0,0.10970219
9901,0,0,0,0.19087867
6707,1,1,0,0.48913103
15480,0,1,1,1.5350475
9445,0,1,1,1.8375314
129,1,1,0,0.2403743
13022,1,1,0,0.19255336
10052,1,1,0,0.3048034
8033,0,0,0,0.22428615
1578,0,0,0,0.092087
7997,0,0,0,0.26346368
8618,0,1,1,1.1067274
9311,1,0,1,1.9697225
12085,0,0,0,0.2068432
14598,1,1,0,0.4072883
12519,1,1,0,0.44317958
14470,0,0,0,0.27236348
9844,1,1,0,0.28864965
4289,0,0,0,0.1534436
4073,1,1,0,0.12637633
11837,1,1,0,0.16091721
13682,1,1,0,0.50435805
2732,0,1,1,1.6958128
5064,1,1,0,0.28811285
5502,1,1,0,0.19524604
1692,0,0,0,0.35603574
13777,1,1,0,0.15739834
7153,1,0,1,1.7074716
2421,1,0,1,1.2067046
4090,0,0,0,0.11677735
15175,0,0,0,0.36873165
12772,1,1,0,0.63501763
2775,0,1,1,0.8166047
2397,0,0,0,0.2000289
812,1,1,0,0.24209096
12392,1,1,0,0.20978016
7195,1,1,0,0.26290023
10602,0,0,0,0.16364723
2388,0,0,0,0.15255864
3832,0,0,0,0.32627165
2565,0,0,0,0.29860878
16360,1,1,0,0.8733398
2147,0,1,1,1.4304278
13041,1,1,0,0.2744151
3927,0,0,0,0.11039492
955,0,0,0,0.26959255
2479,0,0,0,0.45580044
11102,0,0,0,0.23964782
4776,0,0,0,0.36017334
14940,0,0,0,0.20049852
13002,1,0,1,1.8152403
4507,1,1,0,0.13246691
926,1,1,0,0.1722812
7442,0,0,0,0.20453611
835,1,1,0,0.28636733
13771,1,1,0,0.24869838
3105,1,1,0,0.11114979
5308,1,1,0,0.25239095
13046,1,1,0,0.2313011
5012,0,0,0,0.13243236
8960,0,1,1,0.5497165
14078,1,1,0,0.28224003
15528,0,1,1,1.2779329
11214,0,1,1,1.1087677
5262,1,1,0,0.20196393
11385,0,1,1,2.360415
6610,0,0,0,0.076603055
6528,0,1,1,0.376403
3435,0,0,0,0.5868247
3348,1,1,0,0.32073683
3860,0,0,0,0.14355594
3004,0,0,0,0.6760468
13032,0,0,0,0.1696223
11526,0,1,1,1.4586892
7566,1,1,0,0.32587218
9017,0,1,1,1.2257427
4407,0,1,1,1.7728662
3936,0,1,1,1.52273
6406,1,1,0,0.15807652
6073,0,0,0,0.4017036
4277,1,1,0,0.25784633
5845,0,0,0,0.4252745
747,1,1,0,0.1899369
8582,1,1,0,0.6234715
1188,1,1,0,0.18558794
6794,1,1,0,0.31144226
9834,1,1,0,0.40147695
8685,0,0,0,0.34198782
4348,1,1,0,0.1996442
716,0,1,1,0.7119577
7964,0,1,1,1.6081996
7114,0,0,0,0.24848835
9597,1,1,0,0.15272881
5175,0,0,0,0.21249458
15836,0,0,0,0.30487147
13991,0,0,0,0.22443666
4023,1,1,0,0.4676473
13789,0,0,0,0.20234796
9907,1,1,0,0.13842256
5407,1,1,0,0.20440145
12315,0,0,0,0.19356133
4158,1,1,0,0.2589119
4457,0,0,0,0.20592792
8299,0,0,0,0.17489165
7863,0,0,0,0.2759391
14149,0,0,0,0.12978436
6283,1,1,0,0.3335023
13511,0,0,0,0.33342054
1152,1,1,0,0.1935905
966,1,0,1,1.4429681
9965,0,0,0,0.18736531
7501,1,1,0,0.25851008
9990,1,1,0,0.3016146
4858,0,0,0,0.22735506
3809,0,1,1,1.3812735
16248,0,0,0,0.42204842
10643,0,0,0,0.3498467
5737,1,1,0,0.25440928
3798,0,0,0,0.06797951
6555,1,1,0,0.090817414
10340,0,1,1,1.2238305
15539,0,0,0,0.24783403
9335,1,0,1,1.7919462
15669,0,0,0,0.21873742
10532,0,0,0,0.123109184
2795,1,1,0,0.16695932
9854,0,0,0,0.20727533
6436,0,0,0,0.5649009
7806,1,1,0,0.24752742
15522,1,1,0,0.12100507
14657,1,0,1,1.0714371
4292,0,0,0,0.15753931
12886,0,0,0,0.15344894
144,1,1,0,0.14720751
4601,1,1,0,0.14813188
12658,1,1,0,0.5379289
11456,1,1,0,0.14303821
4136,0,0,0,0.2786543
417,1,1,0,0.15820447
2409,0,1,1,2.6262534
5189,0,0,0,0.16850156
516,1,1,0,0.15289865
15901,0,1,1,1.4981
7813,0,0,0,0.6624858
9124,0,0,0,0.21537285
2578,0,0,0,0.28186205
4329,0,0,0,0.12940778
16094,0,0,0,0.09702426
15966,0,0,0,0.20318946
13568,1,1,0,0.13294943
10506,0,0,0,0.16576672
15363,0,0,0,0.22836813
12903,0,1,1,0.53368545
12448,1,0,1,1.7154508
13441,0,0,0,0.15335567
3477,0,0,0,0.21588257
4912,0,0,0,0.3058884
6482,1,1,0,0.2387867
2454,0,1,1,1.3136541
2529,0,1,1,1.9123888
3454,1,1,0,0.33129403
16044,0,0,0,0.28852612
7351,1,1,0,0.23135588
8845,1,0,1,1.6057873
4180,1,1,0,0.9995302
8230,1,1,0,0.3654208
15602,0,0,0,0.16418451
10095,1,1,0,0.14859979
11524,1,0,1,0.5321741
6881,0,1,1,1.7726262
7748,1,1,0,0.24889395
1144,1,1,0,0.50954556
4395,0,0,0,0.18043531
14540,0,0,0,0.25325906
15221,0,0,0,0.90539724
3254,0,0,0,0.22077507
15432,1,1,0,0.20248328
9413,0,0,0,0.271738
13727,1,1,0,0.5198443
10232,1,1,0,0.14084128
1772,1,1,0,0.2645365
5309,1,1,0,0.4055762
4990,1,1,0,0.52837825
11685,1,1,0,0.38803756
1202,1,1,0,0.38144025
15380,1,1,0,0.42121977
7675,1,1,0,0.40216297
5829,1,0,1,2.206379
922,1,1,0,0.16705132
15168,1,1,0,1.6007377
11112,0,0,0,0.3683123
15587,0,1,1,1.3686736
784,0,0,0,0.20469846
2102,0,0,0,0.22637907
5136,1,1,0,0.09946942
13359,1,1,0,0.12565127
13556,1,1,0,0.289785
6040,1,1,0,0.4761594
13250,0,0,0,0.1574226
4780,1,1,0,0.78698456
5774,1,1,0,0.17885035
11597,1,1,0,0.41045088
8810,1,0,1,0.898705
7179,1,1,0,0.11787099
4619,0,0,0,0.17048174
7323,0,1,1,1.5218242
6056,0,0,0,0.19885732
14826,1,1,0,0.122717224
15355,1,0,1,1.6737133
1354,1,1,0,0.109851204
110,1,1,0,1.0926315
14071,1,1,0,0.1514933
4597,1,1,0,0.16080739
11672,1,1,0,0.34398517
16414,0,0,0,0.22120418
12319,1,1,0,0.45974398
8091,0,1,1,1.9117434
9946,0,1,1,1.7725601
2476,1,1,0,0.15208419
11961,1,1,0,0.20695339
2932,1,1,0,0.18697105
15099,0,1,1,1.7996671
1484,0,0,0,0.22198443
11808,1,1,0,0.28676105
13042,1,1,0,0.09653644
582,1,1,0,0.16337048
12093,1,1,0,0.20301697
16224,0,0,0,0.1511654
13908,0,0,0,0.21780495
9805,1,1,0,0.32662842
530,1,1,0,0.15325198
16048,1,1,0,0.18963815
5772,1,1,0,0.2616729
12541,1,0,1,1.1404698
87,0,1,1,1.0791899
3330,1,1,0,0.24813646
5860,1,1,0,0.26109165
14312,0,0,0,0.3530779
9061,1,1,0,0.50258195
6318,0,0,0,0.37355265
9490,0,1,1,0.90076023
13242,1,1,0,0.2849531
9574,0,1,1,1.4528443
15908,1,1,0,0.49758255
12706,0,0,0,0.19323945
13321,0,0,0,0.32870495
16487,0,0,0,0.46908957
452,0,0,0,0.25094697
10906,1,1,0,0.27350911
8991,1,1,0,0.24149573
270,1,1,0,0.16187511
16139,1,1,0,0.29762542
2525,0,0,0,0.25648442
6300,1,1,0,0.15866493
10628,0,0,0,0.27669066
4540,0,0,0,0.20322818
6756,0,1,1,1.2393382
14647,0,0,0,0.21725206
3386,1,1,0,0.4643605
5970,0,1,1,0.90412045
15027,1,1,0,0.16699037
8187,1,1,0,0.7593613
560,1,0,1,0.42068818
4581,1,0,1,2.2684035
2877,1,1,0,0.30663806
13585,0,0,0,0.21020862
3071,0,0,0,0.2700926
11823,0,0,0,0.14849016
8349,0,0,0,0.22065443
16174,1,1,0,0.16269708
2503,0,0,0,0.37752616
7386,1,1,0,0.2608674
15694,0,0,0,0.2853309
9926,1,1,0,0.10954805
13481,1,1,0,0.2115473
16071,1,0,1,1.0416241
13960,1,0,1,0.5395202
28,1,1,0,0.19218907
12961,0,0,0,0.2380606
12840,1,1,0,0.3210121
3147,1,1,0,0.1946228
7680,0,1,1,1.5879734
5893,1,0,1,1.0014918
13105,1,0,1,1.1123862
8872,1,1,0,0.20138185
14292,1,1,0,0.07676006
7448,1,0,1,1.7119697
258,0,1,1,1.5648965
2242,1,0,1,2.5912604
7454,0,0,0,0.37096727
3534,0,0,0,0.38838345
3444,1,1,0,0.32062316
4215,1,1,0,0.32673177
1038,0,1,1,1.2758901
1866,0,0,0,0.047628
9540,1,1,0,0.26537377
9329,1,1,0,0.3393434
1709,0,1,1,1.1367489
9840,1,1,0,0.23570538
11782,0,0,0,0.7109366
3716,1,1,0,0.24490385
6614,1,1,0,0.51241153
10719,1,1,0,0.1498861
1257,0,1,1,1.0493789
4175,1,1,0,0.17861766
2218,0,0,0,0.16511312
10977,1,0,1,1.6848806
8333,0,0,0,0.23573935
9650,1,1,0,0.28118032
1879,1,0,1,1.8977993
15698,1,1,0,0.2433084
13691,1,1,0,0.2656905
4591,1,1,0,0.11667901
4698,0,0,0,0.6975049
9681,0,1,1,1.2374729
10707,1,1,0,0.43233988
4297,1,1,0,0.06562137
7752,0,0,0,0.3608752
11411,1,1,0,0.12965713
397,1,1,0,0.4283952
10434,1,1,0,0.1661157
2449,0,0,0,0.7156377
11588,1,1,0,0.17110772
15583,0,0,0,0.20917574
9894,0,1,1,1.3955333
86,1,1,0,0.57391465
16347,0,0,0,0.19130762
1290,1,0,1,1.6882447
12621,1,1,0,0.18977138
1048,0,0,0,0.57573783
8334,0,0,0,0.17930472
8840,1,1,0,0.3655044
12459,1,1,0,0.24650887
521,1,1,0,0.1868781
5405,0,1,1,0.5400549
2829,1,1,0,1.0956409
9345,0,1,1,2.2599125
8599,0,1,1,2.0911653
4497,1,1,0,0.17369798
13915,1,1,0,0.28707752
10443,0,1,1,1.7303607
9842,1,1,0,0.3210358
963,0,1,1,1.2065008
5267,0,0,0,0.21265842
4236,0,0,0,0.13691749
16363,1,1,0,0.18246435
6910,1,1,0,0.9308328
8831,0,0,0,0.2941279
4155,0,1,1,0.23765528
7788,0,0,0,0.19852193
15982,0,0,0,0.54992586
12137,0,0,0,0.19978175
10971,1,1,0,0.1069899
8112,1,1,0,0.18255164
15434,1,1,0,0.09485287
2160,1,1,0,0.47931045
12507,1,0,1,1.3647645
5645,0,1,1,1.0326619
5570,0,0,0,0.17638686
9922,1,1,0,0.21195503
5888,1,1,0,0.29394135
14729,1,1,0,0.7830791
15048,0,0,0,0.23319456
7473,0,0,0,0.095074035
12601,0,1,1,1.4661378
12699,0,0,0,0.18588983
1231,0,0,0,0.33320147
15656,0,0,0,0.34788653
2634,1,1,0,0.28975928
9010,1,0,1,1.6898104
15850,1,1,0,1.1180754
1915,0,0,0,0.21582022
12257,1,0,1,2.145004
7005,0,0,0,0.13949732
9833,0,0,0,0.100425266
12299,0,0,0,0.4952172
13677,1,0,1,1.3224775
7512,0,0,0,0.7574908
3643,0,0,0,0.20300694
2882,0,0,0,0.6193211
495,0,0,0,0.68844694
11298,0,0,0,0.1567463
14187,1,1,0,0.14102526
6811,0,0,0,0.2334717
2917,1,1,0,0.116778515
2818,0,1,1,1.5549088
6790,0,0,0,0.3478476
2827,0,0,0,0.17971237
11737,0,0,0,0.13880353
8211,0,1,1,1.7727878
8733,1,1,0,0.5538472
8186,1,1,0,0.7593597
14233,1,1,0,0.25121483
12108,1,0,1,1.3474102
15944,0,1,1,1.703684
1982,1,1,0,0.44249123
9796,0,0,0,0.21221723
6937,1,1,0,0.4363867
16184,1,1,0,0.26786742
3073,0,0,0,0.17112258
2318,0,0,0,0.12957451
2441,1,1,0,0.2366177
3932,0,1,1,1.6448616
6620,0,0,0,0.30297837
3833,1,1,0,0.3640269
12240,1,1,0,0.2981045
296,1,1,0,0.18323956
513,1,1,0,0.21072932
1581,1,1,0,0.42288873
11438,1,1,0,0.48423308
11361,1,1,0,0.32159817
3033,0,0,0,0.09502059
1902,1,1,0,0.15232752
7382,1,1,0,0.14196464
14550,0,0,0,0.07900519
8649,0,0,0,0.28180587
4911,1,1,0,0.20629188
12911,1,0,1,0.818543
1587,1,0,1,0.9266727
303,1,1,0,0.22885111
842,0,0,0,0.16764687
10504,1,1,0,0.5026878
10326,0,0,0,0.101503305
7155,0,0,0,0.3834761
5299,1,1,0,0.07071313
2275,0,0,0,0.16848888
1795,1,1,0,0.12205673
3072,0,0,0,0.18660216
8134,1,0,1,1.421519
14792,0,0,0,0.11777181
9338,0,0,0,0.18077166
4244,1,1,0,0.10248421
7115,0,0,0,0.58802783
12664,1,1,0,0.34598255
12747,0,0,0,0.3903203
3010,1,1,0,0.20541018
11898,1,1,0,0.269452
7999,0,0,0,0.1910266
14873,0,0,0,0.13008992
2906,0,0,0,0.19124058
8147,0,0,0,0.2160667
16241,0,0,0,0.3957286
4489,0,0,0,0.27554163
9631,0,0,0,0.15423615
11180,0,0,0,0.18745169
3163,1,1,0,0.33852875
5986,0,0,0,0.24086021
4968,0,0,0,0.24482872
6853,0,1,1,1.646514
3379,1,1,0,0.1459667
2762,0,0,0,0.24946491
14955,1,1,0,0.38131717
2282,1,1,0,0.26559728
11560,0,0,0,0.43842095
1311,1,1,0,0.20258015
5897,0,0,0,0.3712689
14273,0,0,0,0.6065534
6081,0,1,1,1.5316299
12940,1,1,0,0.1652702
9378,0,0,0,0.5296406
10347,1,1,0,0.21677125
7107,0,0,0,0.3499635
13854,1,1,0,0.24939145
13857,0,1,1,1.8128139
11060,1,1,0,0.23696439
8680,0,0,0,0.21551737
5812,1,0,1,1.7172623
14973,0,0,0,0.28381306
7587,1,1,0,0.23802875
1655,0,0,0,0.30545223
15624,0,0,0,0.28014165
9227,0,0,0,0.32012013
2781,1,1,0,0.13195096
13984,1,1,0,0.3540955
13950,0,0,0,0.46997988
6830,1,0,1,2.0120206
1524,1,1,0,0.13611576
9062,0,0,0,0.36858234
7217,0,0,0,0.30900487
16068,1,0,1,0.8972414
10006,0,0,0,0.21034436
11113,0,0,0,0.3489106
11511,1,0,1,1.8488389
12387,0,0,0,0.8066131
5800,1,1,0,0.19610853
1212,1,0,1,1.6449078
3103,1,1,0,0.18185984
6115,1,1,0,0.50335157
15501,0,1,1,1.8904579
15440,0,1,1,1.1587347
10175,0,0,0,0.40429443
8498,0,0,0,0.4474163
14887,0,0,0,0.16742122
12353,1,0,1,1.7307568
4464,0,0,0,0.22129257
13254,1,1,0,0.1906653
2637,1,0,1,1.6641661
5155,0,0,0,0.26301205
5900,1,1,0,0.2867753
15313,1,1,0,0.28624868
12821,1,1,0,0.71752644
6206,1,0,1,1.2815558
14153,0,0,0,0.10895063
9057,1,1,0,0.32718173
2024,0,0,0,0.16706513
11035,1,1,0,0.19057782
15218,1,1,0,0.23466615
588,0,0,0,0.21741007
13099,1,0,1,1.9569309
3161,0,1,1,1.147615
15620,0,0,0,0.2532793
10455,1,1,0,0.29765385
545,1,1,0,0.34182763
11253,1,0,1,0.9403118
5298,0,0,0,0.5718481
8473,0,0,0,0.49806833
1281,0,0,0,0.24877682
14401,0,0,0,0.26728916
635,1,1,0,0.31835568
5984,1,1,0,0.35063395
5146,1,0,1,0.9600346
7988,0,1,1,2.4978538
1793,0,0,0,0.46840906
11158,0,0,0,0.26097843
5107,0,0,0,0.19781125
427,1,0,1,1.2991107
5261,1,1,0,0.20981729
13783,0,0,0,0.26414958
12682,1,1,0,0.59423214
16053,1,1,0,0.38542822
2769,0,0,0,0.14113684
5762,1,1,0,0.13694721
3594,1,1,0,0.20394452
5239,0,0,0,0.16377221
3542,1,1,0,0.16076669
5810,0,1,1,1.7449247
3533,1,1,0,0.15428622
6727,0,0,0,0.39027262
6590,1,1,0,0.35443577
7901,0,0,0,0.21837316
4612,1,0,1,1.3724036
3665,0,1,1,1.835747
5779,0,0,0,0.23905648
3342,0,1,1,1.7518567
13304,0,0,0,0.30933923
2139,1,0,1,2.0594964
10801,1,1,0,0.28097063
8306,1,1,0,0.2215034
14783,0,1,1,0.5226573
6971,1,1,0,0.7213675
11309,0,0,0,0.19532223
8775,0,1,1,1.576276
5217,0,0,0,0.4112799
10612,0,1,1,0.8869938
958,1,1,0,0.15963823
11557,0,0,0,0.15396681
1905,0,1,1,1.1141453
13550,1,0,1,2.20083
6618,0,0,0,0.35459214
8729,1,1,0,0.14778323
11650,0,0,0,0.23366491
2811,1,0,1,1.3042464
461,0,0,0,0.27555496
5965,1,1,0,0.22047837
13911,0,0,0,0.26404852
6628,0,0,0,0.2522205
16060,1,1,0,0.25628924
477,0,0,0,1.9256572
15738,0,0,0,0.12220012
2722,0,0,0,0.33500165
7986,1,1,0,0.14961052
4583,0,0,0,0.22087467
13942,0,0,0,0.5710808
509,0,0,0,0.1600241
709,0,0,0,0.4677521
4496,1,1,0,0.2926974
7692,1,1,0,0.1714886
1151,1,0,1,1.6433612
11952,1,1,0,0.18384245
2144,1,1,0,0.18665083
13976,0,1,1,1.8789138
4533,0,0,0,0.22428642
7740,0,0,0,0.4740724
9634,1,0,1,1.4407184
14399,1,0,1,1.0514946
9768,0,1,1,1.4393144
14217,1,1,0,0.16494778
820,0,0,0,0.25367454
8394,0,0,0,0.20555344
15792,0,0,0,0.3103788
12750,1,1,0,0.21715796
2157,1,1,0,0.08058476
9324,0,0,0,0.19244264
8424,1,0,1,0.8317807
16235,1,1,0,0.28870606
2870,1,1,0,0.22475253
5037,0,0,0,0.1933953
801,0,0,0,0.21404253
14113,1,1,0,0.36832666
13683,1,1,0,0.20214479
16386,1,0,1,0.98108286
14881,0,0,0,0.1318585
6891,0,0,0,0.24710321
10792,0,0,0,0.5127623
3668,1,1,0,0.19907276
12179,0,0,0,1.1639998
641,1,1,0,0.24391133
31,1,1,0,0.46904945
1602,0,0,0,0.28875586
9680,0,0,0,0.24532881
14076,1,0,1,1.2929078
11899,1,1,0,0.39397475
12983,1,1,0,0.15916365
14054,0,0,0,0.2461328
10822,1,1,0,0.22030699
14108,0,0,0,0.22328143
11787,1,0,1,0.7016695
10415,0,1,1,1.7168366
763,1,0,1,1.618027
1380,1,1,0,0.4041625
12428,0,0,0,0.4535836
1605,0,0,0,0.24831864
10177,0,0,0,0.3125753
2960,1,1,0,0.14470506
201,0,1,1,1.4828902
7475,0,0,0,0.34099665
9409,1,1,0,0.18418537
2516,1,0,1,1.5547016
6606,0,0,0,0.1359625
8750,0,1,1,2.0057085
4354,0,0,0,0.37297454
14055,1,1,0,0.21281357
9255,1,1,0,0.16426818
11633,0,0,0,0.23924446
11469,1,0,1,1.4668682
9272,1,1,0,0.19649969
3343,0,1,1,1.3930156
9943,1,1,0,0.21167003
14521,1,1,0,0.19244939
138,0,0,0,0.33671564
8829,1,1,0,0.60665905
9315,1,1,0,0.19873556
4389,0,0,0,0.31294265
10260,1,0,1,1.6960688
12251,1,1,0,0.6703869
11810,1,1,0,0.28951156
10943,0,1,1,1.6248883
7164,0,0,0,0.20018151
5543,0,1,1,1.6160814
11337,0,0,0,0.18476735
1021,0,0,0,0.2837415
6739,0,0,0,0.19824027
3358,0,1,1,2.8202474
7998,0,0,0,0.20642997
13878,0,0,0,0.31174377
2832,1,0,1,2.8136103
11012,1,1,0,0.34177905
8276,1,1,0,0.12682073
773,1,1,0,0.2514687
8362,1,1,0,0.22250131
7850,1,0,1,0.6256273
2652,1,0,1,0.75640005
10927,0,1,1,1.3285816
12303,0,0,0,0.5814248
5612,1,1,0,0.23776278
2721,1,1,0,0.45087677
8742,1,1,0,0.18162626
11379,0,0,0,0.15898052
11135,1,0,1,1.2423584
11611,0,0,0,0.2525606
16310,1,0,1,0.9750512
1872,1,1,0,0.24422991
5296,0,0,0,0.33792284
4704,0,0,0,0.3191451
14347,0,0,0,0.15370217
11057,0,0,0,0.49981514
14760,0,0,0,0.2518194
12677,0,0,0,0.23228985
7433,0,0,0,0.4360003
9023,0,0,0,0.3967718
5016,1,1,0,0.15634122
1422,1,0,1,1.379695
16342,1,1,0,0.32074264
6221,1,1,0,0.21226333
3291,0,0,0,0.17893161
2406,0,0,0,0.57356846
16335,1,0,1,1.5131679
1478,0,0,0,0.11905992
13260,0,0,0,0.25151056
14659,1,1,0,0.1456108
11232,0,1,1,1.2088684
1953,1,1,0,0.11013998
9566,0,0,0,0.19063278
745,0,0,0,0.3659335
14069,1,1,0,0.29376942
13483,0,0,0,0.14811203
8914,0,0,0,0.70136046
13297,1,1,0,0.25163797
10128,0,0,0,0.101807624
11870,0,0,0,0.6057064
2366,1,1,0,0.18889648
15426,0,0,0,0.20428053
15367,0,0,0,0.17282653
16049,0,0,0,0.37588474
2824,1,0,1,2.1678178
11018,0,1,1,2.0837693
8459,1,1,0,0.4046898
7022,0,0,0,0.6890486
3903,1,1,0,0.22438236
10004,1,1,0,0.34204343
13928,1,1,0,0.09855727
10798,0,0,0,0.30876827
6766,1,1,0,0.2512016
8698,1,0,1,1.3565533
7445,0,0,0,0.11434251
6475,0,0,0,0.37731647
1679,0,0,0,0.29328394
15681,1,1,0,1.2138098
4985,1,1,0,0.77414733
3078,0,0,0,0.2822024
13553,0,1,1,1.2212079
7504,1,1,0,0.4464565
3458,0,0,0,0.19147764
9843,1,1,0,0.4126617
9035,1,0,1,1.5225966
9357,1,1,0,0.34427032
14608,1,1,0,0.24621788
13773,1,1,0,0.48309606
7666,1,1,0,0.1597307
9928,0,0,0,0.28034624
11555,1,0,1,1.389406
5458,0,0,0,0.14806208
14846,1,1,0,0.11471437
8589,0,1,1,1.1535375
14745,1,1,0,0.16881166
8671,0,1,1,1.4383612
4554,0,0,0,0.42997026
12824,0,0,0,0.51659113
7984,1,1,0,0.26035923
4869,1,0,1,1.4162071
766,0,0,0,0.23934254
7878,0,0,0,0.13130605
1011,1,1,0,0.14651853
4546,1,1,0,0.28016636
16180,1,1,0,0.12692742
3821,1,1,0,0.1624762
7903,0,0,0,0.35527527
4451,0,0,0,0.55732054
10961,1,1,0,0.22310375
3715,1,1,0,0.10309486
4425,0,0,0,0.48106912
5971,1,0,1,1.3395517
3527,1,1,0,0.8952212
12790,0,0,0,0.15219332
14398,1,0,1,1.6178353
5701,1,1,0,0.22045992
3850,0,1,1,1.941136
14476,0,1,1,0.97739434
1477,1,1,0,0.9046826
1922,0,0,0,0.16646528
11581,1,1,0,0.5111697
6136,1,0,1,1.7497057
959,1,1,0,0.20663303
15616,0,0,0,0.24886523
16343,1,1,0,0.14193465
14899,0,0,0,0.2358903
6094,1,1,0,0.34785083
1,0,1,1,1.2942622
14150,0,0,0,0.20051275
4761,1,0,1,1.5417558
13464,1,1,0,0.31481677
11314,0,0,0,0.34553322
4775,0,0,0,0.16759092
6626,1,1,0,0.16069147
9381,0,1,1,1.723197
1572,1,1,0,0.29569936
9964,1,1,0,0.34799713
16327,0,0,0,0.7240602
2850,0,1,1,1.3988545
3142,1,1,0,0.14825788
293,1,1,0,0.28454438
6969,0,0,0,0.22784229
5656,1,1,0,0.46411353
9312,1,1,0,0.5032602
7870,1,1,0,0.219289
2656,1,1,0,0.26774496
7455,1,1,0,0.2530961
4629,1,1,0,0.95025045
7274,1,1,0,0.2631071
2743,0,0,0,0.30777022
10224,1,1,0,0.29861408
1963,1,1,0,0.22392306
1525,0,0,0,0.13817476
1388,1,1,0,0.26201698
12000,0,0,0,0.23936278
4470,1,1,0,0.12945062
3283,1,1,0,0.19072442
7737,1,1,0,0.43967837
12926,1,1,0,0.69077045
15026,0,0,0,0.22572628
4413,0,0,0,0.17340021
10889,0,0,0,0.43336073
14279,1,1,0,0.14192638
10331,0,0,0,0.28738844
7864,0,0,0,0.22789119
11936,1,1,0,0.2953022
1373,0,0,0,0.38288614
1339,0,1,1,1.6265173
3722,1,1,0,0.31009662
10698,1,1,0,0.13847092
4947,0,0,0,0.19561666
1264,1,0,1,1.3175606
12227,1,1,0,0.153145
7761,0,0,0,0.17081149
5739,1,1,0,0.22642775
4089,1,1,0,0.2438098
11011,1,1,0,0.36771736
6356,0,0,0,0.24588317
5140,0,1,1,1.2902324
9539,1,1,0,0.14473094
10616,1,1,0,0.1746049
5255,1,1,0,0.3617709
13403,1,1,0,0.16416296
15664,1,0,1,2.0305662
3146,1,1,0,0.23297237
14280,1,1,0,0.15266967
15321,1,1,0,0.19152853
7816,1,1,0,0.29834202
8732,0,0,0,0.54834515
14494,0,0,0,0.073248655
9550,1,1,0,0.23713283
15378,0,0,0,0.2584069
15167,1,1,0,0.16459343
11038,1,1,0,0.3415249
12429,0,0,0,0.5865221
8329,1,1,0,0.3811659
15112,1,1,0,0.15286112
7879,1,1,0,0.19781753
10038,0,1,1,1.6234069
10389,0,1,1,1.4613731
4991,1,1,0,0.1472712
13867,1,1,0,0.4501809
2307,1,1,0,0.2561835
7383,1,1,0,0.49930173
8713,0,0,0,0.22430044
3346,1,0,1,1.1998069
9248,1,1,0,0.37328142
9629,0,0,0,0.20299467
14966,0,0,0,0.261908
1427,1,1,0,0.19716479
11230,1,1,0,0.18490636
14332,0,0,0,0.34411955
5617,1,1,0,0.22850063
2249,0,1,1,2.0382872
9912,0,0,0,0.25611654
7170,0,0,0,0.21591274
11536,0,0,0,0.7036433
9123,0,0,0,0.14532736
11351,1,1,0,0.21301505
10967,0,0,0,0.24028167
2944,0,0,0,0.23726626
9034,0,0,0,1.011287
9251,0,0,0,0.3051043
8989,0,1,1,1.3270807
8120,1,1,0,0.4834884
13722,1,0,1,1.5091656
12363,0,0,0,0.16014579
10959,1,0,1,1.6322774
4929,1,1,0,0.11022614
12529,1,1,0,0.52134633
3228,0,0,0,0.34699565
2323,1,0,1,2.0770905
16377,0,1,1,1.3318671
1836,1,1,0,0.2817044
15610,0,0,0,0.375396
8823,0,0,0,0.20041873
7604,0,0,0,0.09022102
2907,0,0,0,0.1560983
13108,1,1,0,0.3744659
3886,0,1,1,1.5875255
11502,0,0,0,0.30117047
1411,1,1,0,0.06137079
16306,1,1,0,0.40952128
8617,0,0,0,0.4743748
3500,1,1,0,1.2863598
11234,1,0,1,0.24678421
10541,0,0,0,0.20575325
6882,0,0,0,0.29786777
4298,1,1,0,0.04531818
13509,0,1,1,1.2894633
9355,0,0,0,0.09732833
89,1,1,0,0.20411445
595,1,1,0,0.27200302
819,1,0,1,1.5100381
11460,1,1,0,0.15120281
2076,0,0,0,0.25914967
5176,0,1,1,1.6924559
5655,1,0,1,0.5600495
2311,0,0,0,0.2827746
9753,1,1,0,0.17162153
1159,1,1,0,0.28042325
5017,0,1,1,1.6113117
13876,1,1,0,0.18667406
15198,0,0,0,0.1935405
4027,1,1,0,0.2093666
6777,1,1,0,0.14673555
8085,1,1,0,0.23343812
16412,0,0,0,0.3118412
13920,0,0,0,0.22320068
9811,1,1,0,0.13608527
12013,1,0,1,0.48170573
3224,0,1,1,1.325425
2858,0,0,0,0.45383394
13498,1,1,0,0.19641554
7677,1,1,0,0.21975197
12778,0,0,0,0.25037464
14774,1,1,0,0.37070322
11670,1,1,0,0.17314851
9830,1,1,0,0.2729693
16167,1,1,0,0.29431894
5251,0,0,0,0.17722633
7600,0,0,0,0.34747055
2710,1,1,0,0.23054008
1297,1,0,1,1.2504941
2228,1,1,0,0.20326838
146,1,0,1,2.1125507
6521,0,0,0,0.11005818
12479,0,0,0,0.2732841
6605,1,1,0,0.17403659
13014,1,0,1,1.6466266
8167,1,1,0,0.120222405
14823,1,0,1,1.6253158
9388,0,1,1,1.8088347
13319,1,0,1,1.027102
14982,0,0,0,0.49144053
11693,1,0,1,1.4348733
8344,0,0,0,0.29526532
6537,0,0,0,0.16839541
4397,1,0,1,1.6223428
3452,1,1,0,0.6033265
1037,0,0,0,0.13712838
8338,1,1,0,0.11366806
16468,0,1,1,2.2993546
8746,0,0,0,0.22604689
12976,1,1,0,0.17933072
5316,1,1,0,0.14547084
5363,1,1,0,0.19431849
8883,0,0,0,0.7533002
5665,0,1,1,1.8973796
11080,0,0,0,0.2727058
2011,1,0,1,1.3471608
12230,0,0,0,0.33558822
2211,1,1,0,0.2321362
8657,1,1,0,0.10938649
2286,0,0,0,0.39200175
8380,1,0,1,1.7852294
11651,0,1,1,1.5192609
16305,0,1,1,1.153146
8577,1,1,0,0.09076516
7716,1,1,0,0.29008737
637,0,0,0,0.33208492
2283,0,1,1,1.9335204
10637,0,1,1,1.9625267
6612,1,0,1,1.758874
7129,0,0,0,0.3871932
12683,1,0,1,1.3666443
14553,1,1,0,0.37046963
846,1,0,1,1.1499165
5960,1,1,0,0.27778134
7143,0,0,0,0.36304638
2001,0,0,0,0.11499484
8828,0,0,0,0.5772076
6314,1,1,0,0.3088586
14015,1,0,1,1.7470856
257,0,0,0,0.13732989
994,0,0,0,0.3317916
13637,1,1,0,0.45048374
1387,1,1,0,0.19815002
13494,0,0,0,0.38785684
5784,0,1,1,1.1700892
2953,1,1,0,0.33687454
12056,1,1,0,0.20263241
7516,0,1,1,1.0269219
10696,1,1,0,0.1237059
5604,1,1,0,0.2419589
1853,1,1,0,0.38931453
13579,1,1,0,0.08339432
8807,1,1,0,0.1159934
14919,1,1,0,0.27044877
11674,0,0,0,0.23590244
6523,1,1,0,0.18904854
6591,1,1,0,0.17409748
1269,1,1,0,0.24383317
12460,0,0,0,0.45024365
10230,1,1,0,0.24739467
128,1,1,0,0.23958988
5283,0,0,0,0.10816468
3859,0,0,0,0.3969075
4779,1,1,0,0.33564073
14226,0,0,0,0.2525706
6872,1,1,0,0.20752518
14420,1,1,0,0.28076658
6843,1,1,0,0.43207282
535,1,1,0,0.27853882
4783,1,1,0,0.24867271
90,1,1,0,0.49055547
11082,1,0,1,0.9753355
7055,0,0,0,0.30718112
9303,0,0,0,0.123307645
14646,0,0,0,0.44587758
16383,0,0,0,0.20443799
7527,1,1,0,0.4269332
12816,1,0,1,2.0100286
6248,1,1,0,0.22172672
2915,0,0,0,0.16209969
7899,1,1,0,0.28534535
16447,0,0,0,0.34195384
8483,1,1,0,0.64279175
409,0,0,0,0.40126705
8061,0,0,0,0.26803824
16350,0,0,0,0.23139153
15016,0,0,0,0.074770525
9140,1,1,0,0.3497371
6656,0,1,1,1.1209561
13351,1,1,0,0.19406876
9757,1,1,0,0.18022978
14087,0,0,0,0.31364998
14471,0,0,0,0.2009963
4676,0,0,0,0.5861781
7723,1,1,0,0.11937461
14478,0,1,1,1.9343739
7935,0,0,0,0.20110755
8105,0,1,1,1.2047437
6862,0,0,0,0.24060254
8939,0,0,0,0.21497467
6786,1,0,1,1.2444978
9529,0,0,0,0.18833318
8185,0,1,1,1.8666227
16188,0,0,0,0.27761164
4268,1,1,0,0.330474
13841,0,1,1,2.0557055
1207,0,0,0,0.19744302
1600,1,1,0,0.42532083
7390,1,1,0,0.29903367
464,0,0,0,0.17803828
13631,1,1,0,0.15237696
2195,0,0,0,0.22382776
1785,0,0,0,0.27665603
8139,1,1,0,0.56007016
340,0,0,0,0.31424358
13368,0,0,0,0.075059876
7938,0,1,1,0.9935232
9558,1,1,0,0.12197296
11435,0,0,0,0.3006815
10076,1,0,1,1.5572634
6875,0,0,0,0.20428735
12941,0,0,0,0.21779796
8488,1,1,0,0.19988473
10056,0,1,1,1.2950187
7715,0,0,0,0.18285282
3172,0,0,0,0.14709854
5036,1,1,0,0.3826748
12406,1,1,0,0.26044938
9516,1,1,0,0.42241913
4327,0,0,0,0.17732939
12686,1,1,0,0.66424745
674,0,0,0,1.1181185
10939,0,0,0,0.33124533
12576,1,0,1,1.3166158
1419,0,0,0,0.2039867
8941,0,1,1,1.683626
3382,0,0,0,0.27877808
9800,1,0,1,1.8252133
6679,1,0,1,2.0367708
3861,0,0,0,0.5223253
7766,1,1,0,0.24598481
7396,0,0,0,0.23009905
12605,0,0,0,0.1714418
4934,0,0,0,0.20034175
5315,0,1,1,1.6688776
11730,1,0,1,1.6372215
2124,0,0,0,0.08237901
6275,1,1,0,0.25280032
73,1,1,0,0.1533249
10349,1,1,0,0.42824504
7081,1,1,0,0.21214733
379,1,0,1,0.74455106
14416,0,1,1,1.1670606
9993,1,1,0,0.20883061
6596,0,0,0,0.29907128
7876,0,0,0,0.16700077
4577,1,1,0,0.20305033
1971,0,0,0,0.5933381
12473,1,1,0,0.54696774
11710,1,1,0,0.18425073
3704,1,1,0,0.18689312
11964,1,1,0,0.15488534
16084,0,0,0,0.73283935
14311,0,1,1,1.4521451
1057,1,1,0,0.51341105
5672,1,0,1,1.3786204
3644,0,0,0,0.15397957
14518,0,0,0,0.3502895
145,1,0,1,1.9046988
618,0,0,0,0.45070225
309,1,1,0,0.18689717
5511,1,1,0,0.32734123
9404,0,0,0,0.34206483
14421,1,1,0,0.26102707
4854,1,1,0,0.30203092
16303,1,1,0,0.1806248
13953,1,0,1,1.5261838
186,0,1,1,1.6083302
9261,0,0,0,0.27313688
6594,1,1,0,0.20029579
13661,1,1,0,0.21459857
5252,1,1,0,1.2559577
3579,0,0,0,0.21489795
5381,1,1,0,0.63844943
1111,1,1,0,0.25367662
15463,1,1,0,0.26684836
1599,1,1,0,0.16087903
11403,1,1,0,0.3213734
390,1,0,1,1.9488302
9475,1,1,0,0.1648386
1960,0,0,0,0.18176474
15331,0,0,0,0.25732386
16004,1,1,0,0.21925434
6312,1,0,1,1.7946931
12172,0,0,0,0.30561972
16042,0,0,0,0.26425803
13089,0,1,1,1.9367774
889,1,1,0,0.14601585
6099,1,1,0,0.25708058
8769,1,1,0,0.37444973
11324,0,1,1,1.1026704
6793,1,1,0,0.17039539
826,1,1,0,0.42565954
7546,0,0,0,0.1428669
9871,1,1,0,0.1321043
2885,0,0,0,0.18745583
9308,1,0,1,1.0743887
10101,1,0,1,1.4503496
8993,1,1,0,0.15642327
5379,0,0,0,0.399155
13273,0,0,0,0.059914503
1262,0,0,0,0.30201834
5341,1,1,0,0.4058706
2658,0,1,1,1.7852373
1510,0,0,0,0.16523075
14790,0,0,0,0.8056137
4065,0,0,0,0.25757653
4267,0,0,0,0.23321903
10895,0,0,0,0.39636424
11133,1,1,0,0.41062626
15425,0,0,0,0.26714098
2866,0,0,0,0.17588298
15662,1,1,0,0.15857145
11069,1,1,0,0.1614376
4755,0,0,0,0.28524035
8067,0,0,0,0.14992972
10533,1,1,0,0.42708114
4728,1,1,0,0.13721684
1045,1,1,0,1.0243664
1657,1,1,0,1.0738037
1261,1,1,0,0.22070011
3934,0,0,0,0.18745476
9533,0,0,0,0.1467479
13246,1,1,0,0.3729543
12645,1,0,1,0.7794755
5489,1,0,1,1.1522881
16239,1,1,0,0.11610082
1828,1,1,0,0.20481005
6400,1,1,0,0.30605343
2764,0,0,0,0.2672032
2155,0,0,0,0.35448104
8282,0,0,0,0.14990148
11472,0,0,0,0.18836746
11185,1,1,0,0.32112914
6461,1,1,0,0.6908648
2567,1,1,0,0.21758863
13396,1,0,1,0.32505816
850,1,1,0,0.2658552
1881,0,0,0,0.16498843
3728,1,0,1,2.3356173
65,1,1,0,0.35373747
5102,1,1,0,0.16721703
12648,0,0,0,1.0009027
2536,0,0,0,0.37347573
16424,1,1,0,0.21404639
3818,1,1,0,0.24030368
15151,0,1,1,0.81951797
5881,0,1,1,1.5472857
2913,1,1,0,0.15109685
8642,0,0,0,0.10758945
7867,0,0,0,0.26266468
9769,1,0,1,1.494026
4602,0,1,1,2.1897423
4976,1,0,1,0.694691
15932,1,1,0,0.18177247
9270,0,0,0,0.22090842
1371,1,1,0,0.1980274
6501,1,1,0,0.20038167
3202,0,0,0,0.465228
2797,1,1,0,0.1325114
15544,1,1,0,0.4343378
9779,0,0,0,0.20271839
4727,1,1,0,0.50247306
15754,1,1,0,0.38358933
10714,0,1,1,1.972109
3723,1,0,1,1.30622
367,1,1,0,0.18138814
1031,0,0,0,0.27542225
11654,1,1,0,0.2663863
11592,1,1,0,0.08854042
9543,1,1,0,0.24476436
14065,0,0,0,0.2805749
2919,1,1,0,0.1307306
1113,0,0,0,0.09679899
680,1,1,0,0.2575741
232,0,1,1,1.7218809
11027,1,0,1,1.2553
15524,0,1,1,0.88209736
8955,1,1,0,0.26957566
11090,0,0,0,0.23156546
1101,1,0,1,1.4313974
137,1,0,1,1.0843248
13850,0,0,0,0.2917154
15748,0,0,0,0.2708474
12559,1,1,0,0.11205713
5880,1,1,0,0.112268865
5048,1,1,0,0.44915843
13592,1,1,0,0.14167985
991,0,1,1,0.46710676
3946,0,0,0,0.3067162
10813,1,1,0,0.2103038
9310,1,1,0,0.24385014
3057,1,1,0,0.25377813
7499,0,0,0,0.2133827
11369,1,1,0,0.1823214
7688,0,0,0,0.16603746
11992,1,1,0,0.1363129
16364,1,1,0,0.15950865
9564,0,0,0,0.34921953
8736,1,0,1,1.0628073
1651,0,0,0,0.40500268
13905,0,0,0,0.22921382
12668,0,0,0,0.3592778
677,1,1,0,0.115059234
15362,1,1,0,0.24311014
598,0,0,0,0.22447503
13603,0,0,0,0.38117337
9020,1,1,0,0.25466308
8404,1,1,0,0.4335487
15537,1,1,0,0.8242162
15534,1,1,0,0.18849641
15281,0,0,0,0.2214072
5083,1,1,0,0.13080183
7717,1,1,0,0.31926993
15236,1,1,0,0.15659322
15502,0,0,0,0.82374626
2085,1,1,0,0.13252321
3777,1,1,0,0.13595606
16430,1,1,0,0.26827756
14145,0,0,0,0.23858106
7894,1,1,0,0.23650742
14546,0,1,1,1.344343
9695,0,0,0,0.1813612
16163,1,0,1,1.5786414
1148,0,1,1,1.1284122
295,1,1,0,0.2801716
12483,1,0,1,1.03537
8995,0,1,1,1.798774
12405,0,0,0,0.0836883
1849,0,0,0,0.14514045
14033,1,1,0,0.15263182
8771,1,1,0,0.2952542
5203,0,0,0,0.23533876
3947,0,0,0,1.7333255
6205,0,1,1,1.3602991
10148,0,1,1,1.3046438
6353,0,0,0,0.9500872
15867,1,1,0,0.39075366
683,1,1,0,0.21195388
5454,0,1,1,1.145719
13180,1,1,0,0.1954139
8145,0,0,0,0.23007396
14886,0,0,0,0.39917958
8111,0,1,1,1.7540824
14342,0,1,1,1.2881585
7693,1,1,0,0.25711942
8535,0,1,1,1.0153449
3401,0,0,0,0.18159652
12873,0,0,0,0.23303159
1398,0,0,0,0.7491009
3996,1,1,0,0.22636843
7614,0,1,1,1.36114
903,1,0,1,0.51348925
6358,1,0,1,0.6440515
8387,0,0,0,0.2043886
5654,0,0,0,0.26164705
8756,1,1,0,0.23551235
10392,0,0,0,0.3471309
13091,0,0,0,0.19149694
3714,1,1,0,0.2058044
2688,0,1,1,1.0416164
1955,1,1,0,0.10809621
5509,1,1,0,0.101797506
9511,1,1,0,0.15552646
3746,1,1,0,0.15213712
9393,0,0,0,0.18524794
5693,1,1,0,0.6113216
6208,0,0,0,0.16253759
10082,0,0,0,0.16001791
9045,0,1,1,0.6756657
6203,1,1,0,0.14473362
13660,1,1,0,0.4559629
363,1,1,0,0.21918754
1416,1,1,0,0.21014863
4569,0,0,0,0.39753693
14239,0,0,0,0.32092988
6004,0,0,0,0.18839511
667,0,0,0,0.14092606
3189,0,0,0,0.27810597
6771,1,0,1,1.6128892
4570,0,1,1,1.334998
1618,0,0,0,0.53854215
15083,1,1,0,0.31653672
8584,0,0,0,0.29095402
11965,0,0,0,0.24636361
4350,0,1,1,1.2042924
13157,0,1,1,1.3115013
15428,1,0,1,0.88172585
5602,0,1,1,1.6789633
14230,1,1,0,0.17331433
1821,0,0,0,0.1401032
8401,0,0,0,0.15201485
12364,0,0,0,0.32751623
1812,0,1,1,1.3977857
6984,1,1,0,0.19808422
8686,1,1,0,0.13570483
15618,1,0,1,1.3641696
2487,0,0,0,0.642673
6268,1,0,1,1.8745365
4908,0,0,0,0.088521644
15886,0,0,0,0.19351593
9437,1,0,1,1.3432572
10556,1,1,0,0.18729432
10917,0,0,0,0.23138055
9214,1,1,0,0.07763207
12217,1,1,0,0.23328936
6323,1,0,1,1.4689486
5725,0,0,0,0.36044
6514,1,1,0,0.14022869
14355,1,1,0,0.27362838
12214,0,0,0,0.12632632
6553,1,1,0,0.46958402
8921,0,0,0,0.07840446
12647,1,1,0,0.22246325
13210,1,1,0,0.22991256
11160,0,0,0,0.3689507
810,1,1,0,0.2000856
2685,1,0,1,1.5565121
591,1,1,0,0.24973372
10862,0,0,0,0.29007614
7797,0,0,0,0.28885263
5374,0,1,1,1.5338769
2078,0,0,0,0.28858444
6678,1,1,0,0.1780248
12604,0,0,0,0.24393934
8425,1,1,0,0.17229898
15345,0,0,0,0.35074306
10800,0,0,0,0.3284987
816,0,1,1,0.8948884
7917,1,1,0,0.2872847
7599,1,0,1,0.70401573
2361,0,1,1,2.0537007
15569,0,0,0,0.44863695
3364,1,1,0,0.115730636
6545,0,0,0,0.22993766
3931,1,1,0,0.19877024
7138,0,1,1,1.932234
2660,0,0,0,0.16184844
7914,1,0,1,1.9675614
9246,1,1,0,0.22354592
11816,1,1,0,0.13963118
13717,1,1,0,0.34602824
1852,1,0,1,1.5012493
12045,0,0,0,0.1848286
4888,1,1,0,1.2834524
4859,1,1,0,0.4174643
3824,1,1,0,0.3919669
3853,0,0,0,0.20753564
15150,1,1,0,0.4629895
6217,0,0,0,0.4952057
327,0,0,0,0.36385712
9289,1,1,0,0.33117357
11259,0,0,0,0.33270475
12537,0,1,1,0.4832487
2135,1,1,0,0.19660811
1413,0,0,0,0.22344801
4456,0,0,0,0.4333477
1396,1,1,0,0.21354474
1072,0,1,1,1.2438407
3906,0,0,0,0.118521
892,1,0,1,1.7732574
11094,1,1,0,0.3580619
11030,1,1,0,0.28630877
12584,1,1,0,0.16563843
3764,0,0,0,0.2631662
7574,0,0,0,0.4643618
9158,0,0,0,0.15565602
612,1,1,0,0.7368418
14559,1,1,0,0.20465912
15557,0,1,1,1.6355844
13589,1,1,0,0.9897974
11987,1,1,0,0.42249888
14666,0,0,0,0.12140002
2653,0,0,0,0.0807982
4022,0,1,1,1.3973161
10233,0,1,1,1.3509469
11254,1,1,0,0.24560179
7091,1,1,0,0.29979992
10930,0,0,0,0.14454041
16106,0,0,0,0.3026693
1403,1,1,0,0.360458
10378,1,1,0,0.5204945
6074,1,0,1,1.5043101
4222,1,0,1,2.280985
12232,1,1,0,0.16071887
10753,0,0,0,0.2540138
10657,0,0,0,0.16694085
10871,1,1,0,0.11091125
6007,1,1,0,0.2858456
3054,1,0,1,1.2016492
13318,0,0,0,0.16159241
1913,1,0,1,1.2056317
12187,0,1,1,1.7696851
5915,1,1,0,0.25734875
2229,0,0,0,0.30395067
372,1,1,0,0.21328157
6508,0,0,0,0.18609715
217,0,0,0,0.09613121
12454,0,0,0,0.35355335
2780,0,0,0,0.10509059
7212,1,1,0,0.074878156
7584,0,0,0,0.2505003
6932,1,1,0,0.26344404
1268,1,1,0,0.22643937
189,0,0,0,0.18232696
2654,0,0,0,0.48260903
2327,0,0,0,0.32782638
158,0,0,0,0.5293497
9608,1,1,0,0.115694635
7067,1,1,0,0.38685855
10120,1,1,0,0.2177157
1512,1,1,0,0.14744548
9866,1,1,0,0.24777754
8194,0,0,0,0.32953525
5264,0,0,0,0.19565156
10975,0,0,0,0.21961993
15479,0,0,0,0.13137212
10513,1,1,0,0.22803962
8314,1,1,0,0.14568852
12186,0,0,0,0.21133322
1068,1,1,0,0.0657857
10386,0,0,0,0.18582883
10886,0,1,1,1.2629896
6441,0,1,1,1.8744042
10057,0,0,0,0.38735628
12927,0,0,0,0.31745335
16115,1,1,0,0.29445842
5093,1,1,0,0.1434132
11831,0,0,0,0.2868763
11813,0,0,0,0.26322556
15576,1,1,0,0.40202174
14959,1,1,0,0.4321552
4678,1,0,1,1.5355835
10837,0,0,0,0.41982767
5433,1,1,0,0.24590732
6427,1,1,0,0.9123291
2059,1,1,0,0.11373796
15745,1,1,0,0.19577876
2894,1,1,0,0.3667089
9918,1,1,0,0.3473282
5352,1,1,0,0.31472516
11910,0,0,0,0.10666037
7941,1,0,1,1.2926527
4475,1,1,0,0.17551088
11106,1,1,0,0.18946318
13705,0,0,0,0.46245414
15526,0,0,0,0.37166455
5898,1,1,0,0.13597699
12566,1,0,1,1.0583594
5595,1,1,0,0.2248962
1097,0,0,0,1.3539805
14212,0,0,0,0.1243772
13029,0,0,0,0.28493243
434,1,1,0,0.4932027
8522,1,1,0,0.22734186
14963,1,1,0,0.1438881
2805,0,1,1,0.62007296
7119,1,1,0,0.1982783
4813,1,1,0,0.19379784
1820,1,1,0,0.14507023
6644,0,0,0,0.331105
6075,1,1,0,0.25069004
3793,0,1,1,0.85814095
1197,0,0,0,0.2501633
12243,0,0,0,0.29744315
11822,1,1,0,0.39879006
2489,0,0,0,0.2530075
9697,0,0,0,0.4222464
14242,1,1,0,0.2327429
4789,0,0,0,0.5368453
506,0,0,0,0.13400894
5969,1,1,0,0.24808472
6637,0,0,0,0.21630266
15667,1,1,0,0.08427151
3578,1,1,0,0.26315644
10609,0,0,0,0.21568313
2727,0,0,0,0.15664662
8560,0,0,0,0.8057062
12208,0,0,0,0.2557035
1393,0,0,0,0.106734514
15729,1,1,0,0.67663085
12991,0,0,0,0.21499936
11542,0,0,0,0.32987106
1460,0,0,0,0.15733978
61,0,0,0,0.20258647
4666,0,1,1,1.3704476
15907,1,1,0,0.24207917
4479,0,0,0,0.07345106
13849,1,1,0,0.21224643
9258,0,0,0,0.2651015
2556,1,1,0,0.16045378
15545,1,1,0,0.17042264
11248,0,0,0,0.27949312
449,1,1,0,0.091503
12538,0,1,1,1.1235557
9730,1,1,0,0.4098883
5637,0,0,0,0.25530595
14557,1,1,0,0.20243508
10948,0,0,0,0.26525977
14842,1,1,0,0.24933486
6484,1,0,1,1.8863654
9096,0,0,0,0.118764624
3977,1,1,0,0.1611492
14339,1,0,1,1.6745677
2733,1,1,0,0.16692825
6921,1,0,1,1.2680502
4766,1,1,0,0.20048904
4517,0,1,1,0.6281335
11148,1,0,1,1.6729293
9976,1,1,0,0.26826504
6270,0,0,0,0.6811983
15229,0,1,1,1.3273295
2179,1,1,0,0.1125024
10842,0,0,0,0.1410092
15552,0,0,0,0.14362934
7958,0,0,0,0.20893934
2142,0,0,0,0.15282276
11676,0,1,1,1.3199092
357,0,0,0,0.1377115
9773,1,1,0,0.17642643
789,1,1,0,0.15071058
8935,1,1,0,0.19226038
2998,1,1,0,0.2587104
4427,0,0,0,0.41018623
6634,0,1,1,0.9085847
1116,1,1,0,0.10802345
14188,0,0,0,0.28463864
12703,0,1,1,1.6715612
15968,0,0,0,0.19234341
2789,1,1,0,0.8564066
6160,0,1,1,2.0403807
8764,1,1,0,0.15558481
5293,0,0,0,0.21152242
2082,1,1,0,0.26142058
51,1,0,1,1.5711389
8778,1,0,1,1.9150529
15260,1,1,0,0.24904373
2852,1,0,1,1.4672208
1033,1,0,1,1.3869877
234,1,1,0,0.5128318
2646,0,0,0,0.12546046
1162,1,1,0,0.053811304
10136,1,0,1,2.0998168
14121,1,1,0,0.27746353
9519,1,1,0,0.8004007
8066,1,1,0,0.09345466
5953,0,0,0,0.31947502
3420,0,0,0,0.12860839
15030,1,0,1,0.6872654
1508,1,1,0,0.11663797
10399,0,1,1,1.2857901
12234,1,1,0,0.6374749
11441,0,0,0,0.19369677
3183,1,1,0,0.21598497
12591,0,0,0,0.12508875
431,0,0,0,0.19558008
6032,0,0,0,0.096977316
4653,0,1,1,1.4818872
7628,1,0,1,0.4793242
12882,1,1,0,0.28198624
2491,0,0,0,0.19640547
12915,1,1,0,0.49008977
16232,1,1,0,0.12827826
10905,0,0,0,0.4015788
3517,0,0,0,0.14735083
5794,0,0,0,0.09848619
7970,1,1,0,0.24360727
14610,1,0,1,1.1869969
5231,0,0,0,0.39837274
658,0,1,1,2.165432
6991,1,1,0,0.34214497
10325,1,0,1,1.2028476
3371,0,0,0,0.38999155
12851,1,1,0,0.3394476
2625,0,0,0,0.29925978
7793,1,1,0,0.61556387
15276,0,0,0,0.44487947
10721,1,1,0,0.23406024
12588,1,0,1,2.3664827
10025,0,0,0,0.28860703
14570,0,1,1,1.7303847
5839,0,0,0,0.75692725
9102,1,1,0,0.44448203
2791,1,1,0,0.2589074
1666,1,1,0,0.113761246
908,1,1,0,0.18639046
6271,0,0,0,0.6050277
9133,1,0,1,1.5520953
479,0,0,0,0.18944259
10760,1,0,1,1.760464
6795,1,1,0,0.26779348
11690,1,1,0,0.23825975
10641,1,1,0,0.20996766
5320,0,0,0,0.19805147
1583,1,0,1,1.5096447
6818,1,1,0,0.24778974
15193,1,1,0,0.9114113
6091,1,1,0,0.24302638
14951,1,1,0,0.15679044
15525,1,1,0,0.25275895
7298,1,0,1,2.120912
13998,0,0,0,0.18213551
381,1,1,0,0.29942963
3195,1,0,1,0.33434454
12585,0,1,1,1.3323739
2773,1,1,0,0.21973072
12399,0,0,0,0.28510204
13895,0,0,0,0.14907612
13488,0,0,0,0.3930093
12843,0,0,0,0.5459431
6257,1,1,0,0.15439278
3353,1,1,0,0.122018114
16277,1,1,0,0.302359
8602,1,1,0,0.22175553
12445,0,0,0,0.13433908
1582,1,1,0,0.06562182
1226,0,0,0,0.5461501
1997,1,1,0,0.09979982
16052,0,0,0,0.13667794
8156,1,1,0,0.19054808
16250,0,1,1,0.99679273
5276,0,0,0,0.25389785
7308,0,0,0,0.47830665
1024,0,0,0,0.2581118
10718,0,0,0,0.075932704
15997,0,0,0,0.61911035
6242,0,1,1,1.6293154
2801,1,1,0,0.16827855
11995,1,0,1,1.0118117
1635,1,1,0,0.26443925
12669,1,1,0,0.9769225
7697,0,1,1,2.0353475
3373,1,1,0,0.20060544
7820,0,0,0,0.110437624
352,1,1,0,0.2889883
9504,1,1,0,0.17359915
2381,0,0,0,0.38051715
8195,0,0,0,0.31289625
9119,1,1,0,0.13619992
13836,1,1,0,0.5473617
15146,0,0,0,0.43474892
11863,0,1,1,1.9898305
16253,1,1,0,0.22849533
3118,1,1,0,0.19461662
11157,1,1,0,0.36457354
13350,0,0,0,0.694999
6960,0,0,0,0.39198145
12082,1,1,0,0.26371315
14693,1,1,0,0.30025795
1439,1,1,0,0.3102092
15548,1,1,0,0.28842613
5432,0,0,0,0.35779396
779,1,0,1,1.4568827
6778,1,1,0,0.18209785
14585,1,1,0,0.22203374
12688,0,0,0,0.16632469
6742,1,1,0,0.52330214
8864,0,0,0,0.33768895
15304,0,0,0,0.43203083
9899,0,0,0,0.21995664
6724,0,0,0,0.28798488
5123,1,1,0,0.13192849
2243,1,1,0,0.30072466
4516,1,1,0,0.25631386
10766,1,1,0,0.21103041
12081,0,0,0,0.16271654
1983,1,1,0,0.22132207
7481,0,0,0,0.3279677
10430,0,0,0,0.27271032
14301,0,0,0,0.20204313
14327,1,1,0,0.51283956
178,1,1,0,0.36638424
15252,0,0,0,0.28486407
7578,1,1,0,0.17741123
3133,1,1,0,0.114511676
565,0,0,0,0.63305676
14429,0,0,0,0.25702688
15889,0,0,0,0.3094633
962,1,1,0,0.09270653
5706,0,0,0,0.3411843
7416,0,0,0,0.20341349
6697,1,1,0,0.30500576
44,1,1,0,0.367701
13427,0,1,1,1.4368048
6915,0,1,1,1.3166718
10242,1,1,0,0.16101699
2231,0,1,1,1.6380013
2028,1,1,0,0.22690955
4021,1,1,0,0.18689324
7388,0,0,0,0.73281145
12603,0,1,1,1.358581
7982,1,0,1,1.3699851
12347,0,0,0,0.17667893
5300,0,0,0,0.410728
8906,1,1,0,0.109709255
8767,1,0,1,0.6662982
4662,0,0,0,0.1756271
15162,0,0,0,0.44684038
9729,0,0,0,0.1807041
5964,1,1,0,0.10245978
15219,1,1,0,0.1697567
13053,1,0,1,1.4771472
1309,0,0,0,0.43427187
14463,0,1,1,1.3126749
13347,1,0,1,1.5255233
8080,0,0,0,0.38589823
13340,0,0,0,0.19475016
15393,1,1,0,0.31471473
1718,0,0,0,0.28728887
8016,1,0,1,2.1166162
13003,1,0,1,2.1173515
4229,1,0,1,1.7165868
14520,1,0,1,1.301215
967,0,0,0,0.2565538
11586,0,1,1,1.8328832
10182,1,1,0,0.10976052
5750,0,0,0,0.16751379
9600,1,0,1,1.126945
4532,1,1,0,0.20724395
11215,1,1,0,0.13206013
4114,1,1,0,0.6248826
4306,1,1,0,0.17128551
2175,0,0,0,0.16021627
10296,0,0,0,0.3553461
4555,0,1,1,0.77385074
12636,1,0,1,1.2975205
7633,0,0,0,0.3004493
13397,1,1,0,0.10948779
10664,0,0,0,0.20939322
11357,0,0,0,0.28799185
11578,0,0,0,0.4268212
9067,1,1,0,0.1672736
13401,0,0,0,0.3181949
561,0,0,0,0.17435458
310,1,0,1,1.9706972
13274,1,0,1,1.6441389
9408,0,0,0,0.20310977
9906,0,0,0,0.22405541
12905,0,0,0,0.34851244
9253,0,0,0,0.14375737
8755,0,1,1,1.574876
968,0,0,0,0.1587814
7171,1,0,1,0.65706074
9292,1,1,0,0.498271
5445,1,1,0,0.25792566
4747,1,0,1,1.8805907
14793,0,0,0,0.45796877
491,1,0,1,1.6074274
1842,1,1,0,0.15972815
11640,0,1,1,2.173803
16496,0,0,0,0.2547211
7840,1,1,0,0.11611928
3669,1,1,0,0.18126534
913,1,1,0,0.2714836
3349,1,1,0,0.23423636
14756,1,1,0,0.39729866
3451,1,1,0,0.18374513
6449,0,1,1,1.4189057
10167,1,1,0,0.23230572
3487,1,1,0,0.17339641
4697,1,1,0,0.20922273
2509,1,1,0,0.22406606
7240,0,0,0,0.3441894
12885,1,1,0,0.2578662
15993,1,1,0,0.19343667
16488,0,0,0,0.53611517
7026,1,1,0,0.13322869
7515,1,0,1,1.6453129
14161,1,0,1,1.0687416
13886,0,0,0,0.2845791
6316,0,0,0,0.2229216
14343,0,0,0,0.30358192
14442,1,1,0,0.47657526
14225,0,0,0,0.097822145
2745,0,0,0,0.23790434
5434,1,1,0,0.41649526
12274,0,0,0,0.44307443
4715,1,1,0,0.22824857
14502,0,1,1,2.4510553
2478,0,1,1,2.1444476
998,1,1,0,0.18119046
10483,0,0,0,0.20796683
7973,0,0,0,0.47413182
1546,0,0,0,0.095078245
12908,1,0,1,1.5402244
1451,1,0,1,1.3295046
13865,0,1,1,0.93342566
907,1,1,0,0.18719578
13123,0,0,0,0.3985564
13073,0,0,0,0.30458918
5011,0,0,0,0.15922943
3951,1,0,1,1.1715156
15424,0,0,0,0.19548255
336,0,0,0,0.09709273
7586,0,1,1,1.8594317
1537,0,0,0,0.2584998
8032,0,0,0,0.5327312
14328,0,1,1,1.203443
13370,0,0,0,0.21046384
1661,0,0,0,0.19374724
3128,0,0,0,0.20894156
5371,1,1,0,0.45574623
9098,1,1,0,0.14714414
2052,0,0,0,0.26647654
13153,1,1,0,0.5937479
5760,0,0,0,0.17213029
369,1,1,0,0.13096948
9337,0,0,0,0.4241414
5060,0,0,0,0.6556335
11983,0,0,0,0.19002956
9112,1,1,0,0.48140293
5022,0,0,0,0.245832
7491,1,0,1,0.80668885
7539,1,0,1,1.3924707
9048,0,0,0,0.34201652
6726,0,0,0,0.35185248
16291,1,1,0,0.15807591
10354,0,1,1,1.5224986
14791,0,0,0,0.19823022
9202,0,0,0,0.18966575
14007,1,1,0,0.28117412
1198,1,0,1,1.2312789
1703,0,0,0,0.118407704
1548,0,0,0,0.31526896
1221,1,1,0,0.22867668
1840,0,0,0,0.28170764
13440,0,0,0,0.14754783
8697,0,0,0,0.30607045
7063,1,1,0,0.1361268
12166,0,1,1,2.0264983
3563,1,1,0,0.2609459
3948,0,0,0,0.16933611
12894,1,1,0,0.3956229
5230,0,0,0,0.3574964
5689,1,1,0,0.1133471
14091,1,1,0,0.07766428
3650,1,1,0,0.19876234
15430,1,1,0,0.39552164
16325,0,0,0,0.11420365
6249,1,1,0,0.18634278
3152,1,1,0,0.14596546
8854,0,1,1,1.838409
16426,1,1,0,0.1438852
1691,1,1,0,0.2080953
3595,0,0,0,0.37130085
3261,0,0,0,0.21681952
6536,0,0,0,0.40685967
1428,1,1,0,0.31146842
8017,0,0,0,0.17300163
2948,1,1,0,0.19226323
9433,1,1,0,0.24011143
15129,1,0,1,1.507012
16107,1,1,0,0.10150136
8734,1,0,1,2.2614756
12742,1,1,0,0.20226827
8170,1,1,0,0.17863421
5809,1,1,0,0.45613667
6058,1,1,0,0.8385326
10498,0,0,0,0.3024384
260,1,1,0,0.12331522
7126,1,1,0,0.20157988
15498,1,1,0,0.29829553
15975,1,0,1,1.8189095
3989,0,0,0,0.9482273
1530,0,0,0,0.18721713
10604,1,1,0,0.8170741
10951,0,0,0,0.35874632
14613,1,1,0,0.17062628
6405,0,0,0,0.26325744
13131,0,0,0,0.7507224
13059,0,0,0,0.14808542
15134,0,1,1,1.1958897
10796,1,1,0,0.37687945
5375,1,1,0,0.33124208
7720,0,0,0,0.09955674
7659,0,1,1,1.3424665
12644,0,0,0,0.43693373
14106,0,0,0,0.13890749
15500,1,1,0,0.386502
15404,1,1,0,0.20289804
1592,0,0,0,0.15062262
10337,0,1,1,0.820205
16182,1,1,0,0.13479495
793,1,1,0,0.46886373
11384,1,1,0,0.19968206
1991,1,1,0,0.16158499
1603,0,0,0,0.23951273
8985,1,1,0,0.46751553
8464,1,1,0,0.2986461
9783,0,1,1,1.2732494
14274,1,0,1,0.42512223
5447,0,0,0,0.18390848
4724,0,0,0,0.31791243
12572,1,0,1,0.50804174
3939,0,0,0,0.18644895
13114,1,1,0,0.12173244
13910,1,1,0,0.49258086
11661,0,0,0,0.45565972
13489,0,0,0,0.18340361
11313,0,0,0,0.24795598
7110,0,0,0,0.19043091
7503,1,1,0,0.052779745
11718,0,0,0,0.1657758
10359,0,0,0,0.100649394
10476,0,1,1,1.8192112
693,1,0,1,0.66937315
16193,1,0,1,0.98848855
13147,0,0,0,0.23057485
4106,0,0,0,0.21932529
3510,0,0,0,0.45704603
3472,1,1,0,0.4183823
13707,0,0,0,0.13446665
12441,0,0,0,0.16605078
11913,0,0,0,0.11149768
5906,0,0,0,0.24797402
4631,1,1,0,0.43110105
4224,0,1,1,0.9150579
10940,1,1,0,0.2311471
3370,0,1,1,1.8052491
16367,0,0,0,0.23054247
5758,0,0,0,0.1608967
4882,0,0,0,0.5012889
4092,1,1,0,0.12234242
4847,1,0,1,1.5069933
9055,0,0,0,0.18418072
153,0,0,0,0.23724079
15941,0,0,0,0.20495234
5330,0,0,0,0.22784571
2015,0,1,1,1.277544
13475,1,1,0,0.10372629
11777,1,1,0,0.0720461
7423,1,1,0,0.31512925
1106,0,0,0,0.23498861
5822,0,0,0,0.17738348
10220,0,0,0,1.098366
2,1,1,0,0.16120093
5594,0,0,0,0.18018168
6495,0,1,1,0.83421737
10732,1,1,0,0.27727795
14141,1,0,1,0.82635474
14257,0,0,0,0.38435748
7056,1,1,0,0.23860961
14547,1,1,0,0.20759222
13428,1,1,0,0.27696055
4048,1,1,0,0.13842629
11477,1,1,0,0.24185257
14011,0,0,0,0.1787102
8509,0,0,0,0.15225884
1504,0,0,0,0.48237753
15564,0,1,1,2.8069263
15080,1,1,0,0.21067312
14594,0,0,0,0.64976627
5609,0,1,1,2.6489031
8339,1,1,0,0.13609734
1921,1,0,1,2.1795487
12880,0,0,0,0.19820507
7415,1,1,0,0.17972831
12890,1,0,1,0.9840474
12619,1,1,0,0.24486794
6877,0,0,0,0.3298008
4646,1,0,1,1.3822055
15913,1,1,0,0.34298432
15864,0,0,0,0.3137339
4242,0,0,0,0.6472
3158,0,0,0,0.33776966
5740,0,0,0,0.22329392
102,1,1,0,0.07995526
4213,0,0,0,0.17195153
9179,0,0,0,0.30047426
6552,0,0,0,0.27823994
16319,1,1,0,0.42947528
6290,1,1,0,0.28797346
15768,0,0,0,0.14911
12244,1,1,0,0.21362199
9419,0,0,0,0.2888972
1224,1,1,0,0.2421935
5792,1,1,0,0.44613117
3461,1,1,0,0.13741012
1418,0,0,0,0.16406737
15861,0,0,0,0.17017953
6129,1,1,0,0.23848057
8141,0,0,0,0.2137355
16271,0,0,0,0.09870654
14319,0,0,0,0.19299123
1848,0,1,1,1.5673097
10526,1,1,0,0.2012098
5559,1,1,0,0.23303036
11659,0,0,0,0.30079156
12439,0,0,0,0.3819177
3091,1,1,0,0.46417263
11856,1,0,1,1.5065687
5858,0,0,0,2.0498915
12333,0,0,0,0.13788235
1670,1,1,0,0.24871437
8679,1,1,0,0.18682548
1051,1,1,0,0.8340324
3486,0,0,0,0.13869976
11474,0,0,0,0.2799504
1326,0,0,0,0.21072815
10682,1,1,0,0.12405819
15877,1,0,1,1.7857754
12066,0,0,0,0.11480845
572,1,1,0,0.18517923
16238,0,0,0,0.19330893
6288,1,0,1,1.6542051
9081,0,0,0,0.26871932
6025,1,1,0,0.28011718
5713,0,0,0,0.766226
837,0,0,0,0.32506764
2262,1,1,0,0.36591807
1306,0,0,0,0.21095397
9612,0,0,0,0.12612216
4171,1,1,0,0.1737637
6641,1,1,0,0.26232526
10647,0,0,0,0.19683254
9105,1,1,0,0.18410307
13013,0,0,0,0.33206114
16368,1,1,0,0.24002542
3236,1,1,0,0.16230951
1614,0,0,0,0.090528674
1100,0,0,0,0.3415708
8748,0,0,0,0.26879767
13688,0,0,0,0.180223
3241,1,1,0,0.22551377
9385,0,0,0,0.25270793
13838,1,1,0,0.24534532
12113,0,0,0,0.1531593
14825,0,1,1,1.2748262
297,1,1,0,0.21036561
10478,1,0,1,1.8236578
10112,1,1,0,0.1512269
13615,1,1,0,0.10855437
2515,0,1,1,1.065257
8058,0,0,0,0.45017558
10530,1,1,0,0.4806068
2794,0,0,0,0.16878901
9510,0,0,0,0.28175002
2043,0,0,0,0.45203668
13839,0,0,0,0.22980446
5018,1,1,0,0.21877745
15481,0,0,0,0.3200498
9764,0,1,1,1.2561427
14858,0,0,0,0.33903712
12956,0,0,0,1.0263271
7267,0,1,1,1.1849823
3659,1,1,0,0.21216854
10574,0,0,0,0.2091352
3592,0,1,1,1.5025649
1304,0,1,1,1.8003266
13169,1,1,0,0.30946305
9472,0,0,0,0.30927747
7772,0,0,0,0.073881954
14074,0,0,0,0.22730966
3919,1,1,0,0.17873132
1165,0,0,0,0.3169012
11045,1,1,0,0.116970696
2641,1,0,1,1.6748474
9410,1,0,1,1.679117
13935,0,0,0,0.2041997
490,0,0,0,1.3269358
141,1,1,0,0.1662
7993,0,1,1,1.4471029
9573,1,1,0,0.6581805
6192,1,1,0,0.3669576
3396,0,1,1,1.2740517
6145,1,1,0,0.13790353
14970,0,0,0,0.3319259
8924,1,1,0,0.20963305
12924,1,1,0,0.37380993
912,0,0,0,0.19197215
8826,1,1,0,0.17876372
16349,0,0,0,0.18870795
15051,1,1,0,0.3500447
16263,0,0,0,0.6973181
3153,0,0,0,0.24660428
12012,0,0,0,0.30656427
2099,1,1,0,0.25120908
6394,0,0,0,0.8503413
8454,1,1,0,0.3781561
5945,1,0,1,1.3796775
7822,0,0,0,0.39267975
4630,0,0,0,0.1328724
15104,1,1,0,0.42432496
5990,0,0,0,0.1732649
11231,0,1,1,1.1993506
14062,0,0,0,0.20319705
5159,0,1,1,1.484158
13663,0,0,0,0.21912575
7252,0,1,1,0.63422614
9518,0,0,0,0.35544288
15593,1,1,0,0.22031163
13846,1,1,0,0.14527334
12427,1,1,0,0.10286191
289,1,0,1,1.6170866
9832,1,1,0,0.12965462
3400,0,0,0,0.8454024
16205,0,0,0,0.2926837
9787,0,0,0,0.32117406
11510,0,0,0,0.13990588
216,0,0,0,0.13649158
16175,0,0,0,0.18868318
14093,0,0,0,0.11424724
8467,0,1,1,1.3293406
7775,1,0,1,1.1713339
9824,1,1,0,0.14326571
9512,0,1,1,1.1252999
7254,0,0,0,0.59842104
10026,1,1,0,0.76884365
5488,0,1,1,1.6671904
4892,1,1,0,0.31602412
12630,0,0,0,0.11230062
12418,1,0,1,0.30353943
6252,1,1,0,0.1647285
1756,1,1,0,0.16897123
3851,0,0,0,0.16554862
10519,1,0,1,2.0355167
11878,0,0,0,0.18101083
12449,1,0,1,1.3568249
15109,1,1,0,0.33131185
1528,1,1,0,0.22190101
7588,0,1,1,1.7472203
7756,1,1,0,0.127606
9052,0,0,0,0.17109565
16332,0,1,1,1.5878516
5008,0,0,0,0.2557531
2165,1,1,0,0.24176991
4995,1,1,0,0.16243497
242,0,1,1,1.6032755
11767,0,0,0,0.17360094
2382,1,0,1,1.3583548
1283,0,0,0,0.1780315
8636,1,1,0,0.15613514
10639,0,0,0,0.111004494
662,1,1,0,0.19293861
48,1,1,0,0.29391372
10001,1,1,0,0.30888566
15173,0,0,0,0.38025296
12029,1,1,0,0.2969792
8711,0,0,0,0.7285283
7658,1,1,0,0.20079708
12832,1,1,0,0.195881
16419,1,1,0,0.5051441
694,0,0,0,0.27565157
5620,0,1,1,1.0422841
15025,0,0,0,0.1941208
10102,0,0,0,0.19918665
3175,1,1,0,0.4327715
4399,0,1,1,1.4309858
11284,1,1,0,0.18564448
14596,0,0,0,0.54134476
9517,0,0,0,0.19504096
10158,1,1,0,0.1408631
12568,1,1,0,0.2426068
6380,1,1,0,0.119378746
7307,1,1,0,0.1951147
12128,1,1,0,0.91529
5544,0,0,0,0.08503792
15416,0,0,0,0.21764414
12484,0,0,0,0.524626
15948,1,0,1,1.5091815
8183,0,0,0,0.39504185
7854,0,0,0,0.13916744
7583,0,0,0,0.53263843
3287,0,0,0,0.62929887
3308,0,0,0,0.29050925
15358,0,0,0,0.29140976
11088,1,1,0,0.40095934
7280,0,0,0,0.25119907
6566,1,1,0,0.24107455
15595,0,0,0,0.34900913
175,1,1,0,0.3068778
10913,0,0,0,0.3260867
11251,1,1,0,0.23859647
14358,1,1,0,0.31420505
2681,1,1,0,0.83605367
996,1,1,0,0.15531705
6059,0,1,1,1.854521
4799,0,0,0,0.27524483
9535,0,1,1,0.95325804
9144,0,0,0,0.29869476
10755,0,0,0,0.17225312
6500,1,1,0,0.3706346
3670,1,1,0,0.14054134
4130,1,1,0,0.581098
16382,0,0,0,0.2564579
11969,0,0,0,0.2518564
906,1,1,0,0.26185212
6602,1,0,1,0.61673397
13504,0,0,0,0.31953368
6426,0,0,0,0.47905222
124,0,0,0,0.2206397
13346,1,1,0,0.22934814
743,0,1,1,1.7341936
7111,0,0,0,0.26681376
15759,0,1,1,1.8816425
12579,0,0,0,0.2583085
6106,0,0,0,0.1146944
9372,0,0,0,0.19249071
11531,1,0,1,1.9456792
725,1,1,0,0.2715331
12733,1,1,0,0.8028326
10665,1,1,0,0.18785791
15718,0,1,1,1.4705043
9497,1,1,0,0.26365772
14023,1,0,1,0.19297607
15986,0,0,0,0.38599378
12058,0,1,1,1.958139
14931,1,1,0,0.2018289
7749,0,0,0,0.23616889
12027,1,1,0,0.08331491
4143,0,1,1,1.4377855
8869,1,0,1,2.955909
14861,1,1,0,0.0791812
16249,0,0,0,0.40718725
16408,0,0,0,0.16834554
6939,1,1,0,0.225761
6720,1,0,1,0.9446274
678,0,0,0,0.22743616
15033,1,1,0,0.15920594
15002,0,0,0,0.20993614
10129,1,1,0,0.3609885
3060,0,0,0,0.14232215
7650,0,1,1,1.5924907
13310,0,0,0,0.17874578
9479,1,1,0,0.17287818
5218,1,1,0,0.12775888
14258,0,0,0,0.2723508
15632,1,1,0,0.12845933
12123,1,1,0,0.20630527
10207,0,0,0,0.3076478
3424,0,1,1,1.2876661
1456,0,0,0,0.23024489
6246,1,1,0,0.14202258
2306,1,1,0,0.19822532
15487,0,0,0,0.062353536
9127,0,0,0,0.19937769
5998,1,1,0,0.077327244
16078,1,1,0,0.16025649
6302,0,0,0,0.13927583
9085,0,0,0,0.13868546
11250,1,1,0,0.13592608
14142,0,0,0,0.35151955
3262,0,0,0,0.12892912
12930,1,1,0,0.1079175
1946,1,1,0,0.56647384
3960,0,0,0,0.49292624
10027,0,0,0,0.23878284
72,1,0,1,0.6840097
15945,0,0,0,0.21028079
1184,0,0,0,0.24878308
9741,1,1,0,0.17688161
14042,0,1,1,1.0651388
8318,1,1,0,0.20571753
3575,1,1,0,0.23350279
11523,1,1,0,0.51852405
8797,0,1,1,0.9952054
13893,0,0,0,0.45600832
10687,0,1,1,1.2187275
4134,1,0,1,0.9220087
6000,0,0,0,0.11145449
9887,0,0,0,0.36772478
1974,1,1,0,0.5480447
2293,1,1,0,0.67977643
5605,0,1,1,1.2301612
16150,1,1,0,0.35600558
1693,1,1,0,0.8581586
13372,1,1,0,0.38840073
11630,0,1,1,1.3794562
12111,1,1,0,0.7234489
15536,0,1,1,0.391047
5376,0,1,1,2.0092063
14222,0,0,0,0.25087157
529,0,0,0,0.31747139
11138,0,0,0,0.3006032
5530,0,0,0,0.60891944
7629,1,1,0,0.14060329
872,0,0,0,0.09483064
2029,1,0,1,0.8959592
6122,0,0,0,0.25617096
15018,1,1,0,0.3144192
4385,0,0,0,0.29392684
10384,1,1,0,0.48202538
15560,0,0,0,0.65789366
3732,1,1,0,0.08110197
6629,1,1,0,0.1426881
1332,1,0,1,2.474631
10587,1,1,0,0.2528043
5783,1,1,0,0.2809945
12962,0,0,0,0.5039724
12246,1,0,1,1.9323575
12654,1,1,0,0.57710224
4190,0,0,0,0.08128267
2385,1,0,1,0.4189666
1598,1,1,0,0.24221857
14235,1,1,0,0.17337778
9243,0,0,0,0.08003922
3866,0,1,1,1.5946429
9676,0,0,0,0.13567144
10258,0,0,0,0.40088287
1721,0,0,0,0.97839224
13328,0,0,0,0.1711029
6281,0,1,1,2.0327456
13903,0,0,0,0.37732005
8665,1,1,0,0.5377437
10488,0,0,0,0.34922123
13362,0,0,0,0.33993113
13416,1,1,0,0.3597194
11914,0,0,0,0.30169237
4480,1,1,0,0.1939794
10605,1,1,0,0.24059331
4046,1,1,0,0.18500488
10784,1,1,0,0.6714963
9812,0,0,0,0.33411592
2340,1,1,0,0.16140871
511,1,0,1,1.3446089
8870,1,0,1,0.77862966
9627,0,0,0,0.25190726
10303,0,0,0,0.17957969
15991,1,1,0,0.10149082
4316,1,1,0,0.18160577
3014,1,1,0,0.34499848
4515,0,0,0,0.26119876
11140,0,0,0,0.19133115
885,1,1,0,0.2136343
3395,0,0,0,0.54613614
13021,1,1,0,0.45714772
2180,0,0,0,0.19967408
5876,0,0,0,0.25312197
3760,0,0,0,0.26094773
3713,1,1,0,0.16876402
8217,0,0,0,0.09307458
7698,1,1,0,0.33660474
4891,1,1,0,0.14440475
12837,1,1,0,0.2730095
5058,0,0,0,0.2203119
5223,1,1,0,0.12519427
13621,1,1,0,0.27091584
7088,1,1,0,0.16536738
8030,0,0,0,0.36971888
15453,1,1,0,0.21654797
6979,1,0,1,1.0017431
3774,0,0,0,0.19822259
9919,0,0,0,0.23405696
15349,0,0,0,0.13228908
4357,1,1,0,0.34994587
12107,0,1,1,1.671016
3694,1,1,0,0.21120003
9163,1,1,0,0.28116676
13569,1,0,1,1.7708207
6532,0,0,0,0.39229813
4604,0,0,0,0.15708826
8638,0,0,0,0.20599116
14764,0,0,0,0.20953108
15055,0,0,0,0.3464875
14876,0,1,1,1.9197611
6412,1,1,0,0.33935717
11239,0,0,0,0.23806968
10254,1,0,1,1.1932957
12084,1,1,0,0.10800225
388,0,1,1,1.5542295
5940,1,1,0,0.16723962
10872,1,0,1,1.5570931
7619,0,0,0,0.3011195
4596,0,0,0,0.20986038
8754,0,0,0,0.15569165
354,1,1,0,0.22826985
10040,0,0,0,0.18069457
8057,0,1,1,1.0365647
13113,0,0,0,0.26297602
156,1,1,0,0.294313
13222,1,1,0,0.68270737
4369,1,1,0,0.22166418
3440,0,1,1,1.3108333
2950,1,1,0,0.2540869
15676,0,1,1,1.7316532
1855,0,0,0,0.27276263
9460,1,1,0,0.19529839
1612,0,0,0,0.1734376
9025,0,0,0,0.1627222
5717,0,0,0,0.24735343
6317,0,0,0,0.39426047
14836,1,1,0,0.2182874
13058,1,1,0,0.34146556
8115,0,0,0,0.1694947
5766,0,0,0,0.15625791
9553,0,1,1,1.0474484
9696,1,1,0,0.26289335
8669,0,0,0,0.15210004
4647,1,1,0,0.16804518
6292,0,0,0,0.2361043
13909,1,1,0,0.17736772
13463,0,0,0,0.18152912
4549,0,0,0,0.30991825
1877,0,0,0,0.3034584
2900,0,0,0,0.15218225
10915,0,0,0,0.16686872
3568,1,1,0,0.31248352
3806,0,0,0,0.32902288
2596,1,1,0,0.19562441
11811,1,1,0,0.14515087
3383,1,1,0,0.17308424
3944,0,1,1,1.6009352
11605,0,0,0,0.1807421
11639,0,0,0,0.26201442
11043,0,0,0,0.14231564
10878,0,0,0,0.14773417
13545,1,1,0,0.47815
13414,1,1,0,0.51267284
11078,0,1,1,1.5195687
5841,0,0,0,0.17219894
14948,0,0,0,0.23508729
12785,1,0,1,1.5243628
6448,0,0,0,0.1784274
12496,1,1,0,0.16362444
5431,0,0,0,0.24230166
3408,0,1,1,1.134695
10189,0,0,0,0.22883296
6041,0,0,0,0.25695732
13825,1,1,0,0.3512155
7526,1,1,0,0.25770056
2425,1,0,1,2.3282459
7077,1,1,0,0.233846
202,1,1,0,0.102894396
9260,1,1,0,0.13805835
753,0,0,0,0.2065384
3654,1,1,0,0.14578022
11442,0,0,0,0.3844285
453,0,0,0,0.42646888
7934,1,1,0,0.37608433
7459,0,1,1,1.3582664
10537,0,1,1,1.1723061
8008,1,1,0,0.3248382
5456,0,0,0,0.655546
3363,0,1,1,1.9570419
1900,1,1,0,0.36235905
650,0,0,0,0.19464393
3187,0,0,0,0.10727747
8951,1,1,0,0.19313656
14360,0,0,0,0.20706515
8024,1,1,0,0.19409387
5025,0,1,1,1.2742691
1009,0,0,0,0.16452335
12949,1,1,0,0.2641936
14885,1,1,0,0.33582717
16132,0,1,1,0.7330931
879,1,0,1,1.6251996
8035,0,1,1,1.0092539
10028,1,1,0,0.3557652
94,0,0,0,0.26229995
3910,0,0,0,0.14546725
1095,0,0,0,0.17739587
11325,0,0,0,0.23780733
7040,0,1,1,1.6906624
864,1,1,0,0.17882651
7609,1,1,0,0.12637633
2154,1,1,0,0.22774948
6653,1,1,0,0.26302114
3303,1,0,1,1.338387
2040,0,0,0,0.20623572
12609,0,0,0,0.17401586
5890,0,0,0,0.22000848
13355,0,0,0,0.15865993
2320,1,1,0,0.21607009
4349,0,0,0,0.193755
6418,1,1,0,0.8739363
6837,1,1,0,0.21274343
13747,0,1,1,1.4264418
14285,1,1,0,0.19403802
6791,1,1,0,0.27287748
8646,0,0,0,0.58510655
8653,1,1,0,0.33381775
12438,0,0,0,0.18965618
2272,1,1,0,0.23816255
2467,1,1,0,0.40311489
9211,1,0,1,1.0378551
5826,0,0,0,0.36017424
9845,1,1,0,0.5107287
4223,1,1,0,0.6098023
11147,0,1,1,1.7456453
1827,0,1,1,1.0842173
4834,0,1,1,0.71762884
8628,0,0,0,0.13239121
2924,0,0,0,0.21652725
11195,0,0,0,0.3909884
5145,0,0,0,0.20649938
1640,1,1,0,0.1763193
11516,0,1,1,1.9402903
10020,0,1,1,1.741405
11291,0,0,0,0.7842092
9667,0,0,0,0.2481972
1465,1,1,0,0.23792689
9942,0,0,0,0.21296774
443,1,0,1,1.6663246
16151,0,0,0,0.23662262
13061,0,0,0,0.54930484
7550,1,0,1,1.9529727
9064,1,1,0,0.2762243
9250,0,0,0,0.15842463
15210,1,1,0,0.18297344
11764,0,0,0,0.09389266
7186,1,0,1,1.6855247
9218,1,0,1,2.0818162
223,0,0,0,0.15620366
11081,0,0,0,0.1170181
3234,0,0,0,1.1581513
3507,1,1,0,0.15250777
1175,0,0,0,0.4851847
5569,1,1,0,0.26983777
5031,0,1,1,3.0364778
7534,1,1,0,0.77807534
6750,0,0,0,0.17419022
15443,0,0,0,0.27732655
10388,0,0,0,0.3802714
2844,1,0,1,0.9991998
15713,1,1,0,0.22498187
9967,1,1,0,0.14069048
2636,1,1,0,0.6403946
712,1,0,1,1.1768113
3136,0,1,1,1.4182532
2342,0,0,0,0.21094471
14634,1,1,0,0.2699437
4757,0,0,0,0.2774497
14775,0,0,0,0.18040824
5242,0,0,0,0.35793903
5901,1,1,0,0.17335813
13765,0,0,0,0.26099393
7032,1,0,1,2.4174986
7868,1,1,0,0.29338545
11462,1,1,0,0.2737305
3551,0,0,0,0.27113727
6831,0,1,1,1.8860164
7205,1,1,0,0.27858257
3971,1,0,1,1.0181532
3465,1,1,0,0.28429884
212,0,1,1,0.8112042
4279,0,0,0,0.3472839
6148,1,0,1,1.9829922
6603,0,0,0,0.3679779
13644,0,0,0,0.32326064
8817,0,0,0,0.1370075
682,0,0,0,0.47580475
9751,1,1,0,0.15078932
14625,1,1,0,0.20848992
15682,1,1,0,0.19463362
1294,0,0,0,0.41614655
1663,0,0,0,0.2707489
15401,1,1,0,0.15792416
12841,0,0,0,0.1489723
11868,1,1,0,0.2311418
5763,1,1,0,0.20986405
494,0,0,0,0.448372
3106,1,0,1,1.0492108
15013,0,0,0,0.403795
10234,0,0,0,0.7457997
13100,0,0,0,0.14860761
8798,0,0,0,0.24957173
11054,1,0,1,1.6199075
13986,1,1,0,0.18469848
1004,0,0,0,0.1641055
8418,0,0,0,0.35321382
10244,0,0,0,0.3136758
7218,1,0,1,1.7110174
263,0,0,0,0.29908594
4953,0,1,1,1.2190114
5814,0,1,1,1.5386167
515,1,1,0,0.19902273
11577,0,0,0,0.48106766
6022,1,1,0,0.20016855
6878,0,0,0,0.23961754
11203,0,0,0,0.35352468
3278,0,0,0,0.5978122
10211,0,0,0,0.14214493
4019,0,0,0,0.29887688
12397,1,1,0,0.22600989
12068,0,0,0,0.1547661
10558,0,0,0,0.24687216
12788,1,1,0,0.18231604
3270,1,1,0,0.26049793
5614,1,1,0,0.27445424
2669,1,1,0,0.21405339
6485,0,0,0,0.14736319
12393,0,0,0,0.12947984
16038,0,0,0,0.15133777
8491,1,0,1,0.9329684
3013,1,1,0,0.314858
526,1,1,0,0.30600464
11218,1,1,0,0.15549289
3263,0,1,1,1.7470053
7132,0,1,1,0.44289327
12026,0,0,0,0.17322971
5274,1,1,0,0.11914947
11663,0,0,0,0.46815246
15200,1,1,0,0.15054888
6642,1,0,1,1.2092595
6808,0,0,0,0.1406939
12939,0,0,0,0.283047
4924,0,0,0,0.25608718
15216,1,1,0,0.21008572
10054,1,1,0,0.16045319
2739,1,0,1,2.0694842
12296,1,0,1,0.42918777
13570,0,0,0,0.10871499
4459,1,1,0,0.11726835
6477,1,1,0,0.3466252
370,0,0,0,0.93673706
15763,1,1,0,0.5011738
4319,1,1,0,0.51474893
3554,0,0,0,0.2736134
15621,0,0,0,0.12730335
14288,0,0,0,0.28451604
12999,1,1,0,0.22402072
1437,0,0,0,0.23398544
787,1,1,0,0.21737312
14832,1,1,0,0.26929966
1208,0,0,0,0.30778682
9619,0,0,0,0.5828749
256,1,1,0,0.24442737
13333,1,1,0,0.18995474
4320,0,0,0,0.15903684
6386,1,1,0,0.12914705
8044,0,0,0,0.12675677
1985,0,0,0,0.41202793
2132,0,0,0,0.31337893
2914,1,1,0,0.5122121
1346,0,0,0,0.16303803
11164,1,1,0,0.21318682
12729,0,0,0,0.070295535
10724,1,1,0,0.12603147
4611,1,1,0,0.28034222
8623,0,0,0,0.12268381
6621,0,0,0,0.22421338
13749,0,0,0,0.2704891
2655,0,0,0,0.21402206
4716,0,0,0,0.4328278
3028,1,1,0,0.23861301
14891,1,1,0,0.23053746
8384,1,1,0,0.15875323
9806,0,0,0,0.16951735
10453,1,1,0,0.107729785
13249,1,0,1,1.9623212
5099,1,1,0,0.1855121
1103,0,0,0,0.67022765
9406,0,0,0,0.3062611
2472,1,1,0,0.21713714
7452,0,0,0,0.608713
1082,1,1,0,0.26355627
3497,1,1,0,0.14625674
3539,1,1,0,0.3547377
2504,1,0,1,0.5215664
14336,0,0,0,0.26294836
14605,1,0,1,1.324197
1580,0,0,0,0.26074165
1493,0,1,1,0.93125254
5226,0,0,0,0.38737282
14439,0,0,0,0.13069797
11701,1,1,0,0.16320361
6138,0,0,0,0.24914384
11704,0,0,0,0.2558573
8517,0,0,0,0.21940254
4423,0,0,0,0.5361959
7533,0,0,0,0.14223613
5291,1,0,1,1.1778319
4259,0,0,0,0.465998
2226,0,0,0,0.81179935
523,0,0,0,0.071984865
6297,1,0,1,1.6287284
12301,0,1,1,1.7118568
1482,0,0,0,0.1616711
15312,0,0,0,0.1563816
2331,1,1,0,0.22475916
15464,0,0,0,0.31159854
9162,1,1,0,0.17277528
9571,0,0,0,0.45027557
12550,0,0,0,0.1268515
5695,0,0,0,0.19855858
10989,0,1,1,1.4994699
6869,0,0,0,0.28159702
3872,1,0,1,1.0376377
2315,0,1,1,1.1992993
131,0,1,1,1.4691565
6658,0,0,0,0.25531867
7950,1,1,0,0.08896541
12103,1,0,1,1.4027847
6404,0,0,0,0.39793813
7971,1,1,0,0.12077922
7845,1,1,0,0.2309361
5151,1,0,1,1.0000261
15834,1,1,0,0.16180019
301,1,1,0,0.5902167
5152,1,1,0,0.13381918
139,0,0,0,0.22201118
4127,1,0,1,2.6866987
3352,1,1,0,0.17889692
6942,0,1,1,1.1222376
5562,1,1,0,0.2665137
783,0,0,0,0.18255928
1999,1,1,0,0.24795832
883,1,0,1,0.9931217
4623,1,1,0,0.17350185
6669,1,1,0,0.44440895
14699,0,1,1,1.1102608
12702,1,1,0,0.28386706
11947,1,1,0,0.06139983
9789,1,0,1,1.1264149
4840,0,1,1,1.900545
15981,0,0,0,0.19803798
7198,0,0,0,0.3276849
8039,1,1,0,0.20938064
9298,0,0,0,0.1757515
755,1,1,0,0.4721377
8247,0,1,1,1.0509686
9288,0,1,1,1.117125
8571,0,0,0,0.25481054
6651,0,0,0,0.30294457
11872,0,0,0,0.20392148
14256,0,0,0,0.21023886
12073,0,1,1,1.335398
14877,1,1,0,0.7606232
14737,1,0,1,1.3549948
2959,1,1,0,0.36031014
4709,0,1,1,1.0502818
6999,0,0,0,0.18955225
11677,1,1,0,0.24433818
2771,1,1,0,0.22905341
8078,1,1,0,0.30632693
7594,1,1,0,0.17182174
6659,0,0,0,0.21327192
15821,1,1,0,0.31135082
99,1,1,0,0.22658505
6557,0,0,0,0.15688938
1702,0,1,1,1.1422882
10364,0,0,0,0.11890837
12109,1,0,1,1.9557521
15995,1,0,1,1.049908
2384,1,1,0,0.08101249
7871,1,1,0,0.36181366
11409,0,1,1,1.9968851
11711,0,0,0,0.32969207
10970,1,0,1,0.8266728
6234,0,0,0,0.3677342
5776,1,1,0,0.16522178
11303,0,0,0,0.10047118
1923,1,1,0,0.16531284
12565,1,1,0,0.19071662
16252,1,1,0,0.75209224
9196,1,1,0,0.3198305
4943,1,1,0,0.21753676
1559,0,0,0,0.18626934
5583,0,1,1,1.0471709
8106,0,1,1,1.4062055
3226,1,0,1,1.1649959
104,1,1,0,0.21755984
8126,1,1,0,0.19993374
13371,0,0,0,0.2495816
4720,0,0,0,0.2750643
7782,1,1,0,0.13968635
925,0,0,0,0.2865349
10767,0,0,0,0.4767326
16345,1,1,0,0.27860367
11733,1,1,0,0.34073508
4875,0,0,0,0.14137428
4886,1,0,1,1.3279157
12024,1,1,0,0.2220066
9709,1,1,0,0.29874015
3571,0,0,0,0.3472247
15283,1,1,0,0.12343315
1710,0,0,0,0.18124026
1502,0,0,0,0.096626155
15897,1,1,0,0.19008113
13268,1,1,0,0.24609794
1267,1,0,1,1.8935477
14987,0,0,0,0.17850858
11712,1,0,1,1.7002671
1536,1,1,0,0.24240999
8231,0,0,0,0.20317788
2995,0,0,0,0.30650637
1001,0,0,0,0.393046
15505,0,0,0,0.21489033
501,0,0,0,0.14522325
8917,1,1,0,0.19229726
2605,1,1,0,0.25725397
10723,0,0,0,0.23380119
12064,0,0,0,0.18403633
12247,0,1,1,1.7284764
7065,0,0,0,0.30884883
2194,0,1,1,2.0857434
10037,0,0,0,0.2988972
12458,1,1,0,0.27695394
14095,0,0,0,0.32263336
1327,0,0,0,0.13807975
8001,0,0,0,0.45729002
7925,0,0,0,0.24630864
9321,1,0,1,0.78948325
9737,1,0,1,0.73040795
6092,1,1,0,0.37591094
10003,0,0,0,0.12669818
1187,1,0,1,1.3377802
14485,1,1,0,0.1240347
14114,0,0,0,0.18629251
7189,0,0,0,0.12244811
13572,0,0,0,0.16279687
14523,0,1,1,0.41381818
1751,0,0,0,0.5586807
12276,1,1,0,0.14702034
13636,0,1,1,1.15637
12462,0,0,0,0.14321591
4726,1,1,0,0.19460927
11744,0,0,0,0.21036163
358,0,1,1,1.8926693
13729,1,1,0,0.094066404
7642,1,0,1,1.5664781
15348,1,1,0,0.15386082
11783,1,1,0,0.21781543
2234,1,0,1,0.24315156
2206,1,1,0,0.18572389
6935,1,0,1,1.6516411
8442,0,0,0,0.25440076
6936,1,1,0,0.15474574
14976,1,0,1,1.9057779
5731,0,0,0,0.24159212
4873,0,0,0,0.2504527
8959,1,0,1,1.2225032
10667,1,1,0,0.31660032
6310,1,1,0,0.3361088
14412,1,1,0,0.5905427
9373,1,1,0,0.1366899
12355,0,0,0,0.308676
8915,1,1,0,0.5864381
1527,1,0,1,1.7263703
5118,0,0,0,0.07362418
2119,1,1,0,0.23945157
4005,1,1,0,0.33016628
3092,0,0,0,0.2012368
3904,1,1,0,0.16613954
6047,0,0,0,0.31181097
10747,1,0,1,1.8308274
5294,1,1,0,0.72269243
8988,0,0,0,0.63911706
15532,1,1,0,0.10749845
5550,1,0,1,2.0028203
15653,1,1,0,0.22121315
14133,0,1,1,1.2127877
9320,1,1,0,0.21958478
13426,0,0,0,0.1071166
10779,0,0,0,0.17538863
6860,0,0,0,0.39629444
3922,1,1,0,0.16537617
1079,0,0,0,0.24330176
8218,0,0,0,0.208165
2723,1,0,1,1.5344706
6593,1,1,0,0.19827364
14066,1,1,0,0.21914807
1195,1,1,0,0.17125237
11451,0,0,0,0.14729291
15603,0,0,0,0.36807257
3504,1,0,1,1.5223345
1620,0,0,0,0.73569846
16269,0,1,1,1.4218184
13377,0,0,0,0.1997754
16244,1,1,0,0.13112079
1754,0,0,0,0.19215633
2332,0,0,0,0.16747405
12651,0,0,0,0.31941873
9637,1,1,0,0.4534278
749,0,0,0,0.45526403
722,0,1,1,1.0987663
6188,1,1,0,0.26519832
11436,1,1,0,0.29926857
4832,0,0,0,0.29205924
8130,0,0,0,0.4763474
4428,0,0,0,0.10674834
8398,0,1,1,0.60780495
14283,1,0,1,1.5237228
8492,1,1,0,0.2893561
15361,1,0,1,1.7047446
5708,1,1,0,0.49606308
14431,0,0,0,0.27305567
5663,0,0,0,0.2814373
14754,0,0,0,0.17565557
8163,1,1,0,0.26255402
7804,0,0,0,0.15978028
13143,1,0,1,1.9387414
2548,0,0,0,0.3978949
13588,0,0,0,0.11688766
41,1,1,0,0.29203203
2439,1,1,0,0.32912248
580,1,0,1,1.6893076
6210,1,1,0,0.19701062
14322,0,0,0,0.49548975
1035,0,1,1,1.3718258
5884,0,0,0,0.2938881
3179,0,1,1,1.0920231
9465,1,1,0,0.2006306
12933,0,0,0,0.12851228
14536,0,1,1,1.6592737
15806,1,1,0,0.12812003
9082,0,1,1,1.0460421
12743,1,1,0,0.2548178
15279,0,0,0,0.4563388
13917,0,0,0,0.35304397
8102,0,0,0,0.175108
2862,0,0,0,0.14263746
8675,0,1,1,1.3827204
6373,1,0,1,1.4744294
8616,1,1,0,0.33450025
9215,0,0,0,0.2463273
11464,1,1,0,0.18962462
3285,0,1,1,0.983862
7859,1,1,0,0.2176013
1435,0,0,0,0.07807584
12932,0,0,0,0.09951378
6061,1,1,0,0.48131415
7095,0,0,0,0.47117233
12098,0,1,1,1.9240748
7422,0,1,1,0.9814249
13247,0,0,0,0.3610407
8003,1,1,0,0.17531271
11447,0,0,0,0.5969167
1161,0,0,0,0.3371175
13962,0,0,0,0.25808784
9732,0,0,0,0.1474211
6953,0,0,0,0.16466177
12291,0,0,0,0.24090013
11806,1,1,0,0.14169258
13497,1,1,0,0.4568097
4654,1,0,1,0.55394983
2265,0,1,1,1.3819354
756,1,1,0,1.1871728
12218,1,0,1,1.8151643
2822,1,0,1,1.1862283
13270,1,0,1,2.4373035
11921,1,0,1,1.2472663
8369,1,1,0,0.19603749
10507,1,1,0,0.35807386
262,0,0,0,0.18921399
1678,1,1,0,0.21112849
12162,0,0,0,0.17513661
12155,0,0,0,0.14971563
16483,1,1,0,0.17047915
9384,1,1,0,0.22889179
26,0,0,0,0.29177293
5798,0,0,0,0.12711471
5287,0,0,0,0.124379836
5312,1,1,0,0.10323346
856,0,0,0,0.30711517
4835,0,0,0,0.15329668
13858,1,1,0,0.13641931
7479,0,1,1,2.514549
4203,0,1,1,2.055787
6863,0,0,0,0.19140814
229,0,1,1,1.0642622
209,0,1,1,1.329221
15100,0,1,1,1.5152168
10070,0,0,0,0.21591419
6065,0,0,0,0.30141893
941,1,0,1,0.98487616
9249,1,1,0,0.33479396
8395,1,1,0,0.44527617
4817,1,1,0,0.19657472
7312,1,1,0,0.4369592
12091,1,1,0,0.3836907
12731,0,0,0,0.3149208
4501,1,1,0,0.1962652
16156,0,0,0,0.37438938
1686,1,1,0,0.6645847
5455,1,1,0,0.12664439
12695,0,0,0,0.29572457
9851,0,0,0,0.45087355
3678,0,0,0,0.32695556
3624,0,0,0,0.16097598
13331,0,0,0,0.19640046
12723,1,1,0,0.15659884
6363,0,0,0,0.3708662
6925,0,0,0,0.27977994
3431,1,0,1,1.5694726
2495,0,0,0,0.2445449
4792,0,0,0,0.12710895
1823,0,1,1,1.4684626
16262,0,1,1,1.9612296
8236,0,0,0,0.9418342
6296,0,0,0,0.43987516
15893,1,0,1,1.3537862
13767,1,1,0,0.62432384
7770,1,1,0,0.38701513
11108,1,1,0,0.31707966
9914,1,1,0,0.23531878
8832,0,0,0,0.16544408
15318,1,1,0,0.24453516
154,0,0,0,0.28285223
12508,0,1,1,1.7257165
12167,0,0,0,0.32923076
14480,0,0,0,0.14364329
15830,0,0,0,0.14441237
2792,1,1,0,0.10976704
11900,0,0,0,0.19333585
11219,0,0,0,0.22224124
11691,0,0,0,0.3139177
10311,0,0,0,0.11899612
12863,1,0,1,2.165129
1800,1,1,0,0.120754085
8886,1,1,0,0.20942415
2338,0,0,0,0.1472178
776,1,1,0,0.19181551
13816,1,0,1,0.57661027
1320,1,0,1,0.9318048
14833,1,1,0,0.30645916
4980,0,0,0,0.17616239
7149,0,0,0,0.29225615
9492,1,1,0,0.20429279
5840,1,1,0,0.2948813
13961,0,0,0,0.17963997
4424,0,0,0,0.18260418
11919,0,0,0,0.41706985
9736,1,1,0,0.115239315
1209,0,1,1,1.9193317
4230,0,1,1,1.708976
4305,0,0,0,0.5163514
5911,1,1,0,0.20106971
9341,0,0,0,0.14209269
6371,0,1,1,1.7240477
6104,0,0,0,0.1435605
11290,1,1,0,0.20258833
13969,1,1,0,0.27748123
9980,0,0,0,0.12634513
8913,1,1,0,0.17716743
3712,0,0,0,0.2593721
7078,0,0,0,0.09452625
3070,0,0,0,0.24610372
8920,0,0,0,0.57109874
7924,0,0,0,0.2165785
3414,1,1,0,0.09081209
570,0,1,1,1.5811076
3047,0,0,0,0.24210384
1275,1,1,0,0.38564056
3642,0,1,1,0.9662331
729,1,1,0,0.25059846
999,0,0,0,0.11975403
3069,0,0,0,1.6400337
14794,0,0,0,0.2667326
15612,0,0,0,0.1750772
12288,1,1,0,0.26163438
9802,0,0,0,0.22725742
1645,1,1,0,0.24517955
11673,0,1,1,1.5717273
2804,0,0,0,0.27608907
9890,1,1,0,0.1999541
14616,0,0,0,0.1649961
11664,1,1,0,0.100481324
5360,0,1,1,1.9151242
3804,1,1,0,0.33605534
1030,0,0,0,0.2481036
1732,0,0,0,0.16725151
14079,1,1,0,0.25685534
10876,0,0,0,0.13620305
3901,1,1,0,0.29642594
9053,0,0,0,0.06982451
2300,0,1,1,1.6009629
12116,0,0,0,0.16763769
9469,0,0,0,0.25792438
13656,1,1,0,0.19021164
4116,1,1,0,0.12534772
9080,1,1,0,0.19441134
1577,1,1,0,0.15333657
56,1,1,0,0.25306702
10966,1,0,1,1.0598586
11448,0,0,0,0.31420085
9282,1,1,0,0.25953248
3443,0,1,1,1.44764
13698,0,0,0,0.25388885
14445,1,0,1,0.63163704
13564,0,0,0,0.18017411
11668,1,1,0,0.17516024
5675,1,0,1,1.5591017
7564,1,1,0,0.7295238
1517,1,1,0,0.15128644
317,1,1,0,0.12190912
9195,1,1,0,0.110279195
8806,0,0,0,0.15139864
5193,0,0,0,0.21030185
14013,1,1,0,0.2787195
1296,1,1,0,1.0547577
14092,1,1,0,0.22566806
11960,1,0,1,1.6206582
2749,1,1,0,0.2052986
5748,0,0,0,0.201245
5158,0,0,0,0.1442322
3196,0,1,1,1.6826491
12188,1,1,0,0.25089976
12981,0,0,0,0.18464406
4986,0,0,0,0.16601223
4202,1,0,1,2.3254108
374,0,0,0,0.3547308
13730,0,0,0,1.0062218
3915,1,1,0,0.17838132
3621,0,1,1,1.5089381
14435,0,0,0,0.4849741
844,1,1,0,0.2170525
15857,0,0,0,0.14156708
1274,0,0,0,0.4869562
2670,0,0,0,0.19872475
10450,1,1,0,0.3638362
15679,1,1,0,0.30832365
13887,0,0,0,0.35423362
5623,0,0,0,0.25404477
3656,0,0,0,0.30114585
880,1,0,1,1.5656594
3831,0,0,0,0.35039368
219,0,0,0,0.08927739
5322,1,1,0,0.21985379
695,0,0,0,0.13316034
3027,0,0,0,0.22546877
291,1,1,0,0.1560506
9128,1,1,0,0.25884265
15005,0,0,0,0.35271746
15942,0,0,0,0.26631892
7906,1,1,0,0.6775509
12567,0,0,0,0.18358251
2090,0,0,0,0.40441012
5500,1,1,0,0.07833104
7427,1,1,0,0.14414842
3419,0,0,0,0.23417003
15631,0,0,0,0.40602636
11495,0,0,0,0.50537694
4188,0,0,0,0.079414874
14264,1,1,0,1.393848
5643,0,0,0,0.13947184
6017,1,1,0,0.16389273
15566,1,1,0,0.27899587
11954,0,0,0,0.23504253
2389,1,0,1,0.4905827
7137,0,0,0,0.22422682
12912,1,1,0,0.47678292
4902,1,1,0,0.13371958
16489,0,1,1,0.57169896
795,0,1,1,1.5504241
6737,1,1,0,0.32140473
13267,0,1,1,1.4571044
393,0,0,0,0.26761588
7856,1,1,0,0.22092886
15746,0,0,0,0.37150228
1201,0,0,0,1.5969757
11864,1,1,0,0.22970669
1324,0,0,0,0.35310915
9041,0,0,0,0.32067806
4557,1,1,0,0.20186573
14073,1,1,0,0.3074679
8051,1,1,0,0.29814494
8124,0,0,0,0.37317845
3065,1,1,0,0.25120786
3482,1,1,0,0.17292984
5499,0,1,1,2.3073535
6439,0,0,0,0.16696243
1802,1,0,1,1.8141094
96,1,1,0,0.258932
12412,0,0,0,0.25624967
12720,1,0,1,1.5987082
5303,1,1,0,0.25547954
5019,1,1,0,0.5345905
12102,0,0,0,0.7282492
7219,1,1,0,0.25110456
15517,1,1,0,0.14710288
12993,1,1,0,0.3751819
11067,0,0,0,0.1605343
14672,1,1,0,0.35431132
16478,1,1,0,0.59075516
11860,1,1,0,0.33520377
12466,0,0,0,0.5195261
5714,0,1,1,1.0687785
10410,0,0,0,1.7432146
11233,1,0,1,1.346032
7927,1,0,1,1.6277564
16177,1,0,1,0.9884049
6342,1,1,0,0.5706341
226,1,1,0,0.25753912
1916,1,1,0,0.11995515
3456,0,0,0,0.12597315
6130,0,1,1,0.6216796
13944,0,0,0,0.19517864
38,1,1,0,0.20252621
16498,0,0,0,0.23899019
15116,1,0,1,0.79610944
3559,0,0,0,0.5324918
10259,0,0,0,0.17406434
14840,0,0,0,0.22862284
2254,0,0,0,0.33066115
7064,1,0,1,1.0686059
324,1,1,0,0.14404601
273,1,1,0,0.18469658
13148,0,0,0,0.2005153
15088,1,0,1,1.2246275
4865,1,1,0,0.061445
11316,1,1,0,0.2691307
4565,1,1,0,0.33025843
15757,0,0,0,0.30022573
5533,0,0,0,0.24489994
778,0,0,0,0.045889694
9911,0,0,0,0.23678038
4621,1,1,0,0.7607147
5988,1,1,0,0.112965785
8813,0,0,0,0.28126693
16058,0,0,0,0.2910887
5439,1,0,1,1.6560564
15827,1,1,0,0.4763586
2927,0,0,0,0.16931246
14229,1,1,0,0.28595945
13261,1,1,0,0.29158735
9444,1,1,0,0.2760254
13617,0,0,0,0.21042134
12313,1,1,0,0.21503581
5851,0,0,0,1.2254431
11951,1,0,1,1.4134952
2967,0,0,0,0.3661016
4129,0,0,0,0.30449328
2108,0,0,0,0.27146205
4867,1,1,0,0.22707735
5092,1,0,1,1.6143651
1534,1,1,0,0.26101607
1869,0,0,0,0.22168098
1322,1,1,0,0.2528966
16312,1,1,0,0.18543494
909,1,0,1,1.7235341
11532,1,1,0,0.10293721
13701,0,0,0,0.19491874
16324,1,1,0,0.2891571
16404,0,0,0,0.3070626
8597,0,1,1,0.9848488
16318,0,0,0,0.12034577
5828,0,0,0,0.26121256
8439,1,1,0,0.27827892
14900,0,0,0,0.51814103
10109,0,0,0,0.17771617
3613,0,0,0,0.25011584
10363,0,0,0,0.14800295
4841,0,0,0,0.3380251
13659,1,1,0,0.26865658
8118,0,0,0,0.16286352
1544,1,1,0,0.2546041
7728,0,1,1,0.6515189
14635,1,1,0,0.47374898
542,1,0,1,1.7924036
10406,1,1,0,0.20437492
1211,1,0,1,0.3858643
6279,0,0,0,0.17996003
965,0,0,0,0.20117529
1831,0,0,0,0.27260914
13313,0,0,0,1.1230948
2288,0,0,0,0.22328219
16166,0,0,0,0.20269541
4248,1,0,1,1.4537
6816,1,1,0,0.34547138
4768,1,1,0,0.1412562
15504,1,0,1,1.2062443
7581,0,1,1,1.304481
3407,0,1,1,1.38857
10192,0,0,0,0.3173955
4153,1,0,1,1.7012455
11534,0,0,0,0.14700077
6169,0,0,0,0.21437587
3160,1,1,0,0.20972015
14650,0,0,0,0.13172016
9178,1,1,0,0.14301652
1341,0,1,1,1.8766083
5333,1,1,0,0.6710495
14077,1,0,1,2.0318894
10950,0,0,0,0.37377498
910,0,0,0,0.8752389
7646,0,0,0,0.2866857
9793,1,0,1,1.4103044
6139,1,1,0,0.4469422
1335,1,1,0,0.117162645
9346,1,1,0,0.24707285
14575,1,0,1,0.68491644
9847,1,0,1,1.9920963
1846,0,0,0,0.18644704
4207,0,0,0,0.34361884
3239,1,1,0,0.13821597
1757,0,1,1,1.8311585
15609,1,1,0,0.20905095
6976,0,0,0,0.17930701
12293,1,1,0,0.17341296
13208,1,1,0,0.4078334
14822,0,0,0,0.3520827
14736,1,1,0,0.3603788
7135,1,1,0,0.19506283
7833,1,1,0,0.16175365
15847,0,0,0,0.38167456
11876,1,1,0,0.15413879
15488,0,0,0,0.31423095
9713,1,1,0,0.121401384
11871,0,0,0,0.13456929
2339,1,1,0,0.33174747
8490,0,0,0,0.20077397
12194,0,1,1,1.4728384
9852,1,1,0,0.1720245
8155,0,1,1,1.469712
928,0,0,0,0.24932474
11594,1,0,1,1.071842
15690,1,1,0,0.20917544
5929,0,0,0,0.67717534
5314,1,1,0,0.3235531
4614,0,0,0,0.28401572
13840,0,0,0,0.24136986
14372,0,0,0,0.1282662
7340,0,0,0,0.17754202
5144,0,0,0,0.24032637
644,1,1,0,0.2703486
10820,1,1,0,0.1788708
2411,0,0,0,0.27413663
16279,0,0,0,0.20661488
13381,0,0,0,0.39564508
1641,1,1,0,0.13618942
9677,0,0,0,0.7592832
1448,0,0,0,0.14469278
3030,1,1,0,0.32029998
3789,0,0,0,0.113339424
3725,1,1,0,0.2882396
5551,1,1,0,0.336924
7347,0,1,1,1.71929
5527,0,0,0,0.16281398
4899,0,0,0,0.3761697
12997,1,1,0,0.21315502
4746,1,1,0,0.31255096
10716,1,1,0,0.09678633
1558,0,0,0,0.16436799
4731,1,1,0,0.24047561
1307,1,1,0,0.3080056
14313,0,0,0,0.120055296
15895,1,1,0,0.33932635
4567,1,1,0,0.1430902
11420,1,1,0,0.19091187
1633,1,1,0,0.6917874
14324,1,1,0,0.08024432
13060,0,1,1,1.3457528
6836,1,1,0,0.26664877
13490,1,1,0,0.3868221
5023,0,1,1,1.9172118
11535,1,1,0,0.1453082
11905,1,1,0,0.3044231
15477,1,1,0,0.09650883
16431,0,0,0,0.19263338
15606,1,0,1,2.311128
15672,1,1,0,0.3151077
6949,0,0,0,0.2769891
13735,0,0,0,0.7392543
594,0,0,0,0.16394293
929,1,1,0,0.1563399
13263,1,1,0,0.28221756
10835,1,1,0,0.53895026
15600,0,0,0,0.3927723
13539,0,1,1,1.9134338
11455,1,1,0,0.099609055
3130,1,0,1,1.9128363
3448,0,0,0,0.19827783
1497,0,0,0,0.14183174
5212,1,1,0,0.6204139
3873,1,0,1,1.093578
5702,1,1,0,0.34273744
12231,1,1,0,0.22319217
10844,1,1,0,0.61016595
5879,1,1,0,0.18871218
9000,1,1,0,0.23257807
15625,1,1,0,0.36590257
12531,1,1,0,0.24067917
16387,1,1,0,0.11374977
13547,1,1,0,0.22731079
8598,0,0,0,0.19348389
7401,0,0,0,0.42899925
11308,0,0,0,0.30117756
1434,1,1,0,0.25559607
13751,0,0,0,0.21863817
1461,1,1,0,0.4908741
3248,1,1,0,0.105237596
12456,1,0,1,0.9805926
1401,1,1,0,0.30949843
2433,1,1,0,0.13203798
3063,1,1,0,0.3218682
502,0,0,0,0.26018107
1535,0,1,1,1.7385355
105,0,1,1,1.283215
5515,1,1,0,0.6171806
2398,0,0,0,0.15252803
9089,0,0,0,0.2659197
3121,1,1,0,0.16571552
7912,0,0,0,0.2114874
11243,1,1,0,0.18266754
9803,1,1,0,0.2833842
13480,1,0,1,1.9383605
136,1,1,0,0.79210705
10668,1,0,1,1.6003597
9305,0,0,0,0.2287903
9397,0,1,1,0.94413435
1374,0,0,0,0.26001883
1080,1,1,0,0.2803789
11928,1,1,0,0.13848452
245,0,1,1,0.53865594
12530,1,0,1,1.547442
2445,1,1,0,0.22986642
13238,1,1,0,0.19122975
1865,1,1,0,0.20969367
569,1,1,0,0.06379611
4105,1,0,1,1.4920168
13229,1,1,0,0.21858779
4370,0,0,0,0.18883733
14538,1,0,1,1.8282819
13484,0,0,0,0.24120925
1908,1,1,0,0.18347368
1318,0,1,1,0.95260173
12533,0,0,0,0.13023843
16208,1,1,0,0.41757548
13402,1,1,0,0.18350673
11364,0,0,0,0.6132444
3378,1,1,0,0.33912024
4650,1,1,0,0.35239854
14979,1,0,1,2.247288
12634,1,1,0,0.124371834
4168,0,0,0,0.20038427
7394,1,1,0,0.18010852
11066,1,1,0,0.3540954
4421,0,0,0,0.18249404
7886,0,0,0,0.4709175
13194,0,0,0,0.2988583
11413,0,1,1,1.9053559
9264,0,0,0,0.4455445
1782,0,0,0,0.19307859
8300,1,1,0,0.15801485
5525,1,0,1,1.6890948
7734,0,0,0,0.42821157
8064,0,1,1,1.9542068
14472,0,0,0,0.1650252
3844,0,0,0,0.17431462
3514,0,1,1,1.0930288
2610,1,1,0,0.34612763
3751,1,1,0,0.09136342
4179,1,0,1,1.8474
5415,0,1,1,1.3107808
11686,0,0,0,0.18486772
10472,1,0,1,2.1013317
15967,1,1,0,0.19698636
14990,0,0,0,0.18364285
4774,1,0,1,2.2769217
11255,1,1,0,0.28122157
891,0,0,0,0.27146402
2271,1,1,0,0.4633168
12033,1,1,0,0.28615522
3016,1,0,1,2.2405155
5162,1,1,0,0.32379317
5153,0,0,0,0.4555419
16418,0,0,0,0.12077881
6686,0,0,0,0.322095
13030,1,0,1,1.4847698
14107,1,1,0,0.233829
730,0,0,0,0.42629644
12942,1,1,0,0.20029968
2905,1,1,0,0.17224349
8717,1,1,0,0.44832316
15659,1,1,0,0.21546674
1291,0,0,0,0.107934736
9891,0,0,0,0.24390507
2314,1,1,0,0.16246647
7058,1,1,0,0.1594625
6857,0,0,0,0.21066877
8221,0,0,0,1.2884907
7707,1,1,0,0.24272172
2297,1,1,0,0.15028787
10196,0,1,1,0.8465385
4462,0,0,0,0.24830583
2591,1,0,1,0.8688707
9046,1,1,0,0.11364773
2309,0,1,1,1.2703035
16243,1,1,0,1.4711771
664,0,0,0,0.15654479
3598,0,0,0,0.36269468
3216,0,1,1,1.0140622
5417,0,0,0,0.19818857
15036,1,1,0,0.35661188
9865,0,0,0,0.32781163
8538,1,1,0,0.24312584
16124,1,1,0,0.1246736
6322,1,1,0,0.71258366
5414,0,0,0,0.26286626
7072,1,1,0,0.40211514
7711,1,1,0,0.12861972
15859,1,1,0,0.34004727
9418,0,1,1,0.9317111
6467,1,1,0,0.15507454
9232,0,0,0,0.21197222
12269,1,1,0,0.2409063
13307,0,0,0,0.3297129
4052,0,0,0,0.26608673
300,0,0,0,0.21810453
14143,1,1,0,0.09133677
7180,0,0,0,0.21414165
1631,1,1,0,0.34964314
13990,0,1,1,1.0524671
11619,0,0,0,0.38799813
4538,1,1,0,0.37550932
8747,0,0,0,0.22149435
8228,0,0,0,0.32844272
10758,0,0,0,0.21602586
13442,0,1,1,1.4967301
13239,1,1,0,0.21523117
2377,1,1,0,0.30724776
8793,0,0,0,0.34170923
1459,0,0,0,0.15448838
3545,0,1,1,1.0185906
13033,1,1,0,0.113796584
5954,0,0,0,0.41878653
1593,0,0,0,0.64842176
9230,1,0,1,1.3365985
13354,0,0,0,0.22481053
13020,1,0,1,1.5492866
10126,0,0,0,0.8530198
15014,0,0,0,0.28220335
11425,0,0,0,0.17662196
11662,0,0,0,0.38202214
7809,1,1,0,0.35349247
11349,0,0,0,0.30950722
15627,1,1,0,0.9710877
10318,1,1,0,0.1321298
8411,1,0,1,1.2903813
13398,1,1,0,0.54467744
10735,0,0,0,0.12832461
11735,0,1,1,1.8144959
11629,0,0,0,0.5014787
6643,1,0,1,1.4895694
4784,0,0,0,0.40494317
2810,0,1,1,2.1212993
8922,1,1,0,0.26393014
1609,1,1,0,0.3706026
6383,1,1,0,0.17587768
603,1,0,1,1.0858697
10383,1,1,0,0.2190166
5976,0,0,0,0.21935956
4848,1,0,1,0.68950236
10883,1,1,0,0.104759134
8892,0,0,0,0.22828586
939,1,1,0,0.1493771
1805,0,0,0,0.9750473
15546,1,1,0,0.20403397
6695,0,0,0,0.2571961
6619,1,1,0,0.25270367
12770,1,1,0,0.12631635
4945,1,1,0,0.24481325
14304,0,0,0,0.20141003
10671,0,0,0,0.20148523
3284,0,0,0,0.45666295
6694,0,0,0,0.8741584
11489,0,0,0,0.26952356
1302,0,0,0,0.39747614
13224,1,1,0,0.3694806
6796,1,0,1,1.7315004
15470,0,0,0,0.12421991
1739,1,1,0,0.27159697
813,1,1,0,0.22848737
14199,1,1,0,0.34913385
6600,1,0,1,0.91425294
2742,0,0,0,0.15850775
6823,1,0,1,1.4718348
5864,0,1,1,1.4971199
3993,1,1,0,0.17193717
9761,0,1,1,1.6561619
10310,1,0,1,2.1103644
8780,1,0,1,0.5279499
9450,0,1,1,1.4321717
6029,0,0,0,0.29384032
2969,0,0,0,0.3963636
940,0,0,0,0.3336881
15427,1,1,0,0.26224536
12008,0,0,0,0.5736561
6497,1,1,0,0.17559217
691,1,1,0,0.11954703
8855,0,0,0,0.14976037
11884,1,1,0,0.16142595
71,1,1,0,0.1432654
5050,1,1,0,0.1967678
7465,1,1,0,0.0767775
6016,0,0,0,0.22600012
13135,1,1,0,0.34490764
796,1,1,0,0.35570955
3391,0,0,0,0.28716296
13899,1,1,0,0.28607854
2278,0,0,0,0.11780973
10249,1,1,0,0.34559965
9203,1,0,1,1.5987599
15635,1,1,0,0.15589058
3320,0,1,1,1.8762655
3243,1,0,1,1.3651769
11879,0,0,0,0.17994352
1417,1,0,1,1.2700226
13938,0,0,0,0.7722819
10621,0,0,0,0.18108651
135,0,1,1,1.1090028
2212,0,1,1,1.5999224
2657,1,0,1,1.2316177
13830,1,1,0,0.24962792
6057,1,1,0,0.13846117
6708,1,0,1,0.9431749
3961,0,0,0,0.15058641
6200,1,1,0,0.20641214
4996,1,1,0,0.22908565
1966,0,0,0,0.21146336
7847,0,0,0,0.2016289
9171,0,1,1,0.74854875
14440,1,1,0,0.13206284
14992,0,0,0,0.22044761
14643,1,1,0,0.17338409
11287,0,1,1,1.6367263
6554,0,1,1,1.7412446
12055,1,1,0,0.26121044
14888,0,0,0,0.24360202
10672,0,0,0,0.20855816
9998,0,0,0,0.16806313
12207,1,1,0,0.3183233
3782,0,0,0,0.25180402
2875,0,1,1,2.5080163
6369,1,1,0,0.3707382
3508,1,1,0,0.5476818
9561,0,1,1,1.8108726
9273,0,0,0,0.31023335
8417,0,1,1,1.6720142
10477,1,1,0,0.28145558
14726,1,1,0,0.33746362
9237,0,0,0,0.65060174
13724,0,0,0,0.10049739
14124,0,0,0,0.43428484
3815,0,0,0,0.19898726
8848,0,1,1,1.8373213
2436,0,0,0,0.2846994
16161,0,0,0,0.33400443
9318,0,1,1,1.5208155
608,1,0,1,1.319188
3253,1,1,0,0.26808044
11020,1,1,0,0.5983425
7360,0,0,0,0.33536628
8585,0,0,0,0.32646134
14633,1,1,0,0.18330607
777,0,1,1,1.5179267
12521,0,0,0,0.31431276
6045,0,0,0,0.5213813
3889,1,0,1,1.181651
11761,0,0,0,0.1582246
9300,0,0,0,0.95770884
7294,1,1,0,0.22907142
6458,0,1,1,1.181303
15406,0,0,0,0.19512147
14988,1,1,0,0.17085381
3427,1,0,1,1.4275907
10313,0,0,0,0.107518055
4441,0,0,0,0.16826636
5600,1,1,0,0.7098452
14407,1,1,0,0.6616848
14517,1,1,0,0.17196992
10122,1,1,0,0.27643836
2782,1,1,0,0.40032393
11552,1,1,0,0.22453436
16099,0,0,0,0.7269337
14565,0,0,0,0.20619965
15684,1,1,0,0.20392315
4959,0,0,0,0.2050475
13967,0,1,1,1.1215135
11129,0,1,1,1.4976066
4032,0,0,0,0.19829033
4937,1,1,0,0.25891984
240,1,1,0,0.15389189
6003,0,0,0,0.17919761
8268,0,0,0,0.20891882
12539,1,1,0,0.24598646
15486,0,0,0,0.16121727
5042,1,1,0,0.2702754
14788,1,1,0,0.14147426
9726,1,1,0,0.35611302
9905,0,0,0,0.2988056
1917,0,0,0,0.29231942
16264,0,0,0,0.26181048
827,1,1,0,0.19959907
10991,0,0,0,0.34170845
6345,0,0,0,0.543076
4829,0,0,0,0.283957
12489,0,0,0,0.2472166
10887,0,0,0,0.26837334
4075,0,0,0,0.29637098
5334,1,1,0,0.23686261
3312,1,1,0,0.5055801
5464,0,0,0,0.26150903
5790,1,1,0,0.5757166
1468,1,1,0,0.17693235
12681,1,1,0,0.1757409
4701,1,1,0,0.4713494
11927,1,0,1,1.8910744
13813,1,1,0,0.61581147
937,0,1,1,1.21625
13972,1,0,1,1.468124
2348,1,1,0,0.086016394
15449,1,0,1,1.6227825
6667,1,1,0,0.30771163
10045,0,1,1,2.0683415
14500,1,1,0,0.17563929
8706,1,1,0,0.33067214
14986,0,0,0,0.63989156
11792,1,1,0,0.28504345
16162,0,0,0,0.32856306
9938,0,0,0,0.4316113
8493,1,1,0,0.42186207
2807,1,1,0,0.087601095
6581,0,0,0,0.24641703
2569,1,1,0,0.11841501
5621,1,1,0,0.3303589
16212,0,0,0,0.3137269
2290,1,1,0,0.24027145
12964,0,1,1,1.3752152
8316,1,1,0,0.18792441
12887,0,0,0,0.3792878
696,0,0,0,0.2835736
12524,0,1,1,1.6837631
2502,0,0,0,0.1806205
8447,1,1,0,0.28384733
7434,1,1,0,0.23570302
3442,0,0,0,0.22606152
4231,0,0,0,0.37745884
11306,0,0,0,0.19802916
5807,0,0,0,0.29106027
1903,0,1,1,1.574772
14287,1,0,1,1.3740554
16157,1,1,0,0.12623619
14469,0,0,0,0.3761802
7344,0,0,0,0.23614056
7083,1,1,0,0.2029578
8587,0,0,0,0.14307572
9484,1,1,0,0.2727068
118,0,0,0,0.15466467
11430,1,1,0,0.3788203
10100,1,1,0,0.22228937
5174,1,1,0,0.38821208
5578,0,1,1,0.97366935
14029,0,0,0,0.15422493
11641,1,1,0,0.24664992
3319,1,1,0,0.4273894
9606,1,1,0,0.21192285
1516,1,1,0,0.26489705
15649,0,0,0,0.080416806
6543,1,0,1,1.1976678
13892,0,0,0,0.26502126
15654,0,0,0,0.26988295
7985,0,0,0,0.16385186
5679,0,0,0,0.403886
7270,1,1,0,0.1917474
7617,0,0,0,0.21648805
16266,0,0,0,0.10152475
4057,1,1,0,0.25592726
14872,1,0,1,1.4394257
6688,0,0,0,0.5289295
9348,1,0,1,1.1476791
1914,1,1,0,0.24502385
9781,0,1,1,1.2783628
435,1,1,0,0.19224267
3738,0,0,0,0.22958903
10449,0,0,0,0.25590178
10121,1,1,0,0.4233035
16297,0,0,0,0.44991547
13929,1,1,0,0.42355597
8633,1,1,0,0.20900069
356,0,0,0,0.2209423
10069,1,1,0,0.11828125
5453,1,1,0,0.18859789
13605,1,1,0,0.15190129
5824,1,1,0,0.25014743
8013,1,1,0,0.15399623
1743,1,0,1,1.3496726
5931,1,1,0,0.19887647
9029,0,0,0,0.26296237
6571,1,1,0,0.12710306
7158,1,1,0,0.13884556
2257,0,1,1,1.6957095
2171,0,0,0,0.27158865
14400,1,1,0,0.4516348
11207,1,1,0,0.15080613
12147,1,1,0,0.2222887
13226,0,1,1,2.1203954
10510,1,1,0,0.2974534
6845,0,0,0,0.305596
8861,1,0,1,1.6859914
5480,0,1,1,1.1050532
2934,1,1,0,0.20076734
8662,1,1,0,0.11284184
14602,0,0,0,0.22059311
5295,0,0,0,0.17402858
8534,1,1,0,0.19448239
3403,1,1,0,0.17031436
6273,0,0,0,0.324487
5963,1,1,0,0.17423889
8723,0,0,0,0.36160585
6211,1,1,0,0.2717564
6839,1,1,0,0.33429468
13445,1,1,0,0.18915135
15931,1,1,0,0.18438597
518,1,1,0,0.14099513
6933,0,0,0,0.19421278
8777,0,0,0,0.16465804
13454,0,1,1,1.2900562
2943,0,1,1,1.2459924
2609,0,0,0,0.20509024
15250,0,1,1,0.46891975
152,0,0,0,0.46906197
9710,0,1,1,1.0092402
11171,0,1,1,1.5383058
14943,1,1,0,0.18089263
1935,1,0,1,2.6379457
8794,1,0,1,1.8013605
6352,0,0,0,0.39154196
11881,1,0,1,0.75465864
7705,0,1,1,1.8763016
11318,0,0,0,0.27823913
8062,1,1,0,0.46347228
7800,1,1,0,0.20167664
10451,1,1,0,0.2570347
11175,0,0,0,0.43059146
2546,1,0,1,1.7001488
12184,1,1,0,0.58138317
13538,1,0,1,2.0493677
14408,1,1,0,0.077805124
592,0,0,0,0.39537778
10091,1,1,0,0.40246928
3512,0,0,0,0.47263348
9379,0,0,0,0.61794835
5506,1,1,0,0.7194289
2296,1,1,0,0.25874296
5938,1,1,0,0.23477106
2563,1,1,0,0.18432856
64,1,1,0,0.28153592
15204,1,1,0,0.1523351
7035,0,1,1,1.9874349
14361,0,1,1,0.98899937
3531,0,1,1,1.3203301
1404,1,1,0,0.3146453
13956,0,0,0,0.20488863
8103,0,1,1,1.3871872
11926,0,0,0,0.22881298
13142,1,1,0,0.09294044
5907,0,0,0,0.4026175
13245,0,0,0,0.3609809
4405,0,1,1,1.1113547
4712,1,1,0,0.17046937
867,0,0,0,0.17536344
12160,1,1,0,0.21380036
7192,1,1,0,0.2505867
10485,0,0,0,0.17295991
12536,0,0,0,0.31503767
5910,0,0,0,0.27797246
15939,1,1,0,0.08291066
13823,1,1,0,0.2839379
15161,0,0,0,0.4742598
4664,0,0,0,0.21760982
10860,0,0,0,0.22171623
10629,1,1,0,0.36696362
13487,1,1,0,0.11538155
15306,0,1,1,1.3503339
16451,0,0,0,0.18727168
10921,0,0,0,0.1287521
2632,1,1,0,0.21303315
8844,0,0,0,0.19208777
9792,0,1,1,0.6507452
1375,0,0,0,0.4876901
15912,0,0,0,0.20206358
16228,1,1,0,0.2472342
11079,1,0,1,1.826809
14862,1,1,0,0.20519319
14496,1,1,0,0.22468844
6289,1,1,0,0.24604109
13885,1,1,0,0.24923424
11942,1,1,0,0.05902948
4216,1,1,0,0.12344261
510,0,0,0,0.3279597
1157,0,0,0,0.50363886
3045,1,1,0,0.13223016
10156,0,0,0,0.2971155
16334,0,1,1,1.2912621
7547,1,1,0,0.18366121
6343,0,1,1,1.4850415
8784,0,1,1,2.3035364
4890,1,1,0,0.21541138
9185,1,0,1,1.6545393
6060,1,1,0,1.199289
5385,1,0,1,0.2861246
9374,0,0,0,0.2181628
6256,1,0,1,1.7603147
2287,0,0,0,0.37273005
11181,1,0,1,1.678439
12455,1,1,0,0.10064767
11122,1,0,1,1.7830468
11256,1,1,0,0.14836724
8548,0,0,0,0.3039155
16183,0,0,0,0.42990133
9175,1,1,0,0.21943815
8846,1,1,0,0.08793992
13941,0,0,0,0.2060778
4258,0,0,0,0.4878245
15392,1,1,0,0.2983561
2094,0,0,0,0.8853125
1199,0,0,0,0.31960735
6784,1,1,0,0.38112617
12414,1,1,0,0.29926863
11371,1,1,0,0.3805144
4973,0,0,0,0.2680881
271,0,1,1,1.4063982
4544,1,1,0,0.47470632
15840,1,1,0,0.08562013
5769,0,0,0,0.53547776
6551,1,0,1,1.8748786
13623,1,1,0,0.25570267
9522,0,0,0,0.24620605
3897,1,1,0,0.2574293
15515,0,0,0,0.15586568
3150,0,0,0,0.24885553
1668,1,1,0,0.35642684
13662,1,1,0,0.15335935
8182,1,1,0,0.13806325
12996,1,1,0,0.12059834
13901,0,0,0,0.13440442
16025,1,1,0,0.15131043
11944,0,0,0,0.18551418
5270,1,1,0,0.20886612
16081,1,1,0,0.46729773
15375,0,0,0,0.30377227
15046,0,0,0,0.13053215
2970,0,0,0,0.13107498
6741,0,0,0,0.38807198
12490,0,0,0,0.20395729
6071,0,1,1,1.391743
1717,1,1,0,0.16582055
2979,1,1,0,0.20730451
9924,0,0,0,0.08707489
1108,0,0,0,0.1872896
10199,0,0,0,0.4242817
5778,1,1,0,0.2356124
2523,0,0,0,0.22620417
9005,1,1,0,0.278329
2873,0,1,1,1.8536088
8246,1,1,0,0.16182077
13152,0,0,0,0.38600114
9671,0,1,1,1.7951281
7271,1,1,0,0.29505628
11734,0,0,0,0.3410973
1486,0,0,0,0.18304552
9532,0,1,1,2.1027637
77,1,1,0,0.12819365
1383,1,1,0,0.20990969
12101,0,1,1,1.9191352
16411,1,1,0,0.104762785
5635,1,1,0,0.2854406
7559,1,1,0,0.1953489
1650,1,1,0,0.42322692
12407,1,0,1,0.8172999
6787,1,1,0,0.24348672
8888,0,0,0,0.2740036
9869,1,1,0,0.19868006
13121,0,0,0,0.16055919
12345,0,0,0,0.2676543
6432,0,1,1,1.6281046
9808,1,0,1,2.038386
382,1,1,0,0.22410192
298,0,0,0,0.15113313
5558,0,0,0,0.20287126
9567,1,1,0,0.20684882
12853,0,0,0,0.1599147
2751,1,1,0,0.4869762
16121,0,0,0,0.32134923
2645,0,1,1,2.4781413
15876,1,1,0,0.25504872
12500,0,0,0,0.18328215
9823,0,0,0,0.30380622
5271,0,0,0,0.8428547
13520,1,1,0,0.18513674
3074,1,1,0,0.25827506
8237,1,1,0,0.33795503
11323,1,1,0,0.2865896
11507,1,1,0,0.23494045
12132,1,1,0,0.16955106
6265,0,0,0,0.2537878
2612,1,1,0,0.21072951
6832,1,1,0,0.3068747
9582,0,0,0,0.19779286
5732,1,1,0,0.38048944
12478,0,0,0,0.26052946
11889,0,0,0,0.26541096
6733,1,0,1,1.4412866
3199,0,0,0,0.14744589
11137,1,1,0,0.20320289
15521,0,0,0,0.8368708
8485,1,0,1,1.2862116
2543,0,0,0,0.32102853
11382,0,0,0,0.536364
15441,1,1,0,0.21796314
6512,1,1,0,0.3349179
4759,1,1,0,0.14088756
9033,0,0,0,0.27963132
9121,1,0,1,0.98529714
15412,1,1,0,0.21750675
9821,1,1,0,0.15157127
10351,0,0,0,0.43268225
2756,0,0,0,0.39948496
3222,1,0,1,1.1960158
7812,0,1,1,1.3884096
9291,1,1,0,0.26524487
8515,1,0,1,0.41934606
11178,1,1,0,0.22447015
8196,0,0,0,0.26635462
6684,1,0,1,1.1961308
9882,1,1,0,0.14069846
623,1,1,0,0.3595868
3357,0,0,0,0.24718495
10360,1,1,0,0.31107265
12760,0,1,1,1.5608861
15073,0,0,0,0.17741741
14516,1,1,0,0.27015784
311,1,1,0,0.26610646
1682,1,1,0,0.23593825
2019,0,0,0,0.20244522
2264,0,0,0,0.20914759
15724,1,1,0,0.2618104
12826,0,0,0,0.20310347
6008,1,1,0,0.35057858
14535,1,0,1,1.0403222
4946,0,1,1,0.43644592
1119,1,1,0,0.39761743
10086,0,1,1,1.3331609
11124,1,1,0,0.14260593
10042,0,0,0,0.214408
4876,1,1,0,0.36145842
1423,1,1,0,0.19149259
76,1,1,0,0.1955834
4803,0,0,0,0.26111236
11375,0,1,1,0.9623376
15814,1,1,0,0.22208431
15191,0,0,0,0.121446066
12273,1,1,0,0.8336321
2757,0,0,0,0.2595185
8660,0,1,1,0.6252181
3602,1,1,0,0.34683263
9427,1,1,0,0.20195235
9220,1,0,1,1.4192617
5081,1,1,0,0.2337775
5743,1,1,0,0.1766083
4531,1,1,0,0.18770961
10583,1,1,0,0.22603072
8412,1,1,0,0.17383535
15879,1,1,0,0.2115885
5801,1,1,0,0.2523538
14593,0,0,0,0.20549025
2428,1,0,1,0.64926904
7522,0,0,0,0.5484141
6650,0,1,1,1.4250891
4439,1,1,0,0.5296916
10709,1,1,0,0.250774
2456,1,1,0,0.20658436
13044,0,0,0,0.32445684
4509,0,0,0,0.17902857
2185,0,0,0,0.1821361
7006,1,1,0,0.17713438
8896,0,1,1,1.5443648
14118,0,0,0,0.15517978
10964,0,0,0,0.17186831
924,1,1,0,0.15154208
10683,1,1,0,0.1635292
11598,1,1,0,0.2007638
15491,1,1,0,0.25535494
8588,1,0,1,1.2542953
1203,0,0,0,0.17964077
13015,1,1,0,0.3439901
5926,1,1,0,0.3679066
15710,0,0,0,0.20101431
13353,0,0,0,0.14361955
486,0,0,0,0.14650379
4812,0,0,0,0.2121777
4938,1,1,0,0.229187
9416,0,0,0,0.115390375
7648,1,0,1,1.3271959
15960,0,1,1,1.2252302
5304,0,0,0,0.17724252
16165,0,0,0,0.22923829
16460,0,0,0,0.103213996
3145,0,0,0,0.28780252
8827,1,1,0,0.23983946
9920,0,0,0,0.14464419
7075,1,1,0,0.27084014
7851,0,0,0,0.4887256
12679,1,0,1,1.5696543
9623,0,0,0,0.3446401
11389,1,1,0,0.55555975
10511,1,1,0,0.10873091
10834,1,1,0,0.10691493
3024,0,1,1,1.3289769
12632,1,1,0,0.11970793
6844,0,1,1,2.2490373
3043,0,0,0,0.19131944
10956,1,1,0,0.5268159
12813,1,1,0,0.14551537
577,1,0,1,1.4052377
12285,0,1,1,1.2782001
2957,1,0,1,1.5847325
9284,1,1,0,0.47486556
2511,1,0,1,1.1857599
6327,1,1,0,0.52930075
12979,0,0,0,0.20120426
10432,1,1,0,0.16857319
