Train_ID,Score
473,0.013538063503801823
2839,0.01158800395205617
1095,0.011481321882456541
2311,0.011438434943556786
2770,0.010739378165453672
1649,0.010545032098889351
2528,0.010198579635471106
1913,0.009912565350532532
2087,0.009500963613390923
4380,0.009428226388990879
985,0.009411016944795847
3360,0.00910140760242939
4885,0.009022708982229233
2654,0.008938802871853113
950,0.008826619479805231
4837,0.008759289514273405
1126,0.008677223697304726
3310,0.008270000107586384
1769,0.007779575884342194
3353,0.007745634997263551
298,0.007719801506027579
2061,0.0073102605529129505
859,0.0072631207294762135
4855,0.006875102641060948
2728,0.006867580581456423
680,0.006832790095359087
3764,0.006806717719882727
4936,0.0068058050237596035
1258,0.00674243550747633
2154,0.006733321351930499
1805,0.0064132846891880035
2171,0.006392956478521228
223,0.006347906310111284
1791,0.0063224362675100565
2800,0.006309679243713617
2036,0.006307736039161682
2781,0.006289877695962787
3104,0.006236873334273696
3745,0.006161789409816265
4091,0.006093570496886969
259,0.006003540242090821
648,0.005973794497549534
4693,0.005968121811747551
867,0.005951551720499992
2549,0.005913844099268317
1529,0.005888026673346758
763,0.00583076081238687
2414,0.005821692757308483
3305,0.005799395497888327
310,0.0057842545211315155
3119,0.00578380236402154
4479,0.005776091944426298
3162,0.00577130657620728
1688,0.00572109199129045
3447,0.00569910672493279
1178,0.005669300677254796
234,0.005657142028212547
661,0.005613245069980621
754,0.005584156606346369
4187,0.005507032852619886
4610,0.0054972413927316666
1965,0.005478207487612963
635,0.0054307435639202595
4746,0.005381068913266063
1732,0.0053326047491282225
2284,0.005320761818438768
1980,0.00526507175527513
4783,0.005259438417851925
500,0.005208240356296301
2430,0.0051814347971230745
3439,0.005141170462593436
3532,0.00502412230707705
1511,0.004999826895073056
1761,0.004978554090484977
4390,0.004951648181304336
3972,0.004949196707457304
866,0.004941899329423904
1417,0.004913819953799248
4974,0.0049034287221729755
1916,0.004889962263405323
261,0.00488873734138906
1607,0.004850604571402073
4879,0.00483344541862607
3640,0.004815486492589116
2501,0.004784052260220051
1681,0.0047642739955335855
4440,0.004737783223390579
1224,0.004733813926577568
4826,0.0047153388150036335
670,0.004713132511824369
1876,0.004708016524091363
4854,0.004683684790506959
1452,0.004676591604948044
2350,0.00466922065243125
4857,0.004655811470001936
4756,0.004652977222576737
165,0.0046527383383363485
3141,0.004646527813747525
209,0.00463567185215652
2155,0.0046174798626452684
1632,0.004607512382790446
2562,0.004573431331664324
1039,0.004566338146105409
4939,0.004553667269647121
3893,0.004547290038317442
1806,0.004529581405222416
2295,0.004505582619458437
2309,0.004499498987570405
4706,0.004488548496738076
3714,0.004477857379242778
211,0.004448526073247194
4446,0.004436402814462781
2264,0.004431829787790775
3368,0.0044204979203641415
895,0.0044061613734811544
4082,0.004399553639814258
4977,0.0043783788569271564
2855,0.0043693287298083305
4146,0.004367177840322256
975,0.004366254201158881
4227,0.00436491658911109
3573,0.004363205283880234
1813,0.004362796433269978
4288,0.004359927726909518
3619,0.0043588855769485235
4658,0.0043528692331165075
459,0.0043191188015043736
827,0.004299296997487545
706,0.004297938896343112
1192,0.0042978618294000626
2022,0.004287182353436947
3374,0.004254698753356934
4281,0.004242677474394441
3883,0.004235160071402788
3404,0.004224034026265144
457,0.0041923734825104475
3365,0.004176989663392305
4656,0.004167042672634125
1144,0.00414778059348464
421,0.004141106735914946
1960,0.004135404247790575
3857,0.004131560679525137
3552,0.004129011649638414
2367,0.004118915647268295
4947,0.004100551828742027
638,0.004088884219527245
4176,0.004081083927303553
42,0.00407005799934268
569,0.00405379943549633
1021,0.004051874624565244
3952,0.004049939103424549
4261,0.00404944340698421
4529,0.00404734315816313
567,0.0040325496811419725
1816,0.004013783996924758
4112,0.003992012701928616
4310,0.003987608011811972
751,0.003987427800893784
3956,0.003987139090895653
865,0.003971352707594633
3774,0.003949718549847603
4234,0.003933001309633255
493,0.003928683581762016
1366,0.0039211425464600325
1079,0.003919619251973927
4810,0.003917936934158206
174,0.00391618232242763
1717,0.0039160584565252066
916,0.003912712330929935
4153,0.003892577486112714
2749,0.0038874342571944
4171,0.0038848009426146746
1061,0.0038824458606541157
1327,0.00387510540895164
1422,0.0038725929334759712
4508,0.0038685863837599754
531,0.0038533415645360947
1640,0.00384891196154058
1181,0.0038474815664812922
246,0.003843394690193236
671,0.0038404710358008742
446,0.003826549625955522
4851,0.003826249740086496
621,0.0038074853364378214
1893,0.0037819925928488374
3635,0.003779518185183406
1662,0.0037714868085458875
4414,0.00376795616466552
2598,0.00375807355158031
438,0.003751477925106883
1660,0.0037280592368915677
1567,0.0037245986750349402
4841,0.0037164492532610893
4119,0.0036834946367889643
4635,0.003678443026728928
1329,0.003661573282442987
2998,0.0036594015546143055
2794,0.0036544385366141796
1833,0.0036521984729915857
2226,0.0036392175825312734
3422,0.0036165612982586026
3704,0.0036158720031380653
518,0.003611914347857237
1755,0.003597718197852373
2679,0.0035923817194998264
2383,0.003587967250496149
915,0.003558180294930935
137,0.003496131510473788
3948,0.003494721371680498
2393,0.003488660091534257
1585,0.0034858454018831253
2497,0.0034700450487434864
1975,0.0034457527799531817
1800,0.003444422734901309
3716,0.0034421547316014767
1795,0.003440612112171948
1751,0.003439955529756844
805,0.003429418778978288
2272,0.0034283235436305404
745,0.0033614892745390534
2543,0.0033519710414111614
1507,0.0033517765114083886
2723,0.0033405203139409423
4347,0.003331566695123911
1898,0.00332554429769516
3596,0.0033190425019711256
739,0.0033095611725002527
4921,0.003308407962322235
1996,0.0033078964333981276
792,0.0032982766861096025
4531,0.003283836180344224
63,0.0032728544902056456
3766,0.0032639234559610486
1496,0.003248394001275301
3847,0.0032368404790759087
3065,0.0032365504885092378
448,0.003234454314224422
2950,0.003226527478545904
3453,0.0032249458599835634
511,0.0032234007958322763
2883,0.003207184257917106
2801,0.0031982329674065113
1705,0.0031891518738120794
790,0.00317367073148489
195,0.00317001948133111
1123,0.003153317957185209
193,0.0031530988635495305
4874,0.0031297215027734637
4216,0.003123586648143828
4822,0.0031144534004852176
1626,0.0031055633444339037
3710,0.0030978501308709383
3699,0.0030921330908313394
2895,0.003067132318392396
4421,0.003063659300096333
892,0.0030616577714681625
4564,0.003058789297938347
4304,0.0030216682935133576
1466,0.003020319971255958
2190,0.0030187389347702265
3737,0.003014990361407399
630,0.0030027825850993395
1642,0.0029957819497212768
574,0.002985829138197005
2780,0.002975975628942251
2219,0.0029757237061858177
4406,0.0029663743916898966
2784,0.0029651958029717207
1943,0.0029468120774254203
1929,0.0028975369641557336
1592,0.0028937237802892923
4773,0.0028909510001540184
3072,0.002879955805838108
994,0.0028790917713195086
961,0.002866832772269845
2321,0.002847253577783704
4617,0.002846816903911531
1497,0.0028466832591220737
4771,0.0028274516807869077
939,0.00282555865123868
3684,0.0028169568395242095
1723,0.002811247482895851
4053,0.002808096120133996
3687,0.0028074312722310424
4239,0.0028073731809854507
2907,0.0027988216606900096
4013,0.002786946250125766
3881,0.002786024007946253
4290,0.002775847096927464
3582,0.0027753995964303613
669,0.00277295196428895
1758,0.002760820440016687
3683,0.0027591825928539038
4084,0.002752386382780969
4971,0.0027502902084961534
2836,0.0027491216314956546
4420,0.0027304651448503137
2617,0.0027291137957945466
872,0.0027106322813779116
875,0.0027040678542107344
2277,0.002702340018004179
4224,0.0026975898072123528
472,0.0026783611392602324
377,0.002674071816727519
3190,0.0026367863174527884
4758,0.0026086352299898863
3028,0.0026072287000715733
1391,0.002605522400699556
1390,0.0025915210135281086
4948,0.0025841057067736983
3960,0.0025732178473845124
4916,0.00257108430378139
1218,0.0025664714630693197
1752,0.002558145788498223
4295,0.0025574377505108714
396,0.0025488323299214244
336,0.0025240100221708417
1618,0.002515400410629809
2871,0.0025071173440665007
2840,0.0025042728520929813
2846,0.0024955314584076405
2856,0.002490490791387856
4182,0.002476222813129425
1127,0.002473814063705504
1012,0.002472967840731144
3798,0.002465556492097676
1983,0.0024440307170152664
1399,0.0024437534157186747
4524,0.002443621400743723
4838,0.002439337666146457
980,0.0024293845053762197
273,0.0024233682779595256
1824,0.0024219024926424026
1801,0.002420998178422451
2073,0.0024126539938151836
1949,0.0024047783808782697
3045,0.002389258472248912
2902,0.0023791135754436255
4065,0.002369336085394025
3004,0.0023666564375162125
1471,0.00236115965526551
4008,0.002349390648305416
3693,0.0023486558347940445
297,0.0023409376153722405
4160,0.0023342210333794355
2610,0.0023296328727155924
3232,0.0023255854612216353
3572,0.0023098639212548733
3446,0.0022982414811849594
364,0.0022945725359022617
1337,0.0022940298076719046
2358,0.0022909512044861913
3618,0.0022813593968749046
3201,0.0022801002487540245
2766,0.002276684739626944
4069,0.002271181554533541
383,0.0022669824538752437
4027,0.00226651004049927
2517,0.00226277275942266
4238,0.0022615735651925206
4541,0.002255833358503878
1421,0.002254720195196569
4753,0.0022536598844453692
75,0.002251826343126595
3559,0.0022452283883467317
3963,0.0022348533384501934
363,0.002231588587164879
3999,0.0022270436165854335
3558,0.002225027186796069
1089,0.0022206316934898496
2451,0.0022167955758050084
4759,0.00220941542647779
541,0.0022070081904530525
2236,0.0022066409001126885
424,0.0021971287205815315
1530,0.0021941366139799356
2897,0.0021674138261005282
4998,0.0021654991433024406
2663,0.0021553291007876396
2918,0.0021496632834896445
182,0.0021476016845554113
3319,0.0021447703475132585
4511,0.00213563593570143
4713,0.0021300596417859197
1852,0.002122054109349847
3388,0.0021191384876146913
1067,0.0021190382540225983
615,0.0021029914496466517
4475,0.0020973196951672435
4905,0.0020939961541444063
2135,0.002075594151392579
102,0.0020754324505105615
984,0.0020723534980788827
3801,0.002071951166726649
3725,0.0020692581310868263
824,0.0020691031822934747
4365,0.0020668543875217438
1711,0.0020597606198862195
3430,0.0020537148229777813
1133,0.0020428989082574844
3354,0.002031747600995004
4535,0.002029490889981389
1569,0.002027223934419453
1169,0.002027100883424282
2461,0.0020216573029756546
2512,0.0020175378303974867
2185,0.0020110763143748045
483,0.00201036618091166
3174,0.002010331954807043
56,0.0020041779498569667
411,0.0019994922913610935
2131,0.001995249360334128
4254,0.0019933448638767004
216,0.001991703873500228
1587,0.0019865732174366713
1676,0.001983475871384144
608,0.0019811337115243077
664,0.0019755105022341013
2776,0.0019683087593875825
3570,0.001967584015801549
1454,0.0019625831628218293
3523,0.0019619191298261285
830,0.0019569622818380594
639,0.0019538652850314975
2793,0.0019446495571173728
3905,0.0019387217471376061
126,0.0019360895967110991
3226,0.001930766215082258
4177,0.001929989899508655
4044,0.0019215409411117435
4520,0.0019112497102469206
67,0.0019070220296271145
2496,0.0018960392335429788
4796,0.0018933865358121693
4619,0.0018910262733697891
4789,0.0018848311738111079
2796,0.001883083488792181
2954,0.0018823790596798062
3907,0.0018799583776853979
4371,0.0018733739270828664
4338,0.0018691063160076737
2547,0.0018674387247301638
3379,0.0018649750854820013
3056,0.001864973339252174
4343,0.0018598342430777848
730,0.001857415132690221
4103,0.001850202796049416
2189,0.0018500416190363467
3340,0.0018498552963137627
4596,0.0018486251356080174
1285,0.001843994832597673
1901,0.001835222472436726
2470,0.0018351444159634411
685,0.0018335324712097645
3005,0.001826780498959124
607,0.0018238516058772802
819,0.0018174129072576761
2814,0.0018160045729018748
2999,0.0018155984580516815
4800,0.0018107112846337259
675,0.0018058049026876688
3001,0.0018047011108137667
2368,0.0018039774149656296
668,0.001802643295377493
4697,0.0017999428091570735
2763,0.0017963203135877848
4720,0.0017888914444483817
2909,0.0017761564813554287
2040,0.0017743082134984434
1272,0.0017654835828579962
2406,0.0017576912068761885
1812,0.0017559805419296026
3833,0.0017542151035740972
3553,0.0017525071743875742
2039,0.0017505092546343803
3712,0.0017481190152466297
3016,0.0017457098001614213
3651,0.0017416525515727699
1102,0.0017326284432783723
1506,0.0017302241758443415
2921,0.0017298721941187978
1313,0.0017276561702601612
4999,0.001724638626910746
4968,0.0017234334954991937
3459,0.0017211296944878995
4399,0.0017161915893666446
3176,0.0017156193498522043
2513,0.0017134142690338194
4252,0.0017133307410404086
3518,0.0017094360664486885
2326,0.001708852592855692
3845,0.0017067907028831542
4109,0.0017063532723113894
3010,0.0017056925571523607
1914,0.0016952517908066511
4983,0.0016946678515523672
191,0.0016908469260670245
4868,0.0016830860986374319
2227,0.0016829893575049937
1619,0.0016795253613963723
2278,0.0016751690418459475
2975,0.0016685151495039463
2582,0.0016636818763799965
2653,0.0016576070920564234
1564,0.0016562112141400576
1596,0.0016509838751517236
405,0.0016415395075455308
4492,0.0016400988679379225
908,0.0016392904217354953
3262,0.0016385347116738558
4313,0.0016344846226274967
3673,0.0016318403650075197
4272,0.0016290605417452753
2985,0.0016264797886833549
2633,0.0016193065093830228
3098,0.0016150380834005773
1822,0.0016109721618704498
2082,0.0016106024850159883
3506,0.0016074578161351383
3672,0.0016036754823289812
2915,0.001594412955455482
3263,0.0015941282035782933
2933,0.001593606430105865
4834,0.00159065134357661
2644,0.001584429934155196
978,0.0015832113567739725
812,0.00157889915863052
2066,0.0015775213832966983
2070,0.0015766355209052563
4513,0.0015741404495202005
3612,0.0015648392145521939
4703,0.001551265362650156
3770,0.0015493982937186956
2889,0.0015445404569618404
2744,0.0015431796200573444
4517,0.0015367562300525606
600,0.0015354128554463387
4355,0.0015350909670814872
534,0.0015320233069360256
2046,0.0015279154176823795
2586,0.0015270416624844074
4824,0.001526211271993816
2571,0.0015253620804287493
1685,0.0015239804633893073
4131,0.0015226007089950144
4438,0.0015195736195892096
3256,0.001516415155492723
266,0.0015135328867472708
177,0.0015126646030694246
2434,0.0015091997920535505
3071,0.0014986435417085886
1744,0.0014981137937866151
1823,0.001498027180787176
4134,0.0014937934465706348
2136,0.0014929265016689897
4667,0.0014928135205991566
1763,0.0014910894678905606
3297,0.001488337351474911
2936,0.001487528788857162
418,0.0014855866320431232
2579,0.0014840798685327172
4705,0.001482836902141571
1216,0.0014824948739260435
4897,0.0014790539280511439
306,0.001476101519074291
4976,0.0014740796177648008
368,0.0014732945128344
3557,0.0014718134189024568
1232,0.001470075047109276
4114,0.0014583294396288693
2493,0.0014545602025464177
2540,0.0014493231428787112
1787,0.0014445451670326293
636,0.0014444779953919351
90,0.0014351902063935995
841,0.0014345431700348854
1820,0.0014324116636998951
4928,0.0014309895923361182
2164,0.0014292439445853233
1486,0.0014288095408119261
3027,0.0014148540794849396
2612,0.001414439408108592
2923,0.0014133189106360078
1163,0.0014129903283901513
3350,0.001400526612997055
683,0.0013956359471194446
355,0.0013944184174761176
1212,0.0013934026355855167
4066,0.001391749654430896
2845,0.0013887202367186546
1412,0.001382125832606107
3429,0.0013817838043905795
4425,0.0013807783834636211
3534,0.0013803931651636958
4320,0.0013775740517303348
4943,0.0013725520111620426
2344,0.0013676430680789053
1022,0.0013674701913259923
4938,0.0013637887896038592
1000,0.0013629259774461389
2958,0.0013617766089737415
3578,0.001357875531539321
3623,0.0013552691088989377
748,0.0013500158675014973
3888,0.0013488700496964157
919,0.0013488621334545314
491,0.0013443349162116647
710,0.0013442119816318154
3329,0.0013414176064543426
809,0.0013407475780695677
4618,0.0013357766438275576
2315,0.0013293033698573709
180,0.0013285439927130938
1174,0.0013258717372082174
2366,0.0013223395799286664
1201,0.001321375893894583
663,0.001321007905062288
4329,0.0013208327000029385
3412,0.0013168820296414196
4400,0.0013098808121867478
1971,0.0013080317294225097
3175,0.0013041548081673682
4269,0.001301071373745799
1579,0.0012991978437639773
1305,0.0012944109039381146
2629,0.0012926618801429868
4745,0.0012853490770794451
693,0.0012825430603697896
1353,0.001280158234294504
619,0.0012795929214917123
752,0.0012739046360366046
2542,0.0012685686233453453
1059,0.001261524681467563
4920,0.0012540897587314248
1453,0.001251948589924723
3755,0.0012493290123529732
2059,0.0012470634537748992
1236,0.0012448725756257772
4274,0.0012348959571681917
1974,0.0012335904757492244
4209,0.0012305304408073425
1269,0.0012294739135541022
2599,0.0012273993925191462
4375,0.0012247322592884302
4633,0.0012172843562439084
3585,0.001210054149851203
2041,0.0012080669403076172
415,0.0012079034931957722
4687,0.0012074223486706614
1941,0.00120196194620803
1317,0.0012019052519463003
2313,0.0012001404538750648
4170,0.001199058024212718
2363,0.0011988311889581382
2237,0.0011980360141023993
1565,0.0011975711677223444
3366,0.0011964061413891613
1221,0.0011955820955336094
4291,0.0011927809100598097
35,0.0011914015631191432
4208,0.0011907248990610242
3577,0.001188635069411248
2037,0.0011874211486428976
2348,0.0011830623843707144
303,0.0011743109789676964
1933,0.0011718537425622344
413,0.0011714314459823072
1754,0.0011692660045810044
1189,0.0011607290362007916
3722,0.001160363492090255
963,0.0011601881706155837
2078,0.0011599012068472803
2609,0.0011582892038859427
1797,0.0011530076153576374
3298,0.0011515712249092758
1961,0.0011415305780246854
328,0.0011392966844141483
325,0.0011378573253750801
2676,0.0011319064651615918
2934,0.0011313475552015007
3644,0.001118140877224505
4327,0.0011168841738253832
167,0.0011137507972307503
4558,0.0011132482904940844
3668,0.0011131155188195407
3496,0.0011076114606112242
2489,0.0011061663972213864
2457,0.0011026663705706596
4876,0.001099707093089819
4191,0.0010995185002684593
2865,0.0010986437555402517
4012,0.0010982006206177175
2740,0.001097913715057075
2448,0.0010966865811496973
4779,0.0010958047350868583
555,0.0010953880264423788
2334,0.0010870674741454422
959,0.001086430682335049
1701,0.0010859615285880864
4501,0.0010829188977368176
2948,0.0010826308280229568
4567,0.001082068309187889
1002,0.0010802022879943252
1825,0.0010783834150061011
2835,0.0010782601311802864
1559,0.0010750219807960093
4226,0.001074621919542551
4888,0.0010740944999270141
1617,0.0010709282360039651
4695,0.0010703816660679877
3456,0.0010691987699829042
640,0.0010675581288523972
4950,0.001060732058249414
2303,0.001057133253198117
3249,0.001057128538377583
4521,0.0010543491807766259
2337,0.0010501336655579507
4958,0.001048976555466652
1661,0.001047425321303308
2485,0.001045996614266187
882,0.0010450318222865462
465,0.0010432926937937737
4331,0.0010426461813040078
3589,0.0010421734768897295
3492,0.0010397808509878814
198,0.0010349369840696454
1355,0.0010343019384890795
4408,0.001034284709021449
3378,0.001032439700793475
2389,0.0010322504676878452
392,0.0010307011543773115
726,0.001029976294375956
2811,0.0010290505015291274
2920,0.001028689497616142
540,0.0010283805895596743
4763,0.0010267778998240829
4022,0.001026273937895894
2076,0.0010239192633889616
3850,0.001022973796352744
3431,0.001020872441586107
1414,0.001019393966998905
2533,0.001017706817947328
1738,0.0010137407225556672
967,0.0010130328591912985
1397,0.0010094820754602551
633,0.0010028877877630293
1231,0.0010000314796343446
3846,0.0009992123232223094
1155,0.000998828443698585
1394,0.0009971781400963664
3030,0.000994301459286362
4624,0.0009916788549162447
1475,0.0009904312901198864
4001,0.0009865982574410737
1365,0.0009854391682893038
757,0.0009839630220085382
3187,0.0009817715617828071
19,0.000981053221039474
1378,0.000980813492788002
2991,0.0009791804477572441
2343,0.0009751112083904445
203,0.000974276103079319
4260,0.0009740241512190551
2822,0.0009708854486234486
905,0.0009703091054689139
263,0.0009617508039809763
573,0.0009613255970180035
2426,0.0009602631907910109
218,0.0009590478730387986
4026,0.0009589612018316984
2182,0.0009581438498571515
2935,0.0009561932820361108
791,0.0009534759446978569
4591,0.000952933682128787
1318,0.0009505850321147591
3139,0.0009445282048545778
3965,0.0009423282754141837
1586,0.0009373402572236955
3848,0.0009366234298795462
4311,0.00093222432769835
4483,0.0009309621818829328
4100,0.000930553738726303
2636,0.0009294879564549774
3512,0.0009284908592235297
1834,0.0009282501705456525
4039,0.0009240487997885793
709,0.0009234586905222386
1469,0.0009206081740558147
1777,0.000919081358006224
2124,0.0009184850205201656
4075,0.0009178562322631478
1347,0.0009168038668576628
3957,0.0009134747087955475
989,0.0009133048879448324
2939,0.0009089773229788989
2946,0.0009084268240258098
3728,0.0009071483509615064
38,0.0009053850080817938
1658,0.0008941021224018186
2965,0.0008939939143601805
3607,0.0008919788524508476
3751,0.0008902148983906955
1139,0.0008853076433297247
3318,0.0008851190796121955
4095,0.0008823266834951937
1003,0.0008797122573014349
1193,0.0008796777110546827
1406,0.0008792542794253677
1298,0.0008774305752012879
245,0.0008736061863601208
3726,0.0008670905081089586
3992,0.0008667509537190199
652,0.0008651788521092385
1045,0.000864957575686276
1461,0.0008643978799227625
4497,0.0008618405554443598
1560,0.0008599992725066841
3560,0.0008599082357250154
2375,0.0008596425759606063
4819,0.0008589169301558286
4289,0.0008585756877437234
2169,0.000855369376949966
1843,0.0008489000319968909
3479,0.0008466630533803254
86,0.0008466386934742332
1906,0.0008464659040328115
1413,0.0008457503572572023
138,0.0008452585898339748
725,0.0008449918823316693
2054,0.0008442813996225595
85,0.000844071590108797
1637,0.0008391704759560525
255,0.0008372807060368359
714,0.0008363674278371036
532,0.0008280757465399802
3823,0.000827067211503163
2996,0.0008259792521130294
2222,0.000825865485239774
2869,0.0008247180376201868
4892,0.0008228940132539719
4016,0.0008220963063649833
4404,0.0008214984554797411
4389,0.0008210395462810993
407,0.0008201896271202713
3902,0.0008183719764929265
1350,0.0008181367011275142
4081,0.0008179974392987788
3003,0.0008166194020304829
1663,0.0008159076096490026
4151,0.0008153706730809063
1280,0.0008149428758770227
4147,0.0008142701990436763
2356,0.000809250574093312
83,0.0008090664923656732
698,0.0008079438412096351
3800,0.0008071931952144951
3504,0.0008061285188887268
700,0.0008052304619923234
4663,0.0007987040444277227
4122,0.0007984999683685601
3179,0.0007979914953466505
4987,0.0007961118535604328
3903,0.0007937425398267806
1211,0.0007918074843473732
4565,0.0007845879008527845
977,0.0007841984333936125
1859,0.0007824672502465546
3243,0.0007815265562385321
3185,0.0007808732334524393
213,0.0007803858316037804
2056,0.0007802301261108369
2244,0.000779712718212977
1623,0.0007792716205585748
3562,0.0007744781032670289
3696,0.000774310901761055
16,0.0007742258021607995
2987,0.0007709471392445266
4244,0.0007698574918322265
2473,0.0007686251192353666
2787,0.0007647218881174922
4409,0.000763617194024846
1599,0.0007589692540932447
190,0.0007560478115919977
4777,0.0007544388936366886
2336,0.0007519994978792965
595,0.0007492887671105564
3908,0.0007486501999665052
2648,0.0007485146052204072
3482,0.0007479749037884176
2253,0.0007478529587388039
4207,0.0007478477491531521
4721,0.000747537735151127
4250,0.0007474579906556755
1577,0.0007451020355802029
990,0.0007450807606801391
4353,0.0007448509568348527
4032,0.0007436943706125021
692,0.000743114942451939
1741,0.0007425242802128196
3931,0.0007420923211611807
4055,0.000741699623176828
4847,0.0007378289010375738
3411,0.0007349320512730628
3066,0.000731209380319342
3099,0.0007304793980438262
3849,0.0007285731553565711
1472,0.000726118276361376
2832,0.000725894613424316
1628,0.000724266457837075
962,0.0007211535703390837
912,0.0007210512994788587
2075,0.0007209207105915993
1780,0.0007207057496998459
437,0.0007191486074589193
3796,0.0007180673710536212
4566,0.0007178658270277083
3224,0.0007178003143053502
3749,0.0007129425648599863
3809,0.0007103131501935422
4861,0.0007095519104041159
3783,0.0007053309818729758
4700,0.0007028791005723178
4506,0.0007025953091215342
1227,0.0007002461643423885
307,0.0006995601870585233
1829,0.0006989958346821368
1578,0.0006977998418733478
93,0.0006967067020013928
1793,0.0006954846903681755
4709,0.0006952100375201553
887,0.0006945367495063692
1581,0.0006941442261449993
4982,0.0006937859579920769
3746,0.0006925835623405874
3194,0.0006905360496602952
1352,0.0006889676733408123
1872,0.0006818528927396983
4655,0.0006790081679355353
1773,0.000678925949614495
1966,0.0006789009203203022
3568,0.0006784698052797467
2697,0.0006768629245925695
2826,0.0006758500239811838
1138,0.0006750347674824297
1582,0.0006731488101650029
3386,0.0006708592700306326
1982,0.0006695795163977891
3825,0.0006679373909719288
4358,0.0006678831996396184
374,0.0006677393685095012
2007,0.0006628666014876217
1326,0.0006625684909522533
4755,0.0006624347588513047
1097,0.000661891361232847
4716,0.0006548046658281237
888,0.0006543347262777388
1963,0.0006542498304042965
2120,0.0006528311350848526
58,0.0006524634081870317
3499,0.0006521253671962768
3741,0.0006508056540042162
2666,0.000648776040179655
2570,0.0006479173607658595
2771,0.0006454411777667701
2404,0.0006441652367357165
4113,0.0006436769035644829
3359,0.0006410482747014612
1240,0.0006388204637914896
1786,0.0006386730237863958
4376,0.0006382561987265944
509,0.000635743053862825
4246,0.0006356079247780144
485,0.0006354147044476122
1667,0.0006353647913783789
4102,0.0006348537281155586
1074,0.0006342710112221539
533,0.0006341223197523504
84,0.0006339675164781511
891,0.0006321346445474774
1495,0.0006310461612883955
2013,0.0006304625712800771
4301,0.0006304204580374062
2690,0.0006294296181295067
3862,0.0006292411417234689
4336,0.0006288274307735264
4491,0.0006283766124397516
2083,0.0006281163368839771
4639,0.0006223320669960231
4769,0.0006214145396370441
829,0.0006207090627867728
2349,0.0006199932540766895
3477,0.0006194683082867414
3516,0.0006174237059894949
3677,0.0006168853142298758
769,0.0006161226774565876
1429,0.0006154324219096452
3038,0.0006138849712442607
2033,0.000613610667642206
1372,0.0006134567083790898
3636,0.0006134310096967965
2487,0.000612267991527915
1985,0.0006117947050370276
843,0.000610579241765663
898,0.0006102886400185525
2327,0.000609682232607156
1481,0.0006068756629247218
2714,0.0006067613430786878
1290,0.000601785781327635
4519,0.0006017108098603785
3667,0.0005969781777821481
1501,0.0005948915204498917
1554,0.0005942548741586506
844,0.0005938487593084574
2214,0.0005932009662501514
2765,0.0005926299782004207
1428,0.000592084281379357
1629,0.000591473828535527
299,0.0005887604202143848
2228,0.0005878137890249491
1359,0.000587635557167232
3886,0.0005855912168044597
3007,0.0005845155392307788
3615,0.0005822894163429737
747,0.0005815896147396415
1647,0.0005795970209874213
4509,0.0005791354924440384
3367,0.0005765613750554621
3860,0.0005748243711423129
3792,0.0005739910411648452
592,0.0005727426323574036
4955,0.0005705278017558157
1228,0.0005671214894391596
4867,0.0005657541623804718
3392,0.0005646025820169598
807,0.0005635253037326038
4411,0.0005621877207886428
874,0.000560213637072593
1505,0.0005600681179203093
2843,0.0005600207368843257
1498,0.000559853739105165
2779,0.0005596918636001647
1627,0.0005593328678514808
3096,0.0005592729430645704
2568,0.0005560796125791967
3934,0.0005556191608775407
849,0.0005555955285672098
4893,0.0005541385326068848
857,0.0005533250805456191
3032,0.0005525821470655501
4368,0.0005520113918464631
87,0.0005491831980179995
765,0.0005486375885084271
3986,0.0005482961132656783
727,0.0005482677661348134
3489,0.0005482223350554705
1077,0.000546641880646348
1899,0.0005448471638374031
4538,0.0005447593284770846
4029,0.0005446744326036423
2972,0.0005444838607218117
2011,0.0005423194088507444
1765,0.0005410485318861902
1766,0.000540716660907492
1190,0.0005398770736064762
4221,0.000539441971341148
391,0.0005367723351810127
4045,0.0005352949956431985
1028,0.0005343438242562115
3079,0.0005335987079888582
1130,0.0005335701571311802
3424,0.0005323453806340694
1304,0.000531350146047771
2877,0.0005310593696776778
934,0.0005296712333802134
326,0.0005277610325720161
813,0.0005272456037346274
1669,0.0005271616682875901
4803,0.0005271468544378877
4965,0.0005269994144327939
2665,0.0005256063595879823
744,0.0005253064737189561
1770,0.0005235839053057134
4696,0.0005222362233325839
2627,0.0005222049076110125
3505,0.0005215083947405219
2482,0.000521409820066765
3325,0.0005210101371631026
1134,0.0005208544316701591
188,0.0005191941454540938
2208,0.0005182907916605473
4061,0.0005177553393878043
3448,0.0005177360726520419
3420,0.000516850413987413
3126,0.0005155250546522439
2130,0.0005152942321728915
1465,0.0005139311251696199
2259,0.0005123475566506386
2955,0.0005121826543472707
3203,0.0005094943044241518
1515,0.000508800832903944
2881,0.000508193887071684
432,0.0005079543334431946
781,0.0005075264925835654
3473,0.0005066180310677737
3566,0.0005056658847024664
2420,0.0005042052071075886
371,0.0005021395336370915
2514,0.0005017845542170107
2280,0.0005006167921237648
3427,0.0004996776697225869
3195,0.0004986505955457687
290,0.0004983284161426127
544,0.0004983117833035067
1323,0.0004975017800461501
3816,0.0004964486288372427
2143,0.0004964290710631758
554,0.0004954442847520113
1364,0.0004946896806359291
3089,0.000494645384605974
2613,0.0004945410182699561
2065,0.0004941949446219951
788,0.000490973296109587
2611,0.0004898138722637668
3997,0.0004894872254226357
3605,0.0004882121429545805
2111,0.0004873206635238603
1273,0.00048707061796449125
360,0.00048698863247409463
4507,0.0004861620254814625
3265,0.0004860480985371396
527,0.00048514951777178794
3698,0.0004842431371798739
1502,0.0004825336509384215
2515,0.00048200653691310436
119,0.0004803379124496132
655,0.0004803042975254357
3109,0.0004791895189555362
1957,0.00047854174044914544
2647,0.00047827161324676126
21,0.00047583860578015447
281,0.00047537773207295686
1427,0.0004748435312649235
2395,0.00047467811964452267
1538,0.0004745072074001655
4890,0.0004731936933239922
62,0.00047261193685699254
4241,0.000472406463813968
1737,0.0004717123374575749
362,0.0004709296772489324
2307,0.00047070247819647193
1516,0.00047025777166709304
4940,0.0004693088703788817
686,0.00046680140076205134
4052,0.00046666536945849657
4944,0.00046487680810969323
2578,0.0004644539731089026
3064,0.00046407710760831833
3326,0.00046374034718610346
3225,0.00046102206397335976
379,0.0004597756633302197
1233,0.0004592059558490291
4476,0.00045791108277626336
251,0.00045633979607373476
4549,0.0004561049718176946
366,0.0004553852486424148
2298,0.0004550599696813151
1122,0.0004545049014268443
2332,0.00045390595914795995
938,0.0004530935693765059
3244,0.00045303351362235844
1857,0.00045263538777362555
4323,0.0004525199765339494
33,0.00045043820864520967
4552,0.0004498925554798916
4863,0.0004498399212025106
1162,0.0004496430337894708
1457,0.00044733512913808227
1324,0.0004473069275263697
1562,0.0004466863028937951
1016,0.00044625619193539023
4749,0.00044083451211918145
4297,0.00044031545985490084
1449,0.00043996026215609163
80,0.00043990390258841217
2233,0.0004397481243358925
3633,0.0004381269100122154
4883,0.0004368812369648367
3221,0.0004366082139313221
2063,0.00043655069021042436
1154,0.00043620709038805217
1047,0.00043556257151067257
3343,0.00043509692477528006
2435,0.00043376945541240275
3985,0.00043375031964387745
833,0.0004335562698543072
4908,0.00043261759856250137
1894,0.0004324208857724443
2608,0.00043053142144344747
4163,0.00042820905218832195
277,0.00042740597564261407
1908,0.0004270843928679824
3132,0.00042703395592980087
1387,0.0004257079417584464
3338,0.00042566943739075214
4268,0.00042488580220378935
913,0.0004219175025355071
2232,0.00042183617188129574
2459,0.0004207103338558227
2893,0.0004192136984784156
1712,0.00041829860128927976
656,0.00041746591159608215
1368,0.00041650306957308203
359,0.00041650164348538965
2906,0.0004159047966822982
3708,0.000414909198298119
4605,0.0004142454999964684
3586,0.0004141506942687556
3748,0.0004138421354582533
4548,0.0004132186877541244
3260,0.00040895237179938704
4211,0.0004078386555192992
2057,0.0004059481871081516
3662,0.0004045733658131212
1536,0.00040455842099618167
3721,0.00040412761154584587
2516,0.00040342079591937363
2587,0.00040288030868396163
3369,0.000402216290240176
3942,0.00040119339246302843
3435,0.0004010917036794126
1608,0.00039924071461427957
4692,0.00039879071118775755
4256,0.00039875833317637444
4203,0.00039851768815424293
3052,0.00039690156700089574
228,0.00039431211189366877
4870,0.0003937034052796662
3410,0.000393515030737035
870,0.00039310494321398437
1616,0.00039205970824696124
2538,0.0003917871508747339
4441,0.00039013179775793105
37,0.00038850741111673415
456,0.0003882490564137697
469,0.0003868105122819543
4661,0.0003858868294628337
2737,0.0003852535446640104
1652,0.00038521838723681867
229,0.0003850419452646747
3168,0.0003849688800983131
893,0.0003845090832328424
3808,0.00038392675924114883
185,0.00038370941183529794
1339,0.00038362882332876325
1090,0.0003822932922048494
309,0.00038167572347447276
66,0.0003813143848674372
1312,0.00038098703953437507
4762,0.0003799064870690927
678,0.0003797015087911859
1846,0.0003788617759710178
4130,0.000378331242245622
183,0.00037799305573571473
3511,0.0003764089633477852
2341,0.0003762403648579493
3426,0.0003754405915969983
2530,0.0003749563475139439
3085,0.00037404565955512226
2260,0.000373793431208469
951,0.00037376719410531223
1863,0.0003735039208550006
2554,0.0003717390354722738
3641,0.000370525085600093
1923,0.0003702169778989628
3998,0.00036985924816690385
3940,0.0003694659098982811
27,0.00036901394196320325
4787,0.00036848503805231303
960,0.0003677502099890262
641,0.000367578148143366
3434,0.00036738370545208454
3580,0.0003672396851470694
1006,0.0003666839038487524
1310,0.000365771003998816
549,0.00036478694528341293
1332,0.0003634511667769402
2077,0.0003630408173194155
381,0.0003623122029239312
4138,0.00036119976721238345
1997,0.00036035383527632803
3095,0.0003597969771362841
78,0.0003592735156416893
1693,0.0003586398670449853
4515,0.00035859546915162355
4152,0.000358033474185504
4539,0.0003580306947696954
237,0.000357568176696077
45,0.00035744118213187903
3890,0.0003563061763998121
2330,0.00035579310497269034
1768,0.0003550578694557771
4781,0.00035496313648764044
3731,0.00035406982351560146
2738,0.0003531584079610184
3771,0.0003523549239616841
3457,0.00035221556026954204
590,0.0003521478647598997
1110,0.00035210023634135723
296,0.0003509788657538593
2696,0.00035063848190475255
3189,0.0003501348110148683
3679,0.00034747220342978835
2384,0.0003472130047157407
2003,0.00034675822826102376
2410,0.0003465804038569331
3953,0.0003429322241572663
2177,0.00034201705420855433
3103,0.00034191647137049586
4672,0.0003400564892217517
3163,0.00033972183882724494
1680,0.0003396688698558137
1503,0.0003396688698558137
3529,0.0003391658538021147
4418,0.0003385231684660539
1296,0.000338254205416888
2159,0.00033823570993263274
917,0.00033775955671444535
1614,0.00033729638380464166
1033,0.00033647743111941963
789,0.00033587422512937337
4033,0.00033556971175130457
3266,0.00033532772795297205
440,0.00033489482302684337
486,0.00033471490314695984
1522,0.0003344024589750916
2005,0.00033384579000994563
3703,0.0003335452202009037
2452,0.0003332203777972609
4398,0.000332833849824965
1918,0.00033235510636586696
3025,0.0003321781841805205
3352,0.0003321318363305181
3356,0.00033207271189894527
337,0.00033189709938596934
3114,0.0003312925255158916
3842,0.00033127742062788457
3202,0.00033121652086265385
4484,0.00033094467653427273
2717,0.0003306822036392987
300,0.0003289008454885334
104,0.000328068999806419
928,0.00032784191716928035
64,0.0003276888601249084
4078,0.0003268500877311453
1789,0.00032483614631928504
2122,0.00032468819699715823
304,0.00032446562545374036
2331,0.00032404225203208625
1973,0.0003239532234147191
734,0.00032307971559930593
1878,0.00032106193248182535
4881,0.0003204230742994696
4500,0.0003204206586815417
4339,0.0003202646621502936
712,0.0003198897757101804
4850,0.00031969994597602636
3538,0.0003179291670676321
2093,0.0003177889302605763
836,0.0003168242983520031
2195,0.00031656485225539654
4626,0.0003164464433211833
4629,0.0003154635342070833
3151,0.00031538646726403385
445,0.00031300916452892125
3880,0.00031281371775548905
2333,0.00031233782647177577
2097,0.00031121671781875193
1743,0.0003107092634309083
3863,0.0003103323979303241
4056,0.00031019227753859013
3140,0.00030917137337382883
2140,0.00030854836222715676
1075,0.0003082674666075036
4586,0.00030814393539913
3288,0.0003080105088884011
4917,0.00030783709371462464
343,0.0003078125591855496
3471,0.0003076795837841928
14,0.00030704025994054973
3936,0.0003068473160965368
4526,0.000306778762023896
2526,0.00030601414619013667
785,0.00030560247250832617
313,0.0003054992703255266
3974,0.00030546543712262064
3925,0.0003053522086702287
1299,0.0003050992963835597
2706,0.00030509167117998004
2479,0.00030482743750326335
2081,0.0003045508055947721
3136,0.0003044343466171995
847,0.00030415653600357473
4675,0.00030372609035111964
4699,0.00030334114853758365
2688,0.0003024758188985288
2724,0.00030197648447938263
2417,0.0003018919232999906
1557,0.00030177185544744134
4412,0.00030164823692757636
1886,0.00030154666455928236
1170,0.0003015320253325626
1345,0.00030033352959435433
3563,0.0002997297124238685
2649,0.0002986161271110177
406,0.00029748475935775787
4174,0.0002971156791318208
2773,0.0002964618761325255
2134,0.0002964423329103738
2419,0.0002962732978630811
3996,0.00029592361534014344
3050,0.000295872290735133
2377,0.0002951882197521627
2405,0.0002949273039121181
1968,0.0002948532928712666
3606,0.00029435689793899655
4985,0.0002933649520855397
3197,0.00029309636738616973
1573,0.0002928485337179154
4673,0.000292292854283005
3015,0.00029010169964749366
4493,0.0002899039682233706
4356,0.00028975700843147933
1473,0.0002890630130423233
2443,0.00028845222550444305
838,0.00028797058621421456
1073,0.00028712954372167587
2978,0.00028642576944548637
4003,0.00028616542113013566
4683,0.00028575379110407084
2884,0.00028418799047358334
4054,0.00028313513030298054
442,0.000283095650956966
689,0.0002826435229508206
2741,0.00028199674852658063
2561,0.0002806679985951632
3047,0.00028055915026925504
3576,0.00028020006720907986
1105,0.0002799475041683763
3039,0.00027908400807064027
2114,0.0002774412860162556
3567,0.00027695058088283986
4245,0.0002766957477433607
4367,0.0002758007467491552
4377,0.0002753233857220039
2658,0.00027506785409059376
3561,0.00027487285842653364
1883,0.000274507372523658
576,0.0002743024379014969
3964,0.0002742794749792665
4277,0.00027370585303287953
59,0.0002730274572968483
4009,0.0002724813384702429
3294,0.0002724471123656258
3824,0.0002720120537560433
121,0.0002719676122069359
918,0.0002719247277127579
44,0.0002718964824452996
4975,0.0002716956951189786
1382,0.0002716687595238909
2798,0.00027090212097391486
3632,0.00027017242973670363
1229,0.0002691251429496333
1177,0.00026887920103035867
662,0.0002679912722669542
43,0.00026684292242862284
1108,0.00026679885922931135
4273,0.00026662946038413793
3670,0.0002657672011991963
723,0.000265560214756988
2355,0.0002649076486704871
3743,0.00026483765395823866
3638,0.0002641103492351249
3989,0.00026395109307486564
10,0.0002637631259858608
605,0.0002629165828693658
1904,0.0002622722677187994
2491,0.00026191436336375773
1725,0.00026188309129793197
1664,0.00026182172587141395
2340,0.00026174477534368634
948,0.00026163781876675785
3484,0.0002608730719657615
4094,0.00025910508702509105
4168,0.00025875255232676864
2110,0.0002575785474618897
4919,0.00025753245427040383
4354,0.0002574211248429492
1166,0.000257034640526399
3646,0.00025690594338811934
4723,0.0002568894560681656
4350,0.0002568421477917582
3864,0.0002566864568507299
1699,0.00025579851353541017
3442,0.00025573326274752617
1588,0.0002556315594119951
248,0.00025498002651147544
2899,0.0002548969496274367
1788,0.0002538916014600545
204,0.0002534200611989945
3584,0.00025221279793186113
614,0.0002516585373086855
3970,0.00025050029216799885
2184,0.0002504258445696905
380,0.00025042396737262607
3441,0.00025034532882273197
4518,0.0002502370916772634
530,0.00024995226704049855
3487,0.0002497334935469553
768,0.00024949642829596996
1979,0.0002490922197466716
1444,0.00024827776360325515
3887,0.00024819895770633593
3994,0.0002479729300830513
4578,0.0002479397808201611
1939,0.00024783090339042246
2754,0.00024736761406529695
545,0.0002469145692884922
4129,0.0002468875463819131
1874,0.00024619425676064566
1198,0.0002457462396705523
2973,0.00024566592765040696
4637,0.0002451050386298448
3419,0.0002450427273288369
2043,0.0002450414758641273
3544,0.0002448492596158758
925,0.000244784721871838
2138,0.0002445884019834921
1721,0.00024414167273789644
4836,0.00024408636090811342
1480,0.00024347000726265833
1991,0.0002428959560347721
4744,0.00024262220540549606
2783,0.0002419899174128659
24,0.00024155742721632123
1348,0.00024142005713656545
2306,0.00024039606068981811
4456,0.00024039440177148208
3083,0.00023966236039996147
3772,0.00023961839906405658
4496,0.00023952245828695595
72,0.00023944441636558622
1962,0.00023887020506663248
3757,0.00023882377718109637
3782,0.00023868413700256497
3870,0.00023782903008395806
1104,0.000237526030105073
4296,0.00023533008788945153
471,0.00023513137421105057
3460,0.00023475411580875516
3364,0.00023458778741769493
620,0.00023435716138919815
1159,0.00023426375992130488
34,0.00023416754993377253
3101,0.00023324935318669304
2183,0.0002322603831999004
3440,0.0002320169296581298
556,0.00023181902361102402
2829,0.00023165905440691859
3029,0.00023163366131484509
1266,0.00023140668781707063
4243,0.00023137401149142534
1034,0.0002313454242539592
4041,0.0002308625407749787
4092,0.00023070252063916996
4293,0.0002302784560015425
2436,0.00023025509290164337
4345,0.00022997456835582852
1209,0.000229701901844237
1302,0.00022877455921843648
4442,0.00022863269987283275
3686,0.00022850528330309317
148,0.00022840038582216948
3057,0.0002282583955093287
1683,0.0002278931497130543
2099,0.00022742739383829758
1334,0.00022730119962943718
3526,0.00022726802853867412
2833,0.00022710033954354003
3978,0.00022644130513072014
3889,0.00022584194084629416
1176,0.00022567882115254179
2618,0.0002254457212984562
3917,0.00022535499010700732
2548,0.00022526292013935745
1677,0.00022509336849907413
1994,0.0002245881623821333
1935,0.00022453835845226422
2732,0.00022450378310168162
563,0.00022436799190472811
4652,0.00022317606635624543
2680,0.00022315920068649575
1203,0.00022303639707388356
1101,0.00022300321143120527
2000,0.00022298726253211498
4871,0.00022241255646804348
4590,0.00022240532416617498
4040,0.00022135710605653003
3527,0.0002211706741945818
1713,0.0002206708595622331
3939,0.00022066653036745265
2486,0.00022044363140594214
3760,0.0002200270173489116
2213,0.00021974657283863053
4577,0.00021969113004161045
241,0.00021955010743113235
4038,0.00021928705973550677
684,0.00021831982303410769
2416,0.00021797770750708878
4043,0.0002177758069592528
398,0.00021763736003777012
1361,0.00021749793086200953
3209,0.00021749102597823367
1396,0.00021734200709033757
2527,0.00021719245705753565
2695,0.00021716408082284033
321,0.0002171171217923984
2603,0.0002168223072658293
834,0.0002156448899768293
598,0.00021552912221523002
1208,0.0002150341315427795
1551,0.00021503215248230845
1300,0.0002149499487131834
2500,0.00021488005586434156
4680,0.00021467213082360104
3525,0.0002135393297066912
4909,0.00021350709721446037
3875,0.00021336150530260056
3220,0.00021322529937606305
3868,0.00021318640210665762
3554,0.00021263465168885887
2924,0.00021251040743663907
2385,0.00021220285270828754
632,0.00021208528778515756
2852,0.0002120426797773689
4247,0.00021165169164305553
1149,0.00021116483549121767
539,0.00021113228285685182
3913,0.00021060498693259433
4782,0.00020993822545278817
1019,0.00020955789659637958
495,0.00020906365534756333
2508,0.00020861392113147303
4047,0.00020847751875407994
1668,0.0002079037658404559
426,0.00020780080376425758
1152,0.00020720274915220216
914,0.00020715909340651706
3284,0.00020702894107671455
1728,0.00020694199338322505
2290,0.0002067779641947709
3991,0.00020672047685366124
1590,0.0002060756232822314
3909,0.00020584891171893105
3768,0.00020577730902004987
2523,0.0002053153293672949
130,0.00020503747509792447
4172,0.00020495452190516517
433,0.00020464801491471007
512,0.00020455854973988608
1430,0.00020440993830561638
2088,0.0002041693078354001
2212,0.0002038286766037345
1686,0.00020359730115160346
3470,0.00020341589697636664
3678,0.00020321149349911138
2777,0.0002029466995736584
164,0.0002025424037128687
2474,0.00020224573381710798
6,0.0002022344124270603
287,0.0002021959298872389
361,0.00020188740018056706
1570,0.00020185037283226848
3361,0.0002016985454247333
4023,0.00020149974443484098
4089,0.00020146679889876395
2743,0.0002012815821217373
3346,0.00020102767302887514
4423,0.0002007600269280374
463,0.00020073127961950377
801,0.00020072553161298856
4799,0.0002005009082495235
2179,0.00020028230937896296
603,0.00019948809494962916
2268,0.00019898005848517641
4101,0.00019888313545379788
923,0.00019853125559166074
3264,0.00019826103380182758
1206,0.00019808838987955824
4419,0.00019740066636586562
2615,0.00019686623272718862
2879,0.00019683079153764993
924,0.00019590473675634712
3866,0.00019547330884961411
988,0.00019519094348652288
4405,0.00019505103409755975
3841,0.00019426301878411323
3894,0.0001941016234923154
4616,0.00019403707119636238
851,0.0001939638241310604
3327,0.00019366253400221467
2736,0.00019321991567267105
3929,0.0001929437421495095
2328,0.00019285645976196975
1363,0.00019211399921914563
3301,0.0001911763902171515
278,0.00019105253159068525
3617,0.00019072210125159472
550,0.00019055322627536952
416,0.00019010153482668102
4205,0.0001900350980577059
2044,0.00018982557230629027
2301,0.00018971531972056255
2252,0.00018944394105346873
4206,0.00018935613479698077
1456,0.0001893358421511948
4807,0.00018929162615677342
3961,0.00018925285985460505
3188,0.00018903872842201963
943,0.00018888089834945276
214,0.00018843910947907716
2971,0.0001884146622614935
3377,0.00018774907948682085
3954,0.00018755753262666985
4083,0.00018750865274341777
1092,0.00018739761435426772
2591,0.00018705864931689575
1023,0.00018683887174120173
4294,0.00018669100245460868
1873,0.00018659506895346567
2674,0.00018656824249774218
4805,0.00018635848391568288
3785,0.00018621205526869744
2472,0.00018597984308144078
2590,0.00018561336037237197
559,0.00018560928583610803
1609,0.0001853087087511085
1026,0.00018524224287830293
393,0.0001849847540142946
4461,0.00018432155047776178
2438,0.00018395147344563156
1091,0.00018345654825679958
186,0.00018336265929974616
3444,0.0001829660832299851
4105,0.00018281938537256792
3812,0.00018259322678204626
2729,0.00018243133672513068
1835,0.0001815602881833911
1508,0.00018141580949304625
4452,0.00018137293955078349
3500,0.0001812873815651983
3574,0.00018069773796014488
2710,0.00018065949552692473
2870,0.0001805799620342441
1128,0.0001796394499251619
4512,0.00017935885989572853
546,0.00017923010454978794
2291,0.00017903225671034306
931,0.0001787741421139799
3014,0.0001783544139470905
2556,0.0001777416473487392
3556,0.00017741254123393446
1082,0.00017695409769658
995,0.00017678766744211316
4594,0.0001763604741427116
2632,0.00017592431686352938
4768,0.00017586447211215273
4443,0.00017490236496087164
2468,0.00017459281662013382
2008,0.0001745755653246306
1376,0.00017445848789066076
2890,0.0001733042299747467
743,0.00017266884970013052
1419,0.00017213974933838472
4601,0.0001720552972983569
561,0.00017186372133437544
4481,0.0001718251296551898
3046,0.00017116220260504633
1287,0.0001706479597487487
3718,0.0001703601810731925
504,0.0001703559682937339
4487,0.0001699032072792761
55,0.00016985336696961895
288,0.0001697510597296059
2015,0.00016972544108284637
3869,0.00016963688540272415
319,0.00016963516100076959
1830,0.00016897312161745504
384,0.0001688343327259645
4649,0.00016871667321538553
1431,0.00016810848319437355
4188,0.0001680086352280341
3885,0.00016733622032916173
4058,0.00016726169269531965
235,0.00016719828272471204
3663,0.00016611751198070124
2453,0.00016527879051864147
25,0.00016506236715940759
2225,0.00016408419469371438
2144,0.0001640566042624414
77,0.00016387335199397057
4449,0.00016365510236937553
272,0.0001634781001484953
1288,0.00016346915072062984
302,0.00016330303333234042
3055,0.0001631375853321515
3844,0.00016312362276948988
755,0.0001627794626983814
3313,0.00016232070629484951
1119,0.000162231495778542
2019,0.00016220079851336777
4193,0.0001620475377421826
1042,0.00016117876657517627
2112,0.00016078272892627865
3858,0.0001605077413842082
3147,0.00016049991972977296
631,0.0001604973222129047
1027,0.00015971976245054975
1851,0.00015920164150884375
172,0.00015914505638647825
3831,0.00015902183076832443
76,0.0001589965177117847
4627,0.00015890509530436248
2698,0.0001583599005243741
3947,0.00015816438826732337
3481,0.0001573878835188225
1670,0.0001567112049087882
461,0.00015660384087823331
3239,0.00015649628039682284
584,0.0001564700432936661
1044,0.00015645236999262124
2964,0.00015638599870726466
3501,0.0001563336918479763
4107,0.00015596425510011613
480,0.00015555814752588049
3507,0.0001554931077407673
535,0.0001551753157400526
4792,0.000155171612277627
1004,0.0001551207751617767
3269,0.00015482162416446954
753,0.00015459293354069814
591,0.0001542957325000316
3911,0.0001542057143524289
2101,0.00015376463124994189
2353,0.00015376327064586803
1437,0.00015341326070483774
3865,0.00015328994777519256
2759,0.00015257415361702442
2146,0.00015203584189293906
4145,0.00015168777463259175
2262,0.00015133646229514852
3706,0.00015115368296392262
1346,0.00015112036635400727
3267,0.00015066241030581295
4669,0.0001504025058238767
99,0.0001500978323747404
1440,0.00015005789464339614
2240,0.00014986770111136138
2671,0.00014962119166739285
2583,0.00014933760394342244
2090,0.00014929699682397768
3345,0.00014885264681652188
579,0.00014874526823405176
3634,0.00014853924949420616
817,0.00014792124420637265
2815,0.00014758190081920475
2096,0.00014757010649191216
2819,0.00014742968050995842
2325,0.00014710282266605645
3370,0.00014706769434269518
3594,0.00014679692685604095
2686,0.0001467546753701754
2557,0.00014669100346509367
1531,0.00014550484775099903
3813,0.00014540272240992635
256,0.0001452543365303427
2656,0.00014497085066977888
4910,0.0001448097755201161
4544,0.00014468521840171888
2378,0.00014389200077857822
976,0.00014376622857525945
312,0.0001435951198800467
580,0.0001435913291061297
2828,0.00014355147868627682
2817,0.0001435498706996441
2503,0.0001435380836483091
1008,0.0001429829717380926
3012,0.00014283663767855614
4886,0.00014280114555731416
1866,0.00014246163482312113
1386,0.0001424030851921998
3312,0.0001423442445229739
3912,0.0001419898253516294
626,0.000141585485835094
3437,0.00014121278218226507
2905,0.00014118984108790755
3158,0.0001411822668160312
911,0.00014095418737269938
1995,0.00014053709310246632
260,0.0001405058428645134
528,0.00013998273061588407
3476,0.00013960387150291353
3980,0.00013945673708803952
4348,0.0001391624828102067
4223,0.00013864054926671088
65,0.0001379806562908925
3927,0.00013747379125561565
2279,0.0001373788109049201
2607,0.00013733795640291646
1158,0.00013694232620764524
4340,0.00013684164878213778
4966,0.00013641824625665322
4185,0.00013636167568620294
774,0.00013624778512166813
1615,0.00013604726700577885
369,0.00013599784870166332
501,0.00013552908058045432
3765,0.00013504045637091622
731,0.000134998896101024
4195,0.0001347574288956821
2584,0.0001346470307908021
4592,0.00013411279360298067
553,0.00013408881204668432
2534,0.00013348135689739138
2402,0.00013342192687559873
4864,0.00013331508671399206
1875,0.0001331147359451279
2403,0.00013270417548483238
2388,0.00013253657380118966
2243,0.00013246459275251254
318,0.00013241545093478635
1827,0.00013221774133853614
4862,0.00013219378888607025
920,0.00013189404853619635
514,0.00013185746502131224
3901,0.00013168694567866623
1566,0.00013151960592949763
1892,0.0001313535904046148
1175,0.00013130868319422007
1316,0.00013117413618601859
2006,0.00013111086445860565
1330,0.00013103634410072118
4133,0.00013090301945339888
3042,0.00013087895058561116
4984,0.0001308705031988211
4589,0.00013051964924670756
3461,0.00013013464194955304
2818,0.00013007876987103373
4388,0.00012972739932592958
4383,0.0001296319387620315
156,0.00012950290692970157
1946,0.00012943652109242976
236,0.0001292075903620571
179,0.00012907361087854952
3285,0.00012843987497035414
4318,0.00012837415124522522
1783,0.00012803147546947002
4249,0.0001279769385291729
4896,0.00012781468103639781
2345,0.00012748118751915172
3223,0.0001274361420655623
2149,0.00012740523379761726
767,0.00012737424549413845
3874,0.0001270918146474287
2399,0.00012667956616496667
839,0.00012636509200092405
2747,0.00012615731247933581
2601,0.00012532730761449784
4465,0.00012522256292868406
3156,0.00012518982839537784
4754,0.00012515539856394753
4808,0.00012494673865148798
2577,0.00012491564848460257
2857,0.0001247229884029366
3299,0.00012461865117074922
4970,0.00012429636990418658
3458,0.0001242306170752272
1338,0.00012348330346867442
4302,0.00012336379586486146
4480,0.00012326043361099437
222,0.00012197116302559152
231,0.00012188421533210203
1447,0.00012181527563370764
2947,0.00012175993833807297
3363,0.00012108562077628449
3926,0.00012071869059582241
60,0.00012058558422722854
289,0.0001205734588438645
453,0.00012004626842099242
1282,0.00011954910951317288
2072,0.00011953216016991064
634,0.0001194536016555503
903,0.00011938277020817623
2755,0.00011937843009945937
322,0.00011901921971002594
2878,0.00011884814011864364
728,0.00011861891834996641
1320,0.00011858508514706045
2165,0.00011847783753182739
4328,0.00011844647087855265
1425,0.00011838682985398918
4157,0.00011837837882922031
1116,0.00011835692203021608
3148,0.00011822462693089619
1284,0.00011804383757407777
4775,0.0001178794409497641
2536,0.00011785934839281254
4213,0.00011783281297539361
1351,0.00011765583258238621
894,0.00011739268302335404
3738,0.00011733939027180895
3817,0.00011731059930752963
4604,0.00011717101369868033
410,0.00011648950749076903
1053,0.00011632678797468543
3837,0.00011622421152424067
1905,0.00011604115570662543
2102,0.00011590121357585303
4612,0.00011571401773835532
1648,0.00011565296517801471
3236,0.00011562262079678476
1408,0.00011549574264790863
2027,0.00011548924157978036
2919,0.00011516290396684781
3051,0.00011486689254525118
1005,0.00011417814675951377
133,0.00011410177467041649
205,0.00011327163520036265
1944,0.00011316593736410141
61,0.0001129698648583144
1141,0.00011259040184086189
4150,0.00011253545380895957
315,0.00011232696124352515
2876,0.00011227304639760405
2643,0.0001119190055760555
2095,0.00011190272562089376
1523,0.00011155799074913375
3296,0.00011139546040794812
1729,0.00011120153430965729
4875,0.00011107671161880717
2211,0.00011086993617936969
2580,0.00011027443906641565
3182,0.00011020158126484603
2708,0.00011001297752954997
4630,0.00010995993943652138
3102,0.00010974759061355144
929,0.00010951746662613004
2273,0.0001093966347980313
2851,0.00010935591490124352
2699,0.00010913004007306881
4472,0.00010903466318268329
2246,0.00010895533341681585
3011,0.00010883616778301075
2160,0.00010876890883082524
497,0.00010816115900524892
3982,0.00010811028914758936
3150,0.00010793736510095187
1936,0.00010748007844085805
2553,0.00010738403216237202
4184,0.00010736046897363849
771,0.00010706710600061342
2951,0.00010692113573895767
520,0.000106920997495763
1207,0.00010682548236218281
3915,0.00010667694004951045
1131,0.0001063990275724791
4498,0.00010608223965391517
3719,0.00010573895269772038
150,0.00010539979848545045
4657,0.00010504354941076599
2769,0.00010503701923880726
4770,0.00010479969205334783
4325,0.00010476614625076763
828,0.00010358542567701079
4200,0.00010334125545341522
2475,0.00010332597230444662
568,0.00010323709284421057
414,0.00010310816287528723
691,0.00010307161937817
737,0.00010283316078130156
3571,0.00010274364467477426
1862,0.00010228649625787511
682,0.00010224879952147603
1267,0.00010198589006904513
795,0.00010195139475399628
3191,0.00010166764332097955
3971,0.00010165657295146957
1921,0.00010139695950783789
3624,0.00010139548248844221
2317,0.00010133477189810947
4752,0.00010123919855686836
1438,0.00010059824489871971
4714,0.00010026275776908733
3493,0.00010019983164966106
47,9.908844731398858e-05
3073,9.906149352900684e-05
1070,9.895446783048101e-05
3142,9.880921061267145e-05
2117,9.864951425697654e-05
2354,9.854902964434586e-05
1524,9.841126666287892e-05
2127,9.824124572332948e-05
4668,9.81430130195804e-05
2069,9.796785889193416e-05
4025,9.792650962481275e-05
2596,9.772625344339758e-05
3779,9.764162678038701e-05
4429,9.746536306920461e-05
2866,9.718173896544613e-05
1243,9.711211896501482e-05
3565,9.705346747068688e-05
2490,9.703894829726778e-05
173,9.659449642640539e-05
4877,9.64541504799854e-05
2614,9.62746526056435e-05
799,9.625359234632924e-05
2270,9.601414058124647e-05
32,9.596950985724106e-05
1884,9.529649469186552e-05
4913,9.520825915387832e-05
3167,9.516159479971975e-05
4654,9.500449596089311e-05
3128,9.499037696514279e-05
3784,9.486722774454392e-05
161,9.485399641562253e-05
2546,9.464582035434432e-05
2242,9.462671732762828e-05
2205,9.462346497457474e-05
2974,9.450934157939628e-05
973,9.433347076992504e-05
4926,9.428772318642586e-05
3510,9.423328810953535e-05
1494,9.421267895959318e-05
2565,9.419430716661736e-05
4832,9.375261288369074e-05
2701,9.353029963676818e-05
1341,9.35270800255239e-05
798,9.350207255920395e-05
4757,9.346989463665523e-05
4264,9.328614760306664e-05
618,9.293138282373548e-05
927,9.283552208216861e-05
2838,9.272985334973782e-05
2462,9.266424603993073e-05
1314,9.26496104511898e-05
2600,9.256822522729635e-05
993,9.205620153807104e-05
3535,9.190040509565733e-05
2361,9.17791185202077e-05
1009,9.17108882276807e-05
3023,9.166921518044546e-05
1398,9.144275827566162e-05
2258,9.130717080552131e-05
3676,9.108390804613009e-05
4660,9.073039109352976e-05
1767,9.051675442606211e-05
2681,9.01794592209626e-05
4738,8.99152728379704e-05
1060,8.99081933312118e-05
4468,8.971323404693976e-05
2086,8.965101733338088e-05
2197,8.938571409089491e-05
4860,8.903916386771016e-05
1842,8.893805352272466e-05
3428,8.893775520846248e-05
4927,8.871203317539766e-05
1360,8.86984053067863e-05
2775,8.836268534651026e-05
357,8.75893201737199e-05
2976,8.756705210544169e-05
4046,8.735430310480297e-05
4422,8.726518717594445e-05
4263,8.720399637240916e-05
1094,8.706997687113471e-05
3121,8.68800598254893e-05
1548,8.687532317708246e-05
4797,8.627993156551383e-05
2104,8.610838995082304e-05
2238,8.56609367474448e-05
2133,8.55894322739914e-05
1485,8.546719254809432e-05
4666,8.534552398486994e-05
942,8.525855810148641e-05
163,8.510395855410025e-05
2142,8.498406168655492e-05
4284,8.467090447084047e-05
2820,8.409183283220045e-05
3063,8.396563498536125e-05
2199,8.37846819194965e-05
3949,8.374488606932573e-05
850,8.372375668841414e-05
4922,8.368097769562155e-05
2861,8.363289089174941e-05
1261,8.34862185001839e-05
2305,8.32451150927227e-05
2637,8.31820179882925e-05
2661,8.296708620036952e-05
1085,8.281252667075023e-05
797,8.275446452898905e-05
4884,8.254877320723608e-05
2896,8.219547817134298e-05
441,8.166893530869856e-05
660,8.14812519820407e-05
2382,8.13167353044264e-05
143,8.131659706123173e-05
1563,8.124359737848863e-05
3316,8.124288797262125e-05
1591,8.116949175018817e-05
523,8.110340058919974e-05
334,8.105992674245499e-05
4597,8.104721564450301e-05
1489,8.078125028987415e-05
1836,8.073054777923971e-05
462,8.066736700129695e-05
4997,8.053834608290344e-05
1595,8.031739707803354e-05
1782,8.027545845834538e-05
4454,8.005584822967649e-05
1509,7.992782775545493e-05
3777,7.959643698995933e-05
972,7.924902092781849e-05
1672,7.922940858406946e-05
3303,7.915681999293156e-05
869,7.911548527772538e-05
4387,7.91110833233688e-05
4934,7.907957115094177e-05
2282,7.906304381322116e-05
3146,7.89207115303725e-05
1803,7.856083539081737e-05
513,7.847751840017736e-05
804,7.846667358535342e-05
2859,7.842497871024534e-05
2725,7.810829993104562e-05
68,7.793075928930193e-05
593,7.780846135574393e-05
4005,7.779093721183017e-05
1710,7.7743963629473e-05
373,7.749446012894623e-05
3649,7.703620940446854e-05
1056,7.679700138396583e-05
510,7.673374057048932e-05
2394,7.645191362826154e-05
286,7.617516166646965e-05
316,7.614750575157814e-05
4954,7.609103704453446e-05
1955,7.604661368532106e-05
2926,7.594544877065346e-05
2068,7.552597526228055e-05
4392,7.534274845966138e-05
1724,7.522394298575819e-05
254,7.513300442951731e-05
3295,7.502575317630544e-05
2445,7.492576332879253e-05
2206,7.459211701643653e-05
3595,7.421083137160167e-05
120,7.345994526986033e-05
2669,7.337928400374949e-05
1381,7.332632230827585e-05
1682,7.330248263315298e-05
3222,7.322175952140242e-05
4154,7.299887874978594e-05
3977,7.297518095583655e-05
23,7.263503721333109e-05
3717,7.254939555423334e-05
4319,7.242039646371268e-05
1114,7.213130447780713e-05
3384,7.192274279077537e-05
466,7.187715527834371e-05
1798,7.163571717683226e-05
3024,7.163299960666336e-05
2693,7.135858322726563e-05
2789,7.119284418877214e-05
404,7.103035386535339e-05
979,7.102772360667586e-05
3270,7.051143256830983e-05
2085,7.043086952762678e-05
2664,7.001302947173826e-05
3450,6.979989120736718e-05
1401,6.973660856601782e-05
649,6.96700117259752e-05
952,6.957769437576644e-05
2520,6.954136188142002e-05
2409,6.953456249902956e-05
3937,6.930421295692213e-05
1180,6.920982923475094e-05
1535,6.920145460753702e-05
3075,6.91044915583916e-05
3111,6.877236955915578e-05
3795,6.865696923341602e-05
3208,6.860522262286395e-05
1903,6.853169543319382e-05
2645,6.850467980257235e-05
4722,6.82289210089948e-05
1525,6.811719867982902e-05
2806,6.798411050112918e-05
3341,6.79715012665838e-05
506,6.76947456668131e-05
583,6.758977178833447e-05
2207,6.734978524036705e-05
2880,6.6612075897865e-05
3331,6.657121411990374e-05
2982,6.656165714957751e-05
4478,6.632697113673203e-05
221,6.624905290664174e-05
3944,6.6170086938655e-05
1989,6.59365214232821e-05
2853,6.567947639268823e-05
2712,6.564973227796145e-05
1730,6.560356996487826e-05
97,6.54821160424035e-05
2912,6.530512473545969e-05
4848,6.530395694426261e-05
1402,6.512428808491677e-05
403,6.503189797513187e-05
1992,6.498462607851252e-05
3423,6.486522761406377e-05
3409,6.463323006755672e-05
429,6.462270903284661e-05
529,6.453602691181004e-05
3921,6.42843333480414e-05
1749,6.403513907571323e-05
4384,6.372187999659218e-05
2067,6.365635636029765e-05
4742,6.335150828817859e-05
1242,6.317614315776154e-05
1307,6.314791971817613e-05
2569,6.313251287792809e-05
4992,6.302009205683134e-05
4202,6.281416062847711e-05
225,6.280689558479935e-05
687,6.25353932264261e-05
3334,6.241600931389257e-05
627,6.221853982424363e-05
536,6.221614967216738e-05
1702,6.210122592165135e-05
2215,6.168698382680304e-05
4880,6.159333497635089e-05
547,6.158077667350881e-05
1065,6.135983494459651e-05
3514,6.117548036854714e-05
3160,6.115747237345204e-05
4361,6.0910810134373605e-05
2289,6.0825350374216214e-05
3078,6.0813028539996594e-05
323,6.07984129601391e-05
644,6.0667734942398965e-05
3418,6.066058995202184e-05
2535,6.06321518716868e-05
1117,6.028098505339585e-05
4823,6.020015644025989e-05
796,5.99057057115715e-05
4522,5.956406494078692e-05
1308,5.942499774391763e-05
279,5.9313573729014024e-05
2887,5.930440602242015e-05
2318,5.917187991144601e-05
803,5.8954716223524883e-05
3193,5.889714702789206e-05
1708,5.876002978766337e-05
271,5.861762838321738e-05
464,5.84155204705894e-05
3021,5.8210676797898486e-05
4646,5.813295501866378e-05
3730,5.804952343169134e-05
4829,5.793617674498819e-05
1659,5.7763303630054e-05
4437,5.7504621508996934e-05
2677,5.7049517636187375e-05
3758,5.685992073267698e-05
4671,5.679620517184958e-05
2247,5.6787159337545745e-05
4712,5.67666684219148e-05
4322,5.676074215443805e-05
1294,5.6749131545075215e-05
645,5.672177212545648e-05
4643,5.6485721870558336e-05
3339,5.633524961012881e-05
1150,5.6258877521031536e-05
3279,5.619491639663465e-05
1639,5.618053182843141e-05
88,5.608845822280273e-05
4569,5.600000986305531e-05
2944,5.5959690143936314e-05
1410,5.59281324967742e-05
4117,5.577978299697861e-05
1645,5.569791574089322e-05
2812,5.5609492846997455e-05
4914,5.547836553887464e-05
1605,5.526516724785324e-05
1367,5.516688725037966e-05
292,5.509483889909461e-05
250,5.50932436453877e-05
4460,5.508143476617988e-05
2314,5.504346881934907e-05
2202,5.493135904544033e-05
1164,5.4725242080166936e-05
4431,5.466685070132371e-05
1244,5.461160617414862e-05
3462,5.422563663159963e-05
3320,5.415572741185315e-05
4198,5.409869299910497e-05
1794,5.389560101320967e-05
4559,5.384488576964941e-05
968,5.366305049392395e-05
2823,5.338284790923353e-05
1838,5.3213496357784607e-05
696,5.2755241995328106e-05
342,5.274561408441514e-05
4155,5.2641962611232884e-05
324,5.2607776524382643e-05
4144,5.253297058516182e-05
3891,5.252525988908019e-05
4363,5.241126382315997e-05
2478,5.202872853260487e-05
3671,5.177076855034102e-05
2481,5.1740767958108336e-05
907,5.148875243321527e-05
2707,5.1447326768538915e-05
3276,5.134020284458529e-05
3781,5.111643076816108e-05
2374,5.1089387852698565e-05
3116,5.107614015287254e-05
4750,5.106468597659841e-05
4816,5.098185101815034e-05
2519,5.088919715490192e-05
2049,5.088153375254478e-05
4031,5.08491739310557e-05
4686,5.083932774141431e-05
3259,5.0778075092239305e-05
3689,5.071109262644313e-05
2908,5.0688404371612705e-05
2034,5.063342541689053e-05
1153,5.0539401854621246e-05
4051,5.0271481086383574e-05
2992,5.015908391214907e-05
4229,5.003549449611455e-05
1066,4.990510569768958e-05
4303,4.979160621587653e-05
159,4.9789778131525964e-05
2012,4.977915159543045e-05
264,4.969333349436056e-05
1684,4.962915772921406e-05
3959,4.954610085405875e-05
283,4.949477261106949e-05
713,4.945466571371071e-05
4911,4.9444526666775346e-05
2194,4.936587174597662e-05
1568,4.926687142869923e-05
1733,4.9213860620511696e-05
1521,4.921348408970516e-05
3031,4.902067485090811e-05
1171,4.8945279559120536e-05
1197,4.894325502391439e-05
2575,4.877596802543849e-05
2176,4.875118065683637e-05
4218,4.86533699586289e-05
1037,4.860168701270595e-05
3122,4.853883365285583e-05
4034,4.8522928409511223e-05
4004,4.8215499191428535e-05
3254,4.796236680704169e-05
3041,4.7949570216587745e-05
3206,4.7787307266844437e-05
4902,4.767994505527895e-05
4542,4.767286554852035e-05
3581,4.759198418469168e-05
944,4.74762109661242e-05
1286,4.7218682084348984e-05
2166,4.709527638624422e-05
3082,4.700239151134156e-05
4598,4.699768032878637e-05
3467,4.698911834566388e-05
3178,4.696836731454823e-05
1634,4.695724055636674e-05
2440,4.6878943976480514e-05
949,4.6831040890538134e-05
2080,4.676460594055243e-05
2917,4.663350773626007e-05
3509,4.661774801206775e-05
3229,4.657677527575288e-05
2147,4.6449988076346926e-05
1455,4.6435721742454916e-05
2581,4.638019709091168e-05
4795,4.628312308341265e-05
417,4.623421955329832e-05
2660,4.620699291990604e-05
3790,4.6175102397683077e-05
144,4.610737960319966e-05
562,4.609770803654101e-05
2392,4.6040990127949044e-05
3405,4.5820996092516e-05
2521,4.573376463667955e-05
275,4.549151344690472e-05
1014,4.5478604079107754e-05
1336,4.535392326943111e-05
1796,4.5185415729065426e-05
1230,4.5105671233613975e-05
741,4.4999133024248295e-05
3899,4.494645691011101e-05
1160,4.4889122364111245e-05
2031,4.483149677980691e-05
3981,4.446749335329514e-05
2401,4.444416663318407e-05
1118,4.438767609826755e-05
4444,4.424738472152967e-05
1630,4.408632776176091e-05
3621,4.399906720209401e-05
1999,4.3802059735753573e-05
4764,4.368146437627729e-05
4076,4.367468136479147e-05
12,4.361065475677606e-05
1404,4.3579853809205815e-05
2874,4.345704110164661e-05
1477,4.336196980148088e-05
329,4.334512232162524e-05
3408,4.315480327932164e-05
1260,4.314337274990976e-05
1687,4.311732482165098e-05
3659,4.3111811464768834e-05
2525,4.311080374463927e-05
70,4.2934327211696655e-05
1354,4.290503238735255e-05
1068,4.2847728764172643e-05
3300,4.283009184291586e-05
3780,4.2733794543892145e-05
3938,4.273249760444742e-05
3884,4.267599433660507e-05
3789,4.267439726390876e-05
4644,4.265318602847401e-05
1990,4.2652874981286004e-05
1674,4.258868830220308e-05
3681,4.23408218921395e-05
1709,4.223077849019319e-05
3861,4.21360855398234e-05
1593,4.205049845040776e-05
719,4.200051444058772e-05
3664,4.195049041300081e-05
4148,4.193332642898895e-05
1850,4.171084219706245e-05
2254,4.1690449506859295e-05
1747,4.1477358536212705e-05
1925,4.147583604208194e-05
1753,4.134667142352555e-05
816,4.134130176680628e-05
3799,4.115772571822163e-05
572,4.1141560359392315e-05
2488,4.100523983652238e-05
2630,4.092647031939123e-05
1433,4.0704646380618215e-05
320,4.063070809934288e-05
602,4.060084211232606e-05
1760,4.0574372178525664e-05
703,4.042220825795084e-05
2139,4.0420280129183084e-05
2216,4.030217314721085e-05
1671,4.0194057874032296e-05
3291,4.0069862734526396e-05
335,3.998251668235753e-05
666,3.997939347755164e-05
3549,3.9689552068011835e-05
3840,3.9662225390202366e-05
3871,3.957938861276489e-05
389,3.954701605834998e-05
2151,3.9473276046919636e-05
1703,3.923231633962132e-05
2319,3.898164868587628e-05
331,3.897666829288937e-05
2968,3.89391825592611e-05
4989,3.888171158905607e-05
2703,3.885989644913934e-05
4455,3.885092701239046e-05
1151,3.8824280636617914e-05
479,3.876988739648368e-05
2502,3.875740003422834e-05
139,3.8737061913707294e-05
877,3.8557387597393245e-05
1972,3.839684359263629e-05
3043,3.837508847936988e-05
4432,3.810127964243293e-05
1719,3.809230474871583e-05
3485,3.804405605478678e-05
2898,3.798185571213253e-05
4933,3.790799019043334e-05
3742,3.787706373259425e-05
4132,3.764122629945632e-05
543,3.757501326617785e-05
3306,3.750745963770896e-05
1409,3.7489779060706496e-05
2788,3.7201154555077665e-05
1909,3.7186704503255896e-05
4436,3.713069236255251e-05
515,3.708479925990105e-05
1583,3.6899731640005484e-05
842,3.687103890115395e-05
4580,3.683374961838126e-05
2014,3.6644067222368903e-05
3283,3.65708092431305e-05
4662,3.649979589681607e-05
4993,3.6479188565863296e-05
178,3.623964039434213e-05
2444,3.613396438595373e-05
4684,3.608364568208344e-05
339,3.607061080401763e-05
291,3.602576362027321e-05
3642,3.590441519918386e-05
2588,3.5681689041666687e-05
1463,3.5180399208911695e-05
1919,3.51550588675309e-05
2103,3.5114639103994705e-05
2709,3.5105724236927927e-05
135,3.5090615710942075e-05
935,3.500801722111646e-05
1030,3.497751094982959e-05
3317,3.4900051105068997e-05
3590,3.4860473533626646e-05
2807,3.479012593743391e-05
3180,3.472533353487961e-05
2574,3.4660079109016806e-05
1349,3.4536267776275054e-05
1479,3.4483891795389354e-05
2952,3.44295913237147e-05
4842,3.442938941589091e-05
184,3.429374373808969e-05
2051,3.4283615605090745e-05
69,3.419237691559829e-05
4308,3.4158112612203695e-05
452,3.4057160519296303e-05
94,3.3933551094378345e-05
3627,3.391724749235436e-05
3336,3.390683559700847e-05
3896,3.381855094630737e-05
3454,3.3803811675170437e-05
3685,3.378719702595845e-05
1735,3.371716593392193e-05
4650,3.357336754561402e-05
3975,3.357021887495648e-05
3125,3.347319216118194e-05
455,3.34629621647764e-05
999,3.343624484841712e-05
2396,3.3326719858450815e-05
2128,3.331649350002408e-05
4628,3.331415246066172e-05
3131,3.317867231089622e-05
1235,3.289763117209077e-05
2733,3.2858220947673544e-05
4964,3.283248042862397e-05
2959,3.279228440078441e-05
3002,3.2781477784737945e-05
1928,3.276348979852628e-05
3241,3.2601203201920725e-05
3216,3.246694723202381e-05
95,3.236960583308246e-05
3533,3.232759627280757e-05
3962,3.211031435057521e-05
4140,3.2053878385340795e-05
2161,3.2048841603682376e-05
1487,3.19840619340539e-05
2167,3.197048317815643e-05
3583,3.193729025952052e-05
4324,3.193088105035713e-05
4124,3.184695015079342e-05
1078,3.182037835358642e-05
4584,3.180360181431752e-05
210,3.157050559821073e-05
2203,3.15522265736945e-05
1707,3.139729960821569e-05
3628,3.1383606255985796e-05
112,3.138042302452959e-05
4872,3.131838820991106e-05
4776,3.120777182630263e-05
4225,3.120561450487003e-05
3242,3.120112342003267e-05
4809,3.1174376999842934e-05
3928,3.1015530112199485e-05
1727,3.090608151978813e-05
333,3.0898188924766146e-05
589,3.088175435550511e-05
1533,3.0867886380292475e-05
4638,3.08112666971283e-05
2026,3.070240200031549e-05
117,3.069828017032705e-05
3776,3.049241604458075e-05
3674,3.0372635592357256e-05
1837,3.0366838473128155e-05
4570,3.0314909054141026e-05
4546,3.0230818083509803e-05
354,3.0110584702924825e-05
1373,3.0003116989973933e-05
4736,3.0001747290953062e-05
729,2.991682049469091e-05
1007,2.9909480872447602e-05
2425,2.984897764690686e-05
3946,2.9549684768426232e-05
3231,2.9546070436481386e-05
2320,2.9444574465742335e-05
2957,2.9435150281642564e-05
2312,2.9345597795327194e-05
327,2.9274252483446617e-05
4378,2.9188730877649505e-05
557,2.9133496354916133e-05
879,2.9017842280154582e-05
909,2.899175069615012e-05
3645,2.8988623853365425e-05
2795,2.8776436010957696e-05
2507,2.8666670004895423e-05
886,2.86170015897369e-05
1,2.8575829674082343e-05
3486,2.8544991437229328e-05
1488,2.8480223591031972e-05
4194,2.845059225364821e-05
28,2.8270329494262114e-05
382,2.821965426846873e-05
1847,2.8186526833451353e-05
1953,2.813414903357625e-05
3756,2.7988253350486048e-05
3753,2.7893995138583705e-05
2808,2.7893645892618224e-05
2223,2.786451113934163e-05
1920,2.7683351618179586e-05
1967,2.762894109764602e-05
3451,2.7594265702646226e-05
2757,2.7592525839281734e-05
3275,2.7467469408293255e-05
3637,2.746430709521519e-05
170,2.7153846531291492e-05
2892,2.705691076698713e-05
3805,2.7035314815293532e-05
4063,2.690432665986009e-05
2940,2.6885334591497667e-05
3421,2.686817606445402e-05
4430,2.6819654522114433e-05
738,2.679475255717989e-05
2989,2.6698748115450144e-05
2267,2.6684276235755533e-05
2938,2.661105099832639e-05
1602,2.6554640498943627e-05
1255,2.6385248929727823e-05
3200,2.6344963771407492e-05
1051,2.6302421247237362e-05
2186,2.6217754566459917e-05
3900,2.6122952476725914e-05
2398,2.6086479010700714e-05
3097,2.6074361812788993e-05
2035,2.5990597350755706e-05
4730,2.5885783543344587e-05
1900,2.5776249458431266e-05
586,2.5681905754026957e-05
2193,2.559008680691477e-05
375,2.54265614785254e-05
862,2.533816314098658e-05
787,2.5289605218858924e-05
4818,2.5244908101740293e-05
2810,2.524061801523203e-05
4553,2.520510861359071e-05
1186,2.5182936042256188e-05
314,2.5081651074287947e-05
3464,2.5032366465893574e-05
3843,2.502250390534755e-05
408,2.5000782443385106e-05
3735,2.4963005671452265e-05
2449,2.4928012862801552e-05
1890,2.4903194571379572e-05
2748,2.484656488377368e-05
4967,2.4771383323241025e-05
4849,2.464110730215907e-05
3736,2.4618133465992287e-05
1952,2.4543340259697288e-05
503,2.44705533987144e-05
412,2.4436795683868695e-05
226,2.4415158804913517e-05
2894,2.4356620997423306e-05
2386,2.426369519525906e-05
2217,2.4227978428825736e-05
2106,2.4220625164161902e-05
1986,2.4208402464864776e-05
2860,2.420252531010192e-05
2932,2.417117684672121e-05
4786,2.4075065084616654e-05
147,2.399618097115308e-05
986,2.3765380319673568e-05
2785,2.3690353373240214e-05
4162,2.3675735064898618e-05
1604,2.3631148906133603e-05
3943,2.354310254304437e-05
1035,2.351764851482585e-05
1603,2.3457807401428e-05
699,2.3323202185565606e-05
1848,2.3314238205784932e-05
4830,2.3288506781682372e-05
1204,2.3279940251086373e-05
1371,2.3079162929207087e-05
2638,2.304532790731173e-05
3149,2.3029715521261096e-05
1205,2.3002769012236968e-05
688,2.2993503989710007e-05
4098,2.2970448299020063e-05
81,2.296696402481757e-05
4096,2.2954694941290654e-05
3709,2.294868500030134e-05
2704,2.2820559934189077e-05
1247,2.2812339011579752e-05
3914,2.2755756617698353e-05
1103,2.2733554942533374e-05
3355,2.273113659612136e-05
3803,2.269419110234594e-05
431,2.2626129066338763e-05
2888,2.2567063751921523e-05
1001,2.2553327653440647e-05
3834,2.255115850857692e-05
1621,2.251238220196683e-05
74,2.243620292574633e-05
4018,2.2390941012417898e-05
2979,2.2358486603479832e-05
507,2.2349411665345542e-05
4231,2.2225263819564134e-05
3192,2.222251259809127e-05
2230,2.2216732759261504e-05
1940,2.1977532014716417e-05
52,2.1973251932649873e-05
570,2.191610747104278e-05
3062,2.1883696717850398e-05
18,2.1813671082782093e-05
428,2.1745829144492745e-05
3602,2.1723944882978685e-05
1598,2.1686209947802126e-05
4563,2.1559028027695604e-05
2984,2.1547923097386956e-05
3035,2.153352033928968e-05
1631,2.1327869035303593e-05
385,2.1260781068122014e-05
724,2.121447141689714e-05
4283,2.11269862120389e-05
4894,2.1103154722368345e-05
2911,2.1033516532042995e-05
3828,2.099318226100877e-05
3400,2.0924843738612253e-05
4127,2.091956866934197e-05
2441,2.0898262846458238e-05
982,2.0714493984996807e-05
2370,2.0700344975921325e-05
2469,2.068470712401904e-05
4514,2.06820186576806e-05
2727,2.0646562006731983e-05
2687,2.062727162410738e-05
1321,2.0623579985112883e-05
1937,2.056748871837044e-05
4085,2.05194010050036e-05
4220,2.041797233687248e-05
122,2.0404670976859052e-05
4726,2.0297525225032587e-05
4575,2.0278086594771594e-05
1646,2.026360743911937e-05
3838,2.0202420273562893e-05
4417,2.016170310525922e-05
1818,2.011173182836501e-05
3923,2.00763824977912e-05
2276,2.0055027562193573e-05
1987,2.0044482880621217e-05
2969,1.9934210286010057e-05
2739,1.978724503715057e-05
835,1.9776176486629993e-05
736,1.9743198208743706e-05
2209,1.9663493731059134e-05
2352,1.9660790712805465e-05
3521,1.960077406693017e-05
998,1.947741020558169e-05
3806,1.943981806107331e-05
3358,1.9411795619816985e-05
1335,1.9377610442461446e-05
388,1.935822638188256e-05
4,1.934653573698597e-05
1020,1.9323740161780734e-05
2668,1.92348215932725e-05
1492,1.9233665625506546e-05
3498,1.9202419935027137e-05
4262,1.9135705770167988e-05
3110,1.9108004380541388e-05
1600,1.909551428980194e-05
3867,1.9083015104115475e-05
1182,1.906635134218959e-05
48,1.9044940927415155e-05
3811,1.903902830235893e-05
1736,1.8995664504473098e-05
57,1.8975461898662616e-05
2360,1.8939331312139984e-05
1694,1.8917071429314092e-05
1828,1.8896893379860558e-05
4568,1.8777442164719105e-05
770,1.8750577510218136e-05
3916,1.872774100775132e-05
2831,1.8682948393689003e-05
187,1.8671831639949232e-05
39,1.866737693489995e-05
136,1.8664344679564238e-05
3656,1.85535191121744e-05
2323,1.8540329620009288e-05
1950,1.8374262253928464e-05
1052,1.8353785890212748e-05
1319,1.834728755056858e-05
2302,1.8328208170714788e-05
265,1.8294773326488212e-05
3697,1.8231608919450082e-05
2682,1.815000723581761e-05
2597,1.79956423380645e-05
983,1.7937178199645132e-05
79,1.793665342120221e-05
496,1.7678669792076107e-05
1362,1.766597415553406e-05
780,1.7659152945270762e-05
1383,1.764320768415928e-05
4090,1.7590045899851248e-05
4299,1.7575463971297722e-05
4547,1.754739787429571e-05
4560,1.7518873391964007e-05
1112,1.7483982446719892e-05
2518,1.7444499462726526e-05
4935,1.719344436423853e-05
910,1.7152380678453483e-05
378,1.711963068373734e-05
3629,1.7118725736509077e-05
2274,1.711006188997999e-05
3273,1.7072437913157046e-05
3814,1.7047957953764126e-05
141,1.694055026746355e-05
720,1.693693957349751e-05
1225,1.6924240298976656e-05
4471,1.685956431174418e-05
233,1.68525984918233e-05
1958,1.6842216609802563e-05
3465,1.6769795365689788e-05
3876,1.6760248399805278e-05
92,1.6717130165488925e-05
4708,1.6705116649973206e-05
643,1.6703823348507285e-05
3818,1.66972640727181e-05
2621,1.6696917555236723e-05
2477,1.6625879652565345e-05
1040,1.6593285181443207e-05
1750,1.6527832485735416e-05
604,1.6494101146236062e-05
3852,1.646391046961071e-05
2622,1.6457768651889637e-05
2753,1.64465154739446e-05
2782,1.6444825632788707e-05
4930,1.6428271010227036e-05
758,1.636771412449889e-05
1049,1.6337968645530054e-05
2511,1.6263154066109564e-05
4415,1.6235946532106027e-05
1450,1.6154745935637038e-05
2864,1.5999907191144302e-05
1808,1.5991065083653666e-05
4960,1.5950083252391778e-05
1861,1.5941408491926268e-05
2365,1.590513147675665e-05
1998,1.5891139810264576e-05
690,1.5702958990004845e-05
4530,1.5545036148978397e-05
3362,1.5510016964981332e-05
890,1.5481737591471756e-05
577,1.5436536614288343e-05
1343,1.5339452602347592e-05
494,1.52866950884345e-05
317,1.526924461359158e-05
1897,1.5248040654114448e-05
2055,1.5217188774840906e-05
1956,1.5213926872092998e-05
1275,1.5211805930448463e-05
4614,1.5160625935095595e-05
3593,1.5142093616304919e-05
4761,1.5098873063834617e-05
1849,1.4959456166252494e-05
2100,1.4945374459784944e-05
4828,1.4941013887437293e-05
3469,1.4931356872693868e-05
4232,1.4886722965457011e-05
4382,1.4875986380502582e-05
4963,1.4869635379000101e-05
26,1.4836530226602918e-05
1613,1.4703778106195386e-05
650,1.4652804566139821e-05
1970,1.4645300325355493e-05
1046,1.4480245226877742e-05
2172,1.4457516954280436e-05
3213,1.4448852653003996e-05
3211,1.4447959983954206e-05
3855,1.4444943190028425e-05
114,1.443937435396947e-05
1161,1.4403818568098359e-05
1214,1.4311784980236553e-05
1544,1.4297929737949744e-05
3302,1.4227060546545545e-05
793,1.421582328475779e-05
4108,1.4210927929525496e-05
3080,1.4195168205333175e-05
201,1.4172364899422973e-05
4270,1.4151692084851675e-05
4840,1.411208131685271e-05
2816,1.4082268535275944e-05
1934,1.4080284927331377e-05
376,1.402086172674899e-05
582,1.3940011740487535e-05
4670,1.393405864291708e-05
1715,1.3885737189411884e-05
1111,1.3858616057405015e-05
2153,1.385660743835615e-05
2204,1.37630122480914e-05
2032,1.3747286629950395e-05
1289,1.374107205265318e-05
716,1.3739123460254632e-05
4543,1.3712509826291353e-05
2760,1.3711583960684948e-05
267,1.3690072591998614e-05
3904,1.3683120414498262e-05
1185,1.3644401406054385e-05
3127,1.3636621133628068e-05
611,1.3635623872687574e-05
1389,1.3577990102930926e-05
1470,1.3520312222681241e-05
2464,1.3488310742104659e-05
1981,1.3479433619068004e-05
1143,1.3471456441038754e-05
3348,1.3468468296196079e-05
3747,1.3464766198012512e-05
4228,1.3430346371023916e-05
2842,1.3378125458984869e-05
2949,1.3368274721869966e-05
3048,1.3365363884076942e-05
2721,1.331509520241525e-05
1484,1.3216107618063688e-05
108,1.3216080787969986e-05
885,1.321205036219908e-05
258,1.3174785635783337e-05
4088,1.3119149571139133e-05
1147,1.3116122772771632e-05
4760,1.3098929684929317e-05
3049,1.304664692725055e-05
4739,1.3044099887338234e-05
2715,1.2986967703909613e-05
2830,1.2951065855304478e-05
1395,1.2945491562277311e-05
3058,1.2944553418492433e-05
4959,1.2939834505232284e-05
3037,1.292236538574798e-05
3196,1.2921482266392559e-05
1775,1.281814138565096e-05
3403,1.2782496924046427e-05
118,1.273707312066108e-05
1157,1.270987922907807e-05
742,1.2682864053203957e-05
4253,1.2640761269722134e-05
2726,1.2610355042852461e-05
3707,1.260174622075283e-05
154,1.2580832844832912e-05
1895,1.2548181530291913e-05
1650,1.2469201465137303e-05
2285,1.2460433481464861e-05
422,1.2363528639980359e-05
4717,1.231411306434893e-05
2990,1.2285173852433218e-05
906,1.226538870469085e-05
538,1.225596543008578e-05
585,1.2240720025147311e-05
451,1.2217955827509286e-05
101,1.2216017694299808e-05
2004,1.2202554898976814e-05
701,1.2188998880446889e-05
2427,1.2181511920061894e-05
4551,1.2141581464675255e-05
2192,1.2135605174989905e-05
3390,1.206256820296403e-05
937,1.2058528682246106e-05
2756,1.2043062270095106e-05
1050,1.2023323506582528e-05
4906,1.2022875580441905e-05
814,1.2003017218376044e-05
3474,1.1992009149253136e-05
435,1.1978748716501286e-05
3967,1.1930907021451276e-05
244,1.1880305009981385e-05
3932,1.1879962130478816e-05
1716,1.1859900496347109e-05
1772,1.1811248441517819e-05
1638,1.1789453310484532e-05
2379,1.1788716165028745e-05
3976,1.1766924217226915e-05
1739,1.1711538718373049e-05
3543,1.163299566542264e-05
3311,1.1627287221926963e-05
3252,1.1601875485212076e-05
3597,1.1569684829737525e-05
4128,1.1524068213475402e-05
1651,1.148929686678457e-05
4785,1.1481942692626035e-05
2421,1.1466248452052241e-05
2407,1.138941252065706e-05
4199,1.1342699963279301e-05
2094,1.1337775958963903e-05
2121,1.1304919098620303e-05
4603,1.1299812285869848e-05
3124,1.1268703019595705e-05
1541,1.1266482033533975e-05
124,1.122808225773042e-05
2304,1.1190692021045834e-05
4611,1.1171529422426829e-05
103,1.1161941529280739e-05
4648,1.1106496003776556e-05
3436,1.1104224995506229e-05
2593,1.1096403341070982e-05
2914,1.1068510502809659e-05
4407,1.1033836017304566e-05
110,1.0986149391101208e-05
2009,1.0880797162826639e-05
1620,1.0767143521661637e-05
3892,1.0723897503339685e-05
628,1.0717885743360966e-05
4470,1.0706246939662378e-05
2634,1.0699707672756631e-05
4042,1.0698746791604208e-05
3675,1.0678119451767998e-05
4729,1.0650184322003042e-05
145,1.0574707630439661e-05
3009,1.0555149856372736e-05
4369,1.0548305453994544e-05
3502,1.0544178167037899e-05
3762,1.0501762062631315e-05
3070,1.0460106750542764e-05
2092,1.043178781401366e-05
1015,1.0393612228654092e-05
2970,1.0339895197830629e-05
1540,1.0278077752445824e-05
4011,1.018909188132966e-05
4609,1.0140917765966151e-05
1167,1.0135616776096867e-05
1869,1.007773744277074e-05
4309,1.0052314792119432e-05
1633,1.004792238745722e-05
810,1.0016754004027462e-05
4230,1.0008532171923434e-05
4991,9.906903414957924e-06
1810,9.905468687065877e-06
3933,9.889015927910805e-06
997,9.868272172752768e-06
3759,9.846931789070368e-06
897,9.838091045821784e-06
4994,9.833557669480797e-06
40,9.805758509173756e-06
4142,9.777950253919698e-06
2716,9.742438123794273e-06
349,9.682699783297721e-06
2545,9.656376732891658e-06
2084,9.649208550399635e-06
1276,9.645495993026998e-06
1947,9.643052635510685e-06
665,9.634038178774063e-06
4802,9.616535862733144e-06
4574,9.612953817850212e-06
505,9.59105364017887e-06
2235,9.563514595356537e-06
2308,9.548185516905505e-06
3826,9.534185664961115e-06
353,9.528823284199461e-06
1589,9.498318377154646e-06
4561,9.49518562265439e-06
2981,9.492096523899818e-06
2241,9.457179658056702e-06
249,9.395037523063365e-06
2550,9.354014309792547e-06
2310,9.336294169770554e-06
194,9.263374522561207e-06
3515,9.253461030311882e-06
2700,9.246399713447317e-06
4915,9.245557066606125e-06
647,9.244316515832907e-06
2635,9.205742571793962e-06
4631,9.18317982723238e-06
4349,9.125460564973764e-06
2537,9.080783911485923e-06
3657,9.077388767764205e-06
921,9.050967037183e-06
4060,8.979458471003454e-06
3599,8.888832780939993e-06
3546,8.883602731657447e-06
4097,8.877214440872194e-06
956,8.876479569153162e-06
1871,8.86016596268746e-06
2692,8.846895980241243e-06
13,8.842080660542706e-06
1379,8.841365797707113e-06
4587,8.782285476627294e-06
2849,8.776259164733347e-06
409,8.773982699494809e-06
3129,8.758089279581327e-06
1262,8.754760528972838e-06
4747,8.73274439072702e-06
749,8.693512427271344e-06
521,8.683390205987962e-06
238,8.6623513197992e-06
4330,8.643320597911952e-06
3488,8.562042239645962e-06
622,8.543622698198305e-06
2792,8.524445092916721e-06
3425,8.521818926965352e-06
3541,8.515696663380368e-06
1256,8.493374480167404e-06
3335,8.475846243527485e-06
3786,8.469300155411474e-06
146,8.466689450870035e-06
2799,8.458536740363343e-06
1076,8.426200110989157e-06
2885,8.41107339510927e-06
4457,8.408235771639738e-06
1978,8.405178050452378e-06
1555,8.405069365835516e-06
197,8.397409146709833e-06
1385,8.332727247761795e-06
2454,8.320593678945443e-06
820,8.320343567902455e-06
2825,8.319055723404745e-06
2705,8.298140073748073e-06
3827,8.254905878857244e-06
2381,8.247114692494506e-06
1099,8.222214546549367e-06
1241,8.210575060729752e-06
3897,8.198653176805237e-06
2168,8.190197149815504e-06
3652,8.187034836737439e-06
348,8.185078513633925e-06
4175,8.165955932781799e-06
2025,8.141421858454123e-06
552,8.135388270602562e-06
332,8.124343821691582e-06
2359,8.111514944175724e-06
4593,8.106579116429202e-06
2483,8.056547812884673e-06
732,8.022315341804642e-06
2180,8.021985195227899e-06
2797,8.020673703867942e-06
4393,8.009403700270923e-06
4087,7.978999292390654e-06
2450,7.978167104738532e-06
1491,7.972875209816266e-06
3564,7.953606427690829e-06
3387,7.93110689301102e-06
902,7.90566537034465e-06
3105,7.88644365457003e-06
2625,7.886110779509181e-06
4099,7.880958719397313e-06
1135,7.846408607292688e-06
4413,7.842163540772162e-06
4945,7.82029383117333e-06
1902,7.76924116507871e-06
3443,7.758430001558736e-06
3397,7.740304681647103e-06
818,7.718545020907186e-06
4774,7.70220617596351e-06
594,7.692653525737114e-06
1610,7.678972906433046e-06
3984,7.669989827263635e-06
1251,7.662137250008527e-06
1745,7.644965307918028e-06
1100,7.629441824974492e-06
1690,7.590728500872501e-06
3752,7.498960940210964e-06
2329,7.496535772588686e-06
2774,7.475944357793196e-06
1774,7.435862244165037e-06
2418,7.411295882775448e-06
3491,7.4019703788508195e-06
1184,7.383507181657478e-06
1550,7.3622757099656155e-06
395,7.353768978646258e-06
4510,7.346148777287453e-06
4448,7.34281275072135e-06
444,7.302227004402084e-06
4887,7.2976861247298075e-06
2145,7.258132882270729e-06
1106,7.130207904992858e-06
176,7.122371471268707e-06
4024,7.105363238224527e-06
4778,7.081615649440209e-06
4204,7.05440425008419e-06
2256,7.023057150945533e-06
3215,6.960088057894609e-06
1219,6.94998516337364e-06
3117,6.932672931725392e-06
4410,6.908460818522144e-06
3854,6.898757192175253e-06
2249,6.864266651973594e-06
940,6.816129371145507e-06
1062,6.804318672948284e-06
1195,6.792386102461023e-06
1576,6.786376616219059e-06
697,6.770555501134368e-06
974,6.762155408068793e-06
2467,6.757859637218644e-06
2245,6.752461558789946e-06
4439,6.711454943797435e-06
3433,6.7094167661707615e-06
1017,6.701067604808486e-06
3,6.68856796437467e-06
2118,6.634795909121749e-06
3342,6.629779363720445e-06
1464,6.6051968587999e-06
1306,6.59313650430704e-06
4300,6.592420731976745e-06
2620,6.581065235877759e-06
3859,6.550581701958436e-06
3918,6.527582627313677e-06
4240,6.4953464971040376e-06
1896,6.488937515314319e-06
587,6.487227210527635e-06
5000,6.478933073594817e-06
2108,6.473710527643561e-06
1055,6.461884822783759e-06
2,6.436793910324923e-06
308,6.399574886017945e-06
1779,6.397336846930557e-06
4952,6.391385568349506e-06
2863,6.385623919413774e-06
3328,6.3668203438282944e-06
1510,6.362089834510698e-06
3008,6.35750461697171e-06
2868,6.342052074614912e-06
3406,6.330578344204696e-06
4733,6.298319021880161e-06
22,6.277497959672473e-06
2170,6.277274451349513e-06
1165,6.261044063649024e-06
1546,6.2363906181417406e-06
4556,6.193723493197467e-06
3371,6.192747605382465e-06
1098,6.181582875797176e-06
3393,6.151781235530507e-06
3877,6.136923047961318e-06
36,6.124796300355229e-06
3610,6.121281330706552e-06
542,6.117994189480669e-06
1283,6.114828465797473e-06
3528,6.10271536061191e-06
551,6.101326107454952e-06
1222,6.083588914407301e-06
2465,6.063890623408952e-06
340,6.027450808687718e-06
3941,6.026739811204607e-06
4679,6.016417501086835e-06
2539,6.009149501551292e-06
4728,5.9754925132438075e-06
4110,5.972954340904835e-06
588,5.97122811996087e-06
1057,5.923232492932584e-06
1279,5.913537052038009e-06
4002,5.9107962897542166e-06
436,5.903735882384353e-06
458,5.900069936615182e-06
2997,5.89132241657353e-06
2640,5.884051915927557e-06
2672,5.812144991068635e-06
3653,5.772312078988762e-06
3219,5.762788077845471e-06
4852,5.742678922615596e-06
4007,5.688744522558409e-06
2224,5.685968289981247e-06
4333,5.638383299810812e-06
3164,5.628012331726495e-06
4719,5.619852117888513e-06
4981,5.615406735159922e-06
3289,5.607588946077158e-06
2234,5.60436592422775e-06
4255,5.589315378529136e-06
1309,5.588356998487143e-06
2412,5.571097062784247e-06
2369,5.567571179199149e-06
4235,5.563824970522546e-06
82,5.56148506802856e-06
2731,5.54287362319883e-06
677,5.53122140445339e-06
646,5.5027187499945285e-06
525,5.497734264281462e-06
4622,5.490522198670078e-06
347,5.481116659211693e-06
4292,5.4408142204920296e-06
1976,5.425536528491648e-06
1344,5.4218294280872215e-06
1888,5.420837169367587e-06
4895,5.416131216406939e-06
794,5.408851620813948e-06
1482,5.389649686549092e-06
1063,5.388171985032386e-06
2595,5.382989229474333e-06
2875,5.381368964663125e-06
3503,5.3551787004835205e-06
4233,5.350827223082888e-06
1714,5.330990234142519e-06
4474,5.327462304194341e-06
91,5.313732572176377e-06
4804,5.311803079166566e-06
2531,5.3006863254267955e-06
3115,5.289209639158798e-06
2558,5.269440180200036e-06
3495,5.264839501251117e-06
53,5.260946181806503e-06
740,5.2406505801627645e-06
3214,5.237949380898499e-06
1109,5.230504939390812e-06
4370,5.205132083574426e-06
4645,5.196887286729179e-06
3018,5.188404429645743e-06
3044,5.174319085199386e-06
4359,5.153430265636416e-06
1520,5.1492911552486476e-06
779,5.148520358488895e-06
31,5.120826244819909e-06
3449,5.120418791193515e-06
1173,5.10595259584079e-06
762,5.0807484512915835e-06
1215,5.075333774584578e-06
3134,5.055331712355837e-06
2928,5.055321935287793e-06
2058,5.020924618293066e-06
1458,5.009452252124902e-06
4540,4.99757061334094e-06
2642,4.9863156164065e-06
651,4.98533063364448e-06
2790,4.980628091288963e-06
1580,4.963605988450581e-06
4298,4.962640332450974e-06
2764,4.951551318299607e-06
9,4.9315262913296465e-06
488,4.928777343593538e-06
1611,4.927546569888364e-06
1125,4.915866838928196e-06
4275,4.908174105366925e-06
4450,4.888706826022826e-06
489,4.862510422753985e-06
2220,4.8219526433967985e-06
3204,4.8116189645952545e-06
475,4.81022402709641e-06
3171,4.8101528591359966e-06
1220,4.785134024132276e-06
262,4.7555804485455155e-06
4473,4.75351794193557e-06
4326,4.748019819089677e-06
637,4.742287273984402e-06
160,4.731925173473428e-06
3702,4.714270744443638e-06
735,4.706293111667037e-06
2624,4.697687245425186e-06
2804,4.665911092160968e-06
3601,4.651475592254428e-06
2494,4.6402674342971295e-06
3767,4.640096904040547e-06
3497,4.637509164240328e-06
4173,4.632909167412436e-06
1436,4.597706492859288e-06
4878,4.589535137711209e-06
3069,4.584919224726036e-06
4106,4.581863322528079e-06
4904,4.56757697975263e-06
1271,4.539704377748421e-06
3081,4.537460199571797e-06
4015,4.517294883044087e-06
3375,4.514337888394948e-06
4996,4.472441560210427e-06
2834,4.4582420741789974e-06
524,4.454685949895065e-06
2606,4.453690280570299e-06
477,4.452154826140031e-06
3396,4.432831019585137e-06
4731,4.425300403454457e-06
3727,4.419716788106598e-06
1113,4.408814902490121e-06
2364,4.3983084196952404e-06
2673,4.3970567276119255e-06
4306,4.376312745080213e-06
2447,4.358582373242825e-06
1665,4.354161092123832e-06
2187,4.348908078100067e-06
4748,4.333920742283226e-06
1407,4.32230626756791e-06
889,4.3026193452533334e-06
3598,4.29214242103626e-06
2803,4.287436695449287e-06
2422,4.282877398509299e-06
1574,4.278654614608968e-06
4833,4.258388571543037e-06
3968,4.2494905301282415e-06
800,4.240185035087052e-06
884,4.226385271977051e-06
1420,4.214202817820478e-06
242,4.199125214654487e-06
2342,4.171533191765775e-06
4932,4.171306045464007e-06
2471,4.1690655052661896e-06
2495,4.168210580246523e-06
4485,4.13189945902559e-06
2683,4.1258824694523355e-06
2616,4.0890445234254e-06
2296,4.064684162585763e-06
2498,4.057313049088407e-06
1644,4.048529035571846e-06
4813,4.010966904388624e-06
1891,3.984926024713786e-06
4181,3.973012780988938e-06
3835,3.964601091865916e-06
1476,3.957586159231141e-06
575,3.94771939227212e-06
722,3.9402482343575684e-06
1202,3.931324499717448e-06
4780,3.913397222277126e-06
4525,3.9080614442355e-06
2963,3.883412773575401e-06
3033,3.8773823689552955e-06
3351,3.8727202991140075e-06
2261,3.851703013424412e-06
2141,3.836562882497674e-06
4620,3.821089649136411e-06
4899,3.7984905247867573e-06
610,3.795298312070372e-06
2772,3.7827502410436864e-06
1930,3.7478082504094345e-06
4766,3.7304230318113696e-06
3094,3.708382905642793e-06
3539,3.6831092984357383e-06
1601,3.6813062251894735e-06
2655,3.673180799523834e-06
3822,3.6527296742860926e-06
4925,3.6509106848825468e-06
3143,3.650417625067348e-06
3415,3.626005536716548e-06
3620,3.6083856684854254e-06
4391,3.594757686187222e-06
4178,3.590873689063301e-06
1988,3.5736757126869634e-06
2499,3.572435616661096e-06
2900,3.5632006074592937e-06
623,3.5422743849267135e-06
4798,3.538864689289767e-06
1948,3.5326244187672273e-06
4321,3.529521336531616e-06
3660,3.526543309817498e-06
4532,3.501135893202445e-06
4873,3.500161028568982e-06
2904,3.493108351904084e-06
901,3.4902617471743724e-06
3398,3.482155534584308e-06
4625,3.478837470538565e-06
878,3.4749511996778892e-06
3519,3.468235490799998e-06
3407,3.464527708274545e-06
1424,3.4581408954181825e-06
1678,3.4551538874438847e-06
837,3.450324243203795e-06
3631,3.4445898791091167e-06
4197,3.43572332894837e-06
1018,3.4188802828793996e-06
4279,3.406537643968477e-06
1784,3.4013999083981616e-06
1679,3.3993699162238045e-06
1558,3.3984840683842776e-06
2181,3.3907371062014136e-06
3228,3.3883632113429485e-06
845,3.382773115845339e-06
1561,3.334274083499622e-06
2148,3.3340819527438725e-06
599,3.3329993129882496e-06
3253,3.3243959478568286e-06
3920,3.323574446767452e-06
1556,3.3226306186406873e-06
2162,3.322612769807165e-06
1411,3.321578333270736e-06
2324,3.3210618539669667e-06
1291,3.3126557354989927e-06
1357,3.3013354823197005e-06
3155,3.2962516343104653e-06
4352,3.2958333804344875e-06
2175,3.2941811696218792e-06
2484,3.285156935817213e-06
1882,3.2746346505518886e-06
4210,3.272035087320546e-06
1951,3.2676108503437717e-06
3723,3.265667260166083e-06
3245,3.2651602168698446e-06
3508,3.264066435804125e-06
759,3.2459593057865277e-06
468,3.235524559386249e-06
1029,3.2331338388758013e-06
4711,3.2327375265595037e-06
1311,3.2320242553396383e-06
746,3.2161838134925347e-06
4901,3.2129630653798813e-06
4314,3.1880883852863917e-06
73,3.1417628179042367e-06
2551,3.1349724167739623e-06
17,3.1040610792842926e-06
3531,3.0915205115888966e-06
3910,3.091489816142712e-06
401,3.0721782877662918e-06
2198,3.0705007247888716e-06
3395,3.040338242499274e-06
2827,3.033369239346939e-06
4788,3.0315591175167356e-06
2564,3.0184880870365305e-06
1142,3.0183754233803484e-06
2967,3.0165899715939304e-06
4912,3.0138725151118706e-06
151,3.0056395416977466e-06
4118,3.0045075618545525e-06
2016,3.0022096098036855e-06
2767,3.001032382599078e-06
2433,2.9819468636560487e-06
372,2.975497636725777e-06
4242,2.9715164373556036e-06
4486,2.9608527256641537e-06
1984,2.9530363008234417e-06
2631,2.938953912234865e-06
3108,2.937588419626991e-06
4737,2.9322325190150877e-06
1277,2.9254110813781153e-06
4374,2.8995491447858512e-06
3839,2.8950180421816185e-06
2476,2.8673664473899407e-06
548,2.851858425856335e-06
276,2.8418410238373326e-06
116,2.838629029611184e-06
1403,2.8226786525920033e-06
1534,2.8186491363157984e-06
2218,2.80816448139376e-06
1656,2.7940849349761265e-06
2585,2.7867239396073273e-06
269,2.77601020570728e-06
1268,2.77373135304515e-06
2980,2.7730202418752015e-06
50,2.767473461062764e-06
2373,2.7669281053022132e-06
2437,2.746047584878397e-06
1881,2.7421012873674044e-06
3138,2.738509010669077e-06
760,2.738080183917191e-06
2029,2.7056651106249774e-06
1969,2.6967410349243437e-06
1295,2.688960421437514e-06
3466,2.67931284270162e-06
4527,2.677468955880613e-06
3732,2.676589701877674e-06
270,2.674489905984956e-06
566,2.6384483362562605e-06
3000,2.6226088039038586e-06
1722,2.6116455273950123e-06
4123,2.606419570838625e-06
4426,2.6000064963227487e-06
1799,2.5979486508731497e-06
274,2.5963030338971294e-06
89,2.5929575713234954e-06
1527,2.588947495496541e-06
113,2.5868836246445426e-06
4402,2.5796790623644483e-06
4427,2.571953018559725e-06
2691,2.5699877141960314e-06
560,2.5583719889255008e-06
4572,2.551310217313585e-06
3882,2.548740667407401e-06
4307,2.5367394300701562e-06
3218,2.533115548430942e-06
4137,2.5290081566708977e-06
1756,2.5259498670493485e-06
1264,2.5193952524205088e-06
1124,2.518773271731334e-06
208,2.5035101316461805e-06
1478,2.5010897388710873e-06
4028,2.5003096197906416e-06
4332,2.487177084731229e-06
4942,2.482233753653418e-06
1252,2.4747257612034446e-06
3234,2.469994115017471e-06
578,2.46977560891537e-06
2287,2.4672051495144842e-06
4267,2.4672031031514052e-06
761,2.4472466293445905e-06
2248,2.4316349254149827e-06
832,2.4315447717526695e-06
4086,2.430586164337001e-06
1168,2.429261712677544e-06
4397,2.419341626591631e-06
2210,2.3914698203952867e-06
2646,2.385513880653889e-06
3250,2.3826709139029845e-06
3761,2.3804038846719777e-06
957,2.3758493625791743e-06
4931,2.3712375423201593e-06
3385,2.3708000753686065e-06
4765,2.3641806592422654e-06
4743,2.348491648263007e-06
3778,2.3435234197677346e-06
4859,2.3300287921301788e-06
4980,2.328771756765491e-06
3614,2.321131660210085e-06
526,2.292035787831992e-06
3322,2.2720738570569665e-06
3257,2.2611889107793104e-06
3357,2.2478258188129985e-06
474,2.2420106233767e-06
2119,2.240532353425806e-06
3013,2.2393135168385925e-06
4386,2.237249418612919e-06
2048,2.2205442746781046e-06
419,2.2150181848701322e-06
4636,2.186693791372818e-06
1911,2.1777038909931434e-06
4116,2.170708057747106e-06
4036,2.1665595113518066e-06
2735,2.150147679458314e-06
127,2.1457144612213597e-06
2937,2.144118866453937e-06
3376,2.139004209311679e-06
1942,2.135968657057674e-06
3700,2.1315382809916628e-06
2458,2.120594331245229e-06
1959,2.1128942080395063e-06
597,2.110661284859816e-06
2734,2.107545697072055e-06
29,2.105363819282502e-06
2941,2.104586201312486e-06
2408,2.103889073623577e-06
4640,2.090792349918047e-06
220,2.084143829961249e-06
4139,2.0835241230088286e-06
215,2.0814447907469003e-06
4265,2.069172978735878e-06
3414,2.050179546131403e-06
1545,2.032360725934268e-06
3787,2.030917926276743e-06
721,2.01701300284185e-06
3347,2.0072155848538387e-06
3251,2.000102199417597e-06
4698,1.9957973336204304e-06
2062,1.9902134908988955e-06
3691,1.9901931409549434e-06
2626,1.98719942545722e-06
4504,1.970057724065555e-06
2713,1.969310687854886e-06
715,1.9674783970913268e-06
2250,1.9651254206110025e-06
1199,1.9651001821330283e-06
4335,1.9437773630670563e-06
3630,1.9417005887589767e-06
4006,1.9366897276995587e-06
4014,1.9346584849699866e-06
1785,1.9223471099394374e-06
1096,1.9157627093591145e-06
516,1.9108543369839026e-06
2292,1.9070935763920716e-06
4545,1.902928715935559e-06
1526,1.900527422549203e-06
196,1.8997710640178411e-06
970,1.896694811875932e-06
3820,1.8932579450847697e-06
1809,1.8900119016507233e-06
3763,1.8683701910049422e-06
958,1.8629175997375569e-06
1293,1.8608463392411068e-06
345,1.8608297978062183e-06
4073,1.858035318491602e-06
1500,1.8572580984255183e-06
4077,1.8557531120677595e-06
4623,1.8514960515858547e-06
3177,1.8500783767194662e-06
2942,1.8424512973069795e-06
3401,1.814685674617067e-06
189,1.8024686028184078e-06
3152,1.7815705177781638e-06
1977,1.77983724825026e-06
1698,1.7718741673888871e-06
2079,1.7711348618831835e-06
3950,1.7692350979814364e-06
3804,1.7645438674662728e-06
1776,1.7603023820811359e-06
169,1.759956035130017e-06
487,1.741678943290026e-06
2994,1.737037678140041e-06
285,1.7368111571158806e-06
2115,1.7321421523774916e-06
4316,1.7281870441365754e-06
783,1.723378090900951e-06
1504,1.7204412756655074e-06
2362,1.7042114563992072e-06
2126,1.6926916259762947e-06
1624,1.690388273800636e-06
4341,1.6842982972775644e-06
107,1.682410925241129e-06
1877,1.6801931224108557e-06
268,1.6797893067632685e-06
2522,1.6746237747611303e-06
3036,1.6619719644950237e-06
3966,1.6609413933110773e-06
3255,1.6469579691147374e-06
2231,1.646346390771214e-06
132,1.6456245361951005e-06
3286,1.6338034356522257e-06
4317,1.6323130580531142e-06
2265,1.6272992979793344e-06
2002,1.62622171728799e-06
3715,1.622685545044078e-06
4903,1.6221247278735973e-06
2809,1.6219294707298104e-06
1700,1.6192475982279575e-06
2594,1.6171931633834902e-06
3773,1.6093136991912615e-06
2255,1.6009244063752703e-06
4576,1.5933746340124344e-06
3053,1.58437325126215e-06
1938,1.57969282099657e-06
1537,1.5715898484813806e-06
3609,1.5644365589650988e-06
846,1.5615329971296887e-06
4732,1.5549442196061136e-06
4366,1.5531821873082663e-06
3958,1.5493646401409933e-06
4734,1.545802433611243e-06
171,1.5443245615642809e-06
243,1.5367546666311682e-06
811,1.5268598758666485e-06
478,1.522446666513133e-06
4801,1.5189046393970784e-06
4237,1.5108491879800567e-06
519,1.5072308769958909e-06
402,1.501787494362361e-06
4337,1.4924001447980118e-06
397,1.4921547517587896e-06
4495,1.489750900418585e-06
1137,1.4796510185988154e-06
873,1.4736817774974043e-06
4924,1.469406527121464e-06
3935,1.45968709830413e-06
3181,1.4557049894392549e-06
4135,1.4544745567945938e-06
4724,1.4506699983485305e-06
502,1.4480499430646887e-06
1553,1.4430193004955072e-06
1081,1.4417530564969638e-06
2925,1.4180794778440031e-06
2572,1.4102902241575066e-06
1549,1.4065870459489815e-06
2768,1.4064650031286874e-06
3321,1.3999060684000142e-06
4607,1.3987992701913754e-06
3924,1.3938532674728776e-06
4882,1.3935569427303562e-06
2466,1.390927081956761e-06
1854,1.3859208820576896e-06
2269,1.3705464994018257e-06
860,1.3701169905289134e-06
1393,1.3687364912584599e-06
338,1.367185802791937e-06
2071,1.3653095152221795e-06
1653,1.3633672892865434e-06
4258,1.3618658840641729e-06
3829,1.3584923408416216e-06
356,1.3584472071670461e-06
2297,1.3517075103663956e-06
4735,1.3401864293882682e-06
2113,1.3320853327059012e-06
1370,1.3319944969225617e-06
3802,1.330498832885496e-06
4718,1.3270038721202582e-06
2532,1.301482996041159e-06
3293,1.3006556400796399e-06
1331,1.2992775850761973e-06
1778,1.2974127230336308e-06
3551,1.2930922821396962e-06
1087,1.2821087693737354e-06
4360,1.2770545367857267e-06
1292,1.262116597899876e-06
4740,1.259949783616321e-06
3186,1.2578500445670215e-06
4447,1.2562435927065962e-06
2480,1.2507778706094541e-06
4158,1.2454925695237762e-06
2559,1.2426799571585434e-06
4381,1.235865909166023e-06
3198,1.228501957939443e-06
3754,1.220438434756943e-06
370,1.2182926525383664e-06
1757,1.2150485417805612e-06
4169,1.2118298968744057e-06
46,1.204155466894008e-06
1071,1.2035252439090982e-06
1811,1.2000701872239006e-06
3247,1.19926386332736e-06
3587,1.1990712209808407e-06
2657,1.199064570300834e-06
2257,1.1948285987273266e-06
1038,1.192857610021747e-06
625,1.1889426332345465e-06
4373,1.1862398423545528e-06
1069,1.18513673896814e-06
2429,1.179750142910052e-06
2505,1.1749526152016188e-06
1249,1.172018698980537e-06
4251,1.1714575407495431e-06
3413,1.1709377645274799e-06
4165,1.1674636652969639e-06
4550,1.1671131687762681e-06
3006,1.1648285180854145e-06
711,1.1615540529419377e-06
2371,1.1481114370326395e-06
2263,1.1442861591604014e-06
4459,1.1374272617103998e-06
2116,1.1327624633850064e-06
3666,1.1318108477098576e-06
1223,1.1309301726214471e-06
1245,1.12996150392064e-06
3227,1.1288963719380263e-06
1058,1.1252662943661562e-06
4451,1.1244931670262304e-06
4166,1.121874788623245e-06
3793,1.1196427749382565e-06
4282,1.1187087807229545e-06
390,1.1178921681676002e-06
773,1.1143782217004627e-06
3872,1.1134575288451742e-06
4257,1.112566906158463e-06
3592,1.112375798584253e-06
1380,1.111978860990348e-06
3625,1.1034729254788544e-06
1954,1.0975011832670134e-06
1048,1.097133804250916e-06
4600,1.0961160228362132e-06
400,1.091318040380429e-06
4059,1.0844985922631167e-06
1927,1.081722700746468e-06
4641,1.0791877116389514e-06
673,1.0778529713206808e-06
2157,1.0758843131952744e-06
1635,1.0613196650410828e-06
4866,1.0528254961172934e-06
707,1.0508317700441694e-06
4030,1.029853365253075e-06
4585,1.0284511517966166e-06
2922,1.023945742417709e-06
991,1.0205635589954909e-06
4062,1.0177267313338234e-06
1922,1.017664374103333e-06
4019,1.014909912555595e-06
4537,1.0146353588424972e-06
3086,1.0029420991486404e-06
3323,9.976548653867212e-07
439,9.96615819204294e-07
1513,9.860308978204557e-07
2689,9.855488087850972e-07
341,9.84890959898621e-07
2188,9.808666732169513e-07
2380,9.691225102415046e-07
3172,9.687854003459506e-07
1912,9.598145993550133e-07
1910,9.573952297614596e-07
4582,9.572328849571932e-07
498,9.459968168812338e-07
427,9.377177150327043e-07
2052,9.372417650865827e-07
3092,9.347056675323984e-07
2953,9.322996277205675e-07
3995,9.25910114801809e-07
3608,9.199632415857195e-07
3788,9.154408076028631e-07
4219,9.130572493631917e-07
904,9.118880655023531e-07
4503,9.09210143618111e-07
3603,9.062815991001116e-07
2431,9.026661587085982e-07
2460,8.998918019642588e-07
4489,8.94694665021234e-07
3017,8.916987610518845e-07
987,8.842303884648572e-07
1322,8.766079702127172e-07
1764,8.691009441008646e-07
3575,8.522457619619672e-07
1392,8.519094194525678e-07
955,8.516203706676606e-07
1148,8.46820114475122e-07
1080,8.457176079446072e-07
3750,8.385997602999851e-07
1655,8.36777587664983e-07
4462,8.298522971017519e-07
4021,8.274236620309239e-07
443,8.206944812627626e-07
2415,8.124743828830105e-07
3087,8.025924671528628e-07
4167,8.016769470486906e-07
1274,7.960265975270886e-07
4972,7.923804616893904e-07
4534,7.911688442163722e-07
4715,7.897250213773077e-07
2961,7.868748355122079e-07
257,7.804896426932828e-07
2592,7.767098111344239e-07
131,7.754130990633712e-07
2173,7.728853006483405e-07
922,7.712320098107739e-07
4979,7.668285491035931e-07
3472,7.64825699661742e-07
4141,7.632594076767418e-07
2109,7.629703588918346e-07
1742,7.62456238589948e-07
1248,7.613323305122321e-07
3432,7.607578993429343e-07
1547,7.59747877054906e-07
3654,7.587632353533991e-07
1388,7.569334457002697e-07
3733,7.56347077413011e-07
3230,7.508206181228161e-07
708,7.430476216541138e-07
3990,7.424538637224032e-07
2163,7.413745493067836e-07
2283,7.400758761377801e-07
1281,7.372408106220973e-07
1303,7.297338413536636e-07
2400,7.27433473457495e-07
4891,7.230302401239896e-07
142,7.221261739687179e-07
2017,7.203855716397811e-07
1931,7.200476375146536e-07
2413,7.174079428295954e-07
2023,7.167134015162446e-07
858,7.112589059943275e-07
4342,7.109219950507395e-07
4681,7.101295977918198e-07
1257,7.078002965954511e-07
3060,7.050986425838346e-07
134,7.047259771297831e-07
571,7.020273073976568e-07
2752,7.008937359387346e-07
4189,6.994236514401564e-07
168,6.96847934023026e-07
1041,6.942838126633433e-07
4995,6.915037431554083e-07
2983,6.905863472184137e-07
1375,6.898133904087445e-07
3112,6.883135199586832e-07
4017,6.876709619518806e-07
1369,6.873281961361499e-07
1194,6.807734678204724e-07
2156,6.782794628179545e-07
3711,6.768394484879536e-07
2300,6.739260811627901e-07
964,6.733367854394601e-07
1657,6.730763857376587e-07
2504,6.721656973240897e-07
4186,6.716038001286506e-07
1643,6.630694713294361e-07
3739,6.628371806982614e-07
871,6.616681957893888e-07
3068,6.615885865812743e-07
2442,6.611813887502649e-07
806,6.599953792374436e-07
3383,6.57552249094806e-07
4126,6.540989545555931e-07
3258,6.529638483243616e-07
4502,6.506809313577833e-07
4048,6.489470649739815e-07
4923,6.437209094656282e-07
4674,6.410176922599931e-07
624,6.398692562470387e-07
4953,6.394547256149963e-07
3604,6.375395287250285e-07
4010,6.359987310133874e-07
1734,6.356127641993226e-07
352,6.333461897156667e-07
2271,6.298861876530282e-07
1474,6.228522977380635e-07
2064,6.220734007911233e-07
1448,6.157558232189331e-07
4215,6.09462290412921e-07
4651,6.085200823235937e-07
868,6.061900990061986e-07
4653,6.052072762940952e-07
3536,6.026237429068715e-07
775,6.024627055012388e-07
941,6.017859561779915e-07
3626,5.995893843646627e-07
658,5.993725835651276e-07
2524,5.991478246869519e-07
1253,5.93919708080648e-07
945,5.936609710488483e-07
4820,5.922498758081929e-07
1499,5.868611765436071e-07
3856,5.861086265213089e-07
1010,5.836659511260223e-07
2945,5.835284184740885e-07
2882,5.834833132212225e-07
4929,5.820193393901718e-07
2463,5.819031230203109e-07
3983,5.795528466023825e-07
1675,5.767662116795691e-07
4305,5.761660588632367e-07
2619,5.713527002626506e-07
1024,5.69158515872914e-07
1156,5.691092042070522e-07
3807,5.670578673289128e-07
947,5.659511259636929e-07
4464,5.643053668791254e-07
3475,5.603689601230144e-07
764,5.599661960786761e-07
181,5.594806680164766e-07
4827,5.585958007259251e-07
129,5.552396942221094e-07
2299,5.550671744458668e-07
2761,5.542288192827982e-07
4435,5.517507304375613e-07
1879,5.513999496997712e-07
1032,5.435185244095919e-07
4846,5.419516924121126e-07
4482,5.409535503986262e-07
1270,5.40650233915585e-07
3344,5.402609701832262e-07
1870,5.401036560215289e-07
3555,5.394127242652758e-07
3380,5.379250467285601e-07
1446,5.371410480847771e-07
854,5.352123650936846e-07
1443,5.282681740936823e-07
782,5.263775335606624e-07
3373,5.262776312520145e-07
4453,5.235109199475119e-07
4562,5.228452266692329e-07
3480,5.212567657508771e-07
1572,5.135610763318255e-07
1439,5.13039168481555e-07
2266,5.10143934207008e-07
695,5.10002820419686e-07
3238,5.095532173982065e-07
153,5.038083941144578e-07
1731,5.024630524985696e-07
3879,5.00772983969e-07
4772,5.002708007850742e-07
808,4.962402613273298e-07
2038,4.93770897946888e-07
2667,4.91652031087142e-07
4659,4.91570148142273e-07
1819,4.90999212843235e-07
1636,4.905511445940647e-07
4067,4.889257638751587e-07
1328,4.874844421465241e-07
3077,4.840183862597769e-07
175,4.839940714873592e-07
2685,4.817182173155743e-07
4179,4.765139749451919e-07
1460,4.756978029263337e-07
881,4.71870109208794e-07
2275,4.713623127372557e-07
4396,4.712478016699606e-07
1043,4.6792584385002556e-07
3309,4.611754746974839e-07
3349,4.610168673480075e-07
3019,4.589928437326307e-07
3616,4.5671288262383314e-07
3729,4.554441375148599e-07
2129,4.5272962267972616e-07
2150,4.4978405355777795e-07
3076,4.472789072451633e-07
2196,4.469636110115971e-07
2045,4.4631079276769015e-07
4751,4.4085845729568973e-07
240,4.3878219457837986e-07
1462,4.3390571136114886e-07
1840,4.326038265389798e-07
3416,4.3097837476580025e-07
863,4.289428119363947e-07
4499,4.2795690546881815e-07
3333,4.2556042956221063e-07
2544,4.2529731558715866e-07
1426,4.2480633055674843e-07
1445,4.2450675152849726e-07
2335,4.244254370178169e-07
301,4.2103012276584195e-07
2927,4.1998400490683707e-07
4093,4.181653991963685e-07
3898,4.1785777682434855e-07
4362,4.152682322455803e-07
280,4.134078039896849e-07
394,4.128657877799924e-07
476,4.1193186461896403e-07
4907,4.116108414109476e-07
852,4.076164259458892e-07
4287,4.060206038047909e-07
227,4.0545754131926515e-07
2021,4.013096912558467e-07
2745,4.003970275334723e-07
4149,3.997500499508533e-07
1356,3.99533206518754e-07
4403,3.9922720418417157e-07
1442,3.9514276295449235e-07
1622,3.932919696580939e-07
425,3.927658127622635e-07
601,3.8545130109923775e-07
4285,3.84384819085426e-07
1831,3.836390618516816e-07
454,3.8217798703499284e-07
3272,3.808260515825168e-07
1342,3.8016051462363976e-07
4385,3.734279374612015e-07
3483,3.7237228411868273e-07
192,3.7069936809075443e-07
971,3.7004014075137093e-07
3290,3.690127527988807e-07
3120,3.6781851520117925e-07
1179,3.67666487477436e-07
2623,3.669760246793885e-07
1072,3.6653551660492667e-07
4115,3.639399750454686e-07
4222,3.633971203953479e-07
3402,3.620125283987363e-07
2529,3.616204651279986e-07
3775,3.5995722669213137e-07
676,3.597290856305335e-07
1865,3.580021257221233e-07
1333,3.558772903033969e-07
15,3.5400992715040047e-07
1539,3.538491881727168e-07
1514,3.5187304092687555e-07
4811,3.4927082026570133e-07
1932,3.4885110267168784e-07
3169,3.4817377070339717e-07
1512,3.469083509344273e-07
2837,3.4501860568525444e-07
4494,3.449974599334382e-07
2428,3.434397086721219e-07
420,3.428709618447101e-07
1278,3.411809075259953e-07
3851,3.4106298585356853e-07
4037,3.400744787995791e-07
4869,3.3872214544317103e-07
8,3.3854679770684015e-07
3878,3.37904467073713e-07
449,3.355714710551183e-07
2357,3.343991465953877e-07
2560,3.333024949370156e-07
1807,3.311238572223374e-07
247,3.2797538551676553e-07
2492,3.268665125233383e-07
3895,3.23615921615783e-07
1519,3.18785396302701e-07
155,3.173159939251491e-07
3690,3.1629770091967657e-07
3372,3.158463925956312e-07
1490,3.1481593509852246e-07
2589,3.139110873462414e-07
4536,3.1092210406313825e-07
3061,3.1020060475839273e-07
4236,3.077927033245942e-07
3945,3.072792225111698e-07
4573,3.0499685976792534e-07
823,3.0187329969066923e-07
1196,3.0124017769139755e-07
253,3.007218793982247e-07
965,3.0016180119218916e-07
4853,2.9980060389789287e-07
2339,2.990097840438466e-07
423,2.986124059134454e-07
4490,2.9824546743384417e-07
3655,2.9644986909715954e-07
3701,2.9511656407521514e-07
3084,2.9380792909705633e-07
4458,2.9330577433483995e-07
4079,2.9143691904209845e-07
2456,2.903452838154408e-07
4555,2.891894439471798e-07
4634,2.8676991803422425e-07
3307,2.833085943620972e-07
3381,2.813457768979788e-07
3873,2.810598260793995e-07
3688,2.801918839168138e-07
4702,2.7913911537780223e-07
1594,2.7900105692424404e-07
3669,2.7891627496501314e-07
2123,2.7861032947384956e-07
2563,2.780070218477704e-07
484,2.767387172752933e-07
3022,2.756897430344907e-07
1792,2.748270162555855e-07
2988,2.7449316064576124e-07
4271,2.7425647886047955e-07
2910,2.73636572956093e-07
2711,2.682313748891829e-07
1543,2.678512629472607e-07
717,2.658174338421304e-07
2891,2.639102376633673e-07
4677,2.605253968113175e-07
3569,2.6007255371496285e-07
4248,2.5874504672174226e-07
4312,2.586124168146853e-07
3135,2.582772111736631e-07
1666,2.5693432803564065e-07
3445,2.556975431389219e-07
2862,2.5536955661209504e-07
4707,2.5323748786831857e-07
2372,2.519091708563792e-07
2411,2.5018103144702764e-07
2347,2.4991174996102927e-07
930,2.4848682755873597e-07
672,2.482995284935896e-07
1238,2.4824871047712804e-07
1031,2.4770626794179407e-07
3797,2.4375437135404354e-07
2841,2.43493033735831e-07
2152,2.4186486768940085e-07
3394,2.4152386401965487e-07
2576,2.4006283183553023e-07
4815,2.368071676528416e-07
4467,2.3644333424499564e-07
3274,2.3579733010592463e-07
4505,2.3568818363628452e-07
4835,2.3499971746332449e-07
1691,2.3478650490460495e-07
4192,2.3472649957057e-07
1301,2.3174084162747022e-07
4057,2.304333648339707e-07
1416,2.296643515364849e-07
2191,2.2911444830242544e-07
1964,2.2826333179182257e-07
3734,2.2735989091415831e-07
3468,2.200717972300481e-07
2702,2.1985600540119776e-07
1013,2.1903446878468458e-07
674,2.151272937567228e-07
4276,2.1456947507658697e-07
3166,2.1445647746531904e-07
1814,2.1275036488077603e-07
2376,2.1259871374468275e-07
900,2.1254058424347022e-07
969,2.1209706346780877e-07
3205,2.1204410671771257e-07
2239,2.1132926519840112e-07
508,2.1119116411227878e-07
1213,2.1036618846892452e-07
162,2.0994878013880225e-07
4121,2.0914981746500416e-07
152,2.0861604355104646e-07
1036,2.0773305209331738e-07
4344,2.0721044791116583e-07
2573,2.055075043472243e-07
109,2.0520039356597408e-07
1887,2.0489294882963804e-07
200,2.0477937567875415e-07
1706,2.04224292588151e-07
2281,2.0420499424744776e-07
3588,2.0366222486245533e-07
4588,2.0253951760196287e-07
2137,1.988757745152725e-07
2742,1.9770524772866338e-07
3836,1.974119356873416e-07
1088,1.9739270129548458e-07
1136,1.9712776833102907e-07
953,1.9572678411350353e-07
4428,1.9425131370098825e-07
2293,1.93109734425434e-07
4159,1.9135596573960356e-07
954,1.9080974311691534e-07
3720,1.883691140847077e-07
848,1.8808293589245295e-07
2555,1.8665298284759047e-07
206,1.856876892247783e-07
3545,1.8551494918028766e-07
3026,1.840680994291688e-07
4812,1.8341759755458042e-07
981,1.8332607965021452e-07
4070,1.8278542768257466e-07
2201,1.822017736685666e-07
1993,1.8151887104522757e-07
3210,1.8022070946699387e-07
2903,1.8007606428227518e-07
4401,1.7948191555205995e-07
1129,1.7893922432676845e-07
659,1.7844824640178558e-07
1802,1.776239955120218e-07
1781,1.7607540314656944e-07
1720,1.7396688178905606e-07
2432,1.7257708861961873e-07
4613,1.7068229141159463e-07
2956,1.7052020240271304e-07
4424,1.6210419317985725e-07
3740,1.6179719608544474e-07
3399,1.610682076602643e-07
2346,1.5855810175935403e-07
3548,1.5577210632500282e-07
2132,1.5574728706724272e-07
1340,1.5539887243676276e-07
1468,1.549287418356471e-07
1377,1.5411004028464959e-07
2751,1.5397539243622305e-07
3919,1.5350951088066722e-07
3261,1.5297831623684033e-07
1265,1.5290193999817348e-07
4843,1.5211504944545595e-07
3979,1.5156133770233282e-07
1625,1.509416804879038e-07
1606,1.505012647839976e-07
4806,1.4941725368089465e-07
2605,1.4893248589942232e-07
3791,1.4860928132520712e-07
2943,1.4721222640901033e-07
4858,1.469569497203338e-07
4727,1.4556323435499507e-07
3153,1.4547988058666306e-07
490,1.4356780297930527e-07
2174,1.4317406282771117e-07
3988,1.4187720864811126e-07
1762,1.412650476595445e-07
2858,1.407117338203534e-07
1145,1.4069465237298573e-07
3315,1.404652181236088e-07
3810,1.3939317966560338e-07
2791,1.392571462588421e-07
2050,1.3907501994481208e-07
822,1.388010844038945e-07
2042,1.3682864974384756e-07
3922,1.3662307196682377e-07
3173,1.3603858661781487e-07
1612,1.3585032831997523e-07
3090,1.3465362513898071e-07
2178,1.3384066477328815e-07
864,1.3332097381635322e-07
2762,1.329356322798958e-07
679,1.3281034938472658e-07
4632,1.3219906946915216e-07
565,1.3136367726929166e-07
4334,1.3102754081728563e-07
3650,1.3087376515841243e-07
3819,1.298900050572538e-07
1771,1.2974788177189112e-07
1459,1.2910330582371898e-07
2652,1.2806184201963333e-07
2107,1.2751998923477004e-07
2844,1.2732539289572742e-07
3157,1.2586230013766908e-07
1945,1.2427818774085608e-07
4466,1.2395422999134098e-07
2446,1.2139258487309235e-07
1841,1.2088072764981916e-07
3337,1.200315509208849e-07
1434,1.1994475812571181e-07
2288,1.1888100104329169e-07
4266,1.1851453862732342e-07
825,1.1839003377644985e-07
4647,1.1727864901445173e-07
1759,1.172749506395121e-07
481,1.1697721191694654e-07
826,1.1635199115289652e-07
2322,1.1463178850590339e-07
1259,1.14393632344445e-07
2286,1.14151589514222e-07
3059,1.1345183992261809e-07
718,1.1253048270987165e-07
4814,1.1180326708881694e-07
517,1.1133001720509128e-07
802,1.1058759241677762e-07
1926,1.103392861523389e-07
2694,1.0966142482971009e-07
3622,1.0871963240788318e-07
3088,1.0842717301784432e-07
613,1.0729254995567317e-07
4212,1.069149249133261e-07
2962,1.0634806102416405e-07
1239,1.0618179402399619e-07
149,1.0467005395753404e-07
4794,1.0371445569035131e-07
4689,1.0219099877417648e-07
4579,1.0041682330097501e-07
3054,1.001113858478675e-07
5,9.980355386574047e-08
293,9.84263692771492e-08
11,9.805808787177739e-08
2886,9.662098676699316e-08
1435,9.659878585921433e-08
1858,9.572462289497707e-08
3973,9.556760360851513e-08
4557,9.515542842564173e-08
609,9.450566196278487e-08
3643,9.349935226055095e-08
629,9.214306118110471e-08
1140,9.209865226011971e-08
499,9.198502937124431e-08
2316,9.196170935865666e-08
4280,9.127429478894555e-08
4988,9.077505325194579e-08
3091,8.967998255116072e-08
1845,8.93973535198711e-08
933,8.73439383042296e-08
932,8.687232266879619e-08
4889,8.645484328440034e-08
4900,8.634367176796331e-08
3207,8.56778434865646e-08
2604,8.561007547314148e-08
3490,8.528663997253716e-08
946,8.42106224752115e-08
2390,8.399704043426937e-08
434,8.396682460443117e-08
4364,8.365196890736115e-08
2628,8.074727020357386e-08
3100,7.996564477252832e-08
3692,7.995290474127614e-08
1054,7.972526105959332e-08
1924,7.966753656774017e-08
654,7.873010332559716e-08
2746,7.847151906048566e-08
4969,7.809409652281829e-08
1217,7.730518802873121e-08
564,7.728175432930584e-08
3648,7.719614814050146e-08
4608,7.67753860486664e-08
606,7.672528923308164e-08
344,7.669587631653485e-08
3724,7.635995302734955e-08
3417,7.620418074338886e-08
367,7.593306960984592e-08
2338,7.514926281260159e-08
4516,7.486855935212589e-08
4488,7.459115636265778e-08
4050,7.351958686285798e-08
2678,7.349419917090927e-08
2455,7.317355610325649e-08
105,7.246384470249723e-08
4978,7.228776155443484e-08
4678,7.222581999144495e-08
4791,7.092929621421717e-08
252,7.080344843757302e-08
2778,7.033491300489914e-08
2509,6.990977752252547e-08
1374,6.983733413790105e-08
3744,6.964364729356021e-08
3547,6.929580464998253e-08
3145,6.823506271125268e-08
4477,6.724395085200285e-08
202,6.712378208817427e-08
3522,6.671576358030507e-08
96,6.662551754743617e-08
2650,6.649588968343778e-08
3170,6.637274907461688e-08
305,6.583229250622935e-08
207,6.559353593615924e-08
1654,6.554969900207652e-08
1696,6.551952580480247e-08
4701,6.542331476566687e-08
3184,6.439761435217406e-08
1542,6.36033057332952e-08
2030,6.336786384508741e-08
2986,6.321303658296529e-08
2847,6.241173267085287e-08
217,6.090748172482563e-08
2719,6.061166857307398e-08
4394,6.060388813011741e-08
470,6.032295374325258e-08
20,6.024199450394008e-08
2397,6.008677644331328e-08
558,5.960142246408395e-08
3955,5.9103330229959283e-08
667,5.8512734213422846e-08
2229,5.809717862348407e-08
4196,5.78184380373159e-08
1172,5.690881010878002e-08
2960,5.655124901693398e-08
3165,5.624786503233281e-08
3591,5.553515869394232e-08
2105,5.476303854834441e-08
4990,5.428814731089915e-08
2020,5.340744557713606e-08
4793,5.305951233935957e-08
1025,5.2703073905036035e-08
2901,5.2463576594163897e-08
616,5.0640844406757424e-08
1400,5.032917904657097e-08
3517,5.017650650529504e-08
657,5.01452248613532e-08
399,4.995512625782794e-08
4111,4.9770180865493785e-08
681,4.963209399022617e-08
1517,4.961602684261379e-08
2001,4.938628173078996e-08
7,4.9263148227396414e-08
224,4.904012484985287e-08
3093,4.879010084835045e-08
4790,4.8742746727725716e-08
387,4.764496708276056e-08
3832,4.753901805543137e-08
612,4.700984845840139e-08
581,4.69171315131689e-08
3680,4.669822217806541e-08
855,4.667126063395699e-08
861,4.6100652184577484e-08
1451,4.590030577844573e-08
996,4.564862621236898e-08
853,4.56002915427689e-08
1121,4.555292676400313e-08
1432,4.5308684804012955e-08
1844,4.491469240974766e-08
4259,4.4593637227308136e-08
282,4.4553571498795463e-08
4949,4.388084029471884e-08
3830,4.3078046019218164e-08
2993,4.287298516203464e-08
3694,4.2322895410507044e-08
1483,4.228956740348622e-08
3133,4.200540004717368e-08
492,4.190532720826923e-08
2074,4.154128419031622e-08
4523,4.141356413356334e-08
2659,4.080851745413838e-08
3240,4.0697173631087935e-08
4690,4.0296027847830374e-08
3853,3.9710467802933636e-08
1889,3.820691674150112e-08
2916,3.7969034138995994e-08
219,3.779602408826577e-08
4286,3.755898347890252e-08
856,3.7357180460162454e-08
1575,3.7051398393828094e-08
3137,3.622829147786888e-08
2684,3.6213350540492684e-08
1405,3.608078458228192e-08
1839,3.595761199903791e-08
3550,3.5832455225204285e-08
41,3.5530256070614996e-08
1315,3.497821055020722e-08
4346,3.489999578221159e-08
3463,3.4721322705877355e-08
2060,3.470938025884607e-08
2750,3.446901253312262e-08
3794,3.389501124217986e-08
3074,3.350194432982789e-08
784,3.3494444551251945e-08
1011,3.2884662104493145e-08
4986,3.267956927288651e-08
49,3.2295789154090926e-08
4000,3.222581312911643e-08
4941,3.213891375253297e-08
3161,3.212817212272512e-08
4072,3.194302600206811e-08
482,3.188602804016227e-08
3600,3.143951055051275e-08
2351,3.1308431402976566e-08
3665,3.118372582378015e-08
926,3.091266442822871e-08
4183,3.0819375496093926e-08
1641,3.073586718471688e-08
1086,2.947569743838585e-08
1704,2.9442212223784736e-08
750,2.9303693693805144e-08
2995,2.9139664015076505e-08
1083,2.8801355078655888e-08
4688,2.837611567940712e-08
1856,2.834226364711867e-08
2966,2.833661039147728e-08
3123,2.8237381322071542e-08
4571,2.800695764193506e-08
3292,2.7599328156213687e-08
2977,2.7551144476944955e-08
3118,2.7325108398201792e-08
3040,2.720009018020164e-08
3287,2.675176169475435e-08
1254,2.67517368257586e-08
4725,2.6468451430616824e-08
330,2.596379466979215e-08
733,2.5738422948506923e-08
30,2.5720314766886077e-08
4784,2.5298000139173382e-08
4694,2.520367203828755e-08
358,2.5202654185818574e-08
778,2.512186370040581e-08
4898,2.4582679891693715e-08
1689,2.452698666388642e-08
3332,2.3709175067665456e-08
3682,2.347289385085105e-08
2091,2.3350411382239145e-08
2018,2.2681479805441995e-08
4606,2.2642405284045708e-08
3382,2.1932042848504807e-08
3452,2.1282660966903677e-08
2010,2.1101009828328188e-08
4865,2.1094834323776013e-08
1093,2.098567186692435e-08
430,2.0568778680285504e-08
2718,2.0155336954985614e-08
4704,1.988772169170261e-08
1297,1.9875360024457223e-08
4595,1.9045273802476004e-08
3106,1.9019744001980143e-08
4190,1.8918957955804672e-08
4351,1.879684585759378e-08
3713,1.8728145256829976e-08
2929,1.8524754175075486e-08
3159,1.85160624610603e-08
1692,1.8132249479663187e-08
3067,1.812415373336762e-08
815,1.7983545319566474e-08
4068,1.7801533580552586e-08
4581,1.77460481864955e-08
4533,1.7606551772075818e-08
4434,1.7480598302199724e-08
3278,1.7389022666236542e-08
2854,1.7013302766599736e-08
4315,1.6665055113662675e-08
966,1.644816993717768e-08
3769,1.6365882871127724e-08
4120,1.6287987847363183e-08
4395,1.5938722341957146e-08
1695,1.5790892149425417e-08
1907,1.5744511472348677e-08
1821,1.565134777337107e-08
346,1.5612827475308677e-08
4143,1.5572938050212315e-08
1115,1.5559750821125817e-08
2424,1.5175022127777993e-08
777,1.507897451347162e-08
4049,1.4976749618256235e-08
2053,1.4855463525975665e-08
3144,1.4824517613476473e-08
294,1.4723899433022325e-08
100,1.457727583087376e-08
1226,1.4107855772493849e-08
4528,1.3678702615038674e-08
4825,1.346895706078044e-08
3478,1.324785614542634e-08
3281,1.321604425896794e-08
1726,1.2963181639236154e-08
1467,1.274141059326439e-08
3951,1.2713627928206961e-08
3579,1.2422475492712692e-08
2567,1.2269319338287232e-08
3705,1.2027010498627533e-08
2872,1.1960358037299557e-08
840,1.1793304111051839e-08
3391,1.1321158677191079e-08
447,1.1194882798548633e-08
1597,1.1086189743991781e-08
772,1.0956147544760597e-08
3906,1.0807031713966353e-08
2720,1.0643686376710093e-08
4035,1.0236581360345554e-08
4599,9.546864632170582e-09
460,9.505119358266256e-09
123,9.340048734429729e-09
4180,9.322949079404452e-09
3611,9.231010178467614e-09
3237,9.194692562886075e-09
1804,9.158583669233167e-09
3217,9.110724175087626e-09
4951,9.072783108891695e-09
2387,9.034035297617038e-09
158,8.829406095145487e-09
157,8.528193262691275e-09
4020,8.483684421634052e-09
2221,8.379385185719457e-09
3537,8.231869408348302e-09
2125,7.78877207174844e-09
3438,7.284741032620445e-09
3020,7.2719368304774434e-09
3987,7.142728408737753e-09
3271,7.028093440553107e-09
3815,7.008601254909763e-09
1864,6.922069806236664e-09
1826,6.752776782192882e-09
1237,6.752461700898493e-09
766,6.643112726578693e-09
2200,6.536954089142455e-09
1191,6.368599425599086e-09
786,6.191351653583865e-09
4710,6.167528487921459e-09
4946,5.784444923051524e-09
3246,5.481789022709904e-09
4691,5.3533215638168485e-09
1246,5.19213538829888e-09
3969,4.885357451911432e-09
3034,4.865687630584148e-09
3235,4.708105239004112e-09
3639,4.6727017810610505e-09
2602,4.355624749763365e-09
4080,3.952433935694444e-09
1250,3.933601444572332e-09
756,3.852967278561437e-09
1571,3.825054051276311e-09
3277,3.819683902506199e-09
4469,3.813168225619279e-09
4767,3.753444888232593e-09
2510,3.4535556636683395e-09
1132,3.372722989780641e-09
4741,3.325702199741265e-09
3695,3.1966626012902566e-09
1740,3.160019357295596e-09
4615,3.1572122694001337e-09
1384,3.0038127540876758e-09
4583,2.9194806572263587e-09
4621,2.9098643494762655e-09
1418,2.9039518567586242e-09
3268,2.899893214447502e-09
365,2.7850833861364777e-09
284,2.7479869414053296e-09
4278,2.693605338777161e-09
467,2.627163930846166e-09
450,2.569959800524657e-09
1860,2.5447169926806623e-09
4372,2.4655548713781172e-09
1673,2.2504149654878347e-09
2089,2.156261946772986e-09
2670,2.1267844152461635e-09
2931,2.09978245901965e-09
3330,1.9159065445251144e-09
4956,1.742142874405772e-09
3821,1.7030797883066384e-09
4136,1.6945198022533248e-09
992,1.6332334928925718e-09
3282,1.6089680698883058e-09
4665,1.49619872047424e-09
2028,1.454990350424623e-09
3183,1.3698859269162256e-09
4973,1.3205456242393332e-09
2786,1.3033593648792419e-09
4839,1.264898963349026e-09
1817,1.240017866166454e-09
2294,1.1760897811186055e-09
4685,1.1573529912212166e-09
704,1.1173990621671237e-09
3930,1.1162037960588123e-09
3524,1.1045127867870264e-09
2722,1.0728617994004708e-09
4844,1.0618664836314906e-09
4064,1.0272637185337885e-09
3130,9.665537259451185e-10
386,9.533719369514415e-10
1187,9.260623379248045e-10
4821,9.250737675881027e-10
4554,8.823619057629628e-10
350,8.627120129389709e-10
4214,8.085853375749963e-10
776,7.792062550748824e-10
212,7.233231236192239e-10
642,7.191302553444245e-10
3304,6.546245490124392e-10
2047,6.499842608587159e-10
2675,6.397423701898219e-10
1423,6.266031027379881e-10
4845,6.244121608656172e-10
2802,6.217416859133351e-10
1210,6.16517420448659e-10
4201,5.898783128621687e-10
3212,5.768397981498197e-10
1188,5.189504936886635e-10
3280,4.82732631645888e-10
3530,4.697719158119895e-10
232,4.5228154554877165e-10
1868,4.337041836777189e-10
2641,4.0691319758145994e-10
1746,3.5768016326542806e-10
2805,3.0783610209528245e-10
125,2.9368252274508677e-10
3542,2.6216609438911576e-10
4445,2.3522529757347144e-10
831,2.3027827561472591e-10
311,2.004706539660006e-10
821,1.7672609903263137e-10
705,1.5162781447086715e-10
4602,1.4312933477311773e-10
106,1.3573523555132638e-10
3233,1.123729650998051e-10
4961,1.1038348707304024e-10
2758,9.029848743735691e-11
1234,8.302080897748532e-11
4937,8.200575288275225e-11
3540,7.748050812050877e-11
2566,7.298309179226692e-11
2867,7.28260785010093e-11
4957,5.892741329616147e-11
2541,4.621200297427741e-11
1325,3.507933700463983e-11
1107,3.361174880089912e-11
4817,2.9260080469661887e-11
4357,2.233478506308284e-11
3248,1.9247355445561887e-11
2730,1.558880281804509e-11
1263,1.4714260625908748e-11
2873,1.3267257084614847e-11
230,1.1954675720168656e-11
4856,1.1049881495917013e-11
1832,1.0275636678352962e-11
2662,8.81023509355372e-12
1415,6.156419558173143e-12
896,4.040101286655402e-12
880,1.4289978163446737e-12
522,3.5394414179060196e-13
54,3.0553844502199945e-13
1064,-4.3728474007488465e-15
1200,-7.669325354433686e-14
4104,-7.295503936209646e-12
3324,-1.1271676788552482e-11
51,-4.114162656387865e-11
2251,-1.2303990465367676e-10
3113,-1.3051085212545388e-10
876,-1.672454397194656e-10
98,-4.2530257093886803e-10
899,-4.487370960926107e-10
2423,-8.03596435054732e-10
351,-1.6213898557104756e-09
1493,-1.8997785566909897e-09
617,-2.259036069318654e-09
1358,-3.36701107966908e-09
1867,-4.216269555712415e-09
1915,-5.90766902064388e-09
4433,-7.851011396553531e-09
1120,-9.796919719917696e-09
1855,-2.203554938517982e-08
1532,-3.231725642649508e-08
199,-4.440641632186271e-08
653,-5.609528130889885e-08
1917,-6.053128842609112e-08
71,-6.551971765134113e-08
1084,-1.204173507574069e-07
1885,-1.2383313219288539e-07
4156,-1.2639100077649346e-07
2848,-1.7377530525664042e-07
1748,-2.4209342086578545e-07
3520,-2.547948270148481e-07
694,-5.36474118462138e-07
4642,-7.854482291236309e-07
1815,-9.190216729848544e-07
111,-9.969052712222037e-07
596,-1.0461363046943006e-06
3513,-1.0749087095973664e-06
2824,-1.1169062190674595e-06
4217,-1.1765921215101116e-06
4664,-1.3972252190797008e-06
295,-1.5359953522420255e-06
3107,-2.140906161685052e-06
3658,-2.439282638988516e-06
3647,-2.557444872763881e-06
3389,-3.42409759923612e-06
1552,-3.4755198612401728e-06
2158,-4.201322326480295e-06
1518,-4.669150939662359e-06
2850,-5.399001793193747e-06
3199,-1.0021423349826364e-05
2439,-1.2308626992307836e-05
537,-2.487377787474543e-05
4831,-2.498512367310468e-05
166,-2.575978942331858e-05
1718,-3.5472290619509295e-05
4962,-3.624083001341205e-05
1853,-3.89391334465472e-05
1183,-4.8038364184321836e-05
702,-4.8140227590920404e-05
1697,-4.9885487896972336e-05
2651,-5.0690030548139475e-05
2098,-5.3168645536061376e-05
883,-5.6969363868120126e-05
1528,-7.439540786435828e-05
4676,-8.691322364029475e-05
2821,-0.00013447217497741804
4125,-0.00018244476814288646
1790,-0.0002621557650854811
2391,-0.00029619739507324994
2506,-0.0004278280830476433
4682,-0.00043615004688035697
2552,-0.0006075486016925424
1584,-0.000852983386721462
3455,-0.0011012329487130046
4463,-0.001228873385116458
3661,-0.0027465169550850987
2913,-0.003907966427505016
4164,-0.004204327706247568
3613,-0.004628638969734311
3314,-0.004806376760825515
3308,-0.004897211212664843
2930,-0.012352639343589544
2639,-0.016479521058499813
3154,-0.029755711555480957
4918,-0.030384059995412827
2024,-0.03199120983481407
4379,-0.03730569966137409
239,-0.039960796013474464
2813,-0.044171981513500214
128,-0.047434886917471886
4416,-0.0525004118680954
1880,-0.05269023776054382
1146,-0.059608396142721176
936,-0.06480132043361664
4074,-0.06634986028075218
140,-0.07464111968874931
4161,-0.08328631520271301
3494,-0.10112981498241425
3993,-0.11156933009624481
1441,-0.12300658226013184
115,-0.13138636946678162
4071,-0.210788793861866
