Train_ID,Score
2639,1.4254122561396798e-05
4125,1.2406161658873316e-05
2282,1.1670395451801596e-05
1441,9.647682873037411e-06
2135,8.99418455446721e-06
3154,8.834840627969243e-06
3107,8.071387583186151e-06
4164,7.671575758649851e-06
3158,7.201768312370405e-06
3559,7.097442676240462e-06
3308,6.757344181096414e-06
4172,6.707758302582079e-06
2936,6.495410843854188e-06
2264,6.164493242977187e-06
883,6.0955676417506766e-06
1285,5.6407238844258245e-06
4217,5.400614327299991e-06
936,5.014224143451429e-06
4420,4.768560529555543e-06
1326,4.680370352616592e-06
2098,4.663553681893973e-06
3683,4.529355237536947e-06
4765,4.452005441635265e-06
3477,4.4443354454415385e-06
2856,4.339774932304863e-06
2821,4.267081408215745e-06
2131,4.193907670924091e-06
195,4.110065901841153e-06
3104,4.080013127349957e-06
3203,3.841031798401673e-06
2270,3.603669028962031e-06
1975,3.4242608535350882e-06
3566,3.288122570666019e-06
4171,3.286674427727121e-06
2059,3.2053442282631295e-06
3482,3.180290605087066e-06
3455,3.0151418286550324e-06
4756,2.987708171531267e-06
4269,2.9373190955084283e-06
1917,2.912112677222467e-06
140,2.8572673045346164e-06
4758,2.8538339620354236e-06
4182,2.75551758477377e-06
2737,2.7206542654312216e-06
4984,2.7051929691879195e-06
746,2.700439608815941e-06
3314,2.666739987944311e-06
1123,2.656629249031539e-06
3532,2.6056476372104953e-06
1943,2.6022486281362944e-06
2766,2.6019636152341263e-06
2334,2.552770524744119e-06
4851,2.535397925385041e-06
2158,2.5059295012397342e-06
1933,2.5036219426510797e-06
310,2.500749701539462e-06
186,2.4734777070989367e-06
4721,2.4623448098282097e-06
1567,2.4623296894787927e-06
4339,2.461255121488648e-06
1231,2.4503948452547775e-06
2913,2.4053793481471075e-06
4475,2.3712526626695762e-06
1662,2.3505745048169047e-06
2301,2.348699922549713e-06
1632,2.331286054868542e-06
1761,2.281897195643978e-06
4463,2.2652155848845723e-06
3582,2.254853825434111e-06
3553,2.236126363186486e-06
2725,2.2264992480813817e-06
2439,2.1912154579695198e-06
4618,2.189066435676068e-06
4773,2.1812600152770756e-06
730,2.1799515366183186e-06
4971,2.174286748868326e-06
792,2.087064558509155e-06
174,2.045157316388213e-06
239,2.024912703291193e-06
1324,1.9742152517210343e-06
2313,1.9731668317035655e-06
4514,1.967263472124614e-06
1515,1.9608929164860456e-06
4022,1.9584254573601356e-06
923,1.9226120002713287e-06
2219,1.9079324147242005e-06
4771,1.9056254245697346e-06
1390,1.8861429111893813e-06
3176,1.8632870251167333e-06
2368,1.8592602941680525e-06
3297,1.798367577521276e-06
4874,1.7693064933155256e-06
3388,1.7671340515335032e-06
3453,1.7471062392360182e-06
4293,1.7457479657423391e-06
2543,1.7059846868505701e-06
1681,1.7044423543666198e-06
3899,1.693781086942181e-06
2950,1.6598538081780134e-06
4103,1.6504124573657464e-06
4112,1.6258935033874877e-06
2636,1.6138315572788997e-06
3952,1.6124087096613948e-06
3857,1.5924545664347534e-06
2414,1.5819297800589993e-06
2277,1.5730897757748608e-06
364,1.5584519132971764e-06
4483,1.5507294506278413e-06
4974,1.5445606891262287e-06
866,1.508156231011526e-06
4091,1.4991196621849667e-06
369,1.4979619891164475e-06
42,1.4914954249434231e-06
1089,1.4820317915109626e-06
2610,1.47978801123827e-06
1717,1.470625136335002e-06
4928,1.4611740652981098e-06
2391,1.453313871024875e-06
4160,1.4359336546476698e-06
3310,1.4207824960976723e-06
4548,1.4175720934872515e-06
4216,1.4053067047825607e-06
3956,1.3998309214002802e-06
1688,1.399194786699809e-06
1795,1.3987718716634845e-06
1079,1.3934639468971e-06
1816,1.3849944480170961e-06
3072,1.3818085449202044e-06
1144,1.3687271120943478e-06
1061,1.3657539170708333e-06
3640,1.354657513275015e-06
2794,1.3541692851504195e-06
4962,1.3472732689479017e-06
1258,1.3427279554889537e-06
1067,1.3217829746281495e-06
2909,1.3188848129175312e-06
102,1.3099645457259612e-06
4084,1.2960354069946334e-06
3816,1.2901606964987877e-06
2846,1.2882243822787132e-06
4288,1.2731834999613056e-06
531,1.2046719461977773e-06
4783,1.2045604762533912e-06
1744,1.2021353654745326e-06
1640,1.196818914195319e-06
3972,1.1940787203457148e-06
3712,1.1937362387470785e-06
3430,1.184136976917216e-06
2796,1.183104245683353e-06
500,1.179542323370697e-06
4153,1.175008833342872e-06
640,1.1659592189516843e-06
635,1.1653370961539622e-06
1960,1.1584152161958627e-06
3687,1.1495865805954963e-06
2309,1.141752363764681e-06
1587,1.1316786299175874e-06
3823,1.1266582191638008e-06
3446,1.1228175935684703e-06
2284,1.1177010605933901e-06
4146,1.1160914255015086e-06
1529,1.1055089998990297e-06
4227,1.102042517686641e-06
1422,1.0996803325724613e-06
1412,1.098663233278785e-06
745,1.0912476966495888e-06
2383,1.0883651384574478e-06
261,1.074841463832854e-06
459,1.0743868301688053e-06
4310,1.0731292263699288e-06
4921,1.0657253142198897e-06
3635,1.0573666600066645e-06
3447,1.052401785273105e-06
166,1.0489065971341915e-06
297,1.046050414288402e-06
4658,1.044365660618496e-06
3544,1.0442791733566992e-06
3004,1.0363868909735174e-06
4239,1.0349040735491144e-06
3175,1.031546105423331e-06
744,1.0298448671619553e-06
4008,1.0284474569743907e-06
3893,1.0110308039656957e-06
567,1.0092912248182984e-06
661,1.0051396941435087e-06
4936,1.0028673500528384e-06
2991,1.0028312544818618e-06
63,1.0017492400038464e-06
2430,9.945655676801834e-07
75,9.943548491264664e-07
726,9.93959673678546e-07
67,9.929715645284887e-07
298,9.913686653817422e-07
2658,9.831181273511902e-07
2061,9.78309316224113e-07
2776,9.759618535554182e-07
4610,9.738819812810107e-07
916,9.721953517782822e-07
2154,9.717497562178323e-07
1916,9.688736781754415e-07
892,9.564343486090365e-07
1452,9.55877510477876e-07
2902,9.513725274246099e-07
3846,9.504908575763693e-07
915,9.473783109115175e-07
2663,9.421145819032972e-07
3619,9.389279966853792e-07
1769,9.3536473855238e-07
4947,9.33436979266844e-07
4261,9.281664290483604e-07
3368,9.270671910144301e-07
2918,9.267736800211424e-07
1758,9.239631140189886e-07
2209,9.220242986884841e-07
1755,9.213773068950104e-07
1642,9.208901587953733e-07
2923,9.200589374813717e-07
1189,9.153644384696236e-07
2578,9.15233584919406e-07
3056,9.111164729347365e-07
2022,9.108730694151745e-07
1236,9.04964821302201e-07
3141,9.02638674915579e-07
3992,9.022782023748732e-07
1899,8.926773205075733e-07
1751,8.876073422925401e-07
3065,8.818681465072586e-07
4311,8.790947845227493e-07
1218,8.746275170778972e-07
2871,8.737273446968175e-07
4176,8.696942472852243e-07
4082,8.669905753322382e-07
2226,8.640946020932461e-07
1705,8.639672728349979e-07
2787,8.605195205291238e-07
3232,8.574677679007436e-07
1012,8.556446005059115e-07
3557,8.491475114169589e-07
4281,8.481744373511901e-07
4854,8.451340249848727e-07
4841,8.444762897852343e-07
2073,8.435250435923081e-07
675,8.404627180880198e-07
2350,8.374600781735353e-07
3028,8.362781045434531e-07
2617,8.352465385996766e-07
961,8.309028487474279e-07
2171,8.308516896704532e-07
754,8.291527251458319e-07
1876,8.278190080091008e-07
692,8.273904938960186e-07
4879,8.235395796418743e-07
3710,8.180512054423161e-07
234,8.178957671134413e-07
1511,8.151792485477927e-07
1806,8.102697393042035e-07
2826,8.102007029719971e-07
2057,8.084433318344963e-07
3883,8.07030687610677e-07
1554,8.048979509567289e-07
2501,7.983374814557465e-07
3907,7.95374063500276e-07
1201,7.951480540668854e-07
2644,7.911447710284847e-07
4327,7.90728904576099e-07
3190,7.807898327882867e-07
1723,7.805270456628932e-07
3573,7.783076227951824e-07
1569,7.76590553641654e-07
328,7.763609062294563e-07
4390,7.755790250030259e-07
3354,7.744905019535508e-07
3714,7.736119016499288e-07
4905,7.691284338307014e-07
1721,7.648871758192399e-07
2710,7.642013315489748e-07
2036,7.624239515280351e-07
4763,7.579157283998939e-07
4890,7.487801667593885e-07
4822,7.486037816306634e-07
989,7.485026287668006e-07
2855,7.480885813038185e-07
1039,7.477325993932027e-07
1579,7.466451847903954e-07
4529,7.451637600297545e-07
2633,7.431936808188766e-07
4544,7.411615570163121e-07
3693,7.393399243937893e-07
1838,7.373438108970731e-07
4531,7.285708534254809e-07
4170,7.270502635492448e-07
438,7.269585466929129e-07
3439,7.25397086398516e-07
1898,7.24693023812506e-07
4777,7.245385518217518e-07
363,7.245014614909451e-07
1417,7.229986636048125e-07
1413,7.209083889847534e-07
3552,7.201389564670535e-07
4234,7.151905094815447e-07
4508,7.136136730423459e-07
3256,7.123596503788576e-07
4867,7.114712730071915e-07
2749,7.08589340092658e-07
1852,7.084542517077352e-07
177,7.065070235512394e-07
804,7.057060429360718e-07
4304,7.025510910807498e-07
4338,7.024961803381302e-07
2723,7.015077301275596e-07
3931,6.909531293786131e-07
1607,6.879976126583642e-07
1266,6.839363493327255e-07
2470,6.800441099130694e-07
648,6.766259446067124e-07
393,6.765755244941829e-07
875,6.753510035650834e-07
984,6.653706634551781e-07
1503,6.627890343224863e-07
1833,6.619849841627001e-07
757,6.615794916342566e-07
446,6.593224384232599e-07
211,6.574304336481873e-07
4916,6.568050423538807e-07
895,6.553870832703979e-07
3098,6.545947144331876e-07
2835,6.540978745306347e-07
1397,6.495080526747188e-07
4421,6.478705074641766e-07
3996,6.477699230345024e-07
3024,6.476282408129919e-07
1893,6.465326407578686e-07
3784,6.442058975153486e-07
4509,6.438985167278588e-07
1660,6.416158271349559e-07
790,6.404080181710015e-07
71,6.40330398482547e-07
751,6.401618009022059e-07
2679,6.374569636591332e-07
1578,6.345645715555293e-07
1304,6.335926627798472e-07
2363,6.325987271793565e-07
4897,6.253355024909979e-07
1983,6.234775185021135e-07
670,6.216863823738095e-07
4838,6.204388682817807e-07
56,6.175922919737786e-07
1914,6.173115707497345e-07
4209,6.155721621325938e-07
574,6.132736700692476e-07
2921,6.11997108990181e-07
2237,6.109602566084504e-07
882,6.105653085342055e-07
3985,6.095498861213855e-07
2899,6.078617786897667e-07
1676,6.067350000193983e-07
288,6.062259956252092e-07
1466,6.027841834566061e-07
1813,5.982149957617366e-07
154,5.950996495585059e-07
4375,5.93122337022578e-07
3771,5.92790712516944e-07
4687,5.915986776017235e-07
2223,5.903617079638934e-07
1391,5.898761799016938e-07
819,5.872572046428104e-07
3699,5.871323764949921e-07
4289,5.854443401176468e-07
3618,5.837863454871695e-07
4102,5.804866987091373e-07
165,5.794247499579797e-07
3516,5.788571826315092e-07
1414,5.773456734914362e-07
671,5.756280359037191e-07
4564,5.746013869156741e-07
2272,5.705496448626945e-07
2497,5.694820401913603e-07
2451,5.69180770071398e-07
451,5.662228375058476e-07
3226,5.655644201851828e-07
2321,5.647409295761463e-07
739,5.646631677791447e-07
4521,5.61412747401846e-07
3572,5.598704433396051e-07
4122,5.59675299882656e-07
1227,5.580598951837601e-07
4400,5.578040997988865e-07
3586,5.574229788862795e-07
2513,5.563395575336472e-07
3612,5.53955686655172e-07
2547,5.53239004830175e-07
4238,5.517738230764735e-07
3459,5.50718254999083e-07
1498,5.481133484863676e-07
1518,5.465772829893467e-07
3365,5.460346415020467e-07
3745,5.459003205032786e-07
4290,5.454929521420127e-07
2344,5.444088628792088e-07
939,5.440709571757907e-07
3558,5.432734440091735e-07
3010,5.402814906574349e-07
3863,5.395801281338208e-07
2801,5.392535342707561e-07
442,5.385999060081303e-07
2612,5.369443272229546e-07
4633,5.366584048260847e-07
1122,5.364683346442689e-07
437,5.362999928593126e-07
621,5.361311252727319e-07
1506,5.333653660954951e-07
4152,5.331234973482424e-07
4365,5.329474390691757e-07
1906,5.320712261891458e-07
3753,5.318415219335293e-07
193,5.308573918227921e-07
3103,5.292903040299279e-07
3651,5.292247919896909e-07
4013,5.256339363768348e-07
2954,5.228269372992145e-07
1305,5.217920602262893e-07
2189,5.189302498820325e-07
3473,5.128758857608773e-07
4254,5.119811845588629e-07
1192,5.115331589422567e-07
600,5.11258107849244e-07
4876,5.090387276140973e-07
4061,5.077768605588062e-07
709,5.046434807809419e-07
126,5.028993541600357e-07
396,5.021597360155283e-07
2653,5.014996560248619e-07
1232,5.013882571347494e-07
355,5.012691559613813e-07
411,5.002410148335912e-07
1961,4.999511560299652e-07
872,4.985933799162012e-07
3905,4.985801211887519e-07
2975,4.929902672756725e-07
1351,4.913742657208786e-07
4541,4.910346120823306e-07
3174,4.907893327299462e-07
2793,4.907470838588779e-07
669,4.900874728264171e-07
2066,4.847336469993024e-07
1564,4.840341603085108e-07
4542,4.837374092403479e-07
2493,4.836050919720947e-07
3644,4.799366593033483e-07
3460,4.775949378199584e-07
4834,4.7551830562042596e-07
857,4.7180047602068953e-07
1941,4.716089989642569e-07
1797,4.713975556569494e-07
2784,4.7122136948019033e-07
4565,4.711152286063225e-07
598,4.703413196693873e-07
3747,4.686628756189748e-07
2046,4.659250407712534e-07
3570,4.65617091549575e-07
2840,4.6539101106191083e-07
615,4.652889913359104e-07
3703,4.6364837658074975e-07
3016,4.622105080898109e-07
1329,4.6096492667402345e-07
1350,4.6092847583167895e-07
1507,4.6073208181951486e-07
1619,4.604253120987778e-07
3999,4.6017345312066027e-07
483,4.59845736600073e-07
2393,4.5776548063258815e-07
4706,4.5720629771039967e-07
3623,4.5711298923833965e-07
4177,4.5604720355640893e-07
4452,4.537897240197708e-07
3201,4.5358616773683025e-07
4045,4.520373266814204e-07
1562,4.513679527917702e-07
1318,4.484153635075927e-07
3684,4.482219537749188e-07
1752,4.480835826825569e-07
485,4.4736758297858614e-07
4861,4.471223462587659e-07
4868,4.467738392577303e-07
493,4.4627884676629037e-07
4241,4.4594602854886034e-07
2999,4.4204746529885597e-07
306,4.408457243698649e-07
4398,4.4043082425559987e-07
1216,4.3959127538073517e-07
383,4.389058148035474e-07
1158,4.377861273496819e-07
3506,4.368701667090136e-07
1347,4.362149752523692e-07
3672,4.351852140871415e-07
4753,4.347370747836976e-07
3071,4.3422906514933857e-07
2070,4.3322104659182514e-07
2236,4.316515713753688e-07
3673,4.3113570313835226e-07
534,4.247779514798822e-07
1614,4.2311549464102427e-07
3741,4.229086556506445e-07
1647,4.2233078545450553e-07
1269,4.21872499600795e-07
2845,4.215098954318819e-07
1427,4.208770292279951e-07
636,4.189245146335452e-07
4329,4.1887128077178204e-07
1822,4.1869078870604426e-07
24,4.1859112798192655e-07
3523,4.1849904164337204e-07
2389,4.178004360255727e-07
4968,4.1593347077650833e-07
3284,4.150597590069083e-07
167,4.13238396390625e-07
3725,4.125263899368292e-07
919,4.124003680772148e-07
1102,4.122286298979816e-07
2579,4.113430804864038e-07
2514,4.1005921502801357e-07
1738,4.097838370853424e-07
2182,4.066990015871852e-07
4998,4.0629784336942976e-07
2222,4.059240552578558e-07
2542,4.055078619558117e-07
4001,4.050598505500602e-07
3298,4.048800832379129e-07
4109,4.042946954996296e-07
4700,4.037060534756165e-07
4999,4.031556386507873e-07
4044,4.031172977647657e-07
4272,4.0224341546490905e-07
4511,4.0143044088836177e-07
4134,4.0050245786460437e-07
1212,3.998954127837351e-07
465,3.9988866262774536e-07
3677,3.992369386196515e-07
4343,3.9919933669807506e-07
3412,3.989539862914171e-07
4513,3.9873415857982764e-07
1495,3.9539008866995573e-07
3833,3.951673051005855e-07
1169,3.9466209500460536e-07
1596,3.946579454350285e-07
16,3.9437210830328695e-07
4723,3.939546502351732e-07
6,3.9309010446686443e-07
1505,3.916519517588313e-07
4683,3.9128985918068793e-07
2356,3.909013344127743e-07
4847,3.90382510317977e-07
4399,3.8952002512360195e-07
4796,3.894844411433951e-07
1454,3.890696689268225e-07
607,3.88902535064517e-07
2865,3.8849175609811937e-07
3479,3.880439152226245e-07
2907,3.8688592951530154e-07
3456,3.868133404694163e-07
4371,3.863957971361742e-07
368,3.8524525791672204e-07
4501,3.852063201748024e-07
3562,3.8352101228156243e-07
2348,3.831318053926225e-07
4619,3.8242114897002466e-07
4637,3.8018043824195047e-07
3512,3.800700909550869e-07
532,3.7970123401009914e-07
4250,3.7873988389947044e-07
4313,3.7831267718502204e-07
3860,3.782767379334473e-07
255,3.7690048770855356e-07
2948,3.7670342578621785e-07
752,3.7667454932943656e-07
1022,3.7640327832377807e-07
1855,3.7454366008660145e-07
3668,3.744423935359009e-07
3560,3.743751619822433e-07
4055,3.7223890103632584e-07
2076,3.7201978386747214e-07
2230,3.7155837162572425e-07
663,3.7150380194361787e-07
2877,3.710581211180397e-07
4892,3.6934113722963957e-07
4943,3.677750868291696e-07
748,3.6634750699704455e-07
1475,3.646485708941327e-07
1667,3.646132427093107e-07
747,3.639026573409865e-07
1386,3.6287894999986747e-07
3151,3.62552441401931e-07
4714,3.617167578795488e-07
3960,3.604690732572635e-07
2933,3.5938060705120733e-07
1701,3.590979815726314e-07
2629,3.581101566396683e-07
4567,3.5785568286428315e-07
4617,3.571563240711839e-07
1754,3.568133308817778e-07
415,3.562604860007923e-07
273,3.55212094405033e-07
830,3.541331636824907e-07
3585,3.5387378716222884e-07
2355,3.535121919640005e-07
619,3.515447986046638e-07
4800,3.5123130714964645e-07
3800,3.4934731729663326e-07
1787,3.4827510830837127e-07
4411,3.477440770893736e-07
4705,3.4646802760107676e-07
1748,3.451448549185443e-07
1516,3.4356676792413054e-07
4789,3.430450163932619e-07
4244,3.4246951940986037e-07
3888,3.4199170784177113e-07
2041,3.417954559381542e-07
180,3.4059297604471794e-07
1501,3.402024617571442e-07
19,3.398672276944126e-07
4252,3.384433711062229e-07
809,3.380380348971812e-07
3726,3.373515227167445e-07
4875,3.3625410367221775e-07
85,3.334055378445555e-07
788,3.318272092656116e-07
3431,3.3156811696244404e-07
3139,3.3097798279868584e-07
4697,3.291586523346268e-07
693,3.28758460454992e-07
2697,3.2775140823559923e-07
652,3.276848161704038e-07
1766,3.2592072329862276e-07
4354,3.256673579699054e-07
2530,3.2556427242980135e-07
3615,3.253749412124307e-07
2609,3.250057574177845e-07
213,3.2445372255551774e-07
2946,3.23372219668272e-07
182,3.230053948755085e-07
4491,3.2281120354582526e-07
3908,3.2162277818770235e-07
2763,3.2068255961803516e-07
4976,3.206499599173185e-07
198,3.204529122058375e-07
1559,3.198961309180959e-07
1421,3.1960641422301705e-07
138,3.175234155605722e-07
948,3.166536259868735e-07
86,3.16171337999549e-07
908,3.157405927822765e-07
874,3.145466536125241e-07
3842,3.1167489566996665e-07
3751,3.111339594852325e-07
1588,3.1001376044059725e-07
1159,3.097716216871049e-07
3706,3.0931359162877925e-07
4552,3.093041271995389e-07
2920,3.078818053836585e-07
1150,3.0765311009872676e-07
2814,3.0688795504829613e-07
3442,3.0645411186469573e-07
4208,3.059647184500136e-07
4667,3.0590848609790555e-07
1365,3.057193396216462e-07
2743,3.037164830743677e-07
844,3.036273454881666e-07
2054,3.0333497136325605e-07
4320,3.0303566234124446e-07
592,3.0292284236566047e-07
1332,3.028020074680171e-07
4221,3.024376979965382e-07
2124,3.010991775909133e-07
2489,3.000873363134815e-07
1134,3.0006805218363297e-07
4404,2.995413410644687e-07
769,2.9939863566141867e-07
3429,2.993752730162669e-07
2818,2.9814582092058117e-07
967,2.974497732566306e-07
573,2.971654993189077e-07
1629,2.9582739102806954e-07
1190,2.9550191982252727e-07
4612,2.951779407567301e-07
2343,2.95052402066176e-07
1628,2.9450784211348946e-07
3845,2.9421376268601307e-07
1211,2.939329988294048e-07
633,2.936309613232879e-07
4205,2.933943648031345e-07
988,2.9258025335821003e-07
3126,2.9232066367512743e-07
595,2.9226671927062853e-07
1581,2.921285187085232e-07
3099,2.917337411645349e-07
1272,2.9125091316473117e-07
791,2.9083358299430984e-07
2278,2.907897993509323e-07
4425,2.9061131101570936e-07
1617,2.898289039876545e-07
1565,2.8934624651810736e-07
3147,2.879666638477829e-07
3379,2.8629898451981717e-07
4358,2.8352877734505455e-07
3327,2.8278934394165844e-07
307,2.823357476700039e-07
2040,2.82104366533531e-07
913,2.818403856963414e-07
1616,2.8024471987464494e-07
371,2.8023220011164085e-07
1045,2.801599947588329e-07
3605,2.796233218305133e-07
4438,2.7883082509561063e-07
2395,2.784223767093863e-07
1765,2.7834988713948405e-07
3505,2.7832297178065346e-07
2779,2.781911945248794e-07
2887,2.7776977873372743e-07
1982,2.7770357746703667e-07
554,2.7715388739579794e-07
4566,2.759451405154323e-07
1737,2.758641244327009e-07
1240,2.753940719912862e-07
3329,2.753094747731666e-07
4274,2.7454653661607153e-07
58,2.741370366265983e-07
4709,2.731195536398445e-07
4163,2.7186796103251254e-07
2822,2.718500837772808e-07
962,2.7062301910518727e-07
3326,2.6986236889570137e-07
2011,2.698445626947432e-07
4016,2.6971932243213814e-07
3003,2.681643422874913e-07
3496,2.6732986668775993e-07
3262,2.6692231358538265e-07
266,2.667901526365313e-07
1566,2.66679890614796e-07
3249,2.6593986746092924e-07
3964,2.651084827220984e-07
1193,2.6391986551743685e-07
2330,2.6289595211892447e-07
1082,2.623428869696909e-07
2843,2.617753054323657e-07
4605,2.6113625040125044e-07
714,2.611234677374341e-07
2007,2.604370052949889e-07
3499,2.599722819240924e-07
359,2.598365327344254e-07
2008,2.590265637536504e-07
3504,2.5894183863783837e-07
3316,2.5877365317228396e-07
2056,2.5679091208985483e-07
781,2.563192964544214e-07
4301,2.561958609703652e-07
546,2.5384903779013257e-07
1353,2.5363580391513096e-07
1780,2.521075614936308e-07
4745,2.5178013629556517e-07
2366,2.514158552457957e-07
133,2.5116855795204174e-07
4441,2.5115178203805044e-07
4695,2.51103728032831e-07
4549,2.509508405523775e-07
2889,2.5084015931042813e-07
4965,2.5022920624451217e-07
684,2.495911530786543e-07
407,2.495594486617847e-07
689,2.493553168392282e-07
3493,2.4903307149770626e-07
2420,2.489401538241509e-07
2457,2.4889709493436385e-07
325,2.479762457596735e-07
1002,2.475054330375315e-07
833,2.4739913584426176e-07
3722,2.4696874589835716e-07
398,2.4658551467382495e-07
379,2.459140091559675e-07
891,2.456311563037161e-07
4081,2.4548933907908577e-07
4955,2.4491065175880067e-07
4982,2.440063440189988e-07
1768,2.4375425056177846e-07
3580,2.422339662189188e-07
2908,2.4171819745788525e-07
1829,2.412433701692862e-07
2208,2.4121352026895693e-07
1712,2.4066503101494163e-07
3378,2.4064287629244063e-07
1664,2.4046659063969855e-07
3513,2.3984520680642163e-07
2540,2.388121984608915e-07
3338,2.387753639254697e-07
3520,2.3810629556919594e-07
1560,2.3764734180531377e-07
3527,2.3688890848916344e-07
1003,2.368082050452358e-07
3356,2.3626463985237933e-07
4323,2.3620929567869098e-07
2906,2.358022612725108e-07
1777,2.3481292998894787e-07
4207,2.3444833630037465e-07
4755,2.3429711148992283e-07
4353,2.336752586984403e-07
441,2.328109758309438e-07
1683,2.3257342007809712e-07
533,2.3233388191101767e-07
2435,2.3216196609610051e-07
3025,2.3210779431792616e-07
290,2.3191678621969913e-07
1923,2.3130716186869904e-07
4368,2.312146136773663e-07
3195,2.3107686786261183e-07
4408,2.3074071009432373e-07
203,2.306197188772785e-07
3902,2.3060739096081306e-07
2341,2.301856909525668e-07
4538,2.3017695127691695e-07
3420,2.301612909150208e-07
237,2.2985977921052836e-07
300,2.297950345564459e-07
3936,2.2857118864294534e-07
3366,2.2827072143627447e-07
3243,2.2649300035482156e-07
1312,2.2632132612443456e-07
4863,2.2615642336631936e-07
4724,2.2537356869634095e-07
2419,2.2531580157192366e-07
1428,2.2505184205101614e-07
849,2.2468787364005038e-07
813,2.2466959848088663e-07
3318,2.236569898173002e-07
2280,2.235764497982018e-07
2082,2.2275803956972595e-07
4591,2.2193440685214227e-07
3032,2.2155838763637803e-07
4624,2.215255108239944e-07
4539,2.2139395383646843e-07
2613,2.2103919405935812e-07
1535,2.2024541124210373e-07
555,2.1970490138301102e-07
2159,2.1956071805107058e-07
4130,2.1885911394292634e-07
576,2.1856267551356723e-07
4147,2.1689499618560149e-07
2244,2.1640553882207314e-07
2982,2.1624330059921704e-07
2232,2.1593634613736867e-07
1674,2.1556389384613794e-07
326,2.1554303231141603e-07
2216,2.1528116178615164e-07
2352,2.152473825844936e-07
4590,2.151934737071315e-07
2448,2.1502687275187782e-07
1028,2.1502277292029248e-07
2290,2.1478923173390285e-07
66,2.1415825557369317e-07
3849,2.1390030013890282e-07
4803,2.134099688078095e-07
2176,2.1314428266805407e-07
2955,2.126847959971201e-07
2893,2.1252060378174065e-07
4950,2.1180714782076393e-07
1763,2.1154867368977648e-07
4389,2.1142616901670408e-07
2798,2.109754788648388e-07
3934,2.0997759264673732e-07
3301,2.0974724179723125e-07
2252,2.0950310641865144e-07
1298,2.0930155386622573e-07
3965,2.0882765738861053e-07
1449,2.0864110439333672e-07
3038,2.0793456201317895e-07
4026,2.0663198796455617e-07
3783,2.0593540739355376e-07
3757,2.0552555923813998e-07
2097,2.054567289633269e-07
3589,2.0503804876170761e-07
1904,2.0483206242261076e-07
3717,2.047776419544789e-07
38,2.0452270632631553e-07
2405,2.038699022932633e-07
1310,2.038321937902765e-07
4409,2.0372644371491333e-07
204,2.037262163412379e-07
2690,2.034274615425602e-07
1302,2.0326911709389606e-07
3944,2.0321395055589164e-07
1394,2.0314393367470984e-07
1793,2.0271075840128105e-07
2410,2.0269474987344438e-07
4188,2.0255441768313176e-07
725,2.0066234895921298e-07
4260,1.9992429400872425e-07
2307,1.9968000941616992e-07
362,1.996767622358675e-07
1339,1.9926120842228556e-07
1469,1.9852742383363875e-07
3749,1.984896087492416e-07
1387,1.9807169593377694e-07
4639,1.978375365752072e-07
3808,1.9748933510754796e-07
1699,1.9636378567611246e-07
3998,1.9593507261106424e-07
1154,1.958104789423487e-07
3529,1.944645404705625e-07
4030,1.943824230465907e-07
2013,1.9371410786561682e-07
2527,1.9371308468407733e-07
143,1.9360906122756205e-07
3903,1.9341880630463493e-07
4277,1.9282231988881904e-07
4095,1.9240795268160582e-07
2403,1.922332657500192e-07
3748,1.9202467882450946e-07
668,1.9198757428284807e-07
4054,1.9152395225319196e-07
1834,1.9123632455375628e-07
3646,1.9108525606270632e-07
2666,1.906057320866239e-07
1280,1.8996288986272702e-07
2687,1.8984479055461634e-07
1486,1.8906615650848835e-07
4500,1.8876387741784129e-07
111,1.880376956364671e-07
4594,1.877342654665881e-07
1059,1.865941214873601e-07
188,1.8656918143733492e-07
1233,1.8646088051355036e-07
486,1.8628131215336907e-07
4094,1.8606679219601574e-07
1985,1.8550078806356396e-07
3768,1.854618858487811e-07
4246,1.8541568636010197e-07
469,1.8512604071929673e-07
1859,1.8436786319853127e-07
2425,1.842444987687486e-07
1105,1.8409329527457885e-07
4012,1.8407701674050259e-07
3890,1.8402204915446418e-07
1364,1.838239285234522e-07
3782,1.8379075328311956e-07
1963,1.8241441779309753e-07
3052,1.8225213693767728e-07
3434,1.8197972195821421e-07
1034,1.8164592319180883e-07
2093,1.804753324563535e-07
734,1.80103043589952e-07
2259,1.799935276380893e-07
4297,1.795044610730656e-07
2738,1.7902024751492718e-07
1066,1.7864842050130392e-07
535,1.7841718147337815e-07
44,1.7778709349158817e-07
1077,1.7736013546709728e-07
2516,1.769447877109087e-07
2260,1.7671099783456157e-07
4944,1.7649534100883102e-07
1538,1.7546388875189223e-07
1480,1.754510208229476e-07
1843,1.7494856052735486e-07
2336,1.7476442337738263e-07
4893,1.7405199770337276e-07
3606,1.7350627956602693e-07
2987,1.7320794398756334e-07
1090,1.7286097886426433e-07
2003,1.7245763217488275e-07
3785,1.7184410694426333e-07
4431,1.7119840123314134e-07
251,1.709839310137795e-07
296,1.708136849742914e-07
2333,1.7072961355779626e-07
2169,1.706207939378146e-07
3163,1.7058386703183714e-07
620,1.702620764376661e-07
2063,1.7006401975550034e-07
1457,1.7003814889449131e-07
3095,1.7003182506414305e-07
4336,1.6987381457056472e-07
1997,1.6980633432694958e-07
1406,1.6955570458776492e-07
2832,1.6925867640793513e-07
4663,1.6915624456714795e-07
4871,1.6796763446791374e-07
4032,1.6794602686331928e-07
4661,1.6706031402691224e-07
4836,1.665200102252129e-07
3989,1.6650952261443308e-07
2452,1.650826675358985e-07
277,1.650056304924874e-07
3410,1.6446806228032074e-07
4883,1.6408736058792783e-07
2080,1.6292011650875793e-07
229,1.6263420832274278e-07
1290,1.61437917256535e-07
712,1.610493711723393e-07
898,1.6097289545768945e-07
408,1.6079830800208583e-07
2443,1.6015209780562145e-07
556,1.595720462432837e-07
3563,1.588695113241556e-07
4211,1.5851336598871058e-07
93,1.5804398145746745e-07
3015,1.5799628272361588e-07
14,1.5745965242786042e-07
2014,1.5687754384430264e-07
1162,1.5644113204871246e-07
4909,1.56332077949628e-07
527,1.5567176347985878e-07
914,1.5530670083307996e-07
549,1.5521660401418558e-07
3598,1.5493709071279227e-07
1788,1.5486835280853484e-07
2627,1.5481653292681585e-07
1708,1.5456866009344594e-07
3636,1.5412425824479214e-07
4819,1.535545592901144e-07
1023,1.5288156873793923e-07
4155,1.5226061833573112e-07
104,1.5210365944540172e-07
4456,1.5198213532130467e-07
3136,1.516826912961733e-07
4696,1.5125738173082937e-07
3554,1.5088325255874224e-07
178,1.5084108184737488e-07
62,1.507392539679131e-07
3386,1.5070608583300782e-07
1429,1.5056891555786933e-07
3448,1.501624922184419e-07
4033,1.5007996978511073e-07
3742,1.497691393126388e-07
121,1.494001153901081e-07
736,1.4939758941068249e-07
3538,1.4936685488464718e-07
3561,1.4847318396959963e-07
4041,1.479181825914111e-07
3325,1.476345801165735e-07
2607,1.475937878581135e-07
1627,1.4696422567794798e-07
1296,1.4695374517259552e-07
2083,1.4684162863431993e-07
1677,1.467632060325741e-07
834,1.4645984691696867e-07
1229,1.457423621786802e-07
432,1.456251013109977e-07
1473,1.447764361728332e-07
4356,1.442418593455841e-07
4105,1.4398574421647936e-07
2487,1.4362577616111594e-07
3667,1.4349059540563758e-07
3974,1.4303286377526092e-07
4092,1.4275424575771467e-07
888,1.4256222868880286e-07
938,1.4244896107129534e-07
4870,1.4236250223120805e-07
2177,1.423010402845648e-07
3584,1.4201908271616048e-07
1521,1.4127477498959706e-07
3670,1.4110825929947168e-07
2179,1.4096006850650156e-07
943,1.4058139186090557e-07
381,1.4038521811698956e-07
662,1.3948644550509925e-07
1228,1.393726805076767e-07
2378,1.3928016429076706e-07
686,1.389572545917872e-07
3954,1.389313624144961e-07
2881,1.3880263338705845e-07
656,1.3846121760252572e-07
4350,1.381237240138944e-07
130,1.3751253646887562e-07
380,1.374431946032928e-07
4586,1.3723841618684673e-07
3408,1.3699318657245385e-07
2233,1.3658226549750907e-07
4256,1.364578636753322e-07
1348,1.3622196348705984e-07
688,1.3618529592918094e-07
690,1.3598357639921232e-07
21,1.3583672853201278e-07
3047,1.3553743372085592e-07
3500,1.3525248476753404e-07
540,1.3512054408693075e-07
2298,1.3498107520604208e-07
2851,1.3460370951179357e-07
1973,1.345980251699075e-07
1334,1.3448757130163358e-07
3886,1.3434754464469734e-07
614,1.3406916821168124e-07
1198,1.3392720887850373e-07
3869,1.331368331136673e-07
1091,1.3312471480730892e-07
2459,1.3268713416891842e-07
887,1.324305500816081e-07
185,1.3211151284053813e-07
3481,1.3193636405617326e-07
3312,1.3170018320352028e-07
33,1.3139169396936268e-07
3288,1.313706938788073e-07
2824,1.3122413022870205e-07
1299,1.308287735923841e-07
1177,1.3077238492087417e-07
1352,1.3036390100751305e-07
1994,1.2989536202212548e-07
3567,1.298441603125866e-07
3861,1.2945613292458802e-07
1863,1.2941252336418074e-07
3089,1.2938361493297634e-07
2327,1.292412576958668e-07
1419,1.2884129318990745e-07
2114,1.288142712496665e-07
2884,1.2854023978547957e-07
1846,1.2852863306989093e-07
4003,1.2846462738025366e-07
2680,1.284423483127739e-07
1557,1.2835405271971467e-07
4107,1.2809780258749015e-07
1316,1.2753799794040788e-07
3889,1.272157277298902e-07
3913,1.2696730422590008e-07
2706,1.2653249115146536e-07
3937,1.2622782463722615e-07
271,1.259366548822527e-07
45,1.2585298492240327e-07
1935,1.2584813902094538e-07
934,1.2547255323624995e-07
4888,1.25270439355063e-07
1396,1.25190901201222e-07
3377,1.251073094010735e-07
59,1.2485406486462125e-07
3264,1.2481675781828017e-07
1273,1.2468959909028854e-07
3862,1.2428099438466234e-07
1874,1.240934572876995e-07
4739,1.2400079540952902e-07
4908,1.2395750914606651e-07
3474,1.2317420683416458e-07
3978,1.230475596969427e-07
3424,1.2288762718526414e-07
4056,1.223214667334105e-07
2502,1.2211718924959314e-07
2417,1.2172891317163703e-07
644,1.216335796527801e-07
3457,1.2144351302367795e-07
727,1.213753328954681e-07
3185,1.203552244533057e-07
4038,1.203222304013707e-07
2491,1.201655557281356e-07
4101,1.2009764560616532e-07
1152,1.1985323311591856e-07
3148,1.1983827263861713e-07
3266,1.1893702733800637e-07
1444,1.1859938808811421e-07
2971,1.1848416647808335e-07
2503,1.1758523044136382e-07
4807,1.1725258985961773e-07
890,1.1697941815214108e-07
1962,1.1678465483555556e-07
4970,1.1619465922763084e-07
768,1.1613805739330019e-07
2268,1.1611156836011105e-07
3400,1.1607801653212846e-07
3953,1.1536728905525706e-07
4787,1.1518213938188637e-07
3116,1.1492587859152081e-07
3188,1.1442707759101722e-07
2207,1.143728169950009e-07
1164,1.1435899693879037e-07
1244,1.1432683422185619e-07
2973,1.1408975453264247e-07
1652,1.1353720452689231e-07
4518,1.1189354864882262e-07
3182,1.1175128378226873e-07
951,1.1166241620230721e-07
3880,1.1160395629872255e-07
2603,1.1152360457344912e-07
3487,1.1107966102485989e-07
2972,1.1106639874469693e-07
1362,1.1102657637707125e-07
903,1.1089817419929204e-07
3012,1.108713014730256e-07
3525,1.1077754891175573e-07
2754,1.1025781887497033e-07
879,1.1023398371889925e-07
1243,1.0997986521488201e-07
1046,1.0978513742543328e-07
3197,1.0968100738750763e-07
2643,1.0844710018886872e-07
4476,1.0844670583765037e-07
343,1.0825228713429169e-07
545,1.0824696516920085e-07
4023,1.0820793150401187e-07
4200,1.0815259088303719e-07
1431,1.0738355271655564e-07
4744,1.0727121235731829e-07
2511,1.071592308221625e-07
2385,1.0692346208429626e-07
2978,1.0650388659882992e-07
3909,1.0632570734969704e-07
2325,1.061088248377473e-07
2534,1.0604937017433258e-07
530,1.0594582988687762e-07
1551,1.0593715416007399e-07
653,1.0569578634544996e-07
83,1.0563417163211852e-07
1166,1.0519179838297532e-07
2615,1.0468089328696806e-07
228,1.0460284016744481e-07
3299,1.0454454724140305e-07
3220,1.0437537056873225e-07
4474,1.0413027595745916e-07
3638,1.0399709182706829e-07
785,1.0388451698872814e-07
603,1.0337676670246765e-07
4193,1.0328698962780436e-07
3441,1.032456395932968e-07
4405,1.0298262864694152e-07
2665,1.0297691943605969e-07
4762,1.0297178576479382e-07
214,1.0289435792287804e-07
2069,1.0248945514490515e-07
1006,1.021967435121951e-07
3901,1.0214707302225179e-07
539,1.0208014700197054e-07
2848,1.0197590682992086e-07
3419,1.0165512875914828e-07
4512,1.016456572244806e-07
1206,1.012668313649101e-07
4496,1.0076523793145498e-07
4273,1.0042240461416441e-07
4607,1.0040417564027848e-07
337,1.0033188502234225e-07
2521,1.0019325813459545e-07
27,9.997947714168731e-08
445,9.985821236568881e-08
1615,9.961589952922623e-08
3267,9.94887408012346e-08
4577,9.937980749441522e-08
1235,9.929459210411551e-08
2146,9.924110955239485e-08
4419,9.916013254951395e-08
480,9.888115570788614e-08
3997,9.876925233243128e-08
1725,9.820465862730998e-08
1330,9.789434685103515e-08
3526,9.747349238864444e-08
2870,9.74514122731307e-08
57,9.713692605828328e-08
1070,9.707404657888219e-08
3911,9.699770231463845e-08
241,9.69112363691238e-08
2081,9.668292122455568e-08
287,9.62608233123774e-08
920,9.62056034836678e-08
743,9.582118920548055e-08
1282,9.5212310924353e-08
2130,9.510712928317844e-08
605,9.495011710214385e-08
3824,9.466185701967333e-08
3501,9.454561933353034e-08
1016,9.454446470158473e-08
2340,9.446205595509127e-08
339,9.436850945121478e-08
1130,9.42810096660196e-08
1361,9.40846334174239e-08
839,9.375223442020797e-08
4436,9.346993579129048e-08
723,9.342654294641761e-08
3283,9.325451699737641e-08
3721,9.319867544377303e-08
4934,9.310704029985573e-08
3057,9.300081771357327e-08
1886,9.273266243781109e-08
4223,9.241365006573687e-08
4138,9.22503851086276e-08
3064,9.167853320946051e-08
4808,9.111113996596032e-08
3236,9.048906335351603e-08
3574,9.032503101025213e-08
3294,9.023788294371116e-08
1300,9.00230823219772e-08
1743,8.980787669088386e-08
4940,8.973047016525015e-08
4089,8.953465879812939e-08
3352,8.937701068134629e-08
440,8.927201378128302e-08
4423,8.910517124149919e-08
2668,8.899013437257963e-08
925,8.87734863397327e-08
3887,8.865010059366796e-08
4484,8.861701061846361e-08
2172,8.845982790717244e-08
2474,8.842124898933434e-08
1957,8.765717751657576e-08
4318,8.75269243749699e-08
4673,8.73928733824414e-08
1609,8.722261668481224e-08
4629,8.718269839391724e-08
1104,8.679466745320497e-08
2828,8.678642871018383e-08
1508,8.675642959588004e-08
2279,8.675508311739577e-08
3223,8.672624218775127e-08
3295,8.574439291919589e-08
43,8.562339814943698e-08
2134,8.552653341098448e-08
183,8.549842078764414e-08
2291,8.544495955220555e-08
4611,8.499911530179816e-08
2947,8.485846691996812e-08
1958,8.444932220186274e-08
99,8.44305425573566e-08
3874,8.404346729662393e-08
3867,8.352145997037042e-08
2587,8.350316349492459e-08
3029,8.342905744029849e-08
4578,8.341535817635304e-08
4206,8.32738393796717e-08
3947,8.316724731116665e-08
593,8.303819143407054e-08
789,8.295590347984216e-08
39,8.289724107157781e-08
278,8.285528352303118e-08
1905,8.269574891528464e-08
4465,8.26804722464658e-08
119,8.249072180888106e-08
477,8.24885191264002e-08
801,8.238679072292143e-08
2669,8.168422382937024e-08
851,8.159071640534421e-08
2384,8.156958131166903e-08
4669,8.153925534770678e-08
1447,8.129175554927315e-08
3844,8.127777562094707e-08
156,8.120869310346279e-08
2573,8.10703504328103e-08
2407,8.077791235905352e-08
4626,8.066857049016107e-08
894,8.019859620844727e-08
4671,8.004395368743644e-08
2890,7.97882435676911e-08
3617,7.959471304275212e-08
911,7.952042935244208e-08
4657,7.924341360876497e-08
1203,7.916612076996898e-08
1053,7.905665455609778e-08
3678,7.854535866158585e-08
4601,7.817329361614611e-08
72,7.811613045305421e-08
3556,7.809118329760167e-08
2674,7.796912271373913e-08
4832,7.79325439737022e-08
3361,7.766839971168338e-08
4249,7.757281395015525e-08
643,7.728215933866522e-08
28,7.727118855882509e-08
1936,7.709295246627335e-08
2686,7.653310163391325e-08
2096,7.629389386920593e-08
1321,7.623039088855421e-08
780,7.602796614492036e-08
3772,7.601602192153223e-08
2688,7.599156504056737e-08
3894,7.596652906727286e-08
2724,7.574882232574964e-08
1830,7.558455905609662e-08
3489,7.551770764280263e-08
3885,7.542027447016153e-08
4058,7.510931254728348e-08
254,7.468887375239319e-08
2184,7.463982498734367e-08
3927,7.460266004954974e-08
2717,7.45503641041978e-08
2306,7.449639483070314e-08
1867,7.410407398822372e-08
23,7.403706447917102e-08
322,7.402729984562484e-08
771,7.390079836966379e-08
4090,7.380641697807278e-08
4630,7.367447096839896e-08
3991,7.343724561792442e-08
2777,7.34066141205858e-08
931,7.325266437874234e-08
1745,7.324245387962947e-08
3719,7.317346728541452e-08
3676,7.302879723170008e-08
553,7.298759285845335e-08
319,7.28830116258905e-08
1208,7.241272115265929e-08
793,7.232160470493909e-08
4009,7.21515220902802e-08
428,7.176030081268436e-08
906,7.170199722850157e-08
2695,7.160316073395734e-08
3583,7.128695678204622e-08
2964,7.105226806913834e-08
4652,7.096941700979187e-08
1451,7.051916206535225e-08
2453,7.026017456723821e-08
2879,7.02244307149158e-08
2739,7.01898912325305e-08
3014,7.018069325681608e-08
4302,7.016215697319694e-08
25,7.010006441987571e-08
1026,6.987029621541296e-08
3594,6.980110711651832e-08
1118,6.951600184379458e-08
3866,6.940420860246377e-08
4768,6.932593521469244e-08
762,6.917481165658046e-08
4051,6.897687043760925e-08
248,6.893820980735654e-08
2019,6.890608972298651e-08
3055,6.865460377980526e-08
2789,6.863724522077064e-08
289,6.834178023495951e-08
2099,6.825614562444571e-08
2183,6.802076057965678e-08
2149,6.79541258818972e-08
976,6.787511352968068e-08
1978,6.779587202743187e-08
463,6.753145243010295e-08
2857,6.742908098544831e-08
3269,6.73339108914206e-08
4383,6.690081377769275e-08
2104,6.665495710933556e-08
1131,6.644067163108502e-08
1979,6.624454229609e-08
501,6.621552905983208e-08
1338,6.588945389296441e-08
416,6.582647138486664e-08
1525,6.580417810653216e-08
3206,6.572949295957642e-08
4025,6.560709842062806e-08
313,6.551523767939216e-08
258,6.549180220360995e-08
3259,6.543235819833626e-08
2526,6.537218233404474e-08
1101,6.530724760978046e-08
2273,6.511532646413798e-08
2656,6.509943872856638e-08
737,6.508290084639157e-08
163,6.503107030653155e-08
3313,6.501411320414263e-08
1836,6.491246651307847e-08
1686,6.48294484761891e-08
3437,6.433669597072367e-08
1288,6.418356690574001e-08
34,6.418094855575873e-08
4896,6.370887994933128e-08
3679,6.355887549602812e-08
4319,6.355876536190408e-08
2262,6.349801928706711e-08
2392,6.329987201070253e-08
170,6.317224254814846e-08
2876,6.278590625186098e-08
2320,6.257232953998937e-08
973,6.240220784548001e-08
146,6.239961614085132e-08
4781,6.233367955132962e-08
1073,6.206582270351646e-08
77,6.191661228172052e-08
4328,6.180288636414843e-08
4975,6.179831402164382e-08
172,6.164166777011815e-08
4487,6.123017470827108e-08
3402,6.120060724867926e-08
373,6.104967731346278e-08
2974,6.100615834725431e-08
3102,6.098417060229622e-08
590,6.092650117750509e-08
767,6.091396542728944e-08
1648,6.077194747433623e-08
3565,6.076040826030749e-08
272,6.064184532306172e-08
632,6.049322109902278e-08
3164,6.049002365671186e-08
1991,6.048917455814262e-08
2144,6.007558006615454e-08
1005,5.991025453511156e-08
2556,5.952915849150031e-08
2548,5.927928192761556e-08
1381,5.9266584528927524e-08
3303,5.924469981266611e-08
1119,5.9205001790019196e-08
2142,5.916255041427121e-08
525,5.869641128697367e-08
1892,5.8549462167434285e-08
4468,5.813866899018194e-08
1345,5.787297219228549e-08
3331,5.780781364705945e-08
2572,5.7587016044635675e-08
10,5.748140274874913e-08
3140,5.7343140014154415e-08
260,5.6851952479064494e-08
4135,5.6635826695128344e-08
3440,5.660393576079059e-08
2416,5.651848589138808e-08
4738,5.646802492265124e-08
1533,5.6344584109524476e-08
924,5.581577333657606e-08
471,5.5809920240790234e-08
4264,5.579693507229422e-08
403,5.558170279584829e-08
3209,5.5524660425021466e-08
2213,5.5453254432791255e-08
4388,5.5304033352854276e-08
2436,5.4970739071791286e-08
4951,5.4620088008050516e-08
3546,5.4442674368715416e-08
3075,5.430861627075956e-08
2905,5.427854965489587e-08
1008,5.403887470833979e-08
3444,5.388041302012425e-08
753,5.3844388503421214e-08
70,5.379878587064013e-08
3831,5.356309173976115e-08
4805,5.354756815734163e-08
1772,5.323428808878816e-08
591,5.31674153592121e-08
2305,5.3082811035665145e-08
3514,5.2913367909468434e-08
626,5.261947677581702e-08
3868,5.257294688476577e-08
1106,5.249436263454754e-08
2399,5.241904155184329e-08
2212,5.234340605397847e-08
3980,5.227640009763945e-08
2160,5.2237062675430934e-08
4649,5.2129106364873223e-08
1485,5.21154355226372e-08
3507,5.1827880653831926e-08
921,5.180198137111347e-08
3239,5.1591740657386254e-08
3912,5.149133563975283e-08
3458,5.1473259432555096e-08
4730,5.146771364650249e-08
3738,5.136593550503221e-08
4481,5.131197156060807e-08
1488,5.105986566888987e-08
235,5.101378341976215e-08
4083,5.0967825515613185e-08
4412,5.082774201525808e-08
528,5.0638526261082006e-08
1862,5.0627184222662436e-08
4927,5.0537886764345785e-08
1782,5.0471067325474905e-08
4005,5.04268928835927e-08
2500,5.037469641422376e-08
3915,5.029728988859006e-08
968,5.027918525968289e-08
4213,5.0034996590397895e-08
2247,4.993043312140344e-08
4369,4.9905422017104684e-08
4526,4.976815759505371e-08
3812,4.976119072352958e-08
2402,4.971424516497791e-08
918,4.967049704873716e-08
4913,4.96648677739131e-08
3270,4.9592941309128946e-08
580,4.942031139876235e-08
2423,4.93723071315344e-08
3167,4.93421499214719e-08
2919,4.9027113036004266e-08
3208,4.9020568937407916e-08
568,4.896673466703305e-08
3962,4.881630033537476e-08
1060,4.86971742930109e-08
3929,4.8629102522568246e-08
2285,4.860494229319556e-08
2677,4.840641665282419e-08
787,4.834928368779856e-08
150,4.811989029462893e-08
2914,4.810617504347192e-08
2472,4.800607023014436e-08
2206,4.779782081243411e-08
2243,4.778598139409951e-08
995,4.752972770916131e-08
1176,4.745868409372633e-08
3384,4.7449471907157204e-08
3709,4.735627179286439e-08
4129,4.7266954794622507e-08
3855,4.723093383063315e-08
1438,4.714808277128668e-08
3854,4.6998559710687005e-08
1437,4.696714306362537e-08
561,4.685363030887402e-08
318,4.6836985845288837e-08
4322,4.681902510128566e-08
462,4.679784382233265e-08
4137,4.675107589946492e-08
2205,4.6722304247737156e-08
2553,4.669145958757781e-08
4726,4.6350869808975403e-08
2475,4.626578942179549e-08
3063,4.6153608934673684e-08
4387,4.6031519929101705e-08
828,4.581454682295316e-08
645,4.580889623184703e-08
2866,4.580485857275107e-08
1044,4.5517495550484455e-08
205,4.548954635197333e-08
2085,4.542966891563083e-08
2635,4.5270651227724557e-08
3279,4.5214882504751586e-08
2820,4.5033175410935655e-08
1509,4.48219861226562e-08
993,4.468913950006481e-08
523,4.451131907501349e-08
2817,4.429382194359732e-08
1884,4.428281030754988e-08
2258,4.421059252024406e-08
161,4.4207975946619626e-08
3971,4.408641096631527e-08
2614,4.400398978532394e-08
618,4.3785803427454084e-08
316,4.374515860661177e-08
4752,4.352171600885413e-08
1591,4.347832138762442e-08
2601,4.3477657030166483e-08
1690,4.3396973126164085e-08
236,4.339417181142835e-08
1410,4.334071412870344e-08
468,4.333398884170947e-08
2112,4.304418155243184e-08
1842,4.295078781524353e-08
1944,4.2804192190715185e-08
1783,4.262382091724248e-08
4795,4.247511853350261e-08
3073,4.242250817299009e-08
2712,4.224290428567201e-08
927,4.20899937125796e-08
3928,4.1930245942012334e-08
321,4.1747227896848926e-08
2211,4.159441502338268e-08
2693,4.1555892948963447e-08
3121,4.133960196384123e-08
264,4.124246544279231e-08
61,4.121835495141113e-08
2591,4.119838514782259e-08
4195,4.117540264303443e-08
4966,4.108438744765408e-08
40,4.093597283372219e-08
4144,4.0835198333866174e-08
3781,4.081317328541445e-08
2596,4.053979552054443e-08
796,4.033335621045353e-08
2861,4.02233837348831e-08
2938,4.022015787086275e-08
1409,4.0133384615614887e-08
687,4.0028792724911e-08
798,3.9951059349618845e-08
1014,3.9884836766646004e-08
4561,3.986951035983566e-08
2477,3.9746991475908544e-08
231,3.958412442273129e-08
389,3.955936733746057e-08
1489,3.94764168021311e-08
885,3.9334349111186384e-08
1116,3.930255054740428e-08
2445,3.928474967551665e-08
256,3.9249165695309784e-08
907,3.923683422613067e-08
4686,3.91851955328093e-08
3462,3.9092899584147744e-08
4142,3.896054145968719e-08
1430,3.883816646066407e-08
1563,3.882900756480012e-08
514,3.875950405074491e-08
4615,3.872570886187532e-08
4750,3.865355502341572e-08
2819,3.862045083735666e-08
2165,3.852996677267129e-08
1153,3.8483147335455214e-08
1029,3.8469461394186055e-08
197,3.839205042766025e-08
2957,3.827277339496504e-08
4911,3.820842309210093e-08
4202,3.8002117008772984e-08
1314,3.797731018551076e-08
4157,3.796810332801215e-08
512,3.794052894079414e-08
1057,3.785454261162613e-08
3837,3.775247492399103e-08
2896,3.7646611161790133e-08
4429,3.762029265885758e-08
1407,3.750317922879276e-08
2952,3.7228306659642385e-08
4184,3.716306729018015e-08
2034,3.708840701222016e-08
1925,3.708016826919902e-08
2220,3.7026160804032315e-08
2681,3.697150319226239e-08
2536,3.6830948957344845e-08
1458,3.678200766188411e-08
1703,3.675889193033299e-08
2577,3.675875603903478e-08
417,3.6695858796065295e-08
4902,3.652363389505808e-08
2788,3.6314224516331706e-08
3891,3.6116261981078424e-08
1092,3.607075349520983e-08
2736,3.590772301720335e-08
3484,3.584441543580397e-08
4154,3.541769810766482e-08
4478,3.538188053653357e-08
1120,3.534701686902508e-08
3535,3.5300864453802205e-08
1171,3.5249473562259936e-08
1875,3.513155277801161e-08
952,3.497107137206967e-08
4598,3.4960255135274565e-08
1256,3.49522091269705e-08
4393,3.494836064987794e-08
1114,3.4832675410712e-08
3146,3.4790250680316603e-08
342,3.4736196141693654e-08
2535,3.4702216211712766e-08
3450,3.45741089091689e-08
842,3.447505569909026e-08
800,3.4382908076224794e-08
3671,3.4247131353026816e-08
4643,3.420412220123126e-08
4775,3.404948500929095e-08
4253,3.3929000053944947e-08
88,3.385790847687531e-08
4046,3.380513113881989e-08
1984,3.380174984357609e-08
817,3.377865276377179e-08
286,3.3735364723952443e-08
1402,3.3717618919126835e-08
2580,3.347470212133885e-08
410,3.339632570487083e-08
1682,3.325319664071458e-08
602,3.3158753964812604e-08
586,3.314775209872778e-08
2317,3.300656103988331e-08
1955,3.29386447006641e-08
3571,3.289821393082093e-08
1897,3.284937921677056e-08
3111,3.280710103581441e-08
4340,3.279324545246709e-08
4098,3.268961723534858e-08
1595,3.264189452067967e-08
1848,3.260587799758241e-08
3595,3.2387195147975945e-08
942,3.2158775198354306e-08
2829,3.2135679006728424e-08
3976,3.2127678295523765e-08
3736,3.2016020945491164e-08
1798,3.1912175124659825e-08
1946,3.187473041066369e-08
1336,3.183693486619177e-08
2703,3.174606710842909e-08
2100,3.1715950754573896e-08
4485,3.167651030366869e-08
4646,3.165107909097742e-08
1796,3.150524374717634e-08
691,3.1225774854704014e-08
3865,3.1186441873387594e-08
2894,3.096615941444725e-08
3509,3.078547550217081e-08
1463,3.063189968344204e-08
1990,3.062899800454488e-08
2584,3.0607459677867155e-08
4220,3.032545237147133e-08
589,3.032330830876617e-08
2807,3.032030360117233e-08
2437,3.007297966206579e-08
2823,3.002601367541047e-08
2490,2.974004331690594e-08
3407,2.964632628277286e-08
4454,2.9558712810739962e-08
2574,2.9391654443600146e-08
837,2.9325604167240726e-08
3108,2.9143154556265927e-08
3339,2.9063079942659442e-08
4330,2.8863209600160644e-08
2620,2.8856895539774996e-08
139,2.8804385543423905e-08
572,2.8724591594198046e-08
1030,2.8719548517130988e-08
3242,2.8623012404693782e-08
4860,2.861386594332771e-08
4178,2.826949252465738e-08
1425,2.8250246586480898e-08
2661,2.824158862324566e-08
3317,2.8238993365903298e-08
3023,2.821736799774044e-08
1068,2.7902631316578663e-08
1722,2.776500274137561e-08
1986,2.7593411111581645e-08
2917,2.7588286322099975e-08
2520,2.7479328146284843e-08
3674,2.7444283290378735e-08
3254,2.7410760772283993e-08
1687,2.7376779065946266e-08
2382,2.726712100553641e-08
4460,2.721896485979869e-08
4754,2.716701175131675e-08
4996,2.7053407514188166e-08
4997,2.6868419489289863e-08
1847,2.6847712497612974e-08
2319,2.683217648069558e-08
4862,2.6626609361812825e-08
2267,2.6517519735591577e-08
2234,2.6457785295974645e-08
3334,2.6392600993574433e-08
1523,2.6305479572386048e-08
354,2.6266524066898e-08
1656,2.6211681714016777e-08
3843,2.6204904024496045e-08
3649,2.6138567754685482e-08
3840,2.609565363798083e-08
869,2.5628940747424167e-08
4963,2.5584014018420476e-08
1056,2.5458814612022707e-08
538,2.544065047516142e-08
722,2.5264578873418486e-08
3180,2.517283537173398e-08
1605,2.5163412686879383e-08
2394,2.5153374494379932e-08
3013,2.5128872316315665e-08
4849,2.5052430352445754e-08
2550,2.4867349956991802e-08
176,2.4824895028530136e-08
4852,2.477518101784426e-08
3222,2.470656212949507e-08
3002,2.4656958252933237e-08
2444,2.457039904868452e-08
557,2.4501877859961496e-08
3776,2.4461983549883826e-08
986,2.428441270296844e-08
2199,2.422611888874826e-08
3916,2.3862626541415466e-08
579,2.3838900631290016e-08
1078,2.3731982601304935e-08
79,2.3720794217751973e-08
1484,2.3708230045826895e-08
210,2.3707910301595803e-08
2810,2.369109086686194e-08
1401,2.362193285421199e-08
1360,2.3475139165896053e-08
3021,2.3369428170383344e-08
2874,2.3313615926667808e-08
2058,2.31991315047253e-08
4654,2.3183596375986326e-08
2756,2.318281921986909e-08
2396,2.307980562221701e-08
3829,2.2912061581337184e-08
1404,2.287852129967405e-08
3078,2.2874536931283274e-08
4402,2.2844505842556373e-08
2027,2.2805254573654565e-08
4736,2.280358479822553e-08
1672,2.2765841656280372e-08
3018,2.2763879670151255e-08
3896,2.274475807695353e-08
2859,2.2684352174451305e-08
3779,2.262963416654884e-08
1919,2.2596441162647807e-08
324,2.250047170804237e-08
877,2.24762670697487e-08
429,2.236434326619019e-08
758,2.23364677864879e-08
1909,2.215855587905935e-08
2296,2.2098390672908863e-08
2748,2.2063877835876156e-08
1051,2.199760817944707e-08
144,2.1929737137327265e-08
4148,2.1894189572435607e-08
1204,2.1843344022443034e-08
3275,2.1812391004516485e-08
2806,2.1661595184241378e-08
944,2.148079492059196e-08
1621,2.1439285902147276e-08
2785,2.138021315545302e-08
548,2.1365154090347005e-08
505,2.1358643742530603e-08
2193,2.1333841360160477e-08
1896,2.1240072811679056e-08
4267,2.118869879552676e-08
348,2.1180517784102904e-08
4284,2.1044271214520904e-08
1719,2.0892306551445472e-08
506,2.0872858996767718e-08
3959,2.0855214444281955e-08
2581,2.0817980228571287e-08
1903,2.0692199065308614e-08
3485,2.065738335943479e-08
4628,2.04822514504599e-08
3196,2.0393001953777912e-08
3082,2.0351699880905016e-08
3921,2.0337983741569587e-08
2153,2.0273358103395367e-08
3533,2.0119912846894294e-08
4099,1.997683529708638e-08
2051,1.995036402746564e-08
741,1.994044040998233e-08
2875,1.992024323271835e-08
2151,1.9800515005385932e-08
3273,1.9693850106250466e-08
107,1.96603671120954e-08
4314,1.9641547943649584e-08
4609,1.9558399344532518e-08
845,1.9535484341304254e-08
2565,1.9477749191310068e-08
3428,1.944228955608196e-08
4363,1.9262548889287245e-08
122,1.9235873338629972e-08
3041,1.9192241573762203e-08
4386,1.9178424626176138e-08
48,1.915750935665983e-08
31,1.9112943228094537e-08
3697,1.910869684706995e-08
3510,1.9062558642701788e-08
3358,1.9016043850683673e-08
713,1.89889535207044e-08
3730,1.895710699528763e-08
3627,1.8873332230384676e-08
3497,1.883958189452528e-08
1568,1.8761138420586576e-08
1556,1.8760363929004598e-08
2166,1.8735975437778052e-08
2645,1.8687769554048828e-08
3371,1.868690757689251e-08
1275,1.8671757029409264e-08
2231,1.865930387978665e-08
1020,1.863414933467311e-08
1084,1.8597404949360907e-08
4132,1.8556987058104824e-08
69,1.8521939537663457e-08
1017,1.8488796715843137e-08
3241,1.847374075936159e-08
582,1.8450601491082352e-08
4797,1.820913020367243e-08
4225,1.8072430663096384e-08
536,1.8061198314711646e-08
2386,1.7995867906961394e-08
1630,1.7980097855030408e-08
2026,1.7838945431947195e-08
1001,1.7669321561442075e-08
634,1.7565370491468002e-08
1742,1.756300926913923e-08
1185,1.7560572995733992e-08
1558,1.7515418893054857e-08
1900,1.7331831081435212e-08
4127,1.7116207118306193e-08
2495,1.699140694810808e-08
3043,1.687023187812997e-08
3735,1.6757768506181492e-08
3828,1.655598635963429e-08
3155,1.652304559840445e-08
1702,1.648868774850598e-08
4993,1.6458106877337286e-08
1604,1.6399973823411074e-08
3464,1.6090998311568683e-08
4914,1.6088115284418336e-08
1477,1.6025174964795497e-08
2148,1.6008570469239203e-08
141,1.6006541869728608e-08
4935,1.5966802546785175e-08
2271,1.586327114111441e-08
2753,1.585397368941699e-08
1464,1.5839587863553106e-08
949,1.575027308575727e-08
1319,1.5698586874890452e-08
2276,1.561198725852364e-08
1492,1.559481388468953e-08
1349,1.559309437126899e-08
1598,1.5553036636362094e-08
4711,1.555068251946068e-08
3581,1.5523854646204427e-08
3681,1.5500762895470643e-08
2440,1.5471256276100576e-08
2592,1.52911341366746e-08
1624,1.5274642439777608e-08
74,1.5114084206402367e-08
1157,1.5090633187497815e-08
1096,1.4979827600569706e-08
1638,1.4888632993148576e-08
4042,1.4878660969941393e-08
4228,1.4745146881267601e-08
738,1.470395050162665e-08
4933,1.4624211619462812e-08
3834,1.4618790622478173e-08
3675,1.4608025455942197e-08
1286,1.4544641935287927e-08
4582,1.437743790688728e-08
1245,1.4262663494690742e-08
3637,1.4216708255077037e-08
4722,1.4100732137478644e-08
2401,1.3863720838003246e-08
3805,1.3824072109258623e-08
3037,1.3809978050005611e-08
452,1.3800245834971747e-08
3423,1.3770628193299217e-08
1631,1.3760925288153203e-08
2912,1.3570798707007725e-08
3983,1.3565560674777544e-08
4547,1.3478558713586608e-08
4384,1.3424076517054573e-08
4761,1.3391380448979362e-08
729,1.3376096674733162e-08
3048,1.333209054266149e-08
909,1.3238508067558996e-08
3551,1.3182780644882541e-08
2254,1.3156445710649223e-08
2374,1.312674813291892e-08
136,1.3056852932180618e-08
3149,1.3042161572940358e-08
2118,1.2919927794285968e-08
1255,1.2854453057542514e-08
2792,1.2826020245881864e-08
3403,1.281054284874017e-08
3216,1.279958139477344e-08
2969,1.2786032232980915e-08
1493,1.2729314491366495e-08
4650,1.2702891183380416e-08
2904,1.2683722516726448e-08
1550,1.2675679172957643e-08
2141,1.2663077253449728e-08
3333,1.2646268476856903e-08
2147,1.2627249912355865e-08
627,1.2610609001484363e-08
1383,1.260940418745804e-08
1541,1.2507490154689549e-08
2726,1.2474035138154704e-08
3981,1.2372117108583325e-08
250,1.2298777107844217e-08
3943,1.2172412411359801e-08
2494,1.2169943719442244e-08
3904,1.2150681349964998e-08
3966,1.2111317282403888e-08
2310,1.209520084088922e-08
117,1.2088848588831524e-08
3602,1.2075205280126511e-08
4747,1.2069778065892933e-08
503,1.2068212207339002e-08
3762,1.2036825314254429e-08
516,1.1934348620457058e-08
650,1.1858363180294873e-08
2757,1.163383567259757e-08
2217,1.1585923331836057e-08
4760,1.1477884864774524e-08
1186,1.1461469995310836e-08
95,1.1424326373798976e-08
2304,1.1322381254785796e-08
820,1.12157421128245e-08
4614,1.1208116657002165e-08
3129,1.1156023216329913e-08
388,1.1127100574270798e-08
3362,1.0958589591325563e-08
945,1.0945929940220367e-08
98,1.0920083060028674e-08
4473,1.0910237158157088e-08
4603,1.0906890501871658e-08
2625,1.0876889611211027e-08
1967,1.0867169386585829e-08
4994,1.0849448450755972e-08
3215,1.0660759386382779e-08
1650,1.0552504647876049e-08
4818,1.0526276739142304e-08
3851,1.0461715049814302e-08
2932,1.042508079862614e-08
4872,1.0404802797125967e-08
2621,1.0327470434390307e-08
4786,1.032704810555174e-08
3946,1.0309139319986116e-08
2194,1.0292034779979531e-08
4232,1.0255654103730194e-08
4728,1.02064712237393e-08
2379,1.0204063372043493e-08
3541,1.0165498220970903e-08
184,1.0081460111166507e-08
3733,1.0012880302667782e-08
982,9.97020555004724e-09
2302,9.943049050775699e-09
1049,9.925464894422475e-09
4915,9.889120189399137e-09
2735,9.886157670280227e-09
983,9.83544268251535e-09
3200,9.812029411193635e-09
244,9.766070174777042e-09
3035,9.733691186397664e-09
2782,9.692933566896045e-09
1942,9.661887956369242e-09
4017,9.620640062379948e-09
4895,9.582072024727495e-09
1371,9.578213777672318e-09
1420,9.464831807193264e-09
1999,9.458605010337351e-09
3656,9.449504290159894e-09
3759,9.351543983626698e-09
4828,9.27248633431077e-09
3503,9.21853415825069e-09
628,9.167673287180378e-09
3938,9.119203614460503e-09
3811,9.04545993662964e-09
494,9.001600353997219e-09
92,8.957329988845686e-09
4840,8.946298146739196e-09
2622,8.940220785902397e-09
1956,8.909508686372192e-09
1764,8.857240718640469e-09
385,8.7527127767828e-09
4382,8.668305628845019e-09
2308,8.639280402178429e-09
862,8.606977797143145e-09
2035,8.515844918122184e-09
1540,8.48486192417397e-09
3375,8.463941325587143e-09
4324,8.425456110572327e-09
770,8.415471430822663e-09
215,8.366398240866602e-09
810,8.286814567881606e-09
3592,8.275632401577582e-09
1342,8.273206342224171e-09
103,8.26143464749407e-09
1633,8.140020213431853e-09
1389,8.062022605059838e-09
4335,8.058768319330056e-09
4415,7.953426361950733e-09
3707,7.951939995365365e-09
13,7.821568059895867e-09
3178,7.793798273425523e-09
4270,7.772351429125024e-09
3117,7.738466978324254e-09
4197,7.675255764283406e-09
1976,7.65289875914732e-09
3390,7.629049836310742e-09
860,7.581190564209805e-09
2198,7.551620884171939e-09
4953,7.532267920495883e-09
3793,7.517546141144749e-09
4575,7.504288745963095e-09
4439,7.503705212741352e-09
1902,7.479492580841907e-09
1869,7.456344874867682e-09
3112,7.452731098922527e-09
3715,7.427781500979336e-09
720,7.370185794997042e-09
2657,7.360174025805577e-09
1202,7.3570063374717165e-09
4651,7.206241603441299e-09
1655,7.191762074754138e-09
1050,7.159316695037887e-09
2774,7.15030523679161e-09
3826,7.138738489231855e-09
3451,7.11907266470746e-09
3219,7.11015801790893e-09
2634,7.050444450484861e-09
2803,6.9657901669017974e-09
617,6.932065588216574e-09
699,6.894390836009734e-09
4333,6.817788555935067e-09
1600,6.7952774518431625e-09
811,6.793535289872921e-09
4433,6.7475620646462176e-09
1594,6.62089161274082e-09
2970,6.616502901124477e-09
3967,6.510664007919331e-09
4063,6.498936944154821e-09
4882,6.3114680148856905e-09
400,6.147189646199536e-09
3398,6.116932738109426e-09
82,6.109273975596352e-09
2380,6.045665523757293e-09
1276,6.040777877913683e-09
1491,6.0345577423959185e-09
3086,6.008696429304905e-09
3008,5.988670670475926e-09
2761,5.975401506930211e-09
436,5.9427704979242435e-09
1241,5.86176041039721e-09
814,5.790565804630887e-09
4088,5.729106522522898e-09
647,5.694136273604045e-09
542,5.616212161996259e-09
4087,5.6003770509960304e-09
4698,5.571616279453906e-09
901,5.564549931946772e-09
2623,5.5209288252200395e-09
3752,5.519693146993632e-09
2990,5.488936194453231e-09
3528,5.47096168368455e-09
2329,5.415224935134688e-09
3323,5.3705655478353265e-09
1052,5.351555865118485e-09
2421,5.329749308558007e-09
4530,5.3231998808911385e-09
646,5.3213136119723e-09
4219,5.270655023537074e-09
577,5.2693716057206075e-09
2480,5.250484713670289e-09
4674,5.2150752605228945e-09
3397,5.214866094505055e-09
4059,5.206910680399801e-09
3629,5.138755643230297e-09
1636,4.984281209985397e-09
3115,4.9253814360383785e-09
4830,4.913286444363507e-09
1225,4.841500311769664e-09
2224,4.826684829595251e-09
4255,4.812859000224989e-09
1809,4.807323206179603e-09
4096,4.769072692312193e-09
3877,4.735821734769274e-09
3856,4.7221716537038105e-09
4490,4.674632458900874e-09
3472,4.619630011859499e-09
2745,4.579380541436251e-09
964,4.5610067944679145e-09
570,4.54484005985023e-09
3081,4.540625320181846e-09
4537,4.517983098750733e-09
2351,4.514569718061523e-09
4204,4.500388395278776e-09
1808,4.484953963768135e-09
351,4.450243840103951e-09
3019,4.323472135858708e-09
160,4.301276668172704e-09
2,4.270093389990848e-09
3396,4.173910883586984e-09
3,4.15809309206594e-09
1622,4.147828525091768e-09
3058,4.105948692156858e-09
2052,4.088134608615235e-09
1173,4.0525874878127865e-09
1165,4.044185764051633e-09
3491,4.026977640236851e-09
1840,4.021618038585473e-09
3508,4.0215860641623635e-09
4774,4.0150627267365735e-09
435,4.007719711651703e-09
4159,3.987102203950599e-09
1915,3.9803159657125775e-09
1311,3.973512185950767e-09
910,3.9628827996907035e-09
2827,3.931685310654132e-09
3204,3.909686352443487e-09
3344,3.858357189301387e-09
3941,3.848560137242885e-09
4925,3.832071548970362e-09
4923,3.772702483750834e-09
3213,3.758363731343195e-09
2941,3.747960386490945e-09
242,3.730389885880925e-09
1343,3.6946747883348507e-09
4482,3.58511886844326e-09
1691,3.576186458076336e-09
1665,3.5270159015610147e-09
4230,3.5035603307420615e-09
3702,3.4724472186553612e-09
1303,3.438303641800644e-09
4932,3.4174090224325937e-09
227,3.4111593549823738e-09
4952,3.40255879027751e-09
3090,3.372100598753036e-09
2045,3.306459217533586e-09
2460,3.291888095446893e-09
2079,3.2831387608567297e-09
3778,3.21590454266385e-09
4464,3.1987691384571804e-09
3247,3.1948317325003472e-09
220,3.173498797082175e-09
458,3.170931628382334e-09
487,3.080538935051891e-09
3113,3.057251451998866e-09
2642,3.0494202718500674e-09
3177,2.93376811733026e-09
2631,2.92483726127557e-09
4362,2.898403295148455e-09
566,2.8359783410536465e-09
1784,2.8340806368376548e-09
423,2.8292631570892013e-09
1043,2.7917780309749674e-09
4701,2.78308442958064e-09
3601,2.7526628754159788e-09
578,2.7377264899541842e-09
2433,2.7182922579527258e-09
1403,2.7142553760128862e-09
91,2.7024839033273906e-09
4427,2.6861702862035486e-09
4791,2.648767094548532e-09
2980,2.628689155237396e-09
3328,2.5988758922679267e-09
151,2.5530003666673906e-09
4802,2.5318818153152733e-09
1814,2.3653597414075023e-09
4653,2.3215135369625273e-09
1167,2.3206886412552308e-09
484,2.2907425956120164e-09
3414,2.267961707325128e-09
969,2.2651439612886293e-09
3315,2.2306962943474673e-09
372,2.2275208344524344e-09
1293,2.218732420011804e-09
4585,2.214751604334708e-09
2751,2.2002741295601425e-09
4073,2.183078218198631e-09
3053,2.1678109307643467e-09
587,2.1398731120392256e-09
2265,2.1251687631895777e-09
1069,2.099074580819149e-09
3690,2.074085458936281e-09
2499,2.0692694224777597e-09
1435,2.066038118364588e-09
2126,2.0566943703670404e-09
3475,2.0461924377102036e-09
2025,2.014529820737465e-09
3445,1.995606735416544e-09
4169,1.984178654712565e-09
2373,1.981132258244145e-09
3293,1.940094751518018e-09
269,1.9289028152513765e-09
802,1.920188286153035e-09
1270,1.9201327750018038e-09
2362,1.9181480848118326e-09
3724,1.8765118348085252e-09
270,1.875372523940655e-09
2251,1.8526056244638767e-09
3609,1.7902482829512678e-09
1854,1.7102232408028328e-09
2048,1.7069574087535955e-09
1932,1.6519520196212056e-09
1948,1.6369418043282735e-09
4062,1.6195026986132177e-09
4447,1.6091370458326537e-09
760,1.6065849206547966e-09
1281,1.584354647476971e-09
2297,1.5337466852116677e-09
560,1.5013610910052932e-09
2942,1.4957022287376276e-09
4941,1.4797143510492106e-09
4503,1.4754968358232645e-09
1462,1.475092714642301e-09
2113,1.4745748511124646e-09
1969,1.4476416732023267e-09
4257,1.3830653844415508e-09
1499,1.3818339250626366e-09
4019,1.3787559427491658e-09
974,1.3731814574313717e-09
1545,1.3632140416497407e-09
4903,1.3573017709767043e-09
519,1.3219643713036078e-09
499,1.2784852065905739e-09
4869,1.24616456043114e-09
1081,1.2289845807700317e-09
1063,1.2261857085249517e-09
1124,1.2237598712161457e-09
344,1.2197528820312442e-09
1500,1.1852695491754162e-09
2504,1.184621900574001e-09
848,1.1765420304676866e-09
3258,1.1631115792720692e-09
284,1.1598087767961118e-09
1549,1.1596150706338904e-09
2559,1.1448775816269574e-09
502,1.1266652055752502e-09
3797,1.1127694043988612e-09
3750,1.0944351258590501e-09
196,1.087594792004154e-09
3240,1.0801564365170435e-09
96,1.0678186390666866e-09
2156,1.0303270736589099e-09
1080,1.0030297703522706e-09
2988,9.977731418864266e-10
4104,9.877222650889195e-10
4891,9.7624885952996e-10
1278,9.736891848355356e-10
2415,9.678441936777915e-10
3711,9.159694946969665e-10
434,9.082749830024994e-10
1910,8.919648353256093e-10
777,8.710112353593757e-10
2322,8.516421179383116e-10
4801,8.328424616621533e-10
856,8.210624125037924e-10
2286,8.179125710050528e-10
3087,8.173967891433875e-10
1374,7.95557453248108e-10
1907,7.940664792371877e-10
613,7.801925772099594e-10
2960,7.718795880240492e-10
2719,7.580957528396937e-10
858,7.157056336470902e-10
169,7.005403757087691e-10
2872,6.903837224125908e-10
3463,6.737705671167049e-10
1257,6.637219940319738e-10
3517,6.485471326644898e-10
3153,6.198197510798309e-10
657,6.024454130004742e-10
2659,6.020481890800511e-10
4067,5.945275938223915e-10
3547,5.718176487867765e-10
4489,5.606359959609009e-10
4286,5.505645522818625e-10
3324,5.481240322735559e-10
733,5.422108317887364e-10
2750,5.351389192886913e-10
3106,5.332177477335165e-10
876,5.268568359362291e-10
4528,5.247779572004063e-10
3261,5.124888846630427e-10
4523,5.034618139054814e-10
3060,4.983864848595587e-10
1887,4.838254519246021e-10
3545,4.685234977763741e-10
1641,4.657138841235309e-10
2628,4.5545565929838716e-10
358,4.544953163820864e-10
854,4.4676662369624864e-10
672,4.382066931540862e-10
612,4.185666535594379e-10
4189,4.136194720061326e-10
4647,4.1336083167475834e-10
3373,3.8757515252729746e-10
1297,3.8647585132167706e-10
4946,3.839670942307194e-10
123,3.8233848032032114e-10
1657,3.7328014290682887e-10
4846,3.7163616628532736e-10
4581,3.4727222486541365e-10
4573,3.4405199522691277e-10
4394,2.99649610679964e-10
2891,2.9211538743467713e-10
2064,2.8426834497441433e-10
3878,2.6516238510465584e-10
2021,2.5829958311129886e-10
1517,2.515582880890932e-10
3895,2.4480924232239687e-10
933,2.432352722014919e-10
3217,2.2972794500031313e-10
784,2.2833867435734234e-10
1238,2.0966196140337345e-10
4469,2.0628972141611968e-10
3292,2.0092854463582555e-10
4035,1.956062326002872e-10
2346,1.8277807045663508e-10
4707,1.8044228611291402e-10
2567,1.79414011425294e-10
3130,1.7619183889650003e-10
51,1.4436088782709966e-10
2675,1.3960049782824058e-10
4621,1.3313141908333215e-10
1210,1.3073349347525465e-10
1571,1.2407031999006612e-10
3969,1.2263941945311885e-10
4557,1.2001544896778071e-10
4248,1.1805286956323435e-10
926,1.1798079874170142e-10
3522,1.1303588273725573e-10
840,1.1111151929088514e-10
1868,1.053001331963177e-10
4632,1.0434518180058028e-10
2684,1.0104969985769152e-10
3643,1.0099371339222785e-10
4969,9.995368768778157e-11
3054,9.525343708238765e-11
202,6.833157130403666e-11
3330,6.557854780042671e-11
3988,6.540973145063855e-11
3452,6.293747120689197e-11
1200,6.191792564780307e-11
2125,5.571561961792426e-11
4050,4.946891854484825e-11
4688,4.890329634299473e-11
3540,4.839443255855169e-11
896,3.6974801692624126e-11
3417,3.5003788929899304e-11
4990,3.432431509159395e-11
4372,3.255525189704844e-11
3282,3.189680984616583e-11
821,3.086101339755398e-11
230,2.0791483118509646e-11
294,1.7693626511855465e-11
2758,1.6232271603244808e-11
3248,1.61775835783029e-11
1804,1.3863347969600426e-11
4020,1.3302449419771989e-11
2641,2.0609092232261317e-13
1064,1.2927358226315182e-13
54,-2.8589486996826285e-17
522,-7.694571369949947e-17
2730,-1.0634229653642539e-16
4856,-1.2975997489242616e-16
880,-1.6327307167855897e-16
1107,-1.7699414515624158e-16
1832,-5.539233633155969e-16
4817,-8.95697901749816e-16
1415,-9.920812249525113e-16
3233,-1.4287087892213128e-15
4957,-1.5762250297602471e-15
1325,-1.681461620736983e-15
1263,-2.1908063547226354e-15
2873,-3.753823546796787e-15
4357,-5.529721611976981e-15
2662,-5.88105457311383e-15
2867,-6.108122083416079e-15
3280,-6.271319074330618e-15
4937,-6.408301877835294e-15
4554,-7.245683519930342e-15
2786,-8.080599025599459e-15
232,-8.974050225396242e-15
1423,-1.0686231190031297e-14
1746,-1.3255573498387446e-14
106,-1.4376596193090094e-14
4961,-1.5157050656624312e-14
3821,-1.568768164621182e-14
4839,-1.5712204520584253e-14
4685,-1.7688817736407313e-14
1188,-1.8375367586310077e-14
1187,-1.8966572866571055e-14
2541,-2.0601614964216135e-14
2566,-2.2081700854490512e-14
1817,-2.4195596935239812e-14
2294,-2.5023848620954643e-14
4445,-2.5385505431410865e-14
831,-2.5415667427629643e-14
4602,-2.7221627221503484e-14
3530,-3.140170347598441e-14
642,-3.771956298736015e-14
2510,-3.8245790676171357e-14
4821,-4.223572582168558e-14
2387,-4.274773521544418e-14
2047,-4.461186499697071e-14
212,-4.477902864317724e-14
4845,-4.4783622949883146e-14
2670,-5.3397532977315226e-14
1234,-5.499950944979834e-14
4136,-5.5102840693099786e-14
4691,-5.5248357565306286e-14
3542,-5.823820599219504e-14
4784,-5.855926366645642e-14
1673,-5.948784386367468e-14
2089,-6.053389397814996e-14
125,-7.479644480818878e-14
3246,-7.758323402663227e-14
4201,-8.151036337317348e-14
1250,-8.777674699827868e-14
992,-9.785780787584762e-14
4844,-1.0313171960852317e-13
4064,-1.0746746442508344e-13
4767,-1.1241317799575226e-13
1826,-1.169368387657268e-13
2028,-1.190157456094909e-13
450,-1.2221626298882307e-13
766,-1.4664371740568186e-13
3268,-1.6330729493306204e-13
467,-1.697283671031266e-13
311,-1.9851280314659922e-13
460,-2.0001064877667868e-13
4583,-2.096110218448126e-13
1704,-2.1292624781399372e-13
705,-2.3363253063950207e-13
2802,-2.4445362726242814e-13
3133,-2.49833939885806e-13
3278,-2.5524898763628484e-13
4434,-2.610358896268719e-13
1246,-2.7361507428259185e-13
3212,-2.796085167870374e-13
4080,-2.8823961988923286e-13
2722,-2.918467063069835e-13
772,-3.0830267267085987e-13
776,-3.109673163501775e-13
1692,-3.236487819283443e-13
1860,-3.2867670174061003e-13
4315,-3.325008047757108e-13
3235,-3.369977365740018e-13
3034,-3.5878979366514574e-13
3579,-3.9101388142961935e-13
1115,-3.9313838913913185e-13
1856,-4.0692075360324043e-13
1405,-4.168933129483979e-13
1740,-4.577819514520881e-13
704,-4.625115665891216e-13
3478,-4.732566335347022e-13
2931,-5.425479672731964e-13
4278,-5.709337625066369e-13
654,-5.744150814723792e-13
2060,-5.866709841453183e-13
49,-6.069704201056014e-13
3682,-6.139069016596749e-13
3639,-6.181826968723603e-13
3744,-6.702973679578728e-13
4665,-6.858745613558953e-13
3304,-6.909705284070117e-13
2200,-7.114075225179289e-13
756,-7.18710599931574e-13
4395,-7.195014712062936e-13
350,-7.316996401135478e-13
517,-7.350331552181261e-13
825,-7.41746074284233e-13
3794,-7.480345553048662e-13
581,-7.812599579857388e-13
386,-7.913417642523013e-13
158,-8.022918538286988e-13
2962,-8.451685803035486e-13
3277,-8.548795352170124e-13
3930,-8.94903481830564e-13
3074,-8.994269359244994e-13
2221,-9.17739056407671e-13
4710,-9.360219847473483e-13
3123,-9.51448961934373e-13
3832,-9.666016359717589e-13
2105,-1.0372952496950916e-12
2986,-1.0473469422463133e-12
2854,-1.1045926001131134e-12
4956,-1.1859244597629826e-12
3665,-1.205449856687274e-12
3183,-1.2193502501103848e-12
1864,-1.250613707644982e-12
2091,-1.2652140619906493e-12
3144,-1.275109792059359e-12
4364,-1.3279188946363485e-12
1191,-1.331863764240937e-12
1093,-1.3344987007807285e-12
1839,-1.3599667182326303e-12
4790,-1.4129591051868784e-12
4694,-1.4421906052199118e-12
3695,-1.4428734899582518e-12
966,-1.445809455231234e-12
3438,-1.4954907971709286e-12
3906,-1.530622688056954e-12
3165,-1.5360155638730055e-12
2411,-1.541362577937161e-12
4183,-1.5808822892253438e-12
717,-1.5826974062924104e-12
3548,-1.5885163735622487e-12
3815,-1.6555967751255563e-12
3713,-1.681043162744117e-12
786,-1.6912399757561258e-12
558,-1.6941619006109743e-12
681,-1.7585554865605368e-12
3955,-1.7933259044422556e-12
2602,-1.80445599868434e-12
4595,-1.866140759716056e-12
1418,-1.9051146294205012e-12
4533,-1.9545015562602575e-12
4346,-1.992411118902082e-12
4978,-1.9952649558604985e-12
3020,-2.02804689274777e-12
41,-2.038781036356463e-12
3237,-2.0826670466336794e-12
1841,-2.103796845932815e-12
4180,-2.109348069476158e-12
1416,-2.146603858207974e-12
4120,-2.1794947574135803e-12
1086,-2.192310894454097e-12
855,-2.231663638607717e-12
4704,-2.2572606761181446e-12
1821,-2.3497288099624813e-12
430,-2.36955615719181e-12
3705,-2.462476837022942e-12
3391,-2.484901932657546e-12
2901,-2.499414087156482e-12
3271,-2.534223373686084e-12
224,-2.5511807293446265e-12
853,-2.6157258867579025e-12
4072,-2.644339716813271e-12
3093,-2.6616340425070217e-12
4214,-2.680976534524815e-12
2720,-2.722953156356067e-12
1132,-2.736646087693473e-12
4898,-2.7383367925612467e-12
2752,-2.7626929606852646e-12
822,-2.7781736329848816e-12
282,-2.7908053472358585e-12
387,-2.8087388101102895e-12
868,-2.832142940306648e-12
3951,-2.8642351077717843e-12
1384,-2.987383235751595e-12
2338,-3.020689167548829e-12
1083,-3.0573607881501097e-12
1172,-3.0770516343259224e-12
3537,-3.097684977450277e-12
3622,-3.1786501599254113e-12
1924,-3.1923617395401838e-12
1771,-3.2572706467823287e-12
4599,-3.2696702333481764e-12
3569,-3.305196719614878e-12
365,-3.4063807547238256e-12
2718,-3.537963758765139e-12
4825,-3.6144163833781717e-12
3166,-3.701886236787133e-12
2555,-3.8018505444520345e-12
2010,-3.8184068537269744e-12
3040,-3.852132154924526e-12
2652,-3.857675680632444e-12
2316,-4.033675520334623e-12
5,-4.147251010493125e-12
2509,-4.241224992734827e-12
4571,-4.384012250446823e-12
3853,-4.4623892254958e-12
3692,-4.494206439289994e-12
1237,-4.522067399356788e-12
11,-4.605367736471022e-12
2929,-4.663225968565277e-12
2966,-4.669367106510669e-12
674,-4.671148016999194e-12
1879,-4.778670948529795e-12
219,-4.814776832437473e-12
346,-4.9428152543162795e-12
2074,-4.9872916126764144e-12
1467,-4.989611805325533e-12
142,-4.9962623014515595e-12
815,-5.025481983680913e-12
3170,-5.046067730329895e-12
1226,-5.157449554232807e-12
4865,-5.159916764696515e-12
4678,-5.203845167278676e-12
2390,-5.353745875444349e-12
3769,-5.431861557769757e-12
4344,-5.441005285211631e-12
2455,-5.465030337992172e-12
4900,-5.7327721129235565e-12
2397,-5.7744659748282245e-12
4190,-5.8037491913048855e-12
3490,-5.869379418252385e-12
1460,-5.960171592378494e-12
3159,-5.9634710364298016e-12
3067,-5.964160589011502e-12
4794,-5.978280153903781e-12
3382,-5.999059755901204e-12
1696,-6.038218753126601e-12
946,-6.117045888917594e-12
3987,-6.139281791273099e-12
3830,-6.154749019465777e-12
2053,-6.16132990981233e-12
2916,-6.239984223777029e-12
1121,-6.246599374912232e-12
1542,-6.254443794470599e-12
4057,-6.271869091786786e-12
953,-6.2748940158480204e-12
1726,-6.381707445476947e-12
3184,-6.458108570486787e-12
1720,-6.559760764093814e-12
2288,-6.727977550080588e-12
4079,-6.750278070885574e-12
2886,-6.927877325632603e-12
4396,-6.975098233372168e-12
3100,-7.010166535800777e-12
3281,-7.166707982272924e-12
2020,-7.216236722756841e-12
1612,-7.221476238175595e-12
2995,-7.469756584110865e-12
3555,-7.5092891974049e-12
4725,-7.90912734610627e-12
447,-7.931517422010703e-12
253,-7.995317515691047e-12
3207,-8.038605371629703e-12
356,-8.197206368548704e-12
481,-8.457499457714679e-12
3734,-8.496936661217536e-12
252,-8.527542821185063e-12
217,-8.799553967431262e-12
3091,-8.829150518335771e-12
1575,-8.950017810205324e-12
4049,-9.10050160229936e-12
492,-9.388936243054369e-12
1865,-9.423471985375853e-12
2945,-9.499187894612682e-12
4814,-9.510961029163267e-12
2456,-9.848890366453977e-12
1301,-1.0085202638288049e-11
330,-1.0151002434455325e-11
606,-1.0163906608712248e-11
1179,-1.0171461329450127e-11
2847,-1.022995403665572e-11
4562,-1.0495825562839567e-11
2001,-1.0834418865540707e-11
4259,-1.0889045741480086e-11
490,-1.1077208594834076e-11
2281,-1.1092912612781225e-11
673,-1.1265118178560574e-11
2702,-1.1320571650236255e-11
4351,-1.1336436563785801e-11
941,-1.13948746272019e-11
1248,-1.1483730199407516e-11
4751,-1.1744884145098444e-11
2650,-1.1842440222897821e-11
4689,-1.1974283977561617e-11
4459,-1.213839445624032e-11
420,-1.2257264647708155e-11
1689,-1.2365707850042762e-11
1145,-1.2584400101850468e-11
3394,-1.2703675784930812e-11
750,-1.2753470154946989e-11
2768,-1.2815446620573212e-11
3669,-1.3077055497495715e-11
508,-1.3159323890982177e-11
2589,-1.3499285456824994e-11
3309,-1.3636077943884883e-11
2229,-1.3648605683147519e-11
1217,-1.3663209886410899e-11
4929,-1.3762421757768095e-11
2266,-1.4004491143138065e-11
3483,-1.4054192705448276e-11
861,-1.4101859003440298e-11
370,-1.4158619155574259e-11
1807,-1.4229338627519406e-11
3017,-1.4229853406710902e-11
4192,-1.4312635712027122e-11
2605,-1.4397829716655819e-11
4070,-1.444612138246093e-11
1265,-1.46437831478885e-11
1400,-1.4657290572234194e-11
2299,-1.4658640620779373e-11
1543,-1.487520610160553e-11
4516,-1.5109632295340347e-11
1781,-1.522743389714698e-11
4608,-1.564684753291301e-11
4502,-1.5706763147049774e-11
922,-1.5733534267092786e-11
1315,-1.578075604219409e-11
667,-1.5803127036140285e-11
3524,-1.5849325324390762e-11
2471,-1.59865367471701e-11
399,-1.605141670621424e-11
155,-1.610397752649373e-11
932,-1.6200383916309402e-11
2018,-1.6239890508751298e-11
3611,-1.6289852279582906e-11
1136,-1.6408251493627013e-11
4424,-1.6510711201012107e-11
1776,-1.6512216940989255e-11
3169,-1.663650640859604e-11
1036,-1.667776246966346e-11
996,-1.6765407638563712e-11
4121,-1.6826436945172052e-11
4143,-1.6831800276478903e-11
293,-1.6860827838083292e-11
773,-1.6973222740496174e-11
4907,-1.7080458575291502e-11
3810,-1.720217761638776e-11
1912,-1.742157459960758e-11
1071,-1.7534008099617804e-11
708,-1.7603329384441313e-11
4068,-1.7618246271611238e-11
3006,-1.7871215791942507e-11
954,-1.7950611483352752e-11
4467,-1.8045300496927208e-11
1519,-1.814797270793811e-11
4988,-1.8308253350862724e-11
826,-1.877473610606417e-11
3173,-1.8865877610130255e-11
658,-1.891304647616554e-11
1534,-1.9188725261520823e-11
2432,-1.92119497394172e-11
4126,-1.944073808185509e-11
1253,-1.9620685284826855e-11
3990,-1.966067586511855e-11
718,-1.9818976321195336e-11
629,-2.0065056387241764e-11
4740,-2.0221083488203284e-11
3274,-2.1119633819566275e-11
1926,-2.131511113445672e-11
482,-2.1509045412815286e-11
2428,-2.1599200726585277e-11
1087,-2.173327490195831e-11
2858,-2.1948312091402133e-11
1858,-2.238960926381761e-11
2492,-2.258210198696764e-11
3694,-2.2616952581600014e-11
3416,-2.2627976749289846e-11
1443,-2.2763994682317712e-11
4222,-2.2820177171534173e-11
2115,-2.2821697656660866e-11
3879,-2.294898472643414e-11
4488,-2.299666880534179e-11
2993,-2.300284875772496e-11
4048,-2.3123038206396274e-11
1819,-2.3135294895115788e-11
4196,-2.3299441369306617e-11
3973,-2.3681407529396736e-11
1802,-2.389631114513291e-11
2429,-2.395358390805402e-11
2524,-2.4004254313425566e-11
2809,-2.401927962081274e-11
3688,-2.4054151899488563e-11
1597,-2.419292891020497e-11
3468,-2.4225082877193937e-11
2544,-2.4232367848431302e-11
2263,-2.4456980711462517e-11
2446,-2.4726573219502335e-11
1054,-2.4767301057271318e-11
1088,-2.4841736306902007e-11
1931,-2.4971419897157343e-11
1333,-2.5173182115201254e-11
2961,-2.5193296233905205e-11
3287,-2.548964945364718e-11
1434,-2.5616643355153013e-11
4812,-2.6073576457619208e-11
240,-2.6444496765976044e-11
3898,-2.677982748749974e-11
3337,-2.7156023089947023e-11
4843,-2.7749478062610855e-11
4980,-2.7840111292698477e-11
4866,-2.7973093459643383e-11
4606,-2.818566734175132e-11
3519,-2.8666962033352394e-11
4037,-2.8997345323522605e-11
200,-2.91720371817239e-11
2424,-2.92246062419399e-11
1666,-3.018607065696788e-11
2977,-3.020845726342536e-11
1010,-3.0856850928573376e-11
900,-3.1023994137568955e-11
3135,-3.1440782269354095e-11
3068,-3.161460503109392e-11
3332,-3.1674361918032634e-11
4266,-3.1820571351481863e-11
2116,-3.2089320783912356e-11
20,-3.226527205135721e-11
2689,-3.2428703819475935e-11
3181,-3.2555284856794486e-11
4494,-3.259555559492755e-11
1140,-3.289182988475137e-11
981,-3.2896728743847525e-11
305,-3.293185862895953e-11
1025,-3.2936375848890975e-11
1011,-3.295022327903796e-11
1393,-3.306451640261443e-11
778,-3.31965227876041e-11
257,-3.3574735006092205e-11
2450,-3.39858505921109e-11
113,-3.4148885975915366e-11
3610,-3.420211683313745e-11
3161,-3.4325100921328566e-11
2685,-3.433492899718171e-11
2762,-3.478002434664784e-11
1129,-3.5141356838352955e-11
3372,-3.560112621370237e-11
2255,-3.567734996323679e-11
352,-3.579635719785923e-11
1678,-3.6469587766374545e-11
3979,-3.7453814355492554e-11
4215,-3.7572332398094765e-11
4572,-3.757835362327988e-11
3401,-3.7637483407682026e-11
3198,-3.807424514556956e-11
3620,-3.8358064988197604e-11
2922,-3.8392598128433875e-11
1474,-3.839471796052152e-11
345,-3.948399940334468e-11
3995,-3.9712197072439004e-11
2335,-4.0132050460606195e-11
2841,-4.021144008048427e-11
2132,-4.0374075610527527e-11
153,-4.047160349907042e-11
2791,-4.050042246017682e-11
3357,-4.062345251854005e-11
2778,-4.085156692090752e-11
3654,-4.1025162433872e-11
109,-4.1410604112446237e-11
2746,-4.157838830176619e-11
4000,-4.184230392723087e-11
3680,-4.1998736086124033e-11
2694,-4.209473221383764e-11
864,-4.2233832750482314e-11
2619,-4.255778021655665e-11
1411,-4.256433573657237e-11
367,-4.3094926932552013e-11
4280,-4.4017761657855203e-11
3775,-4.477431272964516e-11
1448,-4.5066745474331427e-11
1459,-4.5416463992364875e-11
957,-4.555920397886215e-11
2372,-4.638297211589926e-11
1432,-4.6748386411943343e-11
30,-4.691363270081794e-11
4734,-4.742254679224178e-11
2324,-4.7469380856646204e-11
100,-4.7701368896535534e-11
2997,-4.7763359239949565e-11
4451,-4.844668936854202e-11
2342,-4.8720154646741953e-11
1512,-4.876302833745072e-11
1889,-4.892374179388259e-11
152,-4.908849715601349e-11
3088,-4.926870023069796e-11
623,-4.978660365917431e-11
2050,-5.0219649619376305e-11
1392,-5.211260069304391e-11
3157,-5.213432636985704e-11
1870,-5.237543038161263e-11
1395,-5.2507814068958325e-11
3872,-5.2730458888206044e-11
3740,-5.2888443624610204e-11
243,-5.290884050324074e-11
4793,-5.346973384889875e-11
3230,-5.4200815710614414e-11
409,-5.434420101424475e-11
3137,-5.45414980540615e-11
3399,-5.528850641201011e-11
3666,-5.562061054786849e-11
2442,-5.571897804257375e-11
2742,-5.608984630922631e-11
3820,-5.613659363745693e-11
2162,-5.7362723945852956e-11
947,-5.831835882263992e-11
2678,-5.930389859742924e-11
4428,-6.004692229555353e-11
4820,-6.014745645988029e-11
2347,-6.037357939969734e-11
3603,-6.037622832244516e-11
1762,-6.039239421051779e-11
3625,-6.086867294918807e-11
4743,-6.13626979090176e-11
4534,-6.155313585221034e-11
4588,-6.233343875783337e-11
3919,-6.308729059989471e-11
2178,-6.357476003970852e-11
2422,-6.358162607522644e-11
4737,-6.409014638442123e-11
2412,-6.426133236647757e-11
2943,-6.460305380928677e-11
3729,-6.511965446043266e-11
4006,-6.631998422657048e-11
4600,-6.662767906839839e-11
3807,-6.682733186269552e-11
2576,-6.697113003051314e-11
4505,-6.724966417070988e-11
2844,-6.754733924974055e-11
823,-6.796182193402611e-11
1643,-6.807220412352599e-11
846,-6.934202344266449e-11
1340,-7.071738333808142e-11
2466,-7.081719238799522e-11
3228,-7.097595428051662e-11
1700,-7.118142533735217e-11
2956,-7.1423270076032e-11
4307,-7.246742789179805e-11
208,-7.250512690237798e-11
1993,-7.322420100819294e-11
207,-7.394902398760728e-11
2539,-7.396687429217508e-11
476,-7.428660811492627e-11
1964,-7.443117649996722e-11
4972,-7.498346041301396e-11
4139,-7.595749376698713e-11
2563,-7.638008628352289e-11
3257,-7.640423016486153e-11
1574,-7.664956863662198e-11
474,-7.738040416760406e-11
1504,-7.756480874254734e-11
4942,-7.883515021345211e-11
715,-7.887903524794737e-11
4550,-7.918359024028376e-11
1058,-7.953017064354917e-11
3245,-8.015103858394212e-11
873,-8.040328472458391e-11
2593,-8.091191952552812e-11
168,-8.098779286092039e-11
1911,-8.161788259131164e-11
4093,-8.219872352221991e-11
1547,-8.232571221955531e-11
2062,-8.252555930288175e-11
1194,-8.327058834134426e-11
4466,-8.40437858196097e-11
991,-8.431069384307044e-11
2107,-8.515832136679613e-11
4236,-8.530551959262667e-11
29,-8.617761365625753e-11
4316,-8.685763913662825e-11
2163,-8.826405925588254e-11
4924,-8.866458608980388e-11
1478,-8.88899960582723e-11
3701,-8.895862171898195e-11
4341,-8.941779261473215e-11
2862,-9.030153361178073e-11
3691,-9.150034549487707e-11
4212,-9.269075090800882e-11
4727,-9.297611638925396e-11
1930,-9.49059927868312e-11
971,-9.518184157508713e-11
1513,-9.687121937940191e-11
280,-9.714728674281581e-11
1520,-9.728648442397514e-11
3432,-9.79411100832106e-11
808,-9.878374854221939e-11
970,-1.0002236192074854e-10
3480,-1.0017120119498735e-10
1370,-1.0022701418810342e-10
52,-1.0064731686965089e-10
2239,-1.0137974487678392e-10
3120,-1.0147502976787237e-10
955,-1.015613843025065e-10
4401,-1.0275148440430648e-10
4904,-1.0323470550632763e-10
2560,-1.0362564278887376e-10
1845,-1.0362866814661587e-10
419,-1.0406368475268657e-10
2174,-1.0581273357512799e-10
3321,-1.0581290010858169e-10
749,-1.0735471886458292e-10
2790,-1.0774984030015311e-10
4167,-1.0788401422212601e-10
1679,-1.0954214965663844e-10
1306,-1.0970603592230788e-10
1274,-1.0986641804655584e-10
1644,-1.099491157841026e-10
3631,-1.0995982596684328e-10
616,-1.1043793310405725e-10
131,-1.1079457143403637e-10
2594,-1.1102012711927678e-10
1196,-1.1103848049365261e-10
1951,-1.1173889938320691e-10
4859,-1.1216629361432418e-10
764,-1.1230528312866639e-10
679,-1.1284417844592554e-10
4111,-1.1327601009969435e-10
1259,-1.135464985924095e-10
1468,-1.1360430651752296e-10
3076,-1.1368949878742818e-10
2467,-1.1423769222251856e-10
189,-1.1448507072908676e-10
3118,-1.1453209908252049e-10
3876,-1.1453277562467612e-10
3234,-1.1460949203567772e-10
4732,-1.1601733809762926e-10
470,-1.1606013372578161e-10
721,-1.1621670292782937e-10
3822,-1.169324290173357e-10
3922,-1.1699500396256113e-10
1731,-1.1752362624739554e-10
1031,-1.1798799090523282e-10
3210,-1.1875205332967376e-10
4332,-1.187574587280249e-10
2196,-1.192619787648841e-10
1470,-1.193768868479328e-10
2400,-1.1940384445074947e-10
3061,-1.1973211658244942e-10
1100,-1.2083868627943417e-10
4251,-1.2136357196990133e-10
2002,-1.214127860749148e-10
3134,-1.219383621853254e-10
390,-1.2313584180079218e-10
1526,-1.2315389680273015e-10
1539,-1.2317001932271587e-10
997,-1.2347319694461234e-10
2772,-1.2486271044886976e-10
1137,-1.2512344632620298e-10
3059,-1.2536923929551413e-10
1988,-1.256977404107129e-10
1377,-1.2585985725843685e-10
4276,-1.2683823435999386e-10
2376,-1.2767968626814508e-10
2137,-1.288249333597502e-10
1222,-1.289651371805256e-10
3443,-1.2932047446789774e-10
3935,-1.2939503288289522e-10
1510,-1.2974642193963604e-10
1013,-1.3158639108890036e-10
4158,-1.318890656409888e-10
1213,-1.323200091163379e-10
2910,-1.3306986415551059e-10
1483,-1.3327440193111606e-10
1142,-1.3339732096717682e-10
1252,-1.339721597548582e-10
2150,-1.3406051269093666e-10
110,-1.3452203934116724e-10
4815,-1.35533868850235e-10
4991,-1.3618696448336465e-10
1888,-1.3644806812207477e-10
4623,-1.3690427957957496e-10
1388,-1.3848127505822205e-10
1844,-1.3924672526144377e-10
3347,-1.394936319232265e-10
1220,-1.4140977278032096e-10
965,-1.4222065886082547e-10
4622,-1.4443998080926335e-10
2597,-1.4469159898000683e-10
1113,-1.4520538937912164e-10
1018,-1.4543435206126887e-10
3433,-1.4566038653018865e-10
4334,-1.4716453750063252e-10
2201,-1.473909466698231e-10
4007,-1.4954382177023717e-10
3449,-1.4983287527359224e-10
1239,-1.5088811450292283e-10
238,-1.512261982306029e-10
1553,-1.523036488593199e-10
3608,-1.5236335110246912e-10
4237,-1.5344421566698685e-10
1109,-1.5477401998920115e-10
1927,-1.5579219164729707e-10
2882,-1.5689324145418126e-10
206,-1.5810525805237674e-10
3933,-1.5855951274179603e-10
1426,-1.6055353574406794e-10
4453,-1.612195862921162e-10
249,-1.6242664158117037e-10
2797,-1.6394463564495254e-10
3720,-1.644764255348541e-10
1861,-1.6458860663259856e-10
4326,-1.6546862491306769e-10
1734,-1.6842913869163922e-10
1589,-1.6903297511694504e-10
4858,-1.6904153077312856e-10
524,-1.7064943902411756e-10
4477,-1.711675731708162e-10
1694,-1.72152826716232e-10
1938,-1.7242531014094453e-10
4719,-1.725531315055484e-10
2667,-1.7286917730618967e-10
4282,-1.7337727781230328e-10
2188,-1.7425095394374424e-10
4305,-1.7532517104790202e-10
4298,-1.76280948172014e-10
852,-1.768597282514328e-10
4181,-1.7717161765462563e-10
677,-1.778158731369217e-10
3835,-1.78275977313902e-10
3218,-1.7833668569666727e-10
4014,-1.7863992229916192e-10
2925,-1.7940288837836604e-10
2476,-1.795029611062482e-10
1331,-1.7955653630608026e-10
2522,-1.8076407731770772e-10
1328,-1.8296714143772874e-10
3289,-1.8372862953253133e-10
134,-1.8484309916022568e-10
3381,-1.8499865528376347e-10
149,-1.8650463118330407e-10
3920,-1.8917179628319403e-10
1759,-1.8919532607242218e-10
3253,-1.8951418906398843e-10
2269,-1.9027181219488654e-10
4060,-1.9063253753337506e-10
2903,-1.9170984244532008e-10
2210,-1.921187167686078e-10
2804,-1.930310009057301e-10
4901,-1.940283281265387e-10
89,-1.9416572516472996e-10
2250,-1.9462412931270379e-10
4265,-1.956976872219407e-10
1490,-1.9904470432985377e-10
4287,-2.016507447133442e-10
863,-2.018089792499289e-10
3383,-2.0294527863784495e-10
1580,-2.0367019182288004e-10
4116,-2.0427140534629018e-10
171,-2.042927563228325e-10
3084,-2.0561106983674193e-10
4002,-2.056262868310732e-10
1606,-2.0624066343621905e-10
4889,-2.0630252367537238e-10
3143,-2.079756367123764e-10
2431,-2.0806059652933584e-10
2837,-2.0922158450176198e-10
1344,-2.0949094542421776e-10
1514,-2.102312421370378e-10
3575,-2.1099941932556376e-10
3250,-2.1166141062067823e-10
3307,-2.125026127286489e-10
735,-2.1276212736065503e-10
201,-2.1318673215642292e-10
4766,-2.153188669029582e-10
4106,-2.155028516748203e-10
3655,-2.1562633623073424e-10
3092,-2.1709355146892761e-10
2215,-2.1974715797012934e-10
2129,-2.201344245778003e-10
1072,-2.2186230630438786e-10
4141,-2.2257890669452607e-10
782,-2.2306760605328435e-10
3739,-2.2364636531602144e-10
2940,-2.241289584481443e-10
3700,-2.2578675734630238e-10
2760,-2.2738846222614129e-10
4373,-2.2928849097159087e-10
4806,-2.2950543548949653e-10
2626,-2.3002364596402813e-10
1877,-2.3035063440035586e-10
454,-2.305662882839954e-10
1024,-2.3274993043997938e-10
4233,-2.328597453749026e-10
1279,-2.3725717918088307e-10
4149,-2.3735195753271654e-10
422,-2.381761246561531e-10
4231,-2.382215813501176e-10
2518,-2.38791583728748e-10
3539,-2.3936980175776057e-10
162,-2.4361775791126306e-10
1945,-2.4507312845756246e-10
3591,-2.455511072252392e-10
1572,-2.4836407236383806e-10
1161,-2.503390966746011e-10
4410,-2.5120529961730753e-10
2030,-2.5240813605886814e-10
611,-2.527891646009195e-10
3311,-2.54906984409331e-10
4959,-2.572291546432126e-10
3630,-2.574834026547457e-10
1357,-2.627906156571491e-10
1792,-2.6543906656018024e-10
956,-2.659419073847147e-10
4471,-2.674217791653888e-10
2465,-2.6833936461745367e-10
1881,-2.6842353340050806e-10
2484,-2.6963608429353414e-10
1295,-2.705287382998023e-10
341,-2.738210908015404e-10
3773,-2.757543846043653e-10
1439,-2.763305279041006e-10
4788,-2.778710594952827e-10
1653,-2.7969736249300325e-10
46,-2.8058462497870806e-10
1254,-2.8876227797791643e-10
4076,-2.887720340627453e-10
4317,-2.905603119218725e-10
1934,-2.907514506933495e-10
2692,-2.909594232214374e-10
4499,-2.9103119913997944e-10
4432,-2.9329336181938004e-10
1954,-2.943524174403578e-10
564,-2.984881647405402e-10
2092,-2.995592246479717e-10
2888,-3.004147347551722e-10
3105,-3.00728650315385e-10
1262,-3.014967858705475e-10
1436,-3.0190618061087804e-10
4240,-3.02106062388674e-10
2094,-3.0246226356833716e-10
397,-3.043585106166091e-10
3413,-3.0443263188129066e-10
2248,-3.0767829950484327e-10
4312,-3.086187000400642e-10
2953,-3.0892603752885606e-10
4036,-3.0958681451753733e-10
2173,-3.0965753572420596e-10
881,-3.1017184654036356e-10
2339,-3.121549407847368e-10
7,-3.123761943557568e-10
3597,-3.16013923362668e-10
3355,-3.1687567847438203e-10
1756,-3.178964175232224e-10
2585,-3.181315350042624e-10
4906,-3.186007707656202e-10
449,-3.195077535877999e-10
2218,-3.195966963298602e-10
1445,-3.2427983909233404e-10
3543,-3.25467847117622e-10
3873,-3.2647384795581047e-10
4271,-3.276467153146001e-10
3945,-3.296968392740851e-10
4522,-3.305071771819712e-10
3077,-3.31650498730518e-10
2170,-3.346658367098243e-10
711,-3.3584227066008054e-10
3380,-3.3740153726480315e-10
175,-3.3758092155000696e-10
496,-3.410479676446698e-10
15,-3.4252484182317744e-10
1635,-3.4420685746106017e-10
2029,-3.4489874845000656e-10
4179,-3.464907666339556e-10
2606,-3.510250146110394e-10
1601,-3.514689650430114e-10
332,-3.5175215518101766e-10
1156,-3.5247584018183176e-10
4981,-3.532299452935206e-10
4077,-3.5330806336109077e-10
4735,-3.54954732273427e-10
2731,-3.596493380886301e-10
3351,-3.603899123572063e-10
192,-3.6255695667897214e-10
2084,-3.636996537270676e-10
73,-3.669135550943281e-10
2557,-3.671728199261537e-10
1716,-3.6819637616591905e-10
2241,-3.695440065065725e-10
2235,-3.7048573930942297e-10
4235,-3.748477778175996e-10
3827,-3.750667276758435e-10
719,-3.7543658459870954e-10
3009,-3.7739615599274856e-10
2900,-3.800126879838217e-10
547,-3.8341754771131775e-10
4995,-3.8572445237861075e-10
4853,-3.866650333250732e-10
2256,-3.904424006329066e-10
4118,-3.9641845361870764e-10
2588,-3.973483903019215e-10
1424,-3.9771243243169607e-10
4321,-3.9782764582607655e-10
2275,-3.995778985466103e-10
3033,-3.9982037125518843e-10
2713,-4.0125694433790215e-10
1168,-4.023108096662398e-10
4495,-4.035669437518763e-10
3924,-4.042979562246529e-10
878,-4.0653994060058096e-10
2842,-4.072749082428828e-10
3286,-4.074652559804548e-10
806,-4.0752715091407765e-10
3186,-4.0757050512318926e-10
1625,-4.085330823633271e-10
624,-4.138941966935761e-10
1076,-4.1427472563526635e-10
4563,-4.1635658809546783e-10
1291,-4.1844937237467406e-10
4455,-4.2013525991535516e-10
3660,-4.201466674569332e-10
2103,-4.204871312252223e-10
1620,-4.2225622998159906e-10
2868,-4.2306513847734095e-10
3290,-4.2755371465474923e-10
902,-4.305785727964917e-10
2830,-4.3245221292842473e-10
2483,-4.33123967247262e-10
3588,-4.332580544330611e-10
609,-4.3377372527242386e-10
53,-4.3458403542473434e-10
3818,-4.37644046002994e-10
697,-4.3931865090218736e-10
3791,-4.404403508573296e-10
4010,-4.421230742623905e-10
2360,-4.4308198776654706e-10
999,-4.4377922170379946e-10
3238,-4.455779079037825e-10
4349,-4.499578210026556e-10
4555,-4.5098709489099775e-10
1292,-4.5325863895495644e-10
1561,-4.5404502380108624e-10
3171,-4.597683483931192e-10
194,-4.6447971857599413e-10
3192,-4.647208035057915e-10
2168,-4.663604086241335e-10
1735,-4.736434300323111e-10
4124,-4.737535502785661e-10
701,-4.761737393277343e-10
4510,-4.770289163680275e-10
2638,-4.779869555715521e-10
4640,-4.783487217441262e-10
2167,-4.793206109798831e-10
4681,-4.807721443178536e-10
904,-4.830357364093985e-10
3022,-4.841815420819628e-10
3910,-4.861999691740948e-10
1987,-4.867476421921424e-10
4620,-4.873471348698644e-10
4979,-4.874303599633478e-10
4450,-4.881551690649744e-10
3302,-4.903855099769316e-10
759,-4.925405361344559e-10
2764,-4.954878868312917e-10
2023,-4.980200557502812e-10
2558,-4.990823310180303e-10
2637,-4.994622632148449e-10
4785,-5.01316113621364e-10
4811,-5.019524518257157e-10
2381,-5.041145001438707e-10
402,-5.047394030510688e-10
676,-5.063997554621835e-10
1831,-5.100996014473225e-10
4303,-5.116061185805876e-10
3982,-5.11606451647495e-10
4285,-5.122443857974446e-10
1593,-5.196688496189594e-10
3205,-5.197607205742472e-10
443,-5.207448638966383e-10
1015,-5.230365307529183e-10
431,-5.232115574127505e-10
610,-5.244464862386167e-10
3550,-5.250936074840951e-10
2454,-5.288532944902613e-10
1659,-5.294745752948415e-10
2071,-5.296956206990444e-10
1750,-5.35177430149858e-10
3859,-5.378581607873301e-10
1380,-5.380987877501298e-10
2161,-5.405202119224128e-10
4780,-5.410123321558657e-10
2655,-5.428127669571126e-10
2564,-5.449739270968479e-10
1953,-5.469687897052822e-10
3349,-5.469752151210372e-10
1385,-5.502915900734706e-10
2863,-5.508117850716587e-10
4462,-5.557374005427107e-10
147,-5.557789367616195e-10
1611,-5.56431178910799e-10
1182,-5.584854800844141e-10
4677,-5.605725328372557e-10
4173,-5.654839652091681e-10
835,-5.664801683291643e-10
4262,-5.682638248849514e-10
2967,-5.802067437610248e-10
886,-5.825385729352206e-10
1654,-5.830913807347571e-10
2261,-5.866275520904907e-10
2441,-5.878445230589335e-10
3918,-5.885990306264688e-10
1775,-5.915948841916929e-10
3727,-5.930277935384254e-10
1849,-5.99193139549925e-10
4504,-6.001269203803616e-10
3466,-6.030894394992714e-10
4827,-6.031477262080642e-10
3498,-6.110102701573084e-10
3495,-6.1243818350043e-10
1135,-6.147698738967478e-10
3802,-6.169021682378428e-10
4085,-6.183654421842988e-10
4613,-6.204075864157943e-10
4186,-6.322436740813231e-10
181,-6.327672830153119e-10
2464,-6.330988233660406e-10
308,-6.373825078842543e-10
665,-6.376354166892639e-10
3645,-6.385315887147414e-10
1098,-6.39205771646445e-10
3486,-6.393238716206895e-10
4360,-6.492697213200671e-10
1283,-6.525845974714173e-10
2192,-6.545497754917307e-10
1099,-6.5765068391066e-10
118,-6.579597700007156e-10
265,-6.593853518754855e-10
4967,-6.611812763956948e-10
1724,-6.674238106629815e-10
4359,-6.677126351828377e-10
4659,-6.686089737417689e-10
565,-6.693023080206473e-10
2683,-6.712484734716639e-10
4931,-6.721101730722268e-10
3418,-6.740430436025235e-10
2388,-6.758527903993894e-10
4458,-6.768044735760981e-10
571,-6.784272310600414e-10
1442,-6.801960383828742e-10
4778,-6.812117259169526e-10
4556,-6.928398688099691e-10
4587,-6.964628318506527e-10
340,-7.08182984476835e-10
4162,-7.103419241705211e-10
4370,-7.114188960155587e-10
3211,-7.115598943396861e-10
2949,-7.133281465510066e-10
3836,-7.166547355552666e-10
3786,-7.207964503042064e-10
4397,-7.210231578458348e-10
4708,-7.220406494923282e-10
4733,-7.228945775317186e-10
2009,-7.229585541335126e-10
2734,-7.263879220342773e-10
2795,-7.267596524584974e-10
3515,-7.314201744268445e-10
3387,-7.331718843150981e-10
394,-7.339445162735103e-10
2831,-7.366149634702168e-10
132,-7.429526160951383e-10
1546,-7.475152996594403e-10
3685,-7.502297671990732e-10
233,-7.527364009884963e-10
651,-7.573937310656476e-10
4804,-7.595152007322525e-10
4662,-7.671192292502127e-10
732,-7.676614066642884e-10
935,-7.694707648830956e-10
3348,-7.705908133814887e-10
18,-7.712464000775299e-10
2245,-7.714286986981733e-10
2716,-7.739533458561709e-10
2108,-7.770800392048471e-10
1094,-7.771610577300692e-10
145,-7.807645918678219e-10
930,-7.808523827534941e-10
3124,-7.830149029164346e-10
3803,-7.865286755226464e-10
4545,-7.910505028796422e-10
4194,-7.918749544977288e-10
395,-7.924318146113052e-10
4385,-7.936864776514341e-10
1810,-7.986941663595815e-10
2145,-8.030053288976546e-10
2257,-8.092545522586647e-10
4829,-8.094757641963213e-10
2849,-8.205083279477776e-10
3975,-8.224232961318023e-10
832,-8.257094452623903e-10
2463,-8.262676931547475e-10
179,-8.303659981834244e-10
940,-8.329888723235257e-10
94,-8.406612628242272e-10
382,-8.425204700568401e-10
247,-8.535185336278062e-10
637,-8.535670503739823e-10
1251,-8.554657260351206e-10
1981,-8.563559861229919e-10
498,-8.582159427561464e-10
4702,-8.589288724714095e-10
1055,-8.666168616056069e-10
929,-8.701218356943485e-10
2551,-8.774433124525416e-10
4764,-8.807682361222646e-10
3320,-8.903139059324161e-10
1207,-8.961192343726054e-10
1998,-8.970695020149577e-10
775,-8.974236909153888e-10
1214,-8.974720966392624e-10
1433,-8.995216238538717e-10
4392,-9.041984105895295e-10
1322,-9.113074461719606e-10
2109,-9.123342636918608e-10
129,-9.130408651358835e-10
3648,-9.18677134364998e-10
2357,-9.194272010404347e-10
3094,-9.206989615151429e-10
1487,-9.264322087254584e-10
4166,-9.347785878688342e-10
2032,-9.382494781107198e-10
4165,-9.390681010579272e-10
1482,-9.39383015818862e-10
331,-9.426519009814172e-10
2359,-9.443096027350606e-10
4536,-9.519675325808663e-10
292,-9.52304707313445e-10
2769,-9.534075473549564e-10
1148,-9.560764957505796e-10
3984,-9.630627129109115e-10
2682,-9.743268691853046e-10
262,-9.759754948657218e-10
427,-9.7805022414299e-10
4634,-9.814712376154944e-10
1494,-9.822267443837518e-10
1828,-9.825332492052752e-10
401,-9.862073657718184e-10
4279,-9.934907618802669e-10
2292,-1.0002426664712516e-09
795,-1.00083635823367e-09
22,-1.0037415620889334e-09
4877,-1.0050877630174426e-09
2055,-1.0080876688967066e-09
1111,-1.013055000997909e-09
1698,-1.0219936563693466e-09
301,-1.0301551556235466e-09
3469,-1.0339754052957062e-09
3172,-1.035558999662456e-09
4579,-1.0383293669313787e-09
604,-1.040146441200207e-09
1215,-1.0418781393184418e-09
742,-1.0516703063956356e-09
2287,-1.053661047301091e-09
1603,-1.059991011631567e-09
4532,-1.0734122757316555e-09
4199,-1.0737130629046021e-09
597,-1.0750628165467901e-09
4337,-1.0761568580708314e-09
1715,-1.0795344895786485e-09
1610,-1.0834664276870853e-09
4960,-1.0905331360167025e-09
2370,-1.0961587748603563e-09
1837,-1.0990567622659597e-09
4949,-1.099955182493062e-09
559,-1.1017714518501975e-09
1184,-1.1050090287234582e-09
2519,-1.1050630410736062e-09
3385,-1.114884240482894e-09
1727,-1.1176365111165154e-09
3488,-1.1176575220872564e-09
1041,-1.1191217119677077e-09
3138,-1.1198797444933462e-09
3409,-1.1199251248594777e-09
3804,-1.1243186937015537e-09
2885,-1.125288889847198e-09
1544,-1.1307161873475025e-09
2498,-1.130920856962092e-09
2447,-1.1315055004068597e-09
3044,-1.1347134343253629e-09
1850,-1.1388063270167947e-09
1479,-1.1392723986425324e-09
2747,-1.1402623845135906e-09
3653,-1.1609368466558578e-09
4268,-1.1669836763594787e-09
2121,-1.1758926610205833e-09
2127,-1.180038788906046e-09
2323,-1.180216646634591e-09
4258,-1.1908668495763663e-09
1271,-1.1971365565521808e-09
2119,-1.2059419574050878e-09
4325,-1.2066990184855797e-09
2249,-1.2146872951923626e-09
2853,-1.2225001011501035e-09
3968,-1.2238051683155504e-09
3958,-1.2288563500106875e-09
3425,-1.2428352791360453e-09
2937,-1.243123715077843e-09
4448,-1.2493578949168693e-09
4816,-1.2502180402051977e-09
2139,-1.2528605375372592e-09
221,-1.271286687032358e-09
2640,-1.2732283005689737e-09
4593,-1.273562977299747e-09
998,-1.2800657200884302e-09
4097,-1.2849795671954212e-09
2175,-1.2851918418377295e-09
1895,-1.2869401100346067e-09
4798,-1.2915090108478466e-09
3255,-1.2937770299537021e-09
4729,-1.3145986521578834e-09
4407,-1.3156651323953383e-09
2095,-1.3320561320639968e-09
3395,-1.340779487435384e-09
3156,-1.3470323745323753e-09
453,-1.3507009954949467e-09
1277,-1.3540518706278704e-09
4546,-1.3549357191777744e-09
2369,-1.3638973284102462e-09
1937,-1.3669559928430886e-09
1195,-1.3746336846587326e-09
2892,-1.3789986930135e-09
4684,-1.379236780341131e-09
4300,-1.3794039799286395e-09
594,-1.3907902052245902e-09
1709,-1.4013585847294507e-09
2152,-1.4022143446368318e-09
2595,-1.4049382768277496e-09
4568,-1.413213768231003e-09
3852,-1.4183839103232287e-09
2860,-1.4233853540268626e-09
1970,-1.4244864177115346e-09
4,-1.4246301915932236e-09
2180,-1.4282704463575158e-09
4880,-1.4320618579866107e-09
4648,-1.450371212019519e-09
226,-1.4511136181560857e-09
3502,-1.4542578252729754e-09
2927,-1.4551385096872593e-09
124,-1.484074307889216e-09
116,-1.4969784856155854e-09
1977,-1.498785651143919e-09
2072,-1.499594837195417e-09
2994,-1.5168343803217965e-09
2630,-1.5210193105019698e-09
2928,-1.5266942710034925e-09
4712,-1.5284820076288952e-09
2545,-1.5488573756883284e-09
510,-1.5547011456007453e-09
378,-1.5641246631226124e-09
4540,-1.5642386830272414e-09
2815,-1.5840748712747654e-09
1922,-1.604185562165128e-09
4873,-1.6047818629516541e-09
488,-1.6063969043855764e-09
414,-1.6079865772233859e-09
3421,-1.613111699771963e-09
4631,-1.6142646663830362e-09
4299,-1.6145280667956285e-09
818,-1.6172245764778381e-09
3127,-1.620654499490115e-09
3616,-1.6241464284583174e-09
3191,-1.6370627631268064e-09
4210,-1.6495792509729768e-09
2805,-1.6535739444378805e-09
2984,-1.6544655090378058e-09
1527,-1.6692403570495173e-09
425,-1.671876637132641e-09
2699,-1.6742947028802746e-09
4283,-1.6869051711054794e-09
3932,-1.6871863350864658e-09
1249,-1.6875165154139893e-09
2274,-1.6960853832515e-09
461,-1.7102504967780874e-09
1537,-1.7124903717302686e-09
584,-1.715994069062532e-09
1197,-1.7196116197659705e-09
1379,-1.7239698002491366e-09
1307,-1.737562871362286e-09
2767,-1.7376347027919792e-09
3761,-1.7391176831971222e-09
4175,-1.7395950235865598e-09
4140,-1.7573447697039057e-09
4527,-1.780131597683976e-09
4028,-1.7897567872182663e-09
4004,-1.8020813175034789e-09
4576,-1.8022875969414542e-09
3787,-1.8054666650613171e-09
2293,-1.8137132906659303e-09
526,-1.8173441640456645e-09
3799,-1.8271397728142347e-09
375,-1.846829855711718e-09
3659,-1.8480207364390822e-09
3300,-1.8505098564602918e-09
1920,-1.8521367217694262e-09
3097,-1.85953036302422e-09
4645,-1.8612820174013223e-09
17,-1.869350452210483e-09
2240,-1.8781057264938283e-09
1446,-1.8865674578094627e-09
4403,-1.8874697360615755e-09
4123,-1.904053692491914e-09
4992,-1.9088727265526018e-09
1940,-1.9108949422808053e-09
1062,-1.9157510022793645e-09
3454,-1.944988281543658e-09
3231,-1.947189909312641e-09
4426,-1.959854167843389e-09
3593,-1.9609822654587106e-09
4133,-1.9636313131066174e-09
2012,-1.966155904753464e-09
1004,-1.993938625322045e-09
4551,-2.0017794644111575e-09
4772,-2.0111937670819202e-09
2983,-2.0153033686298727e-09
105,-2.0176518233938623e-09
4486,-2.059332537829306e-09
4922,-2.0728184169094277e-09
76,-2.082135908132443e-09
1576,-2.091150141936282e-09
2038,-2.0926380073227335e-09
2816,-2.0944227463459697e-09
2673,-2.0973711101213155e-09
357,-2.097718110327662e-09
187,-2.104645902001323e-09
1042,-2.109675933947841e-09
3789,-2.150818301238644e-09
1040,-2.1610053191345457e-09
3884,-2.175421009997791e-09
4442,-2.186173853058193e-09
622,-2.2071347527408136e-09
2537,-2.219806560788129e-09
1680,-2.2335991944899547e-09
3914,-2.236714979897414e-09
1760,-2.236821838863534e-09
4954,-2.2382478093163627e-09
1675,-2.241647312217765e-09
1706,-2.249359809525231e-09
2458,-2.258540909849671e-09
4525,-2.2597335114227235e-09
2721,-2.2643756869555887e-09
2704,-2.275095223325252e-09
1103,-2.284934519369841e-09
3085,-2.2875561445090398e-09
1408,-2.2877528760290033e-09
4457,-2.303126356295593e-09
1972,-2.3120737546733494e-09
3531,-2.337709026356549e-09
4435,-2.337774973604212e-09
4570,-2.368555351850432e-09
4011,-2.3767932066931508e-09
114,-2.3800168502674524e-09
3080,-2.383869213140599e-09
4894,-2.4108819385304514e-09
740,-2.4184355629230936e-09
1866,-2.423237943638412e-09
2283,-2.4322781566610274e-09
1992,-2.43293651891463e-09
958,-2.4347117655310058e-09
4910,-2.435894930208349e-09
353,-2.438065416221491e-09
660,-2.443285129771766e-09
2963,-2.4700367307062265e-09
2989,-2.4788731067815206e-09
783,-2.4836220857693547e-09
4644,-2.4867787828952714e-09
3252,-2.4889443839271053e-09
3923,-2.4912610863125906e-09
937,-2.492634654238657e-09
2979,-2.5036057671457e-09
291,-2.5239949019706387e-09
4770,-2.52468701500419e-09
1710,-2.533133036664026e-09
268,-2.545999411296407e-09
987,-2.546016730775591e-09
3062,-2.5488035015897026e-09
50,-2.5667328262812816e-09
2157,-2.58127308416789e-09
1639,-2.5849890006313103e-09
2733,-2.588454894869585e-09
794,-2.5956472526900143e-09
4848,-2.603303017600922e-09
2088,-2.603887327978782e-09
3202,-2.604644833148484e-09
1774,-2.6290897237046806e-09
3977,-2.630266004999271e-09
9,-2.6451563162055436e-09
2086,-2.645591412608894e-09
3152,-2.7001806346405033e-09
2181,-2.701918244696344e-09
3621,-2.7232668342591637e-09
3626,-2.7305276928402122e-09
678,-2.7310740335906303e-09
3817,-2.740805915557587e-09
466,-2.7437389027440418e-09
87,-2.74810485478838e-09
3754,-2.75001554861376e-09
3251,-2.7509658995228392e-09
1260,-2.7511963818227514e-09
3765,-2.7535288493751864e-09
1151,-2.766055495762032e-09
4218,-2.7687303560952614e-09
3296,-2.780083940834288e-09
1038,-2.7909995425901e-09
3950,-2.796337494892498e-09
2068,-2.8188459344491434e-09
4461,-2.8232799431648914e-09
3564,-2.8350550795863683e-09
4989,-2.8491015102716233e-09
1747,-2.8496056625471056e-09
464,-2.863820958154406e-09
779,-2.876096583115384e-09
2707,-2.890734984717369e-09
173,-2.9056614891942445e-09
3813,-2.918902231030529e-09
4569,-2.922857844644966e-09
4930,-2.9343251162217143e-09
1707,-2.93897317593661e-09
599,-2.944920640679527e-09
26,-2.958038369804683e-09
3125,-2.990588776619063e-09
3069,-2.9932816225652914e-09
1733,-2.994585468485411e-09
2632,-2.9991856775879455e-09
1035,-3.0138475048957503e-09
3229,-3.018866712167778e-09
3476,-3.021915717660306e-09
4636,-3.0233204828533644e-09
1739,-3.047906482755991e-09
1476,-3.0481077661903555e-09
4878,-3.0625104674442127e-09
3892,-3.0971684106262387e-09
3763,-3.1029324665254876e-09
4480,-3.1074117723406403e-09
3723,-3.121431779717909e-09
148,-3.129464243301072e-09
3000,-3.1964684232832496e-09
4926,-3.228720513170913e-09
3642,-3.2402505123485525e-09
4627,-3.2584940301561005e-09
327,-3.2881221079250622e-09
3758,-3.288538996670809e-09
1143,-3.3000555621498506e-09
4813,-3.301877549155563e-09
3376,-3.309381879645912e-09
3614,-3.3140642452522684e-09
1375,-3.3450650027688766e-09
2365,-3.3604836691125684e-09
4741,-3.3675638944075104e-09
3471,-3.3706314406245497e-09
4229,-3.378156976374669e-09
2616,-3.4078865285280813e-09
2481,-3.431915418516951e-09
4086,-3.435714268640311e-09
1882,-3.435832174325526e-09
2864,-3.4906260104605735e-09
3628,-3.5141261012228142e-09
4638,-3.517469759906078e-09
3427,-3.522333757999263e-09
4850,-3.522922287224617e-09
1736,-3.5759467609253193e-09
1261,-3.58216489804164e-09
2106,-3.621466904135673e-09
1369,-3.6737208830572854e-09
2300,-3.6753738941186498e-09
2246,-3.6772032085963247e-09
3961,-3.679345605966944e-09
3341,-3.6981598894314516e-09
3036,-3.7111678174994722e-09
60,-3.715339147447594e-09
695,-3.7175450495752216e-09
3633,-3.7209531011939134e-09
543,-3.729150321873931e-09
2709,-3.734632825214135e-09
4263,-3.7411556075284125e-09
4437,-3.755783350989361e-09
1803,-3.770720180540366e-09
3871,-3.7733771662828985e-09
1264,-3.774742629580885e-09
4449,-3.80692355417267e-09
1827,-3.8238054944628175e-09
335,-3.833983797107976e-09
2187,-3.84769294203835e-09
3227,-3.86100607041584e-09
4986,-3.8897920440206235e-09
3587,-3.9005614294040925e-09
3604,-3.918714019945924e-09
2328,-3.946547644240184e-09
601,-3.959019556631915e-09
3858,-3.997023823032464e-09
2332,-3.999062081483373e-09
799,-4.006621923124953e-09
4047,-4.010993870373625e-09
4366,-4.011561194339208e-09
3767,-4.0716956473119126e-09
2834,-4.0742043072583556e-09
563,-4.082744364808377e-09
504,-4.093181460440576e-09
3406,-4.116426310929455e-09
1778,-4.154921962040703e-09
4391,-4.17941103947328e-09
68,-4.224042560174723e-09
4823,-4.2250862808401735e-09
2015,-4.235247041961543e-09
3194,-4.23740198485234e-09
2101,-4.2525185595110315e-09
2468,-4.2566251634568175e-09
1695,-4.260136354794497e-09
2314,-4.266879738423768e-09
479,-4.304703704605117e-09
2569,-4.318218449483879e-09
2624,-4.327605385157085e-09
1799,-4.3386857440097515e-09
625,-4.352985083500016e-09
2408,-4.360682259729742e-09
1354,-4.371621731280584e-09
2479,-4.391508934276089e-09
81,-4.421234156559706e-09
3814,-4.44273129396322e-09
3461,-4.483074023120537e-09
1125,-4.487216598292321e-09
3291,-4.5165153839121785e-09
80,-4.5223622624490645e-09
575,-4.53816118017869e-09
3244,-4.54368498381541e-09
5000,-4.555660737537437e-09
666,-4.572094702837148e-09
4034,-4.582757728854858e-09
4964,-4.600249958741642e-09
2838,-4.602173309109503e-09
1367,-4.606550696450995e-09
478,-4.627628058528899e-09
1602,-4.6489863070320325e-09
4792,-4.66788940833851e-09
4842,-4.670780651139239e-09
2604,-4.69740379926975e-09
3634,-4.699243438821554e-09
2672,-4.7037389538928664e-09
979,-4.713090362429284e-09
4574,-4.734304281939217e-09
4625,-4.74236649949944e-09
3335,-4.744675985435265e-09
4917,-4.783422991039288e-09
2478,-4.794571184518759e-09
4024,-4.802866770958758e-09
3436,-4.855938762204914e-09
2992,-4.860063240741397e-09
520,-4.878885073722472e-09
509,-4.892230398567676e-09
3070,-4.969269662424836e-09
1247,-4.976414613722113e-09
1645,-4.985065027440783e-09
1918,-4.989165303115328e-09
4584,-4.993494062688342e-09
317,-5.010770021129929e-09
1663,-5.011165704615905e-09
4543,-5.013263359998632e-09
3652,-5.026692617704498e-09
2799,-5.02881891684126e-09
2507,-5.035301731126651e-09
4506,-5.062525509913485e-09
871,-5.106155276379809e-09
1651,-5.142671177793545e-09
433,-5.18133758120598e-09
3285,-5.212297926604492e-09
2289,-5.282016157792668e-09
3732,-5.33182920037234e-09
765,-5.337450481590622e-09
1668,-5.39681188627128e-09
897,-5.411450842984777e-09
3370,-5.466225916350709e-09
2049,-5.4738178434377005e-09
2090,-5.501680444552903e-09
1033,-5.5116640140795425e-09
3590,-5.5138558163747575e-09
3336,-5.544005476920688e-09
1811,-5.548802084476279e-09
812,-5.556733073674991e-09
2531,-5.5598143866575356e-09
3900,-5.579819273293651e-09
274,-5.581572759538744e-09
2413,-5.61625279615896e-09
3600,-5.621009879774874e-09
731,-5.688961746130872e-09
3790,-5.691037641142316e-09
2191,-5.731309649092964e-09
4799,-5.7364610839272245e-09
3641,-5.75963587934325e-09
3193,-5.763288513094267e-09
2318,-5.783176826312797e-09
3897,-5.840179451155336e-09
1890,-5.847145434501044e-09
1522,-5.864696284163529e-09
2195,-5.874577935216507e-09
495,-5.8750750930869344e-09
703,-5.88702508963479e-09
376,-5.894165600039969e-09
4668,-5.944720493644695e-09
455,-5.946870107464974e-09
135,-6.057232049272443e-09
2705,-6.108886729805363e-09
2600,-6.135294272624492e-09
2238,-6.147466091732667e-09
1147,-6.196900104171732e-09
3521,-6.204431635126184e-09
4884,-6.2125991018291415e-09
3132,-6.231399396483539e-09
334,-6.24727247711121e-09
1947,-6.3127978400245865e-09
4052,-6.37159591754255e-09
4680,-6.394601292925017e-09
3109,-6.40161257337013e-09
2214,-6.432857357907551e-09
3046,-6.562888010819279e-09
4150,-6.6820791122523815e-09
2525,-6.692057796797712e-09
1455,-6.718614775635956e-09
3114,-6.764079296672776e-09
659,-6.770180860371511e-09
312,-6.776378569384178e-09
37,-6.806222030419917e-09
412,-6.81265532875841e-09
1065,-6.8219576654371394e-09
2711,-6.8281003073877855e-09
3650,-6.891257786634242e-09
2608,-6.9605117225535196e-09
2880,-7.039846927625604e-09
4515,-7.088689191192543e-09
4641,-7.0963916964927876e-09
4553,-7.133540647075165e-09
4243,-7.155478876086363e-09
2505,-7.194469242577384e-09
1308,-7.230982701500466e-09
314,-7.246497846224997e-09
1785,-7.2580546017775305e-09
1885,-7.259414624982696e-09
302,-7.2827979202827464e-09
761,-7.283741165764468e-09
4418,-7.340226426677532e-09
4145,-7.355968945077507e-09
4031,-7.399403090246892e-09
3624,-7.453903272391926e-09
4078,-7.469424634365396e-09
3142,-7.483508701611186e-09
4731,-7.488220044038485e-09
2067,-7.516566702392424e-09
1170,-7.541187230231117e-09
1007,-7.561432813218971e-09
2959,-7.658241596431026e-09
1205,-7.668141455141608e-09
2773,-7.728135242857093e-09
2488,-7.73390285147002e-09
2935,-7.752915642811331e-09
2133,-7.761721487753448e-09
2110,-7.799827450583052e-09
3415,-7.847529293059097e-09
2898,-7.850581518198396e-09
2833,-7.856409967033073e-09
2708,-7.866012508017661e-09
1268,-7.925352374371641e-09
3363,-7.945593960556607e-09
3160,-8.006995955156526e-09
4899,-8.03592037357248e-09
4444,-8.039899412892737e-09
4348,-8.068594681276409e-09
585,-8.091847636393368e-09
4342,-8.092046810403986e-09
3214,-8.182644561927077e-09
4430,-8.267323936550497e-09
3426,-8.270229390205941e-09
4040,-8.296231701621082e-09
4021,-8.31122282107799e-09
4809,-8.479687618745402e-09
2123,-8.482222924044436e-09
1531,-8.48327763591783e-09
159,-8.502250015141044e-09
1289,-8.533397100052298e-09
4168,-8.568568521383213e-09
682,-8.619454705538487e-09
1959,-8.632500492211648e-09
1320,-8.634980508404055e-09
2077,-8.654130745355815e-09
521,-8.658814776296708e-09
529,-8.659370553942836e-09
4242,-8.661733552628448e-09
1456,-8.675239637767618e-09
3405,-8.688055830319286e-09
1037,-8.68877014781333e-09
1180,-8.703685772104564e-09
1794,-8.708073373497882e-09
2186,-8.781227744947273e-09
3949,-8.793374473015092e-09
2331,-8.841588794439303e-09
1757,-8.851576804858041e-09
3549,-8.864024181320929e-09
1032,-8.87896356438489e-09
1175,-8.915191695990643e-09
3841,-8.920361782571717e-09
816,-8.946355212202661e-09
1741,-8.963799036365572e-09
3369,-8.981213550640632e-09
4945,-9.063916728280219e-09
960,-9.072281592636955e-09
4361,-9.151913449301219e-09
1128,-9.156832181389518e-09
583,-9.163664937972271e-09
3051,-9.215593177458459e-09
47,-9.236597708905947e-09
4597,-9.302958403623052e-09
2364,-9.479392826250432e-09
285,-9.599645522939682e-09
4292,-9.6308676589274e-09
2075,-9.643297271821893e-09
323,-9.68115809740766e-09
4560,-9.6846854980015e-09
4309,-9.685561241923324e-09
1891,-9.734301364971998e-09
3050,-9.790348531879545e-09
1894,-9.793363897614427e-09
8,-9.84465087228159e-09
912,-9.876027107225127e-09
199,-9.876762963045849e-09
2755,-9.911512499627406e-09
2691,-9.944485235280354e-09
1835,-9.984811644159208e-09
1287,-1.0040108300302109e-08
1163,-1.0118905269251854e-08
3926,-1.014385775377491e-08
4018,-1.015617723254536e-08
3662,-1.0226603119889432e-08
513,-1.0302724895439042e-08
4679,-1.0321475230057331e-08
3225,-1.0340607481396091e-08
2583,-1.0366573377496024e-08
1818,-1.0399024308327398e-08
3131,-1.0405778461120008e-08
3066,-1.0458141908031848e-08
1749,-1.050131936963794e-08
444,-1.0518828030825489e-08
3306,-1.0526945537492338e-08
2852,-1.0644868542186714e-08
36,-1.0692124963185279e-08
1770,-1.0803894667787972e-08
2590,-1.0889066981434325e-08
3345,-1.0934264160766816e-08
4716,-1.0936510808079447e-08
4374,-1.1078117090335127e-08
1693,-1.1199372540460217e-08
2561,-1.130664140092108e-08
2042,-1.1313707748428214e-08
1356,-1.1331337645970052e-08
3825,-1.1382757847400171e-08
2532,-1.1636523300495583e-08
3083,-1.1779830000335778e-08
1857,-1.180141406820212e-08
2000,-1.1839591085305301e-08
3599,-1.1921068576725702e-08
2783,-1.1956115653077859e-08
360,-1.2086661005383803e-08
2140,-1.212387035209872e-08
562,-1.2142642002999082e-08
64,-1.2204201649268498e-08
4345,-1.2299473439725261e-08
1779,-1.2377331159996174e-08
406,-1.240044822381492e-08
2648,-1.240785163503233e-08
3260,-1.2434797636018402e-08
3576,-1.247410885696354e-08
1223,-1.2533603488407152e-08
1378,-1.2539451699211668e-08
3864,-1.2559551176849482e-08
2508,-1.2572993313142433e-08
1141,-1.267714289099331e-08
2312,-1.2689259865084068e-08
1753,-1.2759529877115483e-08
3150,-1.2777692237619931e-08
774,-1.2835457141591178e-08
850,-1.2844079577689627e-08
1871,-1.2888382805442689e-08
315,-1.295484430841043e-08
4833,-1.2993428999408252e-08
1939,-1.3023015554836093e-08
728,-1.302829666371963e-08
3882,-1.3185641911661605e-08
2122,-1.3232314799438427e-08
2698,-1.32375794770212e-08
3939,-1.3239221718919225e-08
1590,-1.3252153596710059e-08
1230,-1.3385307084945453e-08
4377,-1.3408941068604463e-08
2878,-1.3590217395886839e-08
2197,-1.3607072357757488e-08
3792,-1.361666157606578e-08
225,-1.366248447709495e-08
1368,-1.3702529333414759e-08
2759,-1.3704845702733337e-08
12,-1.3718820746078109e-08
972,-1.3782653685012747e-08
1952,-1.3797554654360056e-08
1112,-1.3805514065268198e-08
2825,-1.3818641786400576e-08
1873,-1.3831736644931425e-08
1341,-1.393665849391823e-08
4493,-1.394006510224699e-08
3364,-1.3996789061110348e-08
3026,-1.399950777525305e-08
905,-1.401559446279066e-08
2660,-1.4071058984654883e-08
2202,-1.407198624292505e-08
2546,-1.4089247102333502e-08
2043,-1.4102242484881344e-08
3467,-1.4119469149420638e-08
338,-1.4130340897366978e-08
4864,-1.4154991845316545e-08
4113,-1.421391448985787e-08
2611,-1.4226501310332651e-08
803,-1.4249478486050293e-08
2006,-1.431547547170453e-08
3393,-1.4352556920727011e-08
2775,-1.4431648320822887e-08
3039,-1.4485789456841758e-08
3110,-1.4512636425934033e-08
4742,-1.4763140487872306e-08
3708,-1.4866890829523527e-08
1714,-1.490117496061316e-08
3795,-1.5073069459248245e-08
1555,-1.5188464708160154e-08
3511,-1.523945103443225e-08
2944,-1.5267838993082705e-08
1358,-1.5449449719540098e-08
3760,-1.5454709068052352e-08
2765,-1.5473399006538102e-08
4776,-1.548350114788377e-08
2117,-1.5581969492473036e-08
3788,-1.5582181323026134e-08
3342,-1.575667063491437e-08
366,-1.5831571165136893e-08
698,-1.5862396729460215e-08
2523,-1.595772092244374e-08
1524,-1.6119774848277757e-08
475,-1.6222877707861016e-08
724,-1.622530021450075e-08
1608,-1.630204060631968e-08
2065,-1.6319386730856422e-08
2664,-1.6333270291823965e-08
2934,-1.641604185920187e-08
2911,-1.6433108651625616e-08
361,-1.6447621042914307e-08
1097,-1.6576618744323923e-08
279,-1.6645616440769118e-08
4675,-1.6660431256809716e-08
4782,-1.6711606320995998e-08
3657,-1.6722897289156435e-08
2128,-1.678010441708011e-08
2143,-1.689191098108722e-08
1552,-1.6926825274765633e-08
4699,-1.6949623926620916e-08
3322,-1.6989709195058822e-08
120,-1.703802077201999e-08
108,-1.7089065273978576e-08
1085,-1.7104178517968194e-08
3970,-1.7123034101729218e-08
3870,-1.718717967946759e-08
683,-1.7254909057129453e-08
374,-1.7370973992569816e-08
426,-1.739900667985239e-08
2529,-1.7419468090196233e-08
4108,-1.7444604871741376e-08
1450,-1.752269618293667e-08
515,-1.752630662821275e-08
928,-1.7653592365718396e-08
1048,-1.7846241373575822e-08
1075,-1.7865447787812627e-08
2361,-1.7905824378772195e-08
303,-1.7936621077296877e-08
4039,-1.804285476580958e-08
4703,-1.8068789131575613e-08
3011,-1.810611394148509e-08
4185,-1.8236682386429948e-08
1872,-1.823960804614444e-08
2004,-1.8451162375754393e-08
4498,-1.8637037690893976e-08
4417,-1.8761326714411553e-08
2812,-1.879826960760056e-08
2345,-1.881802536018995e-08
1199,-1.8991695327486013e-08
1729,-1.9070158785439162e-08
2469,-1.9284581931344746e-08
2016,-1.9549234231419632e-08
4616,-1.9565192133086384e-08
4886,-1.9810553197885383e-08
2915,-1.9845026066889204e-08
1532,-1.9856281952002064e-08
2427,-1.986428888045566e-08
4247,-1.9902385517411858e-08
2671,-2.0091031061042486e-08
2618,-2.0131793121436203e-08
959,-2.0337152406568748e-08
2996,-2.034330925937411e-08
4100,-2.0424208102554076e-08
4043,-2.064582815819449e-08
3272,-2.0852525928205523e-08
3145,-2.0920622567643932e-08
2353,-2.0997324767790815e-08
2700,-2.1062182220532577e-08
4110,-2.1206372657900374e-08
4938,-2.1243250714064743e-08
127,-2.136913845873778e-08
899,-2.1531706195787592e-08
1440,-2.1547005069066927e-08
3492,-2.1669593230910777e-08
1989,-2.1728165044976322e-08
456,-2.1749750445110294e-08
1108,-2.180207125945799e-08
1730,-2.2201716021186257e-08
1966,-2.2450019621089723e-08
2138,-2.247153219059328e-08
489,-2.2521651210638538e-08
544,-2.2596855053791387e-08
1309,-2.275233779158725e-08
1767,-2.2874259819616327e-08
2496,-2.2983315695057627e-08
2744,-2.3078728261793913e-08
2005,-2.3222106904086104e-08
4376,-2.352762962232191e-08
4422,-2.3563015538741183e-08
281,-2.358050377182508e-08
320,-2.365001616766449e-08
1585,-2.3720253317094375e-08
4306,-2.394148435058696e-08
3718,-2.3984951802447085e-08
3435,-2.4152703836932687e-08
4717,-2.425620859725086e-08
347,-2.4402691423119904e-08
4174,-2.4415607313699184e-08
588,-2.4448826074774388e-08
3875,-2.451217806509476e-08
2646,-2.451536929015674e-08
4985,-2.466465076622626e-08
1398,-2.4763146200257324e-08
4912,-2.4821113164819053e-08
4749,-2.4919206254025994e-08
2136,-2.507101548587798e-08
2102,-2.5184681007317522e-08
4519,-2.5210056264768355e-08
157,-2.5211862819674025e-08
511,-2.5215245003096243e-08
3917,-2.5292461458548132e-08
1294,-2.529522546979024e-08
884,-2.5352843380233026e-08
1883,-2.535991061591858e-08
4642,-2.539977206339472e-08
2850,-2.5422360216964535e-08
3221,-2.5480111354170276e-08
2225,-2.5566659012099535e-08
2111,-2.5605053188826332e-08
4881,-2.5737787900936837e-08
309,-2.5966409467059748e-08
65,-2.6119075791086743e-08
1820,-2.6230644323277374e-08
694,-2.6332891422953253e-08
1670,-2.63537183187168e-08
3122,-2.6453837342899078e-08
4156,-2.6546402409621805e-08
1219,-2.6621631121770406e-08
3367,-2.6760035964912277e-08
696,-2.6794241492211768e-08
3942,-2.6966683996931806e-08
710,-2.71252789119103e-08
267,-2.7447309314254653e-08
3199,-2.7568094473906513e-08
3780,-2.7807156577352998e-08
2869,-2.7974501826122378e-08
2897,-2.8044705224772315e-08
4670,-2.822000499946853e-08
4470,-2.8270624063964078e-08
2078,-2.833068180052578e-08
3632,-2.835210288765211e-08
1908,-2.851579949947336e-08
336,-2.867911774728782e-08
1242,-2.8702346277498236e-08
4114,-2.873464932662273e-08
4331,-2.8990781331117432e-08
3704,-2.9119307853875398e-08
1047,-2.9601560314063136e-08
4472,-2.9787861954844175e-08
3359,-2.979329849495116e-08
1815,-3.009763105410457e-08
2732,-3.0176836141038166e-08
2315,-3.019282424077119e-08
4367,-3.026408368356215e-08
2371,-3.050935415416234e-08
1573,-3.050984442865001e-08
3596,-3.070305254482264e-08
78,-3.0885668245161924e-08
3658,-3.111942614708596e-08
1971,-3.119723590572221e-08
2409,-3.173180651572238e-08
3809,-3.1831818070315876e-08
3189,-3.187033126295091e-08
2228,-3.201253040430174e-08
1481,-3.2058400378787155e-08
4352,-3.211228616351036e-08
4604,-3.211940757807952e-08
2164,-3.247283419938185e-08
3030,-3.2494647861369685e-08
3689,-3.292267880539157e-08
1968,-3.297725825746056e-08
4131,-3.3005980171196825e-08
4151,-3.307189899715013e-08
1789,-3.3148650047110095e-08
2981,-3.325143893562199e-08
404,-3.333902043323178e-08
641,-3.341340271134641e-08
2647,-3.371378198835373e-08
1824,-3.4347419131108836e-08
1878,-3.441748130939004e-08
3005,-3.446288410202669e-08
4958,-3.4938899773351295e-08
4664,-3.506398460473292e-08
101,-3.5114918972567466e-08
2017,-3.515838820078443e-08
1009,-3.5196997316688794e-08
3847,-3.5351362726032676e-08
1548,-3.5482512039664016e-08
917,-3.563307338083632e-08
1570,-3.575211771078557e-08
2924,-3.6060985308949967e-08
2227,-3.6072330011904796e-08
2729,-3.6140578529852974e-08
1582,-3.6313988260872065e-08
1160,-3.640291446060928e-08
1267,-3.641606483029136e-08
3770,-3.6496258459806086e-08
990,-3.6502653344427927e-08
649,-3.6573448269905384e-08
4835,-3.658580816079393e-08
4245,-3.676020199350205e-08
3343,-3.681212490391772e-08
2985,-3.694556305333663e-08
4831,-3.701581974269175e-08
2568,-3.748632870781421e-08
4559,-3.7603536284791517e-08
1825,-3.776992407722446e-08
978,-3.7905852678932206e-08
4015,-3.794917979860202e-08
276,-3.8059608797880173e-08
4413,-3.8486726694486606e-08
847,-3.888152022568647e-08
1209,-3.914152379991265e-08
1366,-3.9322975098343704e-08
3265,-3.9461351519776144e-08
1995,-3.975491225105543e-08
1592,-4.045266521757185e-08
3798,-4.0514841259664536e-08
2926,-4.053974400619609e-08
1496,-4.111691609409718e-08
4919,-4.136132858434394e-08
4378,-4.24858619396673e-08
1658,-4.27732782526391e-08
1000,-4.303161560414992e-08
631,-4.3057932330725635e-08
4580,-4.322237856513311e-08
655,-4.322953195412538e-08
2515,-4.3354912548920765e-08
4973,-4.335655034992669e-08
3731,-4.3692919504678684e-08
3168,-4.37961151789068e-08
1382,-4.388752827821918e-08
4757,-4.392075325654332e-08
4759,-4.40154170888718e-08
3796,-4.413777432432653e-08
3838,-4.4178955604934345e-08
497,-4.41895711134066e-08
3031,-4.4300982438016945e-08
4198,-4.4321241787770305e-08
84,-4.440766154800713e-08
3536,-4.456450142242829e-08
4226,-4.465894321015185e-08
1399,-4.4774550289616855e-08
1577,-4.4909160834549766e-08
4117,-4.530529373880654e-08
413,-4.537921505232134e-08
4296,-4.6292726096908154e-08
295,-4.7562195959471865e-08
2951,-4.8100689653551854e-08
1613,-4.907969675116419e-08
3007,-4.924582519549858e-08
1618,-4.9685114689168586e-08
3647,-4.9847306726746865e-08
889,-5.004689107579452e-08
2473,-5.074120501546986e-08
1921,-5.107358447276056e-08
1461,-5.1362370356855536e-08
3806,-5.143752801473056e-08
1718,-5.1447853977037994e-08
2939,-5.1532117240071784e-08
3663,-5.162400640301712e-08
1465,-5.171772698986388e-08
3925,-5.2048031662366157e-08
304,-5.213906817402858e-08
1363,-5.2169207620522684e-08
1372,-5.234118738428606e-08
1851,-5.282704762521462e-08
2562,-5.2827083152351406e-08
2741,-5.298952032717352e-08
1728,-5.3351215001384844e-08
1149,-5.401336800048284e-08
1376,-5.411275161293361e-08
4066,-5.4153037609694366e-08
4203,-5.421812154793315e-08
2676,-5.4425500550792094e-08
1110,-5.445838802131675e-08
1713,-5.489280674453312e-08
4824,-5.5509886465188174e-08
1928,-5.567237870707231e-08
1181,-5.570466754534209e-08
4029,-5.612755593631391e-08
4589,-5.6509382062586155e-08
4027,-5.6647378343654964e-08
392,-5.668725222562898e-08
3392,-5.70488385420731e-08
222,-5.845520867353571e-08
2485,-5.8788337753412634e-08
4656,-5.925537749362775e-08
1074,-5.956817084040722e-08
1711,-6.024121645964442e-08
283,-6.046809808424314e-08
4507,-6.07961254672773e-08
2598,-6.178833267256323e-08
2037,-6.18014013298307e-08
263,-6.20100681913982e-08
4075,-6.211217495888377e-08
537,-6.246894912464995e-08
4128,-6.263472940304382e-08
4920,-6.270289176768529e-08
3698,-6.281498521332196e-08
1671,-6.293964815995423e-08
2303,-6.395294960270803e-08
1949,-6.42572892672888e-08
1536,-6.450036238447865e-08
3737,-6.496841997716274e-08
2349,-6.550205711164381e-08
3319,-6.552745013266303e-08
333,-6.565318777518314e-08
4748,-6.566703980581678e-08
1786,-6.615231029627466e-08
3346,-6.699047538916147e-08
4672,-6.710966715672839e-08
4065,-6.712452815804681e-08
3746,-6.732286195187953e-08
4446,-6.74199416295096e-08
245,-6.777787753264874e-08
3777,-6.78162699330187e-08
275,-6.795316842556076e-08
1359,-6.842778432769592e-08
1313,-6.986625322724649e-08
836,-6.989985834593426e-08
3276,-7.035957949597105e-08
824,-7.109629152068919e-08
550,-7.110810784638488e-08
2482,-7.112019417832016e-08
2740,-7.173124672021913e-08
2375,-7.199334817187264e-08
4115,-7.242168109655722e-08
35,-7.251349387615846e-08
4443,-7.252643641209033e-08
763,-7.302709192913426e-08
1472,-7.304476312697261e-08
2367,-7.35410168317685e-08
190,-7.415575709046607e-08
1823,-7.482781327894372e-08
2203,-7.491688691629861e-08
4690,-7.50549862260641e-08
349,-7.72604948906519e-08
4224,-7.81574591712797e-08
3743,-7.831284065673572e-08
2190,-7.832139203856059e-08
457,-7.848474581351184e-08
1626,-7.866631435149429e-08
1155,-7.868078455430805e-08
1178,-7.870019302913533e-08
1530,-7.885205022262198e-08
4414,-7.89975622694783e-08
755,-7.96907428934901e-08
4718,-7.973188687060428e-08
3801,-7.996874984428359e-08
4987,-7.997910245194362e-08
552,-7.998877649129099e-08
3411,-8.02488671070023e-08
1950,-8.122306738300722e-08
893,-8.122517058950507e-08
4347,-8.165682174876565e-08
551,-8.326034262040594e-08
2204,-8.526739136982542e-08
4655,-8.527879913344805e-08
829,-8.564677500544349e-08
2836,-8.577855226121756e-08
2354,-8.588628119809982e-08
2461,-8.6436298118997e-08
1,-8.759808522995627e-08
1599,-8.817296048846401e-08
859,-8.945221452449914e-08
1669,-9.071937157045795e-08
2552,-9.082965846118896e-08
4676,-9.114604893056821e-08
4479,-9.125000133280992e-08
218,-9.127637667916133e-08
4779,-9.236588027761172e-08
3728,-9.24221090770061e-08
1637,-9.250066312915806e-08
3340,-9.286202384828357e-08
2599,-9.306054238322758e-08
2808,-9.321906802028934e-08
4887,-9.41055979808425e-08
1355,-9.463732553172122e-08
805,-9.492507757613566e-08
405,-9.58133377082504e-08
3940,-9.708943693453875e-08
2575,-9.724192295834655e-08
2714,-9.869594563838291e-08
4355,-9.986482396584506e-08
3994,-1.0084433199608611e-07
4826,-1.0119121185425684e-07
2538,-1.0122588278704825e-07
1800,-1.024641242963753e-07
3986,-1.0310566267435206e-07
4497,-1.0717298692952681e-07
3963,-1.088260788151274e-07
2434,-1.0886121870612442e-07
3686,-1.0953600337870739e-07
2031,-1.0963263363805709e-07
223,-1.1013244716195913e-07
1586,-1.1072884120721938e-07
2582,-1.1327639981573157e-07
2486,-1.1355410833857604e-07
2512,-1.1465593985349187e-07
3179,-1.159406401995966e-07
2438,-1.1612839045938017e-07
2811,-1.170509911219142e-07
2554,-1.1868191407415907e-07
2965,-1.200697461456457e-07
259,-1.2106290014912702e-07
2651,-1.2149702399710804e-07
418,-1.2261062565244174e-07
3101,-1.2302382401685463e-07
2976,-1.2307366503705452e-07
3187,-1.2390784576155056e-07
472,-1.240039644301305e-07
2185,-1.2401549298601822e-07
3042,-1.256045507602721e-07
2253,-1.2678297167667552e-07
843,-1.2781988445453862e-07
3839,-1.2810095029180957e-07
507,-1.2814451366693902e-07
97,-1.302236753986108e-07
3577,-1.3074538784962897e-07
4635,-1.3134454590613132e-07
838,-1.3192504155767892e-07
3766,-1.336508823612803e-07
2586,-1.3406882004574072e-07
329,-1.341383395470075e-07
2449,-1.3562775080799838e-07
448,-1.3581367852566473e-07
4720,-1.3629150430460868e-07
4715,-1.365317672252786e-07
963,-1.37877471217962e-07
2883,-1.4067603615330881e-07
1174,-1.4153153315987765e-07
1634,-1.448581841145824e-07
1127,-1.4800374259493765e-07
377,-1.4899278966140628e-07
865,-1.4930966329984585e-07
4558,-1.4975946527329143e-07
3848,-1.5137293729594603e-07
2968,-1.5138696340954994e-07
3534,-1.5508700457189661e-07
3096,-1.5776618056406733e-07
1284,-1.5974984535205294e-07
2781,-1.5989247259540207e-07
2404,-1.6020332793686975e-07
569,-1.60417627625975e-07
3350,-1.6350107756579746e-07
3755,-1.64681686953827e-07
4187,-1.6489143206399604e-07
2549,-1.6499074462217322e-07
4440,-1.6561144633442382e-07
541,-1.6689882897935604e-07
2571,-1.708583781123707e-07
2295,-1.7142763653055226e-07
1805,-1.7565925958251682e-07
4939,-1.790835923998202e-07
90,-1.796505131324011e-07
1337,-1.8009324520562586e-07
2570,-1.8030418402759096e-07
1974,-1.83213884952238e-07
3353,-1.8459462580722175e-07
4517,-1.864211753854761e-07
1138,-1.9004280460421796e-07
4119,-1.911216429562046e-07
2780,-1.9200798817564646e-07
164,-1.9325527489399974e-07
2406,-1.9368076920045496e-07
3948,-1.9459095312868158e-07
4977,-1.951949926137786e-07
4948,-1.9523575645052915e-07
994,-1.9795850647597035e-07
827,-2.077277869716454e-07
841,-2.077475613759816e-07
4769,-2.096811044793867e-07
3128,-2.1139041450624063e-07
2800,-2.1212500200817885e-07
1661,-2.1787074899748404e-07
685,-2.1878209111036995e-07
1221,-2.2006769739846277e-07
4983,-2.3561874940014604e-07
3389,-2.3911141511234746e-07
424,-2.392344811141811e-07
3664,-2.3970971341213954e-07
4524,-2.4118294561503717e-07
3518,-2.478267262517875e-07
4666,-2.4831929579249845e-07
1139,-2.494833637456395e-07
2326,-2.513266110781842e-07
4682,-2.52186964644352e-07
3224,-2.565319690006618e-07
491,-2.572033608316815e-07
4885,-2.58823149579257e-07
4857,-2.653458039958423e-07
3470,-2.6819148501999734e-07
2998,-2.6836788435957715e-07
4692,-2.737823052711974e-07
2377,-2.741778075687762e-07
664,-2.752132814975994e-07
191,-2.7997100460197544e-07
1583,-2.828931400244983e-07
2715,-2.8560116049902717e-07
1901,-2.863454682255906e-07
3578,-2.866892359065787e-07
1502,-2.902201430288187e-07
3422,-2.9250425370719313e-07
1812,-2.929300251253153e-07
608,-2.9743593188413797e-07
3774,-2.9856936123451305e-07
4308,-2.990642968825341e-07
2517,-3.030640982615296e-07
4295,-3.0642485171483713e-07
4693,-3.0702865672083135e-07
391,-3.2243296743672545e-07
3305,-3.26983837339867e-07
1980,-3.3132452870177076e-07
3756,-3.3231175677883584e-07
1497,-3.346795836023375e-07
700,-3.356662574560687e-07
3360,-3.370713272943249e-07
2398,-3.3914798791556677e-07
985,-3.4222253475491016e-07
1791,-3.49814925471037e-07
2839,-3.5192464054034645e-07
867,-3.618173280983683e-07
716,-3.6334063224785496e-07
3049,-3.6464288655224664e-07
32,-3.784544304608062e-07
1996,-3.810738604670405e-07
1019,-3.812366173860937e-07
870,-3.9663790118993347e-07
216,-3.9702067056168744e-07
3374,-4.0498734676930326e-07
3957,-4.0535341838676686e-07
3027,-4.1206789092029794e-07
1373,-4.1212952339719777e-07
3079,-4.1430816111187596e-07
639,-4.164435409848011e-07
2654,-4.256089027876442e-07
1649,-4.3104671476612566e-07
3607,-4.331935201662418e-07
1913,-4.3326836873802677e-07
1335,-4.386755705354517e-07
4406,-4.387241006043041e-07
3119,-4.4294942824762984e-07
3696,-4.4340367821860127e-07
3568,-4.460561342511937e-07
4535,-4.5311305996165174e-07
2358,-4.5923555092031165e-07
2337,-4.952096332999645e-07
4492,-4.984860026979732e-07
518,-5.157351949947042e-07
1453,-5.196245922434173e-07
2649,-5.218231251546968e-07
1732,-5.247672163477546e-07
1346,-5.274596617255156e-07
4837,-5.287456588121131e-07
1965,-5.439236190341035e-07
3850,-5.45392737194561e-07
112,-5.458141174585762e-07
1929,-5.782249559160846e-07
421,-6.189265207012795e-07
2044,-6.35637690038493e-07
384,-6.435839452478831e-07
2958,-6.4578310343677e-07
2696,-6.497187712284358e-07
3764,-6.497940887584264e-07
4191,-6.503314011752082e-07
638,-6.512697439120529e-07
2533,-6.625362232171028e-07
4660,-6.882299032895389e-07
1623,-6.910819649874611e-07
2087,-6.988005054608948e-07
3404,-6.98903335205614e-07
4596,-7.005421593930805e-07
3881,-7.011507534571138e-07
2120,-7.578104828098731e-07
1095,-8.661640151785832e-07
1801,-9.298708505411923e-07
2033,-1.0203049214396742e-06
4053,-1.0286672704751254e-06
4855,-1.036382968777616e-06
807,-1.0398159702162957e-06
2728,-1.0421438219054835e-06
2771,-1.0493112085896428e-06
706,-1.0530143867981678e-06
3263,-1.0535412116041698e-06
1646,-1.0571563962002983e-06
209,-1.0669533025975397e-06
977,-1.1342154948579264e-06
2506,-1.1392059491299733e-06
1133,-1.2097713124603615e-06
3045,-1.2132044275858789e-06
2039,-1.2285095749575703e-06
439,-1.2474821460273233e-06
137,-1.2597766954058898e-06
950,-1.277279864098091e-06
1126,-1.3345282354748633e-06
1327,-1.3970230270388129e-06
1773,-1.4136570598566323e-06
2418,-1.4464504261013644e-06
975,-1.5608217722729023e-06
299,-1.620578700567421e-06
707,-1.6233616975114273e-06
680,-1.7334227209175879e-06
3465,-1.7429788385925349e-06
4069,-1.7628852333473333e-06
4291,-1.8389164324617013e-06
3162,-1.8481869119568728e-06
3819,-1.941251298376301e-06
4810,-1.995240438645851e-06
1685,-2.0126793742747395e-06
630,-2.0759438257300644e-06
4520,-2.2376082142727682e-06
4713,-2.416241272840125e-06
2528,-2.4223296577474684e-06
4294,-2.4271665779451723e-06
1027,-2.4736460773056024e-06
702,-2.477470729900233e-06
1021,-2.508923898858484e-06
2242,-2.518098540349456e-06
3716,-2.543777554819826e-06
1317,-2.65513824615482e-06
1853,-2.6556044758763164e-06
4380,-2.7257132160229958e-06
4746,-2.7459356033432414e-06
1117,-2.796083322209597e-06
797,-2.8563866862896248e-06
2311,-2.982711976073915e-06
980,-3.321939288980502e-06
2770,-3.3765525131457252e-06
596,-3.402157744858414e-06
473,-3.476354891063238e-06
1790,-3.6371377518662484e-06
246,-3.748266749425966e-06
2155,-3.785194962802052e-06
2895,-3.962617029173998e-06
2426,-4.878284471487859e-06
1224,-5.258639703242807e-06
1471,-5.352011385184596e-06
1528,-5.4080730933492305e-06
1183,-5.719622322430951e-06
55,-5.984929202895728e-06
3001,-6.568621756741777e-06
1697,-6.893253839734825e-06
2462,-7.770002412144095e-06
3613,-8.347289622179233e-06
1323,-1.008716071737581e-05
2024,-1.0457214557391126e-05
2701,-1.058598263625754e-05
3661,-1.144858015322825e-05
4381,-1.1489921234897338e-05
4592,-1.2571920251502888e-05
4918,-1.3071799912722781e-05
1584,-1.3653082078235457e-05
4275,-1.3877621768187964e-05
4379,-1.4110854408500018e-05
2930,-1.4644693237642059e-05
1684,-1.6023029274947476e-05
2727,-1.765971137501765e-05
1146,-2.1085789740027394e-05
115,-2.1535113774007186e-05
128,-2.197864705522079e-05
4074,-2.3282896108867135e-05
4161,-2.8693817512248643e-05
4416,-2.950347425212385e-05
1880,-3.213335185137112e-05
4071,-3.591952372516971e-05
3993,-4.670979433285538e-05
2813,-4.732130400952883e-05
3494,-4.983614599041175e-05
