Train_ID,Score
2639,1.5824439742573304e-05
2282,1.4182762697600992e-05
4125,1.3780281278741313e-05
2135,1.1077702765760478e-05
3154,1.0367047252657358e-05
1441,1.0239330094918841e-05
4164,1.011879749057698e-05
3158,8.919319498090772e-06
2936,8.511407031619456e-06
3559,8.505567620886723e-06
3107,8.489733318128856e-06
4172,8.132044058584142e-06
3308,8.06781099527143e-06
2264,7.502105063394993e-06
883,7.37820391805144e-06
4217,6.747986844857223e-06
1285,6.3955940277082846e-06
936,6.120537364040501e-06
3477,5.7909155657398514e-06
4765,5.7082677358266665e-06
2131,5.571298288487014e-06
3683,5.506103889274527e-06
1326,5.470897804116248e-06
4420,5.382301878853468e-06
2098,5.365738843465806e-06
2821,4.96977645525476e-06
2856,4.856724444834981e-06
3203,4.6076263515715254e-06
195,4.572619218379259e-06
3104,4.355761120677926e-06
2270,4.317908633311163e-06
4171,4.171054115431616e-06
1975,3.924939392163651e-06
4756,3.800745389526128e-06
3482,3.7022864489699714e-06
3566,3.6108405083723483e-06
3455,3.608870201787795e-06
2059,3.4632395227163215e-06
4269,3.4340822594458587e-06
4984,3.4147508358728373e-06
2737,3.2376124181610066e-06
4182,3.20009144161304e-06
1231,3.171923708578106e-06
2766,3.0911138537703664e-06
1943,3.059447635678225e-06
4758,3.023003841917671e-06
746,3.0163020028339815e-06
140,2.9706297937082127e-06
2334,2.9635762075486127e-06
310,2.9226119977465714e-06
1917,2.9204858265075018e-06
1123,2.9058401196380146e-06
1662,2.8714960080833407e-06
2439,2.8667896003753413e-06
4721,2.853210276043683e-06
3532,2.8268432288314216e-06
3314,2.8260553790460108e-06
1761,2.7947081662205164e-06
2913,2.7869967880178592e-06
4339,2.786786922115425e-06
174,2.7865303309226874e-06
1567,2.7847971750816214e-06
3453,2.7837958214149694e-06
2725,2.7820278774015605e-06
4475,2.7560801072468166e-06
4851,2.7393251684770803e-06
1933,2.7383980523154605e-06
3582,2.7016852754968568e-06
2158,2.6791365144163137e-06
186,2.6383492013337673e-06
4773,2.6266723125445424e-06
792,2.6122049803234404e-06
2301,2.5526572926537483e-06
4971,2.5122678835032275e-06
730,2.425389766358421e-06
4463,2.4218335283876513e-06
2368,2.421450972178718e-06
1632,2.3817513010726543e-06
4771,2.344810468457581e-06
2219,2.3111697373678908e-06
2313,2.3092496803656104e-06
4022,2.301366521351156e-06
923,2.3008728931017686e-06
4618,2.2998077611191547e-06
3899,2.2934317485123756e-06
4514,2.263386591039307e-06
3553,2.24591065034474e-06
1515,2.2235651044866245e-06
3297,2.221961153736629e-06
4483,2.2163819721754408e-06
3952,2.196010541410942e-06
4112,2.1877251583646284e-06
4974,2.134844407919445e-06
239,2.1276983943607775e-06
3176,2.0888008975816774e-06
4874,2.0877047290923656e-06
1717,2.082394757962902e-06
2950,2.073665257285029e-06
1324,2.0723725810967153e-06
1390,2.0711420916086354e-06
3388,2.063990223177825e-06
2543,2.0060525116605277e-06
364,1.9711690129042836e-06
4216,1.9396080119804537e-06
3857,1.8898671214628848e-06
2414,1.8850352034860407e-06
4103,1.8352236565988278e-06
1144,1.8212372197012883e-06
1258,1.8143933289138658e-06
1061,1.812327639072464e-06
42,1.8075917296300759e-06
2636,1.7954004079001606e-06
2610,1.7753502561390633e-06
4293,1.7693581071398512e-06
2277,1.7662068216850457e-06
1089,1.7461736092627689e-06
1681,1.7375740526404115e-06
3640,1.7353087855553895e-06
4962,1.718670716854831e-06
866,1.7159881053885329e-06
4548,1.7084222463381593e-06
3310,1.686166854142357e-06
2794,1.6727765910218295e-06
4091,1.6711983334971592e-06
2391,1.6540605543013953e-06
4084,1.6492440977344813e-06
2846,1.6484480624967546e-06
3956,1.6472858419547265e-06
1688,1.6419049870819435e-06
2909,1.6388703443226404e-06
369,1.6366312820537132e-06
3072,1.6282148749269254e-06
4928,1.6037074033192766e-06
3816,1.6010812373679073e-06
102,1.5795761783010676e-06
3823,1.5768833350193745e-06
1067,1.5689174119870586e-06
1079,1.5579872183479893e-06
2776,1.5494175045205338e-06
3972,1.549273690670816e-06
4160,1.5052985418151366e-06
3712,1.4925137747923145e-06
3687,1.4891351725054847e-06
1816,1.486453584220726e-06
1795,1.484279380292719e-06
4288,1.4707658237966825e-06
3430,1.4668538597106817e-06
4239,1.4637671483797021e-06
4783,1.4529416034747555e-06
500,1.4296338122221641e-06
1640,1.4139762924969546e-06
3004,1.4119610796115012e-06
261,1.4036537550055073e-06
4153,1.4018905858392827e-06
2309,1.3792092659059563e-06
4310,1.3761962236458203e-06
531,1.36733285671653e-06
1744,1.3567333780883928e-06
3544,1.3490015362549457e-06
4658,1.3379758456721902e-06
1412,1.3335284734239394e-06
1529,1.3322970175977389e-06
744,1.3285717841426958e-06
2578,1.3250318033897202e-06
4146,1.3193036920711165e-06
1960,1.3156923728274705e-06
1236,1.3150167887943098e-06
635,1.3115391652718245e-06
1422,1.3069657711639593e-06
4227,1.3065020993963117e-06
2284,1.3037292774242815e-06
3635,1.2914131843899668e-06
3446,1.2804807738575619e-06
459,1.2779674420926312e-06
3175,1.2779493090420146e-06
3447,1.2733412972920632e-06
63,1.2733171956824663e-06
3992,1.2579534995893482e-06
2154,1.2525022157205967e-06
2918,1.249824720161996e-06
2796,1.2388815662234265e-06
2383,1.2246111396052584e-06
4921,1.2239376587785955e-06
2430,1.2233495567670616e-06
567,1.2192012377454375e-06
4008,1.2170768286523526e-06
661,1.2151925830039545e-06
297,1.208207436320663e-06
892,1.2081205795766436e-06
3893,1.2051114026689902e-06
640,1.1950806424465554e-06
1587,1.1882393096129817e-06
2991,1.1850277701341838e-06
4936,1.183439508167794e-06
2658,1.183410915928107e-06
67,1.175726822566503e-06
1452,1.1703432960530336e-06
2061,1.1687661753967404e-06
166,1.1683827096931054e-06
2871,1.158787995336752e-06
4610,1.1512217383824463e-06
3619,1.145014493886265e-06
1916,1.1346986639182433e-06
2073,1.1305012321827235e-06
745,1.1283624417046667e-06
2902,1.1199053346899746e-06
726,1.1159649488945433e-06
4261,1.1159461905663193e-06
2923,1.1140668334519432e-06
2022,1.1073211112488934e-06
4281,1.1045807468690327e-06
2226,1.1033149007744214e-06
3368,1.1014153642463498e-06
75,1.0959049063785642e-06
3557,1.0943464303636574e-06
1642,1.0913420851466071e-06
1012,1.084785594684945e-06
915,1.0788022564156563e-06
1755,1.071688757292577e-06
2663,1.0708317290664127e-06
4841,1.067167602286645e-06
298,1.0595652497613628e-06
3141,1.0557449741099845e-06
3065,1.054662959631969e-06
4311,1.0538099672885437e-06
4082,1.0395856975264905e-06
1189,1.0392623153165914e-06
754,1.0362160764998407e-06
1705,1.0340533549424435e-06
2209,1.0339673792714166e-06
3846,1.0329501094474836e-06
2171,1.032145632962056e-06
916,1.0320283934106556e-06
4947,1.0304823661044793e-06
3883,1.0281738127559947e-06
3056,1.0180876870435895e-06
804,1.013877664490792e-06
1876,1.0124824996182724e-06
1758,1.0079152730213536e-06
4176,1.0044661848951364e-06
1899,9.998374821407197e-07
4879,9.991741762860329e-07
4338,9.984648841054877e-07
1806,9.943073848717177e-07
961,9.871021120488876e-07
1511,9.806074388052366e-07
2350,9.78157629560883e-07
1554,9.772272164809692e-07
3190,9.768869517756684e-07
3710,9.758703924944712e-07
234,9.74541421783215e-07
3693,9.73203157172975e-07
3354,9.706964476663416e-07
2826,9.633286026655696e-07
4854,9.610304232410272e-07
1569,9.597142138773052e-07
1218,9.589756189143372e-07
1751,9.589396654519078e-07
2617,9.540072483105178e-07
1769,9.539488416976383e-07
4529,9.529361477689235e-07
3573,9.51321226239088e-07
2723,9.498125734808127e-07
3256,9.429996623566694e-07
3907,9.387444777075871e-07
2036,9.361910429106501e-07
675,9.331169508186576e-07
438,9.209036022639339e-07
4905,9.206344770973374e-07
1039,9.184328177980206e-07
1417,9.163047991478379e-07
2501,9.15910248977525e-07
3714,9.135525544934353e-07
4390,9.107429264076927e-07
328,9.095966788663645e-07
3028,9.092281629818899e-07
757,9.011700683458912e-07
1503,8.902123624920932e-07
177,8.901721457732492e-07
2749,8.882516056019085e-07
989,8.846365062709083e-07
3232,8.845523495892849e-07
4531,8.835851303956588e-07
2644,8.773546653628728e-07
2787,8.771971806709189e-07
4304,8.75121116905575e-07
2633,8.750097606480267e-07
875,8.74706614695242e-07
2855,8.739630459331238e-07
4822,8.674759612858907e-07
3439,8.670485840411857e-07
4890,8.623917437944328e-07
363,8.579727079904842e-07
4327,8.567206464249466e-07
1201,8.51526891665344e-07
3552,8.468770715808205e-07
1721,8.468016687857016e-07
4289,8.405156108892697e-07
4170,8.403620483932173e-07
1723,8.374957758405799e-07
1227,8.366864960862586e-07
446,8.363779500086821e-07
4508,8.346602839992556e-07
1607,8.309335726153222e-07
1838,8.308252574806829e-07
692,8.298154341446207e-07
648,8.289504194181063e-07
4763,8.278947802864423e-07
1898,8.191321967387921e-07
4897,8.112750720101758e-07
2470,8.106589746148529e-07
1852,8.085714284788992e-07
3098,8.079412054939894e-07
4421,8.062913821049733e-07
895,8.032978939809254e-07
4234,8.029170146528486e-07
4544,8.01141624151569e-07
393,8.005224003682088e-07
3784,7.996627573447768e-07
3931,7.987730725744768e-07
751,7.971334525791463e-07
2057,7.923990494873578e-07
1833,7.881340309268126e-07
1579,7.849881171750894e-07
4916,7.847104654956638e-07
4777,7.801285448749695e-07
2679,7.762692177948338e-07
1660,7.740626983832044e-07
4102,7.732134861271334e-07
790,7.732122355719184e-07
1413,7.696951627167437e-07
1578,7.658368588181474e-07
2344,7.639613386345445e-07
4687,7.605121936649084e-07
2710,7.594988744585862e-07
882,7.562221924217738e-07
4122,7.54497506250118e-07
3586,7.503193728553015e-07
56,7.487982998100051e-07
574,7.46958164654643e-07
1498,7.450511816387007e-07
1983,7.450048826740385e-07
2363,7.444927234701026e-07
4209,7.430653283790889e-07
669,7.40091451234548e-07
3699,7.397967465294641e-07
4867,7.380689908131899e-07
1266,7.374213168986898e-07
2835,7.359164726494782e-07
4509,7.333077007842803e-07
1893,7.331365452500904e-07
2223,7.313520313800836e-07
670,7.272486755027785e-07
1304,7.248456483921473e-07
1466,7.228402978398663e-07
1914,7.222691351671529e-07
2237,7.213688775209448e-07
984,7.211563683995337e-07
1813,7.201690266356309e-07
2921,7.183552099832013e-07
2899,7.173857738962397e-07
1676,7.146050791106973e-07
4838,7.143967479805724e-07
211,7.14330553819309e-07
2801,7.134122199659032e-07
2451,7.068125285059068e-07
3618,7.018195447017206e-07
2272,6.992235341840569e-07
2321,6.946958990283747e-07
4375,6.929868447969056e-07
4521,6.92799858370563e-07
671,6.913185472967598e-07
3612,6.791500481995172e-07
165,6.789028930143104e-07
2493,6.78308225587898e-07
3572,6.745830489762739e-07
442,6.722405032633105e-07
2497,6.719038765368168e-07
1391,6.715037557114556e-07
4564,6.699130210563453e-07
288,6.676715145204071e-07
3024,6.670005348041741e-07
3771,6.669990568752837e-07
1414,6.660189342255762e-07
739,6.627428206229524e-07
3558,6.622829005209496e-07
4400,6.571744108896382e-07
4290,6.568293713371531e-07
3010,6.549211946094147e-07
3226,6.544137534092442e-07
3459,6.538370769249013e-07
3516,6.525126252654445e-07
154,6.523924014345539e-07
2547,6.516558244129556e-07
819,6.504583893729432e-07
2189,6.49150621256922e-07
4365,6.451117826600239e-07
1397,6.445192184401094e-07
3651,6.419487021958048e-07
3985,6.406943384718033e-07
939,6.388104907273373e-07
71,6.358590951549559e-07
3365,6.354231345540029e-07
2612,6.34770714214028e-07
411,6.338529772165202e-07
621,6.295835532910132e-07
2513,6.28347294195919e-07
1305,6.269235370837123e-07
4633,6.247535395687009e-07
3996,6.212604830579949e-07
3745,6.201975111252978e-07
1192,6.198069684160146e-07
1232,6.152462503905554e-07
4013,6.107299270752264e-07
4152,6.102359009219072e-07
3570,6.059529766844207e-07
872,6.053699337371654e-07
2954,6.050918557320983e-07
4254,6.048973091310472e-07
4398,6.047814622434089e-07
4238,6.037898003796727e-07
3863,6.031322072885814e-07
600,6.014637961015978e-07
1961,5.99509633048001e-07
4876,5.972301835299731e-07
4541,5.965989942069427e-07
598,5.9535068430705e-07
193,5.94791174535203e-07
396,5.94336654557992e-07
3747,5.928847315317398e-07
1506,5.915109966281307e-07
451,5.904748263674264e-07
437,5.887924601211125e-07
3905,5.877975581825012e-07
4565,5.875613169337157e-07
1906,5.805938201319805e-07
2975,5.803329372611188e-07
2653,5.79337608996866e-07
2046,5.769318534021295e-07
1518,5.702960663711565e-07
126,5.688411022219952e-07
2066,5.678550962784357e-07
1941,5.661499926645774e-07
1351,5.640517883875873e-07
483,5.602288410955225e-07
3506,5.602112764790945e-07
3174,5.596685070941021e-07
2793,5.585911537764332e-07
2840,5.578198170042015e-07
2784,5.577153103786259e-07
1797,5.545511498894484e-07
1318,5.544537486912304e-07
1350,5.537633569474565e-07
355,5.530555426958017e-07
3016,5.519294461464597e-07
3103,5.511871847829752e-07
615,5.511071776709286e-07
485,5.493603509876266e-07
306,5.487391092628968e-07
3201,5.486535314958019e-07
1329,5.47170458276014e-07
4177,5.423506763690966e-07
4847,5.416214889919502e-07
4045,5.415541579623095e-07
3999,5.411881147665554e-07
3473,5.401950176064929e-07
3725,5.386183090649865e-07
4542,5.377699352493437e-07
3753,5.375654552608466e-07
1507,5.370258122638916e-07
4868,5.366447908272676e-07
3741,5.343322868611722e-07
1122,5.342283344589305e-07
709,5.331506542916031e-07
1752,5.316337308158836e-07
4861,5.309402695274912e-07
2393,5.298639962347806e-07
3460,5.272772511943913e-07
167,5.242223721779737e-07
2070,5.236993558810354e-07
2845,5.222799757120811e-07
1216,5.207852211697173e-07
3644,5.204654200952064e-07
857,5.20399723313858e-07
383,5.195949484004814e-07
3298,5.186520297684183e-07
3071,5.174849491140776e-07
2999,5.168058123672381e-07
4371,5.147248884895816e-07
2389,5.135113383403223e-07
1347,5.134229468239937e-07
1564,5.130657427798724e-07
3703,5.120444654949097e-07
3623,5.115541910072352e-07
4452,5.107185927499813e-07
4706,5.106199978399673e-07
1102,5.083317944354349e-07
3672,5.081083713776025e-07
415,5.056947856019178e-07
4061,5.053455112147276e-07
3523,5.05334213585229e-07
493,5.050513323112682e-07
1212,5.047926663337421e-07
2542,5.031325258642028e-07
4683,5.028679765928246e-07
1619,5.020912539066558e-07
4134,5.017182189703817e-07
4834,5.004424252774697e-07
4753,5.003073937359659e-07
1614,4.994395510493632e-07
3673,4.985799222367859e-07
919,4.982096868388908e-07
1647,4.97940675359132e-07
3684,4.977444660880792e-07
2877,4.963229542909176e-07
4411,4.944466525103053e-07
1822,4.939305426887586e-07
636,4.929352002136511e-07
534,4.923483203356227e-07
4999,4.921722904782655e-07
4329,4.900066699065064e-07
4513,4.877209676124039e-07
3677,4.870763063991035e-07
3412,4.864689344685758e-07
2182,4.845948069487349e-07
1738,4.845194894187443e-07
1495,4.837188214423804e-07
4968,4.816825622810939e-07
1754,4.81207976577025e-07
3833,4.808287741298045e-07
752,4.793257488699965e-07
2865,4.785203060464482e-07
4700,4.782684897008949e-07
16,4.774713744382098e-07
2356,4.772459476498625e-07
368,4.7609918851776456e-07
607,4.760491947308765e-07
3562,4.7540920888877736e-07
3479,4.7445161044379347e-07
4399,4.728609894755209e-07
1269,4.723631263914285e-07
4343,4.715904111662894e-07
4272,4.6896559524611803e-07
1158,4.684247159048027e-07
4943,4.6584769108903856e-07
532,4.645967806027329e-07
4892,4.6376233342471096e-07
3284,4.633205747950342e-07
3668,4.6265336095530074e-07
2579,4.624872786962442e-07
1562,4.603171390726857e-07
1454,4.6025606081911974e-07
2236,4.5935752268633223e-07
4511,4.5879205856635963e-07
3860,4.575203433887509e-07
4109,4.5731079012512055e-07
1855,4.564985829347279e-07
2907,4.5578931917589216e-07
3456,4.5554328664820787e-07
3560,4.554544972279473e-07
4501,4.5422260086525057e-07
4241,4.5231979584059445e-07
4044,4.516791136666143e-07
465,4.492887342166796e-07
255,4.4828976797361975e-07
1022,4.4671152465980413e-07
3126,4.466885741294391e-07
1475,4.4654365183305345e-07
663,4.458841971199945e-07
4998,4.4564717427419964e-07
3512,4.4433009804834e-07
4313,4.4378160168889735e-07
4619,4.435709541894539e-07
1596,4.428301281222957e-07
24,4.411578231611202e-07
4250,4.406830811376494e-07
1505,4.401963025202349e-07
2514,4.387087528812117e-07
1667,4.3845339803283423e-07
3615,4.3621895429168944e-07
747,4.3564070040247316e-07
2948,4.3544895333980094e-07
3960,4.3537849592212297e-07
4001,4.3386467041273136e-07
1516,4.3306614827542944e-07
748,4.323576234810389e-07
2933,4.2975975134140754e-07
4796,4.2915438314139465e-07
1427,4.2827186064187117e-07
1169,4.274546654414735e-07
3585,4.2730459881568095e-07
3151,4.248463767453359e-07
273,4.245662239554804e-07
4800,4.2129495625431446e-07
6,4.198911938146921e-07
2222,4.189099200857527e-07
2355,4.1841323650260165e-07
1701,4.157470243626449e-07
3751,4.151164461063672e-07
4723,4.1431439967709593e-07
4617,4.142474523405326e-07
619,4.132270845502717e-07
2076,4.1145010243326396e-07
1787,4.0951887569917744e-07
4714,4.093762981938198e-07
1766,4.067328234214074e-07
180,4.0531898548579193e-07
4637,4.0468323447839794e-07
1365,4.044620283139011e-07
2629,4.036711089838718e-07
2348,4.0316203353540914e-07
4667,4.0225296515927766e-07
4491,4.0177958737785957e-07
788,4.0164506742712547e-07
1748,4.007685419082918e-07
4567,4.0004418622174853e-07
4697,3.99293796249367e-07
4252,3.9842259980105155e-07
4705,3.983696643672374e-07
4055,3.9734693757509376e-07
4208,3.972679962771508e-07
809,3.9638004523112613e-07
3908,3.963448591548513e-07
182,3.9511508020950714e-07
3888,3.945559541307375e-07
4976,3.9269471585612337e-07
2697,3.9116788741466735e-07
693,3.911403467782293e-07
3139,3.9105242422010633e-07
595,3.9051428757375106e-07
3429,3.895248568142051e-07
3431,3.891922091270317e-07
3726,3.886160016008944e-07
2530,3.8826244974643487e-07
2609,3.8791588963249524e-07
85,3.873041265478605e-07
2124,3.866604032509713e-07
138,3.8559028325835243e-07
213,3.8238391653067083e-07
2814,3.8131874191549286e-07
1332,3.807762851693042e-07
2920,3.803317270012485e-07
4354,3.803222909937176e-07
3442,3.7944968767078535e-07
573,3.7903340910361294e-07
4875,3.7864789703689894e-07
2946,3.78587017735299e-07
4404,3.780681083753734e-07
1501,3.7792416662796313e-07
19,3.7766476168599183e-07
844,3.7723947343693e-07
4552,3.763683622537428e-07
4789,3.756398569976227e-07
830,3.755448574338516e-07
4244,3.7154575238673715e-07
3800,3.7150482512515737e-07
1421,3.706475695253175e-07
3845,3.6970475036923744e-07
874,3.696163588529089e-07
86,3.691874610467494e-07
689,3.6840471295818134e-07
633,3.679947866430666e-07
1134,3.671769945867709e-07
4425,3.6619391607928264e-07
592,3.660000800209673e-07
2054,3.638495940094799e-07
1386,3.6228806266080937e-07
4612,3.618053483478434e-07
2230,3.61586515396084e-07
908,3.605806853101967e-07
2489,3.577368943297188e-07
967,3.575626834617651e-07
1272,3.5734163361667015e-07
4221,3.562009425195356e-07
1628,3.5597064140802104e-07
4965,3.5530179331999534e-07
2041,3.5506829476616986e-07
2818,3.541114637073406e-07
58,3.538371942113372e-07
1211,3.530857100031426e-07
3099,3.523453386833353e-07
1565,3.5062394942997344e-07
4358,3.5043645141286106e-07
3327,3.5040018531162787e-07
652,3.4895096234777156e-07
1616,3.4672686410885944e-07
4163,3.457943336115932e-07
769,3.449229524221664e-07
2278,3.448511307624358e-07
4320,3.448025580610192e-07
1588,3.4463130305084633e-07
791,3.4388077096991765e-07
1617,3.4314115282541024e-07
3605,3.418688692136129e-07
2040,3.416825506974419e-07
3379,3.4163566908773646e-07
2763,3.4156816752783925e-07
198,3.4064905207742413e-07
1982,3.404310433552382e-07
307,3.4035907958696043e-07
1150,3.4006471594238974e-07
4274,3.367748462324016e-07
2007,3.3615266659126064e-07
913,3.3404543842152634e-07
1045,3.337663514457745e-07
1737,3.3352193895552773e-07
1190,3.3314429970232595e-07
2779,3.331007718543333e-07
1765,3.312999012905493e-07
948,3.305518703200505e-07
4566,3.302386062387086e-07
371,3.288817538305011e-07
1629,3.2801813176774886e-07
1581,3.274419810850304e-07
3513,3.271257043024889e-07
554,3.266647468080919e-07
1559,3.2537738547944173e-07
4709,3.248859457016806e-07
2395,3.2482981282555556e-07
3496,3.244875159680305e-07
962,3.2408019023932866e-07
2011,3.2374457248351973e-07
325,3.2338685684862867e-07
3842,3.204069400908338e-07
1240,3.196862934373712e-07
2743,3.1959584134710894e-07
4205,3.18991922654277e-07
4438,3.1753228313391446e-07
3326,3.172966671627364e-07
3329,3.1502709418873565e-07
3003,3.145213014477122e-07
684,3.1451632764856186e-07
4724,3.1414316481459537e-07
4016,3.14055512262712e-07
2457,3.1345682316441525e-07
3499,3.133025359147723e-07
1193,3.131709860326737e-07
359,3.1302232628149795e-07
1664,3.1160303137767187e-07
988,3.1146393553171947e-07
4441,3.1054891280746233e-07
4549,3.10501775402372e-07
2330,3.1039489556405897e-07
546,3.0978044662788307e-07
1159,3.0734872780158184e-07
3504,3.067649885224455e-07
1002,3.064707954081314e-07
2366,3.0520091343078093e-07
2843,3.051118966368449e-07
3505,3.036209079709806e-07
891,3.016215543993894e-07
2343,3.003055297767787e-07
379,3.000769623895394e-07
3706,2.9942235357793834e-07
781,2.9921837096935633e-07
2056,2.988415133131639e-07
3316,2.9866349393614655e-07
1829,2.9844046878224617e-07
3147,2.9778442467431887e-07
3493,2.970561610027289e-07
1353,2.96308982683513e-07
407,2.962652985161185e-07
2420,2.962537166695256e-07
833,2.958099400984793e-07
1566,2.9502470511033607e-07
266,2.948836907989971e-07
2208,2.941530112821056e-07
4081,2.93882493451747e-07
3262,2.932074067985013e-07
2889,2.931626283952937e-07
3338,2.9309553895018325e-07
3722,2.919595942785236e-07
3964,2.9176977989209263e-07
2540,2.910575460646214e-07
2822,2.9019484770742565e-07
714,2.8964582554635854e-07
2908,2.886102095089882e-07
2435,2.88255193936493e-07
4605,2.8782139338545676e-07
4207,2.873133837510977e-07
1780,2.869718827014367e-07
3580,2.8651348316088843e-07
4323,2.858897829582929e-07
4955,2.8565274590164336e-07
1768,2.8470383028889046e-07
3249,2.843522111106722e-07
2613,2.83996598682279e-07
2893,2.838290669160415e-07
533,2.8345240821181505e-07
3936,2.832396148733096e-07
237,2.822397533464027e-07
2906,2.8176880562114093e-07
204,2.8155753284409e-07
300,2.7986425266135484e-07
1777,2.7948453862336464e-07
290,2.792837960896577e-07
4624,2.7867061191955145e-07
4591,2.7819621095659386e-07
1560,2.775396268361874e-07
2798,2.765008986216344e-07
2341,2.7618975195764506e-07
3378,2.7569777216740476e-07
4755,2.7442064265414956e-07
398,2.737617421644245e-07
4695,2.7324186646637827e-07
4147,2.722148479961106e-07
3356,2.7159182991454145e-07
3420,2.7103040167730796e-07
4408,2.709612800799732e-07
2419,2.707930661927094e-07
4368,2.704543220488631e-07
1312,2.698469927508995e-07
4389,2.6951487086535053e-07
4538,2.6829302157693746e-07
4353,2.6821923881925613e-07
4130,2.681739630361335e-07
4301,2.680267101595746e-07
4982,2.679517763226613e-07
133,2.6790107909846483e-07
2008,2.676815356039697e-07
3025,2.676193275874539e-07
2955,2.6668384123240685e-07
4539,2.661063689401999e-07
4863,2.660218427763539e-07
2280,2.652896142762984e-07
2159,2.649478858529619e-07
203,2.6481880865958374e-07
1082,2.646043526510766e-07
1923,2.644202510282412e-07
3934,2.640993699287719e-07
3902,2.6374857498012716e-07
3195,2.632777551525578e-07
1449,2.631284843346293e-07
576,2.627954103218144e-07
1428,2.624581014742944e-07
1712,2.6217902870939724e-07
3318,2.6198365787877265e-07
2527,2.612084202269216e-07
3243,2.6101915295839717e-07
849,2.607387301623021e-07
2887,2.602812756435924e-07
441,2.5994659580419466e-07
2244,2.5988241247887345e-07
813,2.5896548550008447e-07
66,2.585751914807588e-07
1298,2.5843337425612845e-07
3032,2.580818545538932e-07
4803,2.578899369609644e-07
2232,2.565544363619665e-07
2690,2.5615433685288735e-07
3965,2.5604768438824976e-07
4950,2.55462168752274e-07
3301,2.544177348795529e-07
2082,2.5390533409108684e-07
3038,2.536782943707294e-07
326,2.5251102897527744e-07
1763,2.51962696040664e-07
3366,2.512152050826444e-07
3527,2.5090445632258707e-07
4590,2.507555691977359e-07
1028,2.4987011215671373e-07
4054,2.497577185067712e-07
1003,2.4945841659018697e-07
2687,2.4908802487288995e-07
2448,2.488289965185686e-07
38,2.48252305823371e-07
1310,2.4814690391394834e-07
4745,2.47555554722112e-07
1394,2.468883337769512e-07
1834,2.465282591401774e-07
3849,2.4626847761055615e-07
1699,2.4600333858870727e-07
4095,2.4585750679761986e-07
2405,2.457631183006015e-07
1683,2.444754585440023e-07
2097,2.443019653242118e-07
1904,2.4411021826153956e-07
555,2.4403209408774273e-07
1535,2.431076495668094e-07
2307,2.427879692845636e-07
4026,2.420169238348535e-07
1387,2.410335682156983e-07
2216,2.403717473953293e-07
1793,2.403245886739569e-07
1154,2.4025302280961114e-07
3998,2.4024350153695195e-07
2410,2.3681355543203608e-07
3748,2.3672091487014768e-07
1339,2.3641042190547523e-07
4030,2.362321325222183e-07
4639,2.35937299919442e-07
3783,2.3340248844760936e-07
2666,2.3199763887760128e-07
1674,2.3184566089184955e-07
486,2.3106895952196282e-07
4409,2.3106247226678533e-07
4277,2.3097540946537265e-07
1034,2.30906508136286e-07
3749,2.307902207121515e-07
4500,2.3074181143556416e-07
2176,2.3065785370590675e-07
362,2.2990615633489142e-07
1486,2.289241294306521e-07
3808,2.288797347205218e-07
4260,2.286332190237772e-07
3529,2.2820912448651143e-07
2738,2.277499149272444e-07
2259,2.2544953992564842e-07
3589,2.253471009794339e-07
1469,2.247046140269049e-07
2982,2.2403615673738386e-07
3520,2.2283252576471568e-07
3903,2.2262550913865198e-07
1985,2.225102733177664e-07
3717,2.2225420082122582e-07
1233,2.2223375140129065e-07
1859,2.2214473460735462e-07
1059,2.220273600528344e-07
2013,2.2191411375160897e-07
4094,2.2142200606367624e-07
3052,2.2066654281616138e-07
1280,2.20328352895649e-07
725,2.2023016299499432e-07
3768,2.202254734129383e-07
1105,2.1989789900089818e-07
2403,2.1949068695903406e-07
734,2.1931536764441262e-07
188,2.1910471303954182e-07
4297,2.1902167191001354e-07
1480,2.1853620779666016e-07
3757,2.1785464809909172e-07
4188,2.1764240187849282e-07
3434,2.1720666154578794e-07
4871,2.1701128360973598e-07
469,2.1698635066513816e-07
4012,2.1677638528672105e-07
277,2.1631272772992816e-07
3785,2.1588516574411187e-07
44,2.1577089626134693e-07
2336,2.1537074701427628e-07
2260,2.1523479176721594e-07
3646,2.151868017108427e-07
620,2.1464893507072702e-07
2252,2.1408152406365843e-07
3944,2.1395105420651817e-07
3890,2.1359907265150468e-07
1364,2.1304047237435952e-07
668,2.1285989504349345e-07
3606,2.1265086758148755e-07
2290,2.126149780679043e-07
2093,2.120869879718157e-07
2516,2.1108196790464717e-07
4893,2.1088069956931577e-07
4336,2.1070252387289656e-07
2333,2.1026416163749673e-07
4246,2.076975533782388e-07
3782,2.065531177208868e-07
2003,2.0608960937806842e-07
3095,2.058963701756511e-07
3163,2.0571545178427186e-07
4944,2.0506599440750506e-07
4594,2.0505952136318228e-07
736,2.0497144959108482e-07
143,2.0427184210802807e-07
1077,2.0414690737879937e-07
1963,2.02958155171018e-07
1997,2.0271252054726574e-07
2452,2.0153834157099482e-07
296,2.0148137735986893e-07
1090,2.0146731571912824e-07
527,2.010751884995443e-07
2352,2.0089013474944295e-07
4431,2.0034132575119656e-07
4883,2.0000977229983619e-07
2832,1.9980790000317938e-07
251,1.9673627349447997e-07
4836,1.9645839444137891e-07
93,1.963547617833683e-07
1302,1.9593958455743632e-07
1066,1.9588057398323144e-07
556,1.950607071421473e-07
2063,1.9428534869803116e-07
2987,1.9387437788509487e-07
712,1.9311297450030906e-07
1406,1.9308726706412926e-07
229,1.9207393364695236e-07
111,1.918543901524572e-07
3636,1.9134733264536408e-07
1290,1.9045952370788655e-07
1538,1.8978249727297225e-07
2083,1.8862761663740457e-07
3989,1.8819823566218474e-07
2443,1.880956119748589e-07
1023,1.8807659785124997e-07
3598,1.8795515188685386e-07
4661,1.8767646992046139e-07
4032,1.8710675675492894e-07
1788,1.867913681508071e-07
3563,1.859297142914329e-07
4819,1.851942030839382e-07
3554,1.8488393749294119e-07
14,1.8467796536469905e-07
3667,1.8408803725833423e-07
2169,1.839878081000279e-07
4696,1.837121317294077e-07
1162,1.834644933751406e-07
2425,1.8327565243225763e-07
4033,1.828105595791385e-07
535,1.8279511238006307e-07
1457,1.8269669510573294e-07
2627,1.8260377032675024e-07
4663,1.8223134645722894e-07
1843,1.8215232699958506e-07
1429,1.8213002306310955e-07
3584,1.8205335550192103e-07
4211,1.8200692863956647e-07
121,1.8171649429632453e-07
1677,1.8124143252862268e-07
4909,1.811186223221739e-07
3015,1.8108125487970028e-07
3386,1.8088361031232125e-07
549,1.8060286777199508e-07
2014,1.8020042347188792e-07
104,1.799100530774922e-07
3136,1.7950605268879372e-07
3410,1.7944236674338754e-07
914,1.779581566552224e-07
2179,1.7793217921280302e-07
3325,1.7756553205572345e-07
1228,1.7694981124805054e-07
1557,1.7671331420388015e-07
898,1.765471466796953e-07
4456,1.7544535069191625e-07
4256,1.7519952422162532e-07
4350,1.7512159189436716e-07
408,1.7503187166312273e-07
1229,1.7376334682239758e-07
2080,1.736538948193811e-07
62,1.7365069027164282e-07
3670,1.733875691911635e-07
1473,1.727692122699409e-07
3448,1.7252416029123196e-07
1316,1.724056701846166e-07
3538,1.7214242120644485e-07
690,1.719962128277075e-07
834,1.7168925126043177e-07
4870,1.7061717727528958e-07
21,1.7051482359420334e-07
130,1.6968626681546084e-07
888,1.696218561164642e-07
3742,1.6827143412001533e-07
3500,1.6812962400081233e-07
380,1.6764412436032217e-07
2607,1.676018044349803e-07
3561,1.6706236038999123e-07
4155,1.6688100856754318e-07
662,1.6686956882949744e-07
271,1.6650695044972963e-07
2177,1.663113664562843e-07
3974,1.6598038143911253e-07
2881,1.6552633042010712e-07
4356,1.6448131390234266e-07
3886,1.642034845872331e-07
2487,1.6364096211418655e-07
33,1.6353398990531787e-07
432,1.6316020889917127e-07
943,1.6248864653789497e-07
3288,1.6227954091618813e-07
3047,1.6220013776546693e-07
178,1.6162531579766437e-07
1334,1.6129453683788597e-07
1708,1.6072706188197117e-07
1206,1.598777359390624e-07
614,1.5957884613726492e-07
1348,1.5942307385330423e-07
1846,1.5933344599261545e-07
3474,1.5920509355282775e-07
3862,1.5779448858666e-07
2824,1.5779360751366767e-07
3889,1.5774730854900554e-07
1973,1.5636552319620023e-07
381,1.5631293592832662e-07
1177,1.5607139403073234e-07
1091,1.5589148461003788e-07
2378,1.557552664621653e-07
1198,1.555070596737096e-07
4586,1.5519254503715274e-07
2502,1.551588653114777e-07
3913,1.5499595207302264e-07
3954,1.547853898387075e-07
1299,1.5436425115922248e-07
3312,1.542368011087092e-07
1863,1.5421576193830333e-07
688,1.5410845577434884e-07
4003,1.5361428040705505e-07
934,1.5355104920899976e-07
540,1.532693474359803e-07
3869,1.532088163003209e-07
3264,1.5310600787188378e-07
887,1.5302220646162823e-07
4041,1.5286398991065653e-07
1521,1.5260033592312539e-07
2327,1.5253397833703275e-07
2459,1.5223318428070343e-07
1396,1.5217452187243907e-07
1296,1.515556249387373e-07
2233,1.5146019194389737e-07
2680,1.5116834362061127e-07
1935,1.5114822105033454e-07
59,1.5093484506678578e-07
686,1.5080924953281283e-07
656,1.5056232882670884e-07
1627,1.5050714097242235e-07
3377,1.5029642241870533e-07
2884,1.499249435710226e-07
4038,1.4974119011412768e-07
4888,1.4966315120545914e-07
3567,1.490871213150058e-07
890,1.4828940209099528e-07
3148,1.4813033999416803e-07
2706,1.479520506109111e-07
1273,1.478568805168834e-07
4908,1.4779138979292838e-07
4739,1.4760185251816438e-07
2417,1.473076380875682e-07
1874,1.461486220932784e-07
4101,1.4581249274669972e-07
185,1.457656395587037e-07
2503,1.4574039397530214e-07
3089,1.4552412608281884e-07
1444,1.452398237233865e-07
3861,1.4505450707247292e-07
2268,1.4465529574181346e-07
653,1.4438722928389325e-07
3481,1.4417135218991461e-07
2491,1.4400458070440436e-07
3408,1.4367105194423857e-07
1419,1.4340318443828437e-07
4105,1.4180103136141042e-07
4056,1.412812551393472e-07
727,1.411600223377718e-07
4107,1.4113177826402534e-07
1152,1.406474652299039e-07
45,1.4045033935872198e-07
3185,1.4033788175993323e-07
3525,1.3990329250646028e-07
768,1.394974660229309e-07
3457,1.3939443022081832e-07
4092,1.3901374273928013e-07
1652,1.389011146102348e-07
1352,1.377688789716558e-07
4807,1.3756522321273223e-07
2114,1.3685592392675971e-07
3188,1.3668491050111697e-07
3978,1.365106996331633e-07
1962,1.3639412088650715e-07
3880,1.362551671491019e-07
4474,1.358134156248525e-07
343,1.357460774897845e-07
2972,1.347631766179802e-07
3424,1.3469589532633108e-07
4607,1.3437684742712008e-07
3012,1.3422185674016873e-07
951,1.3411442978394916e-07
3937,1.3406120658032705e-07
2851,1.3390276976110727e-07
4023,1.3358148009956494e-07
938,1.335231019083949e-07
644,1.3346304328365477e-07
1046,1.3328689973945984e-07
2754,1.3272577348288905e-07
3953,1.3268156351387006e-07
2971,1.32265292052125e-07
3266,1.320686138228666e-07
3197,1.3172977020303733e-07
4970,1.3171221979746406e-07
2615,1.3154204481224951e-07
2603,1.3138519960875783e-07
1006,1.3110486207779104e-07
3487,1.3008530430624887e-07
2978,1.2982414787643393e-07
1244,1.2973693230833305e-07
2385,1.2962624040824267e-07
4744,1.2921006131705326e-07
3441,1.291842117723263e-07
2298,1.2913893598920367e-07
1431,1.2894138734509397e-07
3116,1.2882920685797217e-07
903,1.288277111655134e-07
1994,1.2830088635951142e-07
1362,1.2787107550593646e-07
3901,1.2740541421862872e-07
545,1.269783602708685e-07
3997,1.2685380568200344e-07
4787,1.2658723136382832e-07
1551,1.2652337844087924e-07
2325,1.2644600033695497e-07
214,1.26367933006577e-07
4518,1.2590956899316552e-07
3909,1.2583713271396846e-07
539,1.2578850316913304e-07
2973,1.252602324086638e-07
4496,1.2507366520253527e-07
83,1.2503151580744998e-07
1725,1.2499797108489474e-07
3638,1.242572054138691e-07
603,1.238272311354649e-07
3419,1.2368263213602404e-07
2534,1.2318049158466238e-07
3182,1.229942832026154e-07
480,1.227436960959949e-07
1166,1.22527257673255e-07
27,1.2215186018238455e-07
2643,1.2202628951740735e-07
3400,1.2194125531550526e-07
3220,1.2187829057097588e-07
879,1.2187057052415184e-07
1330,1.2092258927509647e-07
4512,1.2074367461423208e-07
4405,1.207025448479726e-07
2081,1.2059553711196713e-07
228,1.2031818030777686e-07
4762,1.201234915981786e-07
2146,1.1999486204672394e-07
920,1.1966622182058018e-07
3267,1.196424364025006e-07
4273,1.1948425182595201e-07
1164,1.1928096910196473e-07
4419,1.19224345951352e-07
4476,1.1880822725629514e-07
530,1.1876074879069165e-07
1235,1.185616831378411e-07
4200,1.1828302604044438e-07
4193,1.1815548006666177e-07
3911,1.178614965624547e-07
4577,1.176745385578215e-07
445,1.17628420781557e-07
2069,1.1760636198232532e-07
3844,1.1755339102137441e-07
2665,1.1746625361297447e-07
2511,1.1680931777391379e-07
2207,1.1606190142288142e-07
4138,1.1533317234579954e-07
1016,1.1470809724301034e-07
1130,1.145899730659039e-07
2130,1.1397324328754621e-07
925,1.1378755004898267e-07
3526,1.1377851549809748e-07
3352,1.1328273785693455e-07
2340,1.1316464565425122e-07
4940,1.1313713343952259e-07
1886,1.1182140013943354e-07
605,1.118093067020709e-07
1070,1.116620005348068e-07
2870,1.1153223411497493e-07
1508,1.109222971251711e-07
1361,1.1091016105524432e-07
839,1.1074473960093201e-07
3874,1.1061660387667871e-07
3501,1.1059303872684723e-07
1609,1.1046557446547922e-07
3057,1.10022416066613e-07
1243,1.0998601496226001e-07
477,1.0966474306428609e-07
440,1.0913893433439625e-07
4808,1.0910263270602627e-07
785,1.0889493040622256e-07
99,1.0879295686549995e-07
4223,1.0877340983483919e-07
1282,1.0873018041479554e-07
4089,1.0831618979523228e-07
593,1.0794987659323851e-07
723,1.0725074517381472e-07
3824,1.0723888621555488e-07
1615,1.0718213516724973e-07
3283,1.0714536813338782e-07
2521,1.0713180031984848e-07
3064,1.0712460962736259e-07
3574,1.0709171505141057e-07
337,1.0696849983560242e-07
4423,1.0638034098064963e-07
3223,1.0621585389003485e-07
4318,1.0586390786215816e-07
3721,1.0573602082786238e-07
2474,1.0472359690538724e-07
801,1.0467375233247367e-07
3029,1.0455632803996195e-07
57,1.0426166241472856e-07
1743,1.0391276816790196e-07
2279,1.0373413772413187e-07
1300,1.0367715219672391e-07
119,1.032016143653891e-07
3294,1.0302693098651616e-07
2134,1.0289021545872856e-07
2291,1.0280582074528866e-07
2384,1.0226751712139048e-07
4629,1.0194208499569868e-07
241,1.0177562259627848e-07
2717,1.0169591391218091e-07
1321,1.0131061145557396e-07
3772,1.0127887861699492e-07
339,1.010455363825713e-07
2587,1.0091039115422973e-07
1957,1.0090301216791886e-07
278,1.0087401136615881e-07
1447,1.0044360720939949e-07
287,1.0034905173483821e-07
2828,1.0030217367784644e-07
1745,9.986958815488833e-08
4673,9.986474580614413e-08
3236,9.934750622164756e-08
3299,9.874571560430923e-08
3556,9.873481943145634e-08
743,9.862645811153925e-08
4465,9.791674671077999e-08
1958,9.788011468003788e-08
183,9.778356258038912e-08
3947,9.773603082408044e-08
43,9.759914121332258e-08
72,9.745958706730562e-08
4484,9.728435657052614e-08
4669,9.711611781426654e-08
4578,9.708438852840118e-08
789,9.641557596751227e-08
2407,9.64145989712506e-08
2890,9.633960829091848e-08
4657,9.613898654947661e-08
894,9.61274757571573e-08
3887,9.567402159404992e-08
911,9.551335367063984e-08
4832,9.532221056929302e-08
1936,9.511991549970844e-08
1053,9.483945007104921e-08
3894,9.45965723531117e-08
4436,9.456048744027612e-08
2674,9.414244317440534e-08
39,9.409002643678832e-08
4652,9.384880428342512e-08
3719,9.330221928394167e-08
156,9.313139059941022e-08
3617,9.305476922349953e-08
1203,9.304427806000604e-08
4671,9.303428782914125e-08
4249,9.279037982423688e-08
762,9.25942522655987e-08
4611,9.248762466995686e-08
931,9.23390537366231e-08
1905,9.227201402950413e-08
2096,9.217336938149856e-08
3361,9.202650019801695e-08
4601,9.166526737658387e-08
1830,9.16102109727035e-08
2172,9.160989833389976e-08
906,9.155795410720202e-08
2695,9.135030154538981e-08
4934,9.122538102701583e-08
4206,9.116547161625022e-08
1867,9.11272657333484e-08
3678,9.108416776371087e-08
2184,9.076538987073945e-08
2668,9.073962914385447e-08
254,9.041414017474381e-08
2669,8.98771830293299e-08
1104,8.939245077499436e-08
851,8.933449180403841e-08
2777,8.922422622958948e-08
289,8.890159008956289e-08
4626,8.854594213403288e-08
2879,8.849877275451945e-08
4058,8.838280507461604e-08
3991,8.834383891098696e-08
2724,8.831493047978256e-08
553,8.782567917364759e-08
2686,8.753862701382786e-08
2789,8.751016622454699e-08
4009,8.716547128528873e-08
3927,8.716421362464644e-08
2947,8.71454837181318e-08
2183,8.688723696081979e-08
4630,8.680682128670014e-08
2099,8.627948133721475e-08
28,8.618548719141472e-08
1208,8.554374986147195e-08
3885,8.502524195819205e-08
1026,8.496957448755893e-08
248,8.468078505075027e-08
3594,8.447472055195249e-08
3867,8.434438569793201e-08
2453,8.393594086442135e-08
319,8.343993584958298e-08
780,8.343223356632734e-08
643,8.332467515970166e-08
322,8.324128231151917e-08
3489,8.303463161496438e-08
1131,8.271045714991487e-08
3676,8.270490070572123e-08
25,8.211580393435725e-08
976,8.204665391531307e-08
2019,8.204651891219328e-08
3295,8.168068887925983e-08
163,8.094528070046181e-08
4768,8.090572123364836e-08
4302,8.074803758972848e-08
1525,8.064544942953944e-08
4090,8.06206372772067e-08
2573,8.059745582045252e-08
3269,8.054098188381431e-08
3055,8.036145970891084e-08
3014,8.035763698899245e-08
4319,8.027155118384144e-08
2149,8.009934404640262e-08
1648,8.002525575534492e-08
2306,7.994367479113862e-08
737,7.991958383968267e-08
4383,7.985283190237169e-08
416,7.957715553175149e-08
1836,7.950154667923925e-08
501,7.941973834135752e-08
3583,7.934070467285892e-08
2857,7.913738997444852e-08
313,7.907172161480958e-08
973,7.903640053541494e-08
2848,7.83502152046367e-08
1978,7.833075343910423e-08
2262,7.831438963989967e-08
2273,7.826661274634716e-08
4781,7.795523160325502e-08
1288,7.788200662162126e-08
2688,7.742932695009586e-08
2526,7.73980488588677e-08
463,7.726328377088976e-08
428,7.698251636156783e-08
793,7.662434953203956e-08
1686,7.60643921182691e-08
3866,7.583934902299916e-08
1979,7.512651478691623e-08
2144,7.493945020087267e-08
580,7.483615505066155e-08
632,7.449917660551364e-08
3437,7.444929650546328e-08
4328,7.422897141395879e-08
4896,7.4185212639577e-08
3565,7.412551639163212e-08
2876,7.409925117940475e-08
4975,7.40349221928227e-08
2392,7.40130694509844e-08
3259,7.390406864260513e-08
3102,7.369017396285926e-08
1101,7.36863796646503e-08
767,7.368329235646343e-08
2739,7.348696584585923e-08
23,7.347683705916097e-08
1381,7.339527385852307e-08
258,7.315487948744703e-08
77,7.269740009974157e-08
2104,7.263945889235401e-08
4025,7.248686983984953e-08
1991,7.23423845272464e-08
272,7.231564325138606e-08
1073,7.230124765555956e-08
4051,7.221628806064473e-08
3679,7.221456854722419e-08
2964,7.214708475089537e-08
3303,7.214147501599655e-08
4487,7.185829531408672e-08
3313,7.176048200108198e-08
2142,7.160560500096835e-08
4137,7.140307900499465e-08
4468,7.129239065761794e-08
1005,7.082213571152352e-08
34,7.073406038671237e-08
2548,7.060280537984909e-08
10,7.055155393231871e-08
3402,7.028408077758286e-08
3440,7.025398929272342e-08
3209,7.023091441737961e-08
1118,7.014858027787341e-08
1338,6.987061595964406e-08
590,6.92632653453984e-08
525,6.913765737692756e-08
2974,6.899193394360736e-08
403,6.874949676216602e-08
2416,6.863954027380714e-08
1119,6.860183532353403e-08
2656,6.840854283041153e-08
4135,6.823512421760825e-08
170,6.762505933011198e-08
146,6.762072857213752e-08
471,6.740233260416062e-08
4213,6.694524401495983e-08
3075,6.68062369868494e-08
3444,6.664109619691772e-08
172,6.643936245609439e-08
4951,6.638927096958014e-08
4388,6.629551307923975e-08
4264,6.612798131300224e-08
3514,6.580219746865623e-08
4481,6.575125865992959e-08
1451,6.558508403031738e-08
771,6.45419149236659e-08
2320,6.415764630673948e-08
3140,6.401061902749916e-08
2905,6.398742513624711e-08
260,6.39233679322615e-08
921,6.35159764783566e-08
3164,6.35095513956685e-08
3206,6.345734604451536e-08
591,6.326070511875059e-08
3331,6.313766931498321e-08
2556,6.304715327587473e-08
2500,6.303644006777631e-08
968,6.27638243599904e-08
924,6.26637675082975e-08
373,6.25946974253111e-08
1008,6.238809646674781e-08
4005,6.222206394568275e-08
1772,6.180677658562672e-08
2160,6.166503929705414e-08
1690,6.161293875095453e-08
1485,6.15683397597877e-08
3507,6.140220421002596e-08
3738,6.136663799338749e-08
70,6.130815854987759e-08
3239,6.123897478005347e-08
1892,6.119921813763085e-08
4144,6.117028839014438e-08
2436,6.111454275981032e-08
1345,6.093930693396032e-08
995,6.086572312824501e-08
753,6.08583601291457e-08
1533,6.081523018508506e-08
235,6.081380554689986e-08
1782,6.079793912761033e-08
3831,6.067881130888964e-08
2402,6.034062849380462e-08
2677,6.029509158622659e-08
3167,6.014308873147911e-08
4649,6.000682617468556e-08
3980,5.998546903640545e-08
3270,5.991423357443182e-08
1438,5.978760242442149e-08
626,5.958748161560834e-08
2213,5.94466662562354e-08
1176,5.936826852348531e-08
2399,5.926980328752052e-08
4322,5.9174142919005135e-08
1862,5.890758636439841e-08
528,5.885892662149672e-08
3929,5.8809417780025797e-08
2553,5.87732191803525e-08
3912,5.8757587240165776e-08
568,5.871794250822404e-08
2472,5.85348960413512e-08
4412,5.853224394058998e-08
4927,5.850839635002103e-08
4738,5.847253170543354e-08
4913,5.839703298704535e-08
3458,5.82678172378337e-08
2572,5.825308591056455e-08
3208,5.813043735258816e-08
3546,5.801928715243321e-08
2919,5.7657137730871e-08
3868,5.760837673562946e-08
1044,5.757384258231468e-08
3812,5.7476331249972645e-08
318,5.717755335865604e-08
645,5.704545458229404e-08
1106,5.6974986506475034e-08
2206,5.6771391143684014e-08
150,5.672678682344667e-08
2212,5.660147373021118e-08
2085,5.6418363314492126e-08
3915,5.641810574275041e-08
4526,5.640328204492562e-08
3279,5.634182720370973e-08
4387,5.6313458784984505e-08
2285,5.6016387972590564e-08
2423,5.582313811203221e-08
4369,5.5643257113047184e-08
787,5.5492261452627645e-08
4805,5.539741465554471e-08
523,5.537425273871577e-08
205,5.529631685874392e-08
2914,5.517770240714981e-08
2243,5.51082486310861e-08
828,5.4829611073614615e-08
236,5.478963949201443e-08
993,5.455334495252373e-08
1509,5.4359539092274645e-08
3709,5.38185993548268e-08
2866,5.3684329870407055e-08
1591,5.361446575591344e-08
2475,5.359646415570296e-08
3962,5.356448440352324e-08
3063,5.354558219039518e-08
2817,5.35239692567302e-08
2305,5.3506999719843407e-08
918,5.3237952712947845e-08
4083,5.322674923036175e-08
561,5.3202681371544713e-08
1984,5.3123235588259377e-08
3384,5.2561732744038636e-08
2247,5.240128686523349e-08
2712,5.2396851302205505e-08
3854,5.202216790678449e-08
2258,5.195581564976237e-08
1060,5.183323459334588e-08
1437,5.172992878499372e-08
4129,5.172216077653502e-08
4752,5.1251566546284266e-08
927,5.1154954050502965e-08
4726,5.1028901992822284e-08
1314,5.095917288144847e-08
2820,5.0533802919972004e-08
4195,5.050220686086959e-08
1944,5.02605477237239e-08
1884,5.018293336433999e-08
4561,5.004575953648782e-08
2601,5.003960268368246e-08
3121,4.996713265370545e-08
2112,4.9935218626728783e-08
4966,4.969780853514294e-08
1057,4.964843469679181e-08
2693,4.962903510374872e-08
3971,4.960493349415174e-08
4730,4.95516641052518e-08
1488,4.9374394350820694e-08
321,4.92738010393623e-08
1120,4.911091799897349e-08
2577,4.900390848661118e-08
2614,4.883727733329124e-08
61,4.847451506861944e-08
3073,4.824980059936479e-08
2211,4.821875698723943e-08
618,4.818443599674538e-08
316,4.79105235484667e-08
4750,4.78761688071927e-08
796,4.7875435171818026e-08
1014,4.785018248298911e-08
2635,4.762832261917538e-08
1256,4.7505178457640795e-08
687,4.7492770605117585e-08
161,4.7405185554794116e-08
256,4.7379034029404465e-08
1783,4.718969570660647e-08
1430,4.712306456156057e-08
1489,4.7074680153968984e-08
197,4.696249966684718e-08
2596,4.6959641508692584e-08
1153,4.694552480088987e-08
2819,4.693309207937091e-08
4157,4.671369779885026e-08
468,4.666901354255515e-08
1029,4.6663135577773573e-08
1116,4.653089469286442e-08
3928,4.647957041470363e-08
1842,4.645815288029098e-08
514,4.626303251598074e-08
1563,4.6199104986044404e-08
40,4.61467433154894e-08
2591,4.614387805190745e-08
4686,4.5878660870357635e-08
231,4.586526358707488e-08
3535,4.572933853808081e-08
2861,4.568578049202188e-08
1092,4.567188938153777e-08
798,4.552505927790662e-08
4142,4.5301606022007945e-08
417,4.513297824360052e-08
2536,4.446375712063855e-08
4429,4.437338496643406e-08
4598,4.42012346724141e-08
942,4.415941923241462e-08
1407,4.405582565425448e-08
1410,4.40488925335103e-08
1458,4.4028400481010976e-08
4202,4.402560982441628e-08
4911,4.395324637584963e-08
2165,4.3929178517032597e-08
4795,4.3897228962919144e-08
264,4.3836896779225754e-08
4775,4.383228535687067e-08
512,4.3702604202167095e-08
4478,4.357252869624517e-08
2445,4.3571958485699724e-08
3976,4.3498685542431303e-08
842,4.3482987877041523e-08
2205,4.345358561863577e-08
1402,4.3423746376447525e-08
3462,4.3348073575089074e-08
3891,4.328651748153334e-08
2034,4.317238477824503e-08
3781,4.3165327312522095e-08
2620,4.3143790762201206e-08
389,4.299817746300505e-08
2535,4.279407761487164e-08
3146,4.269263875755769e-08
462,4.2674965783362495e-08
2477,4.240862416793334e-08
907,4.231931782783249e-08
4184,4.21666470629134e-08
342,4.2107746622832565e-08
885,4.205654313693685e-08
2736,4.196370362308244e-08
2788,4.18714716232671e-08
2681,4.184916058136423e-08
602,4.181791268820234e-08
2580,4.176646939413331e-08
1114,4.145654841636315e-08
4046,4.1378013904136424e-08
286,4.1353244384367827e-08
3108,4.1241584369799966e-08
2938,4.10603355760486e-08
1409,4.0925733912899886e-08
952,4.080525606298124e-08
88,4.070494519226031e-08
1875,4.067837444665656e-08
1682,4.0539752887980285e-08
4253,4.0522607491766394e-08
3111,4.0346138874269855e-08
3671,4.020422927908385e-08
4340,4.006163401015783e-08
1925,3.998780329084184e-08
410,3.9859335387859574e-08
2317,3.974788320704192e-08
3837,3.9721930633618285e-08
4643,3.9703628829101945e-08
3484,3.9595406065018324e-08
1463,3.957715044577981e-08
4485,3.9532940476760814e-08
800,3.951189775364128e-08
817,3.944776771902525e-08
3450,3.9407028751270445e-08
2220,3.9334134172008817e-08
2829,3.9250293681902804e-08
1336,3.9021987419118886e-08
2490,3.889977584492499e-08
1796,3.8429776694215434e-08
2437,3.827290484537116e-08
4154,3.822562177902e-08
4393,3.8169936544818484e-08
1955,3.815975802012872e-08
691,3.8138120217467986e-08
1897,3.7931501495336306e-08
4646,3.781103075084502e-08
1990,3.7761230586852434e-08
2703,3.757657829339678e-08
2896,3.753404342887734e-08
2807,3.741659604372671e-08
2957,3.710433915671274e-08
3865,3.7094165961093495e-08
139,3.7061552049522106e-08
1171,3.6939058034590744e-08
1798,3.680252014248708e-08
4615,3.660517933212759e-08
1703,3.654852065437808e-08
3509,3.63349226262244e-08
2584,3.6158983363066e-08
2952,3.609596177511776e-08
4098,3.5719702751180193e-08
3736,3.548213811654932e-08
3855,3.5339846604642844e-08
1068,3.529804004642756e-08
572,3.5162313949399504e-08
1687,3.511667934219531e-08
1946,3.482005972443858e-08
3407,3.4786568292588527e-08
3571,3.4767678513958344e-08
3317,3.46966633202328e-08
3649,3.4640464718904695e-08
3023,3.440898943551929e-08
4902,3.4198144760466676e-08
589,3.4030446016686255e-08
3339,3.372869095130682e-08
3595,3.3697748591521304e-08
2661,3.361912348509577e-08
1425,3.352894495378678e-08
4754,3.3384942810243956e-08
586,3.3331815529891173e-08
2917,3.3307667735016366e-08
4860,3.3295414425538183e-08
1848,3.2891683154900875e-08
2574,3.283848304391768e-08
1523,3.283482641336377e-08
2894,3.269213344481159e-08
1722,3.2665576910062555e-08
2319,3.2632908819607565e-08
3242,3.2446248354744966e-08
4330,3.201801046515129e-08
4997,3.1965546654078025e-08
986,3.1891172369569176e-08
2100,3.184191221805577e-08
348,3.182007635160744e-08
4220,3.169067408492765e-08
837,3.1685181589580225e-08
4267,3.160871298035772e-08
3254,3.1505987152513626e-08
1595,3.1364652208765165e-08
538,3.123313252473281e-08
4862,3.115394076047551e-08
2382,3.1116120347007836e-08
2520,3.10552223936611e-08
4996,3.095251788209907e-08
1056,3.093697120704064e-08
1360,3.0893161806488934e-08
4178,3.064494702442744e-08
1656,3.0501103864821744e-08
3180,3.0459899491575015e-08
1847,3.036176821069603e-08
4460,3.021727756902237e-08
2823,3.020809380416267e-08
3840,2.981567881477076e-08
3843,2.9742162510615344e-08
210,2.9564535708459516e-08
3776,2.9557753578046686e-08
1078,2.9469315876440305e-08
4963,2.940549936880643e-08
2199,2.9337958729058755e-08
1401,2.93156707797948e-08
4736,2.9177400051594304e-08
3013,2.9152242397856298e-08
1204,2.9106074883600286e-08
2234,2.9001760992741765e-08
3674,2.8990328360123385e-08
3334,2.8923747841247405e-08
1030,2.8843326838057237e-08
1605,2.878470439782177e-08
2394,2.871936821691179e-08
722,2.8567622045727603e-08
2444,2.8411206720591053e-08
869,2.8313222877329736e-08
4454,2.8181309730257453e-08
3916,2.799324239077805e-08
3002,2.7986661876866492e-08
3222,2.792156728048667e-08
2550,2.7903182875377297e-08
2267,2.783203267853196e-08
1986,2.7815901582073366e-08
3021,2.7794403223424524e-08
1484,2.7714097683428918e-08
176,2.7650226108733023e-08
79,2.7591782192359915e-08
2874,2.7561101845208213e-08
579,2.752690075880082e-08
4852,2.752112404635909e-08
3275,2.7319878803666597e-08
2748,2.7307629046902093e-08
2027,2.7276871428227878e-08
944,2.7026189286516455e-08
1404,2.6913472339629152e-08
3779,2.666009191187868e-08
1672,2.661143394533383e-08
3078,2.6493499838409207e-08
354,2.6454524792995926e-08
4148,2.6383887075098755e-08
2296,2.6349406212489157e-08
2396,2.624300421416592e-08
3829,2.6175525746907624e-08
877,2.6073997183573283e-08
1621,2.5904565603696028e-08
845,2.588308678497242e-08
4402,2.5870758868506982e-08
2806,2.5701683448176027e-08
1909,2.5615194410022468e-08
429,2.5456444951998947e-08
2785,2.5445193507778185e-08
2058,2.5403966930070965e-08
1919,2.5299171646508967e-08
324,2.5285905813632326e-08
557,2.5073890519422548e-08
4849,2.4999300407557712e-08
1903,2.4961261502198795e-08
2810,2.4528361564080114e-08
1896,2.452820080378615e-08
3018,2.4481153992894633e-08
3959,2.441635427175015e-08
2193,2.4411760612963462e-08
505,2.4339755100299953e-08
4654,2.432901702320578e-08
4284,2.431038126360363e-08
3273,2.4281910704360143e-08
3485,2.4245114360610387e-08
3896,2.4182533309158316e-08
4132,2.417947531085929e-08
2756,2.3991151287816592e-08
2151,2.3916808977730852e-08
2859,2.3818203409575744e-08
548,2.379683472497618e-08
3358,2.375423857614578e-08
3082,2.373821939016807e-08
122,2.368342766345677e-08
2875,2.350615613266882e-08
1568,2.349529282241747e-08
1051,2.346226590788092e-08
144,2.339230409376114e-08
3921,2.3336520271755035e-08
4314,2.333505033647043e-08
2051,2.3324081332987134e-08
3533,2.332240800484442e-08
3627,2.3231941703727443e-08
1719,2.298188395144507e-08
2565,2.2903889451697523e-08
3041,2.2845055624998167e-08
1084,2.2831978974124922e-08
48,2.2740101357499043e-08
4628,2.2738635863106538e-08
2645,2.254241149302061e-08
713,2.25349179316936e-08
506,2.2470826976928038e-08
2581,2.247067154570459e-08
4099,2.2443432001750807e-08
4363,2.238652641040062e-08
2153,2.229245499307808e-08
31,2.224998230104802e-08
107,2.2192371496032592e-08
4797,2.2145035138976255e-08
741,2.210428995397251e-08
2166,2.205856564074793e-08
4225,2.1957013984774676e-08
4386,2.1895361079771192e-08
3428,2.152581579650814e-08
4609,2.1437131181301083e-08
3510,2.1372025038601805e-08
2231,2.1351047152506908e-08
1900,2.1078866652146644e-08
3828,2.1042423803407928e-08
3241,2.1041961062451264e-08
3497,2.103705654121768e-08
1742,2.0962286129133645e-08
758,2.0862300331714323e-08
3730,2.0860155380830747e-08
1556,2.071274085579944e-08
3196,2.0564803193678927e-08
1702,2.0515886767213942e-08
69,2.049912772861262e-08
4127,2.0268625000596785e-08
2026,2.025646761438793e-08
1558,2.023013845331434e-08
1464,2.0163748004620174e-08
4993,2.000818088987444e-08
1017,1.9980942234099075e-08
1157,1.989215903108743e-08
1492,1.976041907880699e-08
536,1.9732058653687545e-08
1550,1.969291929526662e-08
1630,1.9675104212524275e-08
1349,1.9622081737225017e-08
1604,1.9407657703141012e-08
2271,1.9382202509632407e-08
1275,1.9379125859586566e-08
634,1.9353568525559695e-08
2440,1.930766924118643e-08
2592,1.9202861523126558e-08
4933,1.9114901661509975e-08
582,1.908369728909065e-08
1001,1.9068052026227633e-08
3697,1.8912114541080882e-08
2276,1.8810280444370164e-08
3675,1.8377755317544597e-08
4935,1.827979989599271e-08
2148,1.8263468959389684e-08
3371,1.822452944111319e-08
949,1.8200996265704816e-08
1598,1.8195319029246093e-08
2386,1.8061448336936792e-08
1020,1.8001204082906952e-08
3681,1.7954485898030725e-08
4722,1.78569976583276e-08
2401,1.7822127773570173e-08
738,1.7771170313096718e-08
4711,1.7765395377011828e-08
1245,1.776408709019961e-08
3043,1.7752438630225242e-08
1185,1.7699523624514768e-08
4914,1.755693990190821e-08
74,1.7492147286191084e-08
3048,1.740330457522532e-08
1096,1.7362478565985384e-08
3735,1.7186513545652815e-08
1286,1.718368469738607e-08
1624,1.7081225767157093e-08
2753,1.705430996423729e-08
452,1.703382057627323e-08
141,1.6958132675881643e-08
3423,1.685290662578609e-08
3834,1.6774313493783666e-08
4547,1.672148997045042e-08
3581,1.669358873357396e-08
4384,1.6681719117173088e-08
3904,1.6542315961487475e-08
3805,1.64035727223677e-08
1477,1.6387225798553118e-08
4761,1.6358961296703e-08
729,1.611597832962275e-08
3149,1.6084733545085328e-08
4582,1.6070578645610567e-08
1319,1.6026364679788685e-08
2494,1.5875289083311372e-08
909,1.587506304190356e-08
1638,1.5751201676295068e-08
2495,1.5618698334662895e-08
1631,1.550275552375524e-08
2969,1.5480203341411425e-08
3637,1.5469312941718272e-08
3403,1.538985117122138e-08
4228,1.530271376282144e-08
136,1.5123355012747197e-08
3551,1.5117802121267232e-08
2254,1.5109351103603785e-08
3983,1.503016422432779e-08
117,1.4896612388071162e-08
2374,1.4845184193035266e-08
3155,1.483459621809402e-08
2912,1.4768349210214637e-08
4042,1.474920763300247e-08
3943,1.4734123698900703e-08
2726,1.4718362084664705e-08
2147,1.46331919914644e-08
2735,1.4605430642689043e-08
3602,1.4562501426951258e-08
2217,1.4547019588917465e-08
4650,1.4477436138804478e-08
3216,1.4403495729453653e-08
503,1.4303261686166024e-08
2904,1.4265248982070489e-08
250,1.4236733569816806e-08
650,1.4222053756896003e-08
3464,1.4210375542944575e-08
945,1.4024220007513577e-08
4760,1.3969048140438645e-08
4614,1.3898523665289986e-08
3966,1.3877786031457617e-08
2792,1.3831392475793791e-08
3037,1.3762765593838822e-08
2194,1.3673194576568903e-08
2141,1.3549927402323192e-08
2118,1.3487624350716487e-08
3503,1.3400990983569727e-08
3362,1.3302606127751915e-08
1186,1.3256586939291992e-08
4747,1.321903697615312e-08
1650,1.31932700320192e-08
4872,1.31681847648224e-08
516,1.3167342327591314e-08
4017,1.3134729304198345e-08
1255,1.304224417353339e-08
2757,1.3040309720935284e-08
2621,1.3038037316448481e-08
3946,1.3037281476613316e-08
2310,1.3025358569507262e-08
95,1.300297203243872e-08
388,1.2910482016792457e-08
4603,1.2862535925250995e-08
3333,1.2851499420207801e-08
627,1.2782071845407472e-08
244,1.2685234640485987e-08
98,1.265999394206574e-08
3981,1.2594243870012178e-08
4818,1.2488345468852913e-08
2782,1.2433821083845942e-08
1967,1.2369807844692104e-08
2304,1.2319463227328242e-08
3851,1.2291519357887637e-08
4786,1.2126243564836159e-08
1999,1.2061489140791082e-08
1049,1.2039233165950236e-08
4382,1.1996816429160617e-08
2932,1.1888785067526442e-08
3129,1.1759782037046307e-08
184,1.1726734694406105e-08
3200,1.1701976720956964e-08
3215,1.167346486141696e-08
1541,1.1669607058450993e-08
1956,1.1645899800072357e-08
1383,1.1599574634146848e-08
983,1.1581968717422342e-08
2302,1.1568419111540607e-08
3733,1.1524646126304106e-08
862,1.151773121321753e-08
1493,1.1405551170184935e-08
2625,1.1383868070424796e-08
385,1.1356056095479516e-08
2803,1.1220977924608633e-08
3811,1.1216180872963832e-08
820,1.1215993911406485e-08
4473,1.119699621909831e-08
3762,1.1158133084165911e-08
3541,1.1107344821681409e-08
3759,1.1063452820536668e-08
4728,1.1047528669649864e-08
3035,1.0922830195880806e-08
4994,1.0783150372617456e-08
3938,1.076519140497112e-08
4915,1.0688520291068926e-08
1371,1.0658812055197586e-08
4828,1.061440091376653e-08
2379,1.0609207290457334e-08
1942,1.0560392116332196e-08
4895,1.0440762476804366e-08
1633,1.0425542651404385e-08
4232,1.0391510318896735e-08
3656,1.0314077147910439e-08
3592,1.0289619378767156e-08
2308,1.0087231050448509e-08
92,1.0031034225477242e-08
617,9.999922223613567e-09
3707,9.975340109491526e-09
2035,9.792896271676454e-09
494,9.781502274819331e-09
770,9.77137704083475e-09
1420,9.703594816556915e-09
982,9.684303137191819e-09
3793,9.671559997315171e-09
1764,9.613774665240271e-09
215,9.512388210453082e-09
1540,9.504171671892436e-09
4439,9.442837622941624e-09
1389,9.386792676480127e-09
4415,9.361004860153344e-09
2622,9.300249903532176e-09
1869,9.263339428855488e-09
4324,9.235268993990076e-09
103,9.159678793224657e-09
1342,9.140215695424558e-09
628,9.088410912738709e-09
4840,9.013217283637687e-09
1902,8.961958286590743e-09
4197,8.946680285504272e-09
860,8.933650263998061e-09
1202,8.9294771576931e-09
4335,8.8692031496862e-09
1976,8.85975559583585e-09
3390,8.818596075599316e-09
4575,8.748518798284977e-09
3178,8.728171962957276e-09
1655,8.726980471607249e-09
2657,8.699472919815321e-09
3715,8.676035445631669e-09
4270,8.588968647416095e-09
1600,8.520956384927558e-09
4953,8.478787894006246e-09
720,8.476817026092931e-09
1050,8.306232146537695e-09
3375,8.177433175049487e-09
3826,8.154666275572708e-09
3117,8.070508705770862e-09
1594,8.026771025626545e-09
2198,7.852170247346635e-09
699,7.851795214008916e-09
2634,7.80926945331828e-09
811,7.743048424657673e-09
4882,7.715003080832616e-09
82,7.65288254989116e-09
3112,7.636555832135627e-09
4433,7.616584474234855e-09
1276,7.5916184449909e-09
810,7.585552186384348e-09
4651,7.54551554571492e-09
3219,7.520041478414896e-09
3451,7.4238339919929786e-09
3856,7.407919389024187e-09
4063,7.3451322801787455e-09
901,7.330135609606714e-09
2761,7.251269362740231e-09
1491,7.2320052169061455e-09
13,7.21229520550537e-09
4333,7.200013030228547e-09
400,6.948046138433028e-09
3086,6.936742291685505e-09
2774,6.916473838103343e-09
436,6.9047407791344995e-09
3008,6.897183491005876e-09
4088,6.892919124368291e-09
4698,6.8413423814917e-09
2380,6.8156427168730715e-09
1241,6.609610858632209e-09
542,6.540566310775375e-09
646,6.4921072961965365e-09
4674,6.477085756628753e-09
2623,6.450551648384817e-09
3629,6.389154538766206e-09
2421,6.354070380965027e-09
3398,6.349525349946816e-09
2990,6.306430710978361e-09
2745,6.305584721033597e-09
1052,6.3006928563424935e-09
2970,6.109259098607822e-09
3752,6.1032392473237e-09
4087,6.076609215810436e-09
3323,6.07400441055006e-09
577,6.012821796019807e-09
814,5.8921734158445815e-09
4255,5.8017843862501195e-09
647,5.690918625234076e-09
3967,5.686532134063782e-09
4219,5.6441022966424725e-09
4530,5.55218848674599e-09
2480,5.547337700306798e-09
4059,5.521321178036942e-09
1636,5.417182702416312e-09
3472,5.386341150881435e-09
1691,5.369699351831514e-09
570,5.34209276814579e-09
1915,5.319480633758644e-09
2329,5.289301441280259e-09
2460,5.239531475353942e-09
160,5.211492792867034e-09
4830,5.208309339366224e-09
1808,5.207455133771077e-09
3397,5.2040691755905755e-09
3528,5.198756980462349e-09
3396,5.195920804723642e-09
4490,5.175622375119815e-09
4537,5.168383054865444e-09
2,5.133028446735466e-09
4096,5.129506819301355e-09
435,5.125117663595802e-09
3019,5.094776600600426e-09
2351,5.088298671296343e-09
3058,5.070525110895119e-09
2827,5.050539320095027e-09
2941,4.9830690684871115e-09
2224,4.934444186588394e-09
1165,4.9303159332936275e-09
1173,4.8853789902381095e-09
3115,4.870009284729804e-09
964,4.8536872299109746e-09
3,4.811426368434013e-09
1343,4.736493419699173e-09
3081,4.724614921514103e-09
3491,4.718469392983593e-09
2052,4.677314091594553e-09
1622,4.660938968115147e-09
1809,4.660786867560773e-09
3941,4.638552209002e-09
3204,4.5804051662656775e-09
3877,4.554963517477972e-09
1840,4.475042558738096e-09
4925,4.46527192998758e-09
1665,4.428414079882259e-09
1225,4.374280049290746e-09
4204,4.3642716107683555e-09
910,4.354642202386572e-09
3090,4.337314729596642e-09
4159,4.326817792943416e-09
227,4.311010215474198e-09
1311,4.272901588109335e-09
3344,4.1982685106134454e-09
3702,4.177813872630054e-09
4923,4.167438394375722e-09
3213,4.140715770262204e-09
4952,4.084171778551138e-09
3508,3.9571588228426435e-09
242,3.942231319165046e-09
4230,3.906032941536353e-09
4774,3.905830436856661e-09
1303,3.899538247864598e-09
2045,3.817472116196541e-09
4464,3.806665871408654e-09
458,3.767091860673588e-09
351,3.737886333787799e-09
4482,3.700420192487286e-09
2433,3.6549581139411202e-09
4362,3.6174601092398007e-09
2631,3.5303632239802596e-09
566,3.5208078674742183e-09
423,3.4640398327567823e-09
220,3.4515781344168772e-09
1043,3.3991256476184617e-09
3328,3.363027079039682e-09
3113,3.3371674312832056e-09
3601,3.2612151867894568e-09
487,3.2157767559937156e-09
4932,3.2130198501789664e-09
3177,3.150497973614108e-09
2079,3.1259498323166213e-09
3247,3.125678715854008e-09
2980,3.1150592105788633e-09
3315,3.111904511854391e-09
1403,3.09638714668381e-09
91,3.047823216029144e-09
4701,3.0405266082667026e-09
4427,2.947366128935869e-09
3778,2.9428427472666385e-09
2751,2.9086355546326104e-09
1167,2.8595956713672877e-09
587,2.845364943659945e-09
4802,2.8358899673008864e-09
2642,2.8281201824853497e-09
578,2.7660205237367563e-09
1814,2.7442140781985813e-09
484,2.70757261056076e-09
1784,2.69242272921133e-09
2126,2.686723399314417e-09
3445,2.6277700015953087e-09
372,2.6039537193156548e-09
4791,2.600316184597773e-09
969,2.596214909722505e-09
2499,2.507622109959584e-09
3053,2.4729223113695298e-09
1435,2.467215431956049e-09
3690,2.4581108259980056e-09
2251,2.454236924798181e-09
3475,2.4442771140442687e-09
4585,2.416612576716659e-09
2265,2.3723282227550158e-09
2025,2.371592811023504e-09
4653,2.3623173417419707e-09
3414,2.31605612466268e-09
3293,2.3101942581149615e-09
2373,2.292046108465229e-09
3724,2.274243349198457e-09
151,2.2547517186666255e-09
1293,2.229738726988728e-09
1270,2.2147901290736627e-09
270,2.2073843863879006e-09
2362,2.179380675926268e-09
1069,2.1478598899449253e-09
1281,2.1332914879046427e-09
4169,2.127851561617433e-09
4073,2.1184399789930808e-09
760,2.076731342448568e-09
802,2.072040483636073e-09
2048,2.0703119218978827e-09
269,1.9851216226385304e-09
1948,1.8597770545802916e-09
1932,1.7660204965075366e-09
560,1.7479154790223106e-09
1462,1.6680428704951566e-09
1854,1.6660312573968383e-09
2942,1.662796178525383e-09
1545,1.6575104067051427e-09
3609,1.6496526367149045e-09
4447,1.6419441917214783e-09
1969,1.6387922130434163e-09
2113,1.603925103843551e-09
4503,1.5905249894920814e-09
4019,1.570366059411299e-09
2297,1.5410707709939686e-09
4257,1.524118498075211e-09
4941,1.5102940009725785e-09
974,1.4991208829862046e-09
499,1.4971163198040927e-09
1549,1.4667911329979688e-09
1910,1.4560491701232081e-09
344,1.442387043137927e-09
1124,1.4277171112020426e-09
519,1.4258954572632376e-09
1499,1.4248897062252297e-09
502,1.3843163837456984e-09
848,1.3783008068202207e-09
4062,1.375083880095218e-09
4903,1.3543550725358955e-09
96,1.3471420645672083e-09
777,1.3387547181942239e-09
284,1.332808696741239e-09
2504,1.332433552381218e-09
2559,1.326021126235588e-09
1063,1.3206757909500766e-09
1500,1.2813972105618632e-09
4104,1.2651210634651022e-09
3240,1.2467670229554528e-09
3258,1.2294814610847027e-09
4869,1.2224844470054563e-09
1081,1.198314225625552e-09
3750,1.123853787809992e-09
2988,1.1201577443387123e-09
434,1.1056433546485778e-09
3797,1.0921468729385708e-09
2156,1.0743217426778529e-09
2322,1.027058965652472e-09
1907,1.0138568040662932e-09
856,1.0015487328374206e-09
1080,9.843605097703545e-10
2415,9.828642344444916e-10
196,9.814316026535153e-10
1374,9.640939713229102e-10
4891,9.296524938751105e-10
2286,9.278201262841179e-10
4801,9.183204474627615e-10
1278,9.143042711823313e-10
3711,9.131568001752299e-10
2960,9.115596055764286e-10
3087,9.091004893324595e-10
613,8.54036147357462e-10
2719,8.339765822373835e-10
2872,7.899447207471155e-10
3463,7.732862683518249e-10
169,7.512810373810908e-10
4528,7.478823949025326e-10
3106,7.463502316173987e-10
3517,7.432296444953579e-10
1257,7.40476763239073e-10
858,7.34955846182217e-10
2659,7.255588352350628e-10
733,7.011254632427466e-10
876,6.714854505762702e-10
3153,6.682902009558234e-10
657,6.637622673721921e-10
3324,6.617610071035784e-10
2750,6.293053300687745e-10
4286,6.282375730748413e-10
3547,6.138297370394952e-10
3261,6.07038003197502e-10
4946,6.037762512178801e-10
4067,5.901357180704281e-10
1641,5.726362717339839e-10
4523,5.614264053654949e-10
358,5.476403219795145e-10
1887,5.057419621978809e-10
4647,5.036214917319981e-10
3545,5.007132486412047e-10
672,4.943881692920371e-10
2628,4.931282604481169e-10
4489,4.847389711848393e-10
123,4.813397458391933e-10
612,4.736031289365172e-10
3060,4.6018279464821177e-10
854,4.407319648125352e-10
4581,4.362492173060062e-10
1657,4.3620369816199656e-10
3373,4.31359073460591e-10
1297,4.2959909241080396e-10
4394,3.511747143081223e-10
4573,3.415080579438623e-10
4189,3.4080717414841644e-10
1517,3.282038391061448e-10
2891,3.1190106053458067e-10
4846,3.091209649364046e-10
3217,3.084768412930927e-10
933,2.749980104743699e-10
3878,2.7260277368768016e-10
2064,2.7027344251528973e-10
784,2.4892558153633004e-10
3895,2.467633666847213e-10
4035,2.3001387600141143e-10
4469,2.2956837819609888e-10
3292,2.2283918460486163e-10
2346,2.0608476036798606e-10
3130,1.975879737603492e-10
2021,1.9145939000875245e-10
4557,1.853855055578002e-10
2567,1.8441023708071214e-10
1238,1.7740671431898392e-10
2675,1.7386556083742732e-10
51,1.6900381788476082e-10
4621,1.6839604016771759e-10
4707,1.5983479817460733e-10
1210,1.4931998693068493e-10
840,1.4553655502957952e-10
1571,1.4311801743716046e-10
3969,1.41795013230972e-10
2125,1.3105001459012833e-10
926,1.2559351475482927e-10
4632,1.2374114233271172e-10
3522,1.1822439208164504e-10
3330,1.1545144354419001e-10
1868,1.1395099100419692e-10
4248,1.0656798707375792e-10
2684,1.0544112111210424e-10
4969,1.0376546150103749e-10
3054,1.0211682888172646e-10
202,1.0197311051118874e-10
3643,9.219255567294304e-11
3452,7.696639159338048e-11
3988,7.306355173652967e-11
3540,6.449720098278267e-11
1200,6.326762551356335e-11
896,5.058543514624425e-11
4050,4.796360704439895e-11
4688,4.775065585993499e-11
4372,3.912939243455593e-11
3282,3.527275693748777e-11
4990,3.4485315644761094e-11
821,3.304528612552149e-11
3417,3.266258791212451e-11
230,3.2128799620778636e-11
2758,1.816410303417948e-11
3248,1.8135973625654778e-11
294,1.7675360307334298e-11
4020,1.493951707134955e-11
1804,1.3812118983269617e-11
1064,2.0075466218875612e-13
2641,1.7568174156103525e-13
54,-8.852779737479346e-17
4856,-9.532689444645678e-17
1107,-1.2836362122654275e-16
2730,-1.3731729549205763e-16
522,-1.705677591249824e-16
880,-4.788112344101641e-16
1415,-1.0489172680621728e-15
1325,-1.1467011867129326e-15
4957,-1.3067656909698474e-15
4817,-1.5923504194936009e-15
1263,-1.6851519315299332e-15
3233,-1.8678535501208968e-15
1832,-2.097126945976033e-15
2873,-5.283388125531196e-15
1423,-6.288203405584712e-15
2662,-7.271026957470427e-15
4961,-9.281872586340296e-15
232,-1.054359168874662e-14
4937,-1.0817206624115809e-14
2786,-1.0858811188419045e-14
2867,-1.1457253941697838e-14
4554,-1.167801190357599e-14
4357,-1.540090043071051e-14
3280,-1.5554233722954273e-14
2294,-1.6240422736821507e-14
1746,-1.8148127281286588e-14
3821,-1.929161328975042e-14
1188,-2.0700266350484e-14
1817,-2.085876823777191e-14
2541,-2.2474387869936448e-14
4685,-2.3053309478396344e-14
2566,-2.5258331904710104e-14
106,-2.685763937637642e-14
1187,-2.694041397708095e-14
4839,-2.7382058649845237e-14
3530,-2.7857196699409854e-14
4845,-3.112812369248253e-14
212,-3.3454570832884035e-14
4445,-3.444118464545048e-14
2510,-3.559472493499822e-14
642,-3.735841693777112e-14
4821,-3.810969111627243e-14
1673,-3.995712926654037e-14
4784,-4.3272309495942345e-14
4602,-4.341708775541884e-14
2670,-4.343484156599329e-14
2387,-4.4216151532804233e-14
831,-4.7201713972979883e-14
4691,-5.2005618981685285e-14
2089,-6.297322350536615e-14
4064,-6.299553774132861e-14
992,-6.369704026384926e-14
1234,-6.676355703092579e-14
4844,-7.08267029281371e-14
705,-7.113232257990182e-14
450,-8.22835045542411e-14
2047,-8.66936798499425e-14
3246,-8.80099622737121e-14
3542,-8.945296082639095e-14
4767,-9.658469702733367e-14
4136,-9.763001361127663e-14
3268,-1.3163774947476045e-13
467,-1.3310228976935387e-13
766,-1.50185805903192e-13
125,-1.6491879883213587e-13
3133,-1.70366216793727e-13
4583,-1.7824477516800025e-13
4434,-1.833588212903428e-13
4315,-1.975692829822573e-13
311,-2.2026708256829564e-13
1826,-2.2234115454799683e-13
1704,-2.4845303223629267e-13
460,-2.516244726686115e-13
4080,-2.688577984376328e-13
1246,-2.8404317472304624e-13
3144,-2.8636678260900855e-13
1115,-3.1223684933152224e-13
1692,-3.159275277367715e-13
2722,-3.213290229600943e-13
3235,-3.2342161446815426e-13
3278,-3.264501299490852e-13
3478,-3.385096565035328e-13
2802,-3.6313678030298197e-13
772,-3.7636471088113577e-13
776,-4.043159849888983e-13
3034,-4.2851063409427015e-13
1250,-4.920412493246429e-13
1740,-5.014824953951738e-13
704,-5.027559586093938e-13
825,-5.424045002207223e-13
4201,-5.517629267978025e-13
756,-5.657244421183871e-13
49,-5.733676608585953e-13
1860,-5.800717436769964e-13
4395,-5.946083469349217e-13
1405,-6.158540745513502e-13
2028,-6.632154406823604e-13
2221,-6.6437710910007e-13
2986,-6.675623866626151e-13
1856,-6.806494929310902e-13
3639,-7.547045128598884e-13
2931,-7.626677609763599e-13
3794,-7.8251711750979e-13
2200,-8.286081510603532e-13
3682,-8.343891170440459e-13
654,-8.628590192610169e-13
3304,-8.631589095819264e-13
3074,-8.718607704284037e-13
581,-9.086456630516548e-13
3744,-9.150178444800039e-13
2962,-9.569767938158447e-13
4665,-1.0387673251947838e-12
517,-1.0457910037085794e-12
350,-1.0484276207617382e-12
3277,-1.053731591999646e-12
4364,-1.1053268218243206e-12
3906,-1.1303885345120834e-12
1864,-1.1491099955254769e-12
1839,-1.2049746508750736e-12
4694,-1.209227433896648e-12
3123,-1.260094134071521e-12
386,-1.2933918801423527e-12
1093,-1.306021805459745e-12
4710,-1.3099472136353374e-12
4278,-1.3164481440716691e-12
3832,-1.3260681615279157e-12
3165,-1.332622109450482e-12
4978,-1.381027941744356e-12
3579,-1.3991858344684915e-12
3713,-1.402027257312033e-12
3548,-1.4039046075838002e-12
158,-1.4124943619256425e-12
966,-1.4298729301281954e-12
681,-1.4381937481211526e-12
2060,-1.4936708554041944e-12
853,-1.5502375858705841e-12
3665,-1.558182890441101e-12
3438,-1.6151476315250102e-12
1841,-1.6528705487628415e-12
3212,-1.6648897972065813e-12
4956,-1.7035974410675725e-12
717,-1.7494040612832384e-12
282,-1.770805399016473e-12
3930,-1.7884474825570484e-12
4790,-1.8030289717849146e-12
1924,-1.808434858027036e-12
558,-1.8315965606176265e-12
4346,-1.8359039874286942e-12
430,-1.8377799282376373e-12
4180,-1.8725856369000704e-12
3093,-1.8875991264835634e-12
2105,-1.91178708064052e-12
3695,-1.933227178601421e-12
3237,-2.0561533161864154e-12
2411,-2.0859787421695364e-12
1821,-2.136377338056439e-12
3183,-2.1712259811249024e-12
4533,-2.181493700958992e-12
3391,-2.1869833418189377e-12
3955,-2.246528267232928e-12
2854,-2.3030809030710753e-12
2752,-2.463206938765894e-12
2091,-2.4732981504863027e-12
855,-2.5361380747226936e-12
3166,-2.621454377356447e-12
868,-2.6228531065791705e-12
1418,-2.6320943037963507e-12
1416,-2.6964894076289547e-12
2555,-2.7005054008960583e-12
4120,-2.701320070408464e-12
3815,-2.7230418440937765e-12
822,-2.7488545294163114e-12
4900,-2.749881268873655e-12
786,-2.756872312902059e-12
1191,-2.7928637050603222e-12
1172,-2.876155260136959e-12
4183,-2.9611545420554775e-12
4704,-2.9624793286900375e-12
2509,-2.9635087786528125e-12
1384,-2.986356387874034e-12
3951,-3.0730100538875482e-12
3705,-3.08910091516984e-12
3622,-3.1167358190836714e-12
2720,-3.304440813860221e-12
4072,-3.328909088488874e-12
1132,-3.457176277026075e-12
4214,-3.5200897101697604e-12
219,-3.539292882208389e-12
4898,-3.544077574815785e-12
2338,-3.549312536585414e-12
3271,-3.5904373007697443e-12
2602,-3.747597935102598e-12
2901,-3.833330462950368e-12
365,-3.839516595285919e-12
224,-3.908645434223812e-12
3020,-3.967535067844752e-12
4595,-4.1444235196475e-12
1720,-4.202692447524692e-12
2390,-4.218892379545536e-12
5,-4.3833862321124295e-12
2929,-4.438094640055179e-12
3159,-4.464026153935818e-12
1086,-4.501200844345132e-12
4190,-4.534264456956816e-12
3490,-4.562342040617673e-12
1237,-4.638905579112951e-12
1121,-4.6591979406540585e-12
3853,-4.720016478360067e-12
387,-4.82574527213564e-12
3537,-4.83537342110818e-12
1771,-4.9123446196203124e-12
2074,-4.982697414390724e-12
3692,-4.985902532853026e-12
4794,-5.139059533823542e-12
946,-5.196855966393965e-12
4057,-5.2666777189402936e-12
3040,-5.3599477287114006e-12
41,-5.433992231879126e-12
1612,-5.5211438719504624e-12
3382,-5.568585523252345e-12
142,-5.5864685707257555e-12
1879,-5.659401766666683e-12
1467,-5.719684274818615e-12
11,-5.796889877840439e-12
4599,-5.8422734965785095e-12
4571,-5.932932530677837e-12
1226,-6.018999968576688e-12
346,-6.021949432166718e-12
3207,-6.0686059042552865e-12
2886,-6.07018905626755e-12
2652,-6.173948288376585e-12
2718,-6.2490102068629705e-12
3067,-6.283555273323138e-12
2945,-6.366593884032934e-12
2288,-6.453659872132644e-12
815,-6.54934938747187e-12
3830,-6.64739552465321e-12
3184,-6.8175350347726704e-12
674,-6.9276977817528396e-12
4865,-7.083655710615755e-12
356,-7.172076300909769e-12
252,-7.19055392485457e-12
953,-7.200942533230892e-12
1460,-7.266647786968727e-12
3734,-7.359701823667075e-12
4678,-7.458022480838489e-12
3569,-7.622118214367646e-12
1726,-7.641428288740482e-12
1083,-7.686424413622106e-12
2053,-7.702141441995325e-12
3987,-7.71157790402377e-12
1865,-7.766485154644953e-12
4725,-7.907557638200946e-12
2966,-7.929349451346601e-12
2455,-7.961180759769038e-12
2916,-8.021770964497521e-12
447,-8.315509305439894e-12
4825,-8.472488769589726e-12
420,-8.49288174509244e-12
3091,-8.842410310905269e-12
4424,-9.15717631930213e-12
253,-9.234342457364875e-12
2995,-9.331665648537601e-12
2001,-9.35329461451695e-12
3170,-9.359940773834285e-12
1696,-9.360735277186283e-12
1542,-9.365937712890737e-12
1248,-9.499910840621295e-12
3281,-9.687514679335152e-12
4049,-9.880131001532844e-12
217,-9.924914622788661e-12
4689,-9.974279648744533e-12
932,-1.0448788535788456e-11
330,-1.0461260330218991e-11
2589,-1.0472594579730155e-11
1400,-1.0604598796315479e-11
2847,-1.0644450598729094e-11
4344,-1.076918025241791e-11
4079,-1.0815624004040236e-11
2316,-1.085556687943634e-11
2397,-1.088297724508025e-11
481,-1.1181152791833737e-11
3394,-1.1223722905934208e-11
941,-1.1356443129634242e-11
922,-1.1525896556618953e-11
2456,-1.1564426066063005e-11
673,-1.1583355368632864e-11
1265,-1.1588039122018001e-11
3555,-1.164487820407012e-11
492,-1.1810683073903983e-11
4751,-1.2037244465079588e-11
861,-1.2337476526513846e-11
2020,-1.241337154594957e-11
1689,-1.2668278752403506e-11
2010,-1.2684627653802849e-11
2605,-1.2719351613621477e-11
1301,-1.2944892987393208e-11
2266,-1.301858534169531e-11
4929,-1.3204153048729239e-11
4070,-1.3288304484548874e-11
4502,-1.3352524814991273e-11
3017,-1.3502984320956646e-11
1543,-1.3707402834323146e-11
2961,-1.3748240393351985e-11
3100,-1.3786430764356483e-11
490,-1.381125942778727e-11
2299,-1.3814201085121658e-11
606,-1.4280127861449055e-11
3879,-1.4386992031739654e-11
4351,-1.4560317361522745e-11
4608,-1.4685634652789048e-11
3990,-1.5064892909533167e-11
708,-1.5439237562031582e-11
3483,-1.5480887405328048e-11
370,-1.5495924855779553e-11
1776,-1.5645927262109005e-11
2428,-1.581562918823165e-11
508,-1.5851086068718878e-11
4459,-1.6069972609555894e-11
3006,-1.6153490871306797e-11
3769,-1.61918685924467e-11
954,-1.6195455566914152e-11
4143,-1.6223507780244173e-11
667,-1.6223652195973548e-11
2229,-1.6257622852122733e-11
2281,-1.6277498012667868e-11
4396,-1.62808265133374e-11
4814,-1.6354245215011165e-11
4562,-1.6427494781146024e-11
1071,-1.655911432280055e-11
1179,-1.6622373616437258e-11
1807,-1.6732756673298876e-11
2471,-1.7202387084247484e-11
155,-1.7454981904307942e-11
1912,-1.7661534561230763e-11
1781,-1.766199773239885e-11
4192,-1.7804893844008962e-11
996,-1.784482197425552e-11
1443,-1.7958435086229407e-11
3274,-1.799190223888969e-11
4866,-1.8292410988718366e-11
4907,-1.8681139100917843e-11
1819,-1.8857638540981103e-11
2702,-1.887504735842427e-11
4259,-1.8966398764030945e-11
4121,-1.8971046955584825e-11
4516,-1.9256410702106486e-11
2768,-1.9326914200978873e-11
3309,-1.945993019503156e-11
4222,-1.9795995571947334e-11
773,-1.9807131629301367e-11
2650,-1.999605168945262e-11
4988,-2.0114498608392317e-11
1217,-2.0242296554229267e-11
4196,-2.0867837839666503e-11
3611,-2.0962493893494916e-11
718,-2.1144951241336418e-11
2446,-2.1324548897527773e-11
629,-2.1384249405953515e-11
4467,-2.1589637196062217e-11
293,-2.173011076633813e-11
4048,-2.20041476359234e-11
4740,-2.204224996971149e-11
1575,-2.2136458464883102e-11
240,-2.2496520271642062e-11
3669,-2.2538981098163546e-11
2993,-2.260071123305618e-11
200,-2.2686640760438692e-11
3810,-2.2719272643745292e-11
1926,-2.2855775431984693e-11
1519,-2.287028986330819e-11
4068,-2.3150818935502304e-11
3688,-2.3231700417569723e-11
3524,-2.3719985177417247e-11
778,-2.386845669027915e-11
3898,-2.433217863306858e-11
4843,-2.442913839967309e-11
1678,-2.4439551944699378e-11
658,-2.4538863996337312e-11
2524,-2.4542155634132978e-11
1088,-2.481830886635894e-11
2492,-2.490728283344179e-11
1136,-2.4913868711118337e-11
2977,-2.52336476366799e-11
3416,-2.5248138649236473e-11
4266,-2.5396554650947145e-11
1931,-2.5428945407690584e-11
2115,-2.6359398171138526e-11
2018,-2.637512170472478e-11
1315,-2.6384235941867562e-11
399,-2.6705165856455437e-11
1036,-2.6962856426726578e-11
1802,-2.7290696612281007e-11
1054,-2.7439843799936803e-11
2841,-2.7895778569042573e-11
4606,-2.80347273173831e-11
3694,-2.8529028098245313e-11
482,-2.8917356356683577e-11
2116,-2.9160150856466505e-11
1474,-2.988410560678112e-11
900,-3.011073768793837e-11
3181,-3.011444565936827e-11
2429,-3.018582519359603e-11
352,-3.022853668765979e-11
1145,-3.024076562080369e-11
1253,-3.048605465294507e-11
3979,-3.058406305989081e-11
2685,-3.069326823951224e-11
4812,-3.089318557913945e-11
109,-3.0963414124340893e-11
4980,-3.1051793081271484e-11
4215,-3.12554322701164e-11
3519,-3.1445283876774255e-11
826,-3.157694158234525e-11
257,-3.1754810586592797e-11
3169,-3.2247413073172027e-11
3468,-3.2321331375206874e-11
750,-3.2569677857474666e-11
2809,-3.296561114363161e-11
3068,-3.321153942137389e-11
1087,-3.333700850094434e-11
2255,-3.359548923775879e-11
1025,-3.375336295186049e-11
2746,-3.402786559469906e-11
1129,-3.4840630380728044e-11
2424,-3.48622675866439e-11
153,-3.495835738942521e-11
2450,-3.524558769840702e-11
1597,-3.54707339889071e-11
2263,-3.54720627870897e-11
2922,-3.572741581747696e-11
1534,-3.5740336037926035e-11
3287,-3.57619801827358e-11
2762,-3.6720746235396895e-11
1333,-3.7571574323935764e-11
3135,-3.771272356900557e-11
4451,-3.793471960167327e-11
1666,-3.81178213992861e-11
3357,-3.817387898841229e-11
3337,-3.8187980555548506e-11
305,-3.844489310234067e-11
2858,-3.8492070641993337e-11
3332,-3.93069240350874e-11
3654,-3.953532293210493e-11
1392,-4.052305539736789e-11
243,-4.075117673862927e-11
1395,-4.13087827833003e-11
4820,-4.1668959949170414e-11
3995,-4.21950929058168e-11
4037,-4.2275712444639346e-11
3198,-4.2477285577824375e-11
1411,-4.279949311625231e-11
4280,-4.2871812003242304e-11
3620,-4.291126134980949e-11
4126,-4.3190458154374056e-11
1393,-4.3281968287178785e-11
981,-4.377146041456559e-11
2544,-4.3777394903576905e-11
1512,-4.421852120573e-11
1140,-4.429243256887094e-11
3820,-4.498183249490584e-11
4428,-4.6180489987612816e-11
1434,-4.624643203110512e-11
3610,-4.625295979554522e-11
3973,-4.655816877863206e-11
3372,-4.7018817658783796e-11
1858,-4.722982595295466e-11
864,-4.750442053613746e-11
3680,-4.8718437270500736e-11
367,-4.8929233928407534e-11
1011,-4.920871002345173e-11
3161,-4.9480752828401364e-11
3173,-4.950187482144486e-11
4494,-4.99387302344001e-11
20,-5.0071082696723224e-11
2442,-5.0816809094023085e-11
1574,-5.112192440204222e-11
1870,-5.1604817641326406e-11
2689,-5.189044333109294e-11
4000,-5.202719331742767e-11
4572,-5.3066365537923765e-11
2619,-5.340124870079066e-11
2335,-5.449711168448168e-11
4588,-5.5222416917022343e-11
2342,-5.5289942763048217e-11
2791,-5.531096067268315e-11
3257,-5.554345525182747e-11
3775,-5.577540859724728e-11
2412,-5.657279332493825e-11
3625,-5.6608584139694607e-11
2324,-5.679163909977358e-11
873,-5.7211983414684475e-11
1911,-5.807911616917405e-11
1010,-5.827624841026058e-11
3666,-5.840945782598084e-11
4488,-5.854674904604007e-11
3088,-5.914075826285448e-11
3740,-6.024588293518374e-11
1448,-6.02725820642025e-11
345,-6.038450642287252e-11
2678,-6.054544018918584e-11
1058,-6.073723642086026e-11
3401,-6.156005045998558e-11
2943,-6.159954490936315e-11
3919,-6.271715438654901e-11
4737,-6.313664348278625e-11
1762,-6.356312698407862e-11
623,-6.367802465878647e-11
2694,-6.377698889836747e-11
947,-6.384874746967473e-11
991,-6.435574469165761e-11
3872,-6.460780174744052e-11
152,-6.599150045860647e-11
2432,-6.603807084504254e-11
3245,-6.646477118676941e-11
3691,-6.733821486526459e-11
3228,-6.738124641580967e-11
2956,-6.759731663308344e-11
4534,-6.794671769672078e-11
4550,-6.905931729250803e-11
1504,-6.929214146911278e-11
4341,-6.936324431494612e-11
1432,-7.013668812394513e-11
409,-7.089277082039658e-11
1459,-7.401594268041656e-11
113,-7.432887291769497e-11
4466,-7.473683824588129e-11
1700,-7.482972227967899e-11
476,-7.644041302712345e-11
2178,-7.646785982196036e-11
100,-7.646940025640703e-11
2062,-7.65238705735527e-11
2742,-7.665612936080812e-11
2997,-7.675379082305867e-11
2372,-7.675392613148979e-11
4972,-7.687574882231374e-11
957,-7.724983847046119e-11
823,-7.802842053039605e-11
1340,-7.894006628927919e-11
2162,-7.924388575886177e-11
3603,-7.959833139836725e-11
2790,-7.974832599844106e-11
2539,-8.214823613017508e-11
3137,-8.291329081644427e-11
2576,-8.436452578197695e-11
4743,-8.517064831181642e-11
715,-8.519998248579519e-11
3234,-8.64175779546894e-11
2132,-8.641855980817681e-11
4734,-8.662941544668179e-11
30,-8.693193040421043e-11
1889,-8.85962588015321e-11
3807,-8.898774078724969e-11
3157,-8.934507647606615e-11
4332,-8.992141406483078e-11
2593,-9.122343852530079e-11
1993,-9.204745646251844e-11
846,-9.205232062714508e-11
2050,-9.371316916917394e-11
2466,-9.438864620459064e-11
4727,-9.492257327381459e-11
1526,-9.519863022888764e-11
4732,-9.55149431769442e-11
4924,-9.605764100806269e-11
280,-9.726905045304157e-11
4139,-9.735046449521612e-11
1964,-9.781530099783886e-11
1259,-9.844681320148041e-11
1643,-9.950376633760527e-11
4942,-9.96778493078665e-11
474,-9.98392965523287e-11
52,-1.0018068319350704e-10
4505,-1.0138640621493167e-10
721,-1.0144151837976345e-10
3729,-1.0197477584572567e-10
1520,-1.0201977110324556e-10
4904,-1.0219705290359649e-10
3399,-1.023436682623391e-10
3876,-1.0321338575480787e-10
1470,-1.0352205551122928e-10
4793,-1.0448627033032842e-10
3822,-1.044951174200559e-10
2347,-1.0554015647534776e-10
2563,-1.0697643465507056e-10
1951,-1.0744248199467954e-10
207,-1.0827284901981926e-10
390,-1.0909742553799617e-10
1100,-1.0911475889496813e-10
2422,-1.0917342377347872e-10
2196,-1.0992759827410659e-10
3922,-1.1112144537861468e-10
208,-1.1304800151545891e-10
3230,-1.1351371925760745e-10
1988,-1.1397556162751066e-10
971,-1.1605669550385223e-10
1644,-1.1656604154142158e-10
419,-1.1751268708115603e-10
29,-1.1782790715342273e-10
2778,-1.1810647945753594e-10
3631,-1.1817727352259055e-10
1370,-1.193194570925371e-10
4251,-1.193777819652464e-10
4316,-1.2012238773118078e-10
4859,-1.2044882452544314e-10
238,-1.2168816301838525e-10
1306,-1.223322623755685e-10
3210,-1.2256725148707126e-10
1031,-1.2264063375955203e-10
2594,-1.2304526147977057e-10
4237,-1.2447233521672985e-10
808,-1.254635631497969e-10
955,-1.2594338419380513e-10
189,-1.2611865024547697e-10
2376,-1.270086917581903e-10
2467,-1.2724018019771854e-10
1845,-1.2730142634476138e-10
4006,-1.2867729798360372e-10
1844,-1.287323234122617e-10
1888,-1.2885705696907834e-10
2150,-1.294187118583423e-10
1539,-1.297604905470262e-10
997,-1.298212856659653e-10
4991,-1.2983667613264416e-10
1113,-1.2998117859819303e-10
1222,-1.3024942929762418e-10
1547,-1.3130749265677366e-10
2174,-1.319578959990686e-10
1137,-1.3306610674446162e-10
4600,-1.3393510606141135e-10
2239,-1.34943042850999e-10
2597,-1.3588348501958336e-10
2163,-1.366067189922937e-10
2772,-1.3841695151173283e-10
2107,-1.385204312365218e-10
168,-1.3862157949295906e-10
4623,-1.390274631529742e-10
1213,-1.3909072504869613e-10
4212,-1.393785295511485e-10
2137,-1.3972329543365802e-10
3701,-1.3979681995346382e-10
679,-1.4077041615712105e-10
1274,-1.414073302896668e-10
1927,-1.415206563049054e-10
2862,-1.4185437546831992e-10
4334,-1.4239271567406675e-10
4111,-1.4241290091643322e-10
1194,-1.4245855189942702e-10
2400,-1.435865801258096e-10
4307,-1.4390626884575042e-10
4401,-1.4408467474691378e-10
3076,-1.4480668747429704e-10
4236,-1.4488693578229572e-10
2476,-1.4596138880884624e-10
2188,-1.4749088755872108e-10
2910,-1.4793086200448613e-10
2844,-1.4936515912999937e-10
4167,-1.4960400279706576e-10
1252,-1.4973185191724525e-10
965,-1.5042496415151874e-10
3347,-1.5100060785089298e-10
4276,-1.5151251780975983e-10
3920,-1.5217957449742414e-10
4093,-1.5223611260495318e-10
1483,-1.5226551269842403e-10
764,-1.5289688959363446e-10
1478,-1.5320016782949253e-10
3321,-1.5334605807382218e-10
3059,-1.5370863609698304e-10
616,-1.5413792464613607e-10
3432,-1.544977826228866e-10
2215,-1.5546464116056313e-10
3218,-1.5549053711261251e-10
749,-1.5631228950097054e-10
3134,-1.5884869808413526e-10
131,-1.5976172468290528e-10
149,-1.6063217422868092e-10
4622,-1.6077453257601348e-10
3449,-1.6138295561018978e-10
3933,-1.626079965122429e-10
1468,-1.6283437792585786e-10
110,-1.6326303503566564e-10
1734,-1.632720209032712e-10
1239,-1.6413062575715287e-10
4373,-1.6640415434476807e-10
3120,-1.6666949070875958e-10
1377,-1.6712085187942094e-10
1196,-1.675848210203057e-10
2002,-1.681763617256138e-10
1679,-1.6840375621773873e-10
1018,-1.6852843426340414e-10
1388,-1.6855052076270027e-10
1510,-1.6916461981208997e-10
4305,-1.696299628539677e-10
206,-1.698787568948923e-10
524,-1.7161823351319327e-10
3061,-1.7287007242350327e-10
3835,-1.7351338421622842e-10
4231,-1.7489709680518217e-10
3443,-1.7553358072630587e-10
3935,-1.7620880449209508e-10
1220,-1.76243977745294e-10
2837,-1.764567311712817e-10
2560,-1.7648273814563353e-10
2925,-1.7769453269922408e-10
1930,-1.7839021926313592e-10
4815,-1.7921537170950685e-10
1861,-1.7951512498726174e-10
3720,-1.7952718478486673e-10
970,-1.8005485297178936e-10
4326,-1.808072025433205e-10
3480,-1.817276537585677e-10
4181,-1.8263358186887402e-10
4007,-1.8357575876093435e-10
4477,-1.8452360472931417e-10
249,-1.8647754174150322e-10
852,-1.872511035116986e-10
1142,-1.8824566905273343e-10
1013,-1.8909759869067955e-10
1513,-1.9071691448324657e-10
470,-1.9189551336840083e-10
1653,-1.9299341985634655e-10
341,-1.9301710230124058e-10
1344,-1.93351910870998e-10
4106,-1.9460784372871132e-10
2626,-1.9730492933911492e-10
4287,-2.0104876791160464e-10
4158,-2.0172845338617407e-10
1731,-2.0247718779398127e-10
3655,-2.0347080964544517e-10
1589,-2.037205543148346e-10
1694,-2.0562047203798173e-10
2201,-2.0571298137150862e-10
171,-2.0571674225200454e-10
3381,-2.087394701533185e-10
3608,-2.0904308145608397e-10
4060,-2.0927638094692114e-10
4233,-2.117259978451358e-10
2760,-2.1290917640026663e-10
4901,-2.1299088881487904e-10
2903,-2.1423527535313625e-10
1553,-2.146649524803479e-10
2431,-2.1556672419320577e-10
4788,-2.1741823619247924e-10
3253,-2.177742430831131e-10
2210,-2.1804443667283735e-10
3307,-2.1857218812648682e-10
1109,-2.18912790672654e-10
2667,-2.2018516177002567e-10
1295,-2.210051378015443e-10
2692,-2.21131599142943e-10
735,-2.2137324612314657e-10
4149,-2.247677877154075e-10
2882,-2.2664162907526375e-10
1024,-2.2688634998546675e-10
677,-2.271394877739752e-10
3092,-2.299063717181582e-10
2129,-2.358710934902142e-10
2797,-2.36552409604851e-10
1759,-2.3694990414213635e-10
4410,-2.388695768962279e-10
4959,-2.391569303705765e-10
4265,-2.4003630333391257e-10
3118,-2.4130387965559663e-10
4889,-2.4163242240415883e-10
46,-2.4176245727591805e-10
2804,-2.4348280336372596e-10
3433,-2.439338037119043e-10
4002,-2.4400061138241114e-10
711,-2.4745940019332835e-10
4141,-2.482437241879687e-10
3700,-2.499706483471975e-10
422,-2.5152556426544237e-10
1606,-2.546426819405312e-10
201,-2.546907962308609e-10
2518,-2.548211364139519e-10
1580,-2.5575022655210944e-10
4766,-2.588715353191162e-10
863,-2.5924701968493835e-10
4719,-2.598379358897951e-10
782,-2.6086768856181664e-10
4298,-2.655512615357125e-10
2094,-2.657515735249305e-10
4282,-2.66715691199515e-10
1490,-2.677375959825312e-10
89,-2.685636851795792e-10
2484,-2.6890713267224697e-10
3575,-2.6975617573032906e-10
2250,-2.721101816094418e-10
3143,-2.7242325062459827e-10
1514,-2.7738493446616275e-10
2269,-2.791632897070073e-10
1877,-2.810519317275606e-10
1792,-2.8185490053012074e-10
2522,-2.8401811458245163e-10
3539,-2.872902055139903e-10
1328,-2.8835650534020374e-10
3739,-2.884077837661536e-10
2585,-2.8883939684476445e-10
134,-2.89747906223603e-10
1934,-2.899741002870826e-10
1945,-2.9003829893348154e-10
496,-2.9246545463212925e-10
454,-2.9356861386276023e-10
3773,-2.942116134052597e-10
719,-2.958008976650106e-10
4240,-2.975702045882045e-10
3827,-2.9920484145851134e-10
956,-3.028731293541753e-10
1426,-3.038640311592289e-10
1279,-3.0453969901422795e-10
2940,-3.049563934709454e-10
1954,-3.0575178500136246e-10
4806,-3.062191195057906e-10
3924,-3.064996728641134e-10
2557,-3.0705304965295e-10
332,-3.082287480804524e-10
3289,-3.092614081490197e-10
881,-3.0927752026066457e-10
2953,-3.112528845772289e-10
1756,-3.1229192842818776e-10
2465,-3.123450942332795e-10
611,-3.127459541341082e-10
4118,-3.1496728836177823e-10
2084,-3.150608524071785e-10
4312,-3.156866851261597e-10
1072,-3.202862697282427e-10
1357,-3.2148884943072886e-10
4014,-3.2186581178095253e-10
4432,-3.2271418870521984e-10
3591,-3.227613593059786e-10
1572,-3.2610265876531486e-10
4735,-3.2684766004820176e-10
4522,-3.2916253056569644e-10
4317,-3.298668144191552e-10
3351,-3.313205404475994e-10
2713,-3.3153921275008713e-10
3077,-3.316144858711567e-10
162,-3.323976233149395e-10
4076,-3.364413608819561e-10
3630,-3.365227541074489e-10
4271,-3.378559099154188e-10
4995,-3.3811900501667935e-10
3250,-3.397769288149277e-10
3873,-3.4224251210801526e-10
4563,-3.4485075905976714e-10
4453,-3.4506532353706376e-10
3186,-3.4616741417803354e-10
1076,-3.4735675447095105e-10
4124,-3.486069072300424e-10
3597,-3.515712998503062e-10
4116,-3.5280452170827203e-10
2588,-3.5305333656587834e-10
4858,-3.5386424346306455e-10
2731,-3.5497663142258773e-10
15,-3.555084282513832e-10
3311,-3.562866390804942e-10
2241,-3.565461675902881e-10
2235,-3.589489816491209e-10
3945,-3.593669667401045e-10
3413,-3.596219849688609e-10
4906,-3.6038382000835867e-10
1292,-3.620324179332002e-10
2030,-3.620669181136904e-10
2092,-3.621475619386416e-10
2900,-3.6244419965303365e-10
2830,-3.642743745535526e-10
564,-3.6617985033071676e-10
2339,-3.700581230337008e-10
4235,-3.7033887068105287e-10
902,-3.726396413661348e-10
3380,-3.73144376508705e-10
3543,-3.735755593758938e-10
2218,-3.745089516282718e-10
449,-3.7639290295654604e-10
2103,-3.771372658611938e-10
3084,-3.7777604655619967e-10
2888,-3.792082203801783e-10
4471,-3.8306412208921614e-10
3105,-3.8507161348455554e-10
1439,-3.908332824043015e-10
1625,-3.923529695581962e-10
547,-3.932131842354636e-10
4179,-3.9347931857225404e-10
1331,-3.9693830167220057e-10
2173,-3.9781682115158645e-10
2868,-3.97982938271646e-10
2168,-3.9934500151161956e-10
2170,-3.996290798280455e-10
999,-4.040538875704769e-10
2558,-4.069103110015959e-10
624,-4.095705857798393e-10
697,-4.098995309842479e-10
7,-4.1143147222477694e-10
3033,-4.2093971364121074e-10
4321,-4.241817591621455e-10
4785,-4.2869367777864653e-10
175,-4.2967754354528154e-10
3818,-4.334241021641816e-10
4981,-4.3385221804026486e-10
3009,-4.3407560879060725e-10
1635,-4.365688921481592e-10
4303,-4.4322812087216334e-10
1445,-4.447329310375281e-10
4853,-4.4588507885912065e-10
2248,-4.467225200865954e-10
431,-4.485042476298773e-10
2638,-4.5182606267513137e-10
1881,-4.5249734514918316e-10
1436,-4.526153618567008e-10
192,-4.5382857194464776e-10
147,-4.544540854745094e-10
1156,-4.556222898965956e-10
3660,-4.566152317364569e-10
2029,-4.631372785279808e-10
265,-4.662091268592405e-10
1254,-4.678389203816025e-10
1620,-4.721987106881542e-10
1601,-4.733585051708289e-10
3302,-4.735294656388334e-10
3982,-4.739058173663935e-10
1262,-4.757562260815362e-10
4510,-4.788634766494937e-10
1593,-4.809345005574173e-10
3171,-4.811953197014773e-10
53,-4.822205690313552e-10
1938,-4.823550170396373e-10
1831,-4.830153776946844e-10
194,-4.857767937904711e-10
806,-4.85955234386104e-10
3286,-4.9045711936202e-10
701,-4.922944552010478e-10
4262,-4.931240138450477e-10
3355,-4.9497575482782e-10
4811,-4.978624734697235e-10
4499,-4.994607782915494e-10
2167,-5.033239797169742e-10
4555,-5.033318345448734e-10
3498,-5.056868257469205e-10
4780,-5.093603178130124e-10
3495,-5.107822498295889e-10
1015,-5.169085992573486e-10
2637,-5.175554013137074e-10
1098,-5.176167688913935e-10
4967,-5.186397977752222e-10
665,-5.18889584077975e-10
4556,-5.189292051621663e-10
676,-5.241885814299962e-10
1561,-5.255955393135281e-10
4360,-5.256343138526631e-10
4036,-5.256589608038098e-10
2454,-5.294544247469446e-10
3238,-5.296582894498414e-10
1849,-5.297678684623719e-10
1161,-5.300465621971284e-10
3791,-5.33291077964293e-10
3588,-5.39615546690797e-10
3685,-5.400478120254348e-10
2275,-5.406777525696072e-10
1385,-5.440967398850916e-10
4587,-5.441353756463485e-10
1135,-5.474634912072673e-10
3349,-5.510981671008608e-10
3383,-5.519480150706357e-10
2655,-5.534316893651692e-10
1716,-5.556599902423187e-10
2967,-5.57486529162432e-10
1987,-5.612185161041339e-10
2256,-5.64078034281934e-10
3290,-5.641991041027694e-10
2360,-5.699076210952114e-10
397,-5.728420793271738e-10
4085,-5.730016738869637e-10
1953,-5.760894539186268e-10
1659,-5.764927701878975e-10
2161,-5.808659664374716e-10
2483,-5.891575838301577e-10
2464,-5.897005661559263e-10
1291,-5.901724109413919e-10
4455,-5.923042611932772e-10
3205,-5.927034141262055e-10
3802,-5.929415569649876e-10
1750,-6.007569719468364e-10
2023,-6.008953612468559e-10
4450,-6.014337083914967e-10
179,-6.029702293020023e-10
4077,-6.034003297017421e-10
233,-6.038474442693342e-10
609,-6.049161171972628e-10
1424,-6.065348501227419e-10
3022,-6.079989289808907e-10
2388,-6.084076298318308e-10
4504,-6.088298198925202e-10
4681,-6.116052664317806e-10
4979,-6.164963262111911e-10
878,-6.165026544824315e-10
2071,-6.174283306847883e-10
1168,-6.174791788993161e-10
4495,-6.184362744132699e-10
4010,-6.211821890200753e-10
3910,-6.284292530800428e-10
1735,-6.290448439916219e-10
3192,-6.316336620404428e-10
73,-6.319991197045738e-10
3645,-6.320151901828552e-10
2381,-6.352635362194547e-10
1611,-6.380780903647576e-10
4640,-6.395937945935515e-10
759,-6.438191368918211e-10
2261,-6.452843814841458e-10
3320,-6.458842627399264e-10
2842,-6.49113679473956e-10
4173,-6.502468286040397e-10
2606,-6.57733506548297e-10
4620,-6.631936111389791e-10
3918,-6.655662410093299e-10
4462,-6.738499480629656e-10
4370,-6.749467096334172e-10
904,-6.752797487852291e-10
3550,-6.75550615447662e-10
732,-6.832839016812642e-10
2564,-6.836779475882793e-10
3387,-6.866445745323801e-10
4733,-6.877061975441023e-10
2764,-6.889224191120036e-10
118,-6.906772653803017e-10
835,-6.934218754750532e-10
886,-6.946990205314307e-10
1810,-7.045420913343037e-10
571,-7.066912333097974e-10
402,-7.119133338395756e-10
3727,-7.125473544533634e-10
1981,-7.192267337252645e-10
742,-7.226774734192531e-10
2055,-7.234078058804272e-10
3211,-7.280596681091822e-10
4708,-7.297911996939632e-10
1182,-7.323342210430184e-10
2863,-7.361970755237479e-10
1494,-7.372005228489797e-10
132,-7.384879374683351e-10
498,-7.396247225788244e-10
3418,-7.416689207229155e-10
129,-7.473764107590597e-10
4778,-7.519607991834931e-10
4392,-7.561442028070076e-10
2245,-7.56226636866586e-10
4359,-7.577243554823809e-10
443,-7.625210463046983e-10
1775,-7.72809816140807e-10
3515,-7.893840303641042e-10
4458,-7.910563870616727e-10
181,-7.918491973235575e-10
301,-7.934052859148721e-10
1654,-7.985749284067367e-10
2359,-8.04259742137603e-10
4827,-8.050816124871574e-10
18,-8.054853450900623e-10
2831,-8.110575266950804e-10
2463,-8.119653005511651e-10
4397,-8.133308471158784e-10
4285,-8.137274187802745e-10
1724,-8.146301411215973e-10
1055,-8.160584430427775e-10
2716,-8.185580269159942e-10
4677,-8.2069936957474e-10
940,-8.228636383389443e-10
4931,-8.249139427096708e-10
2108,-8.296079656577859e-10
565,-8.301645759711818e-10
929,-8.338474910551952e-10
3859,-8.404789086924325e-10
3466,-8.40485875341912e-10
3486,-8.408105878210392e-10
4764,-8.466923273608984e-10
2734,-8.561858444444681e-10
395,-8.56386739300774e-10
2949,-8.600193612817719e-10
3348,-8.600601619779269e-10
2032,-8.60342352915211e-10
1442,-8.627875081046454e-10
2257,-8.633810055780344e-10
1207,-8.691960207141136e-10
4165,-8.723459732351557e-10
775,-8.742704615816166e-10
340,-8.859072364586495e-10
1099,-8.875108148398425e-10
3094,-8.937408868536778e-10
3803,-9.005208800871856e-10
2683,-9.061754402406308e-10
4349,-9.066958572834238e-10
2009,-9.138938772412786e-10
4662,-9.190726235619451e-10
1094,-9.192925309875477e-10
2441,-9.200863959613059e-10
94,-9.217785423842884e-10
1482,-9.249435106717385e-10
4829,-9.300302195036636e-10
610,-9.308696591325827e-10
1380,-9.312724758014923e-10
382,-9.33760652133131e-10
2145,-9.361479369474068e-10
4325,-9.6155838846812e-10
2551,-9.665684364001947e-10
3836,-9.704543280086853e-10
3984,-9.705072578913843e-10
4949,-9.736105255342409e-10
4545,-9.73837621653928e-10
145,-9.73991720609746e-10
4162,-9.772525288997969e-10
4385,-9.78153419373129e-10
4186,-9.790271371379333e-10
401,-9.79522157829038e-10
832,-9.819824675627586e-10
930,-9.844339510234335e-10
3975,-9.88048254324525e-10
2815,-9.910970377724482e-10
1322,-9.934797429167475e-10
1850,-9.97235072297542e-10
4613,-1.0053206045412821e-09
308,-1.0070380918048016e-09
394,-1.0074622525113597e-09
1603,-1.0084499069140662e-09
4877,-1.0111370629672933e-09
3156,-1.0132734096224283e-09
3488,-1.0186094745456842e-09
2292,-1.03093189540715e-09
3124,-1.042874120393833e-09
2769,-1.052574638560344e-09
1998,-1.0636985181555758e-09
4268,-1.0642902115165498e-09
331,-1.0827823637704626e-09
3409,-1.0848301701393837e-09
3659,-1.0859746435443185e-09
2357,-1.0869027344817539e-09
998,-1.093425849862939e-09
1544,-1.0946346051809996e-09
2127,-1.0971322184083476e-09
1433,-1.107309743897389e-09
2849,-1.1129049348745923e-09
4634,-1.1201919392078707e-09
2795,-1.121083503807796e-09
3653,-1.1228646901173533e-09
4097,-1.1253849518944037e-09
597,-1.127362980746227e-09
427,-1.1278839529005324e-09
4659,-1.1283551315521834e-09
559,-1.1357020879287916e-09
4798,-1.13777276489202e-09
2682,-1.1392704557522393e-09
22,-1.1411050437892811e-09
2370,-1.1420795420491459e-09
3786,-1.1509855846192352e-09
1698,-1.1525224663522238e-09
4804,-1.15636894504334e-09
4702,-1.175707753375832e-09
262,-1.1810718514304597e-09
1709,-1.198976529170892e-09
651,-1.1992558057727365e-09
4299,-1.1997399740337755e-09
4337,-1.2008271044194885e-09
795,-1.2064040322279368e-09
2927,-1.222869860928455e-09
4199,-1.2276551442091943e-09
2139,-1.2276804572941558e-09
935,-1.2301498708566783e-09
1214,-1.2314362307641602e-09
1895,-1.255300752234234e-09
1041,-1.269265303971423e-09
1215,-1.2824570849723216e-09
4631,-1.2824832862357027e-09
2747,-1.2836445795194606e-09
3804,-1.290952900134812e-09
3172,-1.2913428659722115e-09
1487,-1.2924078474085832e-09
2498,-1.300345942034653e-09
637,-1.3003772503239475e-09
4194,-1.3039611057585887e-09
1184,-1.3072519733370314e-09
2192,-1.3088327643906439e-09
4532,-1.3227581807662148e-09
2121,-1.3256191144783713e-09
3138,-1.328375187625852e-09
1277,-1.349493405911062e-09
4407,-1.3665778508809012e-09
2323,-1.371911750869259e-09
1715,-1.373725466713438e-09
2892,-1.3907910934030099e-09
2937,-1.393443083141932e-09
510,-1.3947902277600122e-09
2109,-1.4003563308939704e-09
4536,-1.4036904971703734e-09
3044,-1.4086096178367313e-09
1004,-1.4212126475676712e-09
1148,-1.4227160560764673e-09
4960,-1.4227629629992578e-09
1111,-1.426333384735301e-09
1283,-1.427668483433564e-09
3385,-1.4337820930521161e-09
1610,-1.434986574011532e-09
2249,-1.440288110998722e-09
226,-1.4562146488650285e-09
4579,-1.4634712885985834e-09
1828,-1.4711286078217256e-09
4568,-1.4732832176456157e-09
2885,-1.4759842792422262e-09
247,-1.4770398792940398e-09
378,-1.4805204839873909e-09
4279,-1.4816208260270969e-09
2369,-1.4840770834467776e-09
3421,-1.4925183866587588e-09
4448,-1.4936558656586385e-09
4540,-1.4957550198424485e-09
4712,-1.496259227629082e-09
3648,-1.5007507458975056e-09
4133,-1.504575908306549e-09
2447,-1.5098374772648526e-09
3255,-1.5203128755914008e-09
1937,-1.5249103091363736e-09
2545,-1.5380769990969156e-09
3502,-1.5475681292009824e-09
3425,-1.5545950082795912e-09
4175,-1.556220041720735e-09
3097,-1.5574731504486294e-09
2180,-1.5644496254019202e-09
2287,-1.5668970565485552e-09
2519,-1.5683565002255762e-09
1546,-1.5870703640175066e-09
4816,-1.5874155323558625e-09
414,-1.6001397429299402e-09
1271,-1.601166366160811e-09
3968,-1.6012838277568164e-09
3395,-1.6108293032779386e-09
2595,-1.6117261414372308e-09
3621,-1.6160014992827598e-09
3852,-1.6350167331147247e-09
221,-1.6364846699978841e-09
461,-1.6480196651791346e-09
2984,-1.6541485958754265e-09
3958,-1.6583596718078297e-09
4546,-1.6634023047856772e-09
4729,-1.667893656520647e-09
2095,-1.6842026662189369e-09
1479,-1.6855699058737628e-09
2072,-1.6887772291696024e-09
4593,-1.7117341433170452e-09
1727,-1.7125026396946907e-09
2805,-1.715754982534179e-09
3469,-1.71592184905478e-09
2175,-1.7188981349391952e-09
4140,-1.7273521502048084e-09
1251,-1.7451368128362788e-09
1040,-1.7534387830586695e-09
4684,-1.760287970942187e-09
292,-1.7637746818621736e-09
3231,-1.7662509788074487e-09
4880,-1.7728020718088544e-09
2630,-1.7735675150731822e-09
425,-1.7745712121985946e-09
4300,-1.7793679862876388e-09
818,-1.781179370663466e-09
2853,-1.7816461084230184e-09
3932,-1.7847311406526956e-09
116,-1.7865257606608509e-09
4992,-1.7880985581086861e-09
4,-1.7898904025592799e-09
2860,-1.7941951813149615e-09
4166,-1.7977485611275767e-09
678,-1.8075578256393499e-09
1537,-1.8083918806865995e-09
4283,-1.8115097200066543e-09
526,-1.813204086875686e-09
1837,-1.8420696634713352e-09
1940,-1.8424387016047206e-09
4648,-1.8575470051018783e-09
3593,-1.8617046237956458e-09
1760,-1.8689566005924974e-09
2994,-1.8947621249765234e-09
124,-1.916348357777764e-09
4028,-1.93397908798687e-09
1970,-1.9360583691785394e-09
4576,-1.9483651914065092e-09
4403,-1.958969875204275e-09
2119,-1.9590569166894056e-09
4486,-1.961153517360259e-09
2989,-1.9718072730157132e-09
594,-1.997208454174171e-09
2293,-2.0039659376358543e-09
3884,-2.019004130549007e-09
3787,-2.038897439771148e-09
3085,-2.043346380986577e-09
4210,-2.0510395049022634e-09
3127,-2.0539603351465985e-09
187,-2.0669438383080774e-09
114,-2.072479077241951e-09
4426,-2.0885083662491866e-09
2012,-2.0923293653218877e-09
604,-2.1030024943691217e-09
3616,-2.1088510382405445e-09
4527,-2.1132531835554857e-09
1977,-2.116340658275817e-09
3799,-2.1183933496260465e-09
2673,-2.1295173402435807e-09
4525,-2.1342064782103876e-09
1042,-2.1366405311695758e-09
2152,-2.1392725368940546e-09
3062,-2.1441506348196526e-09
375,-2.1499669822233614e-09
4123,-2.1591204379944884e-09
2537,-2.1780682812888585e-09
2767,-2.1783964632149377e-09
1197,-2.1846263686953193e-09
1307,-2.1888341139586487e-09
3191,-2.1899821955884136e-09
4258,-2.2196665616647238e-09
1379,-2.2222010898076405e-09
1527,-2.2248669573343705e-09
76,-2.240473029324619e-09
937,-2.260887699279124e-09
2699,-2.2691790668716294e-09
4569,-2.2806136978914537e-09
4772,-2.28152019499106e-09
584,-2.289373579600351e-09
3761,-2.2894901530179368e-09
4873,-2.309913038622824e-09
105,-2.3187181064088236e-09
622,-2.3503367030386357e-09
3125,-2.355547534804714e-09
2928,-2.356099870759465e-09
4644,-2.3584943997789765e-09
3642,-2.3653499159337343e-09
3202,-2.368810037012281e-09
4954,-2.3763809808841074e-09
2733,-2.386223219019712e-09
3914,-2.3877357868684612e-09
2157,-2.3932142934057765e-09
1446,-2.3945189164820135e-09
2721,-2.4121530328713447e-09
2038,-2.41430697656142e-09
1195,-2.421440714606149e-09
4004,-2.430662338070988e-09
4442,-2.4376370921785906e-09
3892,-2.438469204335547e-09
1576,-2.4644886131852672e-09
353,-2.4749856608607956e-09
2240,-2.4922790498038694e-09
4218,-2.499265794320138e-09
2458,-2.5122578461989065e-09
2274,-2.542704158337017e-09
1922,-2.5446601492618015e-09
660,-2.5489689248203717e-09
4894,-2.557347777987218e-09
3923,-2.5577731044279517e-09
4848,-2.5588952068389403e-09
783,-2.5720172658338925e-09
1992,-2.583760649876865e-09
1675,-2.586053704511926e-09
4645,-2.588923186941372e-09
4480,-2.593359860192379e-09
4770,-2.6117294993355245e-09
2816,-2.6118451845746904e-09
466,-2.619111150181652e-09
3454,-2.6226770755144457e-09
1639,-2.627206896477219e-09
17,-2.634205520379851e-09
4457,-2.6436779432259527e-09
4229,-2.650738739617964e-09
4435,-2.6507861461411153e-09
1747,-2.657573161535254e-09
3950,-2.657945752382318e-09
1733,-2.6590893931199844e-09
2088,-2.663311127193424e-09
4910,-2.6838409272755825e-09
4551,-2.6974424915948703e-09
2707,-2.7253306278396394e-09
1062,-2.7459158280507268e-09
464,-2.7611734010335454e-09
357,-2.764575124380997e-09
3817,-2.767558626715072e-09
9,-2.7822618653416953e-09
4506,-2.7861659646077896e-09
4922,-2.7985742612202102e-09
3754,-2.8057975942630264e-09
740,-2.845262692119377e-09
2979,-2.9185038830092935e-09
3300,-2.9203509610553624e-09
3251,-2.9233803156003546e-09
3813,-2.9500050180431003e-09
1710,-2.9690131464477076e-09
4741,-2.9702647008633676e-09
3789,-2.9832206704938358e-09
2283,-2.9854695382525165e-09
87,-2.986248803793501e-09
3471,-3.0476478007912533e-09
3531,-3.070144805050745e-09
794,-3.074532961555576e-09
50,-3.0796782901632014e-09
3626,-3.094567158079542e-09
1038,-3.10252501467545e-09
291,-3.1187501470242296e-09
3765,-3.1317763937721566e-09
2983,-3.1633207164816213e-09
3564,-3.164326467519629e-09
268,-3.1743273565254526e-09
2963,-3.1978613090899444e-09
4989,-3.201379050743469e-09
2616,-3.233759482412779e-09
1408,-3.2375937486506245e-09
3614,-3.253633806821199e-09
327,-3.2683253881060637e-09
1706,-3.269789217164032e-09
488,-3.2912045311306315e-09
173,-3.2916628311951968e-09
4878,-3.3104153862595354e-09
3152,-3.317979668793214e-09
2181,-3.322117692050597e-09
1707,-3.3247775643729938e-09
3476,-3.325975939105774e-09
4638,-3.3429881085567104e-09
1680,-3.3802394217019582e-09
2068,-3.388962221961833e-09
4636,-3.3892731954310307e-09
3252,-3.4387309666428223e-09
148,-3.4392050318743372e-09
1803,-3.4656522096554454e-09
3977,-3.4737922538496946e-09
2704,-3.4771784340748013e-09
4792,-3.4856584285591907e-09
60,-3.4863529840833962e-09
3758,-3.5099892992107584e-09
1260,-3.5327741843005356e-09
2640,-3.54220208720335e-09
779,-3.5451703794819878e-09
2481,-3.545635895996213e-09
1866,-3.5459286618078067e-09
2106,-3.5526677155672814e-09
26,-3.611215992904704e-09
2365,-3.6271262660036996e-09
1476,-3.6806587777604705e-09
3229,-3.6883028853296196e-09
1151,-3.703395035081769e-09
3296,-3.7047834799963653e-09
3376,-3.728094943866722e-09
599,-3.742627097125251e-09
1143,-3.766613354549975e-09
1736,-3.813262594576372e-09
1920,-3.815949889407477e-09
4437,-3.822889116378292e-09
3871,-3.82313203317608e-09
1774,-3.836729045580967e-09
3763,-3.858454777905251e-09
453,-3.867893338949102e-09
2328,-3.868806941476066e-09
3000,-3.882882571026869e-09
2864,-3.8844665262161016e-09
81,-3.8862008056028685e-09
4850,-3.887033916960547e-09
1249,-3.903826040208003e-09
1375,-3.9043521748993726e-09
1103,-3.914322310727414e-09
3069,-3.924911951003196e-09
1972,-3.964545691736987e-09
1882,-3.995802355660771e-09
1035,-3.99678379281454e-09
1827,-4.003487097392622e-09
2300,-4.100519479521836e-09
335,-4.103516970666021e-09
812,-4.159153466076759e-09
4366,-4.191436309142205e-09
2086,-4.1992709309823795e-09
3633,-4.212485693599888e-09
3227,-4.2740897487902885e-09
4926,-4.275870990610997e-09
3036,-4.281240473247294e-09
1264,-4.2950385470419405e-09
3291,-4.310835910459332e-09
1369,-4.311671908396875e-09
3897,-4.328466474134984e-09
3723,-4.32920566062478e-09
2632,-4.341787596118252e-09
4627,-4.342074921837025e-09
80,-4.357439520319417e-09
4011,-4.357710636782031e-09
4047,-4.37136637998492e-09
3341,-4.37989688961693e-09
2569,-4.390982910607022e-09
4584,-4.392718633283721e-09
4263,-4.40679004398703e-09
4964,-4.418169163855623e-09
979,-4.422404664694568e-09
958,-4.462040292807501e-09
3604,-4.4689660860797176e-09
4543,-4.5047243713014495e-09
2838,-4.5137045212584326e-09
68,-4.520471552638128e-09
987,-4.538553310950988e-09
563,-4.557476396271909e-09
799,-4.565080091722962e-09
1602,-4.566223399393721e-09
4461,-4.571981238044032e-09
1778,-4.594310043515293e-09
3080,-4.608193604482835e-09
1261,-4.611420356681606e-09
1739,-4.623519789248576e-09
2332,-4.628850636123616e-09
4668,-4.656149688031519e-09
695,-4.681204535117445e-09
317,-4.683457399679014e-09
4813,-4.692868094124947e-09
5000,-4.711615320118767e-09
3244,-4.738600622999911e-09
2624,-4.764046268590505e-09
2408,-4.771279815685148e-09
2834,-4.7842145800558455e-09
1367,-4.7905914790646875e-09
4449,-4.792373164974606e-09
4034,-4.806218534270101e-09
479,-4.829011412965656e-09
433,-4.845329693026201e-09
4086,-4.861633318142822e-09
1799,-4.89968354777659e-09
2015,-4.90003793096605e-09
504,-4.914071372041917e-09
4917,-4.935184705345819e-09
3285,-4.974773260002507e-09
4570,-5.013215176319363e-09
4986,-5.020020177326501e-09
1354,-5.021127513771262e-09
3336,-5.083714560427666e-09
3961,-5.134000335971223e-09
666,-5.139671799270218e-09
3652,-5.143819148401008e-09
3406,-5.1522697219752445e-09
3335,-5.156493676494733e-09
2478,-5.175266215573515e-09
2187,-5.186541862656213e-09
3114,-5.232503763608065e-09
3427,-5.369644950903307e-09
135,-5.382486012450727e-09
543,-5.4415456585132915e-09
2799,-5.464879881955653e-09
3628,-5.492774013404755e-09
2289,-5.514057876965239e-09
4391,-5.522255097645257e-09
3194,-5.527971413954447e-09
2049,-5.5346689453728e-09
625,-5.5488915684520634e-09
2479,-5.555406579205169e-09
2246,-5.570399252974312e-09
1663,-5.580148565442755e-09
871,-5.5803637266649275e-09
2507,-5.589075646739161e-09
3949,-5.644184897235505e-09
3634,-5.649894996295757e-09
3193,-5.6838356243815724e-09
575,-5.685714121739238e-09
4680,-5.718480355909605e-09
2709,-5.719610118859464e-09
3132,-5.733220120873739e-09
601,-5.815075976300932e-09
3641,-5.873414643531305e-09
1651,-5.873618924567836e-09
4884,-5.879176034895295e-09
509,-5.896489296830509e-09
2531,-5.950767878459828e-09
3767,-5.97944782576576e-09
2101,-5.998015639718801e-09
520,-6.0386478040186375e-09
3587,-6.061417368030675e-09
302,-6.073263891792635e-09
3732,-6.110268735426416e-09
4574,-6.117732320731761e-09
376,-6.117969464369821e-09
4145,-6.153678677733865e-09
3461,-6.181196665622224e-09
4930,-6.204355917915905e-09
2468,-6.257809825882532e-09
1455,-6.274588848498297e-09
4625,-6.275344466288857e-09
2195,-6.275443942271863e-09
4024,-6.291258847213044e-09
2318,-6.329260449078333e-09
495,-6.381866590743357e-09
2314,-6.408434893856452e-09
1125,-6.432134824763125e-09
3814,-6.47291975575115e-09
765,-6.506043703780051e-09
1147,-6.511206240844558e-09
1645,-6.6136280896245125e-09
3600,-6.632232985026576e-09
1247,-6.641558636388822e-09
1668,-6.6583878410853e-09
2413,-6.693721132933206e-09
2705,-6.71030941923334e-09
478,-6.760116244564074e-09
1170,-6.776762262461489e-09
1695,-6.8708010392271035e-09
3590,-6.873041469290797e-09
2608,-6.888410064576078e-09
3436,-6.890363168920999e-09
1205,-6.904836924448432e-09
3109,-6.932276530591253e-09
3790,-6.934803842284509e-09
4842,-6.955511944184423e-09
4553,-6.960419796087081e-09
274,-6.9714531925058054e-09
1320,-7.068681417976563e-09
3370,-7.136454094336386e-09
412,-7.198263096697133e-09
2992,-7.252733524865107e-09
2140,-7.2970738340671915e-09
4799,-7.298285531476267e-09
659,-7.311817373789609e-09
3858,-7.319398864780169e-09
2090,-7.414007408002021e-09
2672,-7.466590901117343e-09
4150,-7.473948793190743e-09
1007,-7.50345985345291e-09
4731,-7.52747753018923e-09
4444,-7.544557201200064e-09
1033,-7.553278447147704e-09
159,-7.55610418678998e-09
4040,-7.577585225959638e-09
3624,-7.605333696147909e-09
3142,-7.608820906668257e-09
3046,-7.616145936140128e-09
529,-7.652796618629054e-09
2525,-7.658401468546572e-09
2600,-7.689719305759013e-09
1885,-7.689837655533438e-09
2711,-7.70720487430765e-09
1835,-7.737261054074906e-09
2067,-7.75938890917871e-09
1065,-7.770709631316208e-09
4348,-7.807934299108865e-09
1180,-7.814982883047605e-09
4052,-7.823375280935352e-09
4418,-7.858685480144345e-09
3825,-7.879158658852248e-09
3650,-7.900798904003636e-09
314,-8.03758215539574e-09
2077,-8.14684097960594e-09
4078,-8.172359677871555e-09
1268,-8.195953249412469e-09
2505,-8.24755974626612e-09
1531,-8.329700040832222e-09
3900,-8.342202040267921e-09
3415,-8.362115222482203e-09
1918,-8.4079845308338e-09
2238,-8.422730291002267e-09
4243,-8.435831588826659e-09
4031,-8.441962684457849e-09
3070,-8.458209688200213e-09
3521,-8.57444071300506e-09
2773,-8.580706811756045e-09
455,-8.603217693803344e-09
1456,-8.60746407482793e-09
2880,-8.686656283174443e-09
1811,-8.703387788244754e-09
2604,-8.736567469469492e-09
4342,-8.80668071800983e-09
682,-8.823815900171894e-09
4168,-8.830588260622108e-09
2898,-8.83591377842663e-09
816,-8.883793256586614e-09
4430,-8.910494564418059e-09
2186,-8.921583471988015e-09
2708,-8.930369332915689e-09
2959,-8.930925332606421e-09
3363,-8.947210083931623e-09
3426,-8.960740593977334e-09
2191,-9.071638995550302e-09
334,-9.136168266365985e-09
3841,-9.14506959048822e-09
4021,-9.193540151386514e-09
1947,-9.342138618251283e-09
1287,-9.387845167907471e-09
1785,-9.412334467384653e-09
521,-9.452997495884574e-09
3131,-9.459422134483475e-09
1032,-9.567481917827081e-09
4823,-9.574427028979926e-09
1959,-9.601238026846204e-09
3066,-9.659720134891359e-09
731,-9.680314327908945e-09
1890,-9.696541347636867e-09
897,-9.70141789125023e-09
4377,-9.704629988505076e-09
4242,-9.719038018829451e-09
3345,-9.727959771055339e-09
4945,-9.735225958706906e-09
1163,-9.769739239828823e-09
2833,-9.778760912126927e-09
1289,-9.895790409331084e-09
2488,-9.918606380665551e-09
1891,-9.943728951355979e-09
585,-9.966962366547705e-09
3369,-9.988933236115827e-09
1857,-1.0007090267549756e-08
4641,-1.0078878620589649e-08
1757,-1.0081108836601516e-08
761,-1.0097426450528246e-08
2364,-1.0102623626551122e-08
8,-1.0127937155601785e-08
1308,-1.0131317118577954e-08
1128,-1.0149536766590472e-08
323,-1.0150187801372113e-08
912,-1.0158876406762829e-08
1741,-1.0178299980623251e-08
1037,-1.0191949506577203e-08
703,-1.021002571377494e-08
4361,-1.022684736895485e-08
583,-1.0240090553281789e-08
1522,-1.0325778898589988e-08
960,-1.0330725164209298e-08
2331,-1.0370501790646358e-08
1230,-1.0376356662789021e-08
2561,-1.0464786370789625e-08
3051,-1.057581089369819e-08
3050,-1.0601244770924723e-08
2852,-1.060427301524669e-08
3160,-1.0631652891390786e-08
1818,-1.0730136779102395e-08
2006,-1.083932277268218e-08
1175,-1.0892901247672171e-08
3306,-1.100708102441672e-08
2755,-1.10867270919357e-08
285,-1.117051606769337e-08
2123,-1.1200920635445755e-08
312,-1.1212061501453263e-08
3792,-1.1274671862793184e-08
47,-1.1280986811357252e-08
3576,-1.1370334451754616e-08
4679,-1.1387538467744207e-08
2075,-1.1439635905219347e-08
4039,-1.1460043580768797e-08
315,-1.1540985944691329e-08
2508,-1.1684071488105019e-08
4716,-1.1707782743286543e-08
2691,-1.1720272308224366e-08
2583,-1.1750705741775391e-08
1873,-1.1780924236148849e-08
3549,-1.1838980906730967e-08
406,-1.1845126657306082e-08
3110,-1.1877985706121308e-08
64,-1.1896274632050563e-08
2546,-1.1951466039050729e-08
1794,-1.1962192569825447e-08
4899,-1.2173426267025889e-08
1894,-1.2179394381917064e-08
2783,-1.2204548038852181e-08
4018,-1.2279000927151174e-08
3405,-1.2329024912105524e-08
3214,-1.2524878911790438e-08
1356,-1.2536590876521814e-08
199,-1.2559989936988813e-08
728,-1.2622884515423038e-08
2122,-1.2834493023916593e-08
2214,-1.283932871132265e-08
2133,-1.2855745801232388e-08
2935,-1.287685780226866e-08
4292,-1.2944282090643355e-08
3150,-1.2950322592075736e-08
37,-1.299138929766741e-08
1141,-1.3020998057555744e-08
4560,-1.3035883039691498e-08
562,-1.3076149940616233e-08
2698,-1.32855317858116e-08
4345,-1.3314338520586944e-08
1939,-1.3332936532606254e-08
1749,-1.3621721528522812e-08
1753,-1.3641347162973716e-08
774,-1.36444753273679e-08
2042,-1.377097547106132e-08
4113,-1.3798240328100064e-08
905,-1.3956543920556896e-08
4374,-1.3989698732785882e-08
3467,-1.4012544458097409e-08
3662,-1.4036731776911893e-08
1590,-1.4056484420876814e-08
4515,-1.4109640567028237e-08
4597,-1.4270772563662604e-08
2590,-1.427599816139491e-08
2759,-1.430431284532574e-08
3599,-1.438978980417005e-08
2202,-1.4428644945496671e-08
2117,-1.4461996045156411e-08
36,-1.4508311441119304e-08
4742,-1.4541590154237838e-08
1555,-1.4578298124234834e-08
1378,-1.4658255942379128e-08
3364,-1.4693934957676902e-08
4309,-1.4738733788988156e-08
3882,-1.4778450907471097e-08
803,-1.4786784241493933e-08
2197,-1.479659905712083e-08
2523,-1.4855352059583993e-08
4782,-1.4873533515924464e-08
360,-1.4895421340810344e-08
850,-1.4929122826856656e-08
2878,-1.5001865083519306e-08
2312,-1.5041320633457644e-08
3342,-1.512150760163422e-08
3926,-1.513007008568934e-08
1223,-1.5149996368535312e-08
3083,-1.5250680718281728e-08
444,-1.5285843701917656e-08
2000,-1.536052574024893e-08
12,-1.5385729579264762e-08
2043,-1.551187978066082e-08
1368,-1.5559511901130918e-08
511,-1.5600300162788017e-08
1693,-1.561420948092973e-08
1779,-1.5695578170493718e-08
2611,-1.5728403912618205e-08
2648,-1.579121322592414e-08
3225,-1.6053971929608224e-08
2065,-1.6082220000157577e-08
1871,-1.6086046716878855e-08
1608,-1.6107629896566777e-08
3039,-1.61646678265015e-08
338,-1.6164861005307785e-08
2934,-1.6304331662553295e-08
3511,-1.6383354228821645e-08
1341,-1.6389316570553092e-08
1714,-1.6606994002188458e-08
2744,-1.6691823034875597e-08
2765,-1.674740612855885e-08
108,-1.6749977405083882e-08
1358,-1.6809471148349076e-08
3760,-1.6830059568206934e-08
4864,-1.6969017302415068e-08
3939,-1.7008842334576002e-08
4703,-1.7102744553909588e-08
1112,-1.7105306504561213e-08
2532,-1.7212454572756997e-08
698,-1.7245507244467717e-08
3870,-1.7410640040793623e-08
4675,-1.7723069234421018e-08
3011,-1.7773547078547836e-08
928,-1.7777050942413553e-08
2110,-1.7959571607661928e-08
1770,-1.801468396678274e-08
4809,-1.8034835846947317e-08
2915,-1.8176290694782438e-08
724,-1.8194310946739733e-08
1097,-1.8221225417391906e-08
303,-1.8326854700490003e-08
361,-1.8434361592767345e-08
3026,-1.846817632156217e-08
3260,-1.8480336372306283e-08
4616,-1.8515988742251466e-08
4185,-1.8613339314299537e-08
683,-1.8673938839697257e-08
3492,-1.8713153693283857e-08
2825,-1.8941792134796742e-08
4776,-1.905215984976394e-08
2944,-1.9353751490314153e-08
3030,-1.95026510496632e-08
2529,-1.9564695641349772e-08
4108,-1.962802986810175e-08
3795,-1.964105589280507e-08
544,-1.9680932439314347e-08
2345,-1.9818512164704316e-08
2469,-2.004869070759696e-08
374,-2.0056238447807573e-08
1085,-2.00947827266873e-08
225,-2.013239353004792e-08
4699,-2.0171243342304024e-08
3393,-2.019580680467925e-08
3788,-2.0500448449922715e-08
366,-2.054156755804115e-08
4833,-2.0558699631578747e-08
4498,-2.0604964845460927e-08
2427,-2.0672735523419306e-08
515,-2.0709455483824968e-08
4493,-2.0744859163812635e-08
3704,-2.097663642786074e-08
2911,-2.1130892591259e-08
1108,-2.1143312878280085e-08
456,-2.118126563033229e-08
2618,-2.1293058871663106e-08
475,-2.1345307743558806e-08
1952,-2.1462833288410366e-08
4417,-2.1491539214935074e-08
513,-2.1527102767038286e-08
2005,-2.1569914743224672e-08
3864,-2.1615071510439066e-08
1585,-2.1878551414999947e-08
1199,-2.1893520774085573e-08
1450,-2.2026592105817144e-08
4247,-2.2212208072858175e-08
1048,-2.222898309867105e-08
3221,-2.2305088442919896e-08
1440,-2.2308557667827245e-08
2664,-2.2342558025911785e-08
2996,-2.252164144067592e-08
2775,-2.2800723975535675e-08
1524,-2.280967859036309e-08
4100,-2.2841292413033898e-08
1552,-2.2870822569132088e-08
4749,-2.2914552033626023e-08
4043,-2.3132627369193415e-08
320,-2.332919279979251e-08
972,-2.3380001934469874e-08
127,-2.340201721295898e-08
281,-2.3437012330873586e-08
1532,-2.3614254551773683e-08
1729,-2.3834869189442998e-08
3322,-2.3864165754616806e-08
3970,-2.3969167983750594e-08
1872,-2.397789078401047e-08
959,-2.4032313028499175e-08
426,-2.4045707647246672e-08
2361,-2.4094118700190847e-08
3657,-2.4151550093165497e-08
4110,-2.4197823300653454e-08
2016,-2.4231253448192547e-08
279,-2.437305557378977e-08
1309,-2.4557264666213996e-08
3718,-2.48024321081175e-08
347,-2.4857096825314784e-08
2897,-2.507826390996115e-08
2671,-2.5147978810480254e-08
1820,-2.546680555326475e-08
1075,-2.5577885587324545e-08
2660,-2.5805441339343815e-08
3272,-2.5996826913399218e-08
2143,-2.6033737832165116e-08
2004,-2.604539961481578e-08
2496,-2.6352195092727015e-08
65,-2.6502903871516992e-08
2646,-2.6594258351053668e-08
3596,-2.660406028809348e-08
336,-2.6728108615259316e-08
4422,-2.6787682294582282e-08
4912,-2.684331512625704e-08
4886,-2.6901060934392262e-08
4306,-2.7067214247722404e-08
1219,-2.712353008860191e-08
120,-2.7153394199785907e-08
2078,-2.7285025794299145e-08
2136,-2.7329547513943453e-08
899,-2.7809544000945152e-08
2228,-2.792337738810602e-08
2102,-2.830126977215741e-08
3708,-2.8452499911679752e-08
4174,-2.8482435077137325e-08
710,-2.8535398044482463e-08
4376,-2.8629231429988522e-08
2138,-2.867188353405936e-08
1767,-2.874344318115618e-08
3917,-2.8831713017041238e-08
588,-2.883541050380245e-08
3145,-2.89261326003043e-08
4559,-2.894493711380619e-08
2128,-2.8948470287559758e-08
2812,-2.9041840932109153e-08
309,-2.906836282789982e-08
1989,-2.920196262579111e-08
4519,-2.9423324221511393e-08
2225,-2.9829413605853006e-08
157,-2.987462988102152e-08
3809,-3.001120685297565e-08
2700,-3.002980708544101e-08
4367,-3.00381115536652e-08
2315,-3.037043416753704e-08
489,-3.049400731924834e-08
1966,-3.063346909470965e-08
1047,-3.065397535806369e-08
4472,-3.068649689907943e-08
641,-3.094190326180524e-08
3689,-3.105240686807065e-08
3875,-3.130966774733679e-08
4670,-3.137784165829771e-08
1670,-3.160696593340617e-08
2111,-3.224869260520791e-08
1908,-3.26949471940452e-08
4156,-3.290274896983192e-08
3199,-3.2988005216338934e-08
1730,-3.299126838385291e-08
1398,-3.310267793210642e-08
3367,-3.319267172230411e-08
3847,-3.3312620217884614e-08
1878,-3.357680533611074e-08
2732,-3.3598318793792714e-08
2850,-3.390606995168355e-08
4985,-3.5265768971726175e-08
4331,-3.556935013193652e-08
4642,-3.617735266914224e-08
649,-3.6542905590408736e-08
4717,-3.660796821236545e-08
1496,-3.6760690491632886e-08
3770,-3.67781165522274e-08
4151,-3.680851357046322e-08
2981,-3.6995356111901856e-08
1995,-3.730784037259127e-08
4664,-3.764102096681654e-08
1824,-3.766823652995299e-08
3122,-3.767547163135987e-08
4938,-3.781930146828927e-08
4757,-3.783309843186089e-08
4958,-3.7840010236322996e-08
1481,-3.7939146935173085e-08
1366,-3.798439784929997e-08
1815,-3.809681459188141e-08
4015,-3.848091090219441e-08
1789,-3.867728537443327e-08
1883,-3.876975185335141e-08
4117,-3.889295641101853e-08
3168,-3.8957953307772186e-08
1573,-3.9002767238116576e-08
1009,-3.902889922358099e-08
2647,-3.908905554794728e-08
2409,-3.911284984781105e-08
4114,-3.932277614637769e-08
3265,-3.954527372229677e-08
1160,-3.983060992140963e-08
267,-3.994668063000972e-08
4881,-4.002144926573692e-08
3632,-4.0114846555638906e-08
4835,-4.0133592449365096e-08
3780,-4.020742849775161e-08
101,-4.0760676611739655e-08
404,-4.091289262930786e-08
3343,-4.1182408594409026e-08
4470,-4.1225247215948e-08
3005,-4.144792775662154e-08
1582,-4.2019715706942407e-08
3731,-4.211498172423944e-08
3359,-4.2171333092255736e-08
2515,-4.236698458726096e-08
3435,-4.2374017183988144e-08
696,-4.2581932646612586e-08
78,-4.2691903345826177e-08
1294,-4.275769782680072e-08
884,-4.2934189536936174e-08
2985,-4.294157918138808e-08
4831,-4.3536651617159805e-08
2353,-4.355588956173051e-08
3942,-4.358791549918806e-08
4296,-4.394702379784121e-08
4245,-4.401218234306725e-08
2869,-4.417379528831589e-08
990,-4.428791200439264e-08
4378,-4.442287959705027e-08
694,-4.473474923827325e-08
1577,-4.5720405239535467e-08
2371,-4.578474666061538e-08
4759,-4.5937396109252404e-08
1074,-4.610987147657397e-08
917,-4.63947102957718e-08
4131,-4.6535982178852464e-08
631,-4.713494483610248e-08
3658,-4.731154668036197e-08
1399,-4.734145875318063e-08
1971,-4.73920742649625e-08
1548,-4.7831784755203444e-08
2729,-4.7925015067562526e-08
1825,-4.8028473642602876e-08
3798,-4.811499643153638e-08
4604,-4.82549769031948e-08
3189,-4.840232747937989e-08
2924,-4.843411360866412e-08
3796,-4.8475206071429966e-08
1382,-4.8544423592034036e-08
655,-4.858916469174801e-08
4203,-4.862754998669061e-08
4352,-4.872991077320421e-08
1592,-4.8734399626937375e-08
276,-4.873855630194157e-08
3007,-4.882003601380802e-08
2017,-4.888928906154888e-08
1658,-4.891490235081619e-08
1968,-4.895809802007989e-08
2926,-4.933263575424007e-08
978,-4.95455143578738e-08
2568,-4.966398670092076e-08
3838,-5.0106198301591576e-08
4919,-5.014170412209751e-08
1618,-5.069876074514923e-08
497,-5.137583869441187e-08
4973,-5.16365119551665e-08
1000,-5.183971829580969e-08
2227,-5.234521616159782e-08
84,-5.2604770317543625e-08
2562,-5.293438753994906e-08
1461,-5.310616835174642e-08
4226,-5.3111278930373373e-08
1570,-5.316003814925807e-08
2164,-5.3700176749771344e-08
304,-5.414467985076499e-08
1267,-5.415928150398486e-08
3392,-5.4775108893068136e-08
1465,-5.5199958381990655e-08
2951,-5.5544656873962595e-08
1372,-5.597544827651291e-08
3536,-5.671423863873315e-08
3663,-5.6753348687266225e-08
1181,-5.6987303764799435e-08
4198,-5.7208675130482334e-08
1242,-5.730408858539704e-08
1613,-5.7506035489041096e-08
1376,-5.7715293877436125e-08
2676,-5.775122602358351e-08
295,-5.791575574676244e-08
2037,-5.8439486139150176e-08
3031,-5.9498253435208426e-08
3647,-5.981042328073727e-08
3806,-5.998000496276745e-08
1713,-6.032613519835195e-08
4066,-6.06655952140045e-08
1921,-6.098695415346356e-08
4027,-6.177966227483012e-08
413,-6.197601010171638e-08
4446,-6.211532266320319e-08
889,-6.236386695945839e-08
1110,-6.257417339838867e-08
847,-6.307778477321335e-08
4029,-6.317828749047294e-08
283,-6.319675804888902e-08
4413,-6.352158621325543e-08
4589,-6.352524017927408e-08
4656,-6.541886321542734e-08
3346,-6.648292583122384e-08
3319,-6.685970532771535e-08
1851,-6.694051180033966e-08
2473,-6.746651948219551e-08
1155,-6.765851523482524e-08
859,-6.772349792072418e-08
4824,-6.794147466848699e-08
1949,-6.812355834995287e-08
4920,-6.823371734299144e-08
1363,-6.874628510900038e-08
836,-6.909056438075822e-08
392,-6.926624962488859e-08
763,-6.931557550160505e-08
1149,-7.045039041031487e-08
4224,-7.050974204503291e-08
2485,-7.116852529520656e-08
1823,-7.151015424256002e-08
2190,-7.254461209527108e-08
1209,-7.255924572291406e-08
537,-7.262379853045786e-08
3777,-7.299386339809644e-08
4748,-7.342287844380735e-08
2349,-7.390576683974359e-08
1718,-7.433492044128798e-08
263,-7.43630046429189e-08
245,-7.44005426156491e-08
275,-7.444539917855764e-08
4065,-7.487945907769245e-08
1928,-7.536634072380366e-08
3276,-7.603570750802646e-08
3801,-7.65110890199594e-08
2741,-7.714200478403654e-08
4075,-7.791897971287653e-08
755,-7.83357343436819e-08
2939,-7.85418485804712e-08
893,-7.878681884676553e-08
1728,-8.044107602245276e-08
2740,-8.058056977233718e-08
3737,-8.066533041528601e-08
4672,-8.081545033178372e-08
222,-8.09173634763738e-08
1536,-8.099983261899979e-08
4580,-8.139643981053268e-08
1313,-8.141149621110344e-08
2552,-8.143200602717116e-08
1359,-8.172597176780982e-08
2303,-8.186432509660335e-08
4507,-8.197968526246768e-08
4115,-8.201628176607301e-08
3746,-8.20420567038127e-08
1626,-8.21849397425467e-08
2354,-8.231420878246354e-08
4655,-8.266010453894523e-08
1950,-8.273280016624085e-08
4987,-8.341978485759682e-08
3743,-8.367679171783493e-08
349,-8.437337228883734e-08
333,-8.57233253270806e-08
4718,-8.625049829902309e-08
3698,-8.81556019294294e-08
2031,-8.878068769035963e-08
2203,-8.918604166296973e-08
3925,-8.949538354841025e-08
1711,-9.02135433022977e-08
35,-9.059345273954023e-08
1178,-9.073691487060387e-08
2598,-9.208018880713098e-08
3728,-9.377776422070383e-08
1,-9.472496387274987e-08
218,-9.476756446247236e-08
4347,-9.51882803690296e-08
3411,-9.554488755725288e-08
4128,-9.696210412357686e-08
190,-9.715700599599586e-08
1800,-9.794966615572775e-08
1472,-9.79803935763357e-08
552,-9.798136701988369e-08
4479,-1.0133717509575035e-07
2811,-1.0147079265721004e-07
457,-1.0291886454183441e-07
4355,-1.0339575950979452e-07
1599,-1.0441121744975135e-07
2367,-1.0495547897448887e-07
2538,-1.0606585121308854e-07
1530,-1.0669991823419878e-07
2714,-1.0695088192846924e-07
1669,-1.0729930011166289e-07
2554,-1.078328217829494e-07
829,-1.0798607519291181e-07
4414,-1.0905105085612377e-07
2512,-1.0910409997677561e-07
4443,-1.0980045317410259e-07
550,-1.116715857563122e-07
3940,-1.1216506123901127e-07
2375,-1.1218788387168388e-07
3179,-1.1308522829267531e-07
1637,-1.1606629968241577e-07
4887,-1.1695816937162817e-07
2461,-1.1714623582292916e-07
3766,-1.1732896965099826e-07
2486,-1.1734090321624535e-07
824,-1.1757411400026285e-07
1586,-1.176353912057948e-07
4826,-1.1906153574159362e-07
2965,-1.1917114406401197e-07
2836,-1.1937718724652768e-07
2482,-1.207848967510472e-07
1786,-1.2188310094529697e-07
2599,-1.2316714048665744e-07
405,-1.240140221625552e-07
4690,-1.2554355777183446e-07
1671,-1.260466717667441e-07
4779,-1.260897413146722e-07
2434,-1.261839415178656e-07
4497,-1.2661605097719075e-07
805,-1.281166319699878e-07
97,-1.309775043978334e-07
4676,-1.318605740152634e-07
2808,-1.328710297343605e-07
3994,-1.3378031837874005e-07
223,-1.3399104403788442e-07
2651,-1.3411570165544617e-07
2185,-1.383763077456024e-07
1805,-1.3924285013899862e-07
3986,-1.397542703784893e-07
259,-1.4127166281241443e-07
472,-1.4295125083663152e-07
2586,-1.4371605061569426e-07
3963,-1.44316985029036e-07
2575,-1.4575830675767065e-07
2976,-1.4653437574452255e-07
4635,-1.4844665230384635e-07
329,-1.5094504135504394e-07
3577,-1.514960175086344e-07
2582,-1.522884431892635e-07
3686,-1.5233828776217706e-07
3101,-1.5234525818641487e-07
963,-1.5236909689519962e-07
2883,-1.5242974171769674e-07
4715,-1.5303730549476313e-07
418,-1.5368802053217223e-07
2438,-1.5511681539237543e-07
1355,-1.5607966474817658e-07
1634,-1.563952594096918e-07
1174,-1.5832751643074516e-07
4720,-1.617519700403136e-07
1127,-1.6275203762461388e-07
2449,-1.6305589412013433e-07
865,-1.6321892815085448e-07
2571,-1.6374169575783526e-07
3042,-1.6488503007394684e-07
551,-1.6514120204647043e-07
448,-1.6905713096093677e-07
2781,-1.7020870757278317e-07
2295,-1.7118083661671335e-07
2253,-1.7662999596268492e-07
3839,-1.771209028333942e-07
377,-1.7749122349641766e-07
2549,-1.8017259861835555e-07
1974,-1.8051390071605056e-07
3534,-1.8211299135373338e-07
838,-1.845392318955419e-07
2570,-1.850264155223158e-07
2204,-1.8560918135790416e-07
1661,-1.8654789357697155e-07
4187,-1.865598662220691e-07
4939,-1.8805741319738445e-07
4558,-1.8865090112285543e-07
3353,-1.9088964364755157e-07
3755,-1.9109864268784804e-07
3340,-1.9481485225014694e-07
843,-1.9841237985929183e-07
541,-2.0487839691440968e-07
569,-2.0773028808207528e-07
1138,-2.1084103707380564e-07
90,-2.1362000524050018e-07
4977,-2.1391098670164865e-07
4440,-2.243506216359492e-07
4119,-2.2446732117487045e-07
4524,-2.245771497655369e-07
164,-2.2523776266325513e-07
4517,-2.2637726715402096e-07
3389,-2.266527872052393e-07
2968,-2.2744566052779192e-07
3948,-2.2856577430729885e-07
994,-2.3449855035551082e-07
4983,-2.3699995210790803e-07
3187,-2.3731698206574947e-07
4769,-2.3787683289810957e-07
1284,-2.4859133418431156e-07
827,-2.526975038108503e-07
2404,-2.5359869937346957e-07
4948,-2.6321986013044807e-07
4692,-2.632458802054316e-07
2406,-2.6358142690696695e-07
424,-2.639969665096942e-07
2715,-2.659838003182813e-07
2780,-2.7170679572918743e-07
4857,-2.71811003926814e-07
3470,-2.7553782899758517e-07
1139,-2.761692172725816e-07
685,-2.7635996957542375e-07
491,-2.763947151152024e-07
507,-2.7775861610734864e-07
3128,-2.8047553257692925e-07
3774,-2.807439614116447e-07
3224,-2.863702519562139e-07
1221,-2.90029717575635e-07
1812,-2.9383021171724977e-07
4666,-2.9504701615223894e-07
3518,-2.958269789132828e-07
3578,-2.9691467773318436e-07
2998,-2.986190565934521e-07
841,-2.995338235223244e-07
1583,-3.0215768731522985e-07
4885,-3.0467062117622845e-07
3350,-3.069639262776036e-07
3756,-3.093053919656086e-07
3664,-3.1677603828939027e-07
2800,-3.1881231166153157e-07
3096,-3.188316100022348e-07
391,-3.246868942596848e-07
2517,-3.2863781029845995e-07
3360,-3.3500379004181013e-07
3607,-3.3938381704956555e-07
1791,-3.4238097157412994e-07
664,-3.476824872450379e-07
4682,-3.4912351054572355e-07
985,-3.53209586023695e-07
1901,-3.5407840925927303e-07
1337,-3.5420464428170817e-07
2377,-3.5687537547346437e-07
4693,-3.654163265309762e-07
4295,-3.700075978940731e-07
3422,-3.732288149649321e-07
2839,-3.746890655520474e-07
3848,-3.7737498814749415e-07
1980,-3.7810740138866095e-07
4308,-3.791000011688084e-07
32,-3.7983707557032176e-07
1335,-3.8475140229365934e-07
1497,-3.8777052679961344e-07
1019,-3.9765298254224035e-07
608,-3.9991576272768725e-07
2326,-4.0294011682817654e-07
1502,-4.035156564441422e-07
867,-4.0913535315212357e-07
3049,-4.107754847382239e-07
2649,-4.1215267287952884e-07
4535,-4.1229748148907674e-07
1913,-4.1579581022688217e-07
1373,-4.1715544796261383e-07
3305,-4.186793489679985e-07
700,-4.275557472510627e-07
2398,-4.5100340173576114e-07
716,-4.545240983588883e-07
216,-4.649754714591836e-07
191,-4.721270556728996e-07
1649,-4.859670639234537e-07
2654,-4.881360808894897e-07
1346,-5.051615090678752e-07
3374,-5.082090410724049e-07
2958,-5.142433252558476e-07
3079,-5.14831555165074e-07
3027,-5.191795366954466e-07
3568,-5.223493531048007e-07
4492,-5.305311105985311e-07
639,-5.564279774716852e-07
4596,-5.783600727227167e-07
1732,-5.949464991772402e-07
2696,-5.969651226678252e-07
518,-6.061896442588477e-07
870,-6.342334302189556e-07
4837,-6.348246586185269e-07
1929,-6.454560548263544e-07
384,-6.454610286255047e-07
3957,-6.519457542708551e-07
1996,-6.579706735010404e-07
2337,-6.647023553796316e-07
1965,-6.757080370789481e-07
3696,-6.910188687925256e-07
4406,-7.083696402787609e-07
112,-7.474594667655765e-07
2120,-7.498327363464341e-07
3119,-7.513983177886985e-07
3764,-7.619351833909604e-07
3850,-7.761663596284052e-07
421,-7.938947987895517e-07
2087,-7.943394564335904e-07
3404,-8.111685758649401e-07
1623,-8.131326865168376e-07
4660,-8.223728400480468e-07
2533,-8.256591854660655e-07
2044,-8.641279976018268e-07
2358,-9.428476346329262e-07
3881,-9.809699861307308e-07
638,-9.955709288078651e-07
1453,-1.0318674412701512e-06
4191,-1.0568112998043944e-06
2033,-1.058231759998307e-06
1095,-1.077171702945634e-06
4855,-1.1130621828669973e-06
2506,-1.2089398069292656e-06
209,-1.216548241700366e-06
1801,-1.241403936091956e-06
807,-1.2448328448044776e-06
977,-1.2586287994054146e-06
2771,-1.2847194739151746e-06
706,-1.2897965007141465e-06
4053,-1.3188491720939055e-06
950,-1.417404860148963e-06
1646,-1.4185403074407077e-06
439,-1.4228398867999204e-06
3045,-1.4389149214366626e-06
1133,-1.4536693129230116e-06
1773,-1.471702091748739e-06
1327,-1.5361329701590876e-06
2728,-1.543429789307993e-06
137,-1.5864181364122487e-06
3263,-1.696993024324911e-06
975,-1.7062047845683992e-06
299,-1.8328657347410626e-06
2418,-1.8712392488851037e-06
3465,-1.8961310388476704e-06
4291,-1.9182493815605994e-06
2039,-1.9299454834253993e-06
1126,-1.9861615783156594e-06
1685,-2.063695433207613e-06
3819,-2.0860919676124468e-06
1027,-2.242021196252608e-06
680,-2.2727673467670684e-06
3162,-2.3695545223745285e-06
1853,-2.389758492427063e-06
4810,-2.5068032982744626e-06
630,-2.5211134015989956e-06
4713,-2.550566023273859e-06
4069,-2.594356828922173e-06
707,-2.7092469281342346e-06
4294,-2.7524168899617507e-06
4520,-2.825651449711586e-06
3716,-2.855402840395982e-06
4380,-2.8849673299191636e-06
1317,-2.9294095611476223e-06
2528,-2.9625781508002547e-06
1021,-2.990177677020256e-06
702,-3.1636019457437214e-06
1117,-3.1954205041984096e-06
4746,-3.399142315174686e-06
2311,-3.6580219102688716e-06
2242,-3.724094653989596e-06
797,-3.7676152260246454e-06
596,-3.7863802617721376e-06
2770,-3.950586915379972e-06
980,-4.052232725371141e-06
246,-4.644475438908557e-06
1790,-4.680252914113225e-06
2155,-4.747368393509532e-06
473,-4.9680327265377855e-06
2895,-5.175832939130487e-06
2426,-5.7076506436715135e-06
1528,-5.93541631133121e-06
1224,-6.581391062354669e-06
1471,-6.887377821840346e-06
1697,-7.01056933394284e-06
1183,-7.38643211661838e-06
55,-8.193440862669377e-06
2462,-9.080230938707246e-06
3001,-9.332457466371125e-06
3613,-9.808501545194304e-06
2701,-1.245086605194956e-05
2024,-1.2451987458916847e-05
1323,-1.3343430964596337e-05
3661,-1.3411236977844965e-05
4381,-1.4386407656274969e-05
4592,-1.4417344573303126e-05
4918,-1.5870951756369323e-05
1584,-1.6154277545865625e-05
4379,-1.695136415946763e-05
4275,-1.6985520232992712e-05
2930,-1.7831996046879794e-05
1684,-2.0309013962105382e-05
2727,-2.0913266780553386e-05
115,-2.3910458367026877e-05
1146,-2.489388862159103e-05
128,-2.6136690394196194e-05
4074,-2.6597145733830985e-05
4161,-3.4110065826098435e-05
4416,-3.4742171919788234e-05
1880,-3.896751695720013e-05
4071,-4.199156137474347e-05
2813,-4.8244703066302463e-05
3993,-5.439686901809182e-05
3494,-5.894807145523373e-05
