Train_ID,Score
1287,0.008731145411729813
535,0.008491383399814367
4053,0.007861474296078086
7753,0.007541687227785587
3635,0.007492647971957922
6530,0.00736655481159687
3613,0.00706517556682229
1980,0.006938734324648976
3422,0.006765816127881408
7574,0.00658664689399302
6758,0.006559430854395032
2155,0.00645915069617331
3764,0.006439507007598877
5915,0.006403790088370442
2654,0.006401455262675881
4909,0.006396474549546838
1820,0.006347891874611378
5313,0.006336238002404571
763,0.006317416438832879
7693,0.006226284662261605
4294,0.006224511889740825
6537,0.006094797980040312
2599,0.006035852013155818
4885,0.006024621427059174
2821,0.006017930340021849
1592,0.005999071756377816
1933,0.005969020072370768
5227,0.005953176179900765
421,0.005869349697604775
1221,0.005860941018909216
6690,0.00584013806656003
6322,0.005835323361679912
1913,0.005795609904453158
5972,0.005749663105234504
5593,0.005742609733715653
2354,0.005726742558181286
1637,0.0057089056354016066
4964,0.005697805900126696
7472,0.005690043559297919
2780,0.005585128208622336
3957,0.005570323904976249
6076,0.0055642512161284685
7047,0.00554051878862083
7104,0.005530265159904957
7311,0.005511358380317688
2586,0.005497612524777651
281,0.005457848077639937
5987,0.005406480748206377
1711,0.005392840597778559
6671,0.005372512387111783
4771,0.005350720137357712
7749,0.005339811323210597
2766,0.005247258814051747
2562,0.005247100489214063
6315,0.005221881438046694
2171,0.0052208444103598595
710,0.005165571114048362
3388,0.005154586397111416
1805,0.005125376395881176
4982,0.005116034997627139
7054,0.005112586077302694
2120,0.00511138653382659
457,0.005095900734886527
7632,0.005095726810395718
6676,0.005064394790679216
6657,0.005062093026936054
1795,0.00504614133387804
1573,0.005044891033321619
1965,0.0050335058476775885
2301,0.004978870507329702
5935,0.004960082937031984
120,0.004955927841365337
1232,0.0049549671821296215
4520,0.004941883031278849
3663,0.004932924872264266
1183,0.004930184921249747
5790,0.004900794941931963
5230,0.004897833103314042
5749,0.004892757162451744
7706,0.004879950545728207
4746,0.004868106450885534
6732,0.004862906411290169
3985,0.004851059289649129
1662,0.004840434296056628
5116,0.0048397567588835955
3027,0.0048353648744523525
7827,0.004830202786251903
1452,0.004825057927519083
2087,0.0048142781015485525
7322,0.004811587044969201
5758,0.004801929462701082
4475,0.004800589056685567
537,0.004792188294231892
1943,0.004790382692590356
6632,0.004788602003827691
4483,0.004781019873917103
5114,0.004739708267152309
980,0.004734652582556009
671,0.004726618295535445
364,0.004721743753179908
6956,0.004718991229310632
5358,0.004711331333965063
2404,0.004696146585047245
2991,0.004692929331213236
714,0.004682442871853709
3374,0.0046799080446362495
2784,0.004675019066780806
1284,0.004660106264054775
2309,0.004643417662009597
7838,0.0046419380232691765
177,0.004637638106942177
859,0.004636583849787712
5905,0.00463419989682734
3677,0.0046262473333626986
3473,0.004607028793543577
4851,0.004600551212206483
5059,0.004598205676302314
3893,0.004591773729771376
4084,0.004591475473716855
5312,0.004585715476423502
661,0.004585400223731995
978,0.004557035164907575
3722,0.004540312569588423
6505,0.004534893203526735
3162,0.004521571798250079
7441,0.004512803163379431
1138,0.004505117191001773
5990,0.004495787434279919
3174,0.004491121741011739
1224,0.0044825642835348845
6458,0.004479850409552455
7617,0.004467599093914032
3728,0.004463278921321034
1123,0.004462550859898329
5617,0.00446174549870193
2517,0.004455262562260032
6524,0.00445419573225081
6380,0.0044504504185169935
7022,0.004443948855623603
6774,0.004438860574737191
6590,0.004413561895489693
6330,0.004410201450809836
6703,0.004401362035423517
7194,0.004384717904031277
518,0.004372629337012768
2741,0.004369287518784404
34,0.004357972182333469
7309,0.004354293458163738
4758,0.004351064329966903
3687,0.00434373808093369
5223,0.004343121079728007
844,0.004336612299084663
3446,0.004313861718401313
2418,0.004296065773814917
2315,0.004291897173970938
6366,0.004280998837202787
7435,0.0042799534276127815
1649,0.004274733597412705
5095,0.004273118218407035
3582,0.0042673752177506685
3883,0.004265990573912859
2948,0.004262673668563366
6194,0.004250792786478996
4491,0.004247152945026755
706,0.004238517954945564
6218,0.004231945611536503
2950,0.004220530856400728
7576,0.004213849315419793
4841,0.0042045023292303085
3632,0.004199035465717316
6090,0.004187381360679865
5175,0.004178900737315416
2811,0.004166984930634499
2936,0.004165749065577984
6551,0.0041514050681144
7936,0.00414320221170783
7491,0.0041371858678758144
7165,0.004132973728701472
5908,0.004129721317440271
6285,0.00412054592743516
3045,0.004117261851206422
5185,0.004111242713406682
1717,0.0040974903386086226
7100,0.004091216018423438
4635,0.004087623208761215
7959,0.004087346605956554
424,0.004086941247805953
2543,0.004083374748006463
3435,0.004079981241375208
3175,0.004079690668731928
7528,0.004068294074386358
5851,0.004068045178428292
3755,0.0040648996364325285
6911,0.004064552253112197
2765,0.0040611992590129375
3378,0.004060489125549793
5453,0.004060438834130764
2512,0.004058620426803827
7537,0.004058409249410033
4216,0.0040445285849273205
4421,0.004030901240184903
2277,0.004028671886771917
5561,0.004025256494060159
2350,0.00401098420843482
6190,0.004008585354313254
3731,0.0040072486735880375
1824,0.003995482809841633
1100,0.003992345649749041
5310,0.003980516456067562
1929,0.003973168320953846
4519,0.003972771344706416
4524,0.003969867713749409
4552,0.003957859007641673
2462,0.003956551430746913
4153,0.003955867025069892
1906,0.0039518255507573485
437,0.003945243079215288
2033,0.003943725023418665
6060,0.003936941619031131
3899,0.003910114523023367
2976,0.0039025949081405997
4103,0.0038953584153205156
2066,0.003893235232681036
4008,0.0038926005363464355
4928,0.003884744946844876
2073,0.0038783930940553546
1761,0.0038774600252509117
2794,0.003876084112562239
5049,0.003872256027534604
1758,0.0038705880288034678
6971,0.0038700264412909746
6202,0.0038684230530634522
6197,0.003867571009323001
4339,0.0038655519019812346
6482,0.003862421726807952
6878,0.003860690165311098
5119,0.00383605039678514
3482,0.0038344140630215406
4971,0.003827467327937484
7790,0.0038274122634902596
726,0.0038212661165744066
7942,0.0038129661697894335
7787,0.0038038905477151275
6291,0.0037978844484314322
3846,0.003793880227021873
7940,0.003786562941968441
7694,0.0037852816749364138
4045,0.00378441927023232
962,0.0037833148380741477
5430,0.0037824129685759544
5465,0.0037800241261720657
994,0.003778129699639976
5543,0.0037733064964413643
875,0.0037630294682458043
919,0.003759243176318705
2097,0.003749229130335152
1192,0.0037474535638466477
1231,0.0037463094340637326
4713,0.0037441926542669535
3404,0.003727549104951322
7114,0.0037263198755681515
6226,0.0037203816464170814
6945,0.003713134676218033
7635,0.0036972644738852978
1422,0.0036969598149880767
7201,0.0036960734287276864
5762,0.0036901761777698994
1039,0.0036891233175992966
3016,0.0036814637714996934
4244,0.0036684232763946056
6817,0.003658176399767399
6025,0.003655208507552743
288,0.003642117138952017
5319,0.0036420845426619053
4970,0.003638765076175332
3806,0.0036386537831276655
3641,0.0036359902005642653
6455,0.0036186674842610955
2663,0.0036154307890683413
2575,0.003610245301388204
3607,0.0036076060496270657
2185,0.003607459249906242
6385,0.0036027864553034306
1503,0.0036005041329190135
4658,0.0035988539457321167
6749,0.0035949652083218098
6989,0.003594260662794113
7614,0.0035817273892462254
6195,0.0035813957219943404
1332,0.003570577595382929
4936,0.0035689244978129864
4377,0.0035683310125023127
3699,0.0035662297159433365
7242,0.003556326264515519
6365,0.003544611041434109
7124,0.0035356704611331224
3389,0.00353344960603863
3439,0.00352377793751657
6121,0.003522514831274748
747,0.0035136524820700288
5962,0.0035091842291876674
5934,0.003485951106995344
1975,0.003483595559373498
1236,0.0034827736672014
6949,0.0034782179864123464
1599,0.003474275814369321
6398,0.0034737339010462165
3693,0.003470052615739405
4134,0.0034691368928179145
6092,0.0034688632003962994
392,0.0034661112586036325
5027,0.003455379861406982
4897,0.0034525549272075295
7789,0.0034519750624895096
5408,0.0034508645767346025
2182,0.0034487537341192365
2334,0.0034437363501638174
6577,0.0034424999030306935
5743,0.0034414890687912703
4863,0.0034401805605739355
4645,0.003437183448113501
4984,0.003417638596147299
2839,0.0034169687423855066
3596,0.003401230671443045
7723,0.0033992095850408077
4596,0.003398405620828271
6136,0.003397880936972797
6017,0.003392172046005726
2414,0.003390410332940519
1949,0.003386399708688259
5548,0.003383487928658724
7427,0.003377516521140933
2135,0.0033765905536711216
4509,0.0033753861207515
4354,0.0033713385928422213
4637,0.0033671414712443948
5659,0.003366870223544538
7593,0.0033641302725300193
4095,0.0033541882876306772
4311,0.0033318245550617576
1133,0.0033293796004727483
4013,0.003328760853037238
6518,0.003326400415971875
4887,0.003320438554510474
7521,0.003316893824376166
6898,0.0033114136895164847
635,0.0033074941020458937
2528,0.0033035584492608905
1417,0.0032997907837852836
1327,0.0032779881730675697
7352,0.003272786270827055
1833,0.0032677126582711935
4091,0.003265626495704055
7256,0.0032621672144159675
575,0.003260282101109624
841,0.0032544316491112113
4227,0.003253592411056161
4119,0.0032534009078517556
2039,0.003253009170293808
2485,0.0032499326625838876
5667,0.0032467420678585768
5372,0.003245487343519926
4838,0.003241925034672022
7257,0.0032371561974287033
4718,0.0032348339445888996
2542,0.0032329586101695895
7702,0.0032278139842674136
4170,0.0032276653219014406
2877,0.0032246732152998447
4549,0.0032231106888502836
1530,0.00322073872666806
2024,0.0032192239305004478
3869,0.0032190425554290414
2610,0.003211042145267129
3369,0.0032037984346970916
4763,0.003191351774148643
3365,0.0031861054012551904
3272,0.003185493522323668
2022,0.003184580709785223
5326,0.003183045075275004
6735,0.00317838485352695
2921,0.0031733765499666333
2633,0.0031675556674599648
3011,0.00316726288292557
4238,0.003162092179991305
1249,0.0031611922895535827
5546,0.003160922904498875
4921,0.0031548683764413
6993,0.003144296701066196
3657,0.003140960936434567
327,0.0031388027127832174
2951,0.0031384527683258057
7607,0.0031258983071893454
5861,0.0031239166855812073
6872,0.003118733875453472
2971,0.003117746557109058
1712,0.0031121319625526667
757,0.0031104496447369456
3838,0.0031093775760382414
838,0.003108944627456367
6807,0.0031003906624391675
7002,0.00309896282851696
2110,0.003091238671913743
6896,0.0030904164304956794
56,0.0030837460653856397
5416,0.003080938244238496
1413,0.0030784481205046177
6327,0.003063320997171104
4022,0.003055972163565457
3350,0.003043409902602434
3516,0.0030418317764997482
3552,0.0030368888983502984
7627,0.003035781206563115
5572,0.0030329113360494375
7316,0.0030300525249913335
60,0.0030291952425614
1893,0.0030272359726950526
1895,0.003023252240382135
4542,0.0030230036936700344
7809,0.0030214469879865646
4905,0.003020753851160407
5585,0.003019444295205176
5901,0.0030168480006977916
3646,0.0030141964089125395
6920,0.0029988501919433475
5450,0.0029966996517032385
5376,0.0029945847345516086
812,0.0029917664360255003
4209,0.0029827411053702235
5182,0.0029822810320183635
5900,0.0029804289806634188
446,0.0029745674692094326
6496,0.0029577413806691766
4943,0.002953985007479787
7568,0.0029539610259234905
2036,0.0029510544845834374
7370,0.0029506830032914877
7804,0.002943623927421868
639,0.0029389472911134362
6188,0.002937426441349089
1723,0.002929110429249704
6372,0.002924147411249578
1921,0.0029196065152063966
5140,0.002916733967140317
504,0.0029161060228943825
251,0.0029129519825801253
4171,0.00291113811545074
1705,0.002901241183280945
1876,0.002897761412896216
2649,0.0028874485287815332
3948,0.002883405890315771
3346,0.002877933904528618
1596,0.0028679490787908435
567,0.002866053022444248
7823,0.0028525246307253838
6044,0.0028497122693806887
4633,0.0028375418623909354
7099,0.0028322633588686585
223,0.002828095341101289
6889,0.0028231553733348846
1472,0.002822694252245128
843,0.0028214766643941402
4517,0.0028201742097735405
1816,0.002819565823301673
2808,0.0028176967753097415
1562,0.002817420638166368
507,0.002816705498844385
39,0.0028088984545320272
3726,0.002807984477840364
1813,0.002807641983963549
4365,0.0027869276236742735
6859,0.002785665914416313
532,0.002780671580694616
1806,0.002779912785626948
6210,0.0027713484596461058
5930,0.0027672569267451763
7264,0.00276690861210227
912,0.0027634688885882497
3107,0.0027582227485254407
7539,0.0027582193724811077
7462,0.0027524527395144105
5863,0.002748141414485872
6566,0.002741756848990917
4714,0.002740409690886736
4187,0.002737747156061232
7854,0.0027362440014258027
7447,0.002735716290771961
7912,0.002731911023147404
1721,0.002726296428591013
472,0.002723484532907605
1189,0.0027215424925088882
7832,0.002719747950322926
7640,0.0027138139121234417
3262,0.00271221692673862
1516,0.0027041450375691056
7875,0.0027037105755880475
827,0.002699816948734224
2356,0.002696892130188644
4987,0.0026867613196372986
7883,0.002686117310076952
5902,0.0026859077624976635
6559,0.0026857299963012338
7808,0.0026823588414117694
7865,0.0026804321678355336
2236,0.0026765685761347413
4682,0.0026746848598122597
4198,0.0026724368799477816
426,0.00267077109310776
7984,0.002667209831997752
4867,0.0026646030601114035
6528,0.0026633712695911527
366,0.002649189787916839
1838,0.002649129368364811
55,0.0026482684770599008
7566,0.002646955195814371
4721,0.002646444598212838
491,0.0026424103416502476
7633,0.0026380553608760238
2417,0.0026364215882495046
4438,0.0026283584302291274
5263,0.002625726629048586
3190,0.002621178049594164
6856,0.0026150010526180267
7166,0.0026100610848516226
6107,0.0026090180035680532
4347,0.0026082934346050024
1583,0.0026017195777967572
680,0.002601037616841495
3986,0.002598846680484712
5029,0.002592516830191016
807,0.0025895267026498914
7343,0.0025880701141431928
6088,0.0025783797027543187
5100,0.0025775920366868377
4261,0.002576622529886663
963,0.002575300168246031
5246,0.002574495389126241
5655,0.0025730456691235304
531,0.0025683455169200897
1780,0.002565149450674653
4420,0.0025644986890256405
5496,0.0025566212134435773
6230,0.002550776000134647
7493,0.002549014170654118
7553,0.0025411505484953523
3430,0.002538581262342632
4086,0.0025349841453135014
4182,0.0025293928338214755
6549,0.00252906559035182
154,0.0025261607952415943
6483,0.002523361472412944
5888,0.002523074042983353
6464,0.002522147144190967
4430,0.002518712659366429
5139,0.0025144435930997133
3816,0.002508075092919171
4061,0.0025009301025420427
1801,0.0024996777065098286
2908,0.0024964811746031046
2723,0.002493110136128962
6016,0.0024893555091693997
5220,0.0024871190544217825
5996,0.0024827581364661455
908,0.002480018651112914
4368,0.0024770128075033426
3363,0.002474099863320589
2154,0.0024702317314222455
830,0.0024666215758770704
7469,0.0024657839676365256
5357,0.0024603523779660463
792,0.0024574033450335264
7798,0.00244750059209764
2647,0.0024468739284202456
6002,0.0024442237336188555
7755,0.0024432969512417912
5929,0.0024375211214646697
7577,0.0024370542960241437
2368,0.002435937523841858
3232,0.0024341032840311527
1587,0.0024323599645867944
377,0.0024307072162628174
216,0.0024201408959925175
7552,0.002419334137812257
4281,0.0024064400931820273
218,0.0024049513740465045
7140,0.002404215279966593
6914,0.0024012307403609157
7636,0.0023969297762960196
5799,0.0023951531620696187
6770,0.0023945524590089917
4112,0.00239374628290534
2153,0.0023914065677672625
4616,0.0023869196884334087
1996,0.0023857217747718096
6962,0.0023799720220267773
3975,0.002371187205426395
6027,0.0023711075773462653
5076,0.0023662687744945288
3056,0.002365480992011726
6124,0.0023641976295039058
4618,0.0023635377874597907
5171,0.0023613414959982038
2658,0.0023560646222904325
7249,0.0023538388777524233
2011,0.002352781593799591
6286,0.0023519755341112614
209,0.0023485952988266945
3619,0.002344672568142414
4269,0.0023322980850934982
3499,0.0023302361369132996
4720,0.0023289944510906935
1390,0.00232283235527575
3833,0.0023170028580352664
6895,0.002314775832928717
137,0.0023141560377553105
5436,0.002308918396010995
923,0.0023077004589140415
3360,0.0023068266455084085
2348,0.0023018429055809975
3532,0.0022997610503807664
2337,0.0022891118424013257
2669,0.002287877374328673
6753,0.0022871497785672545
1144,0.002283655689097941
804,0.002281731693074107
6828,0.0022804036270827055
1569,0.0022764814784750342
5714,0.0022760529536753893
3766,0.002275400678627193
6199,0.002273963065817952
870,0.0022708787582814693
239,0.0022520002676174045
7395,0.002251417958177626
1495,0.002247677883133292
4541,0.0022475904552266
298,0.002243328606709838
3148,0.0022409597877413034
6840,0.002240958623588085
4567,0.0022406040225178003
7662,0.002237002016045153
636,0.0022341881413012743
7067,0.002232819329947233
2219,0.0022293563233688474
7705,0.002228693338111043
2547,0.0022277303505688906
4809,0.0022270443150773644
785,0.002226613578386605
3647,0.0022238080855458975
5342,0.0022192763863131404
6198,0.002216409775428474
6799,0.0022057098103687167
1640,0.002197894034907222
5845,0.0021956453565508127
5090,0.0021842302521690726
2090,0.0021753457840532064
1386,0.0021711294539272785
1901,0.002167320344597101
2377,0.002166348393075168
598,0.0021663178922608495
451,0.0021652713185176253
7750,0.0021613260032609105
164,0.0021578437881544232
2787,0.0021570255048573017
5641,0.002153740730136633
3028,0.002152607776224613
4610,0.0021515205735340714
3712,0.0021513134706765413
6715,0.00215060543268919
2954,0.002145002014003694
5582,0.002144710859283805
3748,0.0021426016464829445
1791,0.00214203423820436
4947,0.0021391374757513404
2783,0.002138353534974158
5006,0.002138022449798882
1983,0.0021369510795921087
1744,0.002136328024789691
6933,0.0021311334567144513
7473,0.002128582098521292
3031,0.002127883955836296
5232,0.0021261596120893955
1324,0.0021247733384370804
5542,0.0021222729701548815
7271,0.0021222324576228857
4054,0.0021205926313996315
4172,0.002119767596013844
6310,0.0021132169058546424
193,0.0021102885948494077
6607,0.002106376690790057
1330,0.0021042110165581107
2833,0.002101995749399066
259,0.0021018144907429814
4102,0.0021003757137805223
4948,0.0020979548571631312
3952,0.0020817634649574757
2513,0.0020785138476639986
7532,0.0020772835705429316
7955,0.0020727236988022923
4847,0.0020684548653662205
2613,0.0020664167823269963
5056,0.002060318482108414
5716,0.0020584488520398736
1097,0.002057101228274405
3860,0.0020560806151479483
736,0.002054712502285838
221,0.0020546275191009045
2161,0.0020542267011478543
4291,0.0020532298367470503
2065,0.0020529237808659673
5734,0.0020521970000118017
913,0.002044733613729477
1337,0.002031791489571333
3179,0.002031212323345244
3651,0.0020308162784203887
2530,0.0020299284369684756
7075,0.0020286121871322393
1914,0.0020224909530952573
4375,0.002021743217483163
4229,0.0020202654413878918
4857,0.002017492661252618
5073,0.002016421523876488
2501,0.0020152349025011063
4789,0.002014834783039987
4101,0.0020144162699580193
7728,0.0020121013512834907
774,0.0020056271459907293
1304,0.001998158753849566
2640,0.001997168583329767
469,0.00199682405218482
2855,0.0019823513575829566
4837,0.0019804280600510538
967,0.0019787095952779055
7496,0.0019771645311266184
5689,0.0019769626669585705
2049,0.00197324703913182
6772,0.0019732293440029025
6187,0.0019721348071470857
4476,0.0019714226946234703
4492,0.001971007790416479
6939,0.0019689220935106277
266,0.0019638172816485167
6763,0.001962292881216854
4975,0.001961524481885135
2344,0.0019599903607741
1298,0.001958447101060301
7495,0.001955917803570628
5999,0.001953243277966976
234,0.0019492871360853314
3867,0.0019446939695626497
6036,0.0019438117160461843
5922,0.0019432457047514617
2975,0.0019425053033046424
5704,0.001940335612744093
5515,0.0019312408985570073
3101,0.0019259953987784684
6456,0.001925248943734914
4604,0.0019236732041463256
5808,0.0019205735879950225
7612,0.0019186456338502467
80,0.0019175479537807405
7383,0.001916036824695766
1062,0.0019122156663797796
1294,0.0019054634612984955
2835,0.001902931951917708
6289,0.001900418836157769
7216,0.0018993218545801938
5046,0.0018896244000643492
2046,0.0018890288774855435
4310,0.0018883947050198913
6383,0.0018876314861699939
3104,0.0018862534197978675
3576,0.0018844857695512474
2679,0.0018775083008222282
551,0.0018763167900033295
19,0.0018758178339339793
4715,0.0018752638134174049
5713,0.0018738433136604726
1334,0.001873220899142325
3618,0.0018694362370297313
497,0.0018692297162488103
3936,0.00186658970778808
1822,0.0018661241047084332
3095,0.0018599203322082758
4097,0.0018571846303530037
1607,0.0018537266878411174
2700,0.0018536963034421206
7155,0.0018507101922295988
3044,0.0018450948409736156
5523,0.0018436933169141412
1697,0.0018384475843049586
5514,0.001838417665567249
5721,0.0018358557135798037
4390,0.0018341739778406918
6633,0.0018334045307710767
4543,0.001830440538469702
3030,0.001827340864110738
2893,0.0018252551672048867
3505,0.00182387389941141
4353,0.0018237186595797539
1538,0.0018204532098025084
3082,0.0018203382496722043
6739,0.001817084033973515
7096,0.0018157011363655329
7558,0.001813350070733577
7353,0.0018124629859812558
7071,0.001811135618481785
5201,0.001808108703698963
3592,0.0018046124023385346
4164,0.0017994757508859038
5302,0.0017952999914996326
6902,0.0017951661720871925
3568,0.0017946837469935417
6177,0.0017932112095877528
7359,0.0017892680480144918
2164,0.0017887675203382969
3229,0.0017882437678053975
90,0.001781410537660122
3612,0.0017794009763747454
6612,0.0017777688335627317
2383,0.0017771233106032014
75,0.001776481862179935
7323,0.0017723259516060352
867,0.0017711325199343264
7601,0.0017688698135316372
2856,0.001768477843143046
1149,0.0017666221247054636
1162,0.0017589226481504738
1786,0.001756674493663013
21,0.0017525221919640899
7970,0.001751944946590811
1067,0.0017493793275207281
2949,0.0017468739533796906
3493,0.0017455893685109913
4769,0.0017446732381358743
4864,0.001744571200106293
2253,0.0017440585070289671
6326,0.0017437207279726863
7419,0.0017435996560379863
7727,0.0017435851623304188
1155,0.0017427974962629378
5150,0.001741965999826789
5353,0.001741692831274122
4759,0.001737256650812924
3368,0.0017325041117146611
5493,0.0017320088809356093
7987,0.0017314926953986287
4258,0.0017279558232985437
1061,0.001727417460642755
950,0.0017267746152356267
4876,0.0017265041242353618
3857,0.001725505106151104
6265,0.0017231900710612535
4939,0.001722346874885261
2013,0.001719305058941245
2749,0.0017147297039628029
1531,0.001711105287540704
6722,0.0017109288019128144
761,0.0017088537570089102
4295,0.0017079972894862294
961,0.0017072934424504638
1536,0.001706557406578213
5611,0.0017031448078341782
6269,0.0017002755193971097
2618,0.0016985583934001625
2846,0.0016977626364678144
3459,0.0016941011417657137
675,0.0016870346735231578
5635,0.0016863633645698428
6154,0.0016840712632983923
1671,0.001681857043877244
3825,0.001680322748143226
1002,0.0016798341530375183
5822,0.0016775921685621142
1994,0.001677067717537284
5256,0.0016756133409217
7844,0.0016712294309400022
1977,0.0016706052119843662
5540,0.0016693054349161685
7668,0.001668972719926387
7438,0.0016658921958878636
5920,0.0016644790302962065
5594,0.0016632903134450316
7840,0.0016626642900519073
1066,0.0016625869320705533
990,0.001659595814999193
7180,0.0016574586043134332
7197,0.0016500044148415327
6970,0.0016498969052918255
539,0.0016497971373610198
6734,0.001649667217861861
5343,0.001648425415623933
4974,0.001646737684495747
1728,0.0016459804610349238
3696,0.0016454157303087413
1511,0.0016428297385573387
2516,0.0016419897438026965
3544,0.0016367859207093716
6453,0.0016346066840924323
4700,0.0016330842045135796
585,0.0016318432753905654
7430,0.001630468643270433
7375,0.0016293225926347077
4146,0.0016257605166174471
5771,0.0016243919963017106
4507,0.0016234915819950402
6150,0.0016224895371124148
6414,0.0016214103670790792
2759,0.001615635002963245
3572,0.0016140694497153163
1661,0.001612300518900156
165,0.0016106715193018317
63,0.001607400190550834
4484,0.0016057718312367797
615,0.0016042505158111453
7524,0.0016038456815294921
5402,0.0016006191144697368
1368,0.001599207054823637
7266,0.0015989483799785376
5354,0.0015961002209223807
1773,0.0015935683622956276
2070,0.0015934223192743957
2237,0.0015915010590106249
3354,0.0015908245113678277
1351,0.001589455467183143
5193,0.0015891550574451685
1656,0.0015880248975008726
4380,0.0015858400147408247
2796,0.0015857623657211661
2533,0.0015843275468796492
3005,0.001583951700013131
1727,0.0015838148538023233
5146,0.0015818491810932755
5763,0.0015816875966265798
418,0.0015813384670764208
2209,0.0015805306611582637
3944,0.0015791208716109395
6667,0.001576848211698234
222,0.0015744870761409402
1228,0.0015689364518038929
4874,0.0015689044957980514
5878,0.001561636629048735
3605,0.0015520078595727682
4773,0.0015476770931854844
2176,0.001546640763990581
2665,0.0015462631126865745
592,0.0015462298761121929
7026,0.0015440938295796514
4234,0.001543832360766828
6603,0.0015413424116559327
4551,0.0015395060181617737
333,0.0015394998481497169
5502,0.0015373064088635147
7788,0.00153301318641752
4566,0.001531137793790549
7684,0.0015304842381738126
7905,0.001529392262455076
1382,0.0015288206050172448
6491,0.0015284348628483713
2054,0.0015255851321853697
5151,0.0015255187754519284
5047,0.0015235013561323285
7376,0.0015228012343868613
3956,0.00152099400293082
283,0.0015169784310273826
5382,0.0015135754947550595
4308,0.0015124347410164773
291,0.0015113453264348209
1535,0.001511336478870362
1447,0.0015104232588782907
7891,0.001508614281192422
6174,0.0015075640985742211
4580,0.0015059162979014218
2617,0.0015057463315315545
5080,0.0015045884065330029
5945,0.0015040538855828345
1567,0.0014947905438020825
4544,0.0014933988568373024
485,0.0014909195597283542
1626,0.0014900954556651413
6220,0.0014892257167957723
3900,0.001489187532570213
4389,0.0014891476603224874
6384,0.0014864480472169816
2131,0.0014857874484732747
2189,0.0014838044298812747
7886,0.0014810905558988452
1397,0.0014793562586419284
7822,0.001478570222388953
2469,0.001477331155911088
7156,0.0014756908058188856
3784,0.0014749797410331666
4822,0.0014729899121448398
895,0.0014670956297777593
5399,0.0014670623932033777
2549,0.001465488225221634
2865,0.0014647889765910804
198,0.0014647855423390865
191,0.0014634314575232565
1632,0.0014616125845350325
2128,0.0014611563528887928
4443,0.0014607273042201996
6621,0.0014604669413529336
5300,0.0014584923046641052
7610,0.0014561734860762954
7424,0.001455614110454917
7919,0.001455034886021167
7408,0.001454623299650848
4130,0.0014535408117808402
2871,0.0014510673936456442
5253,0.0014479034580290318
6712,0.001447436399757862
5991,0.0014466560678556561
2451,0.0014464688138104975
5012,0.0014455996570177376
6082,0.0014450747985392809
2696,0.001442562323063612
5443,0.0014408312272280455
2906,0.0014401186490431428
2496,0.0014339257031679153
4176,0.0014308304525911808
545,0.0014306565281003714
7868,0.001428854011464864
4289,0.0014273171545937657
513,0.0014251555548980832
4676,0.0014239129959605634
2488,0.0014237122377380729
1046,0.001423626788891852
4687,0.0014208671054802835
102,0.0014172621304169297
6701,0.001414168975315988
7413,0.0014134792727418244
5806,0.0014131638454273343
2432,0.0014088319730944932
3970,0.0014084808062762022
5106,0.0014084757422097027
2098,0.001407165196724236
1803,0.0014052200131118298
1101,0.0014049465535208583
1211,0.0014045186690054834
2570,0.0014043545234017074
1267,0.001402035413775593
2902,0.0014004679396748543
2923,0.0013995504123158753
7228,0.0013959723873995245
915,0.0013953001471236348
7111,0.00139378453604877
4834,0.0013917175820097327
5085,0.0013909945264458656
1095,0.0013899917830713093
6481,0.0013896889868192375
4440,0.0013890662230551243
3885,0.0013886111555621028
6581,0.0013882287312299013
363,0.0013876779121346772
4592,0.0013864085194654763
6506,0.0013784204493276775
1366,0.001375353371258825
752,0.0013728195917792618
3577,0.0013670275220647454
5409,0.0013664065045304596
5956,0.0013642299454659224
7906,0.0013633480994030833
7141,0.0013630784233100712
664,0.0013624196872115135
7418,0.0013602380058728158
2905,0.001355353626422584
7051,0.0013552257441915572
4152,0.0013522182125598192
4823,0.0013510085409507155
4493,0.0013495988678187132
3189,0.0013478687615133822
7356,0.0013449940015561879
3561,0.0013427605736069381
7317,0.001342756673693657
5942,0.001342515810392797
4663,0.0013401934993453324
393,0.0013393237022683024
576,0.0013373720576055348
2438,0.0013360505690798163
1578,0.0013354388647712767
6952,0.001334767963271588
2615,0.00133279972942546
5805,0.0013307762565091252
6389,0.0013306054752320051
1852,0.001330481783952564
1391,0.0013302543084137142
3858,0.001326506957411766
1323,0.0013261936837807298
7349,0.00132336700335145
5345,0.0013227579183876514
5505,0.0013221170520409942
4723,0.0013219966203905642
1917,0.0013191068428568542
6755,0.0013190416502766311
3392,0.0013170632300898433
7510,0.0013167682918719947
6639,0.0013158025685697794
6492,0.001314221997745335
5917,0.0013117744820192456
1787,0.0013109727879054844
6899,0.0013103521196171641
4589,0.0013097031624056399
4044,0.0013093209126964211
5103,0.0013067398685961962
5925,0.001302956836298108
1501,0.0013026422820985317
2958,0.0013022551429457963
275,0.0013005431392230093
326,0.0012984530767425895
5079,0.0012962666805833578
6231,0.0012955109123140574
1399,0.0012952304678037763
5833,0.0012950930977240205
2123,0.0012928471551276743
342,0.0012927553034387529
7276,0.0012922660098411143
4855,0.001288927043788135
7049,0.0012861303403042257
2911,0.0012859817361459136
179,0.0012850758503191173
4205,0.0012839391129091382
4916,0.0012838416150771081
2303,0.0012835718225687742
459,0.0012834906810894608
7943,0.0012823787401430309
6717,0.0012823446886613965
5038,0.0012806042796000838
5841,0.0012805515434592962
1398,0.0012782050180248916
5875,0.0012751290923915803
511,0.0012708534486591816
7332,0.0012706537963822484
6338,0.0012705051340162754
648,0.001269617467187345
4703,0.0012674457393586636
4965,0.0012664648238569498
4854,0.001266344275791198
574,0.0012630575220100582
2272,0.0012606291566044092
882,0.001257788680959493
368,0.0012552489642985165
5628,0.0012550324317999184
7041,0.00125409773318097
694,0.001252430898603052
6318,0.001251778332516551
1117,0.0012492972891777754
5036,0.001246713218279183
631,0.0012459285208024085
4011,0.001243638398591429
6747,0.001243585196789354
5973,0.0012433879310265183
5613,0.001242448459379375
2800,0.001241249730810523
7966,0.0012409985065460205
5207,0.0012406056630425155
1159,0.001239874109160155
167,0.001238627650309354
805,0.0012373976642265916
819,0.0012373716454021633
3774,0.0012322068796493113
4695,0.0012309820158407092
4692,0.0012285757111385465
3998,0.0012233550078235567
1427,0.001220254402142018
7498,0.001219826692249626
6283,0.001218626624904573
1971,0.0012182937352918088
5215,0.0012154969736002386
7877,0.0012151224655099213
307,0.001214825315400958
3114,0.0012146193184889853
1800,0.0012117091682739556
6011,0.0012110440875403583
3599,0.001210000249557197
3710,0.0012095331912860274
4479,0.001209308160468936
1305,0.0012086640927009284
7175,0.0012083762558177114
3513,0.0012079576263204217
5083,0.0012073920806869864
6999,0.001207092311233282
1313,0.001205786073114723
4559,0.0012017125263810158
7769,0.0012015490792691708
7240,0.0011998933623544872
4985,0.0011992676882073283
3559,0.0011983785079792142
5194,0.0011979559203609824
1023,0.0011979162227362394
4753,0.0011968749458901584
7722,0.0011959001421928406
6751,0.0011953615467064083
2419,0.0011948272003792226
6698,0.0011947122402489185
1950,0.0011936583323404193
5110,0.0011935080983676016
7019,0.0011925111757591367
689,0.0011919073294848204
2284,0.0011910019675269723
4624,0.001190943643450737
1899,0.001189853937830776
1790,0.0011893908376805484
4570,0.0011884779669344425
730,0.0011880793026648462
1070,0.001187274290714413
85,0.001184609835036099
1212,0.0011838671052828431
6837,0.0011832768213935196
5137,0.001183160929940641
652,0.001182360341772437
2436,0.0011806135880760849
6448,0.0011803670204244554
3226,0.001179410726763308
5327,0.0011791507131420076
4627,0.0011786811519414186
1506,0.001176831778138876
6881,0.001175746729131788
1312,0.0011744018411263824
1269,0.0011742988135665655
1754,0.0011720818583853543
5280,0.0011716869194060564
6311,0.0011692919069901109
1216,0.0011684531928040087
866,0.0011674357810989022
7072,0.0011661613243632019
1629,0.0011659737792797387
5577,0.001165775174740702
4203,0.0011652641114778817
5890,0.0011639108997769654
716,0.001162657921668142
6411,0.0011612913804128766
5329,0.001161159889306873
3553,0.0011593651724979281
3291,0.0011593583039939404
1848,0.0011573199299164116
4629,0.001153227116446942
4441,0.0011521999258548021
6418,0.001151520002167672
411,0.0011490879696793854
1745,0.0011474466300569475
6922,0.00114731042413041
5284,0.0011452549952082336
2909,0.001144699053838849
4304,0.0011438803630881011
3538,0.001143565634265542
4358,0.0011435571941547096
5824,0.0011426134733483195
4853,0.0011415285989642143
2366,0.0011409985017962754
1777,0.001140204316470772
2124,0.0011383916717022657
1941,0.0011347218533046544
972,0.0011328550754114985
8000,0.0011314385919831693
2222,0.0011312341084703803
7600,0.0011295272270217538
7961,0.0011294977739453316
3881,0.0011281821643933654
38,0.0011278927559033036
1588,0.0011278213351033628
2889,0.0011275540455244482
2870,0.001120984146837145
5675,0.0011207627248950303
6665,0.0011198879801668227
1577,0.001118040585424751
6369,0.0011178789427503943
7338,0.0011147723416797817
3939,0.0011133169755339622
7565,0.0011104232398793101
3479,0.0011092579807154834
6271,0.001108174619730562
6110,0.001105062197893858
702,0.0011024610721506178
2397,0.0011017395881935954
1105,0.00110096501884982
1317,0.001100730150938034
1122,0.001099063374567777
5779,0.0010983251268044114
7680,0.0010978177306242287
6445,0.001097268599551171
1350,0.001097241067327559
7534,0.001095844549126923
3356,0.0010936929029412568
3557,0.0010931977885775268
4968,0.0010928453993983567
2341,0.0010912487632595003
4548,0.0010910704149864614
5853,0.0010909251286648214
7858,0.0010856646113097668
4705,0.0010842732735909522
670,0.0010836456203833222
4406,0.0010834077838808298
7503,0.0010823411867022514
5347,0.0010819865856319666
2180,0.0010809052037075162
1688,0.0010807275539264083
7931,0.001080707588698715
2006,0.0010801113094203174
3455,0.0010782394092530012
7780,0.0010775784612633288
1738,0.0010768026113510132
5772,0.0010760294389910996
1677,0.001075621461495757
1455,0.0010721342987380922
1660,0.0010702721192501485
6500,0.001069870195351541
5446,0.001069210295099765
6721,0.0010690893977880478
245,0.0010670587071217597
1496,0.0010668040486052632
2331,0.0010666998568922281
16,0.001065507938619703
989,0.0010651259799487889
3585,0.0010570083977654576
7382,0.001053512969519943
7928,0.0010520294890739024
3823,0.001048751757480204
315,0.001048668404109776
6280,0.0010436244774609804
1766,0.0010425869841128588
7618,0.001042393036186695
1170,0.0010400579776614904
2926,0.0010397039004601538
246,0.0010386473732069135
7867,0.0010385619243606925
5671,0.001037820358760655
2367,0.0010367468930780888
3977,0.0010363069013692439
5896,0.0010361903114244342
5715,0.0010311929509043694
6499,0.0010305010946467519
1586,0.0010290139471180737
5963,0.0010270762722939253
4160,0.001026253739837557
3147,0.001026011654175818
1383,0.0010257913381792605
7731,0.001025776262395084
3347,0.001025111647322774
3746,0.001024390454404056
5685,0.001024319906719029
1012,0.0010205168509855866
1019,0.0010190388420596719
7073,0.0010148362489417195
391,0.0010137773933820426
4558,0.0010128854191862047
4835,0.0010128086432814598
178,0.001012162712868303
2571,0.0010117890196852386
4001,0.001011040003504604
6356,0.001005705154966563
1016,0.0010052390862256289
550,0.0010049877455458045
3366,0.001004495075903833
6901,0.0010024727089330554
4474,0.0010018475586548448
1533,0.0010010316618718207
271,0.0010008090175688267
1214,0.0010006187949329615
5448,0.000999128504190594
3847,0.0009986092918552458
237,0.0009983499767258763
1794,0.0009982228511944413
6744,0.0009972206316888332
7178,0.0009964045602828264
685,0.0009956562425941229
872,0.0009939974988810718
5940,0.0009910724475048482
5864,0.0009900469449348748
7464,0.0009889111388474703
6730,0.000984402111498639
3364,0.0009837443358264863
906,0.0009811089839786291
4871,0.0009803050197660923
6780,0.000978863623458892
948,0.000978607393335551
4641,0.0009754852508194745
7213,0.0009737660293467343
6652,0.0009735081694088876
2801,0.00097347964765504
1272,0.0009723416296765208
4343,0.0009718199435155839
1898,0.0009708263096399605
4755,0.0009702546813059598
5004,0.0009698746725916862
6746,0.000968855427345261
3799,0.0009683611860964447
7758,0.0009681013762019575
2707,0.0009669170540291816
3636,0.0009663177479524165
6478,0.0009645209065638483
133,0.0009640288481023163
5352,0.0009639376075938344
2579,0.0009637197945266962
3305,0.0009629667329136282
7263,0.0009595871961209923
754,0.0009590195259079337
478,0.0009589201654307544
1968,0.000958846474532038
1857,0.0009588083194103092
3099,0.0009587311069481075
2899,0.0009563786443322897
130,0.0009551598923280835
3704,0.0009538621234241873
892,0.0009526584181003273
781,0.0009520523599348962
5438,0.0009508604998700321
7230,0.0009490784141235054
6030,0.0009486062335781753
6270,0.0009482948516961187
500,0.0009480931039433926
1507,0.0009472441743128002
2361,0.0009454134851694107
6171,0.0009452425874769688
5439,0.0009449257340747863
2844,0.0009444122260902077
5411,0.0009433446975890547
1027,0.0009429370402358472
1529,0.00094109374913387
3798,0.0009406714234501123
7164,0.0009404792217537761
1092,0.000940285885008052
4094,0.0009400186827406287
6148,0.0009391293860971928
6364,0.0009361825068481266
7307,0.0009356900700367987
7330,0.0009350060718134046
630,0.0009345552825834602
4745,0.0009302531834691763
4422,0.0009295547497458756
1716,0.0009278394281864166
5424,0.0009274781332351267
5860,0.0009264231193810701
3558,0.0009243306994903833
2037,0.000924035906791687
5191,0.0009238931525032967
7173,0.0009226342663168907
5709,0.0009218808554578573
5097,0.0009216613252647221
304,0.000920719001442194
7757,0.0009184500086121261
6797,0.0009169302938971668
4404,0.0009169186814688146
4521,0.0009162992937490344
3570,0.0009162177739199251
6381,0.0009149806573987007
6012,0.0009146530355792493
7773,0.0009138888854067773
7732,0.0009129755781032145
7199,0.000912844727281481
5684,0.0009123279596678913
7031,0.0009112164843827486
1658,0.0009106427896767855
3465,0.0009104973287321627
6320,0.0009103880729526281
6866,0.000910046452190727
2690,0.00090925203403458
1089,0.0009082268516067415
5823,0.0009072071989066899
5708,0.0009054043621290475
188,0.0009047409403137863
2295,0.0009039254509843886
7027,0.0009034061222337186
7291,0.0009026146435644478
3521,0.0009020855068229139
2697,0.0009014378301799297
1565,0.0009000946301966906
6996,0.0009000885765999556
1355,0.0008986570173874497
6724,0.0008978995901998132
4607,0.0008938742685131729
3662,0.000890691764652729
6928,0.0008899020031094551
6294,0.0008895980718079954
6244,0.0008862037502694875
2644,0.000883447180967778
3477,0.000883186497958377
6109,0.0008815343317110091
2660,0.0008802171796560287
751,0.0008800851355772465
6919,0.0008794529130682349
6514,0.0008791363216005266
5884,0.0008783056982792914
5696,0.0008778596529737115
73,0.0008776604372542351
7993,0.0008769659325480461
5678,0.0008756995666772127
2514,0.0008738041506148875
3905,0.0008715001167729497
3927,0.000870812451466918
5142,0.0008706573280505836
5662,0.0008705748768988997
3640,0.0008703615167178214
6098,0.0008696060394868255
7101,0.0008690360700711608
1461,0.0008689332171343267
2149,0.0008679278544150293
3963,0.0008675949648022652
5299,0.0008672593103256077
6348,0.0008662659674882889
3415,0.0008657497237436473
1916,0.000864821340655908
3441,0.0008619016443844885
261,0.0008595003746449947
3224,0.0008594905666541308
300,0.0008592491503804922
2985,0.0008591956866439432
2845,0.0008586600888520479
3954,0.0008578621782362461
3326,0.0008575735555496067
3319,0.0008570863865315914
619,0.0008564001473132521
1765,0.0008563071023672819
1812,0.0008516805828548968
7592,0.0008514745568390936
3907,0.0008512575586792082
2372,0.0008505333098582923
7321,0.000849135423777625
6771,0.0008486134756822139
442,0.0008485090511385351
6343,0.0008484260470140725
7454,0.0008482765988446772
893,0.0008474412898067385
5340,0.0008473392226733267
739,0.0008471576147712767
4513,0.0008468890155199915
4497,0.0008465451828669757
42,0.0008460637764073908
2077,0.0008451940375380218
1242,0.0008425342093687505
328,0.0008424308034591377
5429,0.0008421307720709592
4954,0.0008392350864596665
3753,0.000836905266623944
2883,0.0008361511863768101
3474,0.0008358789200428873
6779,0.0008357747283298522
6892,0.0008343273075297475
2140,0.0008332282886840403
3543,0.0008329273550771177
17,0.0008322330249939114
6264,0.0008315307204611599
4501,0.000831387034850195
7237,0.0008304602233693004
3770,0.000828483811346814
2093,0.0008269880199804902
5921,0.0008266051299870014
1778,0.0008266038203146309
4826,0.0008264750649686903
2918,0.0008210184169001877
4066,0.0008195980335585773
3406,0.0008191349334083498
4779,0.0008187439234461635
126,0.0008184237231034786
7286,0.0008177706622518599
4224,0.0008177422569133341
6476,0.0008176722622010857
5262,0.0008175261900760233
6034,0.0008168400963768363
5055,0.0008144157181959599
3809,0.0008132071234285831
1646,0.0008119996637105942
6591,0.0008118910191114992
1158,0.000811630830867216
5610,0.0008111733477562666
1361,0.0008106356835924089
7134,0.0008098769467324018
5736,0.0008097219688352197
4082,0.0008094957447610795
62,0.0008085648878477514
4998,0.0008077177335508168
2982,0.0008049206808209419
2604,0.0008041016117203981
2008,0.0008033557678572834
7034,0.0008011686149984598
4207,0.0008003507973626256
71,0.0007987449935171753
3353,0.000798192952061072
797,0.000797678017988801
379,0.0007956103945616633
6891,0.0007955001201480627
701,0.000795077852671966
6279,0.0007949183345772326
3792,0.0007938452472444624
145,0.0007931265572551638
7944,0.0007914439775049686
6681,0.0007904941739980131
5135,0.0007886581006459892
788,0.0007885424129199237
4560,0.0007884255319368094
4267,0.0007878304168116301
2195,0.0007877807365730405
4328,0.0007861872436478734
2459,0.0007834457501303405
3535,0.0007831122784409672
4749,0.0007821408798918128
1309,0.0007818638987373561
4893,0.0007818168960511684
2523,0.0007814255659468472
5286,0.000781194306910038
7409,0.0007810427341610193
1823,0.0007805958157405257
1428,0.0007803883054293692
1581,0.0007802957843523473
7458,0.0007791203097440302
1554,0.0007786134083289653
5937,0.0007770743686705828
6050,0.0007765041955281049
1471,0.0007764922920614481
1667,0.0007734841492492706
180,0.0007717397529631853
5269,0.000770748796639964
573,0.0007705778116360307
5980,0.0007683201692998409
1642,0.0007680608832743019
4392,0.0007674828812014312
6627,0.000765336852055043
3312,0.000765184115152806
1676,0.0007643223507329822
1769,0.0007621483237016946
7397,0.000761823815992102
5764,0.0007613709894940257
1251,0.0007610367611050606
884,0.0007598236843477935
7746,0.0007578349905088544
3842,0.0007578144432045519
2015,0.0007570196175947785
2289,0.000755546847358346
166,0.0007501813233830035
1739,0.0007491247379221022
7277,0.0007481321226805449
7055,0.0007481166394427419
3511,0.0007481074426323175
6475,0.0007450833800248802
2007,0.0007426833035424352
6007,0.0007426439551636577
5887,0.0007420586771331728
4223,0.0007418821624014527
3667,0.0007413131825160235
408,0.0007412296545226127
2190,0.0007410623657051474
3182,0.0007405623036902398
1998,0.0007400609611067921
5279,0.000739971233997494
6736,0.0007398238813038915
3052,0.000738764792913571
7850,0.0007386842044070363
1579,0.0007376039866358042
5912,0.0007359941373579204
5179,0.0007350357482209802
5941,0.000734855595510453
348,0.0007315734110306948
2913,0.0007306715997401625
5936,0.0007296291878446937
2208,0.0007295313698705286
6582,0.000728889717720449
4652,0.0007275607204064727
4200,0.0007275211100932211
4582,0.0007274033850990236
1396,0.000726724072592333
5660,0.0007256595999933779
765,0.0007255312521010637
3032,0.0007250482449308038
6313,0.0007242151186801493
5576,0.0007234648219309747
3386,0.0007227322494145483
4564,0.0007225037552416325
1560,0.0007201469561550766
5197,0.0007198649982456118
4783,0.0007185957510955632
3461,0.0007149583252612501
5447,0.0007141439418774098
184,0.0007139765948522836
6802,0.0007124199764803052
5480,0.0007109172001946718
6206,0.0007106293633114547
6805,0.000709957123035565
3487,0.0007095892797224224
6793,0.0007091864827089012
1997,0.0007081554213073105
3385,0.0007076271285768598
2040,0.0007071116997394711
2965,0.0007070301508065313
5444,0.0007063735974952579
5880,0.0007055458845570683
7710,0.0007049690175335854
3534,0.0007049544074106961
3199,0.000704650126863271
5445,0.0007043630757834762
5571,0.0007030792767181993
2290,0.0007026120147202164
2853,0.0007021428609732538
225,0.0007002178172115237
2764,0.0006998524768278003
2818,0.0006962579791434109
7045,0.0006960887694731355
7605,0.0006948752561584115
6410,0.0006947336660232395
7512,0.0006946958019398153
3481,0.0006945897475816309
865,0.0006943223997950554
898,0.0006935340643394738
7908,0.0006923757900949568
174,0.0006923498003743589
2336,0.0006915576232131571
3649,0.0006913411198183894
4293,0.0006907274946570396
5217,0.0006903753092046827
520,0.0006902828172314912
6697,0.0006900586595293134
2132,0.0006886693590786308
2389,0.0006882412126287818
4879,0.0006874472019262612
7187,0.0006869727512821555
4525,0.0006867836345918477
5854,0.0006864759488962591
533,0.000685887411236763
2646,0.0006849226192571223
2314,0.0006839637644588947
2172,0.0006811633356846869
7947,0.0006810191553086042
5986,0.0006810016056988388
3947,0.000680965866195038
936,0.000679528049658984
3908,0.0006773312052246183
5252,0.0006772801862098277
1828,0.0006756192597094923
5075,0.0006754534260835499
3187,0.0006751124747097492
6395,0.0006745404389221221
2826,0.0006741725956089795
5415,0.000673504633596167
2836,0.0006734823109582067
67,0.0006731436587870121
5115,0.0006731377507094294
7857,0.0006724409759044647
684,0.0006720469682477415
6149,0.0006704042898491025
6108,0.0006694765470456332
2798,0.0006687474378850311
6353,0.000668141758069396
456,0.0006676368357148021
552,0.0006673828465864062
7783,0.000666693871608004
2754,0.0006653402815572917
1139,0.0006653352756984532
7923,0.0006646222609560937
2600,0.0006645404209848493
3024,0.0006645393441431224
1169,0.0006640343344770372
2959,0.0006625008245464414
829,0.00066236054408364
1858,0.0006620677304454148
4883,0.0006615192105527967
4744,0.0006612587894778699
2729,0.0006600404449272901
6829,0.0006596113962586969
6163,0.0006592533027287573
4301,0.0006573246500920504
4673,0.0006571582925971597
2264,0.0006558737368322909
7587,0.00065583098330535
5019,0.0006556983571499586
7782,0.0006551352562382817
1346,0.0006548753881361336
1710,0.0006545439246110618
2158,0.0006536456057801843
4892,0.0006535018910653889
6640,0.0006534887943416834
4657,0.0006534759304486215
7816,0.0006524310447275639
6001,0.0006517229194287211
2233,0.0006499914743471891
4272,0.0006492430111393332
6227,0.0006477334536612034
6513,0.0006470488733612001
6179,0.0006461332668550313
6815,0.0006460502627305686
6104,0.0006456997070927173
3768,0.0006451652152463794
4113,0.0006425906030926853
1683,0.0006423676677513868
985,0.0006412883521988988
5545,0.0006401708233170211
1891,0.0006371562776621431
2885,0.0006361427949741483
3819,0.0006358888349495828
6501,0.0006350924959406257
6296,0.0006336475780699402
1195,0.0006333742931019515
7393,0.0006324802234303206
3334,0.000632183684501797
3343,0.0006320316751953214
7453,0.0006314587662927806
7744,0.0006310739554464817
483,0.0006309553282335401
5862,0.0006296509236562997
7467,0.0006286869756877422
3861,0.000628527021035552
920,0.0006276503263507038
111,0.0006275838240981102
2515,0.0006274805054999888
600,0.000627267436357215
3745,0.0006263102404773235
6555,0.0006252307503018528
3698,0.0006251626182347536
4231,0.00062513243756257
1693,0.0006244773394428194
7093,0.000624438573140651
3298,0.0006222497613634914
7295,0.0006220305804163218
4683,0.0006214520253706723
2410,0.0006210289429873228
5517,0.0006206860416568816
1892,0.0006191253778524697
3562,0.0006189343403093517
2465,0.0006188220577314496
6183,0.0006179857882671058
6848,0.0006179599149618298
7398,0.0006177126197144389
3972,0.0006166058301459998
3284,0.0006164221558719873
2230,0.0006163047219160944
5385,0.0006153882422950119
3340,0.0006144210929051042
3151,0.0006140925106592476
7290,0.0006135637231636792
5336,0.000612948089838028
6072,0.0006128063832875341
7543,0.0006123392377048731
640,0.000611263356404379
5144,0.0006094032723922282
1961,0.0006081759929656982
4924,0.0006076998834032565
2427,0.0006073286349419504
5960,0.0006071800889912993
6346,0.0006064480112399906
2122,0.0006051561213098466
3870,0.0006038748833816499
3771,0.0006034646939951926
4886,0.0006024798785801977
6040,0.0006021314475219697
3782,0.000602125539444387
951,0.0006019942520651966
2511,0.0006018996064085513
7980,0.0006002778536640108
4327,0.0006001328292768449
6841,0.0005987181793898344
4017,0.0005985207681078464
7733,0.0005980090063530952
5855,0.0005976675311103463
5835,0.0005976556276436895
2363,0.0005975596432108432
7741,0.0005970903730485588
709,0.000596448895521462
3065,0.0005959642003290355
2490,0.0005940748669672757
1481,0.0005935998342465609
7545,0.0005931733176112175
4938,0.0005928822502028197
3070,0.0005915817455388606
4514,0.0005907081649638712
2629,0.000590402923990041
7177,0.0005895779759157449
2840,0.0005895461363252252
7852,0.0005881173419766128
2207,0.000586282170843333
7849,0.0005844598636031151
6727,0.0005841071251779795
3042,0.0005836328491568565
5184,0.0005829977453686297
6080,0.0005829312431160361
1797,0.0005825092666782439
6823,0.0005820978840347379
3942,0.0005820404330734164
7082,0.0005820250662509352
2405,0.0005820068472530693
5649,0.0005808688583783805
138,0.0005807284032925963
147,0.0005759562191087753
2307,0.0005752612196374685
4709,0.0005746177339460701
4989,0.0005742609791923314
549,0.0005725982191506773
3644,0.000571217475226149
4360,0.0005700470064766705
7039,0.0005698562890756875
7591,0.000569255294976756
6980,0.0005692420818377286
2330,0.0005686557851731777
6474,0.0005683737981598824
4824,0.0005678917223121971
3010,0.0005667639488819987
1730,0.0005648783699143678
4431,0.0005646643112413585
3529,0.0005642889300361276
1258,0.0005635382258333266
3411,0.0005624457262456417
5624,0.0005620552692562342
6339,0.0005613047396764159
2944,0.0005611705419141799
5718,0.0005601772281806916
916,0.0005599453579634428
7167,0.0005593573150690645
7965,0.0005590211367234588
6147,0.0005577015981543809
5898,0.0005563779268413782
2227,0.0005561549623962492
7325,0.0005549875786527991
3327,0.0005546078900806606
4950,0.0005545913591049612
6446,0.0005544578307308257
2981,0.0005543367296922952
4833,0.0005541545106098056
1582,0.0005535354139283299
3850,0.0005529671907424927
4260,0.0005529352347366512
3462,0.0005517084791790694
7624,0.0005516476521734148
2086,0.0005501340492628515
2487,0.0005498779646586627
4297,0.0005495938821695745
7954,0.0005491065385285765
3721,0.0005488500173669308
6342,0.000546219787793234
5831,0.0005455473146867007
7225,0.0005447551375254989
5229,0.0005438787047751248
4250,0.0005433865007944405
3051,0.000542670808499679
2183,0.0005426277930382639
1381,0.0005424575938377529
2502,0.0005409388395491987
1732,0.0005403156392276287
1585,0.0005400578083936125
7387,0.0005395692132879049
3732,0.000537998421350494
5158,0.0005378021742217243
4540,0.0005375858163461089
6575,0.0005350611754693091
6061,0.0005348570120986551
7479,0.0005335498426575214
3171,0.0005334551096893847
3709,0.0005327894468791783
4668,0.0005327059770934284
4452,0.0005318451439961791
3889,0.0005316306778695434
4400,0.000531161145772785
608,0.0005299464100971818
5152,0.0005295562150422484
7786,0.0005268726672511548
960,0.0005268629465717822
7373,0.0005267033411655575
4185,0.0005263507482595742
7812,0.0005256833392195404
7068,0.0005252475093584508
790,0.0005248014931567013
7279,0.0005245130450930446
3322,0.000524273666087538
5203,0.0005240791360847652
1048,0.0005239884776528925
749,0.0005234321870375425
3703,0.0005233520350884646
1364,0.000523092458024621
3785,0.0005226270295679569
2259,0.0005225470522418618
1908,0.0005218392179813236
44,0.0005207314388826489
6113,0.0005197253776714206
4619,0.0005195023259148002
1515,0.0005184202454984188
2358,0.0005181223968975246
7484,0.0005176394479349256
1022,0.0005170570220798254
4436,0.0005165450857020915
6638,0.0005163844180060551
4145,0.0005160749424248934
267,0.0005159952561371028
2880,0.0005156215920578688
6512,0.0005152064259164035
4193,0.0005146675102878362
7208,0.0005144260358065367
3512,0.0005138371197972447
2099,0.0005135011451784521
3500,0.0005126902833580971
7115,0.0005121052381582558
1647,0.000511339254444465
744,0.0005106435564812273
6192,0.0005102214927319437
3038,0.0005096267268527299
4920,0.0005089128972031176
3253,0.0005087012250442058
7549,0.0005077777313999832
7922,0.0005075997905805707
362,0.0005071935011073947
1731,0.0005069818871561438
1617,0.0005061776319053024
7802,0.0005053416825830936
3419,0.00050516621558927
3789,0.0005040450487285852
6851,0.0005034245550632477
1616,0.0005021213728468865
633,0.000500413152622059
5950,0.0004999077355023474
5800,0.000499442481668666
1713,0.0004982071986887604
247,0.000498125737067312
1843,0.0004963261890225112
4999,0.0004961157974321395
5087,0.0004940068756695837
2353,0.0004925616667605937
3845,0.0004924698150716722
6212,0.0004916080797556788
1414,0.0004906329704681411
5309,0.0004895538149867207
4508,0.0004893341392744333
2521,0.0004889667907264084
6053,0.0004885053203906864
6425,0.00048747424443718046
5904,0.0004873880243394524
5169,0.0004872712306678295
3399,0.0004867984098382294
2371,0.00048670158139429986
7217,0.0004853414575336501
871,0.00048524940211791545
6205,0.0004852287092944607
299,0.00048489129403606057
4748,0.000484531294205226
7125,0.000484516320284456
2466,0.00048442190745845437
2668,0.00048414272896479815
2059,0.00048410153249278665
5645,0.0004840959736611694
1725,0.00048390541633125395
5053,0.0004828384262509644
24,0.00048152063391171396
2503,0.00048067246098071337
6336,0.00048062237328849733
7674,0.0004798115696758032
6134,0.00047959713265299797
86,0.00047947256825864315
2206,0.00047945984988473356
6377,0.00047860495396889746
5121,0.0004782087344210595
3964,0.0004780751478392631
2737,0.00047745446499902755
399,0.0004772673128172755
6619,0.00047686621837783605
5642,0.00047527809510938823
7648,0.0004752394888782874
7040,0.000474819156806916
5508,0.0004747025668621063
6018,0.00047431809070985764
1859,0.00047412444837391376
5442,0.00047388164966832846
1042,0.00047369254752993584
5872,0.0004736144474009052
6602,0.0004724299651570618
4075,0.00047014147276058793
1487,0.0004700884164776653
1789,0.0004698674310930073
638,0.0004691143549280241
5804,0.00046908481454011053
383,0.00046844985627103597
4456,0.0004672186478273943
1559,0.0004671018832596019
3741,0.0004660547274397686
2202,0.00046540821495000273
6267,0.0004650282207876444
2461,0.0004649496404454112
6209,0.00046460806333925575
833,0.0004643502179533243
3295,0.0004639368853531778
4646,0.00046337123785633594
569,0.00046272631152532995
6648,0.0004626865411410108
1615,0.0004619845421984792
2793,0.000461216812254861
1045,0.0004611801268765703
957,0.0004609099996741861
3119,0.00046077721344772726
1497,0.00046076248690951616
7336,0.0004588367883116007
653,0.0004584995185723528
690,0.0004583665868267417
1380,0.000458108595921658
93,0.0004580093518598005
666,0.00045768218114972115
1540,0.0004570880264509469
3492,0.0004568709700834006
1590,0.00045667975791729987
3449,0.0004566522839013487
7748,0.000456081164884381
6350,0.0004559181397780776
5700,0.0004546849231701344
1387,0.0004546465497696772
851,0.00045452170888893306
1379,0.000454384193290025
2278,0.00045430548198055476
7003,0.00045383107499219477
2398,0.0004536467313300818
934,0.00045305398816708475
1748,0.0004525116237346083
4531,0.0004518139030551538
2568,0.00045158155262470245
7979,0.00045122265873942524
2935,0.00045107307960279286
3960,0.00044952963071409613
4051,0.0004495162720559165
7530,0.0004492277803365141
7742,0.0004491815925575793
334,0.0004472295840969309
4349,0.0004467625985853374
6944,0.0004465603269636631
1982,0.00044644088484346867
1321,0.00044569704914465547
2914,0.0004448463878361508
7339,0.00044432992581278086
2088,0.00044423424697015435
7910,0.00044358690502122045
7845,0.00044353555131237954
3122,0.0004429607361089438
7190,0.00044166657608002424
4150,0.0004401672485982999
2452,0.0004400460602482781
7663,0.00043984432704746723
4015,0.0004394521383801475
4762,0.0004391506518004462
4757,0.0004384269705042243
3708,0.00043820774590130895
2803,0.0004381211183499545
588,0.0004375077842269093
5621,0.0004374138225102797
1768,0.00043655010813381523
2434,0.00043638153874780983
488,0.00043605323298834264
566,0.00043536936573218554
3808,0.00043515252764336765
607,0.0004347121575847268
2710,0.0004346408532001078
4336,0.00043339395779184997
3862,0.00043264681880827993
2063,0.00043259967060294
5807,0.0004322892054915428
1352,0.0004318659339332953
4787,0.0004316948907217011
4399,0.0004315819969633594
3875,0.0004314135148888454
6611,0.0004312776436563581
6021,0.00043092563282698393
2934,0.0004307982453610748
7094,0.00042950788338202983
5486,0.00042820675298571587
1440,0.0004278100823285058
5371,0.00042767991544678807
5404,0.000427367675001733
4208,0.0004273275699233636
1110,0.00042719168413896114
3116,0.0004265801835572347
5761,0.00042639081948436797
4890,0.00042540238064248115
5205,0.00042429535824339837
495,0.00042386191489640623
1082,0.0004234861262375489
1104,0.0004230781487422064
6038,0.0004229733895044774
1112,0.00042286292591597885
402,0.0004227267054375261
7029,0.00042190562817268074
544,0.0004214897926431149
1498,0.00042104467866010964
1751,0.00042006431613117456
6146,0.0004199046961730346
3126,0.0004197952803224325
3098,0.0004188054008409381
5552,0.0004185921570751816
3004,0.0004183151031611487
3310,0.0004181085532763973
1654,0.0004177913797320798
7976,0.000417080576880835
5838,0.0004166978760622442
4976,0.00041604938451200724
1550,0.0004154071502853185
1176,0.0004143233090871945
2972,0.00041412420978304
2014,0.00041381537448614836
2740,0.0004132813774049282
5301,0.00041323588811792433
7897,0.00041287875501438975
2674,0.0004124893603147939
1788,0.0004122014652239159
4323,0.0004118779324926436
7014,0.0004113813192816451
4435,0.00041122133552562445
6423,0.00041096941276919097
6604,0.00041091087041422725
7146,0.0004106633714400232
355,0.00040962264756672084
4706,0.00040949968388304114
4836,0.00040939150494523346
3719,0.0004093055904377252
5928,0.0004091625160071999
563,0.00040910366806201637
1793,0.00040896915015764534
6931,0.00040749000618234277
509,0.0004071787843713537
874,0.00040708790766075253
5633,0.00040705477294977754
3141,0.0004069067654199898
3420,0.00040619018545839936
5128,0.00040609060670249164
7132,0.0004054857126902789
3408,0.00040536915184929967
556,0.0004052912991028279
5910,0.00040447304490953684
3992,0.00040428088686894625
2552,0.00040388054912909865
2406,0.00040341193380299956
6015,0.00040328070463147014
1365,0.00040312737110070884
3520,0.0004025064263259992
1131,0.00040231745515484363
6540,0.00040227710269391537
6263,0.0004011342243757099
6363,0.00040103725041262805
2393,0.0004008377145510167
263,0.00040080974576994777
2648,0.00040063732012640685
1552,0.00040042992623057216
696,0.0003993252612417564
3580,0.00039873238711152226
3563,0.0003986531955888495
2915,0.0003985705989180133
5883,0.00039677973836660385
3968,0.0003966562799178064
891,0.0003963249910157174
489,0.0003963015478802845
4191,0.0003959136811317876
4511,0.00039566752093378454
688,0.00039421123801730573
7278,0.00039364612894132733
693,0.0003923753247363493
1699,0.0003922571486327797
226,0.0003920977469533682
4605,0.0003920191520592198
7529,0.0003914947301382199
4670,0.00039122949237935245
2273,0.00039084567106328905
3801,0.0003907543868990615
3367,0.0003905654593836516
1709,0.0003901655290974304
2226,0.00039011902117636055
1919,0.00038986925210338086
849,0.00038969263550825417
4027,0.0003892433160217479
7794,0.0003885933547280729
159,0.0003873295499943197
1227,0.00038709136424586177
5469,0.00038692241651006043
2849,0.0003862625453621149
2868,0.00038587895687669516
7533,0.00038466922705993056
1737,0.0003846088075079024
4115,0.00038426836545113474
7735,0.0003838130214717239
204,0.0003836805699393153
7969,0.0003835897077806294
4724,0.000383261198294349
4290,0.0003826105239568278
3537,0.0003821201535174623
361,0.00038200987910386175
5041,0.00038164760917425156
2474,0.0003816226962953806
3996,0.00038160283293109387
942,0.0003812257928075269
1449,0.0003809671470662579
3072,0.0003794870135607198
6958,0.0003784309374168515
2932,0.00037802528822794557
1690,0.00037781444552820176
7599,0.00037747336318716407
2785,0.00037673834594897926
2939,0.00037648522993549705
3457,0.000375983800040558
5711,0.0003757901577046141
7296,0.00037550584238488227
5258,0.0003746649017557502
3301,0.0003746550501091406
3003,0.0003744104615179822
2743,0.00037334070657379925
3225,0.00037289835745468736
4594,0.0003727363218786195
3931,0.0003721158136613667
5706,0.00037140124186407775
748,0.00037099987093824893
7761,0.000370961643056944
375,0.00037079806497786194
5742,0.0003703509719343856
2280,0.0003698574291775003
5975,0.0003694511397043243
4919,0.00036929392081219703
5435,0.0003691327292472124
1335,0.0003690040030051023
6870,0.0003686710842885077
4277,0.00036864442517980933
2463,0.00036853121127933264
5425,0.0003681683010654524
956,0.00036753698077518493
4717,0.0003674673644127324
3706,0.00036717980401590466
6986,0.00036717872717417777
4881,0.0003667788550956175
3874,0.00036631022521760315
161,0.0003655200562207028
7439,0.0003647620615083724
3949,0.0003646766417659819
4177,0.0003645979304565117
6982,0.000364446037565358
2142,0.00036403711419552565
6041,0.00036323408130556345
1000,0.00036315804754849523
5395,0.000362819861038588
4355,0.0003627040423452854
5705,0.0003626965335570276
809,0.0003625602985266596
6905,0.00036228314274922013
5531,0.000362226230208762
5652,0.0003621468204073608
2443,0.00036197098961565644
7608,0.00036193980486132205
2420,0.000360909994924441
2343,0.00036089996865484864
7174,0.00036087304761167616
2651,0.000360717109288089
2816,0.00036038651887793094
6181,0.0003602181823225692
302,0.0003600142226787284
4829,0.0003599002957344055
5570,0.00035980838583782315
1570,0.0003595996677177027
5626,0.0003593585279304534
1199,0.00035915632906835526
2630,0.00035861860669683665
7597,0.00035840777854900807
277,0.0003579170152079314
2298,0.0003579074254957959
4626,0.00035781330370809883
2244,0.000357317752786912
7670,0.0003571608103811741
4500,0.00035708661016542464
2326,0.00035705065238289535
6830,0.0003567281091818586
1134,0.0003562494821380824
1928,0.00035612270585261285
4239,0.0003558685566531494
737,0.00035541944089345634
7810,0.0003553789429133758
943,0.00035505808773450553
4880,0.00035393942380324006
1127,0.00035382759233471006
5997,0.00035365337680559605
609,0.0003536079020705074
146,0.0003519972087815404
7766,0.0003517272707540542
1851,0.0003517056320561096
897,0.00034905163920484483
7737,0.00034890817187260836
7871,0.0003487588983261958
890,0.00034855752892326564
5490,0.00034830457298085093
4955,0.00034790762583725154
1201,0.0003476090932963416
5219,0.000347462366335094
4016,0.00034697348019108176
5507,0.0003467844217084348
313,0.0003467365895630792
1772,0.00034641791717149317
1362,0.0003459897416178137
595,0.00034598684578668326
1347,0.00034564867382869124
285,0.0003454457764746621
3456,0.00034440241870470345
2169,0.00034415911068208516
6516,0.0003440856235101819
1378,0.00034397616400383413
6867,0.0003437959385337308
7799,0.00034359065466560423
5566,0.0003433773817960173
5509,0.0003432389785302803
2812,0.0003430035139899701
6655,0.00034252241312060505
7784,0.0003423906455282122
683,0.00034224241971969604
5332,0.00034180960210505873
5180,0.0003407375916140154
7153,0.0003403206210350618
6172,0.00034031389805022627
1685,0.00034006935311481357
4361,0.0003392904473003
6745,0.0003391970240045339
6884,0.0003389281337149441
5260,0.0003389204648556188
1165,0.00033860219991765916
3760,0.00033811439061537385
47,0.0003378999244887382
4188,0.000337783174472861
3506,0.00033761857775971293
255,0.00033729364804457873
2920,0.0003371165075805038
1502,0.00033693647128529847
7297,0.0003367783356225118
7855,0.0003365729789948091
6519,0.0003365151205798611
4138,0.00033632066333666444
7707,0.0003357496752869338
7313,0.00033503086888231337
6893,0.0003348925383761525
6099,0.0003348464524606243
5732,0.0003345818113302812
5774,0.0003338673122925684
4631,0.0003338624374009669
448,0.00033198522578459233
1240,0.00033193963463418186
5316,0.00033183529740199447
4318,0.00033146675559692085
5190,0.00033094294485636055
26,0.00032970699248835444
5500,0.00032937098876573145
35,0.0003285568964201957
3176,0.0003285557759227231
2159,0.00032785254006739706
413,0.0003277675132267177
78,0.00032761624606791884
325,0.00032743265910539776
3756,0.000327033456414938
7596,0.0003270000743214041
6466,0.0003265809646109119
649,0.0003261468809796497
3901,0.0003251462330808863
2096,0.00032494438346475363
6616,0.00032472370367031544
1770,0.00032404178637079895
6246,0.00032401895441580564
5495,0.0003238375938963145
1273,0.00032378750620409846
3103,0.0003236082848161459
3670,0.0003236034244764596
4742,0.000323560947435908
7417,0.000323208500049077
5869,0.00032228448253590614
1701,0.0003219780628569424
5176,0.0003218478086637333
6168,0.0003216625773347914
7994,0.00032155851658899337
7403,0.00032124892459250987
2851,0.0003212391893612221
2638,0.0003211411676602438
7005,0.00032082815596368164
914,0.0003202600055374205
6157,0.0003201832005288452
593,0.00031989564013201743
2134,0.00031940676853992045
3071,0.0003193478914909065
7768,0.00031921517802402377
4338,0.0003186075628036633
314,0.0003185700188623741
3913,0.00031843665055930614
2996,0.000318231905112043
5298,0.0003181801293976605
2101,0.00031788775231689215
5756,0.0003178714105160907
6927,0.00031754677183926105
3039,0.0003175204328726977
3554,0.00031738998950459063
1394,0.0003169000265188515
3668,0.00031638378277421
396,0.00031629434670321643
6203,0.00031622935784980655
6242,0.00031601836963091046
7044,0.00031601394584868103
7998,0.00031580394716002047
6216,0.0003157389728585258
2143,0.0003156712919007987
1973,0.0003146556846331805
1175,0.00031397404382005334
1157,0.000313864293275401
1450,0.0003135462466161698
7949,0.0003134350699838251
3994,0.0003129537944914773
6696,0.0003127662785118446
5803,0.00031207979191094637
2557,0.0003120719193248078
3069,0.0003118793247267604
2781,0.00031164886604528874
3049,0.0003112378326477483
4565,0.0003109952522208914
4274,0.0003109591198153794
5697,0.0003109450335614383
371,0.000310338829876855
7848,0.00030973629327490926
5476,0.0003097155276918784
4912,0.0003096861328231171
5687,0.00030947872437536716
7704,0.0003091162507189438
1811,0.000309064969769679
7269,0.00030860053084325045
2430,0.0003082990588154644
7070,0.0003080639144172892
2335,0.00030712147417943925
2661,0.00030702575168106705
6420,0.0003053297841688618
3460,0.0003053087420994416
7639,0.0003052602842217311
1783,0.0003050815575988963
2148,0.0003050811355933547
2203,0.00030502225854434073
1627,0.00030448587494902313
5109,0.0003043386386707425
3109,0.0003035858244402334
5235,0.00030333458562381566
5964,0.000303264576359652
7664,0.0003030218504136428
1708,0.0003026690683327615
3431,0.0003021133452421054
5234,0.0003017792332684621
1118,0.000301542691886425
3256,0.00030112657987046987
886,0.0003009671054314822
6219,0.0003009443171322346
2653,0.00030084437457844615
6362,0.0002997581905219704
2395,0.0002988290070788935
1119,0.00029851211002096534
2016,0.00029781086777802557
7673,0.00029737851582467556
27,0.00029716100834775716
731,0.00029704198823310435
480,0.000296634083497338
4782,0.0002959343692054972
1618,0.00029591930797323585
4331,0.0002958780823973939
1075,0.0002956099924631417
7641,0.00029481734964065254
2666,0.00029441009974107146
3882,0.0002941677230410278
310,0.0002939397963928059
6126,0.000293841672828421
378,0.00029278869624249637
3863,0.0002924820582848042
4529,0.000292450436973013
1767,0.00029235603869892657
5062,0.00029214499227236956
2717,0.00029201811412349343
1150,0.000291866366751492
3273,0.00029115080542396754
3195,0.0002908204187406227
7095,0.0002897749509429559
186,0.00028964549710508436
5673,0.0002890976466005668
6855,0.0002890728646889329
678,0.00028896711592096835
6470,0.00028872303664684296
4642,0.0002886083675548434
1466,0.0002884536370402202
1152,0.0002883478155126795
7250,0.0002880039974115789
338,0.0002879075618693605
1853,0.0002874241763493046
734,0.000287387243588455
7598,0.0002869889867724851
7681,0.0002866566937882453
6488,0.00028580165235325694
7160,0.000285801274003461
99,0.00028570028371177614
3220,0.00028553942684084177
1363,0.000285423404420726
7150,0.0002837861829902977
5658,0.00028351704531814903
6658,0.00028321788704488426
712,0.00028317785472609103
2223,0.00028269858739804476
1989,0.0002826698182616383
3234,0.0002826469572028145
620,0.0002815093466779217
3674,0.00028141123766545206
6035,0.00028117561305407435
3546,0.0002811387093970552
5954,0.0002810574078466743
2788,0.00028085606754757464
7656,0.0002804934629239142
4320,0.0002802066446747631
4661,0.00028017575095873326
7920,0.00028012352413497865
4038,0.0002799367648549378
2974,0.0002798565255943686
7629,0.00027968014182988554
1296,0.0002787285775411874
6191,0.00027855869848281145
4029,0.00027845574368257076
3426,0.00027794660127256066
1037,0.0002772132575046271
4023,0.0002771760046016425
1283,0.0002767294499790296
329,0.00027630645490717143
4371,0.0002761964133242145
7342,0.000275829981546849
290,0.000275668062386103
6382,0.00027515419060364366
6545,0.0002750344428932294
3201,0.000274716061539948
7725,0.0002745785313891247
1818,0.0002738240727921948
3800,0.0002736869500949979
295,0.00027348933508619666
5769,0.0002734871522989124
2789,0.00027318157663103193
3265,0.00027282962400931865
381,0.00027264120581094176
727,0.00027199128817301244
3424,0.0002717931929510087
7010,0.00027164800849277526
2345,0.0002715591253945604
2898,0.0002710297267185524
917,0.0002704945218283683
1108,0.00026994000654667616
1752,0.0002694566355785355
2076,0.0002692336274776608
5637,0.00026917261129710823
4350,0.00026846191030927
541,0.00026843366504181176
5965,0.00026837865880224854
5030,0.00026826343673747033
691,0.000267981318756938
7050,0.00026771768170874566
2105,0.00026725511997938156
2947,0.00026702061586547643
5452,0.00026576072559691966
6087,0.00026564611471258104
65,0.0002650977548910305
6333,0.0002646838402142748
3852,0.00026466482086107135
4174,0.00026454513135831803
1985,0.0002640563470777124
6833,0.00026401532522868365
190,0.0002638638543430716
5958,0.0002637609140947461
6274,0.00026338922907598317
114,0.0002628507500048727
2260,0.0002620872837724164
5680,0.0002616082492750138
2725,0.00026152373175136745
7916,0.000261470559053123
3978,0.00026134659128729254
5794,0.00026115262880921364
2268,0.0002609935909276828
3503,0.00026015790353994817
2772,0.00026003563834819943
2603,0.0002598094433778897
1229,0.00025962386280298233
1925,0.0002595556288724765
211,0.0002588706702226773
2136,0.0002588040806585923
3358,0.00025864590134005994
6152,0.0002583516179583967
5605,0.00025777320843189955
7712,0.0002576793194748461
4241,0.0002575951657490805
4796,0.00025742710568010807
7526,0.0002572551748016849
7724,0.0002571722579887137
5568,0.00025647826259955764
2004,0.00025620679662097245
1431,0.00025601919332984835
6531,0.00025505646772217005
645,0.0002549436321714893
360,0.00025456881849095225
6388,0.00025433683185838163
1160,0.0002542322181398049
4958,0.0002541454159654677
3208,0.00025398073194082826
6765,0.00025365616602357477
4535,0.0002531479694880545
4376,0.0002526040480006486
7145,0.00025231797189917415
2529,0.0002521804563002661
7895,0.0002515944870538078
475,0.00025142178492387757
6000,0.0002507427634554915
7442,0.00025073734286706895
3917,0.0002505036536604166
6650,0.00025042313791345805
6929,0.0002504103467799723
309,0.0002497962923371233
6432,0.000249740420258604
1799,0.00024947646306827664
745,0.000249253906076774
7756,0.0002488873724360019
570,0.0002488791215000674
2497,0.0002488389436621219
4917,0.00024860494886524975
2999,0.00024823723651934415
905,0.0002478570386301726
7851,0.0002474228458595462
4538,0.0002472479100106284
988,0.000247017051151488
2225,0.0002469613391440362
2078,0.00024662850773893297
349,0.0002464595454512164
7234,0.0002462723932694644
5028,0.0002461441181367263
6164,0.00024589164240751415
336,0.00024568935623392463
4246,0.0002453392808092758
1193,0.00024532222596462816
700,0.00024518350255675614
5927,0.00024504234170308337
2473,0.0002450288739055395
7616,0.0002446024664095603
6449,0.00024341406242456287
6386,0.0002426708524581045
2876,0.00024260279315058142
6,0.00024251040304079652
4092,0.00024207657406805083
7283,0.0002418660806142725
5178,0.00024164442584151402
7899,0.00024163627676898614
6854,0.00024149080854840577
3047,0.0002414780465187505
4313,0.00024146115902112797
643,0.00024139810557244346
2607,0.00024136579304467887
2327,0.0002413443726254627
5712,0.00024089374346658587
1753,0.0002408185973763466
2907,0.0002406551066087559
1290,0.0002403492690064013
213,0.000240189372561872
6026,0.0002400631201453507
1614,0.00023963634885149077
514,0.0002393795148236677
7717,0.0002393526301602833
2241,0.00023918187071103603
1302,0.0002389411674812436
1706,0.00023888840951258317
7385,0.00023874398902989924
998,0.00023827147379051894
6630,0.00023751876142341644
1663,0.00023734364367555827
1266,0.00023723640333628282
1035,0.0002365939290029928
43,0.00023596892424393445
7800,0.00023582512221764773
1262,0.00023558824614156038
2083,0.00023535909713245928
3780,0.0002350893773837015
1478,0.00023457467614207417
5064,0.0002345659158891067
2482,0.0002341563522350043
2435,0.00023316965234698728
479,0.0002330582356080413
5305,0.0002327304391656071
3560,0.00023270081874215975
4419,0.00023260551097337157
4025,0.00023253245308296755
5122,0.0002322729633306153
1724,0.00023163687728811055
3007,0.00023142974532674998
7368,0.00023067939036991447
4649,0.00023040709493216127
5483,0.00023018474894342944
6984,0.00023009504366200417
3751,0.00023000498913461342
1358,0.00022984465613262728
6635,0.00022959764464758337
1532,0.00022957866895012558
2577,0.00022937583707971498
2181,0.00022915360023034737
1974,0.00022897782764630392
312,0.0002287966271978803
4910,0.00022873155830893666
3318,0.00022864813945489004
3672,0.00022845217608846724
1680,0.00022786263434682041
7222,0.00022771362273488194
1669,0.00022754607925890014
5278,0.00022624904522672296
4973,0.00022603712568525225
1102,0.0002259779066662304
5419,0.00022565355175174773
4107,0.00022562329104403034
6834,0.00022545047977473587
1940,0.00022538736084243283
4591,0.00022536224423674867
538,0.0002250829347758554
7763,0.00022499361512018368
3965,0.0002248806704301387
359,0.00022471668489743024
3188,0.0002245343493996188
4666,0.00022430568060372025
7541,0.00022392153914552182
376,0.00022373483079718426
2714,0.00022337280825013295
7898,0.0002228198281954974
4081,0.0002221333925263025
3598,0.0002220288006355986
3270,0.00022194217308424413
904,0.00022172759781824425
7255,0.0002215391068602912
3615,0.00022151392477098852
3168,0.0002207863435614854
7653,0.0002207797151640989
6421,0.0002207485304097645
769,0.00022039440227672458
1566,0.00022036047448636964
7456,0.0002199334921897389
6091,0.00021980735618853942
4612,0.000219721274334006
4461,0.00021969460067339242
2946,0.0002196420609834604
58,0.00021947178902337328
2310,0.00021941897284705192
2635,0.00021893504890613258
6399,0.0002187985592172481
1521,0.00021878045663470402
3138,0.0002186659985454753
3442,0.00021841585112269968
194,0.00021834945073351264
4446,0.0002181763920816593
2582,0.00021809089230373502
1959,0.00021800815011374652
5462,0.00021791994367958978
79,0.000217773653275799
1631,0.0002177005517296493
959,0.0002176961934310384
2300,0.00021754530462203547
1190,0.00021707873384002596
254,0.00021689128334401175
1424,0.0002168508799513802
7011,0.00021674144227290526
3934,0.0002166660560760647
2119,0.00021643508807756007
2138,0.00021577332518063486
6978,0.0002157470880774781
6628,0.00021542391914408654
1668,0.00021500100410776213
791,0.0002149864230887033
4831,0.00021475686662597582
7615,0.00021451279462780803
1613,0.000214453371881973
7147,0.00021387786546256393
5676,0.00021376126824179664
3586,0.0002137312330887653
510,0.0002136466500815004
3440,0.00021351293980842456
7139,0.00021338115038815886
1970,0.0002133469024556689
6122,0.00021312469471013173
6390,0.00021260144421830773
7161,0.00021244288654997945
105,0.000212427374208346
4162,0.00021235246094875038
6427,0.00021231459686532617
529,0.00021219969494268298
1367,0.00021215324522927403
5091,0.000211916740227025
2703,0.00021171623666305095
7102,0.00021164894860703498
2527,0.00021152698172954842
2561,0.00021070626098662615
4026,0.0002106657120748423
7567,0.00021034989913459867
8,0.00021029410709161311
2843,0.00020961604604963213
5969,0.0002095199961331673
1939,0.00020937278895871714
4761,0.0002083961444441229
7714,0.00020831089204875752
824,0.00020791950373677537
2470,0.00020749354735016823
3841,0.00020742508058901876
4699,0.00020734834834001958
2687,0.00020722414774354547
4977,0.00020719515305245295
6166,0.00020712214609375224
2352,0.00020711297838715836
3623,0.00020683258480858058
1373,0.00020656410924857482
7302,0.00020644346659537405
4983,0.00020635621331166476
3940,0.00020609751663869247
4356,0.0002060246333712712
7960,0.00020600834977813065
5414,0.0002057851161225699
5913,0.0002056728844763711
4884,0.0002054571668850258
3351,0.00020545206643873826
4036,0.0002052048221230507
553,0.00020457064965739846
5120,0.00020451482123462483
2274,0.00020442194363567978
5710,0.0002042642663582228
3926,0.00020411254809005186
2531,0.00020405253599165007
534,0.0002040351537289098
5859,0.00020395797037053853
5557,0.00020393120939843357
6507,0.00020368957484606653
6010,0.00020342761126812547
464,0.00020338415924925357
6272,0.00020317652524681762
6442,0.00020314341236371547
5989,0.0002030699688475579
5494,0.0002029303796007298
3470,0.00020288085215725005
6428,0.00020251524256309494
1836,0.00020241855236236006
6826,0.00020225613116053864
2632,0.00020208875503158197
5820,0.00020204720931360498
7738,0.0002015439240494743
5955,0.0002013286721194163
3787,0.000201244190975558
2984,0.0002011881078942679
5400,0.00020112282072659582
2676,0.00020084459538338706
4550,0.000200015572772827
465,0.00019997921481262892
6783,0.00019987630366813391
6847,0.00019971887377323583
1372,0.00019960961799370125
7631,0.00019903488282579929
2179,0.0001989184966078028
3025,0.00019890363910235465
5002,0.00019868453819071874
134,0.00019827719370368868
2624,0.00019823999173240736
76,0.00019814672123175114
4480,0.00019803408940788358
3583,0.00019737293041544035
2328,0.00019727175822481513
692,0.00019718537805601954
7654,0.00019695526134455577
554,0.0001969236836885102
591,0.00019683912978507578
548,0.00019681679987115785
2608,0.00019660522229969501
5679,0.00019634381169453263
4226,0.00019628240261226892
3911,0.00019611011521192268
5461,0.00019600230734795332
3896,0.00019559153588488698
7829,0.0001952161910594441
4672,0.00019515977328410372
3814,0.00019503062503645197
2312,0.00019478709145914763
7913,0.0001945929107023403
7870,0.00019413749396335334
4655,0.00019370429072296247
6112,0.00019336405966896564
6985,0.0001926492914208211
6392,0.00019233957573305815
143,0.00019211791368434206
928,0.0001917620174936019
2994,0.00019168190192431211
506,0.0001915738030220382
4785,0.00019154817709932104
3302,0.00019129462452838197
4288,0.00019115200848318636
5383,0.0001911223298520781
1103,0.00019103892554994673
101,0.0001909200000227429
6726,0.00019056766177527606
2941,0.0001905240715132095
5325,0.00019035856530535966
1154,0.0001902192016132176
4561,0.00019007550145033747
4033,0.0001900043134810403
2483,0.0001899751223390922
762,0.0001898163100122474
984,0.0001897354013635777
1454,0.00018958215514430776
6426,0.0001892948421300389
5081,0.0001890228159027174
6120,0.00018892496882472187
7475,0.00018877355614677072
7853,0.0001886962927528657
4460,0.0001884985831566155
2711,0.000188262143637985
1310,0.00018820825061993673
2231,0.00018814652867149562
6520,0.0001877773247542791
4611,0.0001877220784081146
7227,0.00018771850591292605
2092,0.00018767681467579678
1177,0.00018765990535030141
6141,0.00018751793686533347
6451,0.0001874085792223923
889,0.0001873180954135023
6510,0.00018709369032876566
2439,0.00018703349633142352
682,0.0001869569532573223
5307,0.00018679924687603489
4004,0.00018672267469810322
182,0.00018615125736687332
3714,0.0001861358105088584
7963,0.0001860897900769487
5555,0.0001858719697338529
1376,0.00018586018995847553
1181,0.0001857731258496642
5293,0.0001854993315646425
5459,0.00018540574092185125
2104,0.00018516364798415452
397,0.00018447775073582307
1230,0.000184418422577437
59,0.00018421365530230105
4065,0.0001839278411353007
6804,0.0001838098542066291
7312,0.00018373129569226876
2332,0.0001837165909819305
5690,0.00018340465612709522
3075,0.00018315698252990842
6281,0.00018260190699947998
1878,0.00018244075181428343
2340,0.00018224976520286873
7341,0.00018210302368970588
2252,0.00018204443040303886
4639,0.00018174579599872231
3001,0.00018168742826674134
2680,0.00018139775056624785
3236,0.00018092133541358635
1747,0.0001809164896258153
7192,0.0001808520537451841
1938,0.0001806208529160358
7179,0.00018051134975394234
3658,0.00018046878540189937
5512,0.000180381081008818
3221,0.00017946171283256263
4155,0.0001793937844922766
3108,0.00017933272465597838
987,0.0001792827169992961
5202,0.0001792344919522293
732,0.00017914321506395936
793,0.00017908789595821872
6128,0.00017878226935863495
6359,0.00017862606182461604
398,0.00017858831415651366
7846,0.00017849361756816506
5183,0.00017840982764028013
2989,0.00017838594067143276
4221,0.00017829856369644403
6641,0.00017814360762713477
6910,0.0001781423343345523
1846,0.000177948793862015
4178,0.0001775900527718477
6617,0.00017732384731061757
5199,0.00017731361731421202
57,0.00017716670845402405
2850,0.0001770150411175564
7547,0.00017699066665954888
258,0.00017696524446364492
5427,0.00017689359083306044
7310,0.00017682842735666782
2130,0.00017679359734756872
3902,0.00017672326794127002
1589,0.0001766395871527493
1079,0.00017662649042904377
7223,0.00017657801799941808
2664,0.00017613648378755897
7261,0.00017604705499252304
780,0.00017590310017112643
5222,0.00017502615810371935
4018,0.00017496850341558456
2597,0.00017491343896836042
2572,0.000174840577528812
1180,0.00017483506235294044
3264,0.00017482670955359936
3412,0.00017480209498899058
6375,0.00017437844508094713
2325,0.00017412348097423092
515,0.00017409586143912748
3296,0.0001740131847327575
7214,0.0001739730651024729
4671,0.00017381907673552632
6666,0.00017380945791956037
2887,0.00017379601922584698
3796,0.00017360009951516986
6314,0.0001733528551994823
2311,0.0001732448290567845
3185,0.00017282389308093116
5777,0.0001725049951346591
3015,0.00017229521472472697
4908,0.0001722678862279281
6574,0.00017221244343090802
5623,0.0001721669250400737
2771,0.00017215535626746714
2038,0.00017211453086929396
6282,0.00017175901302834973
1085,0.00017171335639432073
1261,0.0001713259334792383
7158,0.00017127086175605655
1874,0.00017061794642359018
1174,0.00017049348389264196
7459,0.00017037444922607392
5867,0.00017035786004271358
3489,0.00017011285672197118
894,0.00017007401766022667
5433,0.00016984263493213803
2776,0.00016975702601484954
4151,0.0001696021790849045
463,0.00016939731722231954
6515,0.00016937599866650999
4374,0.00016931501886574551
3436,0.0001685827155597508
7272,0.00016850583779159933
6532,0.00016834419511724263
7900,0.00016819041047710925
1835,0.00016818534641060978
5259,0.00016817384312162176
5757,0.00016800259618321434
1557,0.00016782011516625062
1890,0.00016774093819549307
5612,0.0001677078689681366
6467,0.00016751304792705923
7416,0.00016737348778406158
6789,0.00016726544708944857
2068,0.0001669122138991952
6065,0.00016672340279910713
7380,0.0001662812428548932
5574,0.00016625013086013496
4348,0.00016608457372058183
1546,0.0001659320405451581
2554,0.00016588142170803621
3244,0.0001657296670600772
800,0.00016563291137572378
7212,0.0001655323285376653
6123,0.0001653238505241461
7785,0.00016510616842424497
3156,0.0001651055208640173
2526,0.0001650707854423672
3000,0.00016467990644741803
7337,0.00016456433513667434
3725,0.00016454299475299194
1679,0.0001644967560423538
7205,0.00016425397188868374
1659,0.00016418452287325636
5362,0.00016405544738518074
7327,0.0001640397749724798
2029,0.000163765434990637
5070,0.00016368521028198302
6319,0.00016350054647773504
5957,0.00016276790847769007
6792,0.000162678916240111
7331,0.00016241501725744456
3621,0.00016230157780228183
3652,0.00016208481247304007
2857,0.00016189303278224543
1469,0.0001618450478417799
3383,0.00016180767852347344
5614,0.00016179084195755422
5420,0.00016178346413653344
4114,0.00016175537166418508
2992,0.00016162168321898207
5974,0.0001615829169168137
6095,0.00016127170965773985
2998,0.00016126946866279468
244,0.00016102707013487816
1729,0.0001609551181900315
4818,0.00016049297846620902
4506,0.00016044254880398512
6838,0.00016040879563661292
1457,0.0001603295822860673
3817,0.00016025707736844197
3509,0.00015969781816238537
7189,0.00015969385276548564
2081,0.00015923750470392406
2698,0.00015913043171167374
1473,0.0001589637977303937
3606,0.00015888101916061714
5691,0.00015866173635004088
4515,0.0001586151192896068
1077,0.0001583005941938609
5026,0.00015827103197807446
6585,0.00015820167027413845
1109,0.0001575678470544517
1412,0.00015756766515551135
429,0.00015749801241327077
7064,0.00015745617565698922
3999,0.00015721291856607422
4677,0.00015712185995653272
4367,0.00015682959201512858
1628,0.00015677526243962348
4944,0.00015670129505451769
405,0.00015655503375455737
1274,0.00015631915448466316
777,0.0001561796379974112
6480,0.00015606213128194213
1984,0.00015588456153636798
6539,0.00015577860176563263
6298,0.00015569082461297512
6305,0.00015553673438262194
6276,0.00015549349336652085
3105,0.00015546861686743796
2538,0.00015507484204135835
3903,0.00015492832608288154
5759,0.00015479837747989222
7924,0.00015468182391487062
7708,0.00015452809748239815
2360,0.00015442637959495187
742,0.00015403229917865247
3139,0.0001536824565846473
4417,0.00015366033767350018
4052,0.00015361400437541306
5625,0.00015361139958258718
662,0.00015324111154768616
3888,0.0001530074077891186
3145,0.00015291627642000094
6946,0.0001528253051219508
6835,0.00015281677769962698
7363,0.00015272207383532077
1923,0.000152717468154151
2540,0.00015264922694768757
1488,0.00015217774489428848
4995,0.00015210262790787965
4186,0.00015197391621768475
6031,0.00015191487909760326
738,0.00015143947530305013
4617,0.0001512855087639764
1564,0.0001512797171017155
2507,0.00015119944873731583
6981,0.00015113904373720288
4254,0.0001511165828560479
3377,0.00015101837198017165
7764,0.0001502451705164276
6502,0.00014979913248680532
1584,0.00014972256030887365
4625,0.00014958400424802676
1359,0.00014955306687625125
6429,0.0001495475007686764
7085,0.00014901370013831183
7688,0.00014886280405335128
5959,0.0001488030538894236
3909,0.00014862384705338627
5472,0.0001484355962020345
4468,0.0001484331296524033
7486,0.00014840217045275494
3671,0.00014802234363742173
5810,0.0001477929690736346
6400,0.00014759397163288668
2468,0.0001475021126680076
37,0.00014735432341694832
296,0.0001472269432269968
3679,0.00014716485748067498
565,0.0001471306532039307
837,0.00014684177585877478
6862,0.00014678521984023973
5873,0.00014632107922807336
3910,0.0001462794971303083
4411,0.0001458276019548066
2508,0.00014564968296326697
2957,0.00014543851284543052
7129,0.0001453830918762833
4383,0.0001453780205338262
5023,0.0001453238510293886
1967,0.00014515468501485884
5455,0.00014487512817140669
3012,0.00014466592256212607
1407,0.0001446158639737405
847,0.00014448686124524102
3849,0.00014430085138883442
1268,0.000144034594995901
4140,0.0001438643885194324
2978,0.00014377471234183758
3202,0.00014373023441294208
7335,0.00014330386329675093
5475,0.00014326267410069704
7117,0.00014318728790385649
7513,0.00014309086691355333
2408,0.0001430550400982611
7873,0.000142953016620595
7626,0.00014281757466960698
5744,0.00014252616529120132
4163,0.00014245240163290873
5321,0.00014222264871932566
1756,0.00014222257595974952
5389,0.00014209251094143838
3564,0.0001420249609509483
5228,0.0001419903928763233
5677,0.00014172690134728327
6925,0.0001415529623045586
7253,0.00014146605099085718
1505,0.00014145842578727752
903,0.00014142894360702485
2864,0.00014047484000911936
7811,0.00014023341645952314
1920,0.00014014267071615905
1008,0.0001401122281095013
412,0.00013999025395605713
2456,0.00013986187695991248
1764,0.00013982194650452584
5398,0.00013976531772641465
5275,0.00013951083383290097
659,0.00013947664410807192
3642,0.00013885525549994782
621,0.00013879274774808437
3359,0.00013874263095203787
1779,0.00013868013775208965
4391,0.00013853875861968845
2643,0.00013848186063114554
7328,0.0001383069102303125
3587,0.00013825156929669902
3976,0.0001382476038997993
911,0.00013817785657010972
3573,0.00013811230019200593
1482,0.00013789204240310937
3263,0.00013764195318799466
5604,0.0001376394648104906
7692,0.00013755172403762117
2085,0.0001375462452415377
610,0.0001374953062622808
3737,0.00013733077503275126
6672,0.00013716636749450117
5042,0.00013715547538595274
6852,0.0001371431426377967
7452,0.00013702626893064007
1209,0.00013665768346982077
902,0.0001365254574920982
1375,0.00013649875472765416
3338,0.00013629504974232987
6675,0.0001362136536045
7274,0.00013601638056570664
1664,0.00013592677714768797
7089,0.000135914895508904
7901,0.00013586854765890166
7700,0.00013558051432482898
5489,0.00013550816220231354
755,0.000135388043418061
2955,0.00013480424240697175
2519,0.000134761787194293
1674,0.000134445283038076
5172,0.00013443685020320117
6601,0.00013426354416878894
7109,0.0001341865790891461
6085,0.00013395180576480925
7366,0.00013386387581704184
1078,0.00013384901103563607
5513,0.00013339895667741075
7499,0.00013331241643754765
6705,0.00013326117186807096
973,0.0001332516039838083
5212,0.00013254179793875664
6754,0.0001323602336924523
1219,0.00013220136315794662
2165,0.00013216638762969524
3502,0.0001321355375694111
4496,0.0001317773130722344
1743,0.00013139557268004864
5356,0.00013132227468304336
4342,0.00013108911662129685
2082,0.0001310865191044286
1610,0.00013105203106533736
2805,0.0001304847392020747
850,0.0001304837132920511
1223,0.00013036696327617392
6013,0.00013000603939872235
862,0.00012998675811104476
2963,0.00012985400098841637
2695,0.0001296984773944132
5722,0.00012966062786290422
5746,0.00012944178888574243
6214,0.00012941753084305674
1847,0.00012909500219393522
583,0.00012867689656559378
4109,0.00012837047688663006
2349,0.0001280579890590161
2285,0.00012753957707900554
6819,0.00012752968905260786
5134,0.00012748516019200906
6874,0.00012745385902235284
7294,0.00012744773994199932
5449,0.0001270803841180168
7206,0.00012704660912277177
108,0.00012694850011030212
7168,0.00012683253589784727
5767,0.00012671187869273126
5521,0.000126576516777277
3017,0.00012634722952498123
2699,0.0001259211712749675
3581,0.0001256845280295238
5101,0.00012565222277771682
2869,0.00012559104652609676
4697,0.00012557076843222603
6773,0.00012542894546641037
1285,0.000125411923363572
7715,0.00012530762614915147
2061,0.0001252384899999015
6235,0.00012514740228652954
3476,0.00012477718701120466
5748,0.00012465324107324705
4494,0.0001246468527824618
2506,0.0001246459396497812
124,0.00012457551929401234
5847,0.0001245650928467512
2753,0.00012447481276467443
5733,0.00012445179163478315
5242,0.00012436136603355408
3681,0.00012431422510417178
289,0.00012417961261235178
4962,0.00012390675692586228
3243,0.0001238839904544875
5331,0.00012348407835816033
2896,0.00012319187590037473
2000,0.00012314055493334308
7226,0.0001231293754244689
6176,0.0001230963462148793
3448,0.0001229505032824818
77,0.00012291807070141658
7667,0.00012282858006074093
5386,0.0001228236869792454
7661,0.0001228205655934289
1130,0.0001227550965268165
7818,0.0001223275721713435
3624,0.0001222577629960142
4137,0.00012215246897540055
4135,0.00012205802340758964
6572,0.00012184030492790043
3617,0.00012157388118794188
4396,0.00012146120934630744
6405,0.00012135973884142004
2827,0.00012135251381550916
6620,0.00012131332186982036
4030,0.00012127157242503017
1245,0.00012115132267354056
7918,0.00012112349941162392
703,0.00012107379006920382
7752,0.00012098256411263719
440,0.00012048397184116766
4256,0.00012045918992953375
320,0.00012004366726614535
2197,0.00011986315803369507
986,0.00011982121577602811
3121,0.00011956095841014758
3844,0.00011943884237552993
1198,0.00011941370394197293
7974,0.00011930151958949864
2121,0.00011922553312615491
4770,0.00011918752716155723
907,0.00011915650975424796
7091,0.00011915163486264646
7415,0.00011853352043544874
1922,0.00011844297841889784
601,0.00011843374886666425
3379,0.00011818283383036032
7842,0.0001180603212560527
4894,0.0001177246194856707
5276,0.00011764348892029375
6074,0.00011758197069866583
1074,0.00011751479178201407
2532,0.00011739680121536367
7133,0.00011734007784980349
1755,0.00011727088713087142
2428,0.00011707812882377766
845,0.00011704764619935304
7433,0.00011679243471007794
1331,0.00011661833195830695
6247,0.00011633741087280214
4283,0.00011630033259280026
2636,0.00011605388135649264
669,0.00011603078382904641
2103,0.0001155653917521704
6347,0.00011550427370821126
4444,0.0001154877281805966
3418,0.00011547653775778599
1608,0.00011540315608726814
7620,0.00011536466990946792
4007,0.00011531682685017586
3989,0.000115079696115572
6023,0.00011506972441566177
1962,0.0001149632989836391
2763,0.00011473550694063306
7015,0.0001147247057815548
3231,0.00011468083539512008
1486,0.00011409328362788074
5394,0.00011399037248338573
2735,0.00011395343608455732
7517,0.00011386197002138942
7637,0.0001138006009568926
5187,0.00011375312169548124
7904,0.00011346961036906578
6159,0.00011341972276568413
6578,0.00011331502901157364
273,0.00011324440129101276
7934,0.00011322041609673761
5318,0.0001130694363382645
5074,0.00011300683763693087
3266,0.00011299179459456354
2738,0.00011278182137175463
728,0.00011275154247414321
6673,0.00011259716848144308
1244,0.00011250633542658761
438,0.00011246516442042775
4345,0.00011241177344345488
7701,0.00011173972598044202
6459,0.00011165605610585772
4577,0.00011162801092723384
5849,0.00011158183042425662
7872,0.00011154685853398405
2775,0.000111541088699596
2276,0.00011124938100692816
6647,0.00011122286741738208
7391,0.00011115336019429378
1040,0.00011098021786892787
2726,0.00011091593842138536
2672,0.00011060935503337532
3749,0.00011060481483582407
5881,0.00011055621507694013
6479,0.00011054945935029536
7193,0.00011045499559259042
1494,0.00011030232417397201
5277,0.0001102579954022076
4131,0.00011011660171789117
618,0.000109572742076125
2491,0.00010946083421004005
4158,0.0001092397142201662
1930,0.00010905043018283322
4409,0.00010901390123763122
931,0.0001087929449568037
590,0.0001085349649656564
1698,0.00010826244397321716
5586,0.0001082566159311682
112,0.00010777787974802777
5988,0.00010773769463412464
3429,0.0001077264387276955
2246,0.00010769631990115158
7135,0.0001076442604244221
7557,0.00010755845505627804
6077,0.00010727637345553376
3306,0.0001071719016181305
4039,0.00010708521949709393
5529,0.00010704977466957644
7032,0.00010695191667764448
1548,0.00010683551954571158
5396,0.00010646550799719989
5597,0.00010640423352015205
2838,0.00010589944577077404
4926,0.00010588169607217424
3928,0.00010563374235061929
2031,0.00010526996993576176
1106,0.00010514637324376963
4942,0.00010504569218028337
7347,0.00010500874122953974
3527,0.00010497719267732464
7977,0.00010496650793356821
4800,0.00010484251833986491
493,0.00010481766366865486
4056,0.00010480811033630744
6845,0.00010476569877937436
2144,0.00010466089224792086
6387,0.00010460099292686209
4684,0.00010457603639224544
64,0.00010414620192022994
6994,0.00010414101416245103
1834,0.00010392162948846817
5674,0.00010383510743849911
4613,0.00010377374201198108
6182,0.00010376787759014405
4930,0.00010369230221840553
5107,0.00010351336459279992
7884,0.00010337957792216912
2779,0.00010328993448638357
3066,0.00010326170740881935
3526,0.00010280011338181794
1815,0.00010276991088176146
5093,0.00010276694229105487
6086,0.00010262982686981559
6185,0.00010257526446366683
335,0.00010239714538329281
4021,0.0001020272757159546
104,0.00010196378207183443
7235,0.00010180035314988345
3450,0.00010154012124985456
7682,0.0001014493427646812
1113,0.00010139277583220974
2449,0.00010123739048140123
163,0.00010108286369359121
2825,0.00010080325591843575
3249,0.00010079953062813729
7127,0.00010039066546596587
4341,0.00010031654892372899
6335,0.00010029836266767234
3085,0.00010026451855082996
5221,0.00010023670620284975
4858,9.991191473091021e-05
2744,9.966514335246757e-05
4711,9.961694740923122e-05
2866,9.945684723788872e-05
2983,9.939092706190422e-05
7625,9.931295790011063e-05
1620,9.930712258210406e-05
5200,9.92317327472847e-05
2534,9.921066521201283e-05
2709,9.92034147202503e-05
3127,9.908744686981663e-05
6097,9.905245315167122e-05
1178,9.904889884637669e-05
7523,9.892656089505181e-05
5753,9.887092164717615e-05
4147,9.85482802207116e-05
6589,9.851482536760159e-05
4005,9.848038826021366e-05
6670,9.847942783380859e-05
4252,9.814592340262607e-05
1718,9.80547301878687e-05
4664,9.793010758585297e-05
944,9.792550190468319e-05
6153,9.783867790247314e-05
7367,9.778485400602221e-05
2188,9.764932474354282e-05
486,9.754309576237574e-05
229,9.747649892233312e-05
7320,9.740746463648975e-05
7012,9.731501631904393e-05
4945,9.729187877383083e-05
6731,9.724602932692505e-05
4100,9.724011033540592e-05
1978,9.723736002342775e-05
7544,9.722244794829749e-05
7953,9.719463560031727e-05
7195,9.715037595015019e-05
968,9.713388135423884e-05
2409,9.709647201816551e-05
4598,9.70167457126081e-05
1120,9.699891597847454e-05
2005,9.685533586889505e-05
7059,9.681829760666005e-05
3132,9.6731680969242e-05
306,9.67290579865221e-05
2688,9.666872574598528e-05
1825,9.660106661613099e-05
1524,9.653329470893368e-05
7743,9.646916078054346e-05
2585,9.646479520597495e-05
3136,9.64460450632032e-05
6257,9.644239253248088e-05
6938,9.625775783206336e-05
5952,9.614653026801534e-05
2486,9.614268492441624e-05
6533,9.606558887753636e-05
7982,9.585037332726642e-05
816,9.581852646078914e-05
6049,9.565271102474071e-05
1020,9.547948502586223e-05
7698,9.541710096527822e-05
2890,9.540321116219275e-05
2453,9.538089580019005e-05
1288,9.525977293378673e-05
7611,9.510857125860639e-05
5609,9.509907977189869e-05
6170,9.506485730526038e-05
2814,9.492623212281615e-05
5809,9.492516983300447e-05
2043,9.490889715380035e-05
1652,9.481595407123677e-05
6700,9.470168151892722e-05
1905,9.456858606426977e-05
6056,9.4333961897064e-05
7308,9.43142658798024e-05
644,9.421244249097072e-05
2448,9.419865455129184e-05
602,9.416371176484972e-05
2407,9.409508493263274e-05
6879,9.403352669323795e-05
4012,9.38192279136274e-05
958,9.38060402404517e-05
4085,9.368021710542962e-05
995,9.366069571115077e-05
5328,9.353101268061437e-05
6653,9.35284624574706e-05
3718,9.352689812658355e-05
4487,9.341532131657004e-05
2355,9.341092300019227e-05
1464,9.336640505352989e-05
7152,9.334131755167618e-05
2317,9.332876652479172e-05
14,9.313027112511918e-05
4966,9.305952698923647e-05
1872,9.303165279561654e-05
1333,9.288945511798374e-05
1339,9.284516636398621e-05
530,9.268959911423735e-05
1886,9.264310938306153e-05
7645,9.261568993679248e-05
555,9.231122749042697e-05
4077,9.219403000315651e-05
6790,9.214584497385658e-05
6960,9.184436567011289e-05
5938,9.183635120280087e-05
3604,9.158272223430686e-05
723,9.157501335721463e-05
4609,9.155887528322637e-05
1927,9.112372936215252e-05
2573,9.089453669730574e-05
4058,9.089043305721134e-05
1073,9.077625873032957e-05
6743,9.071643216884695e-05
6614,9.068735744222067e-05
5953,9.060096272150986e-05
6877,9.05617380340118e-05
6781,9.047639832715504e-05
4060,9.030571527546272e-05
7169,9.027652777149342e-05
5783,9.015778050525114e-05
4764,9.015558680403046e-05
7057,9.014229362946935e-05
2493,9.009223867906258e-05
2256,9.003381273942068e-05
6764,8.996456017484888e-05
7181,8.977235484053381e-05
2655,8.946743764681742e-05
6287,8.936049198382534e-05
7361,8.925697329686955e-05
3523,8.906978837330826e-05
5432,8.904131755116396e-05
2590,8.897243606043048e-05
3788,8.895160863175988e-05
2146,8.872660328052007e-05
3288,8.864271148922853e-05
4792,8.863479160936549e-05
2860,8.854070256347768e-05
2441,8.821862866170704e-05
7778,8.814361353870481e-05
1419,8.814303873805329e-05
6268,8.806167534203269e-05
4362,8.80241859704256e-05
5537,8.794367386144586e-05
202,8.778977644396946e-05
1475,8.770533167989925e-05
1354,8.749059270485304e-05
7481,8.739706390770152e-05
521,8.722516940906644e-05
4192,8.719640754861757e-05
4292,8.708999666851014e-05
292,8.688142042956315e-05
7739,8.681814870215021e-05
4352,8.672448893776163e-05
6679,8.671940668136813e-05
1128,8.663914195494726e-05
1549,8.662150503369048e-05
2897,8.65939655341208e-05
3953,8.648148286738433e-05
2262,8.644067565910518e-05
5244,8.62216911627911e-05
1057,8.612383680883795e-05
3648,8.611779776401818e-05
1883,8.603661626693793e-05
3783,8.603119567851536e-05
935,8.57866762089543e-05
2973,8.577184416935779e-05
3812,8.573539889766835e-05
2721,8.545160744688474e-05
6370,8.53213387017604e-05
6167,8.511634587193839e-05
1453,8.495242218486965e-05
628,8.483390774927102e-05
7676,8.476239599986002e-05
817,8.472843546769582e-05
1314,8.456314753857441e-05
301,8.443811384495348e-05
2933,8.435732161160558e-05
3566,8.429178706137463e-05
2734,8.426966451224871e-05
6882,8.421180973527953e-05
7894,8.413168325205334e-05
6232,8.404538675677031e-05
2306,8.398522913921624e-05
2884,8.3936578448629e-05
2525,8.391034862142988e-05
7344,8.379773498745635e-05
7284,8.364603854715824e-05
3961,8.350350253749639e-05
3252,8.348671326530166e-05
7887,8.346309914486483e-05
3361,8.345665264641866e-05
7792,8.32831829029601e-05
4159,8.318072286783718e-05
6144,8.312482532346621e-05
5032,8.296000305563211e-05
1402,8.287855598609895e-05
1406,8.28119955258444e-05
347,8.274277206510305e-05
7584,8.262642950285226e-05
2216,8.255647117039189e-05
3488,8.253110718214884e-05
1433,8.220695599447936e-05
3628,8.218529910664074e-05
3472,8.206757775042206e-05
2210,8.206302300095558e-05
3152,8.193316898541525e-05
6368,8.191825327230617e-05
7351,8.179215365089476e-05
6975,8.17586769699119e-05
3316,8.17534455563873e-05
7394,8.167287160176784e-05
2402,8.166672341758385e-05
7562,8.161054574884474e-05
6932,8.158879791153595e-05
1479,8.155454997904599e-05
3484,8.154597162501886e-05
1260,8.150560825015418e-05
4972,8.14741688373033e-05
4089,8.136697942973115e-05
2637,8.116241588140838e-05
637,8.101867570076138e-05
6422,8.094154327409342e-05
4472,8.093663564068265e-05
6810,8.066798909567297e-05
2878,8.058277671807446e-05
3345,8.048862946452573e-05
4623,8.046997390920296e-05
7563,8.038669329835102e-05
799,8.034695929381996e-05
3578,8.033537596929818e-05
5836,8.031609104364179e-05
6846,8.02583344921004e-05
5138,8.023430564207956e-05
3777,8.008820805116557e-05
2505,8.005653944564983e-05
1451,7.986800483195111e-05
4868,7.978201756486669e-05
4154,7.966327757458203e-05
6692,7.965569602674805e-05
1173,7.963690222823061e-05
7149,7.962485324242152e-05
4041,7.947549238451757e-05
6592,7.943179662106559e-05
6785,7.941151852719486e-05
2464,7.924718374852091e-05
801,7.912995351944119e-05
6906,7.905722668510862e-05
1163,7.888969776104204e-05
3716,7.867808380979113e-05
1438,7.842925333534367e-05
4806,7.840172838768922e-05
594,7.839290628908202e-05
5815,7.837072553229518e-05
6748,7.836102304281667e-05
157,7.831000402802601e-05
6541,7.827077570254914e-05
1591,7.816305151209235e-05
28,7.759785148664378e-05
4090,7.753964382573031e-05
4861,7.752114106551744e-05
5944,7.741996523691341e-05
1894,7.74092404753901e-05
6169,7.739488501101732e-05
4388,7.733431993983686e-05
5812,7.726731564616784e-05
5728,7.714441017014906e-05
3496,7.713674131082371e-05
3013,7.707875192863867e-05
5747,7.703570372541435e-05
6643,7.697377805016004e-05
3894,7.692988583585247e-05
6997,7.68593126849737e-05
4518,7.659852781216614e-05
7204,7.657637615920976e-05
4410,7.647803431609645e-05
547,7.645134246558882e-05
380,7.643418575753458e-05
6434,7.626806109328754e-05
7273,7.611821638420224e-05
2291,7.599433956784196e-05
7691,7.592455585836433e-05
3504,7.580851524835452e-05
3433,7.57164707465563e-05
6803,7.567201828351244e-05
2537,7.562691462226212e-05
4934,7.544650725321844e-05
1576,7.534454562119208e-05
7058,7.533852476626635e-05
7211,7.532340532634407e-05
7414,7.528347850893624e-05
899,7.527567140641622e-05
1990,7.506007023039274e-05
3676,7.502956941607408e-05
3434,7.491278665838763e-05
6863,7.490858479286544e-05
7861,7.489600102417171e-05
1785,7.487119364668615e-05
1341,7.479394480469637e-05
925,7.475422171410173e-05
4922,7.4706447776407e-05
6490,7.465193266398273e-05
4279,7.458148684236221e-05
5651,7.445291339536197e-05
1605,7.442216519848444e-05
5170,7.441780326189473e-05
771,7.432599522871897e-05
7411,7.428172830259427e-05
3742,7.401870607282035e-05
4426,7.398972229566425e-05
4006,7.388141239061952e-05
2167,7.388083031401038e-05
6813,7.385259959846735e-05
5725,7.38469316274859e-05
3283,7.380739771178924e-05
7833,7.366172212641686e-05
441,7.364580233115703e-05
1044,7.364293560385704e-05
4098,7.334220936172642e-05
2080,7.333323083003052e-05
2437,7.330919470405206e-05
7020,7.325387923629023e-05
6373,7.313191599678248e-05
1611,7.310107685043477e-05
5282,7.309279681066982e-05
7525,7.291584188351408e-05
471,7.289781933650374e-05
6725,7.275925599969923e-05
2111,7.274296513060108e-05
5751,7.274133895407431e-05
2832,7.264878513524309e-05
2748,7.23195516911801e-05
4378,7.224680666695349e-05
4731,7.219598046503961e-05
4772,7.207581802504137e-05
3891,7.176828512456268e-05
4615,7.174545316956937e-05
6186,7.172126788645983e-05
4043,7.171234392444603e-05
4398,7.164844646467827e-05
5977,7.122097304090858e-05
1485,7.11982611392159e-05
6613,7.111599552445114e-05
235,7.110347360139713e-05
5001,7.106114935595542e-05
1436,7.102952440618537e-05
5348,7.09574123902712e-05
2539,7.089318023645319e-05
6103,7.076700421748683e-05
2114,7.065616591717117e-05
5192,7.050201384117827e-05
5333,7.039636329864152e-05
3355,7.029907646938227e-05
3242,7.027722313068807e-05
4253,7.011592970229685e-05
2979,7.001086487434804e-05
2852,6.988241511862725e-05
4498,6.975640280870721e-05
3730,6.971384937060066e-05
2042,6.96663664712105e-05
3313,6.962968109291978e-05
3102,6.957315417821519e-05
6943,6.953034244361334e-05
4284,6.950258830329403e-05
7468,6.943119660718367e-05
5458,6.941108586033806e-05
3125,6.935538476682268e-05
5778,6.922536704223603e-05
3329,6.922048851265572e-05
236,6.918957660673186e-05
7658,6.917665086803026e-05
1142,6.91200330038555e-05
6006,6.911412492627278e-05
3026,6.901269807713106e-05
4578,6.900296284584329e-05
6608,6.88329164404422e-05
528,6.882108573336154e-05
1280,6.879225111333653e-05
1513,6.868371201562695e-05
30,6.858747656224295e-05
4040,6.852941442048177e-05
4620,6.842774018878117e-05
455,6.840811693109572e-05
663,6.825650780228898e-05
5426,6.81521269143559e-05
1253,6.808972830185667e-05
2882,6.807029058109038e-05
1182,6.80353696225211e-05
3638,6.801688505220227e-05
6221,6.801403287681751e-05
938,6.793304783059284e-05
7170,6.793057036702521e-05
5813,6.769469837308861e-05
3569,6.76478557579685e-05
879,6.751692853868008e-05
1619,6.75091396260541e-05
135,6.742333061993122e-05
4300,6.742325422237627e-05
7440,6.739580931025557e-05
1215,6.72150999889709e-05
6207,6.719230805174448e-05
842,6.715618656016886e-05
6768,6.714838673360646e-05
7507,6.709019362460822e-05
2822,6.695537740597501e-05
2304,6.69366490910761e-05
1544,6.685833432129584e-05
2591,6.677753117401153e-05
203,6.677183409919962e-05
2888,6.671506343991496e-05
7354,6.662448504357599e-05
6084,6.658845813944936e-05
7030,6.655315519310534e-05
4648,6.650719296885654e-05
2689,6.649701754213311e-05
3209,6.634913006564602e-05
2296,6.627368202316575e-05
6839,6.597425817744806e-05
2457,6.594439764739946e-05
7930,6.566570664290339e-05
5290,6.56024094496388e-05
3525,6.555652726092376e-05
1009,6.552342165377922e-05
1004,6.547338489326648e-05
2032,6.544565621879883e-05
5539,6.542279515997507e-05
2321,6.537515946547501e-05
3531,6.528931771754287e-05
5330,6.52134112897329e-05
7052,6.490624218713492e-05
7546,6.485966878244653e-05
1855,6.471479719039053e-05
7813,6.468788342317566e-05
4144,6.465709884651005e-05
322,6.461502925958484e-05
3650,6.46088010398671e-05
4667,6.455012044170871e-05
144,6.452935122069903e-05
4899,6.443396341637708e-05
2319,6.442585436161608e-05
5048,6.436703552026302e-05
6129,6.436308103729971e-05
3738,6.435998147935607e-05
3634,6.435811155824922e-05
5638,6.434295937651768e-05
353,6.432838563341647e-05
5130,6.430717257899232e-05
6468,6.42566337774042e-05
7106,6.373655560309999e-05
274,6.372723510139622e-05
3410,6.369488983182237e-05
1850,6.358139944495633e-05
404,6.354440847644582e-05
7628,6.351440242724493e-05
4031,6.348837268888019e-05
7652,6.341668267850764e-05
4093,6.33822382951621e-05
6303,6.337790910038166e-05
321,6.33225790807046e-05
4116,6.323448906186968e-05
6175,6.317916631815024e-05
6740,6.312296682153828e-05
4369,6.311083052423783e-05
4807,6.308687079581432e-05
6964,6.305197166511789e-05
7410,6.304729322437197e-05
5978,6.283488619374111e-05
5893,6.28321067779325e-05
6158,6.272141399676912e-05
2112,6.267873322940432e-05
2804,6.2605417042505e-05
796,6.24090989731485e-05
6413,6.239331196411513e-05
5068,6.238234709599055e-05
1736,6.227957783266902e-05
4322,6.220981958904304e-05
3118,6.212693187990226e-05
25,6.212295556906611e-05
4532,6.199119707162026e-05
2379,6.182535071275197e-05
6114,6.179803676786833e-05
6337,6.165441300254315e-05
3762,6.156989184091799e-05
1465,6.120108810137026e-05
7837,6.104684871388599e-05
2364,6.098207086324692e-05
4536,6.093243609939236e-05
6161,6.09130147495307e-05
297,6.0851893067592755e-05
345,6.076928366383072e-05
7582,6.071487769077066e-05
4522,6.065666821086779e-05
3255,6.056911661289632e-05
1369,6.047018541721627e-05
2019,6.035545811755583e-05
2279,6.028294774296228e-05
4776,6.027058407198638e-05
3864,6.026686605764553e-05
3769,6.0208243667148054e-05
5163,6.020301589160226e-05
5949,6.010303695802577e-05
3405,6.003582529956475e-05
6367,5.99831146246288e-05
6039,5.997033076710068e-05
476,5.984446397633292e-05
2755,5.975938620395027e-05
6048,5.974892155791167e-05
4156,5.973265797365457e-05
32,5.965168929833453e-05
1881,5.963914736639708e-05
6599,5.9619973399094306e-05
6570,5.9523033996811137e-05
1028,5.946794408373535e-05
5842,5.946656528976746e-05
1986,5.9406707805464976e-05
7060,5.933339343755506e-05
7131,5.92840660829097e-05
1141,5.925896039116196e-05
1148,5.925352525082417e-05
3574,5.92208634770941e-05
117,5.919377144891769e-05
6788,5.908008461119607e-05
3549,5.907151353312656e-05
5018,5.8964689742424525e-05
1670,5.894622336199973e-05
4387,5.888816303922795e-05
7138,5.886687904421706e-05
2235,5.8847568652709015e-05
4385,5.877970397705212e-05
4907,5.8682800954557024e-05
4539,5.867840809514746e-05
7937,5.8402718423167244e-05
4775,5.837099342898e-05
5011,5.830262125527952e-05
1508,5.818229146825615e-05
5471,5.779341336165089e-05
3736,5.778780723630916e-05
698,5.7703446145751514e-05
3063,5.762278669863008e-05
116,5.761055581388064e-05
1995,5.7508761528879404e-05
2692,5.7493198255542666e-05
3807,5.732383033318911e-05
625,5.724227230530232e-05
3567,5.71804976061685e-05
1714,5.716517262044363e-05
6786,5.705216608475894e-05
7878,5.698914719687309e-05
2682,5.686809527105652e-05
4992,5.685803807864431e-05
4128,5.685568612534553e-05
1329,5.676990440406371e-05
976,5.675933789461851e-05
2673,5.674265048583038e-05
3211,5.670493555953726e-05
4726,5.654298911395017e-05
4951,5.654259803122841e-05
7314,5.636505193251651e-05
4014,5.634952140098903e-05
3376,5.624794357572682e-05
3786,5.611946289718617e-05
1802,5.6100927395164035e-05
6111,5.60148819204187e-05
6824,5.5988270105444826e-05
1356,5.5803971918066964e-05
5729,5.579156641033478e-05
2003,5.5788623285479844e-05
1034,5.5784694268368185e-05
7183,5.576584044320043e-05
6081,5.573036469286308e-05
23,5.571181645791512e-05
181,5.5711141612846404e-05
461,5.56590712221805e-05
5968,5.5635629905737005e-05
7542,5.5626653193030506e-05
5092,5.540833808481693e-05
7821,5.53075697098393e-05
1981,5.523188337974716e-05
839,5.5226653785211965e-05
5501,5.5209493439178914e-05
5657,5.50558979739435e-05
7585,5.4948233810137026e-05
7379,5.488609349413309e-05
868,5.4836724302731454e-05
2413,5.475452417158522e-05
2520,5.471346048580017e-05
4059,5.4710226322640665e-05
4124,5.470923497341573e-05
5510,5.464200148708187e-05
3584,5.460913052957039e-05
199,5.457885345094837e-05
6312,5.4520825869985856e-05
2392,5.449200398288667e-05
2228,5.436600076791365e-05
5601,5.4216068747336976e-05
7428,5.4209896916290745e-05
5320,5.4203648687689565e-05
7154,5.417332431534305e-05
4324,5.409035111370031e-05
2715,5.404588046076242e-05
389,5.40372002433287e-05
5157,5.391361628426239e-05
7487,5.382687959354371e-05
4799,5.3783807743457146e-05
4263,5.377713205234613e-05
6404,5.3748990467283875e-05
3279,5.370017061068211e-05
278,5.351074105419684e-05
2157,5.340069765225053e-05
7480,5.335830064723268e-05
5985,5.331535066943616e-05
3571,5.323952063918114e-05
2732,5.320142918208148e-05
1957,5.317625982570462e-05
4997,5.299969052430242e-05
7939,5.2942215916118585e-05
7364,5.285736369842198e-05
523,5.281382800603751e-05
3029,5.2711555326823145e-05
1029,5.270540714263916e-05
3973,5.267865890346002e-05
3550,5.266090920486022e-05
2012,5.248998786555603e-05
5350,5.248444722383283e-05
2739,5.239931124378927e-05
7774,5.231606337474659e-05
3309,5.2311750550870784e-05
4449,5.1918779718107544e-05
187,5.187199167266954e-05
365,5.184957080928143e-05
6331,5.18222132086521e-05
3717,5.174075886316132e-05
5791,5.159961438039318e-05
1935,5.1594181059044786e-05
1196,5.1578139391494915e-05
1411,5.153897654963657e-05
5248,5.1467570301610976e-05
5924,5.1352853915886953e-05
1243,5.1329030611668713e-05
87,5.130636418471113e-05
711,5.119148045196198e-05
6424,5.1180653827032074e-05
7474,5.0896904213004746e-05
4166,5.0822956836782396e-05
5428,5.078215508547146e-05
7860,5.0773678594850935e-05
1409,5.071657869848423e-05
5072,5.071013765700627e-05
3589,5.070342194812838e-05
5225,5.061650153947994e-05
1458,5.059587238065433e-05
445,5.055740803072695e-05
695,5.04207746416796e-05
921,5.039698226028122e-05
7989,5.0380969696561806e-05
107,5.034173409512732e-05
2186,5.033166235079989e-05
6332,5.023296398576349e-05
82,5.020206481276546e-05
6162,5.017218973080162e-05
623,5.0165101129096e-05
4333,5.014007183490321e-05
4423,5.000404053134844e-05
7604,4.99973029945977e-05
5434,4.99133748235181e-05
1208,4.990530032955576e-05
3486,4.984417864761781e-05
4408,4.981904385203961e-05
4211,4.978029028279707e-05
2102,4.9771475460147485e-05
6827,4.9768817916628905e-05
2369,4.974046350980643e-05
2378,4.97112596349325e-05
4306,4.968914254277479e-05
303,4.9544774810783565e-05
6417,4.94962114316877e-05
1555,4.9426187615608796e-05
2009,4.938772508467082e-05
2489,4.937567064189352e-05
1551,4.924012137053069e-05
5124,4.918023114441894e-05
6656,4.910458483209368e-05
127,4.907756556349341e-05
7772,4.901756074104924e-05
6957,4.899219493381679e-05
7859,4.89790672872914e-05
1030,4.894222001894377e-05
4651,4.890748823527247e-05
3035,4.8892949052969925e-05
7559,4.8863046686165035e-05
6623,4.8819729272508994e-05
3250,4.881851054960862e-05
3758,4.8809932195581496e-05
4810,4.877252649748698e-05
4249,4.866184826823883e-05
4716,4.8652269470039755e-05
7504,4.847173477173783e-05
3514,4.8463058192282915e-05
3916,4.837921733269468e-05
7128,4.83442418044433e-05
4403,4.829757381230593e-05
4335,4.8278992835548706e-05
4848,4.8197374781011604e-05
6900,4.8193338443525136e-05
7400,4.8183093895204365e-05
5766,4.8077730752993375e-05
6412,4.802033436135389e-05
7929,4.788150545209646e-05
6443,4.788105252373498e-05
2478,4.786586396221537e-05
1509,4.7809586249059066e-05
2170,4.772548891196493e-05
1639,4.7718165660626255e-05
5620,4.7696748879388906e-05
2593,4.769529914483428e-05
3342,4.766582424053922e-05
4512,4.760475712828338e-05
2187,4.7603887651348487e-05
1863,4.759812327392865e-05
3627,4.746253580378834e-05
4659,4.7377950977534056e-05
7866,4.737031486001797e-05
4902,4.706743493443355e-05
5598,4.705411811301019e-05
5405,4.704506318375934e-05
1958,4.701644320448395e-05
1032,4.6997516619740054e-05
3344,4.6991279305075295e-05
4393,4.698565498983953e-05
1421,4.694243580161128e-05
7401,4.6845323595334776e-05
1,4.681745667767245e-05
1090,4.671024180424865e-05
2544,4.66838973807171e-05
2425,4.638029531633947e-05
4382,4.630450530385133e-05
7527,4.629675459000282e-05
5992,4.6287743316497654e-05
7412,4.62847401649924e-05
1749,4.6245631892816164e-05
2403,4.624320354196243e-05
2247,4.6129342081258073e-05
7983,4.6125243898131885e-05
3267,4.6074545025476255e-05
572,4.603487286658492e-05
6100,4.6030761950532906e-05
6600,4.592031837091781e-05
4299,4.591485230776016e-05
2205,4.585807073453907e-05
5589,4.585265560308471e-05
5498,4.583757072396111e-05
2792,4.58344893559115e-05
7084,4.582331712299492e-05
4644,4.571933459374122e-05
2693,4.570997589325998e-05
1194,4.568218719214201e-05
4777,4.565905692288652e-05
860,4.5616876377607696e-05
4042,4.560094566841144e-05
3515,4.5597695134347305e-05
6495,4.5561924707726575e-05
557,4.55230529041728e-05
4245,4.55049939773744e-05
7506,4.5427352233673446e-05
2704,4.541165253613144e-05
7556,4.5204324123915285e-05
7334,4.5188549847807735e-05
7035,4.511598854151089e-05
562,4.502165029407479e-05
5724,4.4988781155552715e-05
5374,4.497055670071859e-05
3194,4.4943160901311785e-05
7159,4.490407263801899e-05
5627,4.490230821829755e-05
453,4.470882049645297e-05
3887,4.467921462492086e-05
4816,4.467720827960875e-05
4317,4.4639937186730094e-05
722,4.4446602259995416e-05
1033,4.4418540710466914e-05
2213,4.435393384483177e-05
4316,4.435060327523388e-05
2057,4.434795664565172e-05
1147,4.430895023688208e-05
7996,4.43044955318328e-05
4754,4.4212303691892885e-05
6778,4.419898323249072e-05
5982,4.4184700527694076e-05
4110,4.4124002670287155e-05
6374,4.3881113015231676e-05
2263,4.3860156438313425e-05
7406,4.383861778478604e-05
168,4.378304765850771e-05
487,4.3750140321208164e-05
6259,4.370868191472255e-05
6484,4.3708558223443106e-05
4669,4.3701027607312426e-05
7437,4.3689900849130936e-05
7455,4.3600706703728065e-05
568,4.3549936890485696e-05
6473,4.352412361185998e-05
4268,4.3277359509374946e-05
3633,4.321997948864009e-05
7703,4.319729487178847e-05
4888,4.315131445764564e-05
2385,4.314698890084401e-05
1426,4.287473711883649e-05
5421,4.282440568204038e-05
3106,4.2633433622540906e-05
1059,4.2609630327206105e-05
4675,4.253183215041645e-05
3294,4.2353622120572254e-05
4862,4.234521838952787e-05
3352,4.230992271914147e-05
6525,4.23000383307226e-05
7999,4.223064752295613e-05
5646,4.219910806568805e-05
1871,4.217123569105752e-05
4405,4.215328772261273e-05
3146,4.211374471196905e-05
4702,4.205899313092232e-05
1164,4.1976329157478176e-05
5870,4.1829551264527254e-05
2524,4.180969517619815e-05
3421,4.17240025853971e-05
4024,4.170318788965233e-05
2924,4.1701827285578474e-05
525,4.1689638237585314e-05
993,4.164711026533041e-05
5723,4.1642571886768565e-05
1759,4.1582536141504534e-05
1678,4.1271008740295656e-05
4739,4.1209301343769766e-05
970,4.1207931644748896e-05
7795,4.117734351893887e-05
7643,4.113259092264343e-05
4963,4.1120112655335106e-05
5173,4.098564568266738e-05
4228,4.09823187510483e-05
5911,4.09074764320394e-05
5802,4.083318526681978e-05
4485,4.083303610968869e-05
4366,4.077628909726627e-05
5043,4.074744902027305e-05
176,4.0605162212159485e-05
4590,4.056067700730637e-05
374,4.0448099753120914e-05
5391,4.040377643832471e-05
3876,4.038671249873005e-05
7062,4.037465441797394e-05
4099,4.0366114262724295e-05
5579,4.028713010484353e-05
5578,4.020694541395642e-05
768,4.0183966120821424e-05
1897,4.016433194919955e-05
6240,4.009406256955117e-05
2556,4.0050887037068605e-05
5359,4.005020127806347e-05
1882,3.9925507735461e-05
1534,3.987195850641001e-05
3169,3.9850472603575327e-05
4808,3.983082751801703e-05
5828,3.975301115133334e-05
2769,3.971225305576809e-05
5239,3.957685112254694e-05
4679,3.955616193707101e-05
4340,3.94778235204285e-05
6078,3.947430923290085e-05
3197,3.940023816539906e-05
7013,3.9317428672802635e-05
357,3.930570892407559e-05
2267,3.9164973713923246e-05
4896,3.9087230106815696e-05
1741,3.9008526073303074e-05
3827,3.896207454090472e-05
156,3.886170634359587e-05
1638,3.884822399413679e-05
2834,3.8807434975751676e-05
3057,3.875136098940857e-05
2018,3.871940316457767e-05
4455,3.870809086947702e-05
4433,3.86770443583373e-05
7025,3.8665453757857904e-05
4251,3.864864629576914e-05
2324,3.8624020817223936e-05
2760,3.857312731270213e-05
84,3.8551062971237116e-05
3772,3.854727401630953e-05
6674,3.853116504615173e-05
5069,3.84576924261637e-05
2809,3.8426800529123284e-05
4545,3.84121358365519e-05
2767,3.841103352897335e-05
4569,3.836602809315082e-05
1695,3.830762943834998e-05
2820,3.829367233265657e-05
6714,3.821836071438156e-05
12,3.8213043808354996e-05
88,3.814746014541015e-05
1979,3.814670708379708e-05
4168,3.810045018326491e-05
121,3.805328560702037e-05
1463,3.803931031143293e-05
6454,3.8028925700928085e-05
6094,3.801358980126679e-05
2611,3.800731246883515e-05
6750,3.80063120246632e-05
7824,3.7957204767735675e-05
6688,3.795560041908175e-05
6184,3.790060327446554e-05
6133,3.788422327488661e-05
813,3.7804282328579575e-05
2152,3.779019243665971e-05
1342,3.776170160563197e-05
7622,3.7697518564527854e-05
3536,3.762476262636483e-05
2056,3.755297620955389e-05
542,3.754011959244963e-05
6306,3.7494426578632556e-05
5478,3.749264396901708e-05
3556,3.73886196030071e-05
433,3.7377598346211016e-05
2535,3.73698421753943e-05
540,3.733097582880873e-05
7831,3.731371361936908e-05
6689,3.730446769623086e-05
5681,3.727379043994006e-05
1345,3.726738941622898e-05
3781,3.724080488609616e-05
5830,3.7240039091557264e-05
7950,3.718861444212962e-05
3018,3.716348874149844e-05
7126,3.715380989888217e-05
6354,3.714706872415263e-05
3073,3.713523801707197e-05
5044,3.709956945385784e-05
1707,3.7067196899442933e-05
4437,3.706285133375786e-05
6814,3.704488881339785e-05
3403,3.6999514122726396e-05
10,3.699928129208274e-05
1171,3.689089680847246e-05
6966,3.684420335048344e-05
2287,3.683587601699401e-05
6822,3.668441604531836e-05
5143,3.6636798540712334e-05
3664,3.663429924927186e-05
3303,3.661644586827606e-05
5403,3.655521140899509e-05
6045,3.6548488424159586e-05
4747,3.6522094887914136e-05
3276,3.646828554337844e-05
1782,3.6434890716918744e-05
4459,3.64080897270469e-05
5563,3.635589382611215e-05
2712,3.6328518035588786e-05
4674,3.6283276131143793e-05
7000,3.626170291681774e-05
5387,3.6253291909815744e-05
3485,3.622153053584043e-05
6713,3.616102912928909e-05
2160,3.6078459743293934e-05
677,3.60474587068893e-05
5231,3.5970322642242536e-05
3227,3.595708039938472e-05
6051,3.590401138353627e-05
5233,3.579822077881545e-05
1888,3.5750901588471606e-05
584,3.5733828553929925e-05
5149,3.569281216186937e-05
45,3.561073935998138e-05
7121,3.55776610376779e-05
7971,3.556921183189843e-05
5837,3.5494298572302796e-05
3631,3.549088432919234e-05
4813,3.5422699511400424e-05
5289,3.5279164876556024e-05
1281,3.5269607906229794e-05
3925,3.525428110151552e-05
1161,3.525085048750043e-05
6535,3.521895814628806e-05
272,3.513122101139743e-05
4467,3.508142981445417e-05
7892,3.506088069116231e-05
7262,3.501900937408209e-05
3178,3.501525497995317e-05
425,3.500489947327878e-05
7046,3.4984370358870365e-05
4734,3.494570228212979e-05
1235,3.4909371606772766e-05
7985,3.4906288419733755e-05
5482,3.4873652111855336e-05
2548,3.474675759207457e-05
3715,3.474345248832833e-05
7770,3.471120726317167e-05
5897,3.470643423497677e-05
1125,3.455988553469069e-05
2370,3.4556351238279603e-05
7300,3.445772745180875e-05
1143,3.423564703552984e-05
7679,3.423535963520408e-05
2952,3.419984204811044e-05
794,3.41966915584635e-05
7097,3.418038977542892e-05
7006,3.414552520553116e-05
7292,3.409500641282648e-05
940,3.402628135518171e-05
5518,3.401121648494154e-05
6637,3.400920286367182e-05
656,3.399089655431453e-05
767,3.3990016163443215e-05
3324,3.3966085538850166e-05
3727,3.3889300539158285e-05
2545,3.379029476491269e-05
836,3.37851197400596e-05
587,3.371935963514261e-05
6089,3.369521436979994e-05
257,3.3674044971121475e-05
6323,3.3552338209119625e-05
6967,3.3506636100355536e-05
2283,3.349511825945228e-05
2565,3.344315518916119e-05
2940,3.3431088013458066e-05
1601,3.330782237753738e-05
3820,3.327546073705889e-05
6345,3.3275051464443095e-05
2359,3.326236401335336e-05
4866,3.323761120554991e-05
3094,3.323576493130531e-05
6685,3.320934956718702e-05
2177,3.3190259273396805e-05
3113,3.318995368317701e-05
6057,3.3185282518388703e-05
4325,3.3159776648972183e-05
1096,3.3072410587919876e-05
5065,3.3066946343751624e-05
7699,3.301921424281318e-05
7346,3.2991460102493875e-05
2479,3.298410592833534e-05
1757,3.2955977076198906e-05
6959,3.291979737696238e-05
5487,3.28377300320426e-05
1722,3.2808651667437516e-05
4309,3.279183329141233e-05
6234,3.2748292142059654e-05
2333,3.272355934313964e-05
1988,3.256615673308261e-05
5754,3.254351940995548e-05
2605,3.251852831454016e-05
1900,3.2494644983671606e-05
2550,3.24933589581633e-05
740,3.247989843657706e-05
2094,3.244791878387332e-05
4634,3.2426951293018647e-05
1279,3.2423442462459207e-05
5071,3.2413376175099984e-05
2578,3.2392097637057304e-05
7666,3.2365129300160334e-05
7110,3.2355244911741465e-05
7762,3.2350981200579554e-05
7890,3.217761877749581e-05
2168,3.2173184081329964e-05
3761,3.216922050341964e-05
939,3.216272853023838e-05
3050,3.214996831957251e-05
6963,3.211802686564624e-05
7326,3.19733935612021e-05
7927,3.1960918931872584e-05
3958,3.193894008290954e-05
1837,3.188226401107386e-05
3818,3.1866426979831886e-05
6142,3.1864692573435605e-05
1087,3.180217208864633e-05
6880,3.1787923944648355e-05
1966,3.1780331482877955e-05
7407,3.177710277668666e-05
5520,3.172185279254336e-05
7241,3.1719604521640576e-05
415,3.1714960641693324e-05
7713,3.1699812097940594e-05
4329,3.1655510611017235e-05
2968,3.165368798363488e-05
4870,3.165014277328737e-05
4266,3.164443842251785e-05
2248,3.160952473990619e-05
6646,3.158625622745603e-05
466,3.156675120408181e-05
7024,3.155480953864753e-05
337,3.1486599255003966e-05
173,3.145414848404471e-05
5363,3.144100628560409e-05
6165,3.143160392937716e-05
582,3.14188491756795e-05
3829,3.141798879369162e-05
5906,3.1337695872935e-05
1349,3.1280196708394215e-05
5526,3.127772197331069e-05
7254,3.11918538500322e-05
1006,3.1189494620775804e-05
5213,3.1146368201007135e-05
6720,3.110976467723958e-05
5052,3.1086969102034345e-05
641,3.1021208997117355e-05
4686,3.0985633202362806e-05
447,3.095457395829726e-05
2151,3.0842405976727605e-05
319,3.082785678998334e-05
3400,3.07796135530225e-05
1947,3.067040415771771e-05
7657,3.0633003007096704e-05
2423,3.0536679332726635e-05
7466,3.052533429581672e-05
6987,3.0522931410814635e-05
3084,3.0469345801975578e-05
3765,3.039524563064333e-05
3036,3.0363245969056152e-05
260,3.035917779925512e-05
4183,3.0342132959049195e-05
2214,3.0246568712755106e-05
4303,3.0167253498802893e-05
1068,3.0127137506497093e-05
4925,3.007681152666919e-05
881,3.0047019208723214e-05
6225,2.996588227688335e-05
5214,2.9951586839160882e-05
4148,2.985876017191913e-05
407,2.9818443181284238e-05
5291,2.9752338377875276e-05
7319,2.9744762287009507e-05
4584,2.9733088922512252e-05
2416,2.9729438210779335e-05
6284,2.9659182473551482e-05
6923,2.9603207622130867e-05
6798,2.960043912025867e-05
1861,2.9568877835117746e-05
3840,2.9477912903530523e-05
6686,2.945454980363138e-05
5477,2.9438336241582874e-05
4181,2.9379973057075404e-05
7112,2.9374380574154202e-05
2109,2.9344997528824024e-05
4302,2.9344378162932117e-05
6550,2.9343314054131042e-05
687,2.9282362447702326e-05
4034,2.9278385227371473e-05
3033,2.925756234617438e-05
150,2.9244047254906036e-05
1976,2.924132968473714e-05
4414,2.9240819458209444e-05
3733,2.9235659894766286e-05
1885,2.920457518484909e-05
7646,2.9116028599673882e-05
5592,2.9086641916364897e-05
6873,2.9058493964839727e-05
3813,2.9025291951256804e-05
651,2.8972438485652674e-05
2318,2.8960736017324962e-05
5547,2.8878555895062163e-05
501,2.881462478399044e-05
5654,2.8801527150790207e-05
7236,2.8756797291862313e-05
5255,2.8701799237751402e-05
1600,2.8667055630648974e-05
901,2.8637789000640623e-05
4273,2.8612937057914678e-05
6252,2.8596643460332416e-05
2627,2.853890782716917e-05
5538,2.8497013772721402e-05
7053,2.8491510420280974e-05
7209,2.8489192118286155e-05
6651,2.8412324354576413e-05
4832,2.8357142582535744e-05
5738,2.8356736947898753e-05
3795,2.829746881616302e-05
113,2.828679498634301e-05
2240,2.819349629135104e-05
1934,2.8127379664510954e-05
2560,2.8121296963945497e-05
6711,2.8102110263716895e-05
6224,2.8049901629856322e-05
6406,2.7998927180306055e-05
6775,2.790539201669162e-05
3269,2.7905311981157865e-05
6950,2.7873048566107173e-05
4047,2.7817262889584526e-05
1624,2.780738486762857e-05
5145,2.7789985324488953e-05
3427,2.7788458282884676e-05
5441,2.7747732019633986e-05
2106,2.773268352029845e-05
2193,2.7698709345713723e-05
3616,2.762143049039878e-05
1630,2.753996704996098e-05
7603,2.7496242182678543e-05
7815,2.746750215010252e-05
5156,2.7439220502856188e-05
5024,2.737133763730526e-05
1518,2.7354492885933723e-05
248,2.735106500040274e-05
6156,2.7223563847655896e-05
856,2.7169823624717537e-05
7573,2.715897517191479e-05
6116,2.7131903152621817e-05
7575,2.710416720219655e-05
7609,2.709248656174168e-05
141,2.7046316063206177e-05
4712,2.7035019229515456e-05
373,2.6845346837944817e-05
214,2.6838472876988817e-05
3259,2.6831167815544177e-05
3932,2.6830356546270195e-05
3991,2.679164845176274e-05
499,2.679063254618086e-05
997,2.6772925593832042e-05
2084,2.6737696316558868e-05
1098,2.6723901100922376e-05
4010,2.6630941647454165e-05
2894,2.660275549715152e-05
4768,2.6532048650551587e-05
2881,2.650489750521956e-05
3890,2.645248514454579e-05
5118,2.6433444872964174e-05
7,2.638723344716709e-05
2708,2.6126699594897218e-05
1918,2.6119073481822852e-05
2626,2.6114776119356975e-05
94,2.607109763630433e-05
3980,2.6059711672132835e-05
403,2.6045738195534796e-05
5717,2.603236225695582e-05
2384,2.6011716727225576e-05
5334,2.6003242965089157e-05
945,2.591361953818705e-05
4195,2.5911837838066276e-05
2217,2.5864719646051526e-05
1256,2.583405512268655e-05
4454,2.5826340788626112e-05
6553,2.5818903850449715e-05
5341,2.581423359515611e-05
7836,2.5793760869419202e-05
6794,2.578491148597095e-05
1135,2.566293733252678e-05
6361,2.5635403289925307e-05
3150,2.5526474018988665e-05
6241,2.5518804250168614e-05
1069,2.55032027780544e-05
5294,2.5481971533736214e-05
6503,2.5397672288818285e-05
5840,2.5384597392985597e-05
6942,2.5374407414346933e-05
5155,2.535065959818894e-05
1936,2.5310705495940056e-05
5390,2.5307335818069987e-05
2261,2.5294427359767724e-05
2175,2.527988726797048e-05
527,2.52312656812137e-05
416,2.5198884031851776e-05
3216,2.5189198822772596e-05
4980,2.5054087018361315e-05
324,2.5053310309886e-05
7623,2.5001967514981516e-05
3043,2.4987982214952353e-05
4790,2.4985121854115278e-05
4662,2.4973707695608027e-05
5567,2.4886596293072216e-05
4575,2.4839980142132845e-05
2271,2.483026673871791e-05
1282,2.4821281840559095e-05
3163,2.478528858773643e-05
1645,2.4784429115243256e-05
6394,2.4775083147687837e-05
4314,2.477093948982656e-05
3495,2.4740777007536963e-05
5254,2.47024763666559e-05
7968,2.4616622795292642e-05
1580,2.4607867999293376e-05
4986,2.455103003740078e-05
6562,2.4525557819288224e-05
3918,2.452315584378084e-05
5516,2.440155003569089e-05
2204,2.4324023797817063e-05
5599,2.429990217933664e-05
614,2.4290645342261996e-05
4220,2.4274982024508063e-05
6907,2.4264271814899985e-05
2903,2.4251115064544138e-05
7793,2.4210034098359756e-05
7921,2.412159119558055e-05
1609,2.4084736651275307e-05
1005,2.406889689154923e-05
6251,2.4067956474027596e-05
4568,2.4038136871240567e-05
4448,2.4020519049372524e-05
2127,2.401235451543471e-05
3600,2.3971354494278785e-05
7760,2.3914926714496687e-05
5647,2.38088987316587e-05
6659,2.3806429453543387e-05
3333,2.3801175302651245e-05
6864,2.3784667064319365e-05
3458,2.3772556232870556e-05
2495,2.3771810447215103e-05
1153,2.376460088271415e-05
4803,2.376381235080771e-05
1814,2.3725838218524586e-05
1760,2.3709369997959584e-05
185,2.3701321879343595e-05
4470,2.365512500546174e-05
279,2.362467785133049e-05
7105,2.355613287363667e-05
4032,2.3523145500803366e-05
3653,2.348170892219059e-05
3886,2.347334066143958e-05
7695,2.3447986677638255e-05
4730,2.3443642021447886e-05
4852,2.336306897632312e-05
9,2.3338585378951393e-05
5025,2.3311316908802837e-05
7485,2.330277129658498e-05
5364,2.323207718291087e-05
5602,2.3231949853652623e-05
2518,2.3186664293461945e-05
561,2.3171878638095222e-05
1831,2.3146092644310556e-05
1648,2.314038920303574e-05
5672,2.3062103537085932e-05
5616,2.301898621226428e-05
3930,2.298783783771796e-05
1114,2.297294486197643e-05
611,2.28955705097178e-05
400,2.289299482072238e-05
1912,2.273102472827304e-05
7176,2.2716980311088264e-05
4842,2.2699333385389764e-05
1015,2.2699307919538114e-05
48,2.2682082999381237e-05
7678,2.264803788420977e-05
999,2.2643222109763883e-05
1840,2.2566383449884597e-05
3078,2.254163791803876e-05
3260,2.252440117445076e-05
6564,2.2510103008244187e-05
1179,2.249781846330734e-05
6409,2.2489818547910545e-05
6766,2.2485237423097715e-05
1951,2.248288092232542e-05
5381,2.2465206711785868e-05
2010,2.240967660327442e-05
1050,2.2374669242708478e-05
5005,2.2367193196259905e-05
3097,2.2275988158071414e-05
2139,2.225675962108653e-05
5581,2.2245860236580484e-05
4139,2.2234107746044174e-05
7881,2.2199667000677437e-05
7420,2.2188486582308542e-05
5349,2.218161625933135e-05
7107,2.217158180428669e-05
5380,2.209750618931139e-05
1963,2.205865257565165e-05
3626,2.204986594733782e-05
7671,2.2047724996809848e-05
3914,2.2024213649274316e-05
7548,2.2018071831553243e-05
2444,2.2012060981069226e-05
3747,2.2002964215062093e-05
6059,2.1995797396812122e-05
6521,2.1983688384352718e-05
3955,2.1983501028444152e-05
3588,2.1959639525448438e-05
66,2.1906943402427714e-05
3880,2.190677241742378e-05
6396,2.1894733436056413e-05
4780,2.1880941858398728e-05
4264,2.1877066501474474e-05
417,2.17679662455339e-05
7888,2.1700594516005367e-05
15,2.169428080378566e-05
4593,2.1671527065336704e-05
7220,2.163704175472958e-05
3180,2.161209067708114e-05
5882,2.1608465431199875e-05
3565,2.1594942154479213e-05
1026,2.1590608412225265e-05
654,2.1590186406683642e-05
6991,2.1589715288428124e-05
3802,2.158332154067466e-05
1574,2.1550101337197702e-05
6668,2.1522473616641946e-05
6636,2.1516233573493082e-05
7288,2.150888576579746e-05
3215,2.1471721993293613e-05
183,2.147126451745862e-05
7390,2.146978113160003e-05
4933,2.1467126316565555e-05
1480,2.146650331269484e-05
2399,2.1419802578748204e-05
1444,2.1367093722801656e-05
743,2.136133571184473e-05
3402,2.134511487383861e-05
1408,2.134502756234724e-05
1264,2.1342828404158354e-05
1055,2.1282778106979094e-05
3757,2.1273205675242934e-05
1051,2.1237978216959164e-05
7088,2.1179996110731736e-05
3193,2.1157189621590078e-05
1439,2.1147301595192403e-05
6436,2.11057995329611e-05
5816,2.1087564164190553e-05
6547,2.1025694877607748e-05
40,2.1022051441832446e-05
4638,2.1012078832427505e-05
4640,2.099049015669152e-05
162,2.0968561329937074e-05
2243,2.0928798221575562e-05
1053,2.092059366987087e-05
603,2.0915328605042305e-05
7958,2.0895990019198507e-05
604,2.087083976221038e-05
6416,2.08511000892031e-05
1091,2.078544275718741e-05
647,2.0746869267895818e-05
7218,2.0604948986147065e-05
7432,2.0602466065611225e-05
2302,2.06001968763303e-05
343,2.059849794022739e-05
753,2.0566115381370764e-05
3046,2.0532470443868078e-05
5168,2.046221197815612e-05
3335,2.0419918655534275e-05
6716,2.0413433958310634e-05
3454,2.039989340119064e-05
6255,2.036205114563927e-05
7063,2.0324971046647988e-05
6756,2.0313616005296353e-05
7258,2.031018266279716e-05
7889,2.029371626122156e-05
4960,2.0290422980906442e-05
7864,2.027615664701443e-05
18,2.0236791897332296e-05
1635,2.023122215177864e-05
1528,2.0224576473992784e-05
6738,2.021642376348609e-05
2145,2.017136648646556e-05
5082,2.0153554942226037e-05
1007,2.0110251170990523e-05
589,2.010286698350683e-05
4795,2.009164927585516e-05
655,2.0063327610841952e-05
7995,2.004995258175768e-05
7198,2.000913355004741e-05
5639,2.0006022168672644e-05
5148,1.9997921299363952e-05
6308,1.996200080611743e-05
331,1.9897316633432638e-05
6024,1.9875344150932506e-05
2546,1.986747247428866e-05
5926,1.9779085050686263e-05
1625,1.9775745386141352e-05
3111,1.977010560949566e-05
2069,1.976446401386056e-05
4083,1.9733728549908847e-05
268,1.9719360352610238e-05
7825,1.9667999367811717e-05
7239,1.9663533748826012e-05
2075,1.964838338608388e-05
6277,1.9634703676274512e-05
1944,1.9607815374911297e-05
2191,1.9602981410571374e-05
1942,1.958195753104519e-05
3112,1.955576863110764e-05
5422,1.9554930076992605e-05
505,1.9546256226021796e-05
5608,1.9528712073224597e-05
2961,1.9521799913491122e-05
3912,1.9520768546499312e-05
5112,1.949436409631744e-05
1099,1.9481110939523205e-05
4242,1.9479219190543517e-05
3170,1.942465951287886e-05
2938,1.9388462533243e-05
7925,1.9383092876523733e-05
5413,1.9354952200956177e-05
2824,1.9298553525004536e-05
2041,1.9175052329956088e-05
4457,1.9102240912616253e-05
5039,1.9101519683317747e-05
1353,1.9080543097516056e-05
4490,1.9047681234951597e-05
597,1.903963402583031e-05
3734,1.9015946236322634e-05
779,1.9010781215911265e-05
4078,1.8989650925504975e-05
1955,1.898446134873666e-05
1742,1.896808225865243e-05
2293,1.8940388144983444e-05
4123,1.8910097423940897e-05
3897,1.8891279978561215e-05
323,1.8871792235586327e-05
6407,1.8831850866263267e-05
7669,1.8813244423654396e-05
2342,1.8764882952382322e-05
5852,1.8761062165140174e-05
2705,1.8731575437413994e-05
7759,1.8727328097156715e-05
1651,1.8684601855056826e-05
5737,1.866990623966558e-05
4142,1.8663752598513383e-05
241,1.8644859665073454e-05
5781,1.8613003703649156e-05
409,1.857148981798673e-05
6329,1.8562284822110087e-05
7077,1.8536265997681767e-05
1522,1.8535766685090493e-05
6324,1.8534591617935803e-05
3393,1.8521767742640804e-05
1116,1.8484109205019195e-05
3871,1.8446384274284355e-05
4225,1.8416200873616617e-05
2756,1.8399482542008627e-05
2184,1.836587216530461e-05
4743,1.8349009224039037e-05
4732,1.8301608179172035e-05
3541,1.826315201469697e-05
5417,1.8182584426540416e-05
1945,1.8177271158492658e-05
4572,1.817183419916546e-05
5393,1.8119571905117482e-05
4737,1.8062718481814954e-05
1306,1.8033319975074846e-05
2863,1.802399583539227e-05
3444,1.8015281966654584e-05
2447,1.801435064407997e-05
717,1.7977476090891287e-05
5007,1.7940826182893943e-05
1336,1.7940245925274212e-05
818,1.793397677829489e-05
4643,1.7928581655723974e-05
857,1.790221176634077e-05
975,1.7819847926148213e-05
5189,1.7811144971346948e-05
6071,1.780517413862981e-05
4722,1.777591933205258e-05
3691,1.7717872651701327e-05
4708,1.7681845747574698e-05
5306,1.7653019313002005e-05
4781,1.7614350326766726e-05
6239,1.758249072736362e-05
5474,1.7576692698639818e-05
5292,1.7548124560562428e-05
5961,1.7544670299685095e-05
2458,1.7508633391116746e-05
7119,1.746307680150494e-05
3735,1.744676956150215e-05
4797,1.7415616639482323e-05
4425,1.741197866067523e-05
5154,1.741092546581058e-05
316,1.736798367346637e-05
7835,1.7345395463053137e-05
2761,1.727435301290825e-05
7186,1.7230962839676067e-05
6300,1.7229186596523505e-05
5141,1.7225466763193253e-05
2777,1.722306933515938e-05
846,1.7189136997330934e-05
7444,1.7186245713673998e-05
2592,1.7184201169584412e-05
6238,1.7183644558826927e-05
7613,1.717753093544161e-05
6132,1.7137084796559066e-05
1308,1.7116924936999567e-05
6998,1.710962169454433e-05
2650,1.708729541860521e-05
256,1.7073945855372585e-05
3983,1.7035816199495457e-05
952,1.7025125998770818e-05
6767,1.6978905478026718e-05
470,1.696883737167809e-05
3920,1.694853199296631e-05
5017,1.6923105249588843e-05
7079,1.6901553863135632e-05
1526,1.6829347259772476e-05
1904,1.6778406461526174e-05
6843,1.677651653153589e-05
1063,1.6775825315562543e-05
5086,1.677386353549082e-05
4546,1.675424846325768e-05
660,1.6739440070523415e-05
6431,1.6713656805222854e-05
5315,1.6711830539861694e-05
2937,1.6700467313057743e-05
580,1.6679005966580007e-05
4122,1.6637228327454068e-05
7535,1.6635109204798937e-05
1047,1.6618984773231205e-05
4055,1.6582003809162416e-05
1650,1.657760913076345e-05
4587,1.6573268112551887e-05
5544,1.650681770115625e-05
1687,1.649854220886482e-05
286,1.6466442502860446e-05
7956,1.6462580788356718e-05
1038,1.645766224100953e-05
6818,1.6428153685410507e-05
139,1.6425660760432947e-05
3120,1.6424455679953098e-05
5003,1.6405114365625195e-05
1014,1.637102286622394e-05
979,1.637009972910164e-05
1575,1.6369496734114364e-05
2017,1.63648464877042e-05
7421,1.6341344235115685e-05
3689,1.6332809536834247e-05
7902,1.6329469872289337e-05
3423,1.6299467461067252e-05
1774,1.6272089851554483e-05
4760,1.6251264241873287e-05
7113,1.622225045139203e-05
6444,1.6198388948396314e-05
5979,1.6180121747311205e-05
2588,1.614249140402535e-05
6704,1.6139276340254582e-05
5780,1.6138410501298495e-05
1545,1.6128339666465763e-05
5889,1.6116639017127454e-05
2320,1.6084583876363467e-05
3021,1.602220527274767e-05
4202,1.601658277650131e-05
5266,1.6013639651646372e-05
6579,1.5886275832599495e-05
2381,1.5876627912803087e-05
7130,1.587336191732902e-05
4996,1.587142196513014e-05
4946,1.5844419976929203e-05
4904,1.5841503227420617e-05
4719,1.5834684745641425e-05
3083,1.5829474250494968e-05
3507,1.5799200809851754e-05
2305,1.578637875354616e-05
5506,1.577048624312738e-05
3579,1.575010082888184e-05
4680,1.5704601537436247e-05
36,1.5657666153856553e-05
2677,1.5619778423570096e-05
2656,1.560596501803957e-05
5392,1.559553129482083e-05
7143,1.558687745273346e-05
4386,1.5578544662275817e-05
3214,1.5536134924332146e-05
3223,1.5519384760409594e-05
484,1.550832348584663e-05
5285,1.5497451386181638e-05
2623,1.5476934095204342e-05
2023,1.547205465612933e-05
7509,1.5460500435438007e-05
3832,1.5445952158188447e-05
516,1.5444898963323794e-05
524,1.5432629879796878e-05
2232,1.542080099170562e-05
626,1.5371786503237672e-05
1915,1.5369510947493836e-05
5983,1.536899435450323e-05
5297,1.534512011858169e-05
7719,1.5298809103114763e-05
1456,1.529027713331743e-05
4794,1.529000928712776e-05
5786,1.527885160612641e-05
1719,1.526544838270638e-05
2584,1.5212516245810548e-05
7118,1.5179606634774245e-05
3752,1.5148415513976943e-05
136,1.5131237432797207e-05
1202,1.5103357327461708e-05
1168,1.5077777788974345e-05
4504,1.507436354586389e-05
2848,1.5067485492181731e-05
1775,1.5047968190629035e-05
3675,1.5030481335998047e-05
6138,1.5019715647213161e-05
1348,1.4988747352617793e-05
240,1.498427263868507e-05
7357,1.4979976185713895e-05
4495,1.4978447779867565e-05
5360,1.494556772740907e-05
7436,1.4939982975192834e-05
6918,1.4930029919923982e-05
2051,1.4886796179780504e-05
4523,1.4876772183924913e-05
7345,1.4854761502647307e-05
7716,1.484552922192961e-05
4597,1.4810011180088622e-05
2987,1.4805458704358898e-05
5367,1.4798437860008562e-05
1010,1.4790193745284341e-05
6885,1.4781673144170782e-05
7914,1.4704624391015386e-05
4873,1.4670339169242652e-05
6816,1.4642158930655569e-05
7655,1.4636893411079654e-05
6707,1.4625905805587536e-05
3982,1.4594576896342915e-05
2964,1.456047084502643e-05
7876,1.4555818779626861e-05
7482,1.4552680568158394e-05
5573,1.4548190847563092e-05
3089,1.4521486718876986e-05
2498,1.4518177067657234e-05
477,1.449418732590857e-05
5267,1.44867899507517e-05
7571,1.4480586287390906e-05
4738,1.4472017483058153e-05
7909,1.4467837900156155e-05
7834,1.4463641036854824e-05
3239,1.4453782569034956e-05
4923,1.4445967281062622e-05
6737,1.4423613720282447e-05
3414,1.4363416539708851e-05
3614,1.4359689885168336e-05
6130,1.4329663372336654e-05
5692,1.4283572909334907e-05
2564,1.4260796433518408e-05
1675,1.4216510408004979e-05
787,1.4209773780748947e-05
1889,1.4204729723132914e-05
4628,1.4130640920484439e-05
5629,1.4128198927210178e-05
6801,1.4090472177485935e-05
2612,1.403558962920215e-05
3453,1.4022431969351601e-05
5787,1.4019423360878136e-05
2587,1.4013199688633904e-05
4654,1.4008158359501977e-05
1763,1.3966500773676671e-05
7588,1.393517186443205e-05
7602,1.3909870631323429e-05
1873,1.3901306374464184e-05
4184,1.3879056496080011e-05
6871,1.3860451417713193e-05
2859,1.3834306628268678e-05
5665,1.3833954653819092e-05
6894,1.3800574379274622e-05
1829,1.3756223324890016e-05
6645,1.3727352325076936e-05
3134,1.3714023225475103e-05
5702,1.3651633707922883e-05
7004,1.365128809993621e-05
6548,1.3636872608913109e-05
5551,1.3606798347609583e-05
6237,1.356777829641942e-05
98,1.3555613804783206e-05
6769,1.3531488548323978e-05
3055,1.3529361240216531e-05
7806,1.3524822861654684e-05
877,1.3457606655720156e-05
6522,1.3422640222415794e-05
6042,1.34182828332996e-05
6058,1.341793949904968e-05
2919,1.3410824976745062e-05
4793,1.3409814982878743e-05
2454,1.3399896943155909e-05
2234,1.3381175904214615e-05
2569,1.3375274647842161e-05
339,1.3371250133786816e-05
1343,1.3345209481485654e-05
1953,1.334453008894343e-05
5186,1.3316978765942622e-05
2133,1.3302695606398629e-05
1842,1.3290568404045189e-05
1392,1.3278386177262291e-05
5335,1.326980327576166e-05
6079,1.3263088931125822e-05
1602,1.326268784396234e-05
4481,1.3244210549601121e-05
3061,1.3215134458732791e-05
3701,1.3202424725022865e-05
4696,1.3171310911275214e-05
2773,1.3170432339393301e-05
7945,1.31487067847047e-05
5536,1.3126492376613896e-05
1420,1.3093572306388523e-05
7076,1.3051610494585475e-05
172,1.3044566003372893e-05
3445,1.3025814041611739e-05
1185,1.3012039744353388e-05
6849,1.298243114433717e-05
4554,1.2949483334523393e-05
6791,1.2935666291014059e-05
6693,1.2927878742630128e-05
3468,1.2816332855436485e-05
92,1.2809289728465956e-05
6249,1.2808016435883474e-05
3315,1.2742409126076382e-05
5811,1.2719278402073542e-05
2724,1.2675598100031493e-05
5020,1.2643567060877103e-05
5499,1.2640578916034428e-05
665,1.2607535609276965e-05
171,1.2604050880327122e-05
2396,1.2579824669955997e-05
494,1.2564768439915497e-05
4656,1.254302424058551e-05
5431,1.2537421753222588e-05
4804,1.2512140528997406e-05
5063,1.250758214155212e-05
1862,1.2494352631620131e-05
2706,1.2481298654165585e-05
1492,1.2474890809244243e-05
3892,1.2436295946827158e-05
6047,1.2427507044776576e-05
20,1.2392286862450419e-05
4622,1.2387558854243252e-05
3471,1.2386969501676504e-05
2553,1.2378352494124556e-05
6307,1.2340773537289351e-05
5407,1.2304310985200573e-05
308,1.2268172213225625e-05
4194,1.225292862727656e-05
7116,1.2242241155036027e-05
7001,1.2237038845341885e-05
927,1.2228273135406198e-05
6947,1.2228013929416193e-05
6554,1.2221879842400085e-05
6868,1.2191027508379193e-05
4579,1.2182451882836176e-05
4741,1.2169059118605219e-05
1286,1.2153296665928792e-05
5133,1.2124760360165965e-05
7986,1.2103036624466768e-05
7381,1.2100557796657085e-05
5181,1.2088119547115639e-05
5535,1.2082612101949053e-05
7299,1.207729064844898e-05
4486,1.2068004707543878e-05
7561,1.2055320439685602e-05
3336,1.204441377922194e-05
1527,1.1983517197222682e-05
6595,1.1982225714746164e-05
3767,1.1961454674747074e-05
1410,1.195041841128841e-05
3866,1.194006108562462e-05
2108,1.1931466360692866e-05
4940,1.1931402241316391e-05
7042,1.191195406136103e-05
5323,1.1876007192768157e-05
3285,1.1866801742144162e-05
1276,1.182958840217907e-05
3092,1.1814641311502783e-05
2892,1.1804561836470384e-05
2351,1.1799349522334523e-05
3331,1.1790701137215365e-05
1484,1.1770576293201884e-05
828,1.1746829841285944e-05
2691,1.17275185402832e-05
7157,1.1724275736924028e-05
3022,1.171926487586461e-05
3384,1.1712964806065429e-05
4752,1.1707499197655125e-05
2551,1.169066536022001e-05
3008,1.168962444353383e-05
2595,1.1683522188832285e-05
132,1.1680629086185945e-05
5726,1.161922136816429e-05
7791,1.1617059954005526e-05
955,1.161316276920843e-05
3206,1.159473686129786e-05
2797,1.1585284937609686e-05
6624,1.1578757494135061e-05
686,1.1562461622816045e-05
6105,1.1533994438650552e-05
4882,1.1529105449881172e-05
5899,1.1522561180754565e-05
820,1.151577225755318e-05
878,1.1512087439768948e-05
5703,1.1486711628094781e-05
5369,1.1464620456536068e-05
3037,1.1463099326647352e-05
1001,1.143653071267181e-05
1357,1.1339829598000506e-05
4165,1.1335582712490577e-05
6273,1.132984880314325e-05
1156,1.1313413779134862e-05
2657,1.1305646694381721e-05
508,1.1289723715890432e-05
7564,1.1279269529040903e-05
2220,1.12637244455982e-05
3437,1.125801009038696e-05
2500,1.12494117274764e-05
3937,1.123921902035363e-05
596,1.1226882179471431e-05
6718,1.1221426575502846e-05
7820,1.1212844583496917e-05
7531,1.1193463251402136e-05
5165,1.1179617558809696e-05
3218,1.1165836895088432e-05
725,1.115406257667928e-05
6869,1.1146574706799584e-05
1830,1.1118693237222033e-05
7184,1.110980656449101e-05
5440,1.1103436918347143e-05
6139,1.105086903407937e-05
5829,1.10419587144861e-05
4003,1.1023913884855574e-05
3997,1.1003959116351325e-05
6561,1.1000532140315045e-05
1682,1.09999705273367e-05
4330,1.099985774999368e-05
7501,1.0997017398040043e-05
2238,1.0969658887916012e-05
3539,1.0947330338240135e-05
5773,1.0942791050183587e-05
4233,1.092565344151808e-05
2362,1.0871734048123471e-05
2027,1.0863878742384259e-05
6328,1.0852563718799502e-05
6625,1.084814584828564e-05
6511,1.0834937256731791e-05
2442,1.0833417491085129e-05
4547,1.08275289676385e-05
6669,1.0816322173923254e-05
5378,1.0816236226673936e-05
6594,1.0813599146786146e-05
4427,1.0804534213093575e-05
382,1.0800123618537327e-05
7389,1.0779458989418345e-05
6083,1.0729538189480081e-05
3684,1.0724742878664983e-05
2401,1.0723768355092034e-05
7494,1.063056151906494e-05
4418,1.0625320101098623e-05
5683,1.0624894912325544e-05
3173,1.0623376510920934e-05
3776,1.0619468866934767e-05
5669,1.0605498118820833e-05
1796,1.0597145774227101e-05
7182,1.0538619790168013e-05
7355,1.0514659152249806e-05
676,1.0511206710361876e-05
4690,1.049815364240203e-05
3143,1.0482364359631902e-05
3803,1.0479669072083198e-05
2118,1.047768500939128e-05
3943,1.0435705007694196e-05
7142,1.04345012914564e-05
7814,1.042456005961867e-05
68,1.0418099464004626e-05
3014,1.039294420479564e-05
5504,1.0390258466941305e-05
3157,1.0364205991209019e-05
1598,1.0361875411035726e-05
6723,1.035916420732974e-05
1437,1.0350362572353333e-05
1558,1.0345745977247134e-05
1205,1.0323822607460897e-05
3254,1.0319003195036203e-05
3443,1.0272226063534617e-05
2831,1.0257794201606885e-05
7540,1.0236894922854844e-05
7935,1.0223957815469475e-05
5596,1.0208808816969395e-05
6461,1.0186213785345899e-05
3685,1.0182083769905148e-05
5204,1.0180317985941656e-05
965,1.0122631920239655e-05
4585,1.0116487828781828e-05
3467,1.0095939614984673e-05
5457,1.0073042631120188e-05
6292,1.0053730420622742e-05
6360,1.0042102985607926e-05
1295,1.0021043635788374e-05
2338,1.0018294688052265e-05
1320,1.0003753232012969e-05
70,9.987598332372727e-06
1595,9.937196409737226e-06
1401,9.92577406577766e-06
5760,9.924431651597843e-06
148,9.920643606164958e-06
1946,9.920629963744432e-06
3325,9.914381735143252e-06
5473,9.90589569482836e-06
5094,9.904667422233615e-06
4526,9.90464923233958e-06
4046,9.896045412460808e-06
2621,9.890047294902615e-06
152,9.83772497420432e-06
3164,9.836326626100345e-06
5295,9.82966093943105e-06
1289,9.806921298149973e-06
7065,9.79896822173032e-06
7445,9.794337984203594e-06
3196,9.752043297339696e-06
6321,9.730293641041499e-06
4278,9.725324161991011e-06
5876,9.722103186504683e-06
7797,9.719509762362577e-06
1972,9.6977710200008e-06
4967,9.682616109785158e-06
1468,9.669318387750536e-06
4108,9.663647006163956e-06
4307,9.650897482060827e-06
1371,9.59682483880897e-06
4175,9.596531981515e-06
1024,9.582801340002334e-06
5826,9.577307992003625e-06
3763,9.565833352098707e-06
3673,9.546728506393265e-06
6691,9.54332972469274e-06
4614,9.532001058687456e-06
2733,9.50048479353427e-06
4344,9.49744799072505e-06
4247,9.486574981565354e-06
7740,9.480563676333986e-06
6462,9.475034858041909e-06
2467,9.44491830523475e-06
1593,9.441803285881178e-06
5814,9.419492926099338e-06
1017,9.397480425832327e-06
3856,9.3826151896792e-06
7665,9.358778243040433e-06
7893,9.357669114251621e-06
7730,9.34894251258811e-06
1344,9.341836175735807e-06
2795,9.329529802926118e-06
7265,9.289193258155137e-06
2477,9.203924037137767e-06
4429,9.191502613248304e-06
1956,9.16444059839705e-06
5375,9.136917469731998e-06
772,9.136868811765453e-06
4471,9.132370905717835e-06
1247,9.116676665144041e-06
2522,9.106763172894716e-06
5008,9.083254099095939e-06
2055,9.080339623324107e-06
394,9.077537470147945e-06
2925,9.075316938833566e-06
7318,9.074728041014168e-06
3184,9.052263521880377e-06
33,9.018825494422344e-06
1952,9.018373475555563e-06
2817,9.007628705148818e-06
4,8.980914117273642e-06
4586,8.96911433301284e-06
546,8.963715572463116e-06
775,8.953877113526687e-06
3645,8.949719358497532e-06
3409,8.945879017119296e-06
3501,8.94173626875272e-06
5247,8.924020676204236e-06
6401,8.913380042940844e-06
7775,8.877980690158438e-06
5844,8.876732863427605e-06
2752,8.8761653387337e-06
622,8.862973118084483e-06
1448,8.843433533911593e-06
3629,8.842635452310788e-06
6419,8.825190889183432e-06
1903,8.821616120258113e-06
6119,8.80514744494576e-06
3181,8.804719527688576e-06
3839,8.80163315741811e-06
1418,8.796147994871717e-06
7460,8.788713785179425e-06
4453,8.778210940363351e-06
122,8.773038643994369e-06
6708,8.770321073825471e-06
11,8.756614079175051e-06
5562,8.750299457460642e-06
3974,8.739769782550866e-06
6558,8.737419193494134e-06
3933,8.734111361263786e-06
4133,8.726790383661864e-06
6534,8.725719908397878e-06
4736,8.718623121239943e-06
4319,8.717084710951895e-06
2215,8.698484180058585e-06
6378,8.685798547958257e-06
1204,8.68148572408245e-06
5379,8.677790447109146e-06
5798,8.673815500515047e-06
2830,8.650727977510542e-06
1191,8.62641627463745e-06
3230,8.61646458361065e-06
2250,8.6082309280755e-06
2199,8.594877272116719e-06
2861,8.58754219734692e-06
5067,8.58275552673149e-06
3835,8.572250862926012e-06
4136,8.570318641432095e-06
6178,8.565266398363747e-06
5084,8.5570854935213e-06
3464,8.556519333069446e-06
2472,8.55637290442246e-06
4384,8.528048965672497e-06
7718,8.519676157447975e-06
5503,8.518102731613908e-06
5021,8.51313825478428e-06
713,8.502767286699964e-06
6908,8.492734650644707e-06
5167,8.47563842398813e-06
4650,8.454080216324655e-06
5161,8.450826044281712e-06
7711,8.446053016086807e-06
3407,8.442275429842994e-06
4035,8.398421869060257e-06
4913,8.394552423851565e-06
1300,8.388768037548289e-06
1991,8.363797860511113e-06
2778,8.320211691170698e-06
5060,8.320005690620746e-06
3923,8.301995421788888e-06
4478,8.288806384371128e-06
208,8.275860864159768e-06
4576,8.255921784439124e-06
4357,8.245619937952142e-06
2249,8.20115292299306e-06
3023,8.197750048566377e-06
2095,8.190430889953859e-06
1252,8.16742340248311e-06
5123,8.16699321148917e-06
2960,8.165153758454835e-06
1459,8.162915946741123e-06
2596,8.147425432980526e-06
238,8.133746632665861e-06
3790,8.122356575768208e-06
7405,8.119704034470487e-06
2091,8.119139238260686e-06
7992,8.118396635836689e-06
5224,8.116764092847006e-06
52,8.112645900837379e-06
7938,8.105396318569547e-06
253,8.100510967778973e-06
6760,8.091909876384307e-06
4442,8.079251983872382e-06
4117,8.066219379543327e-06
7329,8.035345217649592e-06
6317,8.027165677049197e-06
4812,8.027120202314109e-06
4728,8.016482752282172e-06
4173,8.009204520931235e-06
1909,7.957591606100323e-06
7801,7.950906820042292e-06
5636,7.948133315949235e-06
1307,7.933732376841363e-06
543,7.923367775219958e-06
6597,7.919798918010201e-06
131,7.88631496106973e-06
3804,7.864462986617582e-06
2388,7.863462997192983e-06
3110,7.859905053919647e-06
559,7.817253390385304e-06
2460,7.806733265169896e-06
6903,7.778494364174549e-06
5534,7.77727973400033e-06
6117,7.767082024656702e-06
7880,7.75690341470181e-06
7975,7.749274118395988e-06
3610,7.744925142105785e-06
468,7.714445473538944e-06
1827,7.71394024923211e-06
7092,7.708342309342697e-06
6403,7.705539246671833e-06
4750,7.69876123740687e-06
192,7.69329244576511e-06
7828,7.675328561163042e-06
205,7.66897710491321e-06
2558,7.664429176656995e-06
5287,7.658103641006164e-06
233,7.643159733561333e-06
414,7.642874606972327e-06
6536,7.642830496479291e-06
7988,7.635265319549944e-06
197,7.611196679135901e-06
7734,7.601331617479445e-06
7251,7.592929478050792e-06
7932,7.587322215840686e-06
4218,7.565262421849184e-06
175,7.554386002084357e-06
3362,7.55406949792814e-06
72,7.508032240366447e-06
1303,7.503874940084643e-06
2026,7.503553433707566e-06
1603,7.502889729948947e-06
7948,7.493768862332217e-06
7268,7.492955774068832e-06
7078,7.491749329346931e-06
4991,7.479536634491524e-06
6622,7.470926448149839e-06
5735,7.469643378499313e-06
6897,7.459261041731224e-06
3091,7.453587159034214e-06
2842,7.44653425499564e-06
4028,7.438401553372387e-06
1547,7.438359716616105e-06
3984,7.4236174896213925e-06
5177,7.419990424750722e-06
4981,7.4098350069107255e-06
1338,7.403984682241571e-06
1525,7.400100457743974e-06
3396,7.369047807515017e-06
885,7.362057885984541e-06
2594,7.349846782744862e-06
7483,7.342220214923145e-06
3836,7.293382850548369e-06
3729,7.292736881936435e-06
452,7.292586133189616e-06
7805,7.291968813660787e-06
937,7.278182692971313e-06
1254,7.262525969053968e-06
395,7.257860943354899e-06
1653,7.249734608194558e-06
3009,7.244616199386655e-06
605,7.2319510309171164e-06
2969,7.231941935970099e-06
6245,7.2238581196870655e-06
1429,7.221304713311838e-06
5801,7.209652721940074e-06
668,7.205280780908652e-06
658,7.20513617125107e-06
189,7.200172603916144e-06
3971,7.195726539066527e-06
170,7.1596871293877484e-06
6299,7.147921678551938e-06
5530,7.139264880606788e-06
2815,7.122382612578804e-06
1810,7.115898597476189e-06
2802,7.1129409207060235e-06
7017,7.091829274941119e-06
1084,7.08395782567095e-06
6435,7.065041927489801e-06
4915,7.056270533212228e-06
783,7.04872581991367e-06
5162,7.0434282406495186e-06
2316,7.041073786240304e-06
616,6.984867923165439e-06
4636,6.97655036674405e-06
3258,6.9756545144628035e-06
7649,6.956640390853863e-06
4927,6.941794936210499e-06
1489,6.938161732250592e-06
50,6.924311264810967e-06
3826,6.897840194142191e-06
109,6.8469535108306445e-06
750,6.823583817094914e-06
2257,6.822913064752356e-06
1597,6.8207284584786976e-06
4243,6.80443463352276e-06
2218,6.801213658036431e-06
802,6.8000215378560824e-06
5365,6.799528136980371e-06
5688,6.79060690345068e-06
1655,6.790340194129385e-06
5061,6.787698112020735e-06
444,6.7578794187284075e-06
2616,6.745994369339314e-06
4766,6.745268137819949e-06
1393,6.738406455042423e-06
4219,6.715959671055316e-06
6583,6.690821464871988e-06
7305,6.687948143735412e-06
7520,6.680086698906962e-06
5819,6.6792908910429105e-06
6930,6.669132972092484e-06
2956,6.663854264843394e-06
4412,6.65610332362121e-06
4701,6.62614206703438e-06
7978,6.623005901928991e-06
1808,6.6227660227013985e-06
7259,6.6170159698231146e-06
4993,6.6095324200432515e-06
759,6.607493560295552e-06
1275,6.605533599213231e-06
887,6.592994395759888e-06
932,6.566441925315303e-06
3172,6.558700079040136e-06
7647,6.5306314809276955e-06
6702,6.523319143525441e-06
7696,6.509470949822571e-06
4488,6.495407660622732e-06
74,6.4953849232551875e-06
5361,6.488715371233411e-06
869,6.478463092207676e-06
228,6.468936817327631e-06
428,6.467866569437319e-06
3300,6.4517325881752186e-06
7470,6.436488320105127e-06
4681,6.43217549622932e-06
5147,6.409677780538914e-06
3357,6.401116252163774e-06
7721,6.399646508725709e-06
6457,6.366886282194173e-06
7449,6.35082028566103e-06
4132,6.3465829498454696e-06
6204,6.343595941871172e-06
6290,6.33723402643227e-06
3915,6.326802122202935e-06
3793,6.321723049040884e-06
7686,6.313475296337856e-06
3076,6.297613481365261e-06
5591,6.290396413533017e-06
6402,6.260371492317063e-06
265,6.256312190089375e-06
4127,6.250512569749844e-06
2716,6.250316346267937e-06
6761,6.2461615470965626e-06
729,6.24089443590492e-06
4321,6.2349490690394305e-06
5129,6.229753580555553e-06
1299,6.2256208366306964e-06
410,6.21355980001681e-06
4860,6.191998636495555e-06
2620,6.186850441736169e-06
5615,6.175687758513959e-06
3381,6.16868055658415e-06
4630,6.1629796164197614e-06
7570,6.158538553791004e-06
3149,6.154862376206438e-06
7677,6.146511395854759e-06
293,6.140783852970344e-06
1388,6.1322987221501535e-06
4819,6.132056341812131e-06
4240,6.129697794676758e-06
3088,6.1202003962534945e-06
632,6.116769782238407e-06
6916,6.116057193139568e-06
449,6.108942216087598e-06
2476,6.087498604756547e-06
5640,6.07967444921087e-06
803,6.0670038237731205e-06
7231,6.066210289645824e-06
6709,6.0635252339125145e-06
7490,6.056723577785306e-06
2141,5.984473318676464e-06
1435,5.968668119749054e-06
6860,5.960403314020368e-06
5437,5.959724148851819e-06
110,5.955669166723965e-06
6598,5.955028882453917e-06
2751,5.944994882156607e-06
3387,5.939969241808285e-06
462,5.936278967055841e-06
2194,5.929109875069116e-06
6460,5.913062295803684e-06
3299,5.9075259741803166e-06
1735,5.904966201342177e-06
3064,5.900745463804924e-06
3791,5.888554369448684e-06
5102,5.887809948035283e-06
3597,5.885414793738164e-06
724,5.883054882360739e-06
7244,5.881053766643163e-06
2928,5.876149543837528e-06
6223,5.868016160093248e-06
4510,5.854377377545461e-06
3251,5.85251473239623e-06
5311,5.84624604016426e-06
4111,5.837542630615644e-06
586,5.830714599142084e-06
7522,5.828108669447829e-06
929,5.825359494338045e-06
1257,5.823531637361157e-06
7191,5.801190582133131e-06
5373,5.8010127759189345e-06
7350,5.793780019303085e-06
7248,5.788092266811873e-06
3498,5.787530426459853e-06
7282,5.754970288762706e-06
4359,5.750146556238178e-06
1206,5.72151498090534e-06
6565,5.7110830766760046e-06
6678,5.706091087631648e-06
1896,5.694991841664887e-06
3371,5.691432306775823e-06
6684,5.688876626663841e-06
1493,5.686321173925535e-06
577,5.685824589818367e-06
89,5.663467163685709e-06
4118,5.637858521367889e-06
900,5.630751957141911e-06
6504,5.603400040854467e-06
3140,5.5955581501621054e-06
1094,5.578144964601961e-06
5727,5.576555167863262e-06
2970,5.575728891926701e-06
6542,5.569358108914457e-06
31,5.5488299040007405e-06
910,5.548231456486974e-06
2329,5.547130740524153e-06
2667,5.542863164009759e-06
6941,5.527523171622306e-06
6742,5.513276846613735e-06
7048,5.512093821380404e-06
5236,5.4695365179213695e-06
7172,5.4685535815224284e-06
6441,5.46321143701789e-06
3289,5.454021675177501e-06
7275,5.452985533338506e-06
6075,5.451144716062117e-06
1514,5.446783916340792e-06
4574,5.4381666814151686e-06
95,5.4263130095932866e-06
3320,5.42016641702503e-06
1018,5.410833637142787e-06
3656,5.393093033490004e-06
3754,5.391048716774094e-06
3884,5.376115268518333e-06
2440,5.3752494295622455e-06
6821,5.374771717470139e-06
2067,5.373557314669597e-06
2382,5.365413699109922e-06
1151,5.357799636840355e-06
4199,5.355554776542704e-06
6430,5.347106935005286e-06
4798,5.346294074115576e-06
4901,5.336645699571818e-06
2251,5.33337129127176e-06
4126,5.31868681719061e-06
6568,5.3169737839198206e-06
249,5.294508810038678e-06
3831,5.29420185557683e-06
2904,5.28088457940612e-06
1416,5.2771893024328165e-06
6699,5.272750286167138e-06
5511,5.272332373351674e-06
4850,5.272166163194925e-06
1636,5.269081157166511e-06
6472,5.255454880170873e-06
4197,5.249208015811746e-06
5818,5.240997779765166e-06
401,5.2318528105388395e-06
7461,5.218250635152799e-06
4285,5.2104508085903944e-06
7285,5.208897619013442e-06
6974,5.203383807383943e-06
3873,5.190224328543991e-06
2308,5.161916078577633e-06
5821,5.147761612533941e-06
427,5.145680233908934e-06
7551,5.1439883463899605e-06
5866,5.108099003336974e-06
606,5.100388762002694e-06
2583,5.099979034639546e-06
4206,5.084202712168917e-06
6145,5.063348226030939e-06
129,5.030891770729795e-06
6913,5.018140882384614e-06
6961,5.014637054046034e-06
4505,5.0138155529566575e-06
5344,5.005454113415908e-06
6605,5.000147893952089e-06
7879,4.999370503355749e-06
2807,4.983423878002213e-06
3020,4.951835535393911e-06
3198,4.9429957016400294e-06
7515,4.933612444801838e-06
3959,4.9246871185459895e-06
1807,4.917573050988722e-06
3192,4.916991429126938e-06
1076,4.906449703412363e-06
5000,4.889601996183046e-06
7038,4.861031584368902e-06
6888,4.85886062051577e-06
81,4.8415206492791185e-06
2606,4.8362876441387925e-06
6609,4.831939122595941e-06
4877,4.829963017982664e-06
1870,4.828130386158591e-06
715,4.810101472685346e-06
7709,4.809884103451623e-06
7378,4.803338924830314e-06
1715,4.793520929524675e-06
1999,4.78407696391514e-06
3630,4.7736552915012e-06
6213,4.768451162817655e-06
1460,4.766536221723072e-06
7023,4.765147878060816e-06
5666,4.76367517876497e-06
4600,4.722249514088617e-06
5795,4.715799832410994e-06
481,4.70902386950911e-06
1875,4.67113432023325e-06
3929,4.6665084028063575e-06
3590,4.66570941171085e-06
5686,4.645615945264581e-06
1867,4.638716745830607e-06
5877,4.616188334694016e-06
3117,4.611510348695447e-06
2475,4.6069112613622565e-06
4889,4.606093170878012e-06
6584,4.592766799760284e-06
3707,4.587509010889335e-06
876,4.578066636895528e-06
6064,4.5776123442919925e-06
443,4.567725909510045e-06
3370,4.548091055767145e-06
6861,4.542866918200161e-06
1733,4.540864210866857e-06
4465,4.536614824246499e-06
5541,4.5322219648369355e-06
5943,4.53196525995736e-06
673,4.529493708105292e-06
6106,4.519975618677563e-06
3828,4.515138698479859e-06
4201,4.514010925049661e-06
1474,4.5122055780666415e-06
2269,4.5089348077453906e-06
3191,4.488039849093184e-06
5981,4.463269988264074e-06
5885,4.457151362657896e-06
1839,4.454433792488999e-06
1523,4.453397650650004e-06
2125,4.450855158211198e-06
3497,4.436536528373836e-06
6795,4.423862492330954e-06
434,4.419106517161708e-06
5456,4.412611588122672e-06
1519,4.410916517372243e-06
5755,4.39975747212884e-06
3593,4.395297992232372e-06
5271,4.3860136429429986e-06
2100,4.380967993711238e-06
5418,4.3737859414250124e-06
340,4.368668669485487e-06
5886,4.3666041165124625e-06
7817,4.352555606601527e-06
1992,4.3505306166480295e-06
4843,4.346489731688052e-06
6806,4.3434190502011916e-06
3281,4.316508920965134e-06
3339,4.314411171435495e-06
3659,4.308918732931488e-06
2174,4.305679794924799e-06
3205,4.301747708268522e-06
2074,4.297897930882755e-06
5078,4.297296982258558e-06
1561,4.2889030282822205e-06
6215,4.278653250366915e-06
1442,4.277867446944583e-06
7555,4.276817435311386e-06
3945,4.275616674931371e-06
1937,4.269656074029626e-06
7619,4.2588089854689315e-06
7426,4.243947842041962e-06
4397,4.240654561726842e-06
2980,4.231982984492788e-06
5630,4.228402985972934e-06
3217,4.2149192722718e-06
369,4.212549931992271e-06
6615,4.211841996948351e-06
4820,4.2079491322510876e-06
3077,4.205541131341306e-06
3321,4.2029766973428195e-06
1476,4.199984005026636e-06
6293,4.194070015728357e-06
2192,4.190740582998842e-06
3380,4.186239948467119e-06
6526,4.178902827334241e-06
4104,4.160792741458863e-06
2874,4.1552434595359955e-06
5111,4.154306452619494e-06
2480,4.1535613490850665e-06
5932,4.149809228692902e-06
7061,4.149779215367744e-06
7306,4.149434516875772e-06
2993,4.148325160713284e-06
5966,4.144719014220755e-06
4698,4.137112910029828e-06
7137,4.122219024793594e-06
6260,4.115014689887175e-06
2997,4.113692739338148e-06
1060,4.095709527973668e-06
6571,4.091483333468204e-06
3739,4.079613518115366e-06
3287,4.062801963300444e-06
3510,4.062090738443658e-06
6309,4.058873173562461e-06
3519,4.0510710732633015e-06
5549,4.051019004691625e-06
7991,4.0292602534464095e-06
7672,4.022838766104542e-06
4076,4.0189706851379015e-06
4595,4.017047103843652e-06
6935,4.0165371046896325e-06
5532,3.989445986007922e-06
6593,3.987543095718138e-06
3311,3.985272996942513e-06
7163,3.981733925684239e-06
2837,3.980005203629844e-06
1826,3.972820195485838e-06
5825,3.970722900703549e-06
6729,3.968169949075673e-06
7371,3.958885145038948e-06
7638,3.952802444473491e-06
6180,3.950552809328656e-06
2806,3.949885012843879e-06
264,3.9478400140069425e-06
6784,3.9450288795706e-06
6634,3.938941517844796e-06
3280,3.930590992240468e-06
6340,3.925980763597181e-06
5699,3.924860493498272e-06
3002,3.908584631062695e-06
4149,3.905049993591092e-06
1237,3.903227479895577e-06
6489,3.8979999317234615e-06
3904,3.893342409355682e-06
4326,3.892876520694699e-06
1884,3.883295448758872e-06
2072,3.878855750372168e-06
5016,3.874640015055775e-06
1432,3.874491994793061e-06
699,3.868075737045729e-06
6973,3.863591246044962e-06
2292,3.856204216390324e-06
3669,3.848163714792463e-06
6393,3.844326556645683e-06
5752,3.833479468084988e-06
3655,3.830216087408189e-06
4439,3.826847546406498e-06
1954,3.821172299467435e-06
7396,3.818566028712667e-06
4002,3.818507821051753e-06
7796,3.8101959489722503e-06
2446,3.80933272481343e-06
4072,3.787396508414531e-06
5719,3.7845850329176756e-06
5879,3.7807010357937543e-06
1145,3.7415940141727333e-06
3697,3.7349943795561558e-06
4009,3.7239633456920274e-06
6610,3.7185232031333726e-06
7500,3.71011901734164e-06
2113,3.7080779975440237e-06
3682,3.6965461731597316e-06
3100,3.6904742728438578e-06
3773,3.682709575514309e-06
2730,3.6812783719142317e-06
2555,3.6674543935077963e-06
697,3.651477413768589e-06
6934,3.64817810805107e-06
3966,3.6399303553480422e-06
1686,3.6280965787227615e-06
2953,3.6227692135071266e-06
5366,3.61545698979171e-06
1385,3.61441811946861e-06
5525,3.6050237213203218e-06
1490,3.6047988487553084e-06
7856,3.595199586925446e-06
4872,3.5889205491912435e-06
5460,3.572117520889151e-06
4262,3.5712074577531894e-06
5919,3.5668721238835133e-06
1702,3.56667169398861e-06
2927,3.551037707438809e-06
2910,3.549516804923769e-06
3167,3.548780114215333e-06
5304,3.5430368825473124e-06
5035,3.542279159773898e-06
6248,3.5349959262021002e-06
1322,3.526459636304935e-06
6546,3.517442564771045e-06
2045,3.5160722973159864e-06
1137,3.494555699035118e-06
5850,3.4833592508221045e-06
3941,3.4816966945072636e-06
1606,3.480491045593226e-06
3341,3.471191689641273e-06
2736,3.469089847385476e-06
4603,3.467145916147274e-06
4608,3.4626619935806957e-06
5693,3.450001258897828e-06
2060,3.4474282983865123e-06
5951,3.445140350777365e-06
3680,3.4439729006408015e-06
6477,3.4379240787529852e-06
7946,3.4344252526352648e-06
2652,3.4276678206879296e-06
61,3.425703425818938e-06
6229,3.421270776016172e-06
7386,3.4156323636125308e-06
6189,3.4124017247449956e-06
1556,3.41215650223603e-06
2422,3.3883974310811027e-06
3210,3.381030978744093e-06
2201,3.3807856425482896e-06
5553,3.3766891647246666e-06
224,3.373477966306382e-06
4257,3.3686119422782212e-06
5257,3.3639067851254367e-06
6371,3.363391215316369e-06
6067,3.359735387675755e-06
4402,3.345787604303041e-06
6710,3.3328402366805676e-06
1239,3.3268931929342216e-06
954,3.322200655020424e-06
708,3.3159298027385375e-06
6151,3.312963940516056e-06
7260,3.3109017749666236e-06
3533,3.306888402221375e-06
3609,3.306682287984586e-06
1434,3.2898337849474046e-06
6976,3.2897268056331086e-06
4298,3.289203505119076e-06
795,3.2880830076464918e-06
6115,3.2867260415514465e-06
536,3.286073592789762e-06
250,3.273631023148482e-06
835,3.2634984563628677e-06
1136,3.261910137553059e-06
3990,3.2511495646758704e-06
3865,3.247399945394136e-06
6278,3.246518190280767e-06
5793,3.2356813335354673e-06
7651,3.2267539609165397e-06
1694,3.223795033591159e-06
227,3.2199038741964614e-06
5731,3.2109173844219185e-06
7586,3.2080018854685477e-06
6523,3.2071516216092277e-06
4778,3.2060506782727316e-06
3528,3.2051572134150774e-06
4428,3.202570724170073e-06
3551,3.1998135909816483e-06
3348,3.1934436037772684e-06
7751,3.186302819813136e-06
5339,3.180224439347512e-06
3692,3.175983920300496e-06
2922,3.1621457310393453e-06
1056,3.1602805847796844e-06
1781,3.1561535251967143e-06
2380,3.1519753065367695e-06
5587,3.150040583932423e-06
7200,3.147939878545003e-06
624,3.1412674843522836e-06
2198,3.132454935439455e-06
6875,3.1320359994424507e-06
650,3.1315831847678055e-06
4141,3.121731538158201e-06
789,3.1151408848018036e-06
4601,3.1136278266785666e-06
2034,3.1134151186051895e-06
1621,3.112240392511012e-06
4941,3.1094946280063596e-06
1553,3.0980518204160035e-06
5265,3.097904937021667e-06
5132,3.0968444661994e-06
2211,3.08294238493545e-06
318,3.076484972552862e-06
4143,3.061331085518759e-06
1879,3.0603348477598047e-06
2747,3.0564295911972295e-06
4062,3.054972694371827e-06
5206,3.0542895501639578e-06
7280,3.044679488084512e-06
6808,3.040890533156926e-06
735,3.0392837970794062e-06
612,3.033491793758003e-06
7108,3.0284297736216104e-06
2828,3.022676992259221e-06
3591,3.018481379513105e-06
5066,3.011348894688126e-06
7885,3.008905991919164e-06
41,3.0061526103963843e-06
6288,3.001902200594486e-06
1666,2.998913828378136e-06
6912,2.992798158629739e-06
4169,2.987155994560453e-06
5768,2.985077799166902e-06
7538,2.981065449603193e-06
406,2.970907416965929e-06
3413,2.949977442767704e-06
2245,2.9476327654265333e-06
4935,2.9469450737451552e-06
719,2.9439327136060456e-06
4502,2.938365923910169e-06
6886,2.931056769739371e-06
3946,2.9297443688847125e-06
5249,2.9213636025815504e-06
2671,2.920205929513031e-06
5125,2.919699682024657e-06
2966,2.9120238309587876e-06
5077,2.908899546127941e-06
6529,2.9056972152829985e-06
454,2.9029794177404256e-06
118,2.8983810125282616e-06
3851,2.8940668244104018e-06
5560,2.8907545583933825e-06
7136,2.8880085665150546e-06
909,2.8840357799708727e-06
1563,2.880623128476145e-06
3395,2.880113584069477e-06
1446,2.8800509426218923e-06
4458,2.8681149615295e-06
3161,2.8669076073128963e-06
5707,2.860949848582095e-06
6304,2.847716245923948e-06
4157,2.846367351594381e-06
1771,2.8406611818354577e-06
5098,2.827091407198168e-06
2025,2.8199248163218726e-06
2166,2.817370614138781e-06
3950,2.811161607496615e-06
4401,2.810115347529063e-06
4305,2.8054444101144327e-06
1404,2.8008533945467207e-06
5970,2.7999772100884e-06
1292,2.7824416974908672e-06
1866,2.7785093834609143e-06
2212,2.7638096753435093e-06
5848,2.7594007860898273e-06
3466,2.754517936409684e-06
1703,2.7463770493341144e-06
5622,2.7336620860296534e-06
3040,2.7278642846795265e-06
2450,2.7198047973797657e-06
2945,2.710363219193823e-06
1203,2.7084513476438588e-06
7448,2.7065806307291496e-06
3177,2.70418399850314e-06
7882,2.6946106572722783e-06
1510,2.6610574650476337e-06
7388,2.659650817804504e-06
7826,2.6590531660986017e-06
7869,2.6554712349025067e-06
6988,2.6492243705433793e-06
5317,2.6489228730497416e-06
1316,2.629776986395882e-06
2323,2.629090886330232e-06
7745,2.621257294777024e-06
7365,2.6183797672274522e-06
6694,2.611403033370152e-06
1520,2.602948029561958e-06
1537,2.5916090180544415e-06
458,2.5896537181324675e-06
6887,2.57995941410627e-06
930,2.5693901761769666e-06
5858,2.567000933595409e-06
7457,2.565157615208591e-06
431,2.5615252070565475e-06
4556,2.558166556809738e-06
1696,2.5568925821062294e-06
83,2.55679026395228e-06
5971,2.556721710789134e-06
6909,2.5560023004800314e-06
7634,2.552566002123058e-06
7964,2.5515056449876283e-06
3854,2.5474879521425464e-06
5564,2.5456807861701236e-06
5308,2.5439092041779077e-06
3678,2.532879989303183e-06
2357,2.52952747814561e-06
2702,2.525870399949781e-06
2742,2.5109303578574327e-06
5174,2.5043506184374564e-06
3131,2.495210424058314e-06
3124,2.495142553016194e-06
7399,2.4941354013208183e-06
1072,2.4927329604906845e-06
7489,2.491530040060752e-06
1665,2.482533773218165e-06
2150,2.481298906786833e-06
1328,2.4709424906177446e-06
103,2.465704028509208e-06
4811,2.4507929765604786e-06
834,2.4422116666755755e-06
1065,2.439783202135004e-06
888,2.435647616039205e-06
991,2.4340029085578863e-06
526,2.4335602120117983e-06
4689,2.4300088625750504e-06
758,2.419495331196231e-06
7450,2.4050137881204137e-06
4167,2.3991136686163372e-06
496,2.39748385411076e-06
4037,2.3863638034526957e-06
7516,2.3821448849048465e-06
4814,2.365005684623611e-06
6858,2.363237513236527e-06
7074,2.36134371789376e-06
7843,2.3559194914923864e-06
5153,2.3541822429251624e-06
317,2.3537163542641792e-06
4370,2.3508363256041775e-06
388,2.3471804979635635e-06
5270,2.3406292939398554e-06
5014,2.3366966388493893e-06
3962,2.336374109290773e-06
29,2.3301319060919923e-06
3463,2.32696947932709e-06
2431,2.326218577763939e-06
1622,2.316248696843104e-06
2001,2.3141135443438543e-06
4840,2.307560862391256e-06
4190,2.3047481363391853e-06
2536,2.3016888235360966e-06
6201,2.300664505128225e-06
6465,2.3005442244539154e-06
6680,2.2928653606868465e-06
5238,2.2924168661120348e-06
1370,2.2867787947689067e-06
4895,2.2858503143652342e-06
4000,2.283797130075982e-06
3432,2.266378373860789e-06
3204,2.2637119627688662e-06
3416,2.251766090921592e-06
5388,2.2514153670272208e-06
1987,2.251164460176369e-06
6028,2.243314156658016e-06
4878,2.23993038162007e-06
7293,2.2394821144189336e-06
7036,2.2391362790585845e-06
7595,2.2369440557667986e-06
3228,2.227513505204115e-06
6073,2.2198566966835642e-06
2810,2.2126081375972717e-06
880,2.203261715294502e-06
2429,2.194146759393334e-06
2574,2.1888286028115544e-06
6662,2.18149432384962e-06
4767,2.181022182412562e-06
5846,2.180604724344448e-06
5603,2.180091541958973e-06
3137,2.168150444958883e-06
5188,2.164291572626098e-06
5661,2.1575376649707323e-06
5664,2.1542465447055292e-06
5105,2.1524737121580984e-06
1689,2.151058424715302e-06
4959,2.144614086319052e-06
7476,2.143584652003483e-06
5634,2.143558958778158e-06
1360,2.140940750905429e-06
6349,2.1341047613532282e-06
6022,2.1256643094602623e-06
4235,2.1195106683080667e-06
4312,2.118950305884937e-06
2686,2.115200118169014e-06
3337,2.113977757289831e-06
1083,2.1136178247616044e-06
2563,2.1050708483016933e-06
4105,2.099581138281792e-06
7120,2.098331037814205e-06
4571,2.0952300019416725e-06
6344,2.092779936901934e-06
4827,2.0824402326979907e-06
1809,2.0822700435019215e-06
2790,2.0756950789291295e-06
5406,2.06238325972663e-06
1277,2.0610026467693388e-06
3575,2.0606581756510423e-06
2411,2.040686013060622e-06
6538,2.0377228793222457e-06
419,2.0369674302855856e-06
5789,2.0337330397524056e-06
3257,2.0316532527431264e-06
5384,2.029923052759841e-06
6494,2.025096023317019e-06
332,2.024850573434378e-06
3778,2.0181647641948075e-06
3090,2.0155293896095827e-06
2421,2.0137719047852443e-06
5022,2.011419724112784e-06
4415,2.0042974711032002e-06
3200,2.0028019207529724e-06
617,1.996485593735997e-06
423,1.986837219192239e-06
7144,1.983214019674051e-06
5497,1.970940502360463e-06
1013,1.968361971194099e-06
4073,1.9676997453643708e-06
201,1.966412810361362e-06
3694,1.960795088962186e-06
6948,1.9555998278519837e-06
5368,1.9543514326869627e-06
7281,1.9537169464456383e-06
4363,1.9453968889138196e-06
3034,1.9399838038225425e-06
2768,1.9357995597601985e-06
4407,1.9242847884015646e-06
2854,1.91569506569067e-06
5894,1.9067877019551815e-06
3081,1.9051611275244795e-06
1517,1.9049554111916223e-06
5166,1.8938590642392228e-06
3317,1.892800469249778e-06
1058,1.8902132410403283e-06
3135,1.8722918184721493e-06
773,1.8689094076762558e-06
7697,1.8668729921955673e-06
4213,1.865288993485592e-06
6844,1.8606148159960867e-06
6904,1.860195652625407e-06
2683,1.845651581788843e-06
7560,1.84494268751223e-06
6663,1.8403318904347543e-06
4179,1.8383392443865887e-06
4351,1.8303070987713e-06
5410,1.8293158063897863e-06
5682,1.8283085410075728e-06
3594,1.819878207243164e-06
207,1.8169577629123523e-06
1633,1.81662056775167e-06
4786,1.815085852285847e-06
6217,1.8057864963338943e-06
1541,1.8003662489718408e-06
3879,1.7984699525186443e-06
3425,1.7919934975907381e-06
4215,1.7853520830612979e-06
3779,1.7837334667092364e-06
51,1.7834245795711468e-06
1931,1.774673251020431e-06
5196,1.7720013261168788e-06
6173,1.7695405176709755e-06
1052,1.7539986174597288e-06
2602,1.7528517446407932e-06
3375,1.7448408584641584e-06
7374,1.740230345603777e-06
5104,1.7328615058431751e-06
7056,1.731908014335204e-06
4859,1.7259511650991044e-06
7518,1.7258523143937055e-06
5089,1.718130818062491e-06
3293,1.7176454321088386e-06
2917,1.7162589074359857e-06
786,1.7107581129494065e-06
5198,1.7105763276958896e-06
1543,1.707020373942214e-06
7578,1.70187558978796e-06
6196,1.69545870676302e-06
3129,1.6950569943219307e-06
262,1.6939292208917323e-06
2580,1.6873475487955147e-06
1293,1.6793577515272773e-06
7497,1.6739670058996126e-06
5208,1.6721153883736406e-06
4450,1.670531901254435e-06
5479,1.6693290945113404e-06
6193,1.6688380810592207e-06
512,1.6684743400219304e-06
5337,1.666830371505057e-06
6009,1.6637828821330913e-06
2137,1.6631980201964325e-06
5058,1.6608729538347689e-06
3824,1.6605994801466295e-06
2912,1.6580837609581067e-06
119,1.6542271623620763e-06
6497,1.6540294609512785e-06
4087,1.652956029829511e-06
5057,1.6519433074790868e-06
4849,1.6447229427285492e-06
4537,1.6396540445384744e-06
3237,1.6336842350028746e-06
3859,1.6326024478985346e-06
6069,1.6304509813380719e-06
372,1.6280358181575139e-06
3390,1.6270297464870964e-06
679,1.6262894746432721e-06
6992,1.6174416259673308e-06
7090,1.617392115349503e-06
3666,1.6133541862473066e-06
3219,1.6070052879513241e-06
4553,1.6036491956583632e-06
5776,1.6007630847525434e-06
3602,1.5968028037605109e-06
6433,1.5960830523908953e-06
2819,1.5895283809186367e-06
6853,1.5879987245170923e-06
4214,1.5873995948822994e-06
1049,1.5821548231542693e-06
1841,1.5815417668818554e-06
741,1.5810107925062766e-06
4828,1.5777720250298444e-06
5600,1.5745392829558114e-06
1700,1.5713470133960072e-06
6741,1.5676008047194046e-06
6825,1.5650978184567066e-06
5241,1.563088564360271e-06
1031,1.5607694194841315e-06
3469,1.5598388358739612e-06
5524,1.554613277221506e-06
5643,1.551280035982927e-06
7465,1.5511226365561015e-06
1856,1.537135744911211e-06
1088,1.5328507743106456e-06
3660,1.5315908967750147e-06
3834,1.5305790270758735e-06
1213,1.5276199860636552e-06
2829,1.5215348980746057e-06
142,1.5150052377066459e-06
2445,1.5128038626244233e-06
7122,1.5122793115551758e-06
2559,1.5105986790331372e-06
6557,1.5088031659615808e-06
7148,1.5072429278006894e-06
3508,1.5071688039824949e-06
3006,1.5048012187435233e-06
1924,1.5005460909378598e-06
153,1.4985027974034892e-06
1470,1.4968913433222042e-06
6487,1.4866570836602477e-06
1115,1.4866068909213936e-06
4068,1.4853447396490083e-06
6969,1.4809634194534738e-06
3133,1.4795381275689579e-06
1604,1.4762659930056543e-06
6936,1.475114913773723e-06
5377,1.4727737038811028e-06
2675,1.4722244827680697e-06
798,1.462054456169426e-06
2255,1.4582177527699969e-06
1233,1.4487350199487992e-06
4949,1.441925746803463e-06
3142,1.438574599887943e-06
7621,1.4377291108758072e-06
1197,1.4338485243570176e-06
7839,1.4319003298624011e-06
7434,1.4314541090243438e-06
1845,1.4305076092568925e-06
387,1.4289697105596133e-06
5037,1.4259663316806837e-06
5527,1.4210788776836125e-06
1869,1.4206418086359918e-06
6508,1.4128825114312349e-06
1594,1.4123305049906776e-06
7580,1.4097178677729971e-06
1483,1.4021563856658759e-06
983,1.400510143412248e-06
123,1.3949530170975777e-06
2581,1.3909574363424326e-06
4534,1.3868572068531648e-06
3491,1.386727262797649e-06
657,1.3822602227264724e-06
6352,1.3815229067404289e-06
3490,1.3803834235659451e-06
6131,1.3776373180007795e-06
1129,1.3773345699519268e-06
1166,1.3765220501227304e-06
3041,1.3746441709372448e-06
7630,1.3728400745094405e-06
2339,1.3719894127461885e-06
6573,1.3661625644090236e-06
3059,1.3661098705597396e-06
770,1.3648827916767914e-06
1259,1.3625345332002325e-06
7203,1.3565198742071516e-06
2117,1.3511087217921158e-06
474,1.3398681630860665e-06
4815,1.3386911632551346e-06
806,1.3386217574407056e-06
3822,1.3373348792811157e-06
7033,1.3372545595302654e-06
385,1.3329440093912126e-06
918,1.3297799910105823e-06
1250,1.3259863749226497e-06
2678,1.3253064707896556e-06
5946,1.3240416478765837e-06
7298,1.323650678841659e-06
1086,1.3207288702687947e-06
4070,1.3201062074585934e-06
2254,1.3159072977941833e-06
1865,1.3107481322549575e-06
6486,1.3014910109632183e-06
7907,1.2970726857020054e-06
1948,1.293270827318338e-06
3275,1.2925221426485223e-06
3810,1.2921410643684794e-06
681,1.2906820074931602e-06
721,1.2896211956103798e-06
1043,1.2777692859344825e-06
1301,1.2717553090624278e-06
3277,1.2708296708296984e-06
2265,1.2656025205615151e-06
2762,1.2603572372427152e-06
7402,1.2597517979884287e-06
6759,1.2574762422445929e-06
5009,1.256572886632057e-06
5550,1.2508725149018574e-06
1389,1.2507323958743655e-06
5351,1.2431210620889033e-06
2484,1.2395999533509894e-06
6800,1.238591380570142e-06
3542,1.2331552170508076e-06
1041,1.2210960562697437e-06
6728,1.221003230966744e-06
2433,1.219798946294759e-06
1672,1.2185151945232064e-06
4606,1.217048065882409e-06
6576,1.2157183277849981e-06
3921,1.2145155778853223e-06
5346,1.2109223916922929e-06
1270,1.2043905144309974e-06
6757,1.2017802077934903e-06
4953,1.1976859468632028e-06
5650,1.1891165740962606e-06
1395,1.1828934134427982e-06
3872,1.1822298233710171e-06
7689,1.1798605896728986e-06
6979,1.1795589216490043e-06
1750,1.1770721357606817e-06
5784,1.1762741678467137e-06
5558,1.1760366760427132e-06
3995,1.175279635390325e-06
2162,1.1735116913769161e-06
7819,1.1732130360542214e-06
1776,1.1729496804946393e-06
4210,1.1728087088158645e-06
5117,1.1704327107509016e-06
2576,1.1689323855534894e-06
4477,1.1681098612825735e-06
7941,1.1621025350905256e-06
4337,1.1618045050454384e-06
2862,1.1604989822444622e-06
2879,1.1599127844874602e-06
873,1.159047712917527e-06
6143,1.1553842114153667e-06
6008,1.154305607542483e-06
7221,1.1529459129633324e-06
7348,1.151751575889648e-06
2048,1.1501111885081627e-06
1167,1.1498336789372843e-06
7360,1.1465309626146336e-06
7021,1.146121178408066e-06
1568,1.145391820500663e-06
5451,1.140076733463502e-06
6355,1.1395019328119815e-06
6527,1.1317226267237857e-06
2867,1.1308288208056183e-06
808,1.1305184557386383e-06
6228,1.1300189157736895e-06
3290,1.1274970574959298e-06
1910,1.1234220664846362e-06
5370,1.1211100172658917e-06
7767,1.1151518037877395e-06
852,1.1148565590701764e-06
4236,1.1127432344437693e-06
7301,1.1121427974103426e-06
672,1.1017750125574821e-06
7911,1.1006812314917624e-06
3307,1.0881205980695086e-06
2062,1.0879375622607768e-06
1704,1.085907399556163e-06
1964,1.0821522096193803e-06
1792,1.0815357427418348e-06
5868,1.0765068054752192e-06
864,1.0758916459963075e-06
4334,1.0744948326646409e-06
4727,1.0696534786802658e-06
2900,1.067499226792279e-06
5874,1.06624872842076e-06
3238,1.063312026872154e-06
22,1.062741148416535e-06
2412,1.062590058609203e-06
6556,1.0613331937747716e-06
6032,1.059721171259298e-06
3186,1.059420583260362e-06
1184,1.0569034429863677e-06
3428,1.0504030001357023e-06
933,1.04976891179831e-06
7229,1.0467826427884575e-06
7862,1.0433778925289516e-06
5467,1.0433305988044594e-06
7572,1.0428448433685844e-06
4555,1.0426661560813955e-06
3372,1.0365452567384636e-06
764,1.0346891770041111e-06
498,1.0281899562869512e-06
1844,1.0272775625708164e-06
2990,1.026789732350153e-06
1832,1.0250782338516728e-06
5272,1.024758375933743e-06
5015,1.0244837085338077e-06
4271,1.0211599033027596e-06
6014,1.0186377039644867e-06
3401,1.0164783361688023e-06
5918,1.0111310189131473e-06
5832,1.0099877840730187e-06
1691,1.008455399187369e-06
627,1.0053743153548567e-06
7685,9.98644054561737e-07
2221,9.944782277671038e-07
4932,9.917954457705491e-07
646,9.88097610843397e-07
7171,9.812586654334154e-07
1207,9.796851827559294e-07
4653,9.780314940144308e-07
7644,9.779446372704115e-07
7087,9.755468397543154e-07
5923,9.751122433954151e-07
3480,9.72646887476003e-07
384,9.717560232047617e-07
5701,9.713368456232274e-07
4088,9.707690651339362e-07
6438,9.619968466267892e-07
149,9.612129190372798e-07
3639,9.561412639413902e-07
3759,9.532698470593459e-07
352,9.497503015154507e-07
3868,9.425401685803081e-07
3286,9.409390600012557e-07
7690,9.398922600212245e-07
5466,9.379622269989341e-07
1311,9.366230813157017e-07
1430,9.319095966020541e-07
6127,9.290823754781741e-07
3048,9.26856529304132e-07
922,9.266309461963829e-07
6940,9.249398829069833e-07
3,9.152140023616084e-07
1798,9.145963417722669e-07
2196,9.115567536355229e-07
1011,9.103848128688696e-07
5274,9.079699907488248e-07
2745,9.076106266547868e-07
1291,9.071221711565158e-07
3555,9.057430077064055e-07
5750,9.044692887982819e-07
4121,9.012668158447923e-07
5931,8.961409605490189e-07
5237,8.947872061071394e-07
3935,8.945920910718996e-07
5817,8.932599371291872e-07
7372,8.916361196042999e-07
53,8.88846216184902e-07
7754,8.876908452748467e-07
1445,8.873647061591328e-07
3608,8.793643928584061e-07
7324,8.774989908033604e-07
4270,8.73951307767129e-07
5245,8.722274742467562e-07
432,8.713087993328372e-07
280,8.676764480242127e-07
6677,8.664140693781519e-07
4581,8.641744386750361e-07
7863,8.599780016993464e-07
3625,8.597663452292181e-07
5324,8.588442312884581e-07
96,8.562354025798413e-07
5619,8.539593920886546e-07
2601,8.537721214452176e-07
6208,8.519688208252774e-07
2400,8.461872482712351e-07
5569,8.45385443426494e-07
4466,8.400752733450645e-07
7972,8.387083596517186e-07
6469,8.342614137291093e-07
1400,8.333331322774029e-07
613,8.316180526435346e-07
5834,8.291079893751885e-07
5788,8.224926659750054e-07
3723,8.140861211813899e-07
3843,8.128463093726168e-07
718,8.114539866710402e-07
6005,8.106942459562561e-07
1854,8.102004755983216e-07
7243,8.064839107646549e-07
5648,8.059182050601521e-07
2071,8.052767839217267e-07
3058,8.03700743290392e-07
2645,8.028684987948509e-07
1907,8.00650127530389e-07
6660,7.988348045273597e-07
2050,7.937580051020632e-07
1932,7.930317451609881e-07
4527,7.90068156675261e-07
7642,7.886534376666532e-07
6787,7.875950416291744e-07
5481,7.86934208463208e-07
100,7.860772086587531e-07
4562,7.80823199875158e-07
1248,7.79338535039642e-07
4937,7.781123372296861e-07
6253,7.754092337108887e-07
863,7.749433450499055e-07
5843,7.721864392351563e-07
5088,7.717199821399845e-07
4979,7.701806339355244e-07
947,7.609313286138786e-07
823,7.585738899251737e-07
2967,7.562083510492812e-07
5096,7.539052830907167e-07
5412,7.508809858336463e-07
6644,7.43800370628378e-07
341,7.434808537709614e-07
7188,7.429272272929666e-07
215,7.361902021330025e-07
2322,7.348596113843087e-07
6618,7.329430786739977e-07
7081,7.319057147014973e-07
6953,7.318830910207907e-07
4057,7.309457714654854e-07
206,7.293465387192555e-07
420,7.283483682840597e-07
4237,7.281940099801432e-07
6809,7.277166105268407e-07
7505,7.255369212089136e-07
6733,7.227338869597588e-07
782,7.194032889401569e-07
69,7.179700673987099e-07
7807,7.131471591037553e-07
2619,7.128331276362587e-07
5533,7.11496198846362e-07
4462,7.070100878081576e-07
4969,7.068877891924785e-07
5745,7.041798539830779e-07
4805,7.026940807008941e-07
2394,7.00246687301842e-07
2288,6.963607575016795e-07
217,6.941886852018797e-07
3086,6.936356840014923e-07
2266,6.913101628924778e-07
2901,6.907627039254294e-07
6631,6.898053754866851e-07
5584,6.888463985887938e-07
3700,6.880559340061154e-07
3603,6.872494395793183e-07
4106,6.788604594021308e-07
2365,6.782364039281674e-07
6004,6.71226302983996e-07
1111,6.672041479305335e-07
367,6.657905942120124e-07
6509,6.65448311565342e-07
5948,6.652347792623914e-07
2631,6.631445330640418e-07
3622,6.624931074838969e-07
1993,6.624007369282481e-07
1403,6.590212819901353e-07
6066,6.574579174412065e-07
2115,6.552552918037691e-07
3702,6.549396687205444e-07
6233,6.532131635594851e-07
4740,6.500165170564287e-07
7550,6.486173731445888e-07
7933,6.471739482094563e-07
6832,6.463941986112332e-07
3688,6.440233164539677e-07
3855,6.422809804007557e-07
1969,6.386655400092422e-07
4691,6.354987363010878e-07
4898,6.337531317512912e-07
3637,6.33312993159052e-07
6586,6.329457562515017e-07
3853,6.310515914265125e-07
5491,6.304326234385371e-07
4911,6.29894827852695e-07
3115,6.298588459685561e-07
5273,6.289137957082858e-07
2058,6.284244022936036e-07
4196,6.239055494461354e-07
243,6.23579637704097e-07
1734,6.232327507404989e-07
1377,6.201913436143514e-07
4464,6.198765731824096e-07
4287,6.193679382704431e-07
4817,6.172863038500509e-07
2634,6.156701886084193e-07
386,6.122752438386669e-07
3815,6.086464168220118e-07
5283,6.076804481836007e-07
6043,6.075708256503276e-07
5243,6.057981920548627e-07
7957,6.04011631821777e-07
3068,6.034226771589601e-07
1241,6.026703545103373e-07
3349,6.026539836057054e-07
6357,6.009244657434465e-07
4599,5.965631828530604e-07
7384,5.945723557942983e-07
344,5.941867300407466e-07
5211,5.941337803960778e-07
125,5.888768441764114e-07
4774,5.858054521468148e-07
1222,5.816641817091295e-07
6842,5.812469510146911e-07
6876,5.80644837100408e-07
7650,5.806351737192017e-07
5040,5.776307148153137e-07
1220,5.694379581200337e-07
571,5.686216866251925e-07
1821,5.671611518209829e-07
3720,5.66471754837039e-07
7238,5.637721471885015e-07
4988,5.628628230169852e-07
6762,5.606407000868785e-07
4332,5.593568630501977e-07
7123,5.592003731180739e-07
674,5.58663117544711e-07
6471,5.568255403431976e-07
5730,5.561248599406099e-07
564,5.546656325350341e-07
5288,5.536094533908908e-07
5528,5.527326436549629e-07
2376,5.49625838175416e-07
4394,5.432939360616729e-07
7589,5.420553748081147e-07
6485,5.419222190994333e-07
2424,5.401029170570837e-07
1187,5.388898216551752e-07
4621,5.383583641105361e-07
5484,5.37564687874692e-07
7362,5.351804190922849e-07
3805,5.344415967556415e-07
2173,5.315559974405915e-07
4914,5.30673474941068e-07
4120,5.286696307393868e-07
2239,5.277955210658547e-07
2178,5.276259855691023e-07
3278,5.269896234949556e-07
7726,5.252081223261484e-07
1071,5.213541385273857e-07
2299,5.206463242757309e-07
7720,5.192160301703552e-07
7018,5.122294339798827e-07
941,5.119081549764815e-07
2694,5.095966173485067e-07
6569,5.082191592009622e-07
3654,5.056600116404297e-07
815,5.033705861023918e-07
6995,5.032951548855635e-07
3155,5.029632745845447e-07
642,4.974180853878352e-07
3332,4.955383303695271e-07
284,4.946753904278012e-07
2642,4.916271336696809e-07
4557,4.905610353489465e-07
5031,4.888230478172773e-07
7224,4.86494968754414e-07
5195,4.847124728257768e-07
3690,4.829829549635178e-07
3166,4.79819561860495e-07
2962,4.79212104664839e-07
6926,4.776852904342377e-07
6019,4.765985011090379e-07
3240,4.720799751112281e-07
7463,4.7110340517519944e-07
982,4.699624298609706e-07
3611,4.6830302835587645e-07
3274,4.6536010245290527e-07
953,4.6499634720476024e-07
6890,4.646767166605059e-07
7519,4.6467233971725364e-07
3062,4.6420848320849473e-07
5131,4.594836866544938e-07
4528,4.5867642484154203e-07
2774,4.586017041674495e-07
3483,4.582102235417551e-07
7660,4.5778378421346133e-07
3969,4.4983893587868806e-07
436,4.480709918652792e-07
5338,4.477736297303636e-07
2047,4.429046072118581e-07
1644,4.419877512873427e-07
5775,4.4029850698734663e-07
7492,4.3820774919822725e-07
5099,4.378833295959339e-07
4373,4.3414108574779675e-07
4499,4.339266865827085e-07
351,4.311382753030557e-07
5770,4.283920986836165e-07
4180,4.263868760290279e-07
4729,4.262271033894649e-07
7340,4.259335923961771e-07
5464,4.246412004249578e-07
4733,4.241341571287194e-07
7536,4.236838719862135e-07
6070,4.2240074549226847e-07
1186,4.2163706837072823e-07
6236,4.2108594300316327e-07
482,4.205770807175213e-07
1504,4.1924556626327103e-07
5606,4.1776880266297667e-07
6358,4.1713377640917315e-07
503,4.1602922351557936e-07
5903,4.153782811044948e-07
4825,4.150630701360569e-07
1539,4.149275980580569e-07
4447,4.105955326849653e-07
356,4.054817139831357e-07
6020,4.053219697652821e-07
832,4.0515352850434283e-07
3620,4.047082597935514e-07
7270,4.022656270308289e-07
6052,4.017034171965861e-07
3724,4.0065984308057523e-07
1911,3.9893281211789144e-07
2875,3.950464133595233e-07
6782,3.936741563848045e-07
2387,3.9349338010197243e-07
242,3.934276122663505e-07
2415,3.9076509494861966e-07
4473,3.897731346569344e-07
4212,3.8952498471189756e-07
2625,3.8739243279906077e-07
7729,3.8682790659549937e-07
2281,3.8414685832321993e-07
231,3.8309688932258723e-07
5632,3.8040468552935636e-07
6649,3.803589265771734e-07
7086,3.796887853013686e-07
705,3.786229854085832e-07
1641,3.784687550023591e-07
5033,3.7685225606765016e-07
4906,3.7670193364647275e-07
6062,3.746391570302876e-07
964,3.73118695051744e-07
3797,3.709370730575756e-07
2589,3.70838506569271e-07
760,3.6953815651941113e-07
1643,3.694686938615632e-07
5892,3.6939198366781056e-07
6325,3.681338540673096e-07
6664,3.659994547433598e-07
5264,3.654240430250866e-07
2,3.643614974180309e-07
6250,3.6358144939185877e-07
7196,3.615062240669431e-07
6408,3.6117346269293193e-07
2052,3.604238116849956e-07
7446,3.5971856959804427e-07
2731,3.594290802766409e-07
7303,3.581104834893267e-07
6379,3.568857636082612e-07
560,3.5684011834291596e-07
6836,3.5412674037615943e-07
6588,3.5262181086181954e-07
2286,3.525099856460656e-07
2163,3.5202539550027723e-07
6937,3.513374338126596e-07
3245,3.504698469214418e-07
5034,3.495922840102139e-07
3246,3.495910476658537e-07
2713,3.4842828711134644e-07
2757,3.471935912102708e-07
2681,3.443497860189382e-07
4503,3.430121893188698e-07
4451,3.421421013172221e-07
1491,3.4042928120925353e-07
7423,3.4025842410301266e-07
2609,3.3955153355691436e-07
5595,3.392250249589779e-07
6965,3.390475029618756e-07
7471,3.388276752502861e-07
5947,3.3726894343999447e-07
2614,3.358295685984558e-07
6654,3.308956593173207e-07
1217,3.298116837413545e-07
2718,3.2962056195628975e-07
5740,3.2898984159146494e-07
160,3.277384763578084e-07
492,3.2615263023672014e-07
5720,3.260032315210992e-07
5590,3.254484113313083e-07
3123,3.224373017474136e-07
3545,3.187324892905963e-07
2275,3.1800294664208195e-07
3898,3.149559830717408e-07
949,3.1465897620819305e-07
3382,3.144510145602908e-07
2758,3.131029302494426e-07
825,3.124577574453724e-07
5782,3.123044649555595e-07
2659,3.1065383154782467e-07
3595,3.099772385439792e-07
4049,3.093461771186412e-07
1036,3.082414252730814e-07
6262,3.068430345365414e-07
6275,3.066542433316499e-07
2129,3.0457556476903846e-07
4839,3.0125514172141266e-07
3830,3.009769073969437e-07
5916,3.0088848745890573e-07
7776,2.9864273187740764e-07
1255,2.982992697297959e-07
3711,2.961962195513479e-07
7008,2.956420530608739e-07
6316,2.941010706081215e-07
3248,2.940546863783311e-07
2492,2.912455272507941e-07
6983,2.9102511689416133e-07
4563,2.906246265865775e-07
3438,2.89914254381074e-07
2685,2.895950359516064e-07
3067,2.882116945102098e-07
1340,2.864605335162196e-07
5401,2.848408087174903e-07
1926,2.8282524056066904e-07
3165,2.802011920266523e-07
4751,2.787847819263334e-07
5839,2.768456397461705e-07
7594,2.747145657622241e-07
3967,2.7375655520245346e-07
4129,2.736963864435893e-07
6439,2.7191940432658157e-07
2541,2.7066835173172876e-07
4994,2.700293748603144e-07
971,2.6852757173401187e-07
7569,2.640255729602359e-07
522,2.6290928190064733e-07
5010,2.6220668303267303e-07
1319,2.6181653822732187e-07
3775,2.6114616957784165e-07
3922,2.6072346770433796e-07
2455,2.606527260695657e-07
6137,2.5767252509467653e-07
5583,2.566462740105635e-07
5251,2.5656358104697574e-07
5695,2.5598754405109503e-07
2229,2.5391662461515807e-07
2200,2.5360854039035985e-07
6068,2.530149600943332e-07
3665,2.524650710711285e-07
4735,2.507499914372602e-07
2147,2.496096414006388e-07
4265,2.4910295337576827e-07
7675,2.4787365759948443e-07
390,2.4751066973749403e-07
2374,2.4748067062319024e-07
1374,2.457083496665291e-07
1315,2.451292147043205e-07
5522,2.445678148887964e-07
733,2.443503461790897e-07
6093,2.4399200526659115e-07
5126,2.435952097812333e-07
7007,2.4211736615598056e-07
3053,2.4199364645483e-07
151,2.402301007009555e-07
4286,2.4023006517381873e-07
6266,2.386406947607611e-07
5216,2.3815048422193286e-07
3547,2.3494822443126395e-07
5914,2.3459416809146205e-07
2782,2.3322476749854104e-07
4900,2.3148094641101125e-07
3895,2.2964339052577998e-07
4952,2.293762904059804e-07
1849,2.291943275167796e-07
3222,2.2824985990155255e-07
2567,2.2778864661177067e-07
2126,2.2730707627260927e-07
4791,2.2620207573709195e-07
2028,2.2305074054429497e-07
579,2.2293801293926663e-07
358,2.218511809815027e-07
1860,2.2175730407525407e-07
5765,2.207593325920243e-07
6580,2.1977441377885043e-07
155,2.1898313917745327e-07
2891,2.1872257605082268e-07
7287,2.1855188236941103e-07
6954,2.1852421383528053e-07
6102,2.1783931458685402e-07
822,2.1755121082378537e-07
210,2.1706932074039287e-07
5218,2.155302993855912e-07
4678,2.1506156144823763e-07
667,2.1360807522796676e-07
2494,2.1314837539421205e-07
1025,2.1215176104760758e-07
4079,2.1166684405216074e-07
5303,2.1116672144216864e-07
3183,2.0978335868448994e-07
5226,2.0887600271635165e-07
7951,2.072147751164266e-07
4282,2.055548833368448e-07
6200,2.0302545067352185e-07
1405,2.0208729267778835e-07
6629,2.018634432943145e-07
861,2.0017592561316633e-07
6560,2.0006874734690427e-07
1512,1.9983525589850615e-07
3160,1.997091416683361e-07
5856,1.9966884678979113e-07
4255,1.9903512082919406e-07
2258,1.9720286559277156e-07
3877,1.9692146935312849e-07
5796,1.9684490837335034e-07
1278,1.9672990703156756e-07
2386,1.9670250850367665e-07
3130,1.9606797962978817e-07
6341,1.9428998854209567e-07
2030,1.932803002091532e-07
6295,1.9223585212557737e-07
7202,1.9215967483887653e-07
4602,1.9209362278616027e-07
3323,1.9207976720281295e-07
6606,1.9201113587996588e-07
2858,1.9039664778119914e-07
3241,1.90103030206501e-07
3019,1.8932686174366609e-07
6096,1.8788935562952247e-07
5050,1.84853433893295e-07
7981,1.8465195239514287e-07
7781,1.836683267697481e-07
784,1.827242854801625e-07
502,1.825939222044326e-07
3213,1.8247251887260063e-07
4632,1.8208881158443546e-07
6351,1.8201087215174994e-07
1124,1.797466921971136e-07
4280,1.791281007967882e-07
974,1.7839395383134615e-07
4259,1.7828679688136617e-07
7973,1.7813943031796953e-07
6777,1.7713082200998542e-07
5797,1.7663608531393038e-07
3979,1.7621545111978776e-07
4830,1.708856629534239e-07
2823,1.7060867207874253e-07
6101,1.687479809220349e-07
854,1.6867677032905704e-07
3261,1.6784601086783368e-07
4788,1.677552461387677e-07
7069,1.6762972876449567e-07
2297,1.6603553376626223e-07
2746,1.658375552437974e-07
2931,1.6519186374353012e-07
7683,1.628500712058667e-07
6857,1.6210886855105855e-07
5663,1.6169201444427017e-07
7477,1.61404834386758e-07
7990,1.6139741632059668e-07
1265,1.6119170709316677e-07
7962,1.6037305528016077e-07
346,1.6010143610856176e-07
287,1.598747019215807e-07
629,1.59730831228444e-07
7080,1.5943106745908153e-07
3750,1.5939250630481183e-07
2471,1.581137212269823e-07
3292,1.5786149987206954e-07
3397,1.5623638205397583e-07
3713,1.557526516648977e-07
778,1.5458252278222062e-07
4469,1.5447742640617435e-07
3398,1.535495499638273e-07
634,1.5327569258261065e-07
3475,1.5280903653547284e-07
810,1.5240612327716008e-07
13,1.5228928162969169e-07
7207,1.4961382532874268e-07
200,1.4732056996535903e-07
4019,1.456515121844859e-07
305,1.439761021515551e-07
5127,1.4325755870459034e-07
1762,1.4269870973748766e-07
5993,1.4206432297214633e-07
1121,1.397333733166306e-07
4372,1.3937091836169202e-07
3744,1.3935255793739998e-07
558,1.3931446574133588e-07
3304,1.3906308993227867e-07
6003,1.3898836215275878e-07
1172,1.3824668343431767e-07
6796,1.3767392204044882e-07
7488,1.3753032845897906e-07
1877,1.373870688325951e-07
1720,1.3722180369768466e-07
966,1.3689448508102942e-07
6850,1.3566845069590272e-07
6033,1.3425727729554637e-07
7066,1.3423348121932577e-07
2791,1.3369890439207666e-07
1080,1.3325055192581203e-07
2499,1.3312401847542787e-07
6222,1.3257309205982892e-07
1819,1.3201599102785622e-07
2977,1.3121729125487036e-07
5322,1.3099604956323674e-07
6140,1.2989951159170232e-07
4869,1.2957804074176238e-07
7162,1.2931354120837568e-07
5607,1.28608292015997e-07
2943,1.2804716220671253e-07
7009,1.2748791178296415e-07
7219,1.2619994294027492e-07
581,1.2576617436366178e-07
4424,1.2552118278108537e-07
720,1.2546865235663063e-07
4588,1.252601151691124e-07
7451,1.244465721583765e-07
2622,1.2344923305818156e-07
5670,1.2234044532988264e-07
7267,1.2184911923895925e-07
2719,1.2099412316501912e-07
6915,1.2064020893376437e-07
1499,1.1953614631465825e-07
5454,1.193265894983142e-07
3282,1.1915262376760438e-07
2107,1.19026026368374e-07
2872,1.1900209173631993e-07
3233,1.187336593488908e-07
4067,1.1811052047505655e-07
6563,1.1808772981680704e-07
5994,1.1759137308331447e-07
1902,1.1742243088974647e-07
2847,1.174027666195343e-07
7429,1.1724841186833146e-07
3268,1.1715703607251271e-07
5250,1.170336112465975e-07
158,1.1592823057071655e-07
3919,1.1586831405452358e-07
6682,1.1565486701670125e-07
7874,1.1518438469693137e-07
6706,1.1261353449754097e-07
855,1.1197249349947924e-07
2347,1.105589220173897e-07
6160,1.1027267987628875e-07
6118,1.0979343301187328e-07
3530,1.0917121784359551e-07
5355,1.0911340098118671e-07
5785,1.0606781231103923e-07
3601,1.0593175048256853e-07
106,1.0511190140505278e-07
46,1.0465144839599816e-07
4865,1.0330753141829518e-07
4929,1.0213542722681268e-07
1443,1.0143977391408043e-07
2720,1.0127012117777667e-07
7304,9.77403793456233e-08
3548,9.706936054953985e-08
4364,9.598188910331373e-08
282,9.511173004739248e-08
1140,9.42155331529193e-08
2020,9.331594341688287e-08
269,9.25223417880261e-08
7478,9.237831477548752e-08
1081,9.206712547893403e-08
2156,9.1862158768663e-08
6498,9.142570434050867e-08
7736,9.027375824643968e-08
354,9.015783319910042e-08
5470,8.96790304238948e-08
5871,8.925321282049481e-08
5857,8.9096037214631e-08
4048,8.863855427421186e-08
2504,8.835210607571753e-08
4276,8.829544739796802e-08
2224,8.77492070117114e-08
7443,8.768857284735532e-08
924,8.745512403152134e-08
4096,8.738233248095639e-08
6054,8.71616059328062e-08
517,8.705325171831646e-08
370,8.67409504223815e-08
7404,8.628462921933533e-08
5488,8.549210406272323e-08
926,8.539204543467349e-08
5423,8.486715685762647e-08
7606,8.445255517131045e-08
3391,8.40212841524135e-08
6968,8.39768077298686e-08
896,8.393138983819881e-08
2995,8.379957705528795e-08
826,8.307889842740224e-08
5865,8.293609710108285e-08
4685,8.239799598186437e-08
3740,8.159171471788795e-08
1726,8.155601349812969e-08
7841,8.13691372059111e-08
3924,8.130535178452192e-08
3247,8.098578163640013e-08
2079,8.001478946084717e-08
7847,7.970735893536585e-08
6683,7.944274216242775e-08
219,7.903412679866051e-08
848,7.801517654115742e-08
6397,7.728000994688955e-08
5113,7.718443839621614e-08
4315,7.711769356433251e-08
1542,7.682421454546784e-08
766,7.657713751996198e-08
1425,7.604096552427109e-08
5694,7.594372775088232e-08
3878,7.561640558151339e-08
6029,7.484619501951784e-08
4232,7.436100446511773e-08
6302,7.423586367849566e-08
252,7.36884757657208e-08
3093,7.362078235928493e-08
3451,7.360951670420945e-08
7037,7.347778208099953e-08
969,7.340806718048043e-08
2002,7.334487861498928e-08
3212,7.232158338865702e-08
3938,7.132999613190805e-08
270,7.107301058795201e-08
3951,7.082925890244951e-08
1271,7.046789463061032e-08
3987,6.870114788171122e-08
1132,6.855875867017858e-08
6687,6.822062204037138e-08
6437,6.813182196196976e-08
2988,6.767205107394147e-08
5,6.733041502116066e-08
1500,6.726186185801453e-08
450,6.720897971490558e-08
4704,6.705158028808e-08
5656,6.676212294109973e-08
5565,6.634567384367074e-08
7514,6.561929311033055e-08
5984,6.544782138462324e-08
5588,6.532229335221018e-08
4891,6.49282476672397e-08
5397,6.302700228388858e-08
5314,6.213173620039925e-08
4434,6.206731129054788e-08
4516,6.15804403025777e-08
1226,6.084993131594274e-08
4931,6.039685018777163e-08
7952,6.023984155945072e-08
1868,6.004412611559928e-08
7803,5.934013280750605e-08
981,5.823185844633372e-08
5013,5.70495419793815e-08
4903,5.699255645197354e-08
5108,5.6169897177937855e-08
91,5.501397026819177e-08
3821,5.3746649797403734e-08
435,5.355689758346216e-08
1467,5.340188202751506e-08
5792,5.152525872631486e-08
7590,5.139591507941077e-08
5268,5.123970048259707e-08
7997,5.064384822617285e-08
330,5.0351999902886746e-08
5492,5.009587411564098e-08
4482,4.990736535148699e-08
7747,4.928025632011668e-08
7369,4.9153998205042626e-08
7289,4.866021185989666e-08
3837,4.8025871279833154e-08
7917,4.756507543390853e-08
5210,4.7359453247963756e-08
422,4.694677890881849e-08
5559,4.629125527344513e-08
3060,4.572578049533149e-08
4978,4.565383626697894e-08
858,4.5527503544917636e-08
2053,4.4617626926424236e-08
4346,4.447856127853811e-08
7422,4.443382550789465e-08
578,4.428731692485144e-08
6812,4.3667391480539663e-08
5698,4.3405089300563304e-08
4063,4.314953017114931e-08
6297,4.313679191625397e-08
7903,4.2388798249248794e-08
1210,4.223268135206126e-08
1657,4.219712756992067e-08
4583,4.218887994511533e-08
3981,4.201082859367489e-08
7687,4.199410774674561e-08
6447,4.199147518590962e-08
5045,4.191358371485876e-08
4533,4.1898257308048414e-08
220,4.159563360417451e-08
6921,4.117991103669283e-08
6376,4.1098147107732075e-08
3811,4.102918360615604e-08
6990,3.9914480609581915e-08
7232,3.9611927959981585e-08
1740,3.9473876611850756e-08
5891,3.924920122244657e-08
1612,3.883312871266753e-08
1817,3.876773746469553e-08
4694,3.867025455406292e-08
2684,3.8600759921791905e-08
49,3.844708373890171e-08
7765,3.8217821796138196e-08
3207,3.814438898075423e-08
5631,3.811788573671038e-08
1054,3.8088662890345404e-08
2035,3.7932158747366884e-08
1887,3.758779065776707e-08
2390,3.726466957232333e-08
6924,3.7220669213411384e-08
3794,3.7052288348604634e-08
7431,3.68841650555396e-08
811,3.672610482396976e-08
2750,3.665032899391463e-08
2116,3.6597612051991746e-08
840,3.6084893295651455e-08
5296,3.604972143023133e-08
2628,3.578783136504171e-08
5618,3.577983065383705e-08
169,3.5762496963798185e-08
5240,3.517902769090142e-08
4489,3.445946106239717e-08
1462,3.4215771549384044e-08
6055,3.355791022841004e-08
3074,3.315743235532409e-08
4802,3.3061716919746686e-08
6517,3.206318055504198e-08
1864,3.190747399628435e-08
1571,3.188254638075705e-08
3330,3.17079393852282e-08
6258,3.1636187003414307e-08
946,3.060056918968712e-08
4530,3.0302357956202286e-08
5907,2.9766722420276892e-08
5261,2.912895880058386e-08
7502,2.891262873561118e-08
5209,2.87494898998375e-08
6661,2.785255226456229e-08
4222,2.7773010558007627e-08
5281,2.758572748007282e-08
7581,2.6725307300523582e-08
6552,2.66276947158417e-08
54,2.6591414403753788e-08
7028,2.542278476624915e-08
4801,2.5175551421341424e-08
2986,2.4755888006211535e-08
3394,2.4410159227272743e-08
5827,2.4383436603159225e-08
4725,2.3341549137967377e-08
2566,2.3339240762254576e-08
6820,2.139910648679688e-08
7511,2.121500042306934e-08
6544,2.1168260033732622e-08
1673,2.0457759042358248e-08
7098,1.9946607032750308e-08
4665,1.9445268506501634e-08
460,1.843373009791094e-08
7579,1.804907334701511e-08
7659,1.8038753601956614e-08
1246,1.7831385257238708e-08
5159,1.6959988080600397e-08
3373,1.51679215854017e-08
2373,1.4738044562534469e-08
704,1.4452157692801393e-08
4445,1.423304762937505e-08
3328,1.3247181129827368e-08
1692,1.3234372708836872e-08
2916,1.2884611155783432e-08
996,1.2745212440989917e-08
3705,1.2656255599097221e-08
2346,1.1933431132149508e-08
2510,1.1481399386781277e-08
3087,1.1326836357739012e-08
7392,1.1208388883687803e-08
3540,1.1035521829683148e-08
6155,1.095794344152523e-08
350,1.0802844840895887e-08
6243,1.079513634039131e-08
4573,1.0730590194185652e-08
6626,1.0589014109996242e-08
2929,1.0503812930551248e-08
756,1.044276531914079e-08
4647,1.037052443919606e-08
6063,1.0346485002088457e-08
3517,1.0197519717536352e-08
1746,1.0084697965595524e-08
6587,9.931714117783486e-09
4956,9.902657360782996e-09
5998,9.83712844515594e-09
3522,9.759201002879081e-09
3452,9.724914651343397e-09
7926,9.49986489473531e-09
4844,9.484900864720203e-09
1784,9.427340685874697e-09
7233,9.307742132591557e-09
1477,9.243398491065591e-09
6135,9.201626571808674e-09
6046,9.099230702247496e-09
7967,8.927901973265762e-09
2021,8.798642703311543e-09
490,8.470110390845775e-09
7043,8.35230551388122e-09
2942,8.231020753868279e-09
3235,8.204075641060626e-09
4395,8.149117824984842e-09
3906,8.122399641763423e-09
853,7.676154822888748e-09
5468,7.642687815945237e-09
4230,7.604015195283864e-09
2509,7.584546768413247e-09
1423,7.504711962980082e-09
4845,7.304491012050107e-09
2786,6.881290648408367e-09
5741,6.523209972186805e-09
196,6.444968336793977e-09
1297,6.342453229279954e-09
6543,5.852162532349325e-09
7333,5.825617765964353e-09
6596,5.816993775553669e-09
3524,5.8144462578013645e-09
232,5.619758214336912e-09
5967,5.615889753229908e-09
1384,5.517633239193742e-09
4710,5.324877205836742e-09
6256,5.297135174942014e-09
7151,5.270229364029433e-09
3144,5.17919152009938e-09
3478,5.041012940409928e-09
2670,4.675276388255156e-09
3159,4.61934646089901e-09
5995,4.527381580743395e-09
5939,4.231150319000676e-09
7508,4.005604514745187e-09
3643,3.952400184914495e-09
1093,3.743861665128634e-09
831,3.6958404114884047e-09
4961,3.672359305539885e-09
2886,3.6203521291966467e-09
2722,3.6168328332308874e-09
7777,3.5531952935485833e-09
5668,3.3969052015692114e-09
2064,3.2663121096732084e-09
5976,3.1560611901682023e-09
1238,2.9122479983101357e-09
4784,2.863782544437754e-09
6776,2.8292910236871194e-09
3695,2.8243632987923206e-09
4204,2.752462036070824e-09
2841,2.65258615073094e-09
7377,2.651199926262393e-09
2873,2.5088269239859073e-09
7252,2.4092861039548552e-09
2294,2.286295264219973e-09
7915,2.1545244477394476e-09
7358,1.99097949238336e-09
776,1.941519722770124e-09
3271,1.8906303744792297e-09
1107,1.8179868166434687e-09
5933,1.780866842882034e-09
7315,1.7548829056579507e-09
7103,1.7415095476813747e-09
6440,1.6757699117242453e-09
3153,1.4341908771697831e-09
5485,1.2298984053416007e-09
6917,1.1954667811231445e-09
4957,1.166148899667263e-09
1804,1.1139028588402766e-09
4189,1.0527495541978737e-09
6955,9.897374586564922e-10
6865,9.519717791839355e-10
6719,9.286223456861364e-10
6211,9.063383932250701e-10
230,8.44098846375374e-10
4080,8.410546981085787e-10
3988,8.272079132787269e-10
7246,7.731490447859812e-10
7215,7.587458161761873e-10
4707,7.263521450973087e-10
1263,6.175826794407868e-10
1225,5.983912532148139e-10
7210,5.395499880211929e-10
814,5.29703808593851e-10
1200,5.084830334567414e-10
1325,4.788572871561314e-10
4688,4.491269023354505e-10
7554,4.437760436903915e-10
1234,4.089387439787373e-10
1188,3.902326656257671e-10
7779,3.873356219097346e-10
311,3.868779879789841e-10
4856,3.291982936248772e-10
519,3.0814426010827844e-10
4821,3.0412042328897826e-10
1064,2.850947949939453e-10
4064,2.788082265059444e-10
3054,2.7635789490165763e-10
1415,2.599142845394198e-10
6972,2.572639462572468e-10
294,2.418881345223056e-10
2089,2.3123661319068844e-10
6463,2.2307430208590162e-10
6415,1.9161474490436703e-10
6695,1.8657104333685837e-10
467,1.6355324039540875e-10
6831,1.5983663698149186e-10
6125,1.517291084440764e-10
992,1.441667826784787e-10
821,1.2588681486125353e-10
212,1.2181675806965941e-10
7083,9.984759546943778e-11
6301,9.541883255748118e-11
4050,9.538640016737432e-11
3417,6.723590434409843e-11
430,5.6057996786207376e-11
4020,4.781944631937485e-11
2662,4.161536219793316e-11
4846,3.5683988749979356e-11
4248,2.995742889866371e-11
6254,1.2559483401203275e-11
2641,4.079807672252578e-12
4990,7.145186135468218e-13
6811,-4.0021645025811736e-10
2895,-3.157703432066228e-08
3518,-4.0616318308650534e-08
6452,-5.599460262128986e-08
599,-1.3722957703521388e-07
2481,-6.45393100739966e-07
1218,-7.572092002305908e-07
2799,-1.0360944884268974e-06
1318,-1.1399485231322615e-06
4432,-1.4279539186645707e-06
5580,-2.19788580579916e-06
4756,-2.4964026579255005e-06
1634,-5.084623126094812e-06
2770,-8.971167517302092e-06
1003,-9.078161383513361e-06
3080,-1.3446869616018375e-05
3079,-1.7304984794463962e-05
3447,-1.8062114577332977e-05
6450,-2.6840088139579166e-05
2598,-4.141433601034805e-05
2044,-4.4661395804723725e-05
2375,-5.363922900869511e-05
2728,-5.8322031691204756e-05
4660,-5.941864219494164e-05
5519,-6.0031852626707405e-05
4217,-6.052075696061365e-05
5051,-6.716534335282631e-05
1623,-6.841906360932626e-05
1572,-6.924436092958786e-05
5160,-7.475474194507115e-05
3203,-0.00010326271512894891
6261,-0.00011941448610741645
4296,-0.00013709491031477228
5164,-0.00013935226161265746
276,-0.00015797030937392265
1681,-0.00016088963457150385
4875,-0.0001761722596711479
3848,-0.0002128627966158092
6334,-0.0002840211527654901
3683,-0.00032164073491003364
977,-0.00035816118179354817
3297,-0.00036500061105471104
5575,-0.0003797404933720827
5644,-0.0003979678876930848
7185,-0.0004571820318233222
3686,-0.00046137573372107
3128,-0.00048335923929698765
3096,-0.0005726768722524866
2282,-0.000573719124076888
6977,-0.0005832010065205395
2426,-0.0006618754705414176
746,-0.0008581143338233232
2701,-0.0012315709027461708
1021,-0.0012340295361354947
1126,-0.001242270169313997
5909,-0.0013793560792692006
439,-0.001389644283335656
4693,-0.001465381879825145
7245,-0.00146676623262465
97,-0.001500846236012876
4413,-0.0015168831450864673
5554,-0.0017334597650915384
4918,-0.0019663977436721325
4069,-0.002414237125776708
6642,-0.0029480225639417768
7771,-0.0033838895615190268
5054,-0.004913099342957139
473,-0.005724634043872356
4381,-0.006002515088766813
707,-0.00710128853097558
1960,-0.007216654717922211
2242,-0.008505288977175951
5739,-0.00985865667462349
5136,-0.010495618917047977
3158,-0.010640693828463554
7425,-0.010952511802315712
7247,-0.013611689675599337
4071,-0.015443258918821812
1684,-0.0169008607044816
2270,-0.018015935085713863
4125,-0.01821810845285654
4379,-0.020447412505745888
3308,-0.020954875275492668
1326,-0.021103739738464355
195,-0.02193838357925415
6883,-0.028418149799108505
3743,-0.02849817741662264
4765,-0.028963027521967888
2639,-0.033551424741744995
4074,-0.03430419974029064
6493,-0.03613334149122238
1146,-0.039579106494784355
883,-0.0413817223161459
7016,-0.04312702268362045
3661,-0.0475204698741436
2727,-0.04844935052096844
2391,-0.04875284060835838
3314,-0.04951654002070427
6391,-0.04965825192630291
2930,-0.05895543098449707
7896,-0.05941366218030453
4463,-0.05991264432668686
6752,-0.06402711570262909
4275,-0.06451256200671196
2313,-0.06603643670678139
115,-0.06731072440743446
6037,-0.06932170316576958
3154,-0.07182039692997932
6567,-0.07351765781641006
3494,-0.07416137307882309
1880,-0.07673263922333717
128,-0.07961935922503471
3993,-0.0809713639318943
5463,-0.0823885016143322
4416,-0.08502047136425972
5895,-0.08580487221479416
6951,-0.12836647033691406
2813,-0.13006825745105743
5556,-0.13305248320102692
7583,-0.14866897463798523
4161,-0.1550750583410263
5653,-0.16745395958423615
140,-0.19083787500858307
1441,-0.2211548611521721
7830,-0.25907890498638153
