Train_ID,Score
493,0.2920747846364975
6997,0.2775367349386215
2774,0.2734213024377823
4319,0.26788488030433655
6953,0.2655332386493683
5578,0.2643298953771591
3659,0.2631674110889435
2756,0.25743699073791504
2163,0.2516976296901703
4035,0.24867165088653564
4388,0.23791711777448654
1692,0.2357371747493744
5205,0.23008789122104645
7044,0.22942806780338287
4796,0.22246553003787994
5922,0.21651306748390198
8094,0.21647107601165771
6133,0.21567314118146896
1558,0.21341025829315186
329,0.21282200515270233
5486,0.211532324552536
757,0.2114260271191597
792,0.21005462855100632
1185,0.20824751257896423
5558,0.20781594514846802
204,0.2075977921485901
6579,0.2069007009267807
464,0.20382215827703476
5811,0.20077959448099136
4426,0.20033076405525208
3094,0.19714103639125824
1247,0.1957755982875824
3155,0.1910976991057396
255,0.18774666637182236
7104,0.18764649331569672
6671,0.18650326132774353
7249,0.18479256331920624
7132,0.18464717268943787
6358,0.18409749120473862
265,0.18261592090129852
1507,0.18237420916557312
2733,0.18224650621414185
5538,0.18033406883478165
3432,0.1803223192691803
7456,0.17847967892885208
1985,0.17611584067344666
936,0.1755000501871109
8087,0.17540040612220764
7255,0.17458152025938034
4142,0.17403770238161087
726,0.17367985099554062
8423,0.17302022874355316
5834,0.17270490527153015
2776,0.17176325619220734
8153,0.17026587575674057
49,0.16943851113319397
4842,0.16898967325687408
2672,0.16832135617733002
1764,0.16376126557588577
1653,0.1623380184173584
4535,0.16136810183525085
3438,0.16100745648145676
4521,0.15843987464904785
205,0.15796783566474915
4747,0.15760265290737152
4448,0.15568271279335022
4404,0.15538842231035233
2063,0.15378839522600174
2244,0.15311650931835175
1714,0.15292945504188538
1970,0.15287809073925018
3238,0.15258187055587769
321,0.15185315907001495
2184,0.1517823040485382
4554,0.1513117551803589
7853,0.15097272396087646
2336,0.15096885710954666
1711,0.15064449608325958
4609,0.1500285044312477
4351,0.14967139065265656
5322,0.1496225818991661
1232,0.14938894659280777
1762,0.1487143412232399
1482,0.14813223481178284
1854,0.14793646335601807
7624,0.14750922471284866
6130,0.1474672257900238
3429,0.14732419699430466
1108,0.14728879183530807
5220,0.14648227393627167
8175,0.14582737535238266
3761,0.14371893554925919
5926,0.14335639774799347
5298,0.14304135739803314
4386,0.1427137851715088
5626,0.14264478534460068
986,0.142045259475708
3131,0.14198452234268188
5441,0.14171043783426285
3261,0.1416138932108879
3640,0.1413726806640625
5259,0.14124831557273865
4719,0.14066537469625473
6407,0.14065439999103546
6764,0.14008570462465286
8386,0.14003682136535645
5480,0.13931256532669067
3120,0.13884730637073517
3490,0.13859492540359497
5100,0.13757112622261047
2351,0.13755164295434952
2559,0.1372581571340561
1113,0.13697686046361923
4662,0.13691911846399307
6061,0.13662496209144592
5507,0.13655774295330048
485,0.13655593991279602
3699,0.13639972358942032
336,0.13608434796333313
3615,0.13545101135969162
1696,0.13503442704677582
7943,0.13376162946224213
6600,0.1329338550567627
1587,0.13184963166713715
3998,0.13175725936889648
2617,0.13173789530992508
3694,0.1316276639699936
5362,0.13057277351617813
4999,0.1304778903722763
3890,0.13038384914398193
1657,0.13011670112609863
1253,0.13003800809383392
966,0.12932374328374863
481,0.1289425566792488
8240,0.12893801927566528
8048,0.12864681333303452
4981,0.12846338748931885
2208,0.12838219106197357
5799,0.12792690098285675
4359,0.12789997458457947
2652,0.12782815098762512
4130,0.12752623856067657
6847,0.1273576319217682
861,0.12723497301340103
5746,0.12705446034669876
4490,0.12696800380945206
5252,0.12620536983013153
3427,0.1261967495083809
3647,0.1258932650089264
2056,0.12562324106693268
3912,0.1255229264497757
182,0.12543636560440063
806,0.12463721632957458
7500,0.12461443245410919
3685,0.12361704558134079
5543,0.12356896698474884
3465,0.12352314591407776
7470,0.12339775636792183
8047,0.12327614426612854
759,0.123098935931921
8430,0.1229037307202816
6812,0.12277024984359741
4897,0.12264787033200264
234,0.12231545150279999
1461,0.12228529155254364
6622,0.12228227406740189
4150,0.12218301743268967
6432,0.12205137312412262
2639,0.12185408547520638
7238,0.12158234417438507
4711,0.12115907669067383
4678,0.12042299658060074
6943,0.1203770786523819
971,0.12008800730109215
5518,0.11936667934060097
7490,0.11936154961585999
1845,0.11927458271384239
319,0.11861379444599152
7877,0.11828756704926491
6428,0.11792414635419846
1044,0.11714822053909302
5764,0.11707518994808197
6516,0.11704400554299355
3059,0.11668752878904343
2189,0.11630495265126228
3144,0.11612468957901001
2798,0.11587514728307724
7872,0.11584603413939476
4148,0.1152513325214386
2933,0.11510126292705536
1319,0.11404995620250702
2660,0.11404412612318993
7533,0.1138903945684433
2194,0.11379861459136009
2412,0.1132979467511177
1707,0.11328285932540894
2661,0.11319616064429283
1297,0.11303555220365524
3827,0.11282873153686523
2489,0.11278509348630905
5457,0.1126490905880928
3511,0.11264565587043762
5533,0.11264453828334808
5051,0.11259293556213379
591,0.11251353845000267
7166,0.11250544339418411
206,0.11250482872128487
7370,0.11249502748250961
4573,0.11211483180522919
7001,0.11203295737504959
7708,0.1118135079741478
5491,0.11179566755890846
1341,0.11161746829748154
2482,0.11139772459864616
1795,0.11122465133666992
7014,0.11094948649406433
7126,0.11066421866416931
993,0.11059292033314705
3372,0.11040717363357544
2827,0.11032655462622643
7626,0.11014947667717934
6301,0.11002329736948013
4963,0.1099768653512001
4193,0.10995960980653763
8182,0.10992687568068504
6396,0.10980699956417084
1471,0.1098031997680664
4528,0.10974336043000221
8106,0.1096029058098793
6352,0.1094418466091156
5354,0.10937671363353729
2045,0.10923687368631363
157,0.10910636559128761
7368,0.10898709297180176
2598,0.10871201753616333
5476,0.10859169811010361
3193,0.10845980048179626
2906,0.10828102380037308
2170,0.10824880003929138
4433,0.10824373736977577
2886,0.10789225995540619
3395,0.10785729438066483
3732,0.10784877464175224
5098,0.10763230919837952
2355,0.10734767466783524
8389,0.1071968823671341
6279,0.10699990391731262
2112,0.10678994655609131
6451,0.10674194991588593
1048,0.10658345744013786
5376,0.1065049096941948
8256,0.10626374185085297
719,0.10625489056110382
5842,0.10581401363015175
2615,0.1052301861345768
5488,0.10508564859628677
3514,0.10446030646562576
7796,0.10445959866046906
5286,0.10421576350927353
1445,0.10405071079730988
6513,0.10373090580105782
5827,0.1036660261452198
4003,0.10364599525928497
6893,0.10339216887950897
2033,0.10336239635944366
4445,0.10312900692224503
2246,0.10301259160041809
4905,0.10298050194978714
1194,0.10290323942899704
6599,0.10271723940968513
1025,0.10271071642637253
2155,0.10269063711166382
4190,0.10248345881700516
3105,0.1024121567606926
5852,0.10241003707051277
7493,0.10222946852445602
6913,0.10222450643777847
5659,0.10219863802194595
7312,0.10205917805433273
7118,0.10196251422166824
3401,0.10194860398769379
4270,0.10190586373209953
2651,0.10184095054864883
6092,0.10173352062702179
652,0.1016501635313034
2494,0.10159531608223915
2118,0.10158563405275345
404,0.10141891241073608
5554,0.10128605365753174
1690,0.10105521231889725
7165,0.10094033181667328
600,0.10090667009353638
6124,0.10079964250326157
7276,0.10079401731491089
71,0.10075649619102478
5307,0.10073810070753098
4085,0.10056893527507782
258,0.10021990165114403
6559,0.1001436710357666
3244,0.1000729501247406
7288,0.10005996748805046
6155,0.1000271812081337
1771,0.09989059716463089
4441,0.09984159842133522
269,0.09984147921204567
6619,0.09980984777212143
1320,0.09974902868270874
1089,0.09966546297073364
5979,0.09959414601325989
7548,0.09952066466212273
5161,0.09935200586915016
4520,0.09898156300187111
593,0.0986509919166565
2030,0.09854365885257721
4065,0.09842535853385925
8162,0.09839601442217827
8270,0.09839103743433952
6117,0.09826118499040604
176,0.09823721647262573
1123,0.09820833057165146
4882,0.09812586382031441
2942,0.09804689511656761
7543,0.09801876544952393
734,0.09787943586707115
7050,0.09757968783378601
4729,0.09744306281208992
2830,0.09734305366873741
1350,0.09720534831285477
6584,0.09718918427824974
7455,0.09705562517046928
6466,0.09703074395656586
108,0.09694262221455574
8391,0.09688544273376465
3205,0.09685130789875984
8012,0.09678158536553383
1948,0.09673922508955002
7138,0.09663473442196846
8214,0.09657952189445496
2459,0.09653905406594276
2623,0.09643341973423958
3176,0.09635540470480919
6459,0.09632638096809387
2019,0.09609353542327881
330,0.09609127789735794
7475,0.09583424776792526
131,0.09575839713215828
3519,0.09575498104095459
2645,0.09571076557040215
743,0.09564442187547684
8130,0.09563679620623589
2643,0.09558277577161789
6349,0.09544800966978073
879,0.09537220001220703
2218,0.09535987675189972
813,0.09532047063112259
4466,0.09531104192137718
6152,0.09521594271063805
1751,0.09506649523973465
4663,0.09505929425358772
2587,0.09497146308422089
3253,0.09485957026481628
7744,0.09476277232170105
1177,0.09470086917281151
3072,0.09462529420852661
6112,0.09460019320249557
6607,0.09457165002822876
111,0.0945429652929306
392,0.09448643028736115
753,0.09447186812758446
3943,0.09445957839488983
3687,0.0944323018193245
3068,0.09438557550311089
7073,0.09410521760582924
286,0.09410478919744492
5952,0.09390637278556824
4782,0.093897745013237
4647,0.09387202188372612
5006,0.09379641711711884
2717,0.09378170967102051
7330,0.09362632781267166
5768,0.09354749321937561
807,0.09354601800441742
1135,0.09344889968633652
4367,0.09309042245149612
381,0.09296122193336487
3773,0.09293238446116447
3203,0.09275234118103981
850,0.09273731708526611
6220,0.0927300974726677
6326,0.09272327274084091
927,0.09272270649671555
2323,0.092623520642519
64,0.09260638058185577
5357,0.0925954170525074
3346,0.09259163960814476
5622,0.09241454303264618
8070,0.09236389026045799
4710,0.09213374555110931
6017,0.09197098016738892
3621,0.09193634986877441
1365,0.0919090248644352
5366,0.09188391268253326
5015,0.09182408452033997
6910,0.09179247170686722
7870,0.09165655449032784
7713,0.09162406623363495
4579,0.09155384823679924
3578,0.09151937440037727
7424,0.09148664772510529
6509,0.09148620814085007
2161,0.09143715724349022
8291,0.09133421629667282
1685,0.09128676354885101
3154,0.09122234582901001
7615,0.09106992930173874
602,0.09096503630280495
3172,0.09092827886343002
1815,0.09051606804132462
3665,0.09048812463879585
1624,0.0904139056801796
816,0.09025105461478233
1641,0.0901871770620346
7551,0.090171217918396
2522,0.09015582501888275
6994,0.09009227156639099
8331,0.09008283913135529
4171,0.08994235470890999
3175,0.08990104496479034
3017,0.0899009257555008
3799,0.08974409103393555
5557,0.08972584828734398
5551,0.08959130570292473
6248,0.08954695612192154
4318,0.08952630683779716
4868,0.08952273055911064
3102,0.08939195051789284
596,0.08924881368875504
6723,0.08914617449045181
5956,0.08908859267830849
3769,0.08897844329476357
8416,0.08896856009960175
7452,0.08896737545728683
5084,0.08887667208909988
4004,0.08884408324956894
2130,0.08880752325057983
7164,0.08872520551085472
6552,0.08867441490292549
4761,0.0885765329003334
6413,0.08854521065950394
5186,0.08854173868894577
2340,0.08843272924423218
5674,0.08842593058943748
3183,0.08831435441970825
2069,0.08815721422433853
4151,0.08806341513991356
4429,0.08802668005228043
4618,0.08796891570091248
5781,0.08777622133493423
3054,0.08763735741376877
5598,0.08749950677156448
159,0.08745454251766205
27,0.08743726834654808
2131,0.08740628510713577
1388,0.08739825338125229
5619,0.08738185465335846
1730,0.08735013008117676
4332,0.08730056881904602
6418,0.08725932240486145
5048,0.0872422456741333
445,0.08723708987236023
6472,0.08721645921468735
4714,0.0872153490781784
8450,0.08720047771930695
6172,0.08716421574354172
6838,0.08712673932313919
7718,0.08708696812391281
6149,0.08706364780664444
5677,0.08699610456824303
4087,0.08697579428553581
5430,0.08694584667682648
4058,0.08674824237823486
613,0.08672249689698219
1903,0.08667009696364403
1282,0.08666124939918518
4784,0.08656764030456543
2448,0.08645255118608475
6401,0.08641541376709938
8480,0.0863671563565731
680,0.08627156913280487
5688,0.08616099134087563
162,0.08615558594465256
6604,0.08612047135829926
770,0.08610917255282402
1444,0.08610144257545471
5685,0.08590985089540482
2963,0.08587349206209183
3384,0.08572302386164665
5463,0.08571700006723404
2681,0.0856960080564022
519,0.08564386144280434
4428,0.08550771325826645
1357,0.08538652956485748
2057,0.08535284548997879
3974,0.08533614873886108
6153,0.08530738949775696
3666,0.08527563512325287
6651,0.08526333421468735
6575,0.08517587929964066
7557,0.08511856570839882
4769,0.08497187495231628
1002,0.08495863154530525
4215,0.0849514976143837
6425,0.08485231548547745
5022,0.08482510969042778
5069,0.0847899504005909
2171,0.08477168530225754
771,0.08476704731583595
7775,0.08464527130126953
8260,0.0846203975379467
8211,0.08459442481398582
8011,0.08455132693052292
2185,0.08452587202191353
6105,0.08439108356833458
1810,0.08430872112512589
4580,0.0843030996620655
1147,0.08430181443691254
120,0.08429885283112526
7153,0.08407553285360336
4751,0.08404881879687309
4996,0.08390679210424423
3333,0.08389965072274208
4939,0.08368833735585213
6178,0.08362502977252007
1130,0.08358298242092133
900,0.08349907398223877
6794,0.08348442614078522
6323,0.08345711603760719
1289,0.08337333798408508
2406,0.08333127945661545
8122,0.08332672342658043
4265,0.08325628191232681
6932,0.08325403928756714
7110,0.08318711817264557
2804,0.08317752182483673
7592,0.08309752494096756
6951,0.08307413384318352
2545,0.08298870176076889
7681,0.08281491696834564
4539,0.0828116238117218
1592,0.08278582990169525
5426,0.08268297463655472
5184,0.0826617106795311
7152,0.08257217705249786
6769,0.08241098746657372
7108,0.08239993453025818
6740,0.08231460303068161
3329,0.08231420069932938
564,0.08231136202812195
2881,0.08229633793234825
6087,0.0822758600115776
6628,0.08220479264855385
5561,0.08214512094855309
298,0.08206157386302948
907,0.08181989192962646
3979,0.08165330067276955
7850,0.08163027092814445
1756,0.08138008043169975
3076,0.08137540891766548
6113,0.08125677704811096
2740,0.08125468716025352
556,0.08118049800395966
3707,0.08104108273983002
3256,0.08093737810850143
3755,0.0808548629283905
3627,0.08085401356220245
1196,0.0807422548532486
4770,0.08072274178266525
6263,0.08067730814218521
6882,0.08062563091516495
846,0.08060499280691147
5885,0.08056998625397682
4307,0.08051678165793419
4754,0.08043385297060013
3330,0.08043273910880089
4314,0.08039509132504463
5375,0.08033424615859985
235,0.08023785799741745
1003,0.08021719753742218
4405,0.08007002249360085
3091,0.08000169321894646
8152,0.07998639345169067
5823,0.07998273521661758
4569,0.07995817437767982
3996,0.07994452863931656
2122,0.07993017509579659
5174,0.07967455685138702
536,0.07962864637374878
2807,0.07953668013215065
2309,0.07946589216589928
3774,0.07943424582481384
90,0.0794176459312439
2491,0.07935777306556702
4371,0.0793476402759552
1850,0.07933776080608368
3850,0.07933741435408592
7621,0.07927490770816803
459,0.07926685363054276
7441,0.0789242759346962
1606,0.07892253994941711
6473,0.07889493554830551
2420,0.07873468846082687
6918,0.07869245484471321
6659,0.07869011908769608
4282,0.07868656516075134
4571,0.07867011800408363
57,0.07865733280777931
7045,0.0786551684141159
3882,0.07860057801008224
450,0.07850489020347595
8246,0.07838252559304237
7211,0.07828009128570557
560,0.07826635241508484
285,0.07822243124246597
6701,0.07821640372276306
6804,0.07815394923090935
1924,0.07814256846904755
742,0.0780954472720623
7367,0.07800272852182388
2964,0.077960304915905
4698,0.07795693725347519
4054,0.07794149965047836
4983,0.07786314189434052
8262,0.07780472189188004
6297,0.07774891331791878
3140,0.0776960477232933
7012,0.07764279842376709
6095,0.07752762734889984
6746,0.07752567529678345
7837,0.07741396874189377
6844,0.0773785226047039
3300,0.07733514904975891
4858,0.07731126248836517
6976,0.07728279009461403
8477,0.0772332139313221
3701,0.07721521705389023
5499,0.07711466774344444
7394,0.07709655538201332
4765,0.07709610462188721
4989,0.07704521343111992
7463,0.07702365890145302
3000,0.07694383338093758
6778,0.07689260691404343
1456,0.0768669955432415
1740,0.07676336169242859
2944,0.07675658911466599
2768,0.07669149339199066
6385,0.07665002346038818
436,0.07654716446995735
1140,0.07639959454536438
6660,0.07639613002538681
7555,0.0763835608959198
5970,0.07633668556809425
3473,0.0762837566435337
4906,0.07626897096633911
1391,0.07625202089548111
6550,0.076234370470047
2022,0.07612886652350426
6993,0.07602965831756592
4162,0.07592903822660446
1872,0.07583563402295113
6884,0.07579999044537544
335,0.07570342719554901
5715,0.07562631368637085
6364,0.07550544291734695
5258,0.0754140242934227
7907,0.07539955526590347
1622,0.07535112276673317
8379,0.07507077977061272
2132,0.07506370171904564
3839,0.07498978078365326
4228,0.07490259036421776
4802,0.07486732304096222
563,0.0748639889061451
5329,0.0748484879732132
5944,0.07478025555610657
420,0.07476567104458809
4322,0.0747232623398304
4073,0.07460880279541016
5620,0.07453358173370361
1955,0.07453201711177826
4639,0.07450315728783607
3414,0.07448593154549599
307,0.07442368566989899
2592,0.07436664402484894
5886,0.0743592381477356
8141,0.0743260346353054
2070,0.07426490634679794
5349,0.07426203787326813
5303,0.07425084710121155
1524,0.07419469952583313
6187,0.07416338473558426
1249,0.07415368035435677
5146,0.0741480216383934
2938,0.0741455927491188
2941,0.07408836483955383
989,0.0739268884062767
4856,0.07389449700713158
4468,0.07387600839138031
1111,0.0738534964621067
774,0.07382092624902725
4950,0.07379186525940895
441,0.07378996163606644
2330,0.0737825557589531
5532,0.0737694762647152
2113,0.07373594120144844
7575,0.07373163476586342
7483,0.07372286170721054
7893,0.07365633174777031
950,0.0736490860581398
1686,0.07364542782306671
2946,0.07362079620361328
5315,0.07360365241765976
2704,0.07344021648168564
7755,0.07341191917657852
1759,0.07329824939370155
4170,0.07325504720211029
52,0.07324561476707458
5106,0.07323385030031204
762,0.07313089072704315
7630,0.07312127202749252
6490,0.07311978936195374
4722,0.07296254485845566
1299,0.07295530289411545
2730,0.07291998714208603
6551,0.07290686666965485
7842,0.07282179966568947
1977,0.07271823287010193
177,0.07270044833421707
8456,0.07266487181186676
2845,0.07257549837231636
7154,0.0725233219563961
3007,0.07251796498894691
7147,0.07250313088297844
5182,0.07246748730540276
1027,0.07244046032428741
5776,0.07242193073034286
985,0.07238475233316422
8299,0.07238318026065826
1658,0.07236894965171814
6801,0.07227671891450882
6119,0.07221972569823265
6931,0.07209661602973938
6502,0.07202494144439697
4178,0.07198832184076309
4716,0.07197469472885132
7957,0.07187139615416527
4096,0.07185062766075134
4692,0.07182704284787178
3413,0.0717758871614933
7645,0.07169169932603836
501,0.07164061814546585
703,0.07163829728960991
8248,0.07156677544116974
3322,0.0715634636580944
8306,0.07156072929501534
1645,0.07143335044384003
3024,0.07136044651269913
4306,0.07127396762371063
1369,0.07122842967510223
4391,0.07122054696083069
3672,0.07116080448031425
3274,0.07113759219646454
498,0.07112200185656548
1998,0.0710405558347702
6338,0.07093936949968338
3236,0.0709269605576992
1827,0.07090301811695099
208,0.07064898312091827
6973,0.07055525109171867
8170,0.07054231688380241
2295,0.07039836049079895
2872,0.07011924311518669
2836,0.07008280046284199
3424,0.06994969770312309
6749,0.06994367390871048
8074,0.06991087645292282
6337,0.06988796591758728
2396,0.06980891525745392
4349,0.06971875205636024
7392,0.06965075433254242
5957,0.06962762027978897
5206,0.06961585581302643
462,0.06960787251591682
3484,0.0695677325129509
4461,0.06949532777070999
6114,0.06947560608386993
6458,0.06938143074512482
95,0.0693536251783371
4737,0.06914309039711952
8399,0.06908970698714256
2739,0.06900328397750854
5695,0.06898856163024902
4376,0.06896059587597847
7741,0.068834587931633
2395,0.06883221119642258
5459,0.06876500695943832
4976,0.06864287331700325
7357,0.06862563639879227
897,0.06857481226325035
3609,0.06854139268398285
969,0.06840599700808525
5540,0.06839726492762566
1151,0.06835595518350601
5443,0.06831065937876701
7603,0.06824678927659988
26,0.06822413951158524
4202,0.06821053475141525
4815,0.06818246841430664
2819,0.06817406415939331
7068,0.0681147426366806
1045,0.06810655072331429
6633,0.06809865310788155
6821,0.0680595375597477
3457,0.0680580735206604
5959,0.06803062558174133
7163,0.06797933578491211
2058,0.06784797087311745
7554,0.06779813393950462
1466,0.06777119264006615
3771,0.06776607409119606
4229,0.06758273392915726
7270,0.06751225143671036
7599,0.06750519573688507
3471,0.06744474172592163
5374,0.06740966439247131
2860,0.06737745553255081
4540,0.06728935241699219
2609,0.06727370992302895
3332,0.06724633276462555
8258,0.06724117323756218
4961,0.06722443550825119
8231,0.06714362651109695
5666,0.0671282522380352
8118,0.06711012125015259
7141,0.06708071380853653
7537,0.06703130528330803
7448,0.06701193377375603
8302,0.06698644161224365
2557,0.0669376589357853
2988,0.06690622866153717
7005,0.06689785793423653
1962,0.06687234714627266
8286,0.06686359643936157
6634,0.06684442237019539
931,0.06684373691678047
5875,0.06676002591848373
3788,0.06667677313089371
1172,0.06667035073041916
5730,0.06666218489408493
2012,0.0666084736585617
8267,0.06657625362277031
4492,0.06656117737293243
2444,0.06654104217886925
6379,0.06644492968916893
8244,0.06643707491457462
6768,0.06635728105902672
243,0.06634339690208435
3719,0.06620069220662117
3132,0.06616990268230438
3977,0.0660506971180439
1137,0.06601862609386444
7860,0.06601299718022346
4436,0.06599769368767738
1727,0.06594709306955338
6567,0.06592776998877525
1104,0.06571218371391296
2574,0.06570889800786972
484,0.06564677879214287
7731,0.06555862352252007
3690,0.0654950924217701
2904,0.06546597555279732
6049,0.06536523252725601
4978,0.06534872949123383
3824,0.0653463825583458
3295,0.06533248722553253
2663,0.06524619460105896
4116,0.06515038758516312
7643,0.06514816358685493
4434,0.065091323107481
5189,0.0650305524468422
3494,0.06500238180160522
1992,0.06495897844433784
4387,0.06491939723491669
6927,0.06483062356710434
654,0.06482373923063278
6869,0.06475843116641045
1701,0.06470939889550209
4166,0.06470240652561188
6500,0.06467648968100548
3480,0.06467482075095177
7719,0.06461900100111961
3804,0.0645500048995018
8290,0.06454838812351227
1817,0.06441748142242432
6632,0.06441237777471542
6275,0.06441058218479156
6858,0.06440213322639465
6019,0.0643852986395359
5784,0.06436824053525925
65,0.06435924395918846
3197,0.06433302909135818
6539,0.06431335210800171
3739,0.06429822742938995
3351,0.06428737938404083
5958,0.06404949724674225
3825,0.06403684616088867
5273,0.06399893760681152
7148,0.06394294649362564
180,0.06392315030097961
5968,0.06392006203532219
1404,0.06390605866909027
5109,0.06389585882425308
8488,0.06387829035520554
2602,0.06383300200104713
5938,0.06382883340120316
1057,0.06379339471459389
7805,0.06377521902322769
938,0.06371143460273743
2445,0.06368622928857803
5899,0.06364548951387405
1583,0.06363314017653465
210,0.06361857801675797
7461,0.06359045393764973
8279,0.06356880813837051
8402,0.06356705352663994
799,0.06356566026806831
1588,0.06354672089219093
1650,0.06351391971111298
1664,0.06349104642868042
5270,0.0634622871875763
515,0.06340119801461697
1222,0.06334295868873596
1691,0.06331781297922134
2760,0.06327178701758385
2839,0.06324823945760727
6316,0.06314440816640854
8123,0.06310651451349258
2302,0.0630573183298111
7895,0.0629119761288166
7524,0.06287609785795212
6369,0.0628415197134018
2426,0.06274888478219509
4454,0.0627322681248188
6147,0.06263622641563416
557,0.06262042745947838
2080,0.0625415537506342
1223,0.06248157471418381
6705,0.06246083974838257
148,0.06241912022233009
1144,0.062379140406847
2318,0.06235654652118683
6461,0.06235309690237045
4214,0.06233348324894905
4157,0.062276314944028854
3574,0.06221017986536026
7672,0.062174566090106964
542,0.062162697315216064
3575,0.06210365518927574
3929,0.06205744296312332
4064,0.062029119580984116
5887,0.06197445094585419
2775,0.06181103736162186
6949,0.06178448162972927
3725,0.061763763427734375
6449,0.06176064908504486
7149,0.06174049526453018
7415,0.06169060058891773
4524,0.06166079826653004
1544,0.06157561577856541
7354,0.061563240364193916
2548,0.0615416094660759
3179,0.06150308810174465
8414,0.0614954549819231
3041,0.06147194281220436
2487,0.06144053861498833
7802,0.061357349157333374
2480,0.061323508620262146
8110,0.06117978133261204
1019,0.06117398291826248
3946,0.06115613877773285
5748,0.06113843619823456
3560,0.061134880408644676
6139,0.06111722066998482
2306,0.06110513210296631
8195,0.061097895726561546
2905,0.061066314578056335
3660,0.06106621026992798
6802,0.06104453653097153
8229,0.060993002727627754
8035,0.06086129695177078
3201,0.06084331311285496
3951,0.06078505516052246
8189,0.06077449023723602
1314,0.060704752802848816
1832,0.060688262805342674
800,0.06065870448946953
534,0.06054765544831753
170,0.06053972989320755
6885,0.0604601688683033
178,0.06043658033013344
8129,0.06041534245014191
7302,0.06039731204509735
854,0.06037377938628197
8100,0.06033473275601864
835,0.06032265163958073
2243,0.06030881404876709
3293,0.06027478352189064
663,0.060268204659223557
1213,0.06026016175746918
1393,0.06022932939231396
1710,0.06022486090660095
1384,0.06017393246293068
6321,0.06016474962234497
6907,0.0601569339632988
5110,0.06009615957736969
5723,0.06006930023431778
7125,0.06006907299160957
1308,0.060019705444574356
8013,0.06001240946352482
1492,0.0599212646484375
3954,0.059911735355854034
1655,0.05989185534417629
5882,0.05988635867834091
8180,0.05986414849758148
3896,0.059798464179039
6234,0.059773048385977745
5525,0.05974205955862999
2856,0.05973803997039795
4210,0.05972544103860855
1189,0.05965306982398033
7950,0.05965074524283409
5912,0.059610018506646156
5973,0.059608787298202515
2683,0.05958765372633934
2586,0.05958426743745804
6128,0.0595523975789547
738,0.059448711574077606
2840,0.05938721261918545
6798,0.05937594175338745
8253,0.05929253064095974
3111,0.05927754193544388
8372,0.05925681069493294
3452,0.05923049338161945
3374,0.05920240096747875
1437,0.059129416942596436
3942,0.059101369231939316
5068,0.058999836444854736
8148,0.058967456221580505
6228,0.0589582733809948
7617,0.058920443058013916
1726,0.058914914727211
7807,0.0588819682598114
7508,0.058881841599941254
2021,0.05887981504201889
3703,0.05886422097682953
6977,0.05886143445968628
5274,0.058830203488469124
3629,0.05880912393331528
309,0.05880853161215782
8033,0.0587785542011261
7336,0.05875619314610958
5767,0.05864459276199341
8185,0.058581188321113586
645,0.05840370059013367
1967,0.05833849310874939
7057,0.058316685259342194
1688,0.05830748938024044
8341,0.058269212022423744
6982,0.05826731026172638
772,0.05817629396915436
4918,0.058150503784418106
2702,0.05814337730407715
1791,0.05814337730407715
904,0.05813366360962391
1648,0.05812973529100418
2801,0.058125102892518044
626,0.05806132219731808
7092,0.058006951585412025
4297,0.05797097086906433
7765,0.057910773903131485
6623,0.05786792188882828
3563,0.05786567181348801
4806,0.0577947199344635
4986,0.05777302756905556
8394,0.057686515152454376
1767,0.057647423818707466
4169,0.05764715373516083
7887,0.05759027414023876
4028,0.057557277381420135
6835,0.05751693621277809
6294,0.05744820833206177
4910,0.0574406161904335
3323,0.0573920663446188
6523,0.057346031069755554
2874,0.05732901394367218
7242,0.05730724334716797
6865,0.05727510154247284
7458,0.05726362206041813
5309,0.057250719517469406
8120,0.057250553742051125
3143,0.05715840682387352
3422,0.05714070796966553
1468,0.05713215470314026
6546,0.057076869532465935
5481,0.05702206492424011
3199,0.0570206455886364
1637,0.0569256953895092
7332,0.05689351633191109
5162,0.05680784955620766
4124,0.05680476874113083
6223,0.05678613483905792
3559,0.056757671758532524
5553,0.0566582977771759
247,0.05664884299039841
7949,0.05664864927530289
2429,0.056591738015413284
4411,0.056581541895866394
939,0.05654877424240112
511,0.05653970688581467
152,0.0565132312476635
1882,0.05651196837425232
7927,0.056511349976062775
5615,0.05646089091897011
5403,0.056410737335681915
5350,0.05640256218612194
3241,0.05634203180670738
1039,0.05631574988365173
4697,0.0562551561743021
5081,0.056180793792009354
7344,0.056178219616413116
3697,0.056149354204535484
4092,0.05614573881030083
8359,0.05609886348247528
2242,0.05602150037884712
612,0.05597657710313797
7486,0.055968090891838074
8146,0.055950433015823364
4310,0.05594431981444359
2497,0.055935174226760864
1091,0.05588320828974247
435,0.05587167851626873
1119,0.05587163008749485
3592,0.055821191519498825
1912,0.055711787194013596
5010,0.05561569333076477
7779,0.05561386048793793
5096,0.05556797608733177
2967,0.05553719401359558
4115,0.05545739084482193
4546,0.05544225126504898
5436,0.05541042797267437
5318,0.05537260323762894
6594,0.05536346882581711
6784,0.05531495809555054
3533,0.055311419069767
631,0.055309902876615524
616,0.05529695004224777
306,0.055219605565071106
21,0.05521893687546253
1811,0.05518117547035217
1526,0.05517704784870148
3562,0.05509011261165142
7856,0.05502886883914471
7546,0.05498412251472473
4767,0.054925598204135895
4693,0.05485912412405014
3018,0.054839637130498886
6253,0.05482681095600128
5414,0.054780513048172
6528,0.054761797189712524
2968,0.0546805951744318
3538,0.054670024663209915
6041,0.05466795898973942
6891,0.05460165813565254
6741,0.05455511808395386
114,0.05455055832862854
7647,0.05454407446086407
3772,0.05451183393597603
5356,0.054509736597537994
6609,0.05434364452958107
7567,0.05432019382715225
4832,0.05430429428815842
1386,0.05422559380531311
1133,0.05419343337416649
4339,0.054190874099731445
5550,0.05416577309370041
3634,0.05414575897157192
8358,0.054134760051965714
7292,0.054129865020513535
7582,0.054014652967453
6265,0.05398721992969513
4734,0.05388568714261055
1750,0.05388086102902889
5001,0.05384408310055733
1157,0.053801193833351135
6486,0.05378270149230957
1744,0.053771987557411194
2257,0.05374369025230408
1899,0.05365023761987686
4907,0.053649112582206726
7627,0.053616974502801895
3368,0.05352340638637543
8149,0.05351528152823448
3301,0.05351405590772629
2350,0.05341069772839546
7373,0.053267475217580795
935,0.053264372050762177
3875,0.053217144683003426
222,0.053207896649837494
5832,0.05317835509777069
5222,0.05317683331668377
3025,0.05311558023095131
2680,0.053064873442053795
2646,0.053054386749863625
6276,0.05302705988287926
5386,0.053022587671875954
4656,0.05301935598254204
1443,0.05300101824104786
6189,0.0529651939868927
1128,0.05294995382428169
407,0.052883656695485115
2612,0.05281911790370941
3393,0.052791863679885864
7715,0.05277038924396038
7253,0.05272696167230606
6747,0.0527229942381382
965,0.05270390212535858
3281,0.052699148654937744
480,0.052672404795885086
1530,0.05266061797738075
1362,0.05263675004243851
1768,0.05262891203165054
5697,0.05261261947453022
5453,0.05260425806045532
7008,0.052585575729608536
7284,0.052582720294594765
7376,0.05251268669962883
1184,0.05249758064746857
4268,0.05243060551583767
539,0.052414972335100174
6101,0.05233887955546379
270,0.05233795940876007
2724,0.05230177752673626
2410,0.05228726379573345
4431,0.052244190126657486
388,0.05221070535480976
2167,0.05202079564332962
4717,0.05200747214257717
6443,0.051995716989040375
2753,0.05197671242058277
6935,0.05195217207074165
866,0.05190761387348175
991,0.051901279017329216
6140,0.051811836659908295
1829,0.05175013467669487
3296,0.0516936331987381
4496,0.05166006088256836
8250,0.051624052226543427
7406,0.05161789059638977
6303,0.051577840000391006
970,0.05144742131233215
3567,0.05134710483253002
6395,0.05134445056319237
7851,0.05124823562800884
981,0.051221635192632675
3198,0.051178306341171265
4160,0.05116691812872887
1270,0.0511450320482254
4903,0.05113251507282257
5743,0.05112455412745476
1956,0.051055822521448135
7952,0.051020652055740356
8378,0.05097590759396553
5168,0.05093812942504883
4917,0.050919532775878906
5509,0.050915852189064026
623,0.050886403769254684
5431,0.050877632573246956
3595,0.05084976181387901
1446,0.05082353390753269
3588,0.05080433562397957
1318,0.05080092325806618
1290,0.050782108679413795
4303,0.05076184496283531
5556,0.050732001662254333
8460,0.05067510902881622
2698,0.05065172724425793
6680,0.050633274018764496
4023,0.050624001771211624
818,0.05056575499475002
8443,0.050551194697618484
2539,0.05054004304111004
4943,0.050485193729400635
1204,0.05045219510793686
3283,0.050282662734389305
2479,0.050224265083670616
5203,0.0502200573682785
4233,0.050208255648612976
5786,0.050190605223178864
8295,0.05018569156527519
2248,0.050149790942668915
6861,0.05004022642970085
4078,0.0500180721282959
3421,0.04999339580535889
7902,0.04999038204550743
5194,0.04998988285660744
4863,0.04998916760087013
6970,0.04996853321790695
8201,0.04991190694272518
8159,0.049811385571956635
6995,0.04980882629752159
2314,0.049718672409653664
7159,0.04970264434814453
5268,0.04969649016857147
834,0.049678511917591095
2052,0.04965667985379696
5547,0.049641482532024384
6873,0.04959473758935928
8345,0.04950016923248768
4867,0.04939574562013149
718,0.04922780580818653
1941,0.04918714612722397
6630,0.049077633768320084
2900,0.049070701003074646
4622,0.04906703531742096
3423,0.04906419664621353
423,0.049063414335250854
2247,0.04900015890598297
7051,0.048998208716511726
1930,0.048913709819316864
17,0.04881073720753193
1476,0.04875968024134636
6064,0.04875387251377106
7258,0.04872339032590389
1305,0.04871792905032635
4423,0.048712462186813354
7315,0.0486722756177187
2580,0.048645392060279846
2579,0.048620136454701424
3396,0.04861565865576267
5373,0.04861303232610226
1457,0.048596082255244255
4458,0.04858914948999882
4940,0.048576608300209045
7229,0.04857043735682964
3463,0.04855142906308174
6881,0.04854612238705158
2535,0.04853416047990322
4825,0.04848267883062363
976,0.0484820231795311
6072,0.04843398183584213
7179,0.04840787500143051
356,0.04839465580880642
4568,0.04835594445466995
7556,0.048354608938097954
1186,0.0483303926885128
2790,0.048325248062610626
7594,0.04832315444946289
820,0.04830664396286011
6837,0.04830462485551834
5014,0.04827911965548992
7924,0.048267463222146034
5118,0.04825757257640362
7130,0.04824299365282059
696,0.04822786524891853
6185,0.048172056674957275
1046,0.048088740557432175
1597,0.04808763414621353
6476,0.048086170107126236
4378,0.048062482848763466
3819,0.048050329089164734
7380,0.04803434759378433
1638,0.0479879267513752
3021,0.047977887094020844
5311,0.04795859754085541
4555,0.047933707013726234
3058,0.04789988696575165
6086,0.04786442220211029
368,0.047808608040213585
7761,0.047807399183511734
3883,0.04779600352048874
8396,0.047738322988152504
6712,0.047735742293298244
5798,0.047713857144117355
5400,0.04770013689994812
5378,0.04768163897097111
4117,0.047535041347146034
6818,0.047490522265434265
954,0.04747788794338703
8441,0.047463418915867805
4031,0.04744831100106239
3948,0.0474480539560318
4606,0.04743646830320358
709,0.0473969504237175
3785,0.04738766700029373
4435,0.04734794236719608
6109,0.04716496169567108
3022,0.04715598374605179
6477,0.04714761674404144
86,0.047131119295954704
2051,0.047056810930371284
4820,0.04702947288751602
7325,0.04700889252126217
1248,0.04698526859283447
3314,0.04697702080011368
348,0.04695899784564972
5841,0.04694282449781895
830,0.04691632464528084
3242,0.046915607526898384
4931,0.046879321336746216
1875,0.04687594994902611
1167,0.046833738684654236
1034,0.046830564737319946
4755,0.04682775028049946
5209,0.046794790774583817
4712,0.04670414701104164
6292,0.046630002558231354
2141,0.04662576876580715
4080,0.0466177873313427
6120,0.046570004895329475
5132,0.04653363302350044
5878,0.04647146165370941
3959,0.046462975442409515
4418,0.0464358888566494
683,0.046394139528274536
3459,0.04638800397515297
6381,0.04638399928808212
5977,0.046363890171051025
2071,0.04635360836982727
933,0.046323761343955994
70,0.04631095379590988
5921,0.046296920627355576
5531,0.04620961658656597
5914,0.04620817303657532
1033,0.046197354793548584
7484,0.04617819935083389
5972,0.04609374701976776
5600,0.046069931238889694
3624,0.04605956934392452
592,0.04601399041712284
1010,0.045995235443115234
6571,0.04598972201347351
5840,0.04591421037912369
2440,0.04591215401887894
3806,0.045858461409807205
923,0.045780157670378685
1946,0.04576151259243488
805,0.04575171694159508
7460,0.04573416709899902
2851,0.045643821358680725
5483,0.045628197491168976
1728,0.04556466080248356
6030,0.04556000977754593
941,0.04555811546742916
4354,0.0454859733581543
312,0.04543333128094673
1687,0.04541817307472229
3417,0.045417871326208115
3034,0.04539965093135834
4243,0.04536518454551697
1720,0.045362941920757294
5990,0.04526262916624546
4430,0.04525003023445606
4586,0.045193469151854515
4337,0.0451897531747818
4369,0.045179225504398346
1312,0.04514113813638687
7852,0.04510716535151005
369,0.045066313818097115
6682,0.04505082219839096
5969,0.04502662271261215
5029,0.0450163260102272
5163,0.04500366374850273
3583,0.04493025690317154
8369,0.044918689876794815
4483,0.044901043176651
7577,0.04488839954137802
2578,0.04488632082939148
7061,0.044859230518341064
5690,0.04477876424789429
2260,0.044721610844135284
4830,0.04470052197575569
5545,0.04463432915508747
5789,0.04450592026114464
8348,0.044473640620708466
2009,0.04445477947592735
6034,0.044420378282666206
5183,0.044417280703783035
3088,0.04440542869269848
3983,0.04439164511859417
2384,0.044389260932803154
4840,0.044346293434500694
5548,0.04430568218231201
6156,0.044299595057964325
8487,0.04423056170344353
7300,0.0442177951335907
4966,0.0441649928689003
3794,0.04414159432053566
7813,0.044127536937594414
4348,0.04411236569285393
2785,0.04410085082054138
782,0.04408448934555054
7371,0.04406489431858063
4723,0.044062117114663124
2196,0.04405897855758667
5280,0.044049326330423355
880,0.04404051415622234
2687,0.04399403929710388
7195,0.04397592693567276
2105,0.04391113109886646
7311,0.04388579726219177
8117,0.043885067105293274
6325,0.043881531804800034
1264,0.04387686029076576
3895,0.04387315362691879
4269,0.04383059777319431
3764,0.04379761964082718
4552,0.04378686100244522
7414,0.04377731680870056
6176,0.04374866746366024
7250,0.04373412765562534
2603,0.04372909106314182
4994,0.04371045529842377
8181,0.04366599768400192
3982,0.04361673817038536
3844,0.04359996318817139
2920,0.0435846783220768
2806,0.04352559149265289
1643,0.04352295957505703
7848,0.04351366311311722
6704,0.04345843940973282
721,0.04341850243508816
3589,0.04340854659676552
6570,0.0433637909591198
4024,0.043350303545594215
6313,0.04332469217479229
6360,0.04332205466926098
3443,0.043208856135606766
8224,0.04319688305258751
4161,0.04319182224571705
7908,0.04318864829838276
1971,0.043156472966074944
6373,0.043122127652168274
340,0.04308867081999779
4525,0.043025486171245575
6808,0.043018974363803864
4375,0.04301655292510986
3808,0.0429932177066803
415,0.04298332519829273
5501,0.04298289120197296
4471,0.042952761054039
201,0.042837947607040405
3341,0.04283147305250168
1469,0.042787808924913406
2706,0.04274655133485794
3507,0.042672768235206604
7774,0.042657941579818726
6710,0.042652497068047523
6068,0.0426451675593853
8335,0.04259872063994408
2447,0.04256727732717991
6361,0.042566847056150436
1142,0.04256024211645126
7547,0.04254153370857239
5288,0.04251936078071594
2427,0.04250698536634445
8288,0.04249253496527672
1054,0.04247668385505676
6311,0.04243014007806778
5905,0.04241211898624897
5756,0.042388683184981346
2665,0.042276497930288315
5353,0.04226343706250191
4822,0.042254116386175156
3200,0.04223363474011421
4705,0.042231906205415726
7049,0.04216925799846649
4285,0.04213925078511238
4280,0.042135290801525116
357,0.042130859568715096
7407,0.0421000849455595
6258,0.04197116941213608
5478,0.041932087391614914
3101,0.04192757606506348
3529,0.04191462695598602
7873,0.04190416634082794
5996,0.04188491031527519
5284,0.041825370863080025
6167,0.041816821321845055
4402,0.041779667139053345
3060,0.04174257814884186
1910,0.0416724756360054
6039,0.041667087003588676
360,0.04165664687752724
5140,0.04165634140372276
293,0.04162897355854511
8374,0.041560959070920944
7590,0.04153202101588249
1364,0.041513800621032715
3385,0.041473742574453354
4849,0.04142952337861061
7328,0.04142432101070881
5718,0.041404733434319496
2561,0.04140062630176544
961,0.04140035808086395
3963,0.041375188156962395
1644,0.04133866727352142
615,0.04128918796777725
5707,0.041285622864961624
4008,0.04123018495738506
6595,0.04122819937765598
2582,0.0412185899913311
6050,0.041168078780174255
1352,0.04115620255470276
8367,0.041130293160676956
1403,0.04109523072838783
7150,0.04108177684247494
6635,0.04107807204127312
488,0.04105573892593384
7766,0.041053738445043564
136,0.04104757308959961
3536,0.04102746397256851
4487,0.04096842184662819
3390,0.040931859984993935
7422,0.040763337165117264
3504,0.040753383189439774
3714,0.040632568299770355
1835,0.0406156200915575
2754,0.040615007281303406
363,0.04060407541692257
87,0.04052768275141716
7446,0.04045611619949341
7342,0.040454739704728127
6132,0.040439991280436516
7528,0.040430232882499695
487,0.04038500040769577
5282,0.04031629487872124
512,0.04028216376900673
4007,0.0402592271566391
4254,0.0402485616505146
32,0.040202464908361435
8426,0.04020026698708534
7053,0.04018619284033775
2378,0.04015818610787392
844,0.04010355472564697
7114,0.04009845852851868
6860,0.04006036929786205
8284,0.04005792923271656
3667,0.040050799027085304
4236,0.04004502668976784
3096,0.04002567194402218
1127,0.04001198709011078
4810,0.04001116380095482
7628,0.03997788392007351
3891,0.03996827453374863
8297,0.03995346836745739
6647,0.039946120232343674
1221,0.03993990086019039
3482,0.039922505617141724
2004,0.039869628846645355
7939,0.039860740303993225
4869,0.03980843722820282
4798,0.03980603814125061
6504,0.03979752957820892
8171,0.03972003050148487
7699,0.03971361927688122
5741,0.0396799985319376
2601,0.03960030898451805
4056,0.03957521729171276
7287,0.039566896855831146
7085,0.03951835259795189
1395,0.03949066996574402
857,0.0394904688000679
2565,0.03945454955101013
8377,0.039448440074920654
8213,0.03944576904177666
4295,0.03943278267979622
1922,0.039391761645674706
479,0.039348334074020386
6590,0.03929041512310505
4954,0.03927559033036232
2668,0.0392620712518692
4915,0.03921648859977722
188,0.03921417146921158
1879,0.03920954093337059
303,0.03919537365436554
362,0.0391530767083168
3138,0.03912917524576187
2507,0.03907828405499458
2055,0.03907804936170578
7160,0.039009906351566315
5839,0.03900632634758949
44,0.03895210474729538
1802,0.03888728283345699
2859,0.03887827694416046
6673,0.03885645419359207
2787,0.03880972974002361
2542,0.038809170946478844
7770,0.03873582184314728
1778,0.03871944174170494
4953,0.03871551528573036
5575,0.03866150975227356
1874,0.0386506412178278
198,0.03859885036945343
6648,0.038592465221881866
1947,0.03856675513088703
101,0.03853778913617134
2822,0.03847276233136654
416,0.0384636502712965
3181,0.03844141773879528
6547,0.03843373619019985
1514,0.03837319277226925
8285,0.038346363231539726
2636,0.03832674026489258
7934,0.03831147775053978
2981,0.03829957731068134
4484,0.03826165199279785
3040,0.03820774890482426
466,0.03816303424537182
751,0.03813975304365158
8095,0.038013847544789314
3226,0.03798423521220684
5599,0.03798193857073784
7454,0.037977060303092
5738,0.03797506168484688
2403,0.03786412626504898
6328,0.037855373695492744
5871,0.03784292936325073
5633,0.03783756121993065
6937,0.03780096955597401
4272,0.03779170662164688
4341,0.03778780251741409
2907,0.037782369181513786
1416,0.03777889162302017
4153,0.037723273038864136
6480,0.03767596185207367
366,0.03764557093381882
7566,0.037632763385772705
3747,0.03762660175561905
942,0.03761633113026619
7267,0.037593670189380646
4415,0.03758777119219303
197,0.037580572068691254
502,0.0375690795481205
8467,0.037566859275102615
5724,0.03755572438240051
8041,0.0375409759581089
4088,0.037537578493356705
1589,0.037511661648750305
5940,0.03750075027346611
944,0.03748306259512901
1324,0.037474850192666054
3728,0.03747060336172581
3633,0.03745818883180618
492,0.037451883777976036
4093,0.037419259548187256
6137,0.0373929999768734
6464,0.03733297437429428
6447,0.03732987493276596
4531,0.037277091294527054
5745,0.03724587894976139
8494,0.037214234471321106
7377,0.03719668090343475
4901,0.037168558686971664
2279,0.03708197735249996
7115,0.037075914442539215
3182,0.03706282190978527
4250,0.03705705888569355
1394,0.037051696330308914
1411,0.037037016823887825
2335,0.03703172504901886
3689,0.03702351823449135
6880,0.03700414299964905
77,0.036991700530052185
6525,0.03697051852941513
2296,0.03693848103284836
128,0.036918098106980324
6862,0.036868007853627205
6939,0.03681901842355728
4350,0.03680502064526081
7278,0.03676477074623108
8084,0.03670033439993858
929,0.03668999671936035
192,0.03668992966413498
6024,0.03658461198210716
1662,0.0365521814674139
1307,0.03652743436396122
785,0.036513764411211014
8099,0.03649015724658966
2438,0.036468880251049995
6267,0.036449845880270004
6021,0.03640664368867874
3233,0.03635112941265106
7653,0.03634021617472172
6596,0.0363356564193964
5667,0.036256151273846626
1153,0.03624269738793373
6235,0.03622274100780487
6621,0.03616657294332981
2463,0.036098457872867584
5009,0.03603413887321949
5092,0.03603392839431763
6419,0.036027466878294945
5492,0.0358487069606781
1892,0.03582894802093506
1435,0.03579331561923027
3870,0.035762274637818336
8497,0.03571794740855694
6305,0.0356677882373333
4567,0.03558759205043316
437,0.035579174757003784
6657,0.03546960465610027
6362,0.03543611243367195
5371,0.03543435037136078
219,0.03542059846222401
5897,0.03539007157087326
6530,0.03530950844287872
7743,0.03529811277985573
4956,0.0352674201130867
1355,0.03526639565825462
2281,0.03526638261973858
7260,0.0352555476129055
4556,0.03525368496775627
4398,0.035248007625341415
2050,0.035241032019257545
4720,0.03521423600614071
3911,0.03520836681127548
1251,0.03509611263871193
2338,0.03508698754012585
6262,0.035031408071517944
1156,0.03498299792408943
48,0.03492308780550957
2177,0.03486497141420841
1596,0.034852126613259315
6889,0.03482873737812042
4592,0.034826578572392464
975,0.03460554778575897
7086,0.03458718955516815
5367,0.03457033634185791
1490,0.0345456600189209
2007,0.03454187884926796
347,0.03453322499990463
3152,0.034523190930485725
5438,0.03451967611908913
3582,0.0344474483281374
1735,0.034389737993478775
4206,0.03430462069809437
4584,0.034267622977495193
2850,0.03424282744526863
7661,0.03422586806118488
6250,0.034201234579086304
2026,0.0341619998216629
4928,0.03415729105472565
5836,0.03415144979953766
6503,0.03412337973713875
53,0.03398391604423523
4706,0.033978721126914024
6433,0.033973488956689835
7231,0.033942632377147675
3864,0.03393568843603134
6901,0.033905431628227234
3680,0.03390052169561386
473,0.033893315121531487
4,0.03388874977827072
280,0.03384924679994583
6540,0.03382708877325058
582,0.03380606509745121
7531,0.033772874623537064
8098,0.03377077542245388
2382,0.033758874982595444
7897,0.03373977541923523
541,0.03369089402258396
8411,0.033686647191643715
2513,0.033682070672512054
4137,0.03365362994372845
1997,0.03364692069590092
2831,0.03361858054995537
5856,0.03360966220498085
475,0.033566782251000404
2666,0.03350176475942135
386,0.033499421551823616
72,0.03347180597484112
5111,0.03347072750329971
1345,0.033446455374360085
6582,0.033429984003305435
7457,0.0332825630903244
3900,0.0332607701420784
1283,0.03325817920267582
6224,0.03323017433285713
5011,0.033210767433047295
5187,0.03320024162530899
8433,0.03319053165614605
3324,0.03318062610924244
987,0.03317814692854881
3481,0.033163005486130714
765,0.03314018249511719
1858,0.03311164677143097
2225,0.03309543989598751
5129,0.033088257536292076
4742,0.03301341272890568
2359,0.03297734446823597
5292,0.03297404944896698
8064,0.03292975760996342
7199,0.03292747586965561
3129,0.03292451798915863
6387,0.03291129507124424
1291,0.0328698605298996
4846,0.03282453119754791
4614,0.03281048312783241
2583,0.03280504792928696
4267,0.03279011510312557
3585,0.03277519345283508
1548,0.03259691968560219
8202,0.03252479434013367
7261,0.032508574426174164
1631,0.03248579613864422
4930,0.032476283609867096
4543,0.032467180863022804
422,0.03244961332529783
1536,0.03244453016668558
5818,0.032442159950733185
8060,0.03243162855505943
6260,0.0323977991938591
5054,0.03238665871322155
1218,0.03233158029615879
8368,0.032329168170690536
3622,0.03232304938137531
5567,0.032299820333719254
3841,0.03229276463389397
5406,0.032287802547216415
6827,0.032286737114191055
8140,0.032286157831549644
3984,0.0322737954556942
6920,0.032261548563838005
2805,0.03224245272576809
2622,0.03212486207485199
7997,0.03211516700685024
2289,0.03210625797510147
8373,0.03209279291331768
305,0.03208475187420845
7203,0.032028110697865486
6211,0.03202737681567669
4898,0.0320170558989048
7680,0.03200073167681694
2659,0.03198468126356602
5514,0.03193435072898865
1731,0.03192727826535702
1464,0.03192424960434437
13,0.03187093138694763
3790,0.03184821456670761
1545,0.031839653849601746
3272,0.03183738887310028
701,0.0318310372531414
992,0.03183046169579029
1293,0.03182560205459595
8004,0.0318053737282753
4090,0.03180309385061264
3313,0.03178751189261675
5729,0.03176608495414257
8265,0.03176216222345829
3961,0.03173799254000187
6560,0.03173677250742912
2842,0.03172733262181282
5080,0.031714001670479774
1428,0.031703315675258636
7293,0.0316978394985199
3361,0.031694695353507996
1844,0.031670824624598026
3270,0.03161262534558773
1573,0.0316061619669199
2086,0.031605470925569534
2368,0.03159786015748978
3798,0.03158835880458355
1432,0.0315832793712616
2285,0.031567325815558434
2984,0.031550025567412376
1594,0.03153688460588455
430,0.031511847861111164
3349,0.031510189175605774
5872,0.03150906786322594
1733,0.031466505490243435
2604,0.0314570227637887
527,0.03145270608365536
4937,0.0314464271068573
6614,0.0314010176807642
3565,0.03139990754425526
3679,0.03138877637684345
3623,0.03138169180601835
2707,0.031380169093608856
8076,0.03137517999857664
7247,0.03134762682020664
4006,0.031345171853899956
869,0.03133765421807766
7563,0.03131810575723648
3988,0.031293634325265884
1680,0.03127109445631504
2471,0.03126618452370167
1978,0.031227036379277706
2585,0.031192157417535782
1401,0.031184138730168343
7074,0.031163951382040977
5335,0.031162772327661514
7677,0.031155782751739025
6299,0.031140558421611786
2825,0.03112160973250866
2284,0.031115077435970306
3544,0.031112936325371265
271,0.031092298217117786
5643,0.03106895089149475
4173,0.031066739931702614
5150,0.03105519711971283
8220,0.0310366153717041
5955,0.031022537499666214
4139,0.031013134866952896
5986,0.03100739326328039
4848,0.03100127913057804
7337,0.03099753800779581
2619,0.030986379832029343
328,0.0309840589761734
1909,0.030959819443523884
3035,0.030951272696256638
2972,0.03094273805618286
6442,0.030936271883547306
337,0.030935724265873432
6569,0.030924861319363117
7745,0.03090210258960724
3651,0.030895110219717026
230,0.030893047340214252
3580,0.03088423516601324
6631,0.03086227085441351
2846,0.030860712751746178
6411,0.0308537520468235
2727,0.030827850103378296
6327,0.030814820900559425
730,0.030813748948276043
6823,0.030784117989242077
4616,0.030772781930863857
2148,0.030769278295338154
8053,0.0307660810649395
5520,0.03076290339231491
1511,0.030746107921004295
2917,0.030742275528609753
6104,0.030741075053811073
4921,0.03073212504386902
7806,0.030728520825505257
6925,0.030721986666321754
7072,0.030719779431819916
7358,0.030712389387190342
6103,0.0306699201464653
4624,0.030664406716823578
7273,0.030654415488243103
8212,0.030644848942756653
1670,0.030640065670013428
7034,0.030616535805165768
1338,0.030605479143559933
4414,0.030598051846027374
3167,0.030597127974033356
6573,0.030592937022447586
8079,0.030580945312976837
5901,0.030573770403862
2547,0.03054838627576828
3149,0.030540183186531067
6125,0.03053742367774248
4057,0.03053209651261568
3857,0.03051934204995632
145,0.030505895614624023
6867,0.03050235565751791
6170,0.030492495745420456
5993,0.030484026297926903
1351,0.030483592301607132
7996,0.03047247789800167
7482,0.030471106059849262
761,0.030460105277597904
8045,0.030452937819063663
1425,0.03044610470533371
6727,0.03044436313211918
6581,0.030439389869570732
2333,0.030437552370131016
4585,0.03043670579791069
45,0.03043536562472582
3516,0.030434761196374893
1126,0.03042975254356861
8340,0.030420295894145966
3444,0.03042005654424429
4309,0.030411106534302235
93,0.030408121645450592
1317,0.030406713485717773
5063,0.030405471101403236
1805,0.030396058224141598
5379,0.030383351258933544
1016,0.03038116078823805
7864,0.030368073843419552
4947,0.030357632786035538
7028,0.030349349603056908
5870,0.03034621849656105
6075,0.03034159541130066
6501,0.030331293120980263
7637,0.030328379943966866
5323,0.030324840918183327
3655,0.030324526131153107
7762,0.030315385200083256
4486,0.030313942581415176
4338,0.03031143080443144
4902,0.03031124360859394
5018,0.030310846865177155
5321,0.030300581827759743
8190,0.030287329107522964
3734,0.03028261289000511
2789,0.030281653627753258
2926,0.030275657773017883
4187,0.03025955520570278
7828,0.03025865275412798
3046,0.030257128179073334
4502,0.030255189165472984
6488,0.03024918120354414
1718,0.03024818655103445
1565,0.03024510946124792
7244,0.03024491760879755
4043,0.03023859951645136
4774,0.03023222368210554
8408,0.0302320821210742
7569,0.030216889455914497
1173,0.030214300379157066
5591,0.030207687057554722
7252,0.03020660113543272
7720,0.03020346537232399
2888,0.030197355896234512
4324,0.030189587734639645
7443,0.030188138596713543
3918,0.03018758911639452
2515,0.03017574828118086
5370,0.03016959596425295
4205,0.030166981741786003
5640,0.030162261798977852
3872,0.030138595961034298
2484,0.030136944726109505
1333,0.03013593703508377
5761,0.030131002888083458
2832,0.030125771649181843
6205,0.030123711563646793
2644,0.03012011107057333
2921,0.030120091512799263
4103,0.030107712373137474
996,0.030100597999989986
6277,0.030046749860048294
163,0.030043043196201324
6921,0.030032374896109104
3757,0.030017978511750698
3860,0.03000735118985176
6184,0.030006278306245804
6456,0.03000148106366396
2183,0.030001449398696423
6282,0.030001167207956314
58,0.029997533187270164
4826,0.029993406496942043
1359,0.029983842745423317
374,0.029980026185512543
7945,0.029959291219711304
6370,0.029953534714877605
1532,0.029951649717986584
2742,0.029950392432510853
2146,0.029938547872006893
6507,0.02993693668395281
94,0.02993321418762207
429,0.02993203606456518
2308,0.029931986704468727
7583,0.02992483414709568
2693,0.029921709559857845
6134,0.029921055771410465
3643,0.02991768717765808
3030,0.029912530444562435
281,0.029907554388046265
6127,0.02990575786679983
7843,0.02990470640361309
4541,0.02989651169627905
4700,0.029880624264478683
2240,0.02987662423402071
6191,0.029872993007302284
4673,0.029871270060539246
4244,0.029865942895412445
4473,0.029859893023967743
3011,0.02985527366399765
8444,0.029852820560336113
7381,0.029849987477064133
826,0.029839415103197098
3779,0.029826796613633633
23,0.02982450183480978
6198,0.029819553717970848
2090,0.02981866244226694
7464,0.02980947308242321
5417,0.02980458177626133
2746,0.029802962206304073
3410,0.029800351709127426
7739,0.029798909090459347
6589,0.029794828966259956
1149,0.029793577268719673
5397,0.029793089255690575
1944,0.02978114876896143
1734,0.029780873097479343
7185,0.02977054938673973
4437,0.029769841581583023
3450,0.02976546250283718
3178,0.02976528089493513
6090,0.029758327640593052
2313,0.029755346477031708
5527,0.029754532501101494
871,0.02975122630596161
6883,0.02974734455347061
4381,0.029745107516646385
6655,0.029744160361588
7542,0.029739893972873688
1717,0.02973869163542986
5992,0.029720410704612732
7636,0.029719356447458267
5494,0.029717993922531605
684,0.029711243696510792
3693,0.029708622954785824
4132,0.029703552834689617
8124,0.0297019612044096
2233,0.029700816608965397
8115,0.029700255021452904
4871,0.029699229635298252
6669,0.02969776839017868
4476,0.029695458710193634
1620,0.029692196287214756
5251,0.029691651463508606
4288,0.02968213800340891
6578,0.0296820979565382
2572,0.029680528677999973
2650,0.029677708633244038
877,0.02967679500579834
4542,0.029666459187865257
5392,0.02966344729065895
7986,0.02965851128101349
5027,0.029654093086719513
1449,0.029649240896105766
4991,0.02964615449309349
2356,0.029646068811416626
1826,0.029638749547302723
8226,0.02963692508637905
4620,0.029635216109454632
5030,0.02963364776223898
2954,0.029627992771565914
7956,0.0296259680762887
7704,0.029625951312482357
7062,0.029621200636029243
4360,0.029616923071444035
574,0.0296159777790308
3682,0.029615568928420544
4726,0.029612001962959766
1067,0.029607274569571018
7310,0.02960304543375969
5058,0.02959844097495079
1539,0.029596433974802494
5665,0.029595855623483658
3013,0.029594517312943935
4805,0.029594101943075657
1061,0.029593429528176785
4377,0.02958338614553213
7596,0.029582210816442966
4732,0.029573114588856697
4936,0.029571587219834328
8264,0.02954890113323927
1553,0.02953988593071699
6731,0.02953561767935753
2325,0.029528630897402763
325,0.02952504251152277
8199,0.029515777714550495
3712,0.029490647837519646
4327,0.029482089914381504
5894,0.029477588832378387
2008,0.029477222822606564
2119,0.029472991824150085
1278,0.029470663517713547
4439,0.029467393644154072
1702,0.029463278129696846
5114,0.029463094659149647
1036,0.029460969381034374
5036,0.029457615688443184
7505,0.02945708204060793
3898,0.029454074800014496
2466,0.029452147893607616
7607,0.02944962214678526
1419,0.029448785819113255
1413,0.029448315501213074
5131,0.029447210021317005
3047,0.029442260041832924
6822,0.029438317753374577
1463,0.02943673450499773
7075,0.029435361735522747
8412,0.029432966373860836
2620,0.029432866722345352
7386,0.02943100593984127
8418,0.029430020600557327
6026,0.02942982316017151
1414,0.029429074376821518
447,0.02942413091659546
323,0.029422481544315815
3187,0.0294210072606802
4403,0.02941759955137968
4506,0.029417178593575954
2633,0.029410654678940773
6520,0.02941057737916708
7995,0.02940962463617325
7015,0.029407432302832603
677,0.02940451353788376
6561,0.029402784071862698
3446,0.02940141223371029
7560,0.029395677149295807
6613,0.02939320169389248
4102,0.029384039342403412
3190,0.029381101951003075
7687,0.029374463483691216
5328,0.02936715818941593
7724,0.029366464354097843
5452,0.029361880384385586
406,0.02935314830392599
7487,0.029349233023822308
5076,0.029340285807847977
2135,0.029326711781322956
1940,0.02932052407413721
2182,0.0293118916451931
7491,0.029310227371752262
7921,0.02930927835404873
6646,0.0293054124340415
1335,0.029300279915332794
2837,0.02929903380572796
6380,0.029293701983988285
7282,0.029292473569512367
195,0.029292221181094646
3853,0.02929143700748682
310,0.02928960043936968
1938,0.029289409518241882
1120,0.029283168725669384
7431,0.0292829442769289
3986,0.029281423427164555
6240,0.029280908405780792
1708,0.029280762188136578
1616,0.0292785270139575
6624,0.029274947941303253
690,0.029268761165440083
7122,0.02926795743405819
7019,0.029264988377690315
513,0.029264169745147228
2331,0.029260490089654922
7423,0.029258434660732746
3630,0.029258147813379765
10,0.029256626032292843
1473,0.029254714958369732
3376,0.02924725692719221
1980,0.02923188917338848
4094,0.029229930602014065
3537,0.02922780252993107
6533,0.029227256774902344
215,0.029225842095911503
609,0.0292248772457242
3254,0.029224841855466366
2310,0.029224799014627934
4886,0.029224426485598087
3052,0.029222538694739342
2128,0.029222105629742146
5489,0.029219851829111576
7398,0.029219086281955242
7419,0.029218990355730057
5623,0.029214948415756226
974,0.029214922338724136
1182,0.029214266687631607
3288,0.029214071109890938
4634,0.02921281848102808
1026,0.029209167696535587
3475,0.029206757433712482
3602,0.029200458899140358
3914,0.029197516851127148
224,0.0291929692029953
3065,0.029192878864705563
6959,0.0291838264092803
1617,0.029181848280131817
453,0.029178516007959843
5766,0.02917777094990015
4766,0.029173512011766434
5907,0.029170730151236057
5115,0.029170004650950432
1741,0.0291685052216053
6545,0.029168169014155865
6538,0.029160947538912296
5630,0.02914544753730297
6400,0.029141515493392944
8142,0.029141179285943508
4201,0.02913988195359707
1860,0.029139641672372818
3050,0.029139096848666668
2326,0.029136011376976967
7883,0.02913538459688425
8273,0.029132360592484474
7679,0.02913213986903429
7891,0.029130129143595695
550,0.029129686765372753
8325,0.02912843506783247
1370,0.029125439003109932
6505,0.02912410907447338
3275,0.029121174477040768
2364,0.029117096215486526
5596,0.029115809127688408
8200,0.029114488512277603
2821,0.029114486649632454
5237,0.029107618145644665
1275,0.029104646295309067
3625,0.029101011343300343
1499,0.029098402708768845
7846,0.02909610141068697
1188,0.02909591607749462
4212,0.029095828533172607
1713,0.029093062505126
4055,0.02908012643456459
707,0.029078949242830276
1367,0.029078767634928226
7824,0.029073222540318966
1043,0.029071683064103127
3866,0.029066162183880806
1028,0.029064878821372986
5253,0.02906060218811035
5537,0.02906014211475849
790,0.029057681560516357
5485,0.029056512750685215
8436,0.029052775353193283
5727,0.029051003977656364
3573,0.029049260541796684
7025,0.029048818163573742
4053,0.0290466183796525
1865,0.029043748043477535
1254,0.029043063521385193
769,0.029042448848485947
6908,0.029039655812084675
1284,0.029037022031843662
2718,0.02903207764029503
7343,0.029028985649347305
132,0.0290263332426548
4550,0.02902618609368801
6270,0.029020615853369236
5927,0.0290180379524827
4638,0.029012546874582767
5629,0.029012223705649376
7350,0.029010861180722713
997,0.02900821343064308
6355,0.029005417600274086
244,0.028999637812376022
8431,0.02899827342480421
8023,0.02899315394461155
7341,0.02899119257926941
589,0.028989126905798912
6636,0.0289865555241704
3738,0.02898295409977436
6658,0.028982757590711117
7316,0.028976941481232643
7410,0.028976524248719215
7323,0.028975578024983406
6770,0.028974364511668682
2454,0.028972972184419632
8015,0.028972823172807693
924,0.028960464522242546
3123,0.028960448689758778
4061,0.02894932311028242
3082,0.028948253020644188
5658,0.028947663493454456
4630,0.02894718386232853
4679,0.02893994376063347
6966,0.028938841074705124
4312,0.028937818482518196
474,0.02893602941185236
685,0.02893486898392439
4070,0.02893142681568861
4884,0.0289313904941082
8420,0.02893074695020914
5435,0.02893000654876232
3225,0.028929402120411396
5440,0.028925852850079536
3745,0.02892530243843794
1381,0.028920739889144897
4249,0.028910773806273937
8388,0.028905170038342476
3056,0.028903089463710785
2913,0.028899256139993668
5202,0.028894204646348953
3810,0.02889331988990307
1512,0.028892903588712215
5238,0.028892649337649345
650,0.02889213990420103
3945,0.02889037039130926
4547,0.028887365944683552
5464,0.02888665534555912
6886,0.028883234597742558
3127,0.028880169615149498
1848,0.028877786360681057
3908,0.028877029195427895
1055,0.02887352555990219
7234,0.028871595859527588
6656,0.028861732222139835
6856,0.028859274461865425
6990,0.02885214425623417
4686,0.028851225972175598
4587,0.02884693443775177
476,0.028842502273619175
8116,0.028841080144047737
4808,0.02884049993008375
6318,0.028840400278568268
1877,0.028837078250944614
7858,0.02883400395512581
3916,0.028833975084125996
640,0.028832425363361835
578,0.028832039795815945
6518,0.028828108683228493
3973,0.02882345300167799
5676,0.02882295846939087
7702,0.02882293052971363
2608,0.028822558000683784
7321,0.028820683248341084
7309,0.028810379095375538
1953,0.02880948781967163
4852,0.02880835346877575
4158,0.028807293623685837
832,0.02880685217678547
324,0.02880280092358589
618,0.028800013475120068
620,0.028797141276299953
8266,0.028795982711017132
5454,0.02879467885941267
4016,0.028793386183679104
7879,0.02879088930785656
3742,0.028786351904273033
409,0.028784804046154022
5577,0.028784059919416904
5210,0.02877937536686659
2129,0.028778817504644394
8039,0.0287772910669446
881,0.028775072656571865
8022,0.02877495251595974
5061,0.028772692196071148
8471,0.028771414421498775
124,0.028770212084054947
3922,0.028769440948963165
2383,0.028767217881977558
4776,0.028766147792339325
828,0.02876465395092964
4623,0.028764236718416214
2924,0.028762875124812126
6012,0.028760839253664017
2674,0.028760457411408424
3,0.02875479869544506
873,0.028753777965903282
2328,0.028752213343977928
4271,0.028752180747687817
7275,0.028751137666404247
7496,0.02874965313822031
1627,0.028748907148838043
7173,0.028746716678142548
3103,0.028740321286022663
8018,0.028740298002958298
3873,0.028739501722157
744,0.0287388963624835
4383,0.028733840212225914
454,0.028732124716043472
1138,0.028730039484798908
2165,0.028727340511977673
6737,0.028726501390337944
2034,0.02872208133339882
6060,0.028721177019178867
905,0.028716446831822395
1700,0.02871063072234392
7382,0.028708587400615215
4356,0.028708110563457012
1538,0.028706240467727184
1076,0.02870615664869547
5536,0.02870357409119606
5889,0.028703197836875916
5380,0.02870248630642891
1440,0.028702065348625183
1041,0.028701246716082096
5422,0.02870013378560543
7040,0.028699062764644623
2688,0.028698917478322983
7839,0.0286976657807827
5782,0.028696983121335506
7929,0.028696872293949127
891,0.028695782646536827
1528,0.028694654814898968
5175,0.02869091648608446
3266,0.028687617741525173
4965,0.028685213066637516
7087,0.02868387009948492
3820,0.028681829571723938
2398,0.028676467016339302
371,0.028674653731286526
5678,0.028673211112618446
1552,0.0286728972569108
4290,0.028670637868344784
5762,0.02867036033421755
5212,0.028670286759734154
7764,0.028669416904449463
3811,0.028667817823588848
1501,0.028666098602116108
1294,0.028665674850344658
7107,0.02866513282060623
4240,0.02866492234170437
2107,0.0286601260304451
3117,0.0286558885127306
4136,0.028653306886553764
6359,0.02865154016762972
2450,0.028649034909904003
7915,0.02864775713533163
6398,0.028646692633628845
4562,0.02864618506282568
7689,0.028642973862588406
1794,0.028641579672694206
6230,0.02863851748406887
4565,0.028638393618166447
3795,0.028638103045523167
7960,0.028635868802666664
619,0.028635773807764053
6796,0.02863387856632471
636,0.028632525354623795
7059,0.028630806133151054
6527,0.028627910651266575
6249,0.028627008199691772
4613,0.02862453367561102
6687,0.028621108271181583
25,0.02861904725432396
2558,0.02861640974879265
4771,0.028614385053515434
5305,0.02861151285469532
8296,0.028607563115656376
8375,0.028606182895600796
3586,0.02860416378825903
253,0.028603521175682545
2299,0.02860248740762472
7920,0.028602018021047115
417,0.028599473647773266
7098,0.028598487377166748
5541,0.02859634254127741
6928,0.02859167754650116
5104,0.028585176914930344
4027,0.02857025060802698
6143,0.028565681539475918
1918,0.02856497745960951
7549,0.028563253581523895
2266,0.02856263890862465
19,0.028562520630657673
2282,0.028560161590576172
2156,0.028558156453073025
1745,0.028553674928843975
5740,0.02855336293578148
3099,0.028552884235978127
7297,0.028552381321787834
1060,0.028551798313856125
2332,0.02854957804083824
1966,0.028548368252813816
3780,0.028547977097332478
295,0.02854601852595806
6845,0.02854394167661667
7437,0.028543024323880672
7010,0.028542601503431797
1584,0.02853417582809925
672,0.02853270899504423
7580,0.028531859628856182
3031,0.028531387448310852
2101,0.028529147617518902
2669,0.02852687705308199
3319,0.028523514978587627
4753,0.02852296456694603
2624,0.0285224923864007
1084,0.028522077947854996
7558,0.028520314022898674
3539,0.02851794194430113
4494,0.028515364974737167
5493,0.028513853438198566
825,0.02851262502372265
7405,0.028511090204119682
797,0.02850907575339079
1937,0.02850856352597475
901,0.02850772626698017
1303,0.028505802154541016
5065,0.028504500165581703
7089,0.02850215882062912
5142,0.028500935062766075
5341,0.028499828651547432
3277,0.028499300591647625
6448,0.028496931307017803
1861,0.028492329642176628
6254,0.028489258140325546
2269,0.02848725114017725
571,0.028485922142863274
3849,0.028477199375629425
5101,0.02847716398537159
3036,0.02847345918416977
7304,0.028468796983361244
5287,0.028468169271945953
4246,0.028457225300371647
917,0.028456415981054306
105,0.028453596867620945
2729,0.02845242526382208
7201,0.028451514430344105
7857,0.02845093421638012
3305,0.02845000382512808
5347,0.02844984456896782
1427,0.028445151634514332
184,0.02843580301851034
30,0.0284320916980505
7964,0.028428448364138603
3587,0.028426863253116608
4176,0.02842547558248043
8042,0.028422961942851543
6257,0.028422451578080654
1890,0.028417129069566727
4029,0.028416188433766365
5393,0.028414095751941204
288,0.028413292951881886
6896,0.028413028456270695
396,0.028409933671355247
4072,0.028405471704900265
698,0.028404774144291878
4652,0.028402533382177353
586,0.028401324525475502
6732,0.028401033021509647
7129,0.028400134295225143
1379,0.028395572677254677
3727,0.02839416079223156
1265,0.028394118882715702
4045,0.028393283486366272
254,0.028392409905791283
5660,0.028388917446136475
1945,0.028386409394443035
8192,0.028386292047798634
3461,0.028383320197463036
3878,0.028380670584738255
8065,0.02837846800684929
3282,0.02837700117379427
4147,0.028374437242746353
6440,0.028373747132718563
2719,0.02837318740785122
5385,0.028371252119541168
2703,0.028364872559905052
6347,0.028364119119942188
5680,0.028362820856273174
2250,0.02836241014301777
5997,0.028361829929053783
5038,0.028361529111862183
988,0.0283595509827137
5425,0.028356922790408134
3202,0.02835648600012064
3934,0.0283563369885087
6899,0.028351640328764915
5696,0.028349468484520912
5932,0.02834942564368248
3415,0.028348187915980816
1361,0.028346754610538483
5490,0.028342317789793015
6583,0.0283395042642951
842,0.02833489328622818
4739,0.02833239734172821
1081,0.028331736102700233
4123,0.02832866460084915
1274,0.028328493237495422
1132,0.028325118124485016
8294,0.028325057588517666
8353,0.028324918821454048
3871,0.028320735320448875
7307,0.028319654054939747
8425,0.028319072909653187
3077,0.028315394185483456
2541,0.02831257600337267
7962,0.028312218375504017
3033,0.02831215411424637
6629,0.0283092288300395
544,0.028306818567216396
6173,0.02830672636628151
1018,0.02830406278371811
5105,0.028303994797170162
4564,0.028300228528678417
8466,0.028299429453909397
1859,0.028299116529524326
838,0.028298613615334034
1211,0.02829098980873823
5821,0.0282906461507082
7228,0.02828838676214218
642,0.02828770875930786
1646,0.028286433778703213
7329,0.028285246342420578
7620,0.028281609527766705
6429,0.02828009519726038
1452,0.02827946189790964
260,0.028275813907384872
2452,0.028274372220039368
143,0.028273419477045536
8019,0.02827324252575636
2121,0.02827321831136942
6190,0.02827158197760582
566,0.028269406408071518
4514,0.028267599642276764
7462,0.02826573047786951
2676,0.02825995720922947
3501,0.02825955208390951
2065,0.0282570943236351
7218,0.028256366960704327
4379,0.028255591168999672
735,0.028255537152290344
5391,0.028254483826458454
8136,0.028253556229174137
4111,0.028246354311704636
5711,0.028243793174624443
6165,0.02824155054986477
1838,0.0282411715015769
1152,0.02823863923549652
7742,0.028238373808562756
4095,0.028235867619514465
5902,0.028232786804437637
3886,0.028229393996298313
7980,0.02822693344205618
6898,0.028225409798324108
1968,0.028225122950971127
5269,0.028224152512848377
6750,0.028223196044564247
1075,0.02822206635028124
2647,0.028221627697348595
5427,0.02821520436555147
1599,0.028212539851665497
6016,0.028209568932652473
7586,0.028208582662045956
5241,0.028207060880959034
6670,0.028205815702676773
8455,0.028205614537000656
2049,0.028203705325722694
8184,0.028203269466757774
2655,0.02820080704987049
6562,0.028200089931488037
6003,0.02819949109107256
2610,0.028198659420013428
1295,0.02819729410111904
1783,0.028197218663990498
8305,0.028192530386149883
4748,0.02819240465760231
2179,0.028189589269459248
8155,0.028189541772007942
8242,0.02818509191274643
3770,0.0281834090128541
4979,0.028182207606732845
2763,0.028180893510580063
5896,0.02818063646554947
2625,0.02817580383270979
1704,0.028172009624540806
4814,0.0281654242426157
4143,0.028163952752947807
1296,0.02816155645996332
4179,0.028156072832643986
716,0.028155332431197166
3893,0.028155112639069557
2712,0.028153997845947742
6616,0.028153360821306705
4942,0.02815212868154049
5530,0.028148111887276173
5263,0.028147635981440544
2256,0.028146959841251373
5113,0.028144998475909233
7984,0.028144932352006435
5167,0.028142853640019894
778,0.028139247559010983
3654,0.02813767548650503
5981,0.02813545987010002
4401,0.02813541330397129
5731,0.02813130058348179
3822,0.028131225146353245
6684,0.028130323626101017
6815,0.028130315244197845
2735,0.028129177168011665
7707,0.028126776218414307
4985,0.028126674704253674
433,0.02812448050826788
5181,0.028123537078499794
2126,0.02812134101986885
977,0.028120703995227814
2838,0.028117675334215164
4946,0.02811654657125473
2140,0.028116307221353054
4221,0.028115972876548767
141,0.028112861327826977
953,0.02811274863779545
5816,0.028112022206187248
4108,0.02811172604560852
2217,0.028111458756029606
2796,0.028111066669225693
2833,0.028110912069678307
2168,0.028103855438530445
8034,0.028098796494305134
4959,0.02809734456241131
2094,0.028097281232476234
4012,0.028094517067074776
5989,0.028093538247048855
5266,0.0280898604542017
7798,0.028089546598494053
4877,0.028082111850380898
5091,0.028081241995096207
6035,0.028077377006411552
6236,0.02807636372745037
1085,0.028074550442397594
3980,0.02807300817221403
7399,0.028068941086530685
864,0.028066706843674183
8143,0.028066460974514484
8434,0.028066427446901798
4675,0.028066025115549564
6022,0.028064604848623276
705,0.028064366430044174
6201,0.02806318085640669
7947,0.02805784996598959
5854,0.028056434355676174
8344,0.028052869252860546
4855,0.02805017214268446
4923,0.028048664331436157
6690,0.028048507869243622
5313,0.028045454993844032
1263,0.028042171150445938
448,0.02803701162338257
6409,0.02803559973835945
665,0.028033968061208725
2520,0.02803122065961361
4725,0.028031199239194393
6403,0.02803098689764738
1148,0.02802949119359255
3010,0.028025156818330288
1371,0.02802231814712286
5257,0.028020532801747322
4046,0.028018908575177193
4600,0.028017833828926086
1774,0.028017258271574974
3684,0.028016935102641582
1682,0.028013144619762897
7523,0.02801276184618473
2835,0.02801210805773735
133,0.02801146823912859
2537,0.02800905890762806
7778,0.02800897229462862
7772,0.028004806488752365
8093,0.028002019971609116
6317,0.028000657446682453
1004,0.028000017628073692
7835,0.02799964416772127
8349,0.027999638579785824
1441,0.027997445315122604
661,0.027996841818094254
2709,0.027995082549750805
5416,0.027994184754788876
6363,0.027989785186946392
5862,0.027989151887595654
6295,0.027987252920866013
427,0.027987067587673664
6121,0.027984817512333393
7685,0.027982475236058235
6037,0.0279754139482975
1407,0.027973316609859467
5471,0.02797313593327999
4491,0.027972623705863953
8086,0.02796604484319687
2969,0.027964734472334385
5334,0.027961911633610725
2505,0.027961385436356068
408,0.027960599400103092
878,0.02796024177223444
926,0.02795813698321581
7530,0.027956153266131878
5576,0.027952732518315315
6679,0.02795245870947838
3708,0.027952414005994797
6830,0.02794709801673889
4014,0.02794686984270811
2040,0.027943700551986694
4583,0.027939120307564735
6073,0.02793879434466362
5314,0.02793609444051981
2013,0.027935652993619442
6169,0.027934960089623928
4407,0.027929690666496754
5720,0.027924087829887867
6399,0.027920170687139034
7440,0.027919847518205643
7124,0.027917981147766113
1286,0.027916585095226765
6059,0.027911231853067875
5861,0.02791053056716919
8491,0.027907864190638065
3008,0.027907256968319416
6304,0.027904105372726917
8108,0.027902618050575256
6001,0.02789900917559862
6284,0.027897614985704422
4809,0.027896174229681492
3854,0.027895969338715076
169,0.027894727885723114
166,0.027894167229533195
3966,0.027893085032701492
2667,0.02789295930415392
8075,0.027892804704606533
5338,0.02789278794080019
5860,0.027892631478607655
2875,0.027889576740562916
1198,0.02788898441940546
8393,0.027887855656445026
1554,0.02788669615983963
2311,0.02787984535098076
6900,0.027877390384674072
1721,0.02787648420780897
3965,0.027876244857907295
2581,0.027875681407749653
3932,0.027872207574546337
6924,0.02787109464406967
8432,0.0278674541041255
783,0.02786649949848652
3066,0.027865830808877945
1154,0.027858329005539417
1400,0.027853834442794323
6492,0.02785122860223055
2594,0.027849526144564152
5264,0.02784853707998991
4793,0.027847832068800926
5924,0.02784708421677351
1072,0.027846353128552437
6968,0.027842605486512184
798,0.027842508628964424
6728,0.027841057628393173
1197,0.027834439650177956
1649,0.02783349249511957
3262,0.027830167673528194
614,0.027829713188111782
1769,0.02782958373427391
349,0.027827173471450806
1023,0.02782638557255268
6186,0.02782550361007452
7612,0.02782191801816225
5960,0.02782177086919546
674,0.027820984832942486
4816,0.027820960618555546
8472,0.02782035619020462
725,0.027819082140922546
6423,0.027817662805318832
720,0.027816317044198513
4264,0.027815680019557476
34,0.027813250198960304
5948,0.027811010368168354
890,0.02781077567487955
3915,0.02780561614781618
3676,0.027804567478597164
4738,0.02780445385724306
3925,0.027804450131952763
236,0.02779974788427353
6094,0.027798712253570557
4245,0.027798370458185673
896,0.02779775019735098
5586,0.02779512293636799
1693,0.027792836539447308
1625,0.027790561318397522
440,0.027790038846433163
2068,0.02778979018330574
1224,0.027785763144493103
2173,0.027785323560237885
463,0.027782159857451916
203,0.027782021090388298
5542,0.027780293487012386
2843,0.02778012678027153
638,0.027778228744864464
3334,0.02777491696178913
221,0.02777473907917738
4336,0.027769213542342186
5966,0.027769174426794052
5088,0.02776697836816311
342,0.027761900797486305
4635,0.02776105049997568
4636,0.027761025354266167
2147,0.027756886556744576
5879,0.02775546722114086
3828,0.02774972841143608
3369,0.027747848071157932
3724,0.027747435495257378
4500,0.02774717379361391
1787,0.027747096493840218
402,0.027746819891035557
2025,0.027745653875172138
1933,0.02774172369390726
1114,0.02774044033139944
3678,0.0277370847761631
5632,0.027734306640923023
5470,0.027733884751796722
7251,0.027731336653232574
352,0.027727060951292515
836,0.02772544976323843
894,0.02772479224950075
2982,0.027722717262804508
7517,0.027717938646674156
8385,0.02771782036870718
2899,0.027717391960322857
399,0.0277165649458766
1228,0.027716505341231823
3416,0.027715853415429592
486,0.02771288901567459
7017,0.02771267108619213
7269,0.027709124609827995
932,0.02770906500518322
6080,0.027707085944712162
5432,0.0277059655636549
6626,0.02770308218896389
6904,0.027703041210770607
1803,0.027702434919774532
6194,0.027701744809746742
4394,0.027701737359166145
7226,0.027699192985892296
8138,0.027698416262865067
6431,0.027694367803633213
140,0.02769356034696102
7602,0.027692437171936035
767,0.027692116796970367
2316,0.027691585011780262
8313,0.027691541239619255
3307,0.027690749615430832
7318,0.027688201516866684
1601,0.027686799876391888
3037,0.027684793807566166
156,0.02768322452902794
7658,0.02768273837864399
326,0.027681933715939522
7776,0.027681454084813595
266,0.02768000029027462
8318,0.02767874114215374
5641,0.027677020989358425
6721,0.02767457813024521
1632,0.02767131384462118
4013,0.027667989023029804
7331,0.027666516602039337
3593,0.027665519155561924
1574,0.027660103514790535
2664,0.027659441344439983
4074,0.02765825018286705
7900,0.027657427825033665
1230,0.02765514887869358
6430,0.02765229530632496
7629,0.027651201002299786
1671,0.02764910366386175
958,0.02764899656176567
3645,0.027647025883197784
2638,0.02764657512307167
567,0.02764623612165451
739,0.02763961534947157
3171,0.027634822763502598
3009,0.0276347566395998
7821,0.027632901445031166
945,0.02763198595494032
8234,0.027631517499685287
3026,0.027629206888377666
2215,0.0276291286572814
3975,0.027628062292933464
7791,0.027627604082226753
5595,0.027625725604593754
1660,0.02762476820498705
3359,0.02762274257838726
6996,0.027621486224234104
7162,0.027617527171969414
2366,0.02761644870042801
7360,0.027616426348686218
3353,0.027616145089268684
1753,0.02761115226894617
4091,0.027610179968178272
5099,0.027608944103121758
3796,0.02760800812393427
3740,0.027607710100710392
3809,0.02760754432529211
1843,0.027606762945652008
5498,0.027603277936577797
4880,0.027599632740020752
6435,0.02759898640215397
3777,0.027596507221460342
4451,0.027593565173447132
4225,0.027591376565396786
1780,0.0275910384953022
346,0.02758953720331192
2552,0.02758689783513546
4042,0.027585667558014393
7235,0.027583584189414978
6,0.02758239582180977
1525,0.02757919207215309
4135,0.027578603476285934
4068,0.02757834829390049
3950,0.02757650800049305
183,0.027575308457016945
5891,0.02757271844893694
60,0.027572176419198513
1175,0.027571702376008034
8151,0.027571349404752254
8478,0.027570748701691628
7174,0.027569716796278954
5647,0.02756919153034687
6345,0.027565295808017254
6484,0.027565015479922295
56,0.027562791481614113
8364,0.027562214992940426
191,0.02756174188107252
7536,0.027560350485146046
5848,0.027558382600545883
1066,0.027557600289583206
1669,0.027554597705602646
3472,0.027551542967557907
6020,0.02755124866962433
1505,0.027547982521355152
7749,0.027547170408070087
2591,0.027546091936528683
3118,0.02754334080964327
1510,0.027541599236428738
6350,0.0275406027212739
2869,0.027540281414985657
2769,0.027539976872503757
3550,0.02753892820328474
3523,0.027537657879292965
1934,0.027535961009562016
1619,0.02753573376685381
6197,0.02753540500998497
1241,0.027535284869372845
6070,0.027534102089703083
1166,0.027525730431079865
3073,0.027524416334927082
7782,0.027523739263415337
5230,0.0275224382057786
333,0.027521921321749687
3184,0.02751929871737957
1849,0.027513254433870316
6975,0.02751145977526903
1486,0.027510859072208405
6405,0.027509176172316074
5339,0.02750884462147951
8223,0.027508349157869816
2145,0.027506346814334393
7697,0.02750607393682003
6177,0.02750409673899412
7155,0.02750037983059883
2701,0.02750031091272831
559,0.027498544193804264
1013,0.027498490177094936
1527,0.027497900649905205
1098,0.027497561648488045
112,0.02749432623386383
2210,0.027494088746607304
3879,0.02749238070100546
5611,0.02749032247811556
226,0.027490217238664627
2596,0.02748996578156948
2087,0.02748758252710104
7811,0.02748600859194994
7384,0.02748336736112833
171,0.02748116571456194
7954,0.02748107723891735
149,0.027479770593345165
4929,0.027479604817926884
2691,0.027477862313389778
5398,0.027475730516016483
2903,0.027475190348923206
7734,0.027475109323859215
6232,0.02747433539479971
213,0.027471689507365227
240,0.027470488101243973
3505,0.02747025154531002
2158,0.027469961903989315
7698,0.02746918797492981
3411,0.027466301806271076
6239,0.02746541053056717
1793,0.02746487967669964
2526,0.02746390737593174
7417,0.027462598867714405
1233,0.027457743883132935
7676,0.027457513846457005
3491,0.02745518647134304
6217,0.02745518460869789
3053,0.02745442558079958
8046,0.027453449554741383
5751,0.02744526881724596
3677,0.027441678568720818
6760,0.02744116820394993
1580,0.027439545840024948
5503,0.027438071556389332
839,0.027437771670520306
8390,0.027435023337602615
7139,0.027434837073087692
142,0.027432668954133987
6421,0.027428357861936092
3541,0.02742783259600401
3146,0.027425996027886868
2849,0.02742469310760498
8005,0.02742460835725069
1699,0.027419944293797016
7097,0.027419659309089184
252,0.02741882111877203
2854,0.02741693425923586
8255,0.02741546556353569
3116,0.02741488628089428
8218,0.027413849718868732
6639,0.02741345576941967
693,0.027412615716457367
2312,0.02741165552288294
8173,0.027410540729761124
5462,0.027409233152866364
6098,0.027409140020608902
7383,0.02740801777690649
3826,0.027406434528529644
662,0.027400575578212738
691,0.027395266108214855
8207,0.027394674718379974
1999,0.027386365458369255
2918,0.02738344855606556
3163,0.027382666245102882
7541,0.027381625957787037
524,0.027381496503949165
4419,0.027378665283322334
648,0.02737840823829174
4370,0.027377652935683727
1677,0.027377578429877758
4803,0.02737685013562441
7977,0.027376397512853146
8010,0.027376310899853706
4643,0.027374429628252983
5343,0.027373149059712887
7994,0.027372422628104687
3455,0.027371691539883614
5244,0.02737084124237299
2808,0.027370656840503216
7474,0.027366291731595993
6219,0.02736341953277588
2031,0.02736286912113428
1521,0.027359281666576862
518,0.02735705953091383
5197,0.027356889098882675
7465,0.027356556616723537
6828,0.027356311678886414
2137,0.027355576865375042
229,0.027354039251804352
1095,0.027352631092071533
367,0.0273510729894042
7030,0.02734791673719883
3038,0.027347340248525143
4197,0.027346200309693813
6771,0.02734441589564085
7413,0.027343418449163437
6309,0.027339196763932705
3291,0.027337508276104927
644,0.027336806058883667
3186,0.027332177385687828
1560,0.027330413460731506
6870,0.02732823882251978
3259,0.027326999232172966
5728,0.02732674963772297
7158,0.02732595056295395
2370,0.027325205504894257
3015,0.027323255315423012
1763,0.027322077192366123
1957,0.027319413609802723
930,0.027317414060235023
6782,0.027316815219819546
4503,0.027315699495375156
2169,0.027315327897667885
5504,0.027312690392136574
1418,0.027312678284943104
7923,0.0273120803758502
5580,0.02731116022914648
7788,0.027310119941830635
3618,0.027309497818350792
2571,0.02730624843388796
983,0.027301516383886337
6475,0.02729693055152893
7737,0.02729499153792858
6055,0.027294638566672802
6720,0.027289259247481823
181,0.027287074364721775
7663,0.027284881100058556
4443,0.02728374768048525
4390,0.027282537892460823
5648,0.027281812392175198
6416,0.02728108037263155
5682,0.027280799113214016
2441,0.0272800512611866
569,0.027279581874608994
1353,0.027278459630906582
7963,0.02727738581597805
4438,0.027272610925137997
2575,0.027271445840597153
2381,0.027268636040389538
5717,0.027264131233096123
5893,0.027263756841421127
8440,0.027263225056231022
3232,0.027262195013463497
8370,0.027262011542916298
4993,0.027260614559054375
6591,0.027260267175734043
4163,0.0272600706666708
2675,0.027257795445621014
3636,0.027256984263658524
1385,0.027256340719759464
1179,0.02725520171225071
7396,0.027251356281340122
2175,0.027250558137893677
4083,0.02725040167570114
6916,0.02724743913859129
5250,0.027247159741818905
4925,0.02724635787308216
2509,0.0272428123280406
2422,0.027242625132203102
7100,0.02723976317793131
706,0.027239736169576645
6439,0.027237562462687492
3462,0.02723733801394701
2334,0.0272324550896883
3606,0.02722787857055664
246,0.027226369827985764
1855,0.027225475758314133
3823,0.027221799828112125
5849,0.02722109481692314
3730,0.02722071949392557
2110,0.027219741605222225
461,0.027219255454838276
1917,0.02721680048853159
490,0.027216706424951553
2741,0.027216099202632904
3081,0.02721441350877285
4237,0.027212578803300858
2995,0.027211357839405537
8442,0.02720797248184681
1422,0.027206821367144585
5650,0.027206814847886562
6054,0.027203693985939026
5779,0.027197031304240227
4518,0.02719634771347046
8421,0.02719622105360031
7349,0.027192503213882446
301,0.027191546745598316
2220,0.027191272005438805
7874,0.027191223576664925
1920,0.027190115302801132
3568,0.027189388871192932
7421,0.027187537401914597
506,0.027187529951334
6942,0.027186362072825432
6813,0.027186076156795025
4788,0.02718562912195921
4223,0.027185332030057907
2117,0.02718488685786724
4226,0.027180662378668785
6807,0.02717903722077608
4862,0.027177738025784492
1056,0.027176490984857082
6193,0.027174868620932102
6474,0.027173145674169064
443,0.02717094961553812
5267,0.02716720849275589
4843,0.027162986807525158
130,0.02716085407882929
4759,0.02715946175158024
7829,0.02715708501636982
7191,0.027156620286405087
3247,0.027150779031217098
5900,0.02714700810611248
2803,0.027146956883370876
6455,0.027146341279149055
5701,0.027146277017891407
3445,0.027145219035446644
3383,0.02714451216161251
126,0.027144267223775387
1911,0.02714408840984106
7283,0.02714351750910282
2027,0.02714330330491066
1766,0.027140525169670582
7940,0.027135114185512066
6018,0.027134226635098457
5012,0.027133939787745476
6848,0.027133277617394924
3750,0.02713267132639885
824,0.027132511138916016
972,0.027129163965582848
1789,0.027128404937684536
1667,0.027126128785312176
537,0.027124342508614063
379,0.027123870328068733
3498,0.027123207226395607
36,0.027117684483528137
4530,0.027114281430840492
5752,0.027112810872495174
1442,0.027110817842185497
505,0.027109513990581036
8452,0.02710637729614973
82,0.02710602432489395
6556,0.027100758627057076
5368,0.027099031023681164
5200,0.027098636142909527
819,0.027098151855170727
3862,0.02709583379328251
3696,0.027093708515167236
3311,0.027092808857560158
955,0.027091775089502335
6672,0.0270915599539876
517,0.027091339230537415
2684,0.027091204188764095
1939,0.027091078460216522
6849,0.02709024492651224
7497,0.027089248411357403
3350,0.027088086120784283
5302,0.02708743792027235
5123,0.027081730775535107
3923,0.02708159852772951
3552,0.02707845065742731
3834,0.027077107690274715
2473,0.02707185409963131
4417,0.027069411240518093
1260,0.027066538110375404
2689,0.027065392583608627
3189,0.027064804919064045
4241,0.027062001638114452
1330,0.027060549706220627
4513,0.027057752013206482
2501,0.027056985534727573
1117,0.027056118473410606
6434,0.02705592941492796
2305,0.02705482207238674
1450,0.027053892612457275
7444,0.02705368585884571
4239,0.027053263038396835
5754,0.027051974087953568
3855,0.027050228789448738
2092,0.027050072327256203
1634,0.027048264630138874
7369,0.027047861367464066
3325,0.02704615332186222
6568,0.027045298367738724
5128,0.027043485082685947
6726,0.027041427791118622
8278,0.027040344662964344
6302,0.027038334868848324
6912,0.027037818916141987
7700,0.027035164646804333
3476,0.02703513577580452
7081,0.027033522725105286
821,0.027032380923628807
5312,0.02703156415373087
3669,0.027028928510844707
3362,0.027028718031942844
7489,0.027024989016354084
2824,0.027023754082620144
5655,0.027018992230296135
189,0.02701714914292097
6404,0.02701709046959877
2077,0.027012210339307785
5299,0.027009676210582256
3180,0.02700921893119812
75,0.027008825913071632
2555,0.027007403783500195
3656,0.02700402494519949
1785,0.027002939954400063
6915,0.026998884044587612
546,0.026997250504791737
2690,0.026997247710824013
1814,0.026995180174708366
4612,0.02699514664709568
4637,0.02699434570968151
6351,0.02699411381036043
1276,0.026993952691555023
5670,0.026992561295628548
7501,0.02699007373303175
812,0.026989362202584743
4365,0.02698901854455471
7657,0.026989002712070942
1820,0.026987732388079166
7054,0.026986801996827126
8457,0.02698367927223444
7403,0.026981953531503677
5964,0.02698011975735426
934,0.026980099268257618
6122,0.026980038732290268
2083,0.02697771694511175
2506,0.02697651367634535
588,0.026973591186106205
2367,0.026972420513629913
5479,0.026972394436597824
5412,0.0269691189751029
6468,0.026969093829393387
7175,0.026964210905134678
7965,0.026962794363498688
4792,0.02696265187114477
1636,0.02696175966411829
4998,0.02696145325899124
4456,0.02695539966225624
2994,0.026954014785587788
4077,0.02694711461663246
434,0.026946526020765305
3469,0.026942270807921886
5424,0.02694114577025175
3887,0.026940342970192432
1996,0.026937300339341164
702,0.02693662792444229
2710,0.026936475187540054
3337,0.026936127804219723
6424,0.026933491230010986
7670,0.026932332664728165
7146,0.026932145468890667
4913,0.02692978736013174
841,0.026929357089102268
6446,0.02692912146449089
496,0.026925361715257168
5402,0.02692214585840702
2844,0.026918528601527214
1329,0.026918359100818634
31,0.026916872709989548
2986,0.026914927177131176
3644,0.02691283728927374
8191,0.026912284083664417
1973,0.02691106777638197
3448,0.026907701045274734
5566,0.02690748590976
1732,0.02690727449953556
7451,0.02690707240253687
7071,0.02690705843269825
1520,0.026904751546680927
4234,0.026903619058430195
3637,0.026903186924755573
7892,0.026899684220552444
4397,0.026894978247582912
3899,0.026894528418779373
4133,0.026893089525401592
7476,0.026892435736954212
3767,0.02689105737954378
4813,0.02689039334654808
2319,0.026887775398790836
8342,0.026885725557804108
261,0.026885004714131355
6788,0.026883896440267563
4629,0.026882066391408443
4366,0.026874654926359653
7576,0.026873850263655186
8280,0.02687251754105091
7973,0.026866331696510315
8050,0.026866091415286064
2932,0.026866004802286625
1923,0.026863991282880306
2758,0.026863906532526016
3468,0.026862292550504208
5636,0.026861400343477726
1792,0.026861012913286686
2764,0.026859317906200886
5275,0.02685497235506773
6367,0.026853094808757305
8321,0.02685282938182354
8403,0.026848687790334225
7314,0.02684702444821596
1570,0.026846460066735744
4063,0.02684609591960907
8347,0.026845796965062618
2443,0.026845754124224186
5654,0.02684506680816412
2133,0.02684489358216524
2001,0.026844744570553303
6598,0.02684420719742775
7306,0.026843289844691753
6463,0.026841599494218826
350,0.026841201819479465
1399,0.02684003859758377
6212,0.026837444864213467
2679,0.026836243458092213
1758,0.02683313563466072
1804,0.0268325787037611
1621,0.026831130497157574
7257,0.02683086320757866
8144,0.02683019172400236
2467,0.026829729788005352
5606,0.02682475745677948
4477,0.026823865249753
3335,0.026820802129805088
6427,0.026820085011422634
5991,0.02681921049952507
5747,0.026818327605724335
3833,0.02681811712682247
2377,0.02681549359112978
7295,0.02681460604071617
1506,0.026812713593244553
7064,0.026811243034899235
4709,0.02681039087474346
2203,0.026805966161191463
6375,0.02680328954011202
3829,0.026802114211022854
1796,0.026796849444508553
5497,0.026795970275998116
7701,0.02679165732115507
5528,0.02679094299674034
7642,0.026789403520524502
5714,0.026785248890519142
2017,0.026784938760101795
906,0.026783796027302742
6954,0.02678340021520853
2339,0.02678198553621769
913,0.026781725697219372
4628,0.026781542226672173
676,0.026781327091157436
3605,0.02678102347999811
6009,0.026776418089866638
8131,0.026772545650601387
538,0.026772161945700645
4253,0.02677188254892826
150,0.026771183125674725
4599,0.026768877170979977
1011,0.026768027804791927
2253,0.026764681562781334
8249,0.026761538349092007
7290,0.02676152065396309
2392,0.02675555180758238
68,0.02675332874059677
51,0.026752833276987076
4247,0.02675085235387087
1572,0.02675048913806677
6940,0.026750026270747185
7511,0.026749239303171635
5361,0.026747990399599075
1689,0.02674701437354088
5138,0.02674634102731943
2041,0.026745705865323544
5721,0.02673904411494732
7485,0.026738595217466354
7595,0.026737553998827934
7834,0.026736578904092312
5773,0.02673021052032709
6725,0.02673008944839239
3221,0.02672895696014166
3483,0.026727674528956413
1266,0.026724769733846188
1591,0.02672448940575123
1078,0.02672233898192644
1876,0.026722108013927937
2759,0.02672102302312851
5388,0.02671417035162449
5082,0.026712612248957157
3721,0.02671204600483179
4664,0.02671181596815586
389,0.02670649066567421
1146,0.02670605108141899
6010,0.02670352254062891
7812,0.026702367700636387
5929,0.026701442897319794
8228,0.0266982214525342
5262,0.026692159473896027
2786,0.02669211197644472
3787,0.026691732928156853
6354,0.026689955033361912
2272,0.02668508980423212
4316,0.02668480109423399
7479,0.026683648116886616
6215,0.026682582683861256
6989,0.026681603863835335
8484,0.026681598275899887
7254,0.02668078802525997
6541,0.02667823899537325
7553,0.02667438890784979
196,0.0266743041574955
7512,0.02667234931141138
507,0.02667150739580393
3130,0.026668799109756947
6803,0.026668572798371315
4595,0.026667810045182705
6426,0.02666431851685047
151,0.02666385844349861
860,0.02666153386235237
364,0.026661444455385208
3358,0.026660917326807976
1190,0.02665986493229866
1663,0.026657305657863617
3250,0.02665620017796755
1478,0.026655501686036587
1661,0.026653018780052662
55,0.02665203344076872
2866,0.026648146100342274
1250,0.026647478342056274
2544,0.026645328849554062
4278,0.026644456200301647
4409,0.026643787510693073
5195,0.026642916724085808
5320,0.026640434749424458
2677,0.026638061739504337
4876,0.02663589920848608
1493,0.02663435135036707
7585,0.02663168217986822
3952,0.026630929671227932
2361,0.02662960346788168
3748,0.026629088446497917
3208,0.02662739623337984
5925,0.02662371564656496
7573,0.026622941717505455
6876,0.026621656492352486
7466,0.026619913056492805
7324,0.0266158701851964
7861,0.026614063419401646
1604,0.026612740010023117
2495,0.026611650362610817
3840,0.026609038934111595
2483,0.026607153937220573
6453,0.026606416329741478
7935,0.02660514786839485
7591,0.026598532684147358
7447,0.02659690473228693
3110,0.02659581881016493
4672,0.026594942435622215
4699,0.026594938710331917
2379,0.02659428585320711
1116,0.02659032493829727
6713,0.026579841040074825
6685,0.02657659724354744
5573,0.026576338335871696
2408,0.02657569758594036
2752,0.026575565338134766
5529,0.026575309224426746
5787,0.02657364495098591
1288,0.026569795794785023
4273,0.026569337584078312
1567,0.026567348279058933
272,0.026567275635898113
6025,0.02656699437648058
2415,0.02656655479222536
8243,0.026564383879303932
4746,0.026563258841633797
7263,0.026560936123132706
7682,0.026559364050626755
5458,0.02655644714832306
5077,0.02655629813671112
7803,0.026555946096777916
2095,0.02654552087187767
7237,0.026542971841990948
543,0.02654202003031969
2120,0.026539558544754982
6079,0.02653952594846487
532,0.026536687277257442
5820,0.026536191813647747
7509,0.02653295360505581
3814,0.026532934047281742
3388,0.026527452282607555
4444,0.026524906046688557
717,0.026522327214479446
5229,0.026521856896579266
3027,0.026521294377744198
8088,0.026520616374909878
5555,0.02651834860444069
8445,0.026516634039580822
4736,0.02651402074843645
7888,0.026512205600738525
6247,0.026507986709475517
2540,0.026505335234105587
2032,0.026504342444241047
6875,0.02650290448218584
5939,0.026501321233808994
1390,0.026501149870455265
3892,0.0265004625543952
2878,0.026498669758439064
4408,0.026498189195990562
4962,0.026497935876250267
2271,0.02649733889847994
320,0.026494290679693222
421,0.026494190096855164
7091,0.026492435485124588
273,0.026490606367588043
3212,0.02649050112813711
581,0.026490028016269207
2714,0.026489288546144962
7467,0.02648920752108097
6116,0.026486053131520748
1823,0.026485625654459
1748,0.026483536697924137
4030,0.02648153528571129
5247,0.026481189765036106
7967,0.02647538296878338
3012,0.026474958285689354
7899,0.026474714279174805
8323,0.02647343836724758
957,0.026473095640540123
5923,0.026471484452486038
3549,0.02646777220070362
6261,0.026462827809154987
3044,0.026458817534148693
8111,0.026455934159457684
7587,0.026454641483724117
4887,0.026453129947185516
6745,0.02645200490951538
2341,0.026451563462615013
3223,0.02644500508904457
1183,0.026444312185049057
8134,0.026441926136612892
6051,0.026440411806106567
66,0.026438608765602112
2757,0.02643836848437786
3510,0.026437184773385525
2865,0.02643217332661152
4395,0.026428711600601673
6179,0.02642644476145506
2925,0.02642358746379614
24,0.026422583498060703
6203,0.02642004657536745
395,0.02641831897199154
7816,0.026418175548315048
2081,0.026417476125061512
8024,0.026413118466734886
2990,0.02641244698315859
5686,0.026408870704472065
7429,0.026406520046293736
1665,0.02640411350876093
1862,0.026400203816592693
6696,0.02639974094927311
2939,0.02639708574861288
8132,0.026395543478429317
5982,0.026393579319119453
7654,0.02639253716915846
1455,0.026390790939331055
5127,0.026390116661787033
1887,0.026385216042399406
4181,0.026382668875157833
1788,0.026382477954030037
4795,0.026382137089967728
3867,0.026380115188658237
3717,0.02637849934399128
6306,0.026374383829534054
5421,0.02637012768536806
2263,0.026368966326117516
7018,0.02636886667460203
1150,0.02636762335896492
1160,0.026365481317043304
4932,0.02636536955833435
1122,0.0263644028455019
2061,0.02636401727795601
139,0.026363247074186802
3297,0.026361717842519283
5415,0.026357097551226616
4275,0.026355886831879616
5549,0.02635124884545803
6576,0.02635038271546364
4619,0.02635038085281849
5408,0.02634843997657299
274,0.026346550323069096
4704,0.026346126571297646
5679,0.026343428529798985
7439,0.026343165896832943
4757,0.026342482306063175
5935,0.026338981464505196
1494,0.02633338700979948
37,0.026333332061767578
7866,0.026332857087254524
4165,0.026332151144742966
4121,0.026331966742873192
7686,0.026331013068556786
2303,0.026326874271035194
1943,0.026323421858251095
6555,0.02632194012403488
5539,0.026321937330067158
4113,0.026321795769035816
4106,0.02632021624594927
5394,0.026320116594433784
304,0.026313574984669685
1068,0.026310468092560768
3086,0.026307382620871067
4879,0.02630734909325838
7552,0.02630451787263155
4385,0.02630147896707058
457,0.02630086988210678
2127,0.02629874274134636
2794,0.0262951347976923
2300,0.026289772242307663
887,0.02628964465111494
3522,0.026288083754479885
137,0.02628252934664488
1327,0.026279170997440815
7869,0.02627830859273672
1458,0.026277126744389534
3441,0.02626966405659914
2428,0.02626959979534149
5758,0.02626912109553814
7236,0.026267425157129765
2195,0.026265274733304977
482,0.026264351792633533
308,0.026263553649187088
7412,0.026263202540576458
2164,0.02626210357993841
2411,0.026257957331836224
7345,0.02625336218625307
3389,0.026251290924847126
3995,0.026249494403600693
1800,0.026249127462506294
6287,0.026248466223478317
118,0.026247703470289707
2682,0.026243263855576515
2974,0.026242784224450588
678,0.026241823099553585
8194,0.02623998373746872
4449,0.026239437982439995
2369,0.026238638907670975
6998,0.026236137375235558
8043,0.026234667748212814
5753,0.026232987642288208
3571,0.026227726601064205
6002,0.026221904903650284
7397,0.026212960481643677
6819,0.026207396760582924
96,0.026200369000434875
6544,0.026198153384029865
4207,0.02619585394859314
4660,0.026195389218628407
193,0.026190873235464096
7814,0.026187915354967117
8381,0.02618787530809641
39,0.026187012903392315
4109,0.026184012182056904
8082,0.026166091673076153
6259,0.026162320747971535
1972,0.026162272319197655
6383,0.026158015243709087
6981,0.026157710701227188
1974,0.026157229207456112
655,0.026156981475651264
784,0.02615682501345873
651,0.026149801909923553
7958,0.026145238429307938
3316,0.026145068928599358
6814,0.026143576949834824
2695,0.026141466572880745
311,0.026136641390621662
1115,0.026136331260204315
4597,0.026132668368518353
228,0.02612868696451187
5552,0.026127947494387627
2797,0.02611665055155754
4422,0.026108133606612682
3097,0.026106882840394974
5283,0.026100000366568565
5224,0.02609875239431858
5024,0.026095950976014137
314,0.026091760024428368
5107,0.026091501116752625
4353,0.026089850813150406
4957,0.02608839049935341
2595,0.0260855695232749
5016,0.026077120564877987
7655,0.026076472364366055
1647,0.026076333597302437
1000,0.0260754507035017
4025,0.02607032097876072
3513,0.026070112362504005
7364,0.02606838382780552
7378,0.02606719173491001
1439,0.026062410324811935
4866,0.026061059907078743
3251,0.026060846634209156
7208,0.026054516434669495
3600,0.026053707115352154
5961,0.026053402572870255
6641,0.02604965679347515
4938,0.026047328487038612
2219,0.02604393009096384
4920,0.02603788487613201
431,0.026036747731268406
7881,0.026036400347948074
3137,0.02603501733392477
8407,0.026034541428089142
1853,0.026025300845503807
1535,0.026019947603344917
5071,0.026012028567492962
7735,0.026010368950664997
6506,0.026009750552475452
8137,0.026009492576122284
3162,0.026000852696597576
8109,0.025999858044087887
2376,0.025996781885623932
283,0.02599642239511013
3937,0.025995648466050625
3548,0.0259928023442626
552,0.025988037697970867
7840,0.025987070985138416
1873,0.025984400883316994
1915,0.02598344162106514
6542,0.02598212007433176
4485,0.025980406440794468
4495,0.025980248115956783
8237,0.025979637168347836
4658,0.02597847580909729
2792,0.025956462137401104
4361,0.025948808528482914
2093,0.025945980101823807
5033,0.025942988693714142
611,0.02594188693910837
3906,0.025940753519535065
4015,0.025932958349585533
7317,0.02593208570033312
2634,0.02593072410672903
6244,0.02593007031828165
7069,0.025923460721969604
4168,0.025920319370925426
6218,0.025919939391314983
2979,0.025919067673385143
8324,0.02591797336935997
3617,0.025915782898664474
4363,0.0259157232940197
7598,0.02591233141720295
3150,0.025910748168826103
2291,0.02590995281934738
6960,0.025906969793140888
3248,0.025903559289872646
7780,0.025899571366608143
6063,0.02589426189661026
6790,0.025891138240695
801,0.025890115648508072
8332,0.02588201593607664
2814,0.02587682008743286
7335,0.02586767915636301
8317,0.025859170593321323
1986,0.025858934968709946
6157,0.0258579570800066
565,0.02585637290030718
2002,0.025855476036667824
2060,0.025850659236311913
2207,0.02584727667272091
4276,0.025846104137599468
1402,0.02583706844598055
8232,0.025835341773927212
365,0.02583428006619215
3619,0.025833141058683395
455,0.02582976035773754
4775,0.02582848910242319
4916,0.025827273726463318
7188,0.025820673443377018
768,0.025819987058639526
6460,0.025815441273152828
1300,0.025814341381192207
8384,0.025814092718064785
6852,0.025812208652496338
1480,0.025809631682932377
3993,0.025806103833019733
1593,0.025805845856666565
6052,0.025804958306252956
1035,0.02579474914819002
2230,0.025791479274630547
6444,0.025790559127926826
1161,0.02578723430633545
6763,0.02578700054436922
4227,0.025777604430913925
1961,0.02577501069754362
3803,0.02577264979481697
4128,0.025771327316761017
8486,0.025771248154342175
251,0.025768490508198738
7931,0.02576421946287155
4076,0.02574988454580307
1542,0.025737681426107883
5035,0.025737036019563675
2349,0.02573702670633793
1024,0.02573611307889223
3524,0.025735788978636265
529,0.025721514597535133
6469,0.02571933064609766
6903,0.02571898140013218
1722,0.025709073059260845
7083,0.02570483647286892
6200,0.025700232945382595
7914,0.025700164958834648
8475,0.025698320008814335
5817,0.025684555061161518
5265,0.025680034421384335
5884,0.02566703874617815
639,0.025664664804935455
7705,0.025660088285803795
1761,0.025655626319348812
199,0.025651084259152412
3485,0.02564859762787819
8274,0.025647890754044056
8236,0.025643530301749706
6724,0.02563818357884884
5705,0.02562909759581089
6478,0.025621126405894756
7096,0.025611245073378086
4355,0.02560157235711813
8208,0.02559987921267748
3955,0.025585435330867767
849,0.025583550333976746
6797,0.025582374073565006
1893,0.025579378008842468
2991,0.025576150976121426
6151,0.025573565624654293
2073,0.02556671015918255
2992,0.025566396303474903
658,0.02555608656257391
1170,0.025554586201906204
451,0.025554081425070763
5344,0.02555133029818535
6574,0.025548117235302925
1273,0.025539850816130638
978,0.02553472016006708
8400,0.02553353738039732
4126,0.025533104315400124
2744,0.0255331015214324
4741,0.02552043367177248
3327,0.025508969090878963
523,0.025503868237137794
6854,0.025502124801278114
604,0.025498799979686737
5413,0.025495462119579315
1550,0.02549220807850361
1200,0.02548196166753769
2162,0.025474971160292625
1332,0.0254732733592391
6736,0.025460485368967056
8371,0.025459958240389824
4572,0.02545946091413498
3170,0.025456259958446026
4549,0.0254385843873024
4364,0.025437372736632824
3402,0.025435310788452625
5196,0.025416940450668335
2000,0.025400297716259956
6046,0.02539508230984211
7435,0.025394072756171227
3133,0.025392054580152035
7845,0.02539085317403078
6494,0.02539071347564459
5294,0.02538930159062147
3166,0.02538805827498436
3237,0.025381803512573242
6493,0.025381377898156643
8319,0.02537095919251442
5461,0.025368443690240383
5828,0.025362796150147915
4071,0.025358914397656918
5188,0.025354670360684395
2198,0.02534845843911171
587,0.02534573618322611
4425,0.02533735055476427
2781,0.02532406523823738
4328,0.025321475230157375
4059,0.02532007172703743
2048,0.025314442813396454
1839,0.025307738222181797
6824,0.02530715800821781
3409,0.0253054304048419
6062,0.02529580146074295
4762,0.025294589810073376
2213,0.025294038467109203
4833,0.025289942510426044
514,0.025289760902523994
3847,0.025284120813012123
6290,0.02527971751987934
4474,0.02527665439993143
5141,0.025269504636526108
6783,0.025268458761274815
2996,0.025266602635383606
442,0.025260211899876595
2589,0.025230820290744305
4977,0.025221429765224457
5895,0.0252176932990551
4196,0.02520916610956192
4051,0.025200607255101204
6389,0.02519289869815111
535,0.02519115898758173
3425,0.025185669772326946
4772,0.025183171033859253
3014,0.025181096978485584
3042,0.02518037147819996
8031,0.025174305774271488
4773,0.02515285834670067
7721,0.02515263482928276
7746,0.02514604665338993
1467,0.025143646635115147
4611,0.025134295225143433
3842,0.02512842696160078
1383,0.0251270467415452
1322,0.025126461870968342
411,0.025125197134912014
1566,0.025124846026301384
2867,0.025116264820098877
5949,0.025114121846854687
1331,0.025113744661211967
6343,0.02510975208133459
2820,0.025101114064455032
1238,0.025083365850150585
3818,0.02508016861975193
7178,0.02506027091294527
5165,0.025048187002539635
1372,0.025041624903678894
3447,0.02504155971109867
7356,0.025040753185749054
1214,0.02503574639558792
2732,0.025028780102729797
5613,0.024997776374220848
5709,0.02499173954129219
6965,0.024987366050481796
341,0.02497139386832714
6879,0.024968688376247883
1866,0.024966193363070488
5651,0.024963900446891785
6498,0.02496176492422819
2154,0.02495480701327324
8008,0.02495315670967102
5587,0.02494915947318077
1246,0.024944490753114223
4850,0.024941226467490196
2424,0.024937095120549202
1313,0.024934178218245506
125,0.024931362830102444
7564,0.024922775104641914
1252,0.024922296404838562
5947,0.024900702759623528
5937,0.024898404255509377
530,0.024893539026379585
4259,0.024889321066439152
2640,0.02487778663635254
5980,0.024872466921806335
1568,0.024871675297617912
4345,0.02486567199230194
4797,0.02486321981996298
7688,0.02486150525510311
3312,0.02485392428934574
8230,0.02484867535531521
2151,0.024847310036420822
6308,0.024842090904712677
2656,0.024830209091305733
7352,0.02481731493026018
6897,0.024806072935461998
6391,0.024794379249215126
7526,0.024793898686766624
4022,0.024793446995317936
2985,0.024787751026451588
4172,0.024775058031082153
78,0.02475854381918907
1902,0.02475849911570549
2722,0.024758080020546913
7696,0.02475789189338684
5336,0.02475518174469471
6340,0.024751000106334686
4960,0.024749647825956345
6793,0.024724130518734455
3968,0.0247144540771842
6344,0.024701446294784546
8097,0.02470123954117298
4695,0.02470041811466217
8499,0.024694944731891155
7825,0.024689441546797752
8493,0.02468341588973999
3837,0.024680663831532
1949,0.024677274748682976
6652,0.024675562977790833
2502,0.02467356901615858
8239,0.024669582024216652
4968,0.02465924620628357
2401,0.024647051468491554
6834,0.02463975828140974
6479,0.024639513343572617
4900,0.02463846653699875
6914,0.024634884670376778
5844,0.02463245764374733
6166,0.024612811394035816
8233,0.024593710899353027
6839,0.024579587392508984
3347,0.024576835334300995
2363,0.024566182866692543
4104,0.024565771222114563
736,0.02455943636596203
5204,0.024558802135288715
6946,0.024558519013226032
7507,0.024540137499570847
2590,0.02453753910958767
3113,0.024534376338124275
456,0.0245210537686944
4410,0.024516688659787178
5395,0.02451489958912134
3931,0.02451077103614807
1586,0.024510015733540058
5506,0.024506441317498684
6227,0.024500231258571148
8462,0.024486404843628407
296,0.024478820152580738
2108,0.024473250843584538
8458,0.02446693927049637
1155,0.02446319628506899
6640,0.02446108777076006
7664,0.024453220888972282
5815,0.024448566138744354
3848,0.02443569339811802
5399,0.024428434669971466
7955,0.024425179697573185
6754,0.024421879090368748
555,0.024408502504229546
3876,0.024407796561717987
4632,0.024394904263317585
6864,0.024387942627072334
8438,0.024385220371186733
6131,0.024383453652262688
1498,0.02437901869416237
2508,0.0243735546246171
1348,0.024367710575461388
4086,0.024361896328628063
1770,0.024353081360459328
2569,0.024347636848688126
2434,0.024345492012798786
6499,0.024341894313693047
1697,0.02434187475591898
3080,0.024333439767360687
606,0.024328100495040417
4912,0.02432546764612198
4235,0.02431955747306347
7338,0.024315319024026394
4191,0.024313993752002716
6945,0.024304352700710297
7625,0.024293571710586548
7105,0.024292318150401115
5859,0.024288685992360115
355,0.024286415427923203
1065,0.02428059373050928
4786,0.024269300512969494
6159,0.02426813170313835
8150,0.024265065789222717
3641,0.02426230162382126
7946,0.02425806224346161
7693,0.024243928492069244
8169,0.02423806581646204
6091,0.024237755686044693
7818,0.024237493984401226
4517,0.02423667162656784
5656,0.02423461526632309
5495,0.024233175441622734
7037,0.02422984503209591
467,0.024227187037467957
7753,0.024227049201726913
4432,0.024224341847002506
1612,0.024219602346420288
8103,0.024209371767938137
5,0.024206070229411125
7928,0.02420570980757475
1006,0.02420514076948166
7322,0.02420131117105484
3100,0.02420085482299328
4000,0.024199316278100014
1674,0.02419931162148714
915,0.02419927343726158
5000,0.024192528799176216
4467,0.024186691269278526
262,0.024177181534469128
153,0.024176643230021
1857,0.024175249971449375
7136,0.024173205718398094
3927,0.02417074888944626
4120,0.02416954655200243
2259,0.024164220318198204
1485,0.024164062924683094
2166,0.024160921573638916
2020,0.024156670086085796
647,0.02415596880018711
5086,0.02415198739618063
2811,0.024148346856236458
773,0.02414721343666315
6481,0.024144070222973824
6238,0.024139962159097195
5892,0.024139809422194958
1433,0.024135136976838112
6832,0.024131275713443756
8473,0.024130932055413723
6083,0.02412872016429901
7633,0.024124572053551674
1181,0.024121291935443878
7418,0.02411611657589674
5444,0.024112068116664886
7988,0.02411003317683935
3433,0.02410630602389574
2573,0.024105584248900414
6202,0.02410505712032318
113,0.02408654522150755
6992,0.024085110053420067
5239,0.02408123854547739
6840,0.02407851628959179
1585,0.02407419215887785
708,0.024071860127151012
673,0.02407106291502714
1990,0.024070666171610355
5801,0.024070185609161854
8058,0.024069666862487793
4804,0.024063726887106895
3108,0.024061812087893486
5708,0.024061566218733788
5383,0.024059584364295006
4203,0.02405796479433775
5365,0.02405400015413761
257,0.02404957264661789
4839,0.024049128405749798
2139,0.02404823713004589
5256,0.0240462189540267
7622,0.024045852944254875
6553,0.024045848287642002
3023,0.02404571697115898
4082,0.02403893508017063
4536,0.02403856534510851
4084,0.024036334827542305
7809,0.024031560868024826
3121,0.0240266602486372
5843,0.02402628120034933
5570,0.02402547560632229
2772,0.024023921228945255
629,0.024014586582779884
5418,0.02401067316532135
3355,0.024008432403206825
5333,0.024008375592529774
4661,0.024002403020858765
4392,0.02399846352636814
580,0.023996097967028618
4039,0.02399489562958479
1776,0.023993270471692085
4447,0.023992709815502167
1502,0.023992382921278477
8051,0.02399076148867607
7993,0.02399043459445238
7066,0.023988431319594383
7021,0.023987948894500732
54,0.023986734449863434
1575,0.023983636870980263
4231,0.023977497592568398
4922,0.023975303396582603
682,0.023972407914698124
2864,0.023970672860741615
138,0.023970171809196472
1932,0.023969901725649834
3004,0.023963013663887978
7593,0.023962298408150673
3107,0.023955687880516052
3789,0.023954172618687153
5788,0.023951279930770397
5904,0.023950856178998947
6707,0.023946614935994148
8083,0.02394266240298748
3904,0.023928729817271233
5851,0.02392587997019291
6836,0.023924623616039753
1831,0.023913025856018066
5276,0.023908298462629318
6206,0.02390183135867119
5612,0.023896834813058376
3177,0.023895995691418648
2692,0.0238875774666667
1310,0.023884533904492855
528,0.023884465917944908
3213,0.023883890360593796
4885,0.023882190696895123
811,0.02387182228267193
4594,0.023867877200245857
3165,0.023866180330514908
7239,0.0238640196621418
1121,0.023863641545176506
3164,0.02386336214840412
5780,0.02385716140270233
4627,0.02385679353028536
3400,0.02385350875556469
8063,0.02385052852332592
8312,0.02384679578244686
4144,0.023845883086323738
3569,0.023845728486776352
3227,0.023843666538596153
2976,0.02384243905544281
3532,0.02384175732731819
4183,0.023835179395973682
2523,0.023833684623241425
1537,0.02383144572377205
8435,0.02382653672248125
4220,0.02382652647793293
7024,0.023822087794542313
3062,0.023820817470550537
3620,0.02381861489266157
4186,0.02381734363734722
7600,0.023816604167222977
4735,0.023813202045857906
7340,0.023813096806406975
1628,0.023809168487787247
1496,0.02380813006311655
6006,0.023807630874216557
1315,0.023800842463970184
4973,0.02379728853702545
1168,0.023796219378709793
5050,0.023792476393282413
1743,0.023786166682839394
520,0.02378247771412134
911,0.023780803196132183
5915,0.023778025060892105
6100,0.023775276727974415
4908,0.023775185458362103
2181,0.02377390582114458
275,0.02376763615757227
460,0.02376692369580269
737,0.023766860365867615
2959,0.023765907622873783
4845,0.023764600045979023
4780,0.023762069642543793
7079,0.023757759481668472
1334,0.023753029294312
7619,0.023749168030917645
4708,0.02374582551419735
345,0.023745324462652206
5883,0.023739698342978954
4548,0.02373732067644596
6436,0.023737289942801
7527,0.023734967224299908
3851,0.023731992579996586
7790,0.023731566034257412
1375,0.02372400276362896
656,0.023722940124571323
8145,0.023720459081232548
715,0.023718805983662605
525,0.02371862903237343
6644,0.023715447634458542
3328,0.02371095772832632
372,0.023708127439022064
7539,0.023703383281826973
4512,0.023702957667410374
8014,0.023702431470155716
6565,0.02369670756161213
2226,0.02369588613510132
5218,0.023694856092333794
353,0.023693561553955078
3910,0.023692239075899124
7785,0.023691623471677303
2486,0.023691246286034584
3249,0.023688173852860928
4192,0.02368481457233429
6390,0.023683990351855755
7784,0.023683350533246994
3115,0.023680439218878746
6902,0.02367805503308773
8419,0.023677589371800423
6676,0.02367468550801277
7867,0.023674214258790016
3744,0.023665279150009155
1438,0.02366345003247261
8139,0.02366060856729746
3711,0.023659531958401203
2771,0.02365902904421091
63,0.023647302761673927
5221,0.0236466433852911
1358,0.02364548109471798
2708,0.023644944652915
4079,0.023644210770726204
5732,0.023641157895326614
5983,0.023635721765458584
8221,0.02363487519323826
7961,0.023633629083633423
1598,0.02363328170031309
6406,0.02363301906734705
5445,0.023631731048226357
84,0.023630148731172085
5521,0.02362989354878664
4964,0.023629539646208286
7065,0.023628595285117626
3363,0.02362047601491213
2731,0.023617921397089958
7948,0.0236168522387743
419,0.023615003563463688
5627,0.02361480053514242
8156,0.023613983765244484
3930,0.02361018769443035
3570,0.02360979001969099
5369,0.023608931340277195
6627,0.02360413782298565
2816,0.023599903099238873
1231,0.023598451167345047
6076,0.023598325438797474
428,0.023598038591444492
3075,0.02359231561422348
5995,0.023591959848999977
7521,0.023591541685163975
5171,0.02358890138566494
1267,0.023586144670844078
7579,0.023585932329297066
7510,0.023584948852658272
4218,0.023583391681313515
3191,0.023582130670547485
3276,0.023581501096487045
925,0.023579183034598827
6333,0.023577825166285038
5868,0.023577796295285225
424,0.02357371523976326
4101,0.023570964112877846
8104,0.023570962250232697
5360,0.023568663746118546
7534,0.023567967116832733
8268,0.02356671169400215
8066,0.023566527292132378
6825,0.023564866743981838
6438,0.023563293740153313
2192,0.023562725633382797
4789,0.02356242761015892
5310,0.023559624329209328
458,0.023559553548693657
2111,0.023559533059597015
2861,0.02355793956667185
6843,0.023556706495583057
8380,0.02355136815458536
1852,0.023549098521471024
7817,0.023538649082183838
5942,0.02353781647980213
1079,0.02353733591735363
42,0.023536834865808487
1053,0.023536428809165955
6047,0.023532279767096043
7183,0.023524364456534386
1234,0.02352278120815754
827,0.023521462455391884
1080,0.02351701445877552
7093,0.02351563051342964
7286,0.02351329382508993
7473,0.02351328730583191
2214,0.023513183929026127
5133,0.02351224422454834
5474,0.02351133245974779
5242,0.023510637693107128
6221,0.023504870012402534
3309,0.023504266515374184
449,0.02350389678031206
3135,0.023502232506871223
6534,0.023501609452068806
3124,0.02350020781159401
4527,0.023497767746448517
912,0.023497513495385647
4721,0.02349457424134016
4224,0.02349349856376648
4420,0.023493338376283646
7365,0.02349156141281128
8498,0.02349017560482025
909,0.023489581421017647
452,0.02348768711090088
2144,0.023482995107769966
865,0.023481085896492004
7137,0.023479743860661983
1760,0.023479297757148743
8361,0.023478214628994465
6587,0.02347814477980137
594,0.023477976210415363
7221,0.02347186766564846
1410,0.02347088698297739
2461,0.02346782386302948
3378,0.023465650156140327
7884,0.023464675061404705
7070,0.0234639598056674
7355,0.023463009856641293
4413,0.02346130460500717
3386,0.02346052974462509
6231,0.023460480384528637
1302,0.023458778858184814
2222,0.023458531126379967
3784,0.02345835603773594
3880,0.02345587033778429
4777,0.023454359732568264
3688,0.023453444242477417
2474,0.02345331571996212
398,0.02345308195799589
4667,0.023452602326869965
5346,0.02344740368425846
7326,0.0234467638656497
3970,0.023445201106369495
4501,0.023442668840289116
7773,0.023440038785338402
5377,0.023439583368599415
8032,0.02343710232526064
5198,0.02343313116580248
3061,0.023430478759109974
3635,0.02342692855745554
1366,0.023419493809342384
2451,0.023417946882545948
6291,0.023417661897838116
776,0.02341604884713888
3456,0.023414923809468746
8309,0.023410501889884472
687,0.023406201973557472
7393,0.0234058927744627
5930,0.023404477164149284
500,0.02340288832783699
4032,0.023399094119668007
4997,0.023397929966449738
2607,0.02339712344110012
713,0.023395566269755363
494,0.02339491806924343
7172,0.023393938317894936
6392,0.023393255658447742
937,0.0233918447047472
3526,0.02339110802859068
1833,0.023388036526739597
2023,0.023387758992612362
922,0.023385158739984035
5466,0.02338440530002117
4177,0.023381602950394154
2249,0.02338076662272215
8307,0.023379962891340256
2773,0.023378392681479454
6675,0.023376768454909325
8356,0.023375773802399635
2176,0.02336657326668501
3709,0.02336278185248375
6906,0.023354974575340748
6526,0.023353420197963715
7224,0.023353190161287785
2951,0.02334542479366064
76,0.023342933505773544
3815,0.02334265410900116
4033,0.02334209904074669
7346,0.02334207482635975
5232,0.02334117889404297
6529,0.02333869691938162
3534,0.023336664773523808
7031,0.0233362577855587
5079,0.0233357772231102
6078,0.023333887569606304
1454,0.0233325082808733
8483,0.023328956216573715
2373,0.02332714106887579
6496,0.023326747119426727
2600,0.023325692862272263
1347,0.02332509309053421
8026,0.023323113098740578
2103,0.02332303300499916
7303,0.0233220923691988
6048,0.023317042738199234
2114,0.02331599872559309
4399,0.023315709084272385
868,0.023313318379223347
5819,0.023312476463615894
387,0.023310272954404354
2109,0.02330790925770998
8298,0.023306528106331825
7522,0.023306502029299736
2062,0.023305758833885193
1608,0.023305054754018784
8357,0.02330227755010128
4060,0.02330062724649906
2417,0.023299792781472206
6967,0.023295928724110126
5864,0.023295026272535324
7667,0.02329420018941164
4340,0.02329288423061371
91,0.023290123790502548
2003,0.023289280012249947
1259,0.023286753334105015
2047,0.023282745853066444
432,0.023282289505004883
8113,0.023281206376850605
1001,0.023280445486307144
5293,0.02327767387032509
3128,0.02327725477516651
5594,0.023277228698134422
2360,0.023275653831660748
4756,0.023274791426956654
7916,0.023274066857993603
5710,0.02327276673167944
2694,0.02327249851077795
7187,0.023271375335752964
107,0.02327100746333599
190,0.023270280100405216
5846,0.02326941955834627
2477,0.023269398137927055
7042,0.023258806206285954
5805,0.02325774636119604
7910,0.023256367072463036
6168,0.023255906999111176
2841,0.023255715146660805
3338,0.02325345203280449
4870,0.02325195074081421
1398,0.023247642442584038
4357,0.023247545585036278
3366,0.02324544917792082
4457,0.023243493400514126
3458,0.023242350667715073
7196,0.02324044145643711
6036,0.023240063339471817
62,0.023235749453306198
1097,0.023234356194734573
8167,0.023233596235513687
4945,0.023232145234942436
7022,0.02323209773749113
9,0.02323073148727417
268,0.023229493759572506
1719,0.023227984085679054
4052,0.023226287215948105
3508,0.023225758224725723
2616,0.02322460524737835
7206,0.02322430908679962
8405,0.02322331815958023
1244,0.02322309836745262
2765,0.02322233095765114
1007,0.02321997657418251
1984,0.023219699040055275
227,0.023218529298901558
2766,0.023215762339532375
6820,0.023213952779769897
6777,0.02321341075003147
5579,0.023208899423480034
2387,0.02320726402103901
5017,0.023206984624266624
8176,0.023205051198601723
1878,0.02320127747952938
4824,0.023200887255370617
7308,0.023200429044663906
2079,0.023199240677058697
6980,0.0231984443962574
4219,0.02319513913244009
393,0.023194968700408936
6681,0.023193957284092903
7793,0.023192853666841984
5296,0.023192434571683407
1031,0.023192167282104492
7975,0.02319144830107689
7009,0.023190975189208984
8080,0.02318993490189314
2046,0.02318921685218811
2227,0.02318549994379282
3869,0.02318527176976204
6208,0.023183823563158512
8333,0.023178004659712315
1549,0.023175829090178013
4987,0.023174851201474667
5094,0.023174848407506943
6342,0.023174172267317772
2348,0.023172692395746708
3978,0.0231684148311615
3365,0.02316463366150856
2228,0.02316055167466402
248,0.023160241544246674
3005,0.02315869741141796
2783,0.023158451542258263
995,0.023155242204666138
7426,0.023153582587838173
1757,0.02315281704068184
7810,0.023148760199546814
245,0.023148376494646072
3576,0.023147610016167164
6759,0.023147020488977432
2551,0.02314625307917595
5796,0.023145658895373344
3531,0.023145588114857674
7651,0.02314322628080845
147,0.02314318623393774
5358,0.023142958991229534
3440,0.02314206212759018
4899,0.02314160019159317
3902,0.023140468634665012
3702,0.023138293996453285
8085,0.023138076066970825
3290,0.023136932402849197
4396,0.023136409930884838
4559,0.023135125637054443
7135,0.02313511911779642
8422,0.023134203627705574
4049,0.023131047375500202
6058,0.023125553503632545
3405,0.023124879226088524
7674,0.02312242053449154
2504,0.023118337616324425
4199,0.02311780583113432
711,0.023116865195333958
1995,0.02311627008020878
4412,0.02311592921614647
327,0.02311253361403942
1821,0.023108959197998047
8204,0.02310838270932436
2399,0.023106093518435955
185,0.023105889558792114
4475,0.02310117706656456
2343,0.02309856377542019
6485,0.02309617679566145
5025,0.02309588808566332
1931,0.023095709271728992
313,0.023092987947165966
4534,0.02309270016849041
7656,0.023092176765203476
1590,0.02309215348213911
1489,0.0230913320556283
1679,0.023090454749763012
2097,0.023090342059731483
862,0.02309026848524809
425,0.023088778369128704
4625,0.023088576272130013
2887,0.02308796253055334
1451,0.02308633830398321
4626,0.023081596940755844
8101,0.023078447207808495
4020,0.023076645098626614
4195,0.023075900971889496
8210,0.023074621334671974
1991,0.02307242713868618
400,0.02307235635817051
6450,0.023067893460392952
7830,0.02306719310581684
7725,0.023066150955855846
5603,0.023065028712153435
1145,0.023064344190061092
6454,0.023064058274030685
4823,0.023061241954565048
7666,0.02306122239679098
5217,0.023058676160871983
6743,0.023051763884723186
4105,0.023051124997437
1983,0.023046446964144707
7128,0.023044832050800323
6032,0.0230405917391181
4274,0.02304045297205448
2470,0.02304008975625038
1017,0.023039493709802628
259,0.023037749342620373
6919,0.023036004044115543
5066,0.023035060614347458
6719,0.02303197979927063
4011,0.023029928095638752
92,0.023027045652270317
1982,0.02302415855228901
2205,0.023024020716547966
8245,0.023023604415357113
3287,0.023022509180009365
5765,0.0230222437530756
7714,0.023021177388727665
627,0.023020341992378235
7969,0.023020107299089432
1841,0.02301923092454672
2082,0.023018114268779755
6007,0.02301605883985758
3956,0.02301584929227829
6324,0.02301552053540945
8147,0.02301325649023056
1613,0.02300849463790655
5137,0.023008370772004128
5987,0.023007560521364212
7194,0.02300710789859295
4266,0.023005006834864616
3321,0.023004486225545406
5617,0.02300427295267582
354,0.02300219051539898
3306,0.023001082241535187
3509,0.02300078049302101
4715,0.023000651970505714
2423,0.02299989014863968
6733,0.022999830543994904
380,0.022996414452791214
7966,0.022996269166469574
6999,0.022995046339929104
6686,0.022994976490736008
4596,0.022994340397417545
7609,0.02299419976770878
5112,0.022990157827734947
4293,0.022989429533481598
4470,0.02298818528652191
5605,0.02298637107014656
2987,0.022984868846833706
233,0.022984694689512253
7733,0.022984173148870468
8281,0.022983474656939507
704,0.022981206886470318
2977,0.022980956360697746
1210,0.022980806417763233
5610,0.022979608736932278
2998,0.022977063432335854
7442,0.022975090891122818
7366,0.02297181263566017
3692,0.02296975627541542
4406,0.022969153709709644
6638,0.02296699956059456
7420,0.02296491526067257
852,0.022963644936680794
5332,0.022963308729231358
8322,0.022959872148931026
916,0.022959159687161446
5407,0.02295694127678871
3939,0.022954139858484268
3343,0.022953355684876442
8030,0.022952992469072342
1165,0.022952735424041748
29,0.022948144003748894
603,0.022944217547774315
3493,0.022943911142647266
232,0.02294291276484728
3263,0.02294275164604187
7041,0.022942638024687767
5324,0.022942213341593742
3098,0.022938787937164307
4561,0.0229382561519742
3016,0.022937478497624397
5706,0.022935649380087852
584,0.02293563913553953
289,0.022935062646865845
6376,0.022934810258448124
127,0.022934267297387123
2345,0.022934014908969402
4801,0.02293364517390728
6415,0.02293249499052763
3596,0.02293223235756159
6334,0.022932195104658604
7649,0.022931093350052834
4854,0.022930851206183434
6278,0.022928684018552303
5007,0.022925585508346558
4347,0.0229237275198102
3992,0.022923593409359455
2929,0.022922847419977188
5297,0.02291645109653473
7631,0.022915028035640717
7212,0.022914724424481392
3231,0.022911658510565758
8469,0.022911328822374344
7145,0.02291109785437584
2648,0.022911001928150654
7855,0.022908772341907024
3071,0.022906445898115635
1830,0.02290587592869997
895,0.02290522214025259
7427,0.022904498502612114
2885,0.02290411200374365
4718,0.022901900112628937
2528,0.022901207208633423
6866,0.02289936412125826
6593,0.022898412309587002
4654,0.022898332215845585
928,0.022897999733686447
4450,0.02289777249097824
8479,0.022896462120115757
1301,0.022896423935890198
2518,0.02289599645882845
6107,0.02289479225873947
6984,0.022891934029757977
7347,0.022890422493219376
6752,0.022885671816766262
7298,0.022885529324412346
4778,0.022881491109728813
4641,0.022881457582116127
2468,0.02288124617189169
1551,0.022880074568092823
7033,0.022877818904817104
5159,0.022875615395605564
646,0.02287506777793169
1579,0.022873200476169586
5601,0.02287309803068638
8410,0.022872897796332836
7245,0.02287132479250431
5759,0.022870544344186783
3558,0.02286921814084053
38,0.022865768522024155
947,0.02286552917212248
3691,0.022862442769110203
6255,0.022860579192638397
7499,0.022858446463942528
5046,0.022858252748847008
3604,0.0228562718257308
104,0.022855383343994617
5857,0.022854289039969444
4967,0.022853124886751175
8437,0.02285283524543047
276,0.02285254653543234
8428,0.02284836769104004
7477,0.022848213091492653
7854,0.022843843325972557
5429,0.02284232433885336
2767,0.022838858887553215
2868,0.022838804870843887
3211,0.022837968543171883
4589,0.02283710613846779
1354,0.022836522199213505
6183,0.02283490914851427
7648,0.022832654416561127
7844,0.02283201366662979
7985,0.022830544039607048
4037,0.022830190137028694
7987,0.02282938826829195
2292,0.02282824646681547
810,0.0228275740519166
6563,0.02282293699681759
855,0.022822574712336063
4995,0.02281993068754673
4553,0.022819528356194496
3758,0.022819209843873978
6665,0.02281750924885273
4305,0.022817296907305717
4304,0.022816864773631096
2662,0.022814461961388588
7094,0.022813268937170506
7217,0.02281109243631363
1786,0.022810565307736397
5562,0.022809235379099846
5249,0.022807210683822632
7601,0.022805048152804375
5040,0.02280445769429207
562,0.022803885862231255
3352,0.02280273288488388
7831,0.02280239388346672
990,0.022802093997597694
6483,0.022801941260695457
4009,0.02280137501657009
6296,0.02279933448880911
85,0.022798942402005196
2255,0.022798942402005196
187,0.02279825508594513
7970,0.02279445342719555
7608,0.022794038988649845
7078,0.022791868075728416
5526,0.022788765840232372
5544,0.022788423113524914
5869,0.022786597721278667
2613,0.022781269624829292
4019,0.02278080675750971
3868,0.022779539227485657
3783,0.022777844220399857
4515,0.022770794108510017
1178,0.02277032472193241
100,0.022769990377128124
1477,0.022767646238207817
2563,0.02276723086833954
1905,0.022767004556953907
7291,0.022764364257454872
302,0.022761352360248566
88,0.022760728374123573
3610,0.022757330909371376
7016,0.022757004015147686
2199,0.02275697886943817
7938,0.022756677120923996
4671,0.022755620069801807
5631,0.022755252197384834
81,0.02275437582284212
278,0.022753859870135784
733,0.02274925448000431
3653,0.022749029099941254
7334,0.022748678922653198
5285,0.02274829801172018
7502,0.022747269831597805
6792,0.022747090086340904
4216,0.02274638321250677
4481,0.02274398598819971
8056,0.022743506357073784
2930,0.022742005065083504
2531,0.02274174802005291
2157,0.022737905383110046
3874,0.0227365680038929
1976,0.02273505087941885
1683,0.02273470163345337
1936,0.022734681144356728
5219,0.0227316627278924
2653,0.02273067831993103
7233,0.0227305106818676
7133,0.022730239666998386
7120,0.02272850088775158
3830,0.02272715885192156
4505,0.022726702503859997
6841,0.022725995630025864
2211,0.022725103422999382
1164,0.022724744863808155
3668,0.022724326699972153
8301,0.022724131122231483
5317,0.022723961621522903
2085,0.02272368222475052
5059,0.022723132744431496
6029,0.02272237278521061
4670,0.022722112014889717
4828,0.022721379064023495
239,0.02272063586860895
5172,0.022719601169228554
6138,0.022719481959939003
1124,0.02271937020123005
6394,0.02271732036024332
2235,0.022715643979609013
1063,0.022715309634804726
6522,0.02271463070064783
6872,0.022712544538080692
3957,0.022712256759405136
3971,0.022712103091180325
161,0.02270964626222849
4464,0.022707080468535423
4827,0.022706792689859867
863,0.02270629722625017
5564,0.022705051116645336
4560,0.02270308881998062
465,0.0227019926533103
1856,0.02270096354186535
1994,0.0227000517770648
508,0.02269830834120512
3546,0.02269813697785139
1421,0.02269742265343666
5638,0.02269527968019247
1712,0.022694304585456848
4893,0.022693319246172905
6269,0.022693157196044922
7425,0.022692304104566574
8406,0.022686779499053955
7635,0.022685447707772255
3497,0.022685328498482704
391,0.022683831863105297
1094,0.022682913579046726
2265,0.022679658606648445
6489,0.02267942950129509
2375,0.02267931029200554
3492,0.022674785926938057
5401,0.02267392911016941
7111,0.02267354726791382
2067,0.02267260104417801
5226,0.02267211116850376
5858,0.02267136052250862
1005,0.022670099511742592
3650,0.022670052014291286
6851,0.022669559344649315
2390,0.022669089026749134
6948,0.02266882359981537
7299,0.02266773022711277
5508,0.022667156532406807
2621,0.0226657185703516
5624,0.022665507160127163
5616,0.022663910873234272
6642,0.02266385592520237
4382,0.022662272676825523
1749,0.02266108989715576
3345,0.022659247741103172
2500,0.022658659145236015
6397,0.02265774179250002
6961,0.022657716646790504
4593,0.02265658974647522
4631,0.022653683088719845
7404,0.022653553634881973
5918,0.022652745246887207
4834,0.022652603685855865
6785,0.022651354782283306
8002,0.022649469785392284
2496,0.02264830470085144
1014,0.02264722716063261
637,0.022647093050181866
2902,0.022645527496933937
5409,0.022645337507128716
2075,0.022645131684839725
7991,0.022640537470579147
7362,0.022640390321612358
6366,0.022639349102973938
1615,0.02263835072517395
8401,0.02263817936182022
2018,0.02263808622956276
8071,0.022635826840996742
2858,0.022635282948613167
3972,0.022633608430624008
4875,0.022630746476352215
667,0.02262931317090988
8174,0.022625520825386047
3994,0.022622711956501007
5978,0.022622546181082726
3664,0.02262010145932436
4750,0.022616764530539513
8310,0.022615340538322926
2407,0.0226152203977108
1672,0.02261507697403431
6057,0.02261395752429962
5716,0.022613607347011566
8121,0.022613225504755974
3218,0.022612955421209335
643,0.02261286787688732
6335,0.022612418048083782
6677,0.02261195331811905
6160,0.022611303254961967
1816,0.022610417567193508
2346,0.022610047832131386
5825,0.022607948631048203
1360,0.022607531398534775
732,0.022606704384088516
2749,0.022603649646043777
2956,0.022602621465921402
7004,0.022601066157221794
1675,0.022598804906010628
4608,0.022597668692469597
4733,0.022597304545342922
3554,0.02259640023112297
1074,0.022595989517867565
5348,0.02259217668324709
8127,0.02258947677910328
1311,0.022587195970118046
3909,0.0225860346108675
4138,0.022584225051105022
4602,0.022584018297493458
1517,0.0225812504068017
2365,0.022580583579838276
1519,0.02257958985865116
6947,0.02257957123219967
4617,0.022579560987651348
6699,0.022578909993171692
4696,0.02257554605603218
7436,0.022575256414711475
7953,0.022570938803255558
4263,0.02257056813687086
7515,0.02256892528384924
3269,0.022567985579371452
7532,0.022567172534763813
2261,0.02256695181131363
6457,0.022565382532775402
119,0.02256488986313343
2076,0.022562341764569283
6226,0.02256111428141594
4817,0.022560730576515198
6938,0.022558567114174366
8037,0.02255781926214695
2813,0.022556353360414505
7926,0.022556066513061523
8021,0.022555077448487282
1993,0.02255438268184662
522,0.0225490964949131
6199,0.022548099048435688
2389,0.022545596584677696
8413,0.0225453469902277
2782,0.022545325569808483
6986,0.0225449837744236
7849,0.02254288364201784
2078,0.022542442195117474
630,0.0225423788651824
5031,0.022539221681654453
2089,0.022538790479302406
6776,0.022537519223988056
292,0.022536483593285084
5853,0.022534586489200592
7669,0.022534172050654888
1453,0.02253318391740322
3527,0.022531387396156788
3579,0.022529679350554943
1916,0.022529040463268757
7769,0.02252685185521841
5974,0.02252497710287571
2871,0.022524472326040268
7438,0.022524450905621052
3001,0.022522181272506714
6645,0.022521733306348324
5838,0.02251971047371626
6161,0.022519448772072792
2536,0.022518981248140335
5153,0.022518697194755077
585,0.022517895326018333
2605,0.02251702081412077
5021,0.022515241988003254
4633,0.02251412719488144
3284,0.022511163726449013
5584,0.02251114323735237
359,0.0225093774497509
4896,0.022508452646434307
2010,0.02250780165195465
8165,0.022505953907966614
3215,0.02250517625361681
2948,0.022505146451294422
2599,0.02250489965081215
6388,0.02250076550990343
949,0.02250074129551649
5763,0.02249865233898163
7919,0.022493842989206314
7277,0.0224935719743371
5019,0.02249165251851082
952,0.022488897666335106
908,0.022486209869384766
5760,0.022486116737127304
6536,0.022483956068754196
5829,0.02248178981244564
6693,0.02248136419802904
7142,0.02247865404933691
668,0.02247820794582367
1541,0.022477129474282265
5433,0.02247567381709814
5116,0.02247429545968771
3174,0.022474209778010845
3159,0.022474083118140697
5855,0.022473400458693504
1951,0.022472633980214596
5214,0.0224720761179924
4062,0.02247036714106798
6123,0.022469287738204002
5661,0.02246435172855854
4888,0.0224636048078537
4604,0.022463051602244377
264,0.02246285043656826
3710,0.02246088068932295
1781,0.022457396611571312
8461,0.02245703712105751
6695,0.022455353289842606
5590,0.02245389111340046
815,0.02245347760617733
7650,0.022452853620052338
2042,0.0224508885294199
7131,0.022450793534517288
3292,0.022450489923357964
4680,0.022450117394328117
1129,0.022449659183621407
4969,0.022448454052209854
351,0.02244740817695856
1242,0.022445050068199635
1952,0.022444725036621094
2631,0.022442877292633057
1380,0.022441348060965538
5898,0.02244011126458645
1623,0.022439925000071526
3020,0.022436974570155144
3142,0.02243619691580534
6066,0.022434618324041367
7518,0.02243438269942999
2232,0.022434274666011333
1706,0.02243388630449772
2394,0.022433476522564888
4509,0.022431785240769386
8001,0.022431747056543827
4209,0.022429954260587692
7728,0.022429089061915874
951,0.02242434024810791
6082,0.022421805188059807
4335,0.022420821711421013
1406,0.022420200519263744
1143,0.022419610992074013
1630,0.02241714671254158
5363,0.02241466101258993
3206,0.022413214668631554
1569,0.022408518940210342
1897,0.022406330332159996
4460,0.022404463961720467
1979,0.02240411564707756
7361,0.02240387722849846
5800,0.022401961497962475
6787,0.02240006811916828
3843,0.022399659268558025
814,0.0223984532058239
4334,0.022394731640815735
8096,0.022393761202692986
1069,0.02239192556589842
8308,0.02238953672349453
5837,0.02238741796463728
2532,0.02238723449409008
2931,0.022384106181561947
7411,0.022382057271897793
1396,0.02237975038588047
599,0.02237948216497898
5225,0.02237921766936779
3551,0.02237704861909151
297,0.022375582717359066
2890,0.022375489585101604
4533,0.02237490750849247
2391,0.022374646738171577
2947,0.022374451160430908
3907,0.02237380761653185
5649,0.022373706102371216
5337,0.022369868122041225
5178,0.02236977033317089
8272,0.02236950770020485
4577,0.02236783504486084
549,0.022366011515259743
7751,0.022365307435393333
3074,0.02236492931842804
5355,0.022363051772117615
5639,0.022362446412444115
2618,0.022359619848430157
2453,0.022359449416399002
2553,0.02235808689147234
7990,0.022357325069606304
426,0.022356754168868065
756,0.022356510162353516
7978,0.022355863824486732
3881,0.02235435415059328
4659,0.022353986278176308
394,0.0223524272441864
4329,0.022351332008838654
4323,0.022350755520164967
4591,0.022349825128912926
1904,0.022349496372044086
4286,0.02234887331724167
2028,0.02234720252454281
6081,0.02234675269573927
1323,0.022344636730849743
2123,0.0223405584692955
2015,0.02233867347240448
1958,0.0223385039716959
5513,0.022337837144732475
3161,0.02233764622360468
5245,0.022335797548294067
2570,0.022334633395075798
1863,0.02233411744236946
8376,0.022333589382469654
4743,0.022333387285470963
7430,0.022331831976771355
5472,0.022328723222017288
848,0.022326288744807243
2380,0.02232353389263153
6755,0.02232242189347744
4300,0.02232242003083229
5272,0.02232078555971384
7748,0.022319785319268703
5390,0.022315073758363724
2743,0.02231342066079378
4785,0.02231293637305498
3962,0.022311619482934475
5863,0.022311211563646793
4730,0.022311189211905003
5004,0.022305719554424286
7259,0.022304408252239227
1029,0.02230143453925848
8172,0.0223010228946805
5120,0.022300301119685173
8164,0.022299544885754585
1652,0.02229805663228035
6806,0.022285875864326954
3969,0.022285794839262962
8468,0.022283537313342094
4860,0.022282827645540237
2492,0.022279959172010422
6056,0.022279078140854836
3506,0.02227659896016121
50,0.022275257855653763
7080,0.022275054827332497
2877,0.02227398008108139
384,0.022273821756243706
3838,0.022273165173828602
3173,0.022266064770519733
212,0.022265929728746414
8439,0.022264389321208
5340,0.022264068014919758
3741,0.022263875231146812
1434,0.02226340025663376
4344,0.022263338789343834
7644,0.022262949496507645
6985,0.022262301295995712
1316,0.02225840650498867
5681,0.022258001379668713
504,0.022257935255765915
3387,0.022256629541516304
7256,0.02225647307932377
8354,0.022255145013332367
6146,0.022251811809837818
7047,0.02224848046898842
1096,0.02224764972925186
670,0.022245592437684536
2469,0.022245317697525024
4914,0.022242496721446514
2870,0.022239807061851025
4707,0.022239169105887413
7117,0.022237055003643036
3158,0.022236856631934643
5359,0.022234633564949036
6779,0.022234627045691013
8350,0.022234407253563404
7223,0.02223416417837143
4400,0.02223333530128002
641,0.022232424467802048
5719,0.022231582552194595
6700,0.022231332026422024
6273,0.02223084308207035
1614,0.022230109199881554
6014,0.022224017418920994
1703,0.022222744300961494
3083,0.022222114726901054
2416,0.022221931256353855
2815,0.022216517478227615
8197,0.022215197794139385
7750,0.02221491187810898
8135,0.022214030846953392
570,0.022212982177734375
2519,0.022210605442523956
2726,0.022206277586519718
6735,0.022205899469554424
5810,0.02220203261822462
6580,0.022199515253305435
7981,0.02219677809625864
5070,0.022196713835000992
3268,0.022196590900421143
6602,0.022195911034941673
4302,0.02219514176249504
3145,0.02219383232295513
3141,0.022191308438777924
2293,0.022190745919942856
175,0.0221884585916996
3813,0.022188419476151466
5049,0.02218821458518505
3528,0.02218626905232668
5074,0.02218605764210224
1158,0.02218567579984665
3228,0.022182410582900047
712,0.02218230627477169
664,0.0221819207072258
5645,0.022179046645760536
8415,0.022178729064762592
6332,0.022178230807185173
4992,0.022177408449351788
8105,0.022170942276716232
4198,0.02216913551092148
4294,0.0221682321280241
7379,0.022167998366057873
2802,0.022165526635944843
5005,0.02216336689889431
4731,0.022159922868013382
8352,0.022159507498145103
1100,0.02215803600847721
7169,0.022155849263072014
7903,0.022155771031975746
608,0.022155218757689
2818,0.022153392434120178
2224,0.022151397541165352
491,0.022148743271827698
7294,0.02214820683002472
5364,0.022143835201859474
2251,0.022142362780869007
8179,0.022141503170132637
1405,0.022140761837363243
6471,0.022140740416944027
6085,0.022137558087706566
4258,0.02213724795728922
1106,0.022136228159070015
2354,0.022133560851216316
339,0.02213284559547901
4145,0.022132501006126404
7568,0.022132348269224167
7036,0.022131333127617836
2362,0.022131298668682575
833,0.022130982019007206
6115,0.022130968049168587
7712,0.022130750119686127
1808,0.02212992124259472
3049,0.022123691625893116
5053,0.022122438997030258
808,0.02212166041135788
7232,0.022120870649814606
1325,0.022119239903986454
6577,0.022110063582658768
4557,0.022109735757112503
2432,0.02210729941725731
4374,0.022101975046098232
7102,0.022101186215877533
3398,0.022100461646914482
8277,0.022098109126091003
671,0.02209736406803131
1298,0.022096099331974983
3478,0.022095266729593277
7193,0.02209040243178606
2879,0.02208950836211443
1926,0.022088347002863884
472,0.022087186574935913
47,0.022086515091359615
1101,0.022078566253185272
8067,0.0220778314396739
3781,0.022075624205172062
919,0.02207544632256031
6637,0.02207308355718851
5295,0.022070160135626793
410,0.022069018334150314
446,0.022067366167902946
1600,0.022063054144382477
831,0.022062704898416996
6084,0.0220610573887825
3089,0.02205956168472767
1773,0.022057277150452137
3846,0.022057238034904003
7268,0.0220550075173378
3716,0.022052708081901073
7703,0.022050202824175358
4358,0.022049235180020332
8474,0.022048162296414375
8263,0.02204778604209423
2337,0.022047244012355804
4835,0.02204657904803753
5967,0.022046247497200966
1908,0.022044875659048557
7151,0.022043945267796516
1257,0.022040095180273056
2699,0.022039635106921196
6663,0.02203854452818632
4927,0.022037572227418423
4489,0.022037342190742493
7898,0.0220369640737772
1465,0.022035518661141396
8222,0.02203129045665264
7113,0.022030651569366455
3430,0.022028526291251183
2149,0.022027891129255295
8198,0.02202761173248291
6826,0.022027144208550453
5260,0.02202702686190605
2965,0.022026607766747475
6857,0.02202581614255905
8163,0.02202485129237175
6487,0.022023268043994904
8362,0.02201841212809086
1086,0.022018101066350937
4745,0.02201772015541792
7063,0.02201765961945057
8446,0.022017043083906174
5448,0.022015176713466644
7189,0.02201479859650135
6588,0.022010909393429756
4588,0.02200765535235405
7804,0.02200383599847555
3147,0.022001811303198338
1038,0.022000953555107117
2481,0.02200065366923809
6654,0.02199959196150303
3800,0.02199750766158104
5164,0.021995575167238712
7671,0.02199551835656166
4727,0.021992245689034462
6664,0.02197953686118126
5908,0.02197941765189171
7639,0.02197648398578167
121,0.021975815296173096
7058,0.021975194104015827
8000,0.021974513307213783
610,0.021972086280584335
4174,0.0219705980271101
5176,0.021967685781419277
7434,0.02196730487048626
7729,0.02196616493165493
7544,0.021963711827993393
2446,0.02196323126554489
8254,0.021963183768093586
2915,0.021962248720228672
2761,0.021961918100714684
5166,0.021960708312690258
8251,0.021960570476949215
7695,0.021958149038255215
3889,0.02195668313652277
8464,0.021952975541353226
4783,0.021948463283479214
6256,0.02194752637296915
4674,0.021947398781776428
1746,0.021944829262793064
3125,0.021943834610283375
4185,0.02194361574947834
999,0.021939396858215332
6601,0.021939368918538094
5351,0.021938438527286053
8397,0.021936964243650436
7786,0.02193186804652214
7819,0.021930284798145294
851,0.021930236369371414
3067,0.021928906440734863
2723,0.02192795556038618
6214,0.02192581817507744
2952,0.02192460373044014
5560,0.021924173459410667
165,0.021922948770225048
8387,0.02192281186580658
1082,0.021921884268522263
7002,0.021919984370470047
6108,0.02191830612719059
8449,0.02191492635756731
7716,0.021914483048021793
4333,0.02190970815718174
4523,0.021908503025770187
2989,0.02190731279551983
7545,0.021905341185629368
5078,0.02190498635172844
2748,0.021904966793954372
1206,0.021904252469539642
2736,0.02190340682864189
516,0.021899716928601265
4038,0.02189924754202366
7240,0.021898332983255386
7494,0.021895579993724823
4829,0.021895306184887886
1487,0.021893732249736786
7738,0.02189356368035078
1867,0.021892313845455647
5151,0.02189100068062544
2275,0.021890774369239807
7912,0.021890445612370968
1484,0.021888377144932747
1374,0.02188731823116541
6734,0.02188718505203724
5148,0.02188512496650219
3151,0.0218840092420578
3153,0.021878285333514214
791,0.021877828985452652
4465,0.021877283230423927
7529,0.021876921877264977
4610,0.021875386126339436
1602,0.021874697878956795
134,0.021874450147151947
657,0.021872499957680702
3039,0.021871743723750114
378,0.02187050972133875
5045,0.021869799122214317
6978,0.021867825649678707
3981,0.02186772506684065
2543,0.021863337606191635
3543,0.021861230954527855
3817,0.02185775339603424
5064,0.021855981089174747
3735,0.021855559200048447
172,0.02185378223657608
5087,0.02185141108930111
2327,0.02185139898210764
4478,0.02184849977493286
1483,0.021845102310180664
1595,0.02184484712779522
8040,0.021844131872057915
6714,0.02184355165809393
1012,0.02184227667748928
781,0.021841900423169136
1376,0.0218418650329113
3499,0.021840775385499
5330,0.02184070087969303
3905,0.021839827299118042
533,0.021837898530066013
7827,0.021834202110767365
3936,0.02183325868099928
6497,0.021832741796970367
1436,0.02183206845074892
6005,0.021830828860402107
6934,0.021829936653375626
5173,0.021828042343258858
5042,0.02182767353951931
3894,0.021827060729265213
7717,0.021825737319886684
766,0.021825470961630344
4529,0.021825292147696018
2099,0.021822580136358738
4152,0.021822350099682808
7878,0.02182040922343731
370,0.021820060908794403
4640,0.0218169204890728
1099,0.021815180778503418
6111,0.021813927218317986
6855,0.02181374467909336
7140,0.021811514161527157
3404,0.02181129716336727
8454,0.021806972101330757
5227,0.021806081756949425
722,0.021802927367389202
1885,0.021800043061375618
1093,0.021797966212034225
5290,0.02179463393986225
943,0.021790497936308384
8395,0.02178904041647911
2671,0.021787971258163452
4296,0.021787425503134727
5515,0.021787095814943314
61,0.021786581724882126
8304,0.02178656216710806
6288,0.021785402670502663
617,0.021784150041639805
1219,0.02178391721099615
7090,0.021783899515867233
5845,0.02178349532186985
6096,0.021782969124615192
710,0.02178011927753687
1268,0.021774770691990852
3302,0.021773716434836388
2949,0.021773161366581917
2734,0.021772475913167
4683,0.021771905943751335
3326,0.021771108731627464
1571,0.021769150160253048
1837,0.02176739741116762
5240,0.02176669705659151
331,0.021765745244920254
294,0.021765492856502533
8125,0.02176271192729473
1540,0.021762093529105186
2910,0.02175870817154646
7906,0.021758402697741985
7445,0.021756213158369064
8489,0.021756045520305634
5890,0.02175247296690941
4841,0.02175212651491165
2372,0.021751197054982185
1807,0.021750865504145622
3079,0.021749436855316162
2304,0.0217483164742589
478,0.021747701801359653
5881,0.021747447550296783
7584,0.021743834018707275
621,0.021743815392255783
4472,0.02174248918890953
3705,0.021740487776696682
3216,0.02173799555748701
2628,0.021737528033554554
3646,0.02173712197691202
601,0.02173636481165886
99,0.02173627819865942
1460,0.021735478192567825
755,0.021733613684773445
7917,0.02173237595707178
2462,0.0217311792075634
7481,0.021729227155447006
689,0.021725676022469997
5041,0.021721862256526947
6044,0.021721393801271915
4861,0.02172047831118107
3134,0.021720021963119507
5405,0.02171806339174509
7387,0.021717841736972332
2678,0.02171771600842476
1618,0.021714634262025356
129,0.021711891517043114
4479,0.021710705012083054
2514,0.021708990447223186
4890,0.021707823500037193
7757,0.02170674316585064
67,0.021704738959670067
6716,0.02170451171696186
5812,0.02169797196984291
5699,0.02169760875403881
250,0.02169298194348812
164,0.02169291116297245
8398,0.021692533046007156
3731,0.021689635701477528
2566,0.02168849017471075
5170,0.021685287356376648
267,0.02168404869735241
179,0.021681121550500393
1417,0.02168062888085842
6863,0.021679705008864403
2530,0.021677588112652302
3884,0.021675828844308853
2983,0.0216757794842124
4582,0.021674576215445995
6135,0.02167347352951765
3294,0.02167290449142456
561,0.021672170609235764
1640,0.021671723574399948
2755,0.02167142927646637
5671,0.021669101901352406
7,0.02166777104139328
1042,0.02166648954153061
3581,0.021666335873305798
8217,0.02166561223566532
5906,0.021665552631020546
6154,0.021664990112185478
6365,0.021664374507963657
8205,0.02166322059929371
220,0.021662956103682518
5510,0.021662527695298195
3308,0.021661804988980293
6753,0.021661724895238876
747,0.021660981699824333
6888,0.021657423116266727
728,0.02165339235216379
8276,0.021651073358953
8027,0.02164772804826498
1886,0.02164672128856182
7516,0.02164536342024803
1673,0.02164510078728199
7109,0.02164214476943016
483,0.021642085164785385
7395,0.021642038598656654
6667,0.02164152543991804
1747,0.021639748476445675
2371,0.02163783647119999
6011,0.02163510210812092
5913,0.021633999422192574
3406,0.021633123978972435
5145,0.021633028984069824
899,0.02163301222026348
1546,0.02163299173116684
6283,0.021632375195622444
2066,0.021632368676364422
4904,0.021631566807627678
2517,0.02162896655499935
745,0.021628696471452713
2834,0.021626465022563934
1180,0.021625488996505737
7023,0.021625339053571224
499,0.02162257954478264
3112,0.021622180938720703
5722,0.021621705032885075
3953,0.02162107080221176
4948,0.021620890125632286
2353,0.021620112471282482
6773,0.021618111990392208
6102,0.021617894992232323
1343,0.021617836318910122
2894,0.02161381021142006
8238,0.021613293327391148
6874,0.02160683646798134
8261,0.021605754271149635
5108,0.021603403612971306
7604,0.02160306740552187
5223,0.021601767279207706
5998,0.021599636413156986
6811,0.021595466881990433
1825,0.021593604236841202
545,0.021591744385659695
5043,0.021587460301816463
1847,0.021586189046502113
2630,0.021582567133009434
5446,0.021582440473139286
412,0.021581330336630344
115,0.021580959670245647
3989,0.021580766886472702
2016,0.021578146144747734
8128,0.02157634310424328
495,0.02157539129257202
6930,0.02157484646886587
3370,0.021574812941253185
3252,0.021574415266513824
7116,0.021569293923676014
5211,0.02156919427216053
2005,0.021566604264080524
5008,0.021566355600953102
5687,0.021564146503806114
3315,0.021563392132520676
3681,0.021562940441071987
2721,0.021561890840530396
5125,0.021561652421951294
6531,0.021559307351708412
5568,0.02155504934489727
4558,0.02155313640832901
8424,0.021549688652157784
7905,0.021546363830566406
7901,0.021545596420764923
6241,0.02154176402837038
509,0.021540935151278973
6445,0.021538248285651207
5755,0.021534521132707596
8320,0.021533534862101078
4107,0.021533324383199215
829,0.02153047639876604
385,0.021529446355998516
6917,0.021528569981455803
4156,0.02152834925800562
5847,0.021526023745536804
3246,0.02152182161808014
2940,0.021521132439374924
4287,0.021520499140024185
967,0.021519777365028858
59,0.021516268141567707
5304,0.021511360071599483
8072,0.02151072397828102
4119,0.021510244347155094
403,0.021510101854801178
5954,0.021507947705686092
1112,0.021506542339920998
2236,0.02150571346282959
2829,0.021505137905478477
6252,0.021505093201994896
3403,0.021503053605556488
3299,0.021501844748854637
4649,0.02150172833353281
3051,0.021501676179468632
7013,0.02149660885334015
2234,0.021491294726729393
1513,0.021489434875547886
2614,0.021488417871296406
4574,0.021484414115548134
1896,0.021480275318026543
2252,0.02147938497364521
6805,0.02147628739476204
2229,0.02147165685892105
4653,0.02147096022963524
4975,0.02146904729306698
2439,0.02146304026246071
2626,0.0214614300057292
3380,0.02145754173398018
1556,0.02145584672689438
6266,0.021453576162457466
7216,0.021453156135976315
5097,0.021447479724884033
3673,0.02144591510295868
6410,0.021445685997605324
5028,0.02144302986562252
1818,0.02144271694123745
6268,0.021441827528178692
5985,0.021441515535116196
2884,0.0214385949075222
5308,0.0214384812861681
7571,0.021434279158711433
7190,0.021432259120047092
299,0.021431762725114822
5468,0.0214305454865098
2460,0.02142871730029583
3006,0.02142666932195425
7863,0.021425480023026466
7754,0.021424363367259502
8366,0.02142275683581829
2485,0.021421853452920914
2593,0.021419968456029892
5668,0.021415780298411846
6933,0.0214151069521904
3564,0.021413195878267288
7611,0.021408215165138245
8187,0.021407105028629303
577,0.02140137180685997
889,0.02140111941844225
7077,0.021394208073616028
5976,0.02139201946556568
3317,0.02139175869524479
1271,0.02139127440750599
2388,0.021388955414295197
6314,0.021387457847595215
8360,0.02138487622141838
1635,0.021384169347584248
5965,0.021380789577960968
4005,0.021375495940446854
8112,0.021372871473431587
2857,0.021372035145759583
7204,0.021369772031903267
439,0.0213679987937212
1555,0.021365792490541935
576,0.02136484533548355
679,0.021359678357839584
7787,0.021358883008360863
3756,0.021358652971684933
3477,0.02135704644024372
2357,0.021351633593440056
2635,0.02135028876364231
2374,0.021348457783460617
3340,0.02134791389107704
4089,0.021346616558730602
7327,0.02134596649557352
6969,0.021345842629671097
1797,0.02134417463093996
6566,0.021344021894037724
4895,0.021331782452762127
4768,0.0213308222591877
3683,0.02133059035986662
6653,0.021327787078917027
956,0.021325748413801193
5793,0.02132452931255102
5663,0.02132057398557663
1387,0.021319950930774212
5574,0.021319296211004257
6408,0.021318469196558
7056,0.02131729945540428
1409,0.02131603378802538
1131,0.02131570503115654
4075,0.02131091058254242
2106,0.021306597627699375
3109,0.021306009963154793
7736,0.021302834153175354
8158,0.021302541717886925
3156,0.02130208909511566
4655,0.02130149118602276
2456,0.021300680935382843
4740,0.021300490014255047
4110,0.021298611536622047
760,0.02129698172211647
6532,0.021296107210218906
6251,0.021294443868100643
1240,0.02129284106194973
1666,0.021292309276759624
7882,0.02129155769944191
1088,0.021291173994541168
8481,0.02128741145133972
6668,0.021285681053996086
1913,0.021284528076648712
1888,0.021282130852341652
2402,0.021280640736222267
2036,0.021279076114296913
7913,0.02127840183675289
5034,0.021276118233799934
5865,0.02127080410718918
8216,0.021265793591737747
1261,0.021264519542455673
6991,0.021262741647660732
1581,0.02126216981559992
7180,0.0212552510201931
948,0.021250947378575802
1724,0.021249241195619106
3204,0.021245013922452927
2908,0.021243887022137642
5067,0.021243673749268055
4713,0.021240497939288616
216,0.02123699150979519
3169,0.021235999651253223
1336,0.02122931182384491
5511,0.021226911805570126
3530,0.02122646663337946
4702,0.02122404333204031
2499,0.021218296140432358
7388,0.021211279556155205
8252,0.02121022529900074
3601,0.021208010613918304
5122,0.021206194534897804
6237,0.021204447373747826
2728,0.02119969017803669
7690,0.02119939774274826
7279,0.021199189126491547
3920,0.021198607981204987
5119,0.021191854029893875
6615,0.021191783249378204
1420,0.021190950646996498
8315,0.021187931299209595
4380,0.021183133125305176
3805,0.021176078356802464
4894,0.021170436404645443
1557,0.02117042802274227
1342,0.021169918589293957
6744,0.021169180050492287
568,0.02116427570581436
7889,0.021159241907298565
3722,0.021151797845959663
1633,0.021148386411368847
3217,0.02114741876721382
3003,0.021145829930901527
4277,0.021143839694559574
8126,0.021143706515431404
1775,0.021143073216080666
5604,0.02113477885723114
4255,0.021133940666913986
7865,0.02113132830709219
4508,0.021130595356225967
1212,0.021129273809492588
5522,0.021121252328157425
3715,0.021118586882948875
2221,0.02111433446407318
3736,0.021112406626343727
6971,0.021110007539391518
5020,0.021109379827976227
6958,0.021109228022396564
7067,0.021107515320181847
521,0.021104143001139164
4154,0.02110228408128023
858,0.021101674996316433
8465,0.021101612597703934
5103,0.02109668403863907
7219,0.021096643060445786
2896,0.02109457738697529
7495,0.021091004833579063
3652,0.021087605506181717
3888,0.021087567321956158
8209,0.021085338667035103
202,0.021081361919641495
660,0.021080028265714645
7478,0.021068237721920013
4342,0.02105771191418171
5592,0.021057073026895523
2457,0.021054590120911598
3064,0.02105426136404276
3264,0.021033678203821182
6890,0.021022621542215347
4545,0.021019963547587395
2201,0.021014482714235783
1681,0.021004103124141693
2288,0.021000582724809647
5946,0.020998697727918625
6585,0.020988515578210354
5512,0.02098817564547062
6572,0.020987841300666332
4831,0.020965788513422012
5572,0.020965575240552425
7359,0.02095064241439104
3542,0.020950311794877052
2738,0.020945243537425995
7794,0.020936635322868824
4134,0.02093655988574028
5790,0.020931275561451912
5037,0.020929837599396706
6689,0.020929358899593353
4760,0.020925345830619335
2400,0.020922508090734482
1083,0.020921984687447548
3148,0.020921021699905396
5933,0.02091910969465971
3342,0.02091856487095356
4149,0.020918309688568115
2404,0.02091817557811737
8448,0.020917803049087524
418,0.020915628410875797
963,0.02091321349143982
242,0.02091194409877062
2074,0.020906190387904644
401,0.02090470865368843
4511,0.020899003371596336
5943,0.020898213610053062
1287,0.020895923487842083
4836,0.020892968401312828
5456,0.020884009078145027
598,0.020883914083242416
1377,0.02087847888469696
174,0.020876018330454826
8241,0.02086733467876911
1415,0.020866701379418373
7841,0.020864952355623245
4131,0.020857414230704308
5637,0.020846348255872726
6799,0.02083197422325611
1337,0.020830750465393066
1610,0.020810069516301155
1988,0.020805738866329193
5625,0.020805460400879383
7886,0.020796403288841248
7186,0.020793484523892403
5693,0.02079291082918644
8235,0.02078799158334732
2657,0.020783789455890656
4819,0.020782986655831337
7838,0.020771412178874016
2472,0.020770329982042313
7519,0.020759351551532745
7504,0.020755566656589508
15,0.020714450627565384
1907,0.0207062354311347
11,0.0207033921033144
695,0.020698536187410355
1373,0.020692920312285423
3160,0.020686978474259377
7933,0.020672052167356014
477,0.020671525970101357
2237,0.020661622285842896
3048,0.02065717801451683
2385,0.020633399486541748
6320,0.020624972879886627
1709,0.02062359359115362
3394,0.020613141357898712
5609,0.020597249269485474
6748,0.02058170922100544
1040,0.020580606535077095
7301,0.020562510937452316
7506,0.020562350749969482
3209,0.02053216379135847
6688,0.020530368201434612
4603,0.020526718348264694
5451,0.020507192239165306
6597,0.020507140085101128
7763,0.0204879492521286
1203,0.020485020242631435
5055,0.02048251498490572
8073,0.02047017402946949
2826,0.02045974601060152
1523,0.020453140139579773
723,0.020443967543542385
3357,0.020434170961380005
4926,0.020407073199748993
2498,0.020402323454618454
2433,0.020372101105749607
1981,0.020371178165078163
7777,0.02036425843834877
1801,0.020354051142930984
2673,0.020330917090177536
3940,0.02031382266432047
6702,0.02029732335358858
7351,0.020295378752052784
7055,0.020288709551095963
7565,0.020209794864058495
6739,0.02020337898284197
775,0.02019687369465828
6926,0.020180274732410908
5607,0.02015061303973198
4684,0.02014109678566456
3991,0.020135830156505108
2216,0.020127709954977036
4781,0.02012248057872057
7453,0.020106217823922634
5999,0.020095638930797577
994,0.020063123665750027
5783,0.020031843334436417
3234,0.020031817257404327
4516,0.020022843964397907
6180,0.020014872774481773
6033,0.02001195214688778
4570,0.020009947009384632
7673,0.02000264171510935
6053,0.020000576972961426
7353,0.019999878481030464
6853,0.019984006881713867
4621,0.019963394850492477
3210,0.019931362010538578
7170,0.019912123680114746
8188,0.019905083812773228
2538,0.01989472471177578
1235,0.019893581047654152
3754,0.019877553917467594
2134,0.019876652397215366
7409,0.01986939087510109
2102,0.019842831417918205
4865,0.01977873221039772
373,0.01970296259969473
1534,0.01968708261847496
3599,0.019685273058712482
7640,0.019677461124956608
1220,0.019672129303216934
6213,0.019665036350488663
6517,0.01961521804332733
43,0.019577142782509327
2795,0.019560515880584717
7832,0.019525292329490185
16,0.019515300169587135
1676,0.019497069530189037
6043,0.019492842257022858
4650,0.01949264109134674
5963,0.019489169120788574
6467,0.019472909159958363
7459,0.019465606659650803
7847,0.01944608800113201
3207,0.019444871693849564
558,0.01940680854022503
3638,0.01938137784600258
902,0.01938110589981079
6515,0.019373463466763496
413,0.019331922754645348
7971,0.01932891644537449
4598,0.019318457692861557
2187,0.0193096362054348
6603,0.019243011251091957
2550,0.019224753603339195
97,0.0191598292440176
5411,0.01904855389147997
2088,0.019045358523726463
5447,0.019036545418202877
1895,0.019026382826268673
632,0.019006752409040928
2567,0.018979515880346298
6141,0.0189354931935668
1864,0.01892051100730896
8383,0.01891334541141987
4651,0.018893432803452015
5147,0.01889229752123356
3941,0.01888355240225792
3354,0.01881203055381775
1715,0.018787951208651066
1516,0.01878743153065443
7747,0.018780365586280823
2997,0.018769090995192528
5833,0.018733718432486057
5517,0.018725517205893993
4681,0.018720353953540325
4701,0.018712676130235195
2037,0.018675444647669792
2442,0.018638014793395996
332,0.01857166178524494
4146,0.01849938929080963
1102,0.018469813279807568
8038,0.018445023335516453
2516,0.018414598889648914
4665,0.018404209055006504
914,0.018400469794869423
7043,0.018399611115455627
2525,0.01838856842368841
5803,0.018359042704105377
1678,0.018343355506658554
1397,0.01830476801842451
5234,0.018281899392604828
7885,0.018256723880767822
1880,0.018227715976536274
315,0.018174564465880394
4493,0.018160101026296616
5192,0.01814321242272854
7262,0.018104438669979572
7875,0.018084514886140823
3002,0.018045566976070404
2413,0.018029553815722466
2115,0.01802600920200348
5154,0.01798008568584919
2091,0.017976469360291958
3360,0.01795744150876999
4317,0.017920121550559998
6008,0.017869007773697376
6791,0.01786641590297222
6809,0.017750240862369537
6315,0.017750008031725883
4988,0.017739463597536087
3720,0.01773175038397312
2745,0.01771257072687149
6368,0.017646866850554943
4889,0.017642345279455185
2560,0.01764084678143263
5644,0.017600368708372116
1279,0.017599768936634064
4507,0.01758334133774042
2317,0.017547890543937683
7285,0.017505815252661705
605,0.017497219145298004
5449,0.01747678779065609
1281,0.017461970448493958
4690,0.01744457706809044
6372,0.017432890832424164
7936,0.01742955669760704
8495,0.017417320981621742
1262,0.01736744772642851
3726,0.017339840531349182
3704,0.017327562905848026
1799,0.017236795276403427
1561,0.017221199348568916
946,0.017182710580527782
8314,0.017157758586108685
6374,0.017126006074249744
6285,0.017111280001699924
697,0.017103485763072968
3944,0.017093539237976074
5207,0.017054934054613113
6729,0.01704394444823265
4238,0.01698028575628996
5703,0.01695389300584793
6225,0.01694979891180992
8283,0.016938090324401855
2876,0.01693396270275116
4537,0.016930140554904938
3222,0.016917990520596504
731,0.016887596808373928
7372,0.016886277124285698
4974,0.01687869429588318
3373,0.016873766668140888
748,0.01686631515622139
2936,0.016839390620589256
2449,0.016771703958511353
5769,0.016759008169174194
6000,0.016751812770962715
1723,0.01674837712198496
6730,0.016723982989788055
1209,0.016718030907213688
5460,0.016673222184181213
3220,0.0166622307151556
1765,0.016652561724185944
4911,0.01664112787693739
5920,0.01659257337450981
4462,0.01658942922949791
7076,0.016573362052440643
4301,0.01656423695385456
3090,0.016531631350517273
2893,0.016453390941023827
4605,0.016434776596724987
1754,0.01641317643225193
1245,0.016316451132297516
5807,0.01631079986691475
3713,0.016277003102004528
5813,0.01624445617198944
4048,0.01621074602007866
4522,0.016180992126464844
3821,0.016179721802473068
3608,0.016176976263523102
223,0.016137784346938133
2546,0.016133069060742855
7289,0.01612723059952259
146,0.016110683791339397
2720,0.016076378524303436
2188,0.016072075814008713
2273,0.016062645241618156
3924,0.016054839827120304
4581,0.015995473600924015
1304,0.015961160883307457
6437,0.01593769993633032
6950,0.015887294430285692
3435,0.01587810553610325
7503,0.01585225760936737
3408,0.015843957662582397
7959,0.015841576270759106
3310,0.01583537645637989
3515,0.015806573443114758
1942,0.015761494636535645
3126,0.01575723383575678
2190,0.01572519540786743
4873,0.015720872208476067
4575,0.0157175213098526
5208,0.015667568892240524
5235,0.015644390136003494
6242,0.01558014377951622
5936,0.015551845543086529
8459,0.01550282584503293
700,0.015465565025806427
7213,0.015462474897503853
2264,0.015411398373544216
4188,0.015396466478705406
1729,0.01537396851927042
4018,0.015367388725280762
5585,0.01531359925866127
6674,0.01523733139038086
7156,0.015171090140938759
4069,0.015160591341555119
6850,0.015127521008253098
7121,0.015118557959794998
1654,0.015099875628948212
80,0.01508120633661747
3470,0.015042539685964584
7781,0.014981518499553204
2262,0.014975788071751595
5809,0.014967992901802063
1227,0.014916643500328064
7597,0.014869431033730507
109,0.014859603252261877
6027,0.014844539575278759
382,0.014833413064479828
383,0.014831079635769129
1087,0.014821880031377077
73,0.014794761314988136
4211,0.014714955352246761
2685,0.014690425712615252
8206,0.0146855553612113
7215,0.014684721827507019
4878,0.014680437743663788
8177,0.014616698026657104
6028,0.014605201780796051
7675,0.014593534171581268
5588,0.014545608311891556
2562,0.014517774805426598
2686,0.014506817795336246
4694,0.01449172804132104
1058,0.014424788765609264
1447,0.014420872554183006
2950,0.014382694382220507
317,0.014371160417795181
6979,0.014340330380946398
5744,0.014315925538539886
6666,0.014283411204814911
3260,0.014282985590398312
231,0.014277691952884197
7605,0.014239741489291191
2713,0.014187433291226625
5477,0.014185271691530943
1021,0.01416794117540121
4687,0.014160436112433672
1824,0.014152314513921738
6524,0.014143198728561401
4744,0.014141361229121685
7161,0.014104068279266357
5874,0.01403240766376257
1052,0.013992506079375744
1577,0.013984719291329384
4749,0.013981640804558992
2191,0.013914315961301327
3078,0.013901994563639164
237,0.013901273719966412
7826,0.013850404880940914
3776,0.01377427950501442
7020,0.013747137505561113
1736,0.013700731564313173
867,0.013668183237314224
7823,0.013661101460456848
241,0.013652803376317024
2172,0.01363592455163598
5095,0.013633058406412601
1285,0.013602025806903839
497,0.013571120798587799
7909,0.013549786061048508
334,0.013545513153076172
8017,0.013537750579416752
6767,0.013475915882736444
2024,0.013414397835731506
4676,0.013401706237345934
628,0.013345074839890003
8107,0.01331286272034049
7449,0.013258617371320724
5248,0.013257114216685295
1928,0.013253385201096535
6074,0.013247526250779629
5502,0.013225785456597805
7678,0.013203045818954706
3517,0.013195582199841738
5236,0.013141762465238571
8316,0.013084856793284416
2912,0.013077663257718086
8160,0.013069277163594961
1475,0.01298964163288474
7942,0.012967196758836508
5475,0.012929338961839676
6067,0.01290185796096921
3085,0.012896110769361258
7000,0.01288802782073617
3318,0.012823177967220545
4352,0.012782939709722996
3235,0.012779440730810165
3397,0.01271106954663992
7408,0.012691951356828213
7095,0.012685894966125488
79,0.01265661045908928
3195,0.012624967843294144
5450,0.012613154016435146
2409,0.012602722737938166
1071,0.012567883357405663
653,0.012533604633063078
6810,0.012504927814006805
5199,0.012498810887336731
3561,0.012496612034738064
238,0.01241050660610199
6110,0.01240392867475748
1195,0.012343345675617456
7265,0.012320366688072681
4794,0.012239532545208931
5193,0.012212716974318027
5428,0.012205118779093027
7082,0.01220036344602704
1515,0.012160700280219316
2138,0.012148372363299131
788,0.01213369332253933
6013,0.01204654574394226
3348,0.011997386813163757
6878,0.011964195407927036
3320,0.011955817695707083
4669,0.011924266815185547
4326,0.011912244372069836
5233,0.011909272521734238
7011,0.011876258999109268
1547,0.011848489753901958
6040,0.011845241766422987
5880,0.011835965793579817
7401,0.011832268442958593
6871,0.011815324425697327
7983,0.011698057875037193
7732,0.011642133817076683
5608,0.01163698686286807
3903,0.011629635468125343
154,0.011596649885177612
6175,0.01157720573246479
2202,0.011573709547519684
6470,0.011524565983563662
5437,0.011521851643919945
1921,0.011495783925056458
5962,0.011427730321884155
322,0.011421400122344494
6957,0.011335006915032864
4026,0.011323776096105576
1813,0.011301835533231497
1280,0.011285095009952784
6510,0.011279867496341467
1782,0.011215867474675179
7538,0.011196360923349857
3185,0.011147048324346542
20,0.0110826357267797
7339,0.011078187730163336
5455,0.011043554171919823
6196,0.011018349789083004
3858,0.011000636499375105
4453,0.01095619611442089
6586,0.010914756916463375
8343,0.010866785421967506
583,0.010845674201846123
1906,0.010845315176993608
5342,0.01083618775010109
3670,0.010745159815996885
3407,0.010742517188191414
6816,0.01068495586514473
8287,0.010682075750082731
3520,0.01066880812868476
2465,0.010610139928758144
3556,0.010599724482744932
3399,0.01059447368606925
7305,0.010587094817310572
777,0.010525036603212357
7029,0.010498172603547573
6422,0.010464787483215332
4563,0.010423725936561823
2511,0.0103884213604033
1306,0.010342985391616821
2853,0.010333234444260597
5794,0.010332690086215734
6348,0.010285768657922745
3377,0.010182607918977737
5500,0.010165499523282051
7618,0.010159507393836975
741,0.010143839754164219
903,0.010086169466376305
2953,0.010075599420815706
7450,0.010033515747636557
4372,0.010017908178269863
3289,0.01001647673547268
7613,0.010008201003074646
1836,0.0100014116615057
8090,0.009995354805141687
6558,0.009989940095692873
7808,0.009977499954402447
5726,0.009928050450980663
7767,0.009876082185655832
7771,0.009870678186416626
3700,0.009854938834905624
4952,0.009825630113482475
7209,0.009764077607542276
3420,0.009761822409927845
2715,0.009756891056895256
4313,0.009726419113576412
4576,0.009721937589347363
4331,0.00971674919128418
5316,0.00971066951751709
8102,0.00969594158232212
822,0.009687716607004404
3718,0.009667948819696903
3566,0.009595054667443037
1965,0.009558867663145065
6972,0.009510551579296589
6706,0.009494476020336151
3487,0.009494295343756676
1694,0.009421935770660639
2823,0.009406897705048323
3136,0.009397021029144526
7606,0.009396729059517384
4256,0.009366905316710472
2641,0.00935305655002594
7868,0.009335155598819256
4601,0.009305059909820557
8161,0.00930050015449524
3729,0.009252825286239386
1479,0.009230032563209534
2993,0.009214356541633606
6548,0.009180743247270584
6718,0.009139856323599815
3460,0.009137570858001709
4330,0.009128005243837833
4752,0.009122911840677261
3760,0.009113988373428583
3434,0.009099006652832031
8215,0.009095590561628342
6697,0.009080540388822556
3188,0.009060016833245754
1,0.00903655355796218
6817,0.00896095484495163
4972,0.008954796940088272
6491,0.008871461264789104
5255,0.008847089484333992
6452,0.008837670553475618
4260,0.008703675586730242
5073,0.008697303012013435
3453,0.008680202532559633
4251,0.008668743539601564
5736,0.00866803526878357
2961,0.00865885242819786
4551,0.008643007837235928
7205,0.008628061041235924
6618,0.008607327938079834
847,0.008571149781346321
1779,0.008495957590639591
579,0.008482031989842653
6983,0.008445829153060913
8451,0.00841005239635706
3265,0.008401351049542427
2324,0.008400931023061275
263,0.008386895060539246
1642,0.008380934596061707
209,0.008339305873960257
4248,0.00830718083307147
5867,0.0082401717081666
5621,0.008220820687711239
6129,0.008204534649848938
7006,0.008170153480023146
1389,0.008141517639160156
6610,0.008072257041931152
3239,0.00799213582649827
1424,0.007957711815834045
7432,0.00793302059173584
4944,0.007922063115984201
5750,0.007895393762737513
1236,0.007872591726481915
1626,0.007769303163513541
1163,0.007730212062597275
5439,0.007675741566345096
8409,0.007656939793378115
962,0.007590674329549074
3791,0.007547401823103428
3219,0.007500726729631424
1504,0.007484294008463621
4446,0.007445134222507477
3611,0.00731252133846283
8219,0.007281927391886711
5919,0.007258623838424683
2124,0.007235635770484805
8485,0.007217706181108952
6065,0.007154899649322033
2153,0.007093311753123999
8178,0.007093219552189112
6144,0.007053777575492859
3861,0.007047857390716672
6762,0.0070197617169469595
1846,0.007007814710959792
2414,0.006979898549616337
168,0.006971359020099044
1840,0.00675594387575984
6956,0.006681299768388271
6281,0.006526546319946647
8057,0.0065221041440963745
1408,0.0064843574073165655
2780,0.006481284275650978
6694,0.006417980417609215
2178,0.0063873641192913055
3364,0.006371311843395233
779,0.006133874412626028
3976,0.006123684346675873
4941,0.006096371682360768
1564,0.00607380410656333
5102,0.006070926319807768
4194,0.0060661486349999905
33,0.006026739487424493
5201,0.006015175022184849
4281,0.005996175110340118
5535,0.005978982895612717
7668,0.00597761501558125
7520,0.005950418068096042
7472,0.0059488676488399506
2629,0.005946215707808733
6148,0.00593428174033761
740,0.0059226034209132195
1015,0.005915575893595815
6106,0.0058563146740198135
282,0.005817044759169221
135,0.005802240921184421
116,0.005774938501417637
6319,0.005763329565525055
2307,0.0056701479479670525
1426,0.0056631797924637794
3426,0.005578190088272095
2104,0.0055626193061470985
106,0.005553475581109524
2973,0.005531209753826261
6233,0.005505747860297561
338,0.005435048369690776
573,0.005431154277175665
2212,0.005416604224592447
809,0.005375743610784411
2053,0.005304949823766947
5396,0.005286151776090264
4424,0.0052294363267719746
6620,0.005092420848086476
884,0.005018332274630666
7930,0.004977123346179724
1171,0.004954152042046189
2863,0.004841572605073452
4067,0.0047518229112029076
8114,0.004719989839941263
4566,0.004641235806047916
4971,0.004633739590644836
3985,0.004631533985957503
4818,0.004630300449207425
1174,0.00462141796015203
5652,0.004496373236179352
1809,0.004470781423151493
5423,0.0044254877138882875
7614,0.004392893984913826
4519,0.004375580698251724
3439,0.00435364805161953
4504,0.004334751516580582
8311,0.004313100362196565
7561,0.004268354503437877
6757,0.004265384282916784
3069,0.004256883170455694
979,0.00423919758759439
8052,0.0041867769323289394
1563,0.004162641242146492
2268,0.00415713363327086
6195,0.004102533683180809
6780,0.0040739974938333035
5300,0.0040711164474487305
6877,0.004027694463729858
7999,0.004005464375950396
6715,0.0040001923916861415
7225,0.003981682006269693
3631,0.003976704669184983
4017,0.003941680770367384
4262,0.003848857246339321
6923,0.0038478225469589233
7099,0.003685552626848221
287,0.00366899895016104
2945,0.0036179423332214355
1217,0.003592052264139056
7756,0.0035052867606282234
853,0.0034024971537292004
3831,0.0033948897616937757
6045,0.0033900929847732186
7469,0.003287680330686271
6136,0.00328417238779366
8271,0.003245255909860134
3743,0.0031746947206556797
376,0.0031454814597964287
8049,0.003068738617002964
5712,0.0030322152888402343
1193,0.002995584160089493
4615,0.002803952433168888
7550,0.0027703469386324286
6402,0.0027218982577323914
4499,0.0027061530854552984
1752,0.002643757383339107
1925,0.0026352107524871826
1611,0.0024375332286581397
1901,0.002408422529697418
6512,0.002386096864938736
8091,0.0022955285385251045
6703,0.0022644972195848823
4844,0.0021880343556404114
5877,0.002181406947784126
7836,0.0021643340587615967
5002,0.002106474479660392
4724,0.001993886544369161
7385,0.0018936563283205032
3285,0.001893356442451477
3095,0.0016705356538295746
870,0.0016574859619140625
840,0.0015833578072488308
7200,0.001340238202828914
2510,0.0011749267578125
7951,0.0010586008429527283
2554,0.0009916545823216438
4677,0.0009671692678239197
3751,0.0009253695607185364
2577,0.0007788538932800293
6099,0.0007410449907183647
5160,0.0006634220480918884
2700,0.00031413137912750244
2419,5.9194862842559814e-05
8427,-2.401694655418396e-05
8282,-0.0001408904790878296
7039,-0.00017851591110229492
1891,-0.0005298294126987457
4791,-0.0010788142681121826
8470,-0.0012409687042236328
590,-0.0013723373413085938
4779,-0.002021525055170059
6192,-0.0023871660232543945
1118,-0.002399757504463196
2923,-0.0025568753480911255
5792,-0.0028180181980133057
4393,-0.0028528645634651184
6800,-0.003912627696990967
5482,-0.0041816867887973785
1226,-0.004195570945739746
6831,-0.004350381903350353
7333,-0.004396345466375351
2435,-0.0044703297317028046
1225,-0.004770442843437195
4155,-0.004921630024909973
8020,-0.004982754588127136
6661,-0.005204737186431885
7659,-0.005307696759700775
3603,-0.005685895681381226
3240,-0.005970965139567852
6772,-0.006708689033985138
6612,-0.007405988872051239
3379,-0.007538806647062302
7815,-0.007795028388500214
284,-0.007910124957561493
2584,-0.007930368185043335
207,-0.007938414812088013
279,-0.008344627916812897
3540,-0.008437871932983398
5090,-0.009426124393939972
7181,-0.009445255622267723
635,-0.009468510746955872
6331,-0.0095655657351017
893,-0.009576767683029175
4389,-0.009585022926330566
3706,-0.009714692831039429
1522,-0.009931877255439758
8009,-0.009934604167938232
2770,-0.010171860456466675
4279,-0.010332509875297546
4167,-0.010752379894256592
5524,-0.010794490575790405
7176,-0.011029545217752457
4544,-0.011334173381328583
5684,-0.011404134333133698
1109,-0.011901779100298882
6781,-0.012314796447753906
3555,-0.01233605295419693
3999,-0.012557926587760448
7514,-0.012756109237670898
8157,-0.012789963744580746
551,-0.012886762619018555
211,-0.013131313025951385
361,-0.01329195499420166
4047,-0.013333898037672043
6775,-0.014005005359649658
2895,-0.014510080218315125
186,-0.014562994241714478
3698,-0.014669218100607395
377,-0.014889616519212723
5420,-0.01539844274520874
123,-0.01545804738998413
200,-0.015759851783514023
405,-0.01577746868133545
5301,-0.01608135551214218
6962,-0.0160977840423584
22,-0.016502149403095245
4001,-0.017054863274097443
5975,-0.017183393239974976
1139,-0.01726984977722168
1578,-0.01727423071861267
1969,-0.01748642325401306
3594,-0.017892614006996155
3279,-0.018129490315914154
6955,-0.018425017595291138
414,-0.018797725439071655
6944,-0.01943133771419525
2658,-0.01946660876274109
3746,-0.019504398107528687
845,-0.019629180431365967
793,-0.01975848339498043
666,-0.019853830337524414
2606,-0.0202192310243845
5072,-0.020293164998292923
470,-0.020459560677409172
1518,-0.0205652117729187
6229,-0.020930178463459015
3949,-0.021084696054458618
3686,-0.02134014666080475
2455,-0.021412279456853867
3419,-0.021527438424527645
6929,-0.0217323899269104
1229,-0.02194620668888092
8081,-0.02200949937105179
7498,-0.022077441215515137
6617,-0.02221331000328064
1448,-0.02239590883255005
7974,-0.022814646363258362
6691,-0.0239667147397995
2180,-0.02416078746318817
920,-0.02420114539563656
681,-0.02489296719431877
8078,-0.025169730186462402
7710,-0.025198891758918762
1009,-0.025405343621969223
5804,-0.025446809828281403
1237,-0.025481775403022766
6789,-0.02633340284228325
8476,-0.027231425046920776
2534,-0.027998097240924835
7711,-0.028083238750696182
3933,-0.028461992740631104
2697,-0.02921833097934723
940,-0.03005913272500038
3614,-0.030218303203582764
6023,-0.030470170080661774
4970,-0.03066113591194153
4682,-0.030696529895067215
7574,-0.030731409788131714
2315,-0.030877485871315002
4368,-0.03103283792734146
4362,-0.03125780075788498
7103,-0.03135047107934952
4811,-0.03135690838098526
4892,-0.031398236751556396
4498,-0.03183570317924023
2038,-0.03220052272081375
3863,-0.03275786340236664
5984,-0.03324136137962341
6341,-0.03333614766597748
2277,-0.033346980810165405
4526,-0.03347933292388916
5581,-0.033501715399324894
7726,-0.033532559871673584
5806,-0.03422626852989197
3375,-0.03424345701932907
5941,-0.034370437264442444
2475,-0.03441627323627472
7391,-0.03446214273571968
4532,-0.0345458947122097
7026,-0.035282593220472336
2421,-0.03530078008770943
3674,-0.03571557719260454
6692,-0.036504585295915604
7572,-0.036955734714865685
7797,-0.03759947419166565
2627,-0.037744611501693726
2980,-0.0380583256483078
3947,-0.038275331258773804
3139,-0.03830742835998535
2322,-0.03869125247001648
1202,-0.0389680340886116
2711,-0.03908359631896019
4857,-0.03916677087545395
1199,-0.03958651423454285
3428,-0.039690494537353516
2258,-0.03997305780649185
5261,-0.04010620713233948
2568,-0.04034167528152466
6742,-0.04038982838392258
5410,-0.040620386600494385
4951,-0.04076572135090828
1064,-0.040900714695453644
3607,-0.04101529344916344
471,-0.0412481427192688
277,-0.0413703303784132
5156,-0.04205898940563202
2937,-0.042244911193847656
874,-0.042497530579566956
5888,-0.04271114617586136
4872,-0.04298222064971924
3230,-0.04306754469871521
5675,-0.04341840744018555
7799,-0.043777287006378174
1073,-0.04451365955173969
6537,-0.044903770089149475
3278,-0.04495929926633835
2321,-0.04585029371082783
4864,-0.04666948691010475
4881,-0.04676860570907593
1695,-0.047093212604522705
8334,-0.04773120954632759
886,-0.048801034688949585
4763,-0.04968169331550598
7684,-0.04997937008738518
3964,-0.050525814294815063
5916,-0.05064879357814789
4242,-0.050770699977874756
4482,-0.05087149143218994
3639,-0.051518186926841736
5442,-0.05188360437750816
5032,-0.05192184075713158
1047,-0.05311538279056549
1474,-0.053233809769153595
3782,-0.05507218837738037
4189,-0.055080220103263855
4184,-0.0561247393488884
7027,-0.056140173226594925
8054,-0.056347113102674484
1030,-0.05641579627990723
8183,-0.05648690462112427
4837,-0.056545935571193695
1868,-0.05656008422374725
2064,-0.056613147258758545
8016,-0.056857988238334656
7581,-0.05718137323856354
7578,-0.05758604034781456
1346,-0.058701166883111
540,-0.058919429779052734
6592,-0.06005956046283245
1987,-0.060097575187683105
103,-0.0602200236171484
6535,-0.060450755059719086
1819,-0.060574471950531006
6162,-0.06130494922399521
503,-0.061502233147621155
2778,-0.06170954927802086
7880,-0.06239147484302521
4289,-0.062413476407527924
74,-0.06242026761174202
6922,-0.06259360909461975
5149,-0.06269332766532898
8154,-0.06271964497864246
1215,-0.06273499131202698
5325,-0.06286057829856873
7513,-0.06288770586252213
7968,-0.06337101757526398
5826,-0.06366501748561859
1900,-0.06371714174747467
4764,-0.06377813220024109
4703,-0.06448095291852951
4440,-0.06458268314599991
1716,-0.06488844752311707
6974,-0.06491429731249809
489,-0.06492672860622406
12,-0.0649324581027031
4891,-0.06497018039226532
8490,-0.0651194155216217
7198,-0.06525414064526558
1339,-0.0653749443590641
6650,-0.06570285558700562
804,-0.06579326093196869
6887,-0.06646904163062572
2116,-0.06656507775187492
575,-0.06705828383564949
5971,-0.06708185374736786
7982,-0.067308209836483
1822,-0.06778573989868164
5742,-0.0679779052734375
160,-0.06813657283782959
1162,-0.0683312639594078
3917,-0.06856435537338257
2960,-0.07022330164909363
2828,-0.07023581862449646
6004,-0.07082893699407578
4758,-0.07085523754358292
595,-0.07088832557201385
7801,-0.07091972231864929
4984,-0.07103770226240158
1559,-0.07149645686149597
2,-0.07202839851379395
40,-0.0723886787891388
1869,-0.07311814650893211
5052,-0.07324005663394928
173,-0.07446099817752838
7694,-0.0746070146560669
2549,-0.07507650554180145
5565,-0.07512916624546051
7248,-0.07520397007465363
984,-0.07637152075767517
7416,-0.0765918679535389
5191,-0.07701724767684937
5179,-0.07767654210329056
3243,-0.07793568074703217
2430,-0.07843371480703354
6093,-0.07959620654582977
859,-0.0799643062055111
1216,-0.08137066662311554
7730,-0.08165475726127625
7428,-0.08206355571746826
3298,-0.08279388397932053
8044,-0.08321383595466614
7488,-0.0842677615582943
4807,-0.0843251645565033
2588,-0.08447635173797607
14,-0.08467507362365723
3812,-0.08474463224411011
3752,-0.08488038182258606
1959,-0.08496320992708206
3500,-0.08498309552669525
3229,-0.0851205438375473
7632,-0.08548766374588013
8119,-0.08557125926017761
6765,-0.08598629757761955
3901,-0.08648236095905304
3224,-0.08665362000465393
8227,-0.08672848343849182
6683,-0.08696426451206207
7222,-0.08744654059410095
7084,-0.08773499727249146
622,-0.08826405555009842
5795,-0.08892056345939636
7752,-0.08938577771186829
4159,-0.08957332372665405
3122,-0.090955451130867
1192,-0.09096077084541321
6097,-0.09161362051963806
8292,-0.0916731022298336
1344,-0.09213677421212196
1107,-0.09320306777954102
7119,-0.09330841898918152
998,-0.09349724650382996
4292,-0.09388023614883423
1894,-0.09435570240020752
7937,-0.09510666131973267
1935,-0.09553491696715355
7588,-0.0957094058394432
6069,-0.09596516191959381
2512,-0.0965612605214119
7660,-0.09730798006057739
1032,-0.0974179282784462
3553,-0.09864166378974915
3512,-0.09866008162498474
7740,-0.09869620203971863
7480,-0.09935585409402847
1205,-0.09953609853982925
4657,-0.10020071268081665
4934,-0.10028216242790222
2283,-0.10054939985275269
2174,-0.10061302781105042
6088,-0.10112708806991577
2898,-0.10190615057945251
6963,-0.10276859253644943
2241,-0.10277263820171356
4488,-0.1028490699827671
1459,-0.10286573320627213
3489,-0.10291539877653122
6905,-0.10302631184458733
6089,-0.10307154059410095
3928,-0.10331001505255699
41,-0.10385264456272125
375,-0.10412463545799255
526,-0.1041458249092102
3043,-0.10507959127426147
2637,-0.10535144805908203
2488,-0.10545262694358826
7264,-0.10556761547923088
4308,-0.10568755120038986
789,-0.10712174326181412
5777,-0.10727706551551819
729,-0.10765719041228294
6611,-0.10829305648803711
158,-0.10868901014328003
7046,-0.11005228757858276
3464,-0.11032640933990479
5136,-0.11043213307857513
8328,-0.11095748469233513
1772,-0.11130312830209732
2527,-0.11160692200064659
8500,-0.11168989539146423
5950,-0.11194038763642311
6846,-0.1124691516160965
3479,-0.11442384123802185
8257,-0.11453902721405029
8482,-0.11456192284822464
2493,-0.11494191735982895
6756,-0.11501654982566833
8061,-0.11513440310955048
5774,-0.11525066196918488
6038,-0.11529035866260529
6895,-0.11545634269714355
4874,-0.11546770483255386
5713,-0.11657960712909698
7783,-0.11741960048675537
343,-0.11748659610748291
1509,-0.11794590950012207
3801,-0.11795366555452347
8062,-0.11803531646728516
624,-0.11857966333627701
7641,-0.11903369426727295
5231,-0.1191854476928711
6708,-0.11968433856964111
397,-0.12056685984134674
7182,-0.12066705524921417
2725,-0.12076491117477417
1884,-0.12273077666759491
786,-0.12343400716781616
225,-0.1255074068903923
4421,-0.1258673071861267
750,-0.12588908523321152
4066,-0.12604916095733643
2160,-0.12619276344776154
4373,-0.12621662020683289
3628,-0.1262175366282463
110,-0.1270555853843689
4480,-0.1270613893866539
6761,-0.12772637605667114
6382,-0.128159761428833
6346,-0.1287098526954651
1356,-0.12887265533208847
796,-0.12888435274362564
2072,-0.1305677443742752
7992,-0.13067421317100525
2193,-0.13149257004261017
7271,-0.13160311803221703
7833,-0.13163231313228607
2136,-0.13216081261634827
1169,-0.13218587636947632
2999,-0.13254304975271225
8,-0.1327492967247963
1851,-0.13365334272384644
1684,-0.13384613394737244
675,-0.1344405636191368
2476,-0.13499030470848083
1738,-0.13525158166885376
2892,-0.13591508567333221
3271,-0.13602962344884872
4040,-0.13733522593975067
7202,-0.1381472945213318
4463,-0.13909310102462769
1008,-0.13958515226840973
6142,-0.14007073640823364
8492,-0.14014259725809097
3431,-0.14080128818750381
2290,-0.14138269424438477
5281,-0.14426548033952713
6209,-0.14452587068080902
8339,-0.1447686105966568
3723,-0.14522945880889893
1798,-0.14635304361581802
5327,-0.14669007062911987
7390,-0.1469256430864334
5994,-0.1469714194536209
3616,-0.14808839559555054
2231,-0.14830909669399261
5928,-0.1483326032757759
1269,-0.149999737739563
7822,-0.15045619010925293
6482,-0.15060455352067947
794,-0.15064771473407745
1919,-0.15078361332416534
856,-0.15100762248039246
6892,-0.15128757059574127
2142,-0.1528380885720253
1495,-0.15352998673915863
4538,-0.15369351208209991
6988,-0.15395142138004303
2916,-0.15613192319869995
1725,-0.1571294367313385
6709,-0.1571599841117859
4666,-0.15725719928741455
6071,-0.1577073484659195
2267,-0.15814796090126038
6717,-0.15822404623031616
2035,-0.15993592143058777
3897,-0.1605619713664055
3367,-0.16062281280755997
3496,-0.1620023250579834
4217,-0.1629977524280548
1392,-0.16403260082006454
7652,-0.16434678435325623
2564,-0.16438128054141998
2817,-0.16462448239326477
4812,-0.1649707555770874
1462,-0.1657756119966507
8166,-0.1659444272518158
4590,-0.1663689762353897
6307,-0.16662680357694626
2418,-0.16690868139266968
1500,-0.167507104575634
3273,-0.16800381243228912
1431,-0.16871902346611023
1136,-0.16894283890724182
3797,-0.16947206109762192
1812,-0.1699339598417282
2649,-0.17080838978290558
5534,-0.17193157225847244
3737,-0.17440512776374817
3759,-0.17499971389770508
1755,-0.1751510202884674
290,-0.1765454262495041
2347,-0.17895808070898056
1834,-0.17938463389873505
6210,-0.18090898543596268
7862,-0.18142175674438477
3502,-0.18193593621253967
4958,-0.18194856494665146
699,-0.18399641662836075
5093,-0.18542659282684326
7320,-0.18580642342567444
4050,-0.18608488887548447
8417,-0.18669600784778595
6786,-0.187594473361969
3990,-0.18944179266691208
1497,-0.19007041305303574
8028,-0.19021570682525635
7759,-0.1908232718706131
6118,-0.19124066829681396
4980,-0.1918979436159134
5602,-0.1922038197517395
7296,-0.19223183393478394
758,-0.19333457946777344
102,-0.19426898658275604
2301,-0.19469471275806427
468,-0.19596487283706665
1051,-0.19606459140777588
8303,-0.19636984914541245
4990,-0.1994122862815857
155,-0.19958588480949402
6286,-0.20117640495300293
4098,-0.20183472335338593
5326,-0.20196907222270966
7634,-0.2021813839673996
2882,-0.20239782333374023
5873,-0.20249266922473907
4100,-0.20271183550357819
1059,-0.20293090492486954
5917,-0.20297591388225555
5911,-0.2041890025138855
980,-0.20426985621452332
318,-0.2052900791168213
2200,-0.2054307460784912
1103,-0.20554207265377045
1871,-0.2073386013507843
2425,-0.20792461931705475
3525,-0.20928820967674255
3845,-0.21295565366744995
4821,-0.21671677380800247
5559,-0.2189691662788391
1603,-0.2189723253250122
3997,-0.21938636898994446
3584,-0.22220072150230408
2955,-0.22367295622825623
5271,-0.22503161430358887
4497,-0.22503453493118286
4787,-0.22525694221258163
5757,-0.22651896625757217
6842,-0.22678059339523315
7319,-0.22897283732891083
194,-0.22941944003105164
633,-0.22970542311668396
6608,-0.23107695579528809
5662,-0.23114345222711563
2521,-0.23269453644752502
2927,-0.23403283953666687
1964,-0.23512646555900574
1950,-0.23589208722114563
2611,-0.2370968908071518
4728,-0.2372133955359459
1208,-0.23746462911367416
7859,-0.2386375516653061
2909,-0.23966947197914124
6833,-0.24196797609329224
5404,-0.2428024411201477
7692,-0.24318405985832214
3391,-0.24602296948432922
2143,-0.2474869191646576
6795,-0.2477850466966629
6182,-0.24785304814577103
7727,-0.2479138970375061
2393,-0.24889490008354187
817,-0.24909669160842896
4164,-0.24947136640548706
1777,-0.2506982684135437
3921,-0.25175076723098755
6678,-0.2522873878479004
553,-0.25253330171108246
1960,-0.2529814541339874
316,-0.25326821208000183
3442,-0.2544017732143402
8330,-0.25627821683883667
2043,-0.2563771679997444
5909,-0.25651538372039795
8496,-0.25667116045951843
5700,-0.25768008828163147
4689,-0.2584480792284012
7038,-0.2584518641233444
5775,-0.25851061940193176
7979,-0.2601674497127533
2209,-0.2619565278291702
2029,-0.2639530599117279
4646,-0.26420164108276367
4182,-0.2686902731657028
2297,-0.27191463112831116
2298,-0.2723146080970764
2889,-0.2734130173921585
4648,-0.27354303002357483
6158,-0.2774103134870529
3807,-0.2787182778120041
4644,-0.2790659964084625
5797,-0.2793731391429901
6271,-0.2805272787809372
7706,-0.28065721690654755
5121,-0.2809491604566574
1292,-0.28116510808467865
1914,-0.2819388061761856
1629,-0.2821206748485565
1125,-0.28260791301727295
4510,-0.2840321213006973
7375,-0.28435587882995605
5583,-0.28507058322429657
7168,-0.2859440892934799
7941,-0.2873699367046356
6859,-0.28800615668296814
6514,-0.28812773525714874
7492,-0.2893259823322296
6163,-0.29012948274612427
5419,-0.290539026260376
2524,-0.29091399908065796
7363,-0.2938069552183151
1651,-0.29389557242393494
7876,-0.2959974855184555
4859,-0.2966044396162033
4688,-0.29758401215076447
5075,-0.29793232679367065
5802,-0.30504995584487915
8329,-0.3077535629272461
898,-0.30776476860046387
1201,-0.3105655461549759
1488,-0.3112240880727768
2852,-0.3113613426685333
1609,-0.3119080066680908
5614,-0.3119284212589264
6698,-0.3120480924844742
6711,-0.3124084770679474
5487,-0.313358336687088
6936,-0.31346718966960907
2358,-0.3144475668668747
5026,-0.31937164068222046
3084,-0.3242458701133728
1382,-0.3243124186992645
5951,-0.3251061588525772
597,-0.3298582583665848
7266,-0.33014972507953644
6508,-0.33108705282211304
2975,-0.33408278226852417
5704,-0.33570563793182373
973,-0.3368466943502426
8092,-0.3385702222585678
7035,-0.3393220752477646
6330,-0.34032900631427765
5689,-0.34292808175086975
4883,-0.3437710702419281
5733,-0.3502396196126938
5152,-0.3508377820253372
5062,-0.3512102961540222
89,-0.3522464632987976
8300,-0.3528880923986435
2320,-0.35363689064979553
7112,-0.3546634018421173
5144,-0.35542264580726624
3802,-0.35597673058509827
7281,-0.35668812692165375
8337,-0.35760073363780975
1533,-0.35768721997737885
2897,-0.3582603335380554
3339,-0.36160801351070404
2329,-0.3635159134864807
1806,-0.3644064664840698
1963,-0.3665925860404968
7241,-0.3666645437479019
3392,-0.36965425312519073
1898,-0.3704640120267868
8036,-0.3705866038799286
2533,-0.37160906195640564
3661,-0.37513861060142517
2632,-0.37568530440330505
4044,-0.37633317708969116
2011,-0.3771866261959076
3258,-0.3785665035247803
6774,-0.3786046802997589
6412,-0.37912803888320923
2458,-0.38046061992645264
2670,-0.38111214339733124
2159,-0.3836059868335724
6164,-0.3873031586408615
6386,-0.3876551538705826
6243,-0.3894503116607666
2777,-0.3909313678741455
1698,-0.3913768082857132
6300,-0.39297814667224884
3192,-0.3946065306663513
5135,-0.39551591873168945
8293,-0.3961208760738373
3612,-0.3967677056789398
1430,-0.39687907695770264
2125,-0.39939114451408386
4800,-0.3994871824979782
6272,-0.40420272946357727
2270,-0.40638016164302826
8392,-0.4075976610183716
6495,-0.40799951553344727
7184,-0.4117318242788315
35,-0.41446590423583984
6606,-0.4162013530731201
1191,-0.417039692401886
7220,-0.4195762276649475
5057,-0.4197078049182892
3856,-0.4211389720439911
6077,-0.4237316697835922
7540,-0.4237510859966278
1607,-0.424687922000885
1272,-0.4256472587585449
2437,-0.43177442252635956
3598,-0.4322209060192108
4230,-0.4366481900215149
1176,-0.4366610050201416
4298,-0.4400911033153534
8059,-0.44097523391246796
2809,-0.44148431718349457
2880,-0.44192856550216675
1927,-0.4429824948310852
4645,-0.4440383166074753
4097,-0.44494085013866425
7896,-0.4473445415496826
1828,-0.44740040600299835
6625,-0.4483211636543274
4459,-0.44913679361343384
6204,-0.4514557272195816
6465,-0.45199912786483765
7227,-0.45512738823890686
5117,-0.4577886760234833
2096,-0.46089497208595276
4118,-0.46095187962055206
8463,-0.46362245082855225
2911,-0.4705054312944412
2788,-0.47066713869571686
1349,-0.4764400124549866
3778,-0.4785557687282562
4416,-0.47922489047050476
7400,-0.4799332767724991
3768,-0.4799840450286865
6511,-0.4819575697183609
7932,-0.4851847290992737
4036,-0.4854833781719208
5571,-0.48927417397499084
5484,-0.4912344217300415
1975,-0.49430912733078003
749,-0.4944232255220413
4853,-0.4956711232662201
4607,-0.4973491132259369
7471,-0.49810081720352173
3451,-0.5018428564071655
5279,-0.5037808418273926
2490,-0.5044838190078735
1340,-0.5050509423017502
6643,-0.5059448778629303
6310,-0.5074475705623627
1881,-0.5102916955947876
218,-0.5118908584117889
2962,-0.5121874213218689
8351,-0.5145322978496552
7665,-0.5149526596069336
4909,-0.5243004858493805
5291,-0.5253637135028839
688,-0.5300010144710541
7722,-0.5323598086833954
6649,-0.5328015387058258
1639,-0.5340836048126221
1062,-0.5341461300849915
1929,-0.5362429618835449
98,-0.5384827256202698
7760,-0.5392301082611084
6662,-0.5400621592998505
8069,-0.5428941249847412
4935,-0.546091616153717
4213,-0.5461445450782776
3436,-0.5472059547901154
2928,-0.5524482131004333
572,-0.5594859719276428
5319,-0.5613506734371185
1050,-0.5670028328895569
8382,-0.5698283612728119
6357,-0.5710353553295135
7048,-0.5755784511566162
659,-0.5758674144744873
7243,-0.5760908722877502
3919,-0.5801483988761902
7723,-0.5808049142360687
6521,-0.5811010599136353
1255,-0.5814870297908783
6371,-0.5822093486785889
2750,-0.583134651184082
1529,-0.5874116122722626
6207,-0.5892093479633331
3836,-0.5963606536388397
5003,-0.5976283550262451
3119,-0.5987638533115387
5646,-0.5996278822422028
3070,-0.6028746962547302
6829,-0.6124453544616699
1070,-0.6153943538665771
7589,-0.6153983473777771
823,-0.6218872368335724
5735,-0.6239497661590576
7709,-0.6245873868465424
4252,-0.6253132820129395
2919,-0.6253158748149872
8007,-0.6276510655879974
6145,-0.6284751296043396
1656,-0.6321754455566406
5866,-0.6416507959365845
2762,-0.648091197013855
510,-0.6495348811149597
5519,-0.6495829224586487
8404,-0.6503498554229736
3092,-0.6528684496879578
4343,-0.6544073820114136
1576,-0.6600984930992126
3649,-0.6643092632293701
7032,-0.6667656898498535
7610,-0.6683875620365143
2597,-0.6702670156955719
724,-0.6743194162845612
6441,-0.6790433526039124
3935,-0.6803054511547089
3304,-0.6820649206638336
1668,-0.6874697804450989
6171,-0.6879980564117432
3087,-0.6903819143772125
83,-0.6945553123950958
2186,-0.6954194903373718
5830,-0.6983077526092529
8289,-0.7009420990943909
4919,-0.7085905969142914
3280,-0.7093632519245148
5278,-0.7155283093452454
2352,-0.7284526824951172
5988,-0.7334068119525909
1077,-0.7397087216377258
1368,-0.7449288368225098
5213,-0.7454638481140137
8186,-0.7463990151882172
4691,-0.7466698884963989
3019,-0.7506812512874603
6378,-0.7516929507255554
8068,-0.7597848474979401
6564,-0.7636474967002869
1989,-0.7640104293823242
4208,-0.7774574160575867
7918,-0.7808967232704163
6952,-0.7827150225639343
5352,-0.7832704186439514
3488,-0.7849796712398529
5772,-0.7853980362415314
5903,-0.7878206372261047
1883,-0.7998046278953552
1256,-0.804642528295517
2223,-0.8136686682701111
2529,-0.8145732879638672
1092,-0.8150044083595276
8453,-0.8336097598075867
291,-0.8428744077682495
1037,-0.847465455532074
8447,-0.8518770039081573
4315,-0.8529295325279236
7820,-0.8582220673561096
2239,-0.8587028086185455
1562,-0.8607724606990814
5931,-0.867677241563797
8077,-0.8735029995441437
7795,-0.8775025606155396
7214,-0.8902610540390015
7562,-0.8955491483211517
2891,-0.8980967700481415
3063,-0.9059020280838013
763,-0.9082674384117126
982,-0.9167279601097107
5702,-0.9176820516586304
607,-0.9271256327629089
2276,-0.9291478097438812
3865,-0.9337907433509827
8025,-0.9356610774993896
4851,-0.9368913471698761
7167,-0.9416475892066956
7374,-0.9469455182552338
7468,-0.9480958580970764
217,-0.9498687982559204
5473,-0.9616758525371552
1110,-0.9700730741024017
2431,-0.9931204617023468
1737,-1.0154338479042053
964,-1.0197384357452393
2274,-1.0265242457389832
5134,-1.0284162759780884
5023,-1.0586979389190674
8429,-1.0654839277267456
6042,-1.0875012278556824
256,-1.0925201773643494
2958,-1.1053543090820312
6549,-1.1120529174804688
4099,-1.1303250193595886
6336,-1.1428259015083313
8203,-1.1430357694625854
3214,-1.1484113335609436
6298,-1.1593931317329407
4642,-1.1629118919372559
4668,-1.170161247253418
3045,-1.1714811325073242
5835,-1.235478401184082
6766,-1.2572944164276123
1470,-1.29270738363266
8133,-1.3275689482688904
2556,-1.3758883476257324
4790,-1.3788466453552246
872,-1.3835369348526
122,-1.4197458624839783
390,-1.4572507739067078
2855,-1.508002519607544
2039,-1.5890593528747559
6417,-1.693042278289795
5169,-1.8407148718833923
5381,-1.8616207242012024
