id,label,cluster_id
1,0,0_dense
2,0,0_sparse
3,1,1_dense
4,0,0_sparse
5,1,1_dense
6,0,0_dense
7,0,0_dense
8,0,0_sparse
9,0,0_sparse
10,1,1_sparse
11,0,0_dense
12,0,0_sparse
13,0,0_sparse
14,1,1_sparse
15,0,0_dense
16,0,0_sparse
17,1,1_sparse
18,0,0_sparse
19,1,1_sparse
20,0,0_sparse
21,0,0_dense
22,0,0_sparse
23,1,1_dense
24,0,0_dense
25,0,0_dense
26,0,0_dense
27,1,1_dense
28,0,0_dense
29,1,1_sparse
30,1,1_sparse
31,1,1_dense
32,0,0_sparse
33,1,1_dense
34,0,0_dense
35,1,1_sparse
36,1,1_sparse
37,1,1_dense
38,0,0_dense
39,0,0_sparse
40,1,1_sparse
41,1,1_sparse
42,1,1_dense
43,0,0_dense
44,0,0_sparse
45,0,0_sparse
46,0,0_sparse
47,1,1_dense
48,1,1_dense
49,0,0_sparse
50,0,0_dense
51,0,0_dense
52,0,0_sparse
53,1,1_sparse
54,1,1_sparse
55,1,1_dense
56,0,0_sparse
57,1,1_dense
58,1,1_dense
59,0,0_sparse
60,1,1_dense
61,0,0_dense
62,1,1_dense
63,1,1_sparse
64,0,0_sparse
65,0,0_dense
66,0,0_sparse
67,0,0_dense
68,0,0_sparse
69,1,1_dense
70,0,0_dense
71,1,1_dense
72,1,1_dense
73,1,1_dense
74,1,1_sparse
75,1,1_dense
76,1,1_sparse
77,0,0_dense
78,0,0_dense
79,0,0_sparse
80,0,0_dense
81,0,0_sparse
82,1,1_sparse
83,0,0_sparse
84,1,1_dense
85,0,0_sparse
86,1,1_dense
87,1,1_dense
88,0,0_dense
89,1,1_dense
90,0,0_sparse
91,0,0_sparse
92,1,1_sparse
93,0,0_dense
94,0,0_sparse
95,0,0_dense
96,1,1_sparse
97,0,0_sparse
98,1,1_sparse
99,0,0_sparse
100,1,1_sparse
101,0,0_dense
102,1,1_dense
103,0,0_dense
104,1,1_sparse
105,1,1_dense
106,0,0_sparse
107,1,1_dense
108,1,1_dense
109,1,1_sparse
110,0,0_dense
111,1,1_dense
112,1,1_dense
113,0,0_dense
114,0,0_sparse
115,1,1_dense
116,1,1_sparse
117,0,0_sparse
118,1,1_sparse
119,0,0_dense
120,1,1_dense
121,1,1_dense
122,0,0_sparse
123,1,1_sparse
124,0,0_dense
125,0,0_dense
126,1,1_dense
127,0,0_dense
128,0,0_dense
129,1,1_dense
130,1,1_dense
131,1,1_sparse
132,1,1_sparse
133,1,1_dense
134,1,1_sparse
135,1,1_sparse
136,1,1_sparse
137,0,0_sparse
138,0,0_sparse
139,0,0_sparse
140,1,1_sparse
141,1,1_dense
142,0,0_sparse
143,0,0_dense
144,1,1_dense
145,0,0_sparse
146,0,0_sparse
147,1,1_dense
148,0,0_sparse
149,1,1_sparse
150,0,0_dense
151,1,1_dense
152,1,1_dense
153,0,0_dense
154,1,1_dense
155,1,1_sparse
156,1,1_sparse
157,1,1_sparse
158,0,0_dense
159,1,1_sparse
160,0,0_sparse
161,0,0_dense
162,1,1_sparse
163,1,1_sparse
164,1,1_sparse
165,0,0_dense
166,0,0_dense
167,0,0_sparse
168,0,0_dense
169,0,0_dense
170,0,0_sparse
171,0,0_sparse
172,1,1_dense
173,0,0_sparse
174,1,1_dense
175,0,0_sparse
176,0,0_dense
177,1,1_dense
178,1,1_sparse
179,0,0_dense
180,1,1_dense
181,1,1_sparse
182,0,0_dense
183,0,0_dense
184,0,0_dense
185,1,1_dense
186,1,1_sparse
187,0,0_sparse
188,0,0_sparse
189,0,0_sparse
190,0,0_sparse
191,0,0_sparse
192,0,0_dense
193,0,0_dense
194,1,1_sparse
195,0,0_dense
196,0,0_dense
197,0,0_sparse
198,0,0_dense
199,1,1_sparse
200,0,0_dense
201,0,0_sparse
202,0,0_dense
203,1,1_sparse
204,1,1_sparse
205,1,1_sparse
206,1,1_dense
207,1,1_sparse
208,0,0_dense
209,0,0_sparse
210,0,0_dense
211,0,0_sparse
212,0,0_dense
213,1,1_dense
214,0,0_dense
215,1,1_dense
216,0,0_dense
217,1,1_sparse
218,0,0_dense
219,1,1_sparse
220,0,0_dense
221,0,0_sparse
222,1,1_sparse
223,1,1_sparse
224,0,0_dense
225,1,1_dense
226,1,1_sparse
227,0,0_sparse
228,0,0_sparse
229,0,0_sparse
230,0,0_dense
231,0,0_sparse
232,1,1_dense
233,0,0_dense
234,0,0_dense
235,0,0_sparse
236,0,0_sparse
237,0,0_dense
238,0,0_sparse
239,1,1_sparse
240,0,0_sparse
241,0,0_dense
242,0,0_sparse
243,1,1_sparse
244,0,0_sparse
245,1,1_sparse
246,0,0_sparse
247,0,0_sparse
248,1,1_sparse
249,1,1_sparse
250,0,0_dense
251,1,1_sparse
252,0,0_dense
253,1,1_sparse
254,0,0_sparse
255,1,1_dense
256,0,0_sparse
257,0,0_dense
258,0,0_dense
259,1,1_sparse
260,0,0_sparse
261,1,1_dense
262,1,1_sparse
263,0,0_dense
264,0,0_sparse
265,0,0_sparse
266,1,1_dense
267,1,1_dense
268,1,1_sparse
269,0,0_dense
270,1,1_sparse
271,0,0_dense
272,0,0_sparse
273,0,0_dense
274,0,0_dense
275,0,0_sparse
276,0,0_dense
277,1,1_sparse
278,0,0_dense
279,0,0_dense
280,0,0_dense
281,0,0_dense
282,0,0_dense
283,1,1_sparse
284,0,0_dense
285,1,1_dense
286,0,0_sparse
287,0,0_sparse
288,0,0_sparse
289,0,0_dense
290,1,1_dense
291,1,1_dense
292,1,1_dense
293,0,0_dense
294,1,1_sparse
295,1,1_dense
296,0,0_dense
297,1,1_dense
298,0,0_sparse
299,1,1_sparse
300,1,1_sparse
301,0,0_sparse
302,1,1_dense
303,1,1_sparse
304,0,0_dense
305,0,0_dense
306,0,0_dense
307,1,1_dense
308,0,0_sparse
309,0,0_dense
310,1,1_dense
311,0,0_sparse
312,0,0_sparse
313,0,0_dense
314,1,1_dense
315,1,1_dense
316,0,0_sparse
317,1,1_dense
318,0,0_sparse
319,0,0_sparse
320,1,1_sparse
321,1,1_sparse
322,1,1_dense
323,1,1_dense
324,0,0_sparse
325,0,0_dense
326,1,1_sparse
327,0,0_sparse
328,1,1_sparse
329,0,0_dense
330,0,0_sparse
331,0,0_sparse
332,1,1_dense
333,1,1_dense
334,0,0_dense
335,0,0_sparse
336,1,1_dense
337,0,0_dense
338,1,1_dense
339,1,1_dense
340,1,1_sparse
341,1,1_dense
342,0,0_sparse
343,0,0_sparse
344,1,1_sparse
345,0,0_sparse
346,1,1_sparse
347,1,1_sparse
348,1,1_sparse
349,1,1_dense
350,1,1_sparse
351,1,1_sparse
352,1,1_dense
353,1,1_dense
354,1,1_sparse
355,1,1_sparse
356,0,0_dense
357,1,1_dense
358,0,0_sparse
359,0,0_dense
360,1,1_sparse
361,0,0_sparse
362,0,0_sparse
363,1,1_dense
364,0,0_dense
365,0,0_dense
366,1,1_dense
367,1,1_sparse
368,1,1_dense
369,1,1_dense
370,1,1_sparse
371,0,0_dense
372,1,1_dense
373,1,1_sparse
374,1,1_sparse
375,1,1_sparse
376,0,0_sparse
377,1,1_sparse
378,1,1_sparse
379,1,1_sparse
380,0,0_sparse
381,0,0_sparse
382,0,0_dense
383,0,0_dense
384,1,1_dense
385,1,1_sparse
386,1,1_dense
387,0,0_sparse
388,0,0_dense
389,0,0_sparse
390,1,1_dense
391,1,1_sparse
392,0,0_dense
393,1,1_sparse
394,1,1_sparse
395,0,0_dense
396,0,0_dense
397,1,1_dense
398,1,1_sparse
399,0,0_dense
400,1,1_sparse
401,0,0_dense
402,1,1_dense
403,0,0_sparse
404,0,0_sparse
405,1,1_dense
406,1,1_sparse
407,0,0_sparse
408,1,1_sparse
409,0,0_sparse
410,1,1_sparse
411,0,0_sparse
412,0,0_sparse
413,1,1_dense
414,0,0_sparse
415,1,1_dense
416,1,1_dense
417,0,0_sparse
418,1,1_dense
419,0,0_sparse
420,1,1_dense
421,0,0_dense
422,0,0_sparse
423,1,1_sparse
424,0,0_sparse
425,1,1_dense
426,1,1_dense
427,1,1_sparse
428,0,0_sparse
429,1,1_dense
430,1,1_dense
431,1,1_sparse
432,0,0_sparse
433,1,1_sparse
434,0,0_sparse
435,0,0_dense
436,1,1_dense
437,1,1_dense
438,0,0_sparse
439,1,1_sparse
440,1,1_sparse
441,0,0_sparse
442,1,1_sparse
443,1,1_dense
444,0,0_dense
445,1,1_sparse
446,0,0_sparse
447,0,0_dense
448,0,0_dense
449,1,1_dense
450,0,0_dense
451,1,1_dense
452,1,1_dense
453,0,0_sparse
454,1,1_sparse
455,1,1_sparse
456,1,1_sparse
457,1,1_sparse
458,0,0_dense
459,1,1_dense
460,1,1_sparse
461,0,0_dense
462,1,1_sparse
463,0,0_dense
464,0,0_sparse
465,0,0_sparse
466,0,0_sparse
467,1,1_sparse
468,1,1_sparse
469,1,1_dense
470,0,0_sparse
471,1,1_dense
472,1,1_sparse
473,1,1_dense
474,1,1_dense
475,1,1_sparse
476,0,0_dense
477,0,0_dense
478,0,0_sparse
479,0,0_sparse
480,0,0_sparse
481,0,0_sparse
482,0,0_sparse
483,1,1_sparse
484,1,1_sparse
485,1,1_dense
486,1,1_dense
487,1,1_dense
488,0,0_sparse
489,0,0_sparse
490,0,0_dense
491,1,1_dense
492,1,1_dense
493,0,0_dense
494,1,1_sparse
495,0,0_sparse
496,0,0_dense
497,0,0_dense
498,1,1_dense
499,0,0_sparse
500,1,1_dense
501,0,0_dense
502,0,0_dense
503,1,1_dense
504,0,0_sparse
505,1,1_sparse
506,0,0_sparse
507,1,1_sparse
508,0,0_dense
509,0,0_sparse
510,1,1_sparse
511,1,1_dense
512,1,1_sparse
513,0,0_dense
514,0,0_dense
515,0,0_sparse
516,1,1_sparse
517,0,0_sparse
518,0,0_dense
519,0,0_dense
520,1,1_sparse
521,0,0_dense
522,0,0_dense
523,1,1_dense
524,0,0_dense
525,0,0_sparse
526,0,0_sparse
527,0,0_sparse
528,0,0_sparse
529,0,0_sparse
530,0,0_dense
531,0,0_sparse
532,0,0_sparse
533,1,1_dense
534,1,1_sparse
535,1,1_dense
536,1,1_sparse
537,1,1_sparse
538,0,0_dense
539,0,0_sparse
540,1,1_dense
541,0,0_dense
542,0,0_sparse
543,0,0_dense
544,0,0_dense
545,1,1_sparse
546,0,0_dense
547,0,0_dense
548,1,1_sparse
549,1,1_dense
550,1,1_dense
551,1,1_dense
552,1,1_sparse
553,0,0_dense
554,0,0_sparse
555,0,0_sparse
556,1,1_sparse
557,1,1_sparse
558,0,0_sparse
559,0,0_dense
560,1,1_sparse
561,1,1_dense
562,0,0_dense
563,1,1_dense
564,1,1_dense
565,0,0_dense
566,1,1_dense
567,1,1_dense
568,1,1_dense
569,0,0_sparse
570,0,0_sparse
571,1,1_sparse
572,0,0_dense
573,1,1_sparse
574,1,1_sparse
575,0,0_dense
576,0,0_dense
577,1,1_dense
578,0,0_sparse
579,0,0_sparse
580,0,0_sparse
581,0,0_dense
582,0,0_sparse
583,0,0_dense
584,1,1_dense
585,1,1_sparse
586,0,0_sparse
587,0,0_sparse
588,0,0_dense
589,0,0_dense
590,1,1_dense
591,0,0_sparse
592,1,1_sparse
593,0,0_dense
594,1,1_dense
595,0,0_sparse
596,1,1_dense
597,1,1_sparse
598,0,0_dense
599,1,1_dense
600,0,0_sparse
601,0,0_dense
602,1,1_dense
603,1,1_dense
604,0,0_sparse
605,0,0_sparse
606,0,0_sparse
607,0,0_dense
608,1,1_sparse
609,0,0_dense
610,1,1_sparse
611,0,0_sparse
612,1,1_dense
613,1,1_sparse
614,0,0_sparse
615,1,1_dense
616,1,1_dense
617,0,0_dense
618,0,0_sparse
619,1,1_sparse
620,0,0_dense
621,1,1_dense
622,1,1_sparse
623,1,1_dense
624,1,1_sparse
625,0,0_dense
626,0,0_sparse
627,1,1_dense
628,0,0_dense
629,0,0_dense
630,1,1_dense
631,0,0_sparse
632,1,1_dense
633,1,1_sparse
634,1,1_dense
635,1,1_sparse
636,1,1_sparse
637,1,1_sparse
638,0,0_sparse
639,1,1_dense
640,1,1_sparse
641,1,1_sparse
642,0,0_dense
643,1,1_sparse
644,0,0_dense
645,1,1_sparse
646,0,0_dense
647,1,1_dense
648,1,1_dense
649,0,0_dense
650,1,1_dense
651,1,1_sparse
652,1,1_dense
653,1,1_dense
654,1,1_sparse
655,0,0_dense
656,0,0_dense
657,1,1_dense
658,0,0_dense
659,1,1_dense
660,0,0_dense
661,0,0_sparse
662,1,1_sparse
663,1,1_dense
664,1,1_dense
665,1,1_dense
666,0,0_sparse
667,1,1_sparse
668,0,0_dense
669,1,1_dense
670,0,0_dense
671,1,1_sparse
672,1,1_dense
673,1,1_sparse
674,1,1_sparse
675,1,1_sparse
676,0,0_sparse
677,1,1_dense
678,1,1_sparse
679,0,0_sparse
680,0,0_dense
681,0,0_sparse
682,0,0_sparse
683,0,0_dense
684,1,1_dense
685,0,0_dense
686,1,1_dense
687,0,0_sparse
688,1,1_sparse
689,1,1_sparse
690,1,1_dense
691,1,1_dense
692,1,1_dense
693,0,0_dense
694,0,0_sparse
695,0,0_sparse
696,1,1_dense
697,0,0_dense
698,1,1_sparse
699,1,1_sparse
700,0,0_dense
701,0,0_dense
702,0,0_sparse
703,1,1_dense
704,0,0_dense
705,1,1_dense
706,1,1_sparse
707,1,1_dense
708,1,1_sparse
709,1,1_dense
710,0,0_sparse
711,0,0_sparse
712,0,0_sparse
713,0,0_dense
714,1,1_sparse
715,0,0_dense
716,1,1_dense
717,0,0_dense
718,1,1_dense
719,1,1_sparse
720,0,0_dense
721,1,1_dense
722,0,0_dense
723,0,0_dense
724,0,0_dense
725,0,0_sparse
726,1,1_dense
727,0,0_sparse
728,1,1_dense
729,0,0_sparse
730,1,1_sparse
731,1,1_dense
732,0,0_dense
733,0,0_sparse
734,1,1_dense
735,1,1_dense
736,1,1_sparse
737,1,1_dense
738,1,1_dense
739,0,0_dense
740,1,1_sparse
741,0,0_sparse
742,1,1_sparse
743,0,0_dense
744,0,0_dense
745,0,0_dense
746,1,1_sparse
747,0,0_sparse
748,0,0_sparse
749,1,1_dense
750,0,0_dense
751,0,0_sparse
752,0,0_dense
753,1,1_sparse
754,1,1_sparse
755,1,1_sparse
756,0,0_sparse
757,0,0_dense
758,0,0_dense
759,0,0_sparse
760,0,0_sparse
761,1,1_dense
762,0,0_sparse
763,0,0_dense
764,1,1_dense
765,1,1_dense
766,1,1_dense
767,1,1_dense
768,0,0_dense
769,1,1_dense
770,1,1_sparse
771,1,1_dense
772,1,1_sparse
773,1,1_sparse
774,0,0_sparse
775,0,0_dense
776,1,1_sparse
777,1,1_sparse
778,1,1_dense
779,1,1_sparse
780,1,1_dense
781,1,1_sparse
782,0,0_dense
783,1,1_sparse
784,1,1_sparse
785,0,0_dense
786,1,1_sparse
787,1,1_sparse
788,0,0_dense
789,1,1_sparse
790,1,1_sparse
791,0,0_sparse
792,0,0_sparse
793,1,1_sparse
794,1,1_sparse
795,0,0_sparse
796,1,1_sparse
797,0,0_dense
798,1,1_sparse
799,0,0_sparse
800,1,1_dense
801,0,0_sparse
802,0,0_sparse
803,0,0_sparse
804,1,1_dense
805,0,0_sparse
806,1,1_sparse
807,0,0_dense
808,0,0_sparse
809,0,0_dense
810,1,1_dense
811,0,0_sparse
812,1,1_dense
813,0,0_dense
814,0,0_sparse
815,1,1_sparse
816,0,0_dense
817,0,0_dense
818,1,1_sparse
819,0,0_sparse
820,0,0_dense
821,1,1_dense
822,0,0_dense
823,1,1_sparse
824,0,0_sparse
825,1,1_sparse
826,0,0_sparse
827,0,0_sparse
828,1,1_dense
829,0,0_dense
830,0,0_sparse
831,0,0_sparse
832,1,1_sparse
833,1,1_sparse
834,0,0_sparse
835,0,0_sparse
836,1,1_dense
837,0,0_sparse
838,0,0_sparse
839,0,0_dense
840,1,1_sparse
841,0,0_sparse
842,1,1_sparse
843,0,0_dense
844,1,1_sparse
845,0,0_sparse
846,1,1_sparse
847,0,0_dense
848,1,1_sparse
849,1,1_dense
850,0,0_sparse
851,1,1_sparse
852,1,1_sparse
853,1,1_sparse
854,0,0_sparse
855,1,1_sparse
856,1,1_dense
857,0,0_dense
858,0,0_dense
859,1,1_dense
860,0,0_dense
861,0,0_dense
862,0,0_sparse
863,1,1_sparse
864,1,1_sparse
865,1,1_dense
866,0,0_sparse
867,1,1_sparse
868,1,1_dense
869,0,0_dense
870,1,1_dense
871,1,1_dense
872,1,1_sparse
873,1,1_sparse
874,1,1_sparse
875,1,1_sparse
876,1,1_dense
877,0,0_sparse
878,1,1_dense
879,1,1_sparse
880,1,1_sparse
881,0,0_dense
882,0,0_dense
883,1,1_dense
884,1,1_dense
885,0,0_dense
886,0,0_dense
887,0,0_dense
888,0,0_sparse
889,1,1_dense
890,1,1_sparse
891,1,1_sparse
892,0,0_sparse
893,0,0_sparse
894,1,1_sparse
895,1,1_sparse
896,0,0_dense
897,1,1_sparse
898,1,1_dense
899,1,1_dense
900,0,0_dense
901,1,1_sparse
902,0,0_sparse
903,0,0_sparse
904,1,1_dense
905,1,1_sparse
906,0,0_dense
907,0,0_dense
908,0,0_dense
909,1,1_dense
910,0,0_sparse
911,0,0_dense
912,0,0_sparse
913,1,1_sparse
914,0,0_dense
915,1,1_sparse
916,1,1_dense
917,1,1_dense
918,0,0_sparse
919,0,0_dense
920,1,1_dense
921,1,1_sparse
922,0,0_dense
923,0,0_sparse
924,0,0_dense
925,0,0_dense
926,1,1_dense
927,0,0_dense
928,0,0_dense
929,1,1_dense
930,0,0_sparse
931,1,1_dense
932,1,1_sparse
933,1,1_dense
934,1,1_dense
935,0,0_sparse
936,0,0_dense
937,1,1_dense
938,1,1_sparse
939,0,0_dense
940,0,0_dense
941,1,1_dense
942,1,1_dense
943,1,1_dense
944,0,0_sparse
945,0,0_dense
946,1,1_dense
947,0,0_sparse
948,0,0_dense
949,1,1_sparse
950,0,0_dense
951,0,0_sparse
952,0,0_dense
953,0,0_dense
954,0,0_sparse
955,1,1_dense
956,0,0_sparse
957,0,0_sparse
958,1,1_dense
959,0,0_sparse
960,0,0_sparse
961,1,1_sparse
962,1,1_sparse
963,1,1_sparse
964,0,0_dense
965,1,1_dense
966,1,1_sparse
967,0,0_dense
968,0,0_dense
969,0,0_sparse
970,0,0_sparse
971,0,0_dense
972,0,0_sparse
973,0,0_sparse
974,1,1_sparse
975,0,0_dense
976,0,0_sparse
977,1,1_dense
978,1,1_sparse
979,0,0_dense
980,1,1_dense
981,1,1_dense
982,0,0_dense
983,1,1_dense
984,0,0_sparse
985,1,1_dense
986,0,0_sparse
987,0,0_sparse
988,1,1_dense
989,1,1_dense
990,1,1_dense
991,0,0_dense
992,1,1_dense
993,1,1_sparse
994,1,1_sparse
995,0,0_sparse
996,0,0_dense
997,0,0_sparse
998,1,1_dense
999,1,1_dense
1000,0,0_dense
1001,1,1_dense
1002,0,0_dense
1003,1,1_dense
1004,1,1_sparse
1005,0,0_dense
1006,0,0_dense
1007,0,0_dense
1008,0,0_dense
1009,1,1_sparse
1010,1,1_dense
1011,1,1_sparse
1012,0,0_dense
1013,1,1_sparse
1014,1,1_sparse
1015,1,1_dense
1016,1,1_sparse
1017,1,1_sparse
1018,1,1_sparse
1019,0,0_dense
1020,1,1_sparse
1021,0,0_sparse
1022,1,1_sparse
1023,1,1_dense
1024,0,0_sparse
1025,1,1_sparse
1026,0,0_dense
1027,0,0_sparse
1028,1,1_dense
1029,0,0_sparse
1030,1,1_dense
1031,1,1_sparse
1032,0,0_sparse
1033,0,0_dense
1034,0,0_sparse
1035,1,1_sparse
1036,0,0_dense
1037,1,1_dense
1038,1,1_sparse
1039,1,1_dense
1040,1,1_dense
1041,1,1_dense
1042,1,1_sparse
1043,1,1_dense
1044,0,0_sparse
1045,1,1_dense
1046,1,1_dense
1047,0,0_sparse
1048,1,1_dense
1049,0,0_dense
1050,1,1_sparse
1051,0,0_sparse
1052,1,1_dense
1053,0,0_dense
1054,1,1_dense
1055,1,1_dense
1056,0,0_dense
1057,0,0_dense
1058,1,1_dense
1059,0,0_dense
1060,0,0_sparse
1061,1,1_dense
1062,1,1_sparse
1063,1,1_sparse
1064,0,0_dense
1065,0,0_dense
1066,1,1_dense
1067,1,1_dense
1068,0,0_dense
1069,1,1_dense
1070,0,0_sparse
1071,1,1_sparse
1072,1,1_dense
1073,1,1_dense
1074,0,0_sparse
1075,1,1_sparse
1076,1,1_sparse
1077,0,0_sparse
1078,1,1_dense
1079,1,1_dense
1080,1,1_dense
1081,1,1_dense
1082,0,0_sparse
1083,0,0_dense
1084,0,0_sparse
1085,0,0_dense
1086,0,0_sparse
1087,0,0_dense
1088,1,1_sparse
1089,0,0_sparse
1090,0,0_dense
1091,1,1_sparse
1092,0,0_sparse
1093,0,0_sparse
1094,0,0_sparse
1095,0,0_sparse
1096,0,0_dense
1097,1,1_dense
1098,0,0_dense
1099,1,1_dense
1100,1,1_sparse
1101,1,1_sparse
1102,0,0_dense
1103,1,1_sparse
1104,0,0_dense
1105,1,1_dense
1106,0,0_dense
1107,0,0_sparse
1108,0,0_dense
1109,0,0_sparse
1110,1,1_sparse
1111,0,0_dense
1112,1,1_dense
1113,0,0_dense
1114,1,1_sparse
1115,0,0_sparse
1116,1,1_sparse
1117,0,0_sparse
1118,1,1_dense
1119,1,1_dense
1120,0,0_dense
1121,1,1_sparse
1122,1,1_dense
1123,0,0_dense
1124,0,0_dense
1125,0,0_sparse
1126,1,1_sparse
1127,1,1_dense
1128,1,1_sparse
1129,1,1_dense
1130,1,1_sparse
1131,1,1_dense
1132,0,0_sparse
1133,0,0_dense
1134,0,0_dense
1135,0,0_sparse
1136,1,1_sparse
1137,0,0_dense
1138,1,1_sparse
1139,0,0_dense
1140,1,1_dense
1141,1,1_dense
1142,0,0_sparse
1143,1,1_sparse
1144,1,1_dense
1145,1,1_dense
1146,1,1_sparse
1147,0,0_dense
1148,0,0_sparse
1149,1,1_dense
1150,1,1_dense
1151,1,1_dense
1152,0,0_sparse
1153,1,1_sparse
1154,0,0_sparse
1155,0,0_sparse
1156,0,0_dense
1157,0,0_dense
1158,1,1_sparse
1159,0,0_dense
1160,1,1_dense
1161,0,0_dense
1162,1,1_sparse
1163,1,1_dense
1164,1,1_dense
1165,0,0_sparse
1166,0,0_sparse
1167,1,1_sparse
1168,1,1_sparse
1169,1,1_sparse
1170,1,1_sparse
1171,1,1_sparse
1172,1,1_sparse
1173,1,1_sparse
1174,1,1_dense
1175,1,1_sparse
1176,1,1_sparse
1177,1,1_dense
1178,1,1_sparse
1179,1,1_dense
1180,0,0_sparse
1181,1,1_sparse
1182,0,0_dense
1183,1,1_dense
1184,1,1_dense
1185,0,0_dense
1186,0,0_sparse
1187,1,1_sparse
1188,0,0_dense
1189,0,0_sparse
1190,0,0_sparse
1191,1,1_dense
1192,0,0_dense
1193,0,0_dense
1194,1,1_dense
1195,1,1_sparse
1196,0,0_dense
1197,1,1_dense
1198,1,1_dense
1199,1,1_sparse
1200,1,1_sparse
1201,1,1_dense
1202,1,1_sparse
1203,1,1_dense
1204,0,0_dense
1205,0,0_dense
1206,0,0_sparse
1207,1,1_sparse
1208,0,0_sparse
1209,1,1_dense
1210,0,0_dense
1211,1,1_dense
1212,1,1_sparse
1213,0,0_sparse
1214,0,0_dense
1215,0,0_dense
1216,1,1_sparse
1217,1,1_sparse
1218,0,0_sparse
1219,1,1_dense
1220,0,0_dense
1221,1,1_dense
1222,1,1_sparse
1223,0,0_dense
1224,1,1_dense
1225,1,1_dense
1226,1,1_sparse
1227,1,1_sparse
1228,1,1_sparse
1229,1,1_dense
1230,1,1_sparse
1231,0,0_sparse
1232,0,0_sparse
1233,0,0_sparse
1234,0,0_sparse
1235,0,0_sparse
1236,0,0_sparse
1237,0,0_dense
1238,0,0_dense
1239,0,0_sparse
1240,0,0_dense
1241,0,0_dense
1242,0,0_sparse
1243,0,0_dense
1244,0,0_dense
1245,1,1_sparse
1246,1,1_dense
1247,0,0_sparse
1248,0,0_sparse
1249,1,1_sparse
1250,1,1_dense
1251,0,0_dense
1252,1,1_sparse
1253,1,1_sparse
1254,1,1_sparse
1255,1,1_sparse
1256,0,0_sparse
1257,0,0_dense
1258,0,0_dense
1259,0,0_dense
1260,0,0_dense
1261,1,1_sparse
1262,0,0_sparse
1263,1,1_dense
1264,0,0_sparse
1265,1,1_sparse
1266,0,0_sparse
1267,0,0_sparse
1268,0,0_sparse
1269,0,0_dense
1270,0,0_sparse
1271,1,1_sparse
1272,0,0_dense
1273,0,0_dense
1274,0,0_dense
1275,0,0_sparse
1276,0,0_sparse
1277,1,1_dense
1278,0,0_sparse
1279,0,0_sparse
1280,1,1_dense
1281,0,0_sparse
1282,0,0_sparse
1283,0,0_sparse
1284,1,1_sparse
1285,1,1_dense
1286,1,1_dense
1287,1,1_dense
1288,1,1_sparse
1289,0,0_dense
1290,1,1_dense
1291,0,0_dense
1292,1,1_dense
1293,1,1_dense
1294,1,1_sparse
1295,0,0_dense
1296,1,1_sparse
1297,1,1_dense
1298,1,1_dense
1299,1,1_dense
1300,0,0_dense
1301,0,0_sparse
1302,0,0_dense
1303,0,0_dense
1304,0,0_sparse
1305,1,1_dense
1306,0,0_dense
1307,1,1_sparse
1308,1,1_dense
1309,0,0_sparse
1310,1,1_sparse
1311,1,1_sparse
1312,1,1_sparse
1313,0,0_dense
1314,1,1_sparse
1315,1,1_sparse
1316,0,0_sparse
1317,0,0_sparse
1318,1,1_dense
1319,0,0_sparse
1320,1,1_sparse
1321,1,1_sparse
1322,0,0_sparse
1323,1,1_dense
1324,0,0_dense
1325,1,1_sparse
1326,0,0_sparse
1327,1,1_sparse
1328,0,0_dense
1329,1,1_sparse
1330,0,0_sparse
1331,1,1_dense
1332,1,1_dense
1333,1,1_sparse
1334,0,0_sparse
1335,1,1_dense
1336,1,1_sparse
1337,1,1_dense
1338,1,1_sparse
1339,0,0_sparse
1340,0,0_dense
1341,0,0_sparse
1342,0,0_dense
1343,0,0_sparse
1344,1,1_dense
1345,1,1_dense
1346,0,0_sparse
1347,0,0_sparse
1348,0,0_sparse
1349,1,1_dense
1350,1,1_sparse
1351,1,1_sparse
1352,0,0_dense
1353,1,1_sparse
1354,0,0_dense
1355,1,1_dense
1356,0,0_sparse
1357,0,0_sparse
1358,0,0_sparse
1359,0,0_sparse
1360,0,0_sparse
1361,1,1_dense
1362,0,0_dense
1363,1,1_sparse
1364,0,0_dense
1365,1,1_dense
1366,1,1_sparse
1367,1,1_sparse
1368,0,0_dense
1369,0,0_dense
1370,1,1_sparse
1371,0,0_sparse
1372,1,1_sparse
1373,1,1_sparse
1374,1,1_dense
1375,1,1_dense
1376,1,1_sparse
1377,1,1_dense
1378,1,1_dense
1379,0,0_dense
1380,0,0_dense
1381,1,1_sparse
1382,0,0_dense
1383,1,1_dense
1384,1,1_sparse
1385,0,0_sparse
1386,0,0_sparse
1387,1,1_sparse
1388,0,0_sparse
1389,1,1_sparse
1390,1,1_dense
1391,1,1_dense
1392,1,1_sparse
1393,1,1_sparse
1394,1,1_sparse
1395,1,1_dense
1396,1,1_dense
1397,1,1_dense
1398,1,1_sparse
1399,0,0_sparse
1400,0,0_dense
1401,1,1_dense
1402,0,0_dense
1403,0,0_dense
1404,0,0_dense
1405,1,1_dense
1406,0,0_sparse
1407,0,0_sparse
1408,0,0_dense
1409,0,0_dense
1410,1,1_sparse
1411,0,0_dense
1412,0,0_dense
1413,1,1_sparse
1414,1,1_sparse
1415,1,1_dense
1416,1,1_dense
1417,1,1_sparse
1418,1,1_sparse
1419,0,0_dense
1420,1,1_sparse
1421,0,0_dense
1422,1,1_sparse
1423,0,0_dense
1424,1,1_sparse
1425,1,1_dense
1426,1,1_sparse
1427,0,0_sparse
1428,1,1_sparse
1429,1,1_dense
1430,1,1_dense
1431,1,1_dense
1432,0,0_dense
1433,0,0_sparse
1434,1,1_dense
1435,0,0_sparse
1436,1,1_dense
1437,1,1_sparse
1438,0,0_dense
1439,0,0_dense
1440,0,0_dense
1441,0,0_dense
1442,0,0_dense
1443,0,0_dense
1444,1,1_sparse
1445,1,1_dense
1446,0,0_sparse
1447,1,1_sparse
1448,0,0_sparse
1449,0,0_sparse
1450,1,1_dense
1451,0,0_dense
1452,1,1_dense
1453,1,1_dense
1454,1,1_sparse
1455,0,0_dense
1456,0,0_sparse
1457,0,0_sparse
1458,1,1_sparse
1459,1,1_sparse
1460,0,0_dense
1461,1,1_sparse
1462,1,1_sparse
1463,1,1_sparse
1464,1,1_dense
1465,1,1_sparse
1466,1,1_dense
1467,0,0_sparse
1468,0,0_dense
1469,1,1_sparse
1470,1,1_sparse
1471,0,0_sparse
1472,0,0_dense
1473,1,1_sparse
1474,0,0_sparse
1475,0,0_sparse
1476,1,1_sparse
1477,1,1_sparse
1478,0,0_dense
1479,1,1_sparse
1480,1,1_dense
1481,1,1_sparse
1482,0,0_dense
1483,1,1_sparse
1484,1,1_sparse
1485,0,0_dense
1486,1,1_dense
1487,0,0_sparse
1488,1,1_dense
1489,0,0_dense
1490,0,0_dense
1491,0,0_sparse
1492,1,1_dense
1493,1,1_dense
1494,0,0_sparse
1495,0,0_dense
1496,0,0_dense
1497,0,0_sparse
1498,1,1_sparse
1499,0,0_dense
1500,1,1_sparse
1501,0,0_dense
1502,0,0_dense
1503,1,1_sparse
1504,1,1_dense
1505,1,1_sparse
1506,1,1_sparse
1507,0,0_dense
1508,0,0_sparse
1509,0,0_sparse
1510,1,1_sparse
1511,0,0_dense
1512,1,1_sparse
1513,1,1_sparse
1514,1,1_dense
1515,0,0_dense
1516,0,0_dense
1517,0,0_sparse
1518,1,1_dense
1519,1,1_sparse
1520,1,1_sparse
1521,1,1_dense
1522,1,1_sparse
1523,1,1_sparse
1524,1,1_dense
1525,0,0_sparse
1526,1,1_sparse
1527,0,0_dense
1528,1,1_dense
1529,0,0_sparse
1530,0,0_dense
1531,1,1_sparse
1532,0,0_dense
1533,1,1_sparse
1534,0,0_dense
1535,1,1_dense
1536,0,0_sparse
1537,0,0_dense
1538,0,0_sparse
1539,0,0_sparse
1540,1,1_sparse
1541,0,0_dense
1542,1,1_sparse
1543,0,0_sparse
1544,0,0_sparse
1545,0,0_dense
1546,0,0_dense
1547,1,1_dense
1548,0,0_sparse
1549,1,1_sparse
1550,0,0_dense
1551,0,0_dense
1552,1,1_sparse
1553,1,1_dense
1554,1,1_dense
1555,1,1_dense
1556,0,0_dense
1557,0,0_dense
1558,0,0_sparse
1559,0,0_sparse
1560,1,1_sparse
1561,1,1_dense
1562,1,1_sparse
1563,0,0_dense
1564,0,0_dense
1565,1,1_dense
1566,0,0_sparse
1567,1,1_sparse
1568,0,0_sparse
1569,1,1_sparse
1570,0,0_sparse
1571,1,1_sparse
1572,0,0_dense
1573,1,1_sparse
1574,1,1_dense
1575,1,1_dense
1576,1,1_dense
1577,1,1_sparse
1578,0,0_dense
1579,1,1_dense
1580,0,0_sparse
1581,1,1_sparse
1582,0,0_dense
1583,1,1_sparse
1584,0,0_sparse
1585,0,0_sparse
1586,1,1_dense
1587,1,1_sparse
1588,0,0_dense
1589,0,0_sparse
1590,0,0_sparse
1591,1,1_dense
1592,1,1_sparse
1593,0,0_sparse
1594,0,0_dense
1595,0,0_sparse
1596,0,0_sparse
1597,1,1_dense
1598,1,1_sparse
1599,0,0_sparse
1600,1,1_dense
1601,0,0_sparse
1602,0,0_dense
1603,0,0_sparse
1604,0,0_dense
1605,0,0_sparse
1606,0,0_dense
1607,1,1_dense
1608,0,0_dense
1609,0,0_sparse
1610,1,1_sparse
1611,0,0_dense
1612,1,1_sparse
1613,0,0_sparse
1614,1,1_dense
1615,1,1_dense
1616,0,0_dense
1617,1,1_sparse
1618,1,1_sparse
1619,1,1_sparse
1620,1,1_dense
1621,1,1_sparse
1622,0,0_dense
1623,1,1_dense
1624,1,1_dense
1625,0,0_sparse
1626,1,1_dense
1627,0,0_dense
1628,0,0_dense
1629,1,1_dense
1630,0,0_dense
1631,1,1_dense
1632,1,1_dense
1633,1,1_sparse
1634,0,0_sparse
1635,1,1_dense
1636,1,1_dense
1637,1,1_sparse
1638,0,0_dense
1639,1,1_dense
1640,1,1_dense
1641,0,0_dense
1642,1,1_dense
1643,0,0_sparse
1644,1,1_dense
1645,1,1_dense
1646,0,0_sparse
1647,0,0_sparse
1648,1,1_dense
1649,0,0_sparse
1650,1,1_sparse
1651,1,1_sparse
1652,0,0_sparse
1653,0,0_dense
1654,0,0_dense
1655,0,0_sparse
1656,0,0_dense
1657,0,0_sparse
1658,0,0_sparse
1659,0,0_dense
1660,0,0_sparse
1661,1,1_dense
1662,0,0_sparse
1663,1,1_sparse
1664,0,0_sparse
1665,1,1_sparse
1666,1,1_dense
1667,0,0_sparse
1668,1,1_dense
1669,0,0_dense
1670,0,0_sparse
1671,1,1_sparse
1672,0,0_dense
1673,0,0_dense
1674,1,1_sparse
1675,0,0_sparse
1676,1,1_dense
1677,0,0_dense
1678,0,0_sparse
1679,1,1_sparse
1680,0,0_sparse
1681,0,0_sparse
1682,0,0_dense
1683,0,0_dense
1684,1,1_dense
1685,0,0_sparse
1686,1,1_dense
1687,0,0_dense
1688,1,1_dense
1689,1,1_dense
1690,1,1_sparse
1691,0,0_sparse
1692,1,1_sparse
1693,1,1_dense
1694,1,1_sparse
1695,1,1_sparse
1696,0,0_dense
1697,1,1_sparse
1698,1,1_sparse
1699,0,0_dense
1700,0,0_sparse
1701,0,0_sparse
1702,0,0_dense
1703,1,1_dense
1704,1,1_sparse
1705,0,0_dense
1706,1,1_dense
1707,1,1_dense
1708,1,1_sparse
1709,0,0_sparse
1710,1,1_dense
1711,1,1_sparse
1712,0,0_sparse
1713,1,1_sparse
1714,1,1_sparse
1715,1,1_dense
1716,0,0_sparse
1717,0,0_sparse
1718,0,0_sparse
1719,0,0_sparse
1720,0,0_dense
1721,1,1_dense
1722,1,1_dense
1723,1,1_sparse
1724,0,0_sparse
1725,0,0_sparse
1726,0,0_sparse
1727,0,0_dense
1728,1,1_sparse
1729,0,0_sparse
1730,1,1_dense
1731,0,0_dense
1732,0,0_dense
1733,1,1_sparse
1734,1,1_sparse
1735,1,1_sparse
1736,1,1_dense
1737,0,0_sparse
1738,1,1_dense
1739,1,1_sparse
1740,0,0_sparse
1741,1,1_dense
1742,0,0_dense
1743,1,1_sparse
1744,1,1_dense
1745,1,1_dense
1746,0,0_dense
1747,1,1_sparse
1748,1,1_dense
1749,0,0_sparse
1750,1,1_sparse
1751,0,0_sparse
1752,0,0_sparse
1753,0,0_dense
1754,1,1_sparse
1755,0,0_sparse
1756,1,1_dense
1757,1,1_dense
1758,1,1_dense
1759,0,0_dense
1760,1,1_sparse
1761,0,0_dense
1762,0,0_sparse
1763,1,1_dense
1764,1,1_sparse
1765,1,1_sparse
1766,0,0_sparse
1767,1,1_sparse
1768,1,1_sparse
1769,1,1_sparse
1770,0,0_sparse
1771,1,1_sparse
1772,1,1_dense
1773,1,1_dense
1774,1,1_dense
1775,1,1_dense
1776,0,0_sparse
1777,1,1_sparse
1778,1,1_sparse
1779,1,1_dense
1780,0,0_sparse
1781,0,0_sparse
1782,0,0_dense
1783,0,0_sparse
1784,0,0_sparse
1785,0,0_dense
1786,0,0_sparse
1787,1,1_sparse
1788,1,1_sparse
1789,1,1_sparse
1790,0,0_sparse
1791,1,1_dense
1792,0,0_sparse
1793,1,1_dense
1794,1,1_dense
1795,0,0_sparse
1796,1,1_dense
1797,0,0_sparse
1798,1,1_sparse
1799,0,0_sparse
1800,1,1_sparse
1801,1,1_sparse
1802,0,0_sparse
1803,1,1_sparse
1804,0,0_dense
1805,1,1_sparse
1806,0,0_sparse
1807,0,0_sparse
1808,0,0_sparse
1809,1,1_dense
1810,1,1_sparse
1811,0,0_dense
1812,1,1_sparse
1813,1,1_sparse
1814,0,0_sparse
1815,0,0_sparse
1816,1,1_dense
1817,1,1_sparse
1818,1,1_sparse
1819,0,0_sparse
1820,0,0_sparse
1821,1,1_dense
1822,1,1_dense
1823,1,1_dense
1824,0,0_sparse
1825,0,0_dense
1826,1,1_dense
1827,0,0_dense
1828,1,1_dense
1829,1,1_sparse
1830,1,1_dense
1831,0,0_sparse
1832,0,0_sparse
1833,0,0_dense
1834,0,0_sparse
1835,0,0_sparse
1836,1,1_dense
1837,0,0_sparse
1838,1,1_sparse
1839,0,0_sparse
1840,1,1_sparse
1841,1,1_dense
1842,0,0_dense
1843,1,1_sparse
1844,1,1_sparse
1845,1,1_dense
1846,1,1_sparse
1847,1,1_sparse
1848,1,1_sparse
1849,0,0_dense
1850,1,1_sparse
1851,1,1_sparse
1852,1,1_sparse
1853,1,1_sparse
1854,1,1_sparse
1855,1,1_dense
1856,1,1_dense
1857,1,1_dense
1858,1,1_dense
1859,0,0_dense
1860,1,1_sparse
1861,1,1_dense
1862,0,0_dense
1863,0,0_sparse
1864,1,1_sparse
1865,1,1_sparse
1866,0,0_sparse
1867,0,0_sparse
1868,1,1_sparse
1869,0,0_sparse
1870,0,0_sparse
1871,0,0_dense
1872,1,1_dense
1873,0,0_dense
1874,0,0_dense
1875,0,0_dense
1876,1,1_dense
1877,1,1_sparse
1878,1,1_dense
1879,0,0_sparse
1880,1,1_dense
1881,0,0_sparse
1882,1,1_sparse
1883,1,1_dense
1884,1,1_dense
1885,1,1_sparse
1886,1,1_sparse
1887,1,1_dense
1888,0,0_dense
1889,0,0_dense
1890,0,0_dense
1891,1,1_dense
1892,0,0_sparse
1893,0,0_dense
1894,1,1_sparse
1895,0,0_sparse
1896,0,0_sparse
1897,1,1_dense
1898,0,0_dense
1899,0,0_dense
1900,0,0_sparse
1901,0,0_sparse
1902,1,1_dense
1903,0,0_sparse
1904,0,0_sparse
1905,1,1_sparse
1906,0,0_dense
1907,0,0_sparse
1908,0,0_dense
1909,0,0_sparse
1910,0,0_dense
1911,0,0_dense
1912,1,1_sparse
1913,1,1_dense
1914,0,0_sparse
1915,1,1_sparse
1916,1,1_sparse
1917,0,0_sparse
1918,0,0_dense
1919,1,1_dense
1920,0,0_dense
1921,0,0_dense
1922,1,1_sparse
1923,0,0_sparse
1924,1,1_dense
1925,0,0_sparse
1926,0,0_dense
1927,1,1_dense
1928,0,0_sparse
1929,0,0_dense
1930,1,1_dense
1931,1,1_sparse
1932,0,0_sparse
1933,0,0_sparse
1934,1,1_dense
1935,0,0_dense
1936,0,0_dense
1937,0,0_dense
1938,0,0_sparse
1939,0,0_sparse
1940,0,0_sparse
1941,1,1_dense
1942,1,1_sparse
1943,1,1_dense
1944,1,1_sparse
1945,0,0_dense
1946,0,0_dense
1947,0,0_sparse
1948,1,1_dense
1949,0,0_sparse
1950,1,1_sparse
1951,0,0_sparse
1952,1,1_sparse
1953,1,1_dense
1954,0,0_dense
1955,1,1_dense
1956,1,1_dense
1957,1,1_sparse
1958,0,0_dense
1959,0,0_sparse
1960,1,1_sparse
1961,1,1_dense
1962,1,1_dense
1963,0,0_sparse
1964,0,0_sparse
1965,1,1_sparse
1966,0,0_dense
1967,1,1_sparse
1968,1,1_sparse
1969,0,0_dense
1970,1,1_dense
1971,0,0_sparse
1972,1,1_dense
1973,0,0_dense
1974,1,1_dense
1975,1,1_dense
1976,0,0_sparse
1977,1,1_dense
1978,0,0_sparse
1979,0,0_sparse
1980,0,0_dense
1981,1,1_dense
1982,1,1_dense
1983,0,0_dense
1984,0,0_dense
1985,0,0_dense
1986,1,1_sparse
1987,0,0_dense
1988,1,1_dense
1989,1,1_dense
1990,0,0_dense
1991,1,1_sparse
1992,1,1_dense
1993,1,1_sparse
1994,1,1_dense
1995,0,0_dense
1996,1,1_sparse
1997,0,0_sparse
1998,0,0_dense
1999,0,0_dense
2000,0,0_sparse
2001,0,0_sparse
2002,1,1_sparse
2003,0,0_sparse
2004,1,1_dense
2005,1,1_sparse
2006,0,0_dense
2007,1,1_sparse
2008,1,1_dense
2009,1,1_sparse
2010,0,0_sparse
2011,1,1_sparse
2012,1,1_dense
2013,0,0_dense
2014,1,1_dense
2015,1,1_sparse
2016,0,0_sparse
2017,1,1_sparse
2018,1,1_dense
2019,1,1_sparse
2020,1,1_dense
2021,1,1_sparse
2022,1,1_sparse
2023,0,0_sparse
2024,0,0_sparse
2025,0,0_sparse
2026,0,0_sparse
2027,0,0_dense
2028,1,1_dense
2029,0,0_dense
2030,1,1_dense
2031,1,1_sparse
2032,1,1_dense
2033,0,0_dense
2034,1,1_sparse
2035,0,0_dense
2036,1,1_sparse
2037,0,0_dense
2038,1,1_dense
2039,1,1_dense
2040,0,0_sparse
2041,1,1_dense
2042,1,1_dense
2043,1,1_sparse
2044,0,0_sparse
2045,1,1_dense
2046,1,1_sparse
2047,0,0_sparse
2048,1,1_dense
2049,0,0_sparse
2050,1,1_dense
2051,1,1_dense
2052,0,0_dense
2053,0,0_sparse
2054,1,1_sparse
2055,1,1_dense
2056,0,0_dense
2057,1,1_sparse
2058,0,0_dense
2059,1,1_dense
2060,1,1_sparse
2061,1,1_sparse
2062,1,1_dense
2063,1,1_sparse
2064,0,0_sparse
2065,1,1_dense
2066,0,0_dense
2067,0,0_dense
2068,0,0_sparse
2069,1,1_dense
2070,1,1_dense
2071,0,0_sparse
2072,1,1_sparse
2073,0,0_dense
2074,0,0_dense
2075,0,0_sparse
2076,1,1_dense
2077,1,1_sparse
2078,1,1_dense
2079,1,1_dense
2080,1,1_dense
2081,1,1_sparse
2082,0,0_sparse
2083,0,0_dense
2084,1,1_dense
2085,1,1_dense
2086,1,1_sparse
2087,0,0_dense
2088,0,0_dense
2089,0,0_sparse
2090,1,1_dense
2091,1,1_sparse
2092,1,1_dense
2093,1,1_dense
2094,1,1_sparse
2095,1,1_sparse
2096,0,0_dense
2097,1,1_sparse
2098,1,1_dense
2099,1,1_dense
2100,0,0_sparse
2101,0,0_sparse
2102,1,1_sparse
2103,1,1_sparse
2104,1,1_dense
2105,1,1_sparse
2106,0,0_sparse
2107,0,0_dense
2108,1,1_sparse
2109,0,0_sparse
2110,0,0_dense
2111,1,1_dense
2112,1,1_dense
2113,0,0_dense
2114,0,0_dense
2115,1,1_sparse
2116,1,1_dense
2117,0,0_sparse
2118,0,0_dense
2119,1,1_dense
2120,0,0_dense
2121,1,1_sparse
2122,0,0_dense
2123,0,0_dense
2124,1,1_sparse
2125,0,0_sparse
2126,1,1_sparse
2127,1,1_dense
2128,0,0_sparse
2129,0,0_sparse
2130,1,1_dense
2131,0,0_sparse
2132,0,0_dense
2133,1,1_dense
2134,1,1_dense
2135,1,1_dense
2136,0,0_sparse
2137,1,1_sparse
2138,0,0_sparse
2139,0,0_dense
2140,0,0_dense
2141,0,0_sparse
2142,0,0_sparse
2143,1,1_dense
2144,0,0_sparse
2145,1,1_dense
2146,1,1_sparse
2147,0,0_dense
2148,1,1_dense
2149,0,0_sparse
2150,1,1_dense
2151,0,0_sparse
2152,1,1_dense
2153,0,0_sparse
2154,1,1_sparse
2155,1,1_dense
2156,1,1_sparse
2157,1,1_sparse
2158,0,0_sparse
2159,1,1_sparse
2160,0,0_sparse
2161,0,0_dense
2162,1,1_sparse
2163,0,0_dense
2164,0,0_dense
2165,0,0_dense
2166,0,0_dense
2167,1,1_sparse
2168,1,1_dense
2169,1,1_dense
2170,1,1_dense
2171,0,0_sparse
2172,1,1_dense
2173,1,1_sparse
2174,1,1_sparse
2175,0,0_dense
2176,1,1_sparse
2177,0,0_dense
2178,1,1_sparse
2179,1,1_sparse
2180,1,1_dense
2181,1,1_sparse
2182,1,1_sparse
2183,0,0_dense
2184,0,0_dense
2185,1,1_sparse
2186,1,1_dense
2187,1,1_dense
2188,1,1_dense
2189,0,0_sparse
2190,1,1_dense
2191,1,1_sparse
2192,0,0_dense
2193,1,1_dense
2194,0,0_dense
2195,1,1_sparse
2196,0,0_sparse
2197,1,1_sparse
2198,0,0_dense
2199,1,1_sparse
2200,1,1_sparse
2201,0,0_dense
2202,0,0_sparse
2203,0,0_dense
2204,0,0_dense
2205,0,0_dense
2206,1,1_dense
2207,1,1_sparse
2208,0,0_sparse
2209,1,1_sparse
2210,1,1_dense
2211,1,1_sparse
2212,1,1_sparse
2213,1,1_sparse
2214,1,1_dense
2215,1,1_sparse
2216,0,0_sparse
2217,0,0_dense
2218,1,1_dense
2219,0,0_dense
2220,1,1_dense
2221,0,0_dense
2222,0,0_dense
2223,1,1_sparse
2224,0,0_sparse
2225,1,1_dense
2226,0,0_dense
2227,1,1_dense
2228,0,0_sparse
2229,0,0_sparse
2230,0,0_sparse
2231,1,1_dense
2232,1,1_sparse
2233,1,1_sparse
2234,0,0_dense
2235,0,0_dense
2236,1,1_dense
2237,0,0_dense
2238,1,1_dense
2239,0,0_dense
2240,0,0_sparse
2241,0,0_dense
2242,0,0_sparse
2243,1,1_sparse
2244,1,1_dense
2245,0,0_dense
2246,1,1_dense
2247,0,0_sparse
2248,1,1_sparse
2249,1,1_sparse
2250,0,0_dense
2251,1,1_sparse
2252,1,1_dense
2253,0,0_sparse
2254,0,0_dense
2255,0,0_dense
2256,1,1_sparse
2257,1,1_sparse
2258,0,0_dense
2259,0,0_sparse
2260,1,1_dense
2261,1,1_sparse
2262,0,0_sparse
2263,1,1_sparse
2264,1,1_sparse
2265,0,0_dense
2266,0,0_sparse
2267,0,0_dense
2268,0,0_dense
2269,0,0_sparse
2270,1,1_dense
2271,1,1_sparse
2272,0,0_dense
2273,0,0_dense
2274,1,1_dense
2275,0,0_dense
2276,1,1_dense
2277,1,1_sparse
2278,0,0_sparse
2279,0,0_sparse
2280,0,0_sparse
2281,1,1_sparse
2282,0,0_sparse
2283,0,0_dense
2284,1,1_dense
2285,1,1_dense
2286,0,0_dense
2287,0,0_dense
2288,1,1_dense
2289,0,0_dense
2290,1,1_dense
2291,1,1_dense
2292,1,1_sparse
2293,1,1_dense
2294,1,1_dense
2295,1,1_dense
2296,1,1_sparse
2297,1,1_dense
2298,0,0_dense
2299,0,0_sparse
2300,0,0_dense
2301,0,0_dense
2302,1,1_dense
2303,0,0_dense
2304,1,1_sparse
2305,0,0_sparse
2306,0,0_dense
2307,1,1_sparse
2308,1,1_sparse
2309,1,1_sparse
2310,1,1_dense
2311,0,0_sparse
2312,0,0_dense
2313,1,1_dense
2314,1,1_sparse
2315,1,1_dense
2316,1,1_dense
2317,1,1_dense
2318,1,1_sparse
2319,1,1_dense
2320,1,1_sparse
2321,0,0_sparse
2322,0,0_sparse
2323,0,0_sparse
2324,1,1_dense
2325,0,0_dense
2326,0,0_sparse
2327,0,0_dense
2328,0,0_sparse
2329,0,0_dense
2330,0,0_sparse
2331,0,0_sparse
2332,0,0_sparse
2333,0,0_sparse
2334,1,1_dense
2335,0,0_sparse
2336,0,0_dense
2337,0,0_dense
2338,1,1_dense
2339,0,0_sparse
2340,1,1_dense
2341,1,1_dense
2342,1,1_dense
2343,0,0_dense
2344,1,1_sparse
2345,0,0_sparse
2346,0,0_sparse
2347,1,1_dense
2348,0,0_dense
2349,1,1_sparse
2350,0,0_dense
2351,0,0_dense
2352,1,1_dense
2353,1,1_sparse
2354,0,0_sparse
2355,0,0_dense
2356,1,1_sparse
2357,0,0_dense
2358,0,0_sparse
2359,1,1_dense
2360,1,1_dense
2361,0,0_sparse
2362,0,0_dense
2363,1,1_sparse
2364,0,0_dense
2365,1,1_dense
2366,1,1_dense
2367,0,0_dense
2368,0,0_dense
2369,1,1_sparse
2370,0,0_dense
2371,1,1_dense
2372,1,1_sparse
2373,1,1_dense
2374,0,0_sparse
2375,0,0_dense
2376,0,0_dense
2377,0,0_sparse
2378,1,1_sparse
2379,1,1_sparse
2380,0,0_dense
2381,0,0_sparse
2382,0,0_sparse
2383,1,1_sparse
2384,1,1_sparse
2385,0,0_dense
2386,0,0_sparse
2387,1,1_sparse
2388,0,0_sparse
2389,0,0_sparse
2390,1,1_sparse
2391,1,1_sparse
2392,0,0_sparse
2393,0,0_sparse
2394,1,1_sparse
2395,1,1_sparse
2396,1,1_dense
2397,0,0_dense
2398,1,1_dense
2399,1,1_dense
2400,1,1_dense
2401,1,1_sparse
2402,0,0_sparse
2403,1,1_sparse
2404,0,0_dense
2405,1,1_sparse
2406,0,0_dense
2407,1,1_dense
2408,0,0_sparse
2409,0,0_sparse
2410,0,0_dense
2411,0,0_dense
2412,0,0_dense
2413,0,0_sparse
2414,1,1_sparse
2415,1,1_sparse
2416,0,0_dense
2417,0,0_sparse
2418,0,0_dense
2419,1,1_sparse
2420,1,1_dense
2421,0,0_sparse
2422,0,0_dense
2423,0,0_dense
2424,0,0_sparse
2425,0,0_dense
2426,0,0_sparse
2427,0,0_dense
2428,0,0_dense
2429,0,0_dense
2430,0,0_dense
2431,0,0_dense
2432,0,0_dense
2433,0,0_dense
2434,1,1_dense
2435,0,0_sparse
2436,1,1_dense
2437,0,0_sparse
2438,0,0_dense
2439,1,1_sparse
2440,0,0_dense
2441,0,0_sparse
2442,0,0_sparse
2443,0,0_dense
2444,0,0_sparse
2445,0,0_sparse
2446,0,0_sparse
2447,1,1_sparse
2448,1,1_dense
2449,0,0_dense
2450,0,0_sparse
2451,1,1_sparse
2452,1,1_dense
2453,1,1_sparse
2454,1,1_sparse
2455,1,1_dense
2456,1,1_dense
2457,0,0_sparse
2458,0,0_dense
2459,1,1_sparse
2460,0,0_sparse
2461,0,0_sparse
2462,0,0_dense
2463,1,1_dense
2464,0,0_sparse
2465,1,1_dense
2466,1,1_dense
2467,0,0_dense
2468,1,1_dense
2469,0,0_sparse
2470,0,0_sparse
2471,1,1_dense
2472,0,0_sparse
2473,0,0_dense
2474,1,1_dense
2475,1,1_dense
2476,1,1_dense
2477,1,1_dense
2478,0,0_dense
2479,0,0_sparse
2480,1,1_dense
2481,0,0_dense
2482,0,0_sparse
2483,0,0_dense
2484,0,0_sparse
2485,1,1_dense
2486,1,1_dense
2487,0,0_dense
2488,1,1_dense
2489,1,1_sparse
2490,0,0_sparse
2491,0,0_sparse
2492,1,1_sparse
2493,0,0_dense
2494,1,1_dense
2495,1,1_dense
2496,1,1_sparse
2497,1,1_dense
2498,0,0_sparse
2499,0,0_dense
2500,0,0_sparse
2501,1,1_sparse
2502,0,0_dense
2503,1,1_dense
2504,0,0_dense
2505,1,1_sparse
2506,1,1_sparse
2507,0,0_dense
2508,0,0_sparse
2509,1,1_sparse
2510,1,1_dense
2511,0,0_dense
2512,0,0_dense
2513,1,1_dense
2514,1,1_dense
2515,1,1_sparse
2516,1,1_dense
2517,0,0_dense
2518,1,1_dense
2519,0,0_sparse
2520,1,1_sparse
2521,0,0_dense
2522,1,1_dense
2523,1,1_dense
2524,0,0_dense
2525,1,1_dense
2526,1,1_dense
2527,0,0_dense
2528,1,1_dense
2529,0,0_dense
2530,1,1_dense
2531,0,0_dense
2532,0,0_sparse
2533,1,1_dense
2534,1,1_dense
2535,1,1_dense
2536,1,1_sparse
2537,1,1_sparse
2538,1,1_sparse
2539,0,0_dense
2540,1,1_dense
2541,1,1_dense
2542,0,0_sparse
2543,0,0_dense
2544,1,1_sparse
2545,0,0_dense
2546,1,1_sparse
2547,1,1_sparse
2548,1,1_dense
2549,1,1_dense
2550,0,0_sparse
2551,1,1_sparse
2552,0,0_dense
2553,0,0_sparse
2554,1,1_dense
2555,1,1_dense
2556,0,0_sparse
2557,1,1_dense
2558,1,1_sparse
2559,0,0_dense
2560,1,1_sparse
2561,0,0_sparse
2562,1,1_sparse
2563,0,0_dense
2564,1,1_sparse
2565,0,0_sparse
2566,1,1_dense
2567,0,0_dense
2568,1,1_sparse
2569,1,1_sparse
2570,1,1_dense
2571,0,0_dense
2572,0,0_dense
2573,0,0_dense
2574,0,0_sparse
2575,1,1_sparse
2576,1,1_sparse
2577,0,0_dense
2578,1,1_sparse
2579,1,1_dense
2580,0,0_dense
2581,0,0_sparse
2582,1,1_dense
2583,0,0_dense
2584,1,1_dense
2585,1,1_sparse
2586,1,1_dense
2587,1,1_sparse
2588,1,1_sparse
2589,0,0_dense
2590,1,1_dense
2591,0,0_dense
2592,0,0_sparse
2593,0,0_dense
2594,0,0_sparse
2595,1,1_dense
2596,1,1_dense
2597,1,1_dense
2598,1,1_dense
2599,1,1_sparse
2600,0,0_sparse
2601,0,0_sparse
2602,0,0_sparse
2603,1,1_dense
2604,1,1_dense
2605,0,0_dense
2606,0,0_sparse
2607,1,1_sparse
2608,1,1_dense
2609,0,0_sparse
2610,1,1_sparse
2611,0,0_sparse
2612,1,1_sparse
2613,0,0_sparse
2614,0,0_dense
2615,1,1_dense
2616,1,1_sparse
2617,1,1_sparse
2618,1,1_dense
2619,0,0_sparse
2620,1,1_dense
2621,1,1_dense
2622,1,1_sparse
2623,0,0_dense
2624,1,1_dense
2625,1,1_sparse
2626,0,0_sparse
2627,1,1_dense
2628,0,0_sparse
2629,0,0_dense
2630,0,0_dense
2631,1,1_dense
2632,1,1_sparse
2633,0,0_dense
2634,1,1_sparse
2635,1,1_dense
2636,1,1_sparse
2637,1,1_sparse
2638,0,0_dense
2639,0,0_dense
2640,0,0_sparse
2641,1,1_sparse
2642,1,1_dense
2643,0,0_sparse
2644,1,1_dense
2645,0,0_dense
2646,0,0_sparse
2647,1,1_sparse
2648,1,1_dense
2649,1,1_sparse
2650,0,0_sparse
2651,0,0_dense
2652,0,0_dense
2653,1,1_dense
2654,0,0_dense
2655,1,1_sparse
2656,0,0_dense
2657,0,0_sparse
2658,1,1_dense
2659,1,1_dense
2660,0,0_dense
2661,0,0_sparse
2662,1,1_sparse
2663,1,1_dense
2664,0,0_sparse
2665,1,1_sparse
2666,0,0_dense
2667,0,0_sparse
2668,1,1_sparse
2669,1,1_dense
2670,0,0_dense
2671,0,0_dense
2672,1,1_dense
2673,1,1_dense
2674,1,1_dense
2675,1,1_sparse
2676,1,1_dense
2677,0,0_dense
2678,1,1_sparse
2679,0,0_sparse
2680,1,1_sparse
2681,1,1_dense
2682,1,1_sparse
2683,0,0_sparse
2684,1,1_sparse
2685,0,0_dense
2686,1,1_dense
2687,0,0_dense
2688,1,1_dense
2689,0,0_sparse
2690,0,0_sparse
2691,0,0_sparse
2692,0,0_dense
2693,1,1_dense
2694,1,1_sparse
2695,0,0_sparse
2696,1,1_sparse
2697,0,0_dense
2698,1,1_sparse
2699,0,0_sparse
2700,0,0_sparse
2701,0,0_dense
2702,0,0_sparse
2703,0,0_sparse
2704,0,0_dense
2705,0,0_dense
2706,0,0_sparse
2707,1,1_dense
2708,0,0_sparse
2709,0,0_sparse
2710,0,0_dense
2711,0,0_sparse
2712,1,1_dense
2713,0,0_dense
2714,0,0_dense
2715,0,0_sparse
2716,0,0_sparse
2717,0,0_sparse
2718,1,1_dense
2719,0,0_dense
2720,0,0_dense
2721,0,0_dense
2722,1,1_dense
2723,0,0_sparse
2724,1,1_sparse
2725,0,0_sparse
2726,0,0_dense
2727,1,1_sparse
2728,1,1_sparse
2729,0,0_sparse
2730,1,1_sparse
2731,1,1_sparse
2732,1,1_dense
2733,0,0_sparse
2734,1,1_dense
2735,1,1_sparse
2736,1,1_sparse
2737,1,1_sparse
2738,0,0_sparse
2739,1,1_dense
2740,0,0_sparse
2741,0,0_dense
2742,1,1_sparse
2743,0,0_sparse
2744,0,0_sparse
2745,0,0_dense
2746,0,0_sparse
2747,0,0_sparse
2748,0,0_sparse
2749,0,0_sparse
2750,1,1_sparse
2751,0,0_sparse
2752,0,0_dense
2753,0,0_sparse
2754,0,0_dense
2755,0,0_dense
2756,1,1_dense
2757,1,1_sparse
2758,1,1_sparse
2759,0,0_dense
2760,0,0_sparse
2761,1,1_dense
2762,1,1_sparse
2763,0,0_sparse
2764,1,1_dense
2765,1,1_dense
2766,1,1_sparse
2767,0,0_dense
2768,0,0_dense
2769,0,0_sparse
2770,1,1_dense
2771,1,1_dense
2772,0,0_sparse
2773,0,0_sparse
2774,1,1_dense
2775,0,0_sparse
2776,0,0_dense
2777,1,1_dense
2778,0,0_sparse
2779,1,1_dense
2780,0,0_sparse
2781,1,1_dense
2782,1,1_sparse
2783,1,1_dense
2784,0,0_dense
2785,0,0_dense
2786,0,0_sparse
2787,1,1_dense
2788,1,1_dense
2789,0,0_sparse
2790,0,0_sparse
2791,1,1_sparse
2792,0,0_dense
2793,1,1_dense
2794,0,0_dense
2795,1,1_dense
2796,1,1_sparse
2797,0,0_dense
2798,1,1_sparse
2799,1,1_sparse
2800,0,0_sparse
2801,0,0_sparse
2802,1,1_dense
2803,1,1_sparse
2804,0,0_sparse
2805,0,0_dense
2806,1,1_dense
2807,1,1_dense
2808,1,1_sparse
2809,0,0_sparse
2810,1,1_sparse
2811,1,1_dense
2812,0,0_dense
2813,0,0_sparse
2814,1,1_dense
2815,1,1_dense
2816,0,0_sparse
2817,1,1_sparse
2818,0,0_dense
2819,0,0_sparse
2820,0,0_sparse
2821,0,0_sparse
2822,1,1_sparse
2823,0,0_dense
2824,1,1_dense
2825,0,0_dense
2826,1,1_sparse
2827,1,1_sparse
2828,0,0_sparse
2829,0,0_sparse
2830,0,0_dense
2831,0,0_dense
2832,0,0_dense
2833,0,0_sparse
2834,0,0_sparse
2835,0,0_dense
2836,0,0_dense
2837,0,0_sparse
2838,1,1_dense
2839,1,1_dense
2840,0,0_sparse
2841,0,0_dense
2842,1,1_sparse
2843,1,1_dense
2844,1,1_sparse
2845,0,0_dense
2846,1,1_dense
2847,0,0_dense
2848,1,1_dense
2849,0,0_dense
2850,0,0_sparse
2851,0,0_dense
2852,1,1_dense
2853,1,1_sparse
2854,0,0_sparse
2855,1,1_sparse
2856,0,0_dense
2857,0,0_sparse
2858,1,1_sparse
2859,0,0_sparse
2860,0,0_sparse
2861,0,0_dense
2862,0,0_sparse
2863,1,1_dense
2864,1,1_dense
2865,1,1_sparse
2866,0,0_sparse
2867,0,0_dense
2868,0,0_dense
2869,1,1_sparse
2870,0,0_dense
2871,1,1_sparse
2872,1,1_dense
2873,0,0_sparse
2874,0,0_sparse
2875,0,0_sparse
2876,0,0_dense
2877,0,0_dense
2878,0,0_dense
2879,0,0_sparse
2880,1,1_sparse
2881,0,0_dense
2882,0,0_dense
2883,0,0_sparse
2884,1,1_sparse
2885,1,1_sparse
2886,1,1_sparse
2887,1,1_dense
2888,1,1_sparse
2889,0,0_sparse
2890,1,1_sparse
2891,1,1_sparse
2892,0,0_sparse
2893,0,0_dense
2894,0,0_sparse
2895,0,0_dense
2896,0,0_sparse
2897,0,0_dense
2898,0,0_dense
2899,0,0_sparse
2900,0,0_dense
2901,1,1_sparse
2902,1,1_sparse
2903,0,0_sparse
2904,1,1_dense
2905,0,0_sparse
2906,0,0_dense
2907,0,0_dense
2908,0,0_dense
2909,0,0_sparse
2910,0,0_sparse
2911,0,0_sparse
2912,0,0_sparse
2913,0,0_sparse
2914,0,0_sparse
2915,1,1_sparse
2916,0,0_sparse
2917,0,0_sparse
2918,0,0_sparse
2919,1,1_sparse
2920,0,0_sparse
2921,1,1_sparse
2922,1,1_dense
2923,0,0_dense
2924,1,1_sparse
2925,1,1_dense
2926,1,1_dense
2927,0,0_dense
2928,1,1_dense
2929,0,0_dense
2930,0,0_sparse
2931,0,0_sparse
2932,0,0_sparse
2933,0,0_dense
2934,1,1_sparse
2935,1,1_dense
2936,0,0_sparse
2937,1,1_sparse
2938,0,0_sparse
2939,0,0_sparse
2940,1,1_dense
2941,1,1_dense
2942,0,0_dense
2943,0,0_sparse
2944,1,1_sparse
2945,1,1_dense
2946,0,0_dense
2947,0,0_sparse
2948,1,1_dense
2949,1,1_dense
2950,1,1_dense
2951,1,1_dense
2952,1,1_dense
2953,0,0_dense
2954,0,0_sparse
2955,1,1_dense
2956,1,1_sparse
2957,0,0_sparse
2958,0,0_dense
2959,0,0_dense
2960,0,0_dense
2961,0,0_sparse
2962,0,0_sparse
2963,0,0_dense
2964,0,0_dense
2965,1,1_dense
2966,0,0_sparse
2967,0,0_sparse
2968,1,1_sparse
2969,0,0_dense
2970,1,1_dense
2971,0,0_sparse
2972,1,1_dense
2973,1,1_dense
2974,1,1_dense
2975,1,1_dense
2976,1,1_dense
2977,1,1_dense
2978,1,1_sparse
2979,1,1_dense
2980,1,1_sparse
2981,0,0_sparse
2982,1,1_dense
2983,0,0_sparse
2984,0,0_sparse
2985,1,1_sparse
2986,1,1_sparse
2987,0,0_sparse
2988,0,0_dense
2989,0,0_sparse
2990,0,0_dense
2991,1,1_sparse
2992,0,0_dense
2993,0,0_sparse
2994,0,0_sparse
2995,1,1_dense
2996,1,1_dense
2997,1,1_dense
2998,0,0_sparse
2999,0,0_dense
3000,0,0_dense
3001,0,0_sparse
3002,0,0_dense
3003,0,0_sparse
3004,0,0_dense
3005,0,0_sparse
3006,1,1_sparse
3007,1,1_sparse
3008,0,0_sparse
3009,0,0_sparse
3010,0,0_dense
3011,0,0_dense
3012,0,0_dense
3013,1,1_sparse
3014,0,0_sparse
3015,0,0_dense
3016,0,0_sparse
3017,1,1_sparse
3018,0,0_dense
3019,1,1_dense
3020,1,1_dense
3021,0,0_dense
3022,0,0_sparse
3023,0,0_sparse
3024,1,1_sparse
3025,0,0_dense
3026,1,1_dense
3027,0,0_sparse
3028,1,1_dense
3029,0,0_sparse
3030,1,1_sparse
3031,1,1_dense
3032,0,0_sparse
3033,0,0_dense
3034,0,0_sparse
3035,0,0_dense
3036,1,1_dense
3037,1,1_dense
3038,0,0_sparse
3039,1,1_sparse
3040,1,1_sparse
3041,1,1_sparse
3042,0,0_sparse
3043,1,1_dense
3044,1,1_dense
3045,0,0_dense
3046,0,0_sparse
3047,0,0_sparse
3048,0,0_sparse
3049,1,1_sparse
3050,1,1_sparse
3051,0,0_sparse
3052,0,0_sparse
3053,0,0_sparse
3054,0,0_dense
3055,1,1_sparse
3056,0,0_sparse
3057,1,1_sparse
3058,0,0_dense
3059,0,0_sparse
3060,0,0_sparse
3061,0,0_sparse
3062,0,0_sparse
3063,1,1_dense
3064,1,1_sparse
3065,0,0_dense
3066,1,1_dense
3067,1,1_sparse
3068,0,0_sparse
3069,1,1_sparse
3070,0,0_sparse
3071,1,1_sparse
3072,0,0_dense
3073,0,0_sparse
3074,0,0_sparse
3075,1,1_dense
3076,1,1_dense
3077,0,0_sparse
3078,1,1_dense
3079,1,1_sparse
3080,0,0_sparse
3081,0,0_sparse
3082,0,0_dense
3083,0,0_sparse
3084,0,0_dense
3085,1,1_dense
3086,1,1_dense
3087,1,1_dense
3088,0,0_dense
3089,0,0_sparse
3090,1,1_dense
3091,0,0_dense
3092,1,1_sparse
3093,1,1_sparse
3094,1,1_dense
3095,0,0_sparse
3096,0,0_dense
3097,1,1_dense
3098,0,0_sparse
3099,1,1_sparse
3100,0,0_sparse
3101,1,1_dense
3102,0,0_dense
3103,0,0_dense
3104,1,1_dense
3105,0,0_sparse
3106,0,0_sparse
3107,1,1_dense
3108,0,0_dense
3109,0,0_dense
3110,0,0_sparse
3111,0,0_sparse
3112,0,0_sparse
3113,1,1_sparse
3114,0,0_dense
3115,0,0_dense
3116,0,0_sparse
3117,1,1_dense
3118,1,1_sparse
3119,1,1_sparse
3120,0,0_sparse
3121,0,0_sparse
3122,0,0_dense
3123,0,0_sparse
3124,1,1_sparse
3125,0,0_sparse
3126,0,0_sparse
3127,1,1_dense
3128,1,1_dense
3129,1,1_sparse
3130,0,0_sparse
3131,0,0_sparse
3132,1,1_sparse
3133,1,1_sparse
3134,0,0_dense
3135,1,1_sparse
3136,0,0_dense
3137,0,0_sparse
3138,1,1_dense
3139,1,1_dense
3140,0,0_sparse
3141,1,1_sparse
3142,1,1_dense
3143,0,0_sparse
3144,0,0_dense
3145,0,0_dense
3146,0,0_sparse
3147,1,1_sparse
3148,1,1_dense
3149,0,0_dense
3150,1,1_sparse
3151,1,1_sparse
3152,1,1_dense
3153,1,1_sparse
3154,1,1_dense
3155,1,1_sparse
3156,0,0_dense
3157,1,1_sparse
3158,0,0_dense
3159,1,1_dense
3160,1,1_sparse
3161,1,1_sparse
3162,0,0_dense
3163,1,1_dense
3164,1,1_sparse
3165,1,1_sparse
3166,0,0_dense
3167,1,1_dense
3168,0,0_sparse
3169,0,0_dense
3170,0,0_dense
3171,0,0_dense
3172,1,1_dense
3173,1,1_dense
3174,1,1_dense
3175,1,1_dense
3176,0,0_sparse
3177,0,0_dense
3178,0,0_dense
3179,0,0_sparse
3180,0,0_sparse
3181,1,1_dense
3182,0,0_sparse
3183,1,1_sparse
3184,1,1_dense
3185,1,1_sparse
3186,0,0_dense
3187,1,1_sparse
3188,1,1_dense
3189,1,1_sparse
3190,1,1_sparse
3191,0,0_dense
3192,0,0_dense
3193,0,0_dense
3194,0,0_dense
3195,0,0_dense
3196,0,0_dense
3197,0,0_dense
3198,0,0_dense
3199,1,1_sparse
3200,1,1_dense
3201,1,1_dense
3202,0,0_dense
3203,1,1_dense
3204,1,1_sparse
3205,1,1_dense
3206,0,0_sparse
3207,0,0_sparse
3208,0,0_sparse
3209,0,0_dense
3210,0,0_sparse
3211,0,0_dense
3212,1,1_dense
3213,0,0_dense
3214,1,1_dense
3215,1,1_dense
3216,1,1_sparse
3217,1,1_dense
3218,1,1_sparse
3219,0,0_sparse
3220,1,1_dense
3221,1,1_sparse
3222,0,0_sparse
3223,0,0_sparse
3224,0,0_sparse
3225,1,1_sparse
3226,1,1_sparse
3227,0,0_sparse
3228,0,0_sparse
3229,1,1_sparse
3230,0,0_sparse
3231,0,0_dense
3232,1,1_dense
3233,1,1_dense
3234,1,1_sparse
3235,1,1_dense
3236,1,1_sparse
3237,0,0_dense
3238,0,0_sparse
3239,0,0_sparse
3240,0,0_sparse
3241,1,1_sparse
3242,1,1_dense
3243,1,1_dense
3244,1,1_sparse
3245,0,0_dense
3246,0,0_sparse
3247,0,0_dense
3248,0,0_dense
3249,1,1_sparse
3250,0,0_sparse
3251,1,1_dense
3252,1,1_sparse
3253,1,1_sparse
3254,1,1_sparse
3255,1,1_dense
3256,0,0_dense
3257,1,1_dense
3258,1,1_dense
3259,1,1_dense
3260,0,0_sparse
3261,1,1_dense
3262,1,1_sparse
3263,0,0_sparse
3264,0,0_sparse
3265,1,1_sparse
3266,1,1_sparse
3267,1,1_dense
3268,1,1_dense
3269,1,1_dense
3270,1,1_sparse
3271,0,0_sparse
3272,0,0_sparse
3273,1,1_dense
3274,0,0_sparse
3275,0,0_sparse
3276,1,1_dense
3277,1,1_dense
3278,0,0_sparse
3279,0,0_dense
3280,0,0_dense
3281,0,0_sparse
3282,0,0_dense
3283,0,0_dense
3284,0,0_sparse
3285,0,0_dense
3286,1,1_dense
3287,0,0_sparse
3288,1,1_dense
3289,1,1_dense
3290,0,0_sparse
3291,0,0_dense
3292,1,1_dense
3293,0,0_sparse
3294,1,1_dense
3295,1,1_dense
3296,1,1_dense
3297,1,1_dense
3298,1,1_sparse
3299,0,0_sparse
3300,1,1_sparse
3301,0,0_dense
3302,0,0_dense
3303,0,0_sparse
3304,0,0_dense
3305,1,1_sparse
3306,0,0_sparse
3307,1,1_dense
3308,1,1_dense
3309,0,0_dense
3310,1,1_sparse
3311,1,1_sparse
3312,0,0_dense
3313,1,1_dense
3314,0,0_sparse
3315,0,0_sparse
3316,1,1_dense
3317,1,1_dense
3318,1,1_sparse
3319,1,1_dense
3320,0,0_dense
3321,1,1_dense
3322,1,1_sparse
3323,0,0_sparse
3324,0,0_sparse
3325,1,1_dense
3326,0,0_sparse
3327,0,0_sparse
3328,1,1_sparse
3329,1,1_sparse
3330,0,0_sparse
3331,1,1_sparse
3332,1,1_sparse
3333,1,1_sparse
3334,1,1_sparse
3335,0,0_sparse
3336,1,1_dense
3337,0,0_sparse
3338,0,0_sparse
3339,0,0_sparse
3340,0,0_dense
3341,0,0_dense
3342,0,0_sparse
3343,0,0_dense
3344,0,0_sparse
3345,1,1_sparse
3346,0,0_dense
3347,1,1_dense
3348,0,0_dense
3349,1,1_sparse
3350,0,0_sparse
3351,0,0_dense
3352,0,0_sparse
3353,0,0_dense
3354,0,0_dense
3355,0,0_sparse
3356,1,1_dense
3357,0,0_sparse
3358,1,1_dense
3359,0,0_dense
3360,1,1_dense
3361,1,1_sparse
3362,1,1_dense
3363,1,1_dense
3364,0,0_sparse
3365,1,1_sparse
3366,0,0_dense
3367,0,0_dense
3368,1,1_sparse
3369,0,0_dense
3370,1,1_sparse
3371,0,0_dense
3372,0,0_dense
3373,1,1_sparse
3374,1,1_sparse
3375,0,0_dense
3376,0,0_sparse
3377,1,1_sparse
3378,0,0_sparse
3379,1,1_dense
3380,0,0_sparse
3381,0,0_dense
3382,0,0_dense
3383,0,0_dense
3384,1,1_dense
3385,0,0_sparse
3386,0,0_dense
3387,1,1_dense
3388,0,0_sparse
3389,1,1_sparse
3390,1,1_sparse
3391,0,0_dense
3392,0,0_sparse
3393,1,1_sparse
3394,1,1_sparse
3395,1,1_dense
3396,1,1_sparse
3397,0,0_sparse
3398,1,1_sparse
3399,0,0_sparse
3400,0,0_sparse
3401,1,1_sparse
3402,1,1_sparse
3403,0,0_dense
3404,0,0_dense
3405,0,0_sparse
3406,0,0_dense
3407,1,1_sparse
3408,0,0_dense
3409,0,0_dense
3410,0,0_dense
3411,0,0_dense
3412,1,1_dense
3413,0,0_sparse
3414,0,0_sparse
3415,0,0_dense
3416,1,1_sparse
3417,1,1_sparse
3418,1,1_dense
3419,1,1_dense
3420,1,1_dense
3421,1,1_sparse
3422,0,0_sparse
3423,1,1_dense
3424,0,0_sparse
3425,0,0_dense
3426,1,1_dense
3427,1,1_sparse
3428,0,0_dense
3429,1,1_dense
3430,1,1_dense
3431,0,0_sparse
3432,0,0_dense
3433,0,0_dense
3434,1,1_sparse
3435,1,1_dense
3436,0,0_dense
3437,0,0_sparse
3438,1,1_dense
3439,1,1_dense
3440,1,1_sparse
3441,0,0_dense
3442,0,0_dense
3443,0,0_dense
3444,0,0_dense
3445,1,1_dense
3446,0,0_dense
3447,1,1_dense
3448,0,0_sparse
3449,0,0_dense
3450,0,0_sparse
3451,0,0_sparse
3452,1,1_sparse
3453,0,0_dense
3454,1,1_sparse
3455,1,1_dense
3456,1,1_sparse
3457,0,0_dense
3458,0,0_dense
3459,1,1_sparse
3460,0,0_sparse
3461,1,1_dense
3462,0,0_sparse
3463,0,0_dense
3464,1,1_dense
3465,0,0_dense
3466,0,0_sparse
3467,1,1_dense
3468,0,0_sparse
3469,1,1_dense
3470,1,1_sparse
3471,1,1_sparse
3472,1,1_dense
3473,1,1_sparse
3474,0,0_dense
3475,1,1_sparse
3476,0,0_sparse
3477,1,1_dense
3478,1,1_dense
3479,0,0_dense
3480,0,0_dense
3481,0,0_sparse
3482,0,0_sparse
3483,0,0_sparse
3484,0,0_sparse
3485,0,0_dense
3486,0,0_dense
3487,1,1_dense
3488,1,1_sparse
3489,0,0_dense
3490,1,1_dense
3491,1,1_sparse
3492,1,1_dense
3493,1,1_sparse
3494,1,1_sparse
3495,0,0_sparse
3496,0,0_sparse
3497,0,0_dense
3498,1,1_dense
3499,0,0_sparse
3500,1,1_sparse
3501,0,0_dense
3502,1,1_dense
3503,1,1_sparse
3504,0,0_dense
3505,0,0_sparse
3506,0,0_sparse
3507,0,0_dense
3508,0,0_sparse
3509,0,0_dense
3510,0,0_sparse
3511,0,0_sparse
3512,1,1_dense
3513,0,0_sparse
3514,1,1_dense
3515,0,0_sparse
3516,0,0_sparse
3517,0,0_dense
3518,0,0_dense
3519,1,1_dense
3520,1,1_dense
3521,1,1_sparse
3522,0,0_dense
3523,0,0_sparse
3524,0,0_sparse
3525,0,0_dense
3526,1,1_dense
3527,0,0_sparse
3528,0,0_dense
3529,1,1_dense
3530,1,1_sparse
3531,0,0_dense
3532,0,0_sparse
3533,0,0_sparse
3534,0,0_sparse
3535,1,1_sparse
3536,0,0_sparse
3537,1,1_dense
3538,0,0_sparse
3539,1,1_sparse
3540,1,1_dense
3541,1,1_sparse
3542,0,0_dense
3543,0,0_dense
3544,1,1_sparse
3545,1,1_dense
3546,1,1_dense
3547,0,0_sparse
3548,0,0_dense
3549,1,1_dense
3550,0,0_sparse
3551,1,1_sparse
3552,0,0_sparse
3553,1,1_dense
3554,0,0_sparse
3555,0,0_dense
3556,0,0_sparse
3557,1,1_dense
3558,1,1_dense
3559,0,0_sparse
3560,1,1_dense
3561,0,0_dense
3562,0,0_sparse
3563,0,0_sparse
3564,0,0_dense
3565,1,1_sparse
3566,0,0_sparse
3567,1,1_sparse
3568,0,0_dense
3569,0,0_sparse
3570,0,0_dense
3571,0,0_dense
3572,0,0_sparse
3573,0,0_sparse
3574,0,0_dense
3575,0,0_dense
3576,0,0_sparse
3577,0,0_sparse
3578,0,0_dense
3579,0,0_sparse
3580,1,1_sparse
3581,0,0_sparse
3582,1,1_dense
3583,1,1_sparse
3584,0,0_dense
3585,0,0_sparse
3586,0,0_sparse
3587,0,0_dense
3588,1,1_sparse
3589,0,0_dense
3590,1,1_sparse
3591,1,1_sparse
3592,1,1_sparse
3593,0,0_sparse
3594,1,1_dense
3595,1,1_dense
3596,1,1_dense
3597,1,1_dense
3598,0,0_dense
3599,0,0_dense
3600,0,0_dense
3601,0,0_sparse
3602,0,0_sparse
3603,0,0_dense
3604,1,1_sparse
3605,0,0_sparse
3606,0,0_dense
3607,1,1_sparse
3608,0,0_sparse
3609,0,0_sparse
3610,0,0_dense
3611,0,0_sparse
3612,1,1_sparse
3613,1,1_sparse
3614,1,1_sparse
3615,1,1_sparse
3616,0,0_sparse
3617,1,1_dense
3618,0,0_sparse
3619,0,0_sparse
3620,0,0_dense
3621,1,1_dense
3622,1,1_dense
3623,0,0_sparse
3624,0,0_dense
3625,1,1_sparse
3626,1,1_dense
3627,1,1_sparse
3628,1,1_dense
3629,0,0_dense
3630,1,1_sparse
3631,1,1_sparse
3632,1,1_dense
3633,1,1_dense
3634,0,0_dense
3635,0,0_dense
3636,1,1_sparse
3637,0,0_sparse
3638,0,0_sparse
3639,1,1_sparse
3640,0,0_dense
3641,1,1_sparse
3642,0,0_sparse
3643,0,0_dense
3644,0,0_sparse
3645,1,1_sparse
3646,0,0_dense
3647,1,1_sparse
3648,1,1_dense
3649,0,0_dense
3650,0,0_dense
3651,1,1_dense
3652,1,1_sparse
3653,1,1_sparse
3654,1,1_dense
3655,1,1_sparse
3656,1,1_dense
3657,1,1_dense
3658,1,1_sparse
3659,1,1_dense
3660,1,1_sparse
3661,0,0_sparse
3662,1,1_sparse
3663,1,1_dense
3664,0,0_dense
3665,1,1_dense
3666,1,1_dense
3667,1,1_dense
3668,0,0_dense
3669,0,0_dense
3670,0,0_dense
3671,1,1_dense
3672,1,1_dense
3673,1,1_dense
3674,1,1_dense
3675,0,0_sparse
3676,0,0_sparse
3677,1,1_sparse
3678,1,1_sparse
3679,0,0_sparse
3680,0,0_dense
3681,0,0_sparse
3682,0,0_dense
3683,1,1_sparse
3684,1,1_sparse
3685,0,0_sparse
3686,0,0_sparse
3687,1,1_sparse
3688,0,0_sparse
3689,0,0_sparse
3690,0,0_sparse
3691,1,1_dense
3692,0,0_sparse
3693,0,0_sparse
3694,1,1_dense
3695,0,0_dense
3696,1,1_sparse
3697,1,1_sparse
3698,0,0_dense
3699,1,1_sparse
3700,0,0_sparse
3701,1,1_dense
3702,0,0_dense
3703,0,0_sparse
3704,0,0_dense
3705,1,1_sparse
3706,0,0_sparse
3707,0,0_sparse
3708,0,0_sparse
3709,1,1_dense
3710,0,0_dense
3711,1,1_dense
3712,0,0_dense
3713,0,0_dense
3714,0,0_dense
3715,0,0_sparse
3716,1,1_dense
3717,1,1_dense
3718,1,1_dense
3719,0,0_sparse
3720,0,0_dense
3721,0,0_sparse
3722,1,1_dense
3723,1,1_sparse
3724,1,1_sparse
3725,1,1_dense
3726,1,1_dense
3727,0,0_sparse
3728,1,1_sparse
3729,0,0_dense
3730,1,1_sparse
3731,1,1_dense
3732,0,0_dense
3733,1,1_sparse
3734,1,1_sparse
3735,0,0_sparse
3736,1,1_sparse
3737,0,0_dense
3738,0,0_dense
3739,0,0_sparse
3740,1,1_sparse
3741,1,1_dense
3742,1,1_sparse
3743,1,1_dense
3744,1,1_dense
3745,0,0_dense
3746,1,1_sparse
3747,1,1_dense
3748,0,0_sparse
3749,0,0_sparse
3750,1,1_sparse
3751,0,0_dense
3752,1,1_dense
3753,0,0_dense
3754,1,1_dense
3755,0,0_dense
3756,0,0_sparse
3757,1,1_sparse
3758,1,1_dense
3759,0,0_dense
3760,0,0_dense
3761,1,1_sparse
3762,1,1_sparse
3763,0,0_dense
3764,1,1_sparse
3765,1,1_sparse
3766,0,0_sparse
3767,0,0_dense
3768,1,1_sparse
3769,1,1_sparse
3770,0,0_dense
3771,1,1_dense
3772,1,1_sparse
3773,1,1_sparse
3774,0,0_dense
3775,0,0_sparse
3776,1,1_sparse
3777,0,0_sparse
3778,0,0_dense
3779,1,1_sparse
3780,1,1_dense
3781,1,1_dense
3782,1,1_sparse
3783,0,0_dense
3784,0,0_dense
3785,0,0_sparse
3786,1,1_dense
3787,0,0_dense
3788,0,0_dense
3789,1,1_sparse
3790,1,1_sparse
3791,1,1_dense
3792,1,1_sparse
3793,0,0_dense
3794,0,0_dense
3795,1,1_dense
3796,0,0_dense
3797,0,0_dense
3798,0,0_dense
3799,0,0_sparse
3800,1,1_dense
3801,1,1_sparse
3802,0,0_dense
3803,1,1_dense
3804,1,1_sparse
3805,1,1_dense
3806,1,1_sparse
3807,0,0_sparse
3808,0,0_dense
3809,0,0_sparse
3810,1,1_sparse
3811,0,0_sparse
3812,0,0_dense
3813,0,0_sparse
3814,1,1_sparse
3815,0,0_dense
3816,0,0_dense
3817,1,1_sparse
3818,1,1_sparse
3819,0,0_sparse
3820,0,0_dense
3821,1,1_sparse
3822,0,0_dense
3823,1,1_sparse
3824,1,1_dense
3825,0,0_sparse
3826,1,1_sparse
3827,0,0_sparse
3828,1,1_dense
3829,1,1_dense
3830,1,1_sparse
3831,1,1_sparse
3832,0,0_dense
3833,0,0_sparse
3834,0,0_dense
3835,1,1_sparse
3836,0,0_sparse
3837,0,0_sparse
3838,0,0_dense
3839,1,1_dense
3840,1,1_dense
3841,1,1_sparse
3842,1,1_sparse
3843,1,1_sparse
3844,0,0_sparse
3845,0,0_dense
3846,1,1_sparse
3847,0,0_sparse
3848,1,1_dense
3849,1,1_sparse
3850,0,0_sparse
3851,0,0_sparse
3852,0,0_dense
3853,1,1_sparse
3854,0,0_sparse
3855,1,1_sparse
3856,0,0_sparse
3857,0,0_dense
3858,0,0_sparse
3859,1,1_dense
3860,1,1_dense
3861,1,1_dense
3862,1,1_sparse
3863,0,0_dense
3864,0,0_sparse
3865,1,1_dense
3866,0,0_dense
3867,1,1_sparse
3868,0,0_sparse
3869,1,1_dense
3870,1,1_sparse
3871,0,0_sparse
3872,1,1_dense
3873,1,1_dense
3874,0,0_dense
3875,1,1_dense
3876,0,0_dense
3877,0,0_sparse
3878,0,0_dense
3879,0,0_sparse
3880,0,0_dense
3881,0,0_sparse
3882,0,0_sparse
3883,1,1_sparse
3884,1,1_dense
3885,0,0_dense
3886,1,1_dense
3887,1,1_sparse
3888,1,1_dense
3889,0,0_dense
3890,0,0_dense
3891,1,1_dense
3892,0,0_dense
3893,0,0_sparse
3894,1,1_sparse
3895,1,1_dense
3896,0,0_dense
3897,0,0_sparse
3898,1,1_dense
3899,1,1_sparse
3900,1,1_sparse
3901,0,0_dense
3902,1,1_sparse
3903,1,1_sparse
3904,1,1_sparse
3905,1,1_sparse
3906,0,0_sparse
3907,1,1_sparse
3908,1,1_sparse
3909,1,1_sparse
3910,1,1_sparse
3911,0,0_dense
3912,0,0_sparse
3913,0,0_sparse
3914,1,1_dense
3915,1,1_sparse
3916,1,1_dense
3917,1,1_dense
3918,1,1_sparse
3919,0,0_sparse
3920,0,0_sparse
3921,1,1_sparse
3922,1,1_dense
3923,1,1_dense
3924,1,1_sparse
3925,0,0_dense
3926,0,0_sparse
3927,0,0_sparse
3928,1,1_dense
3929,1,1_dense
3930,0,0_dense
3931,1,1_dense
3932,0,0_sparse
3933,1,1_dense
3934,1,1_sparse
3935,0,0_sparse
3936,1,1_sparse
3937,1,1_dense
3938,0,0_sparse
3939,1,1_dense
3940,1,1_sparse
3941,0,0_dense
3942,1,1_sparse
3943,1,1_sparse
3944,1,1_dense
3945,1,1_dense
3946,0,0_sparse
3947,0,0_dense
3948,1,1_dense
3949,1,1_dense
3950,1,1_dense
3951,0,0_dense
3952,0,0_dense
3953,0,0_sparse
3954,0,0_dense
3955,1,1_dense
3956,0,0_sparse
3957,0,0_sparse
3958,1,1_dense
3959,1,1_dense
3960,1,1_sparse
3961,0,0_sparse
3962,0,0_sparse
3963,1,1_dense
3964,1,1_dense
3965,1,1_dense
3966,0,0_sparse
3967,1,1_sparse
3968,1,1_sparse
3969,1,1_sparse
3970,1,1_sparse
3971,1,1_dense
3972,1,1_dense
3973,1,1_sparse
3974,0,0_sparse
3975,1,1_sparse
3976,1,1_sparse
3977,0,0_dense
3978,0,0_dense
3979,0,0_dense
3980,1,1_sparse
3981,0,0_dense
3982,1,1_dense
3983,0,0_dense
3984,1,1_dense
3985,0,0_sparse
3986,0,0_dense
3987,1,1_dense
3988,1,1_dense
3989,1,1_sparse
3990,0,0_dense
3991,1,1_dense
3992,1,1_sparse
3993,1,1_sparse
3994,0,0_dense
3995,1,1_dense
3996,1,1_dense
3997,1,1_dense
3998,1,1_sparse
3999,0,0_dense
4000,0,0_sparse
4001,0,0_dense
4002,0,0_sparse
4003,1,1_dense
4004,1,1_sparse
4005,1,1_sparse
4006,0,0_dense
4007,1,1_sparse
4008,0,0_dense
4009,0,0_dense
4010,1,1_dense
4011,1,1_dense
4012,0,0_sparse
4013,1,1_sparse
4014,0,0_dense
4015,1,1_sparse
4016,0,0_sparse
4017,0,0_dense
4018,1,1_dense
4019,0,0_dense
4020,0,0_sparse
4021,0,0_sparse
4022,1,1_dense
4023,0,0_dense
4024,0,0_sparse
4025,1,1_sparse
4026,1,1_sparse
4027,1,1_sparse
4028,1,1_dense
4029,0,0_dense
4030,1,1_dense
4031,0,0_sparse
4032,0,0_sparse
4033,0,0_sparse
4034,1,1_sparse
4035,1,1_dense
4036,1,1_sparse
4037,0,0_sparse
4038,0,0_sparse
4039,1,1_dense
4040,0,0_dense
4041,1,1_sparse
4042,1,1_sparse
4043,1,1_dense
4044,1,1_sparse
4045,0,0_dense
4046,0,0_dense
4047,0,0_sparse
4048,1,1_sparse
4049,0,0_sparse
4050,1,1_sparse
4051,1,1_dense
4052,1,1_sparse
4053,1,1_sparse
4054,1,1_dense
4055,1,1_sparse
4056,0,0_dense
4057,1,1_sparse
4058,0,0_sparse
4059,1,1_dense
4060,0,0_dense
4061,1,1_dense
4062,0,0_sparse
4063,1,1_dense
4064,0,0_sparse
4065,0,0_sparse
4066,1,1_sparse
4067,1,1_dense
4068,1,1_sparse
4069,1,1_sparse
4070,1,1_dense
4071,0,0_dense
4072,0,0_dense
4073,1,1_dense
4074,0,0_dense
4075,0,0_sparse
4076,0,0_dense
4077,0,0_dense
4078,0,0_dense
4079,0,0_sparse
4080,1,1_dense
4081,1,1_sparse
4082,1,1_sparse
4083,0,0_dense
4084,0,0_sparse
4085,1,1_dense
4086,1,1_dense
4087,0,0_dense
4088,0,0_dense
4089,0,0_sparse
4090,1,1_dense
4091,0,0_sparse
4092,1,1_dense
4093,0,0_sparse
4094,1,1_dense
4095,1,1_sparse
4096,0,0_dense
4097,1,1_sparse
4098,0,0_dense
4099,0,0_sparse
4100,1,1_sparse
4101,1,1_sparse
4102,1,1_sparse
4103,0,0_dense
4104,1,1_dense
4105,0,0_sparse
4106,0,0_dense
4107,1,1_sparse
4108,0,0_dense
4109,0,0_dense
4110,1,1_dense
4111,0,0_sparse
4112,1,1_sparse
4113,1,1_sparse
4114,1,1_sparse
4115,1,1_sparse
4116,0,0_dense
4117,0,0_sparse
4118,0,0_dense
4119,0,0_sparse
4120,1,1_sparse
4121,1,1_dense
4122,1,1_dense
4123,0,0_sparse
4124,0,0_sparse
4125,0,0_sparse
4126,1,1_sparse
4127,0,0_dense
4128,0,0_sparse
4129,1,1_dense
4130,0,0_dense
4131,0,0_sparse
4132,1,1_dense
4133,0,0_sparse
4134,1,1_dense
4135,0,0_dense
4136,1,1_sparse
4137,1,1_dense
4138,0,0_sparse
4139,1,1_sparse
4140,1,1_sparse
4141,1,1_dense
4142,1,1_dense
4143,0,0_sparse
4144,0,0_dense
4145,1,1_sparse
4146,1,1_dense
4147,0,0_sparse
4148,0,0_dense
4149,1,1_dense
4150,1,1_dense
4151,0,0_dense
4152,1,1_sparse
4153,1,1_sparse
4154,1,1_dense
4155,1,1_sparse
4156,0,0_dense
4157,1,1_sparse
4158,0,0_sparse
4159,0,0_dense
4160,0,0_dense
4161,1,1_sparse
4162,0,0_sparse
4163,1,1_sparse
4164,1,1_dense
4165,0,0_sparse
4166,1,1_dense
4167,1,1_sparse
4168,0,0_dense
4169,1,1_sparse
4170,0,0_sparse
4171,1,1_sparse
4172,0,0_dense
4173,0,0_dense
4174,1,1_sparse
4175,0,0_dense
4176,1,1_dense
4177,0,0_dense
4178,1,1_sparse
4179,0,0_sparse
4180,0,0_sparse
4181,0,0_sparse
4182,0,0_sparse
4183,0,0_dense
4184,0,0_dense
4185,0,0_sparse
4186,1,1_sparse
4187,0,0_sparse
4188,1,1_dense
4189,1,1_sparse
4190,1,1_sparse
4191,1,1_dense
4192,1,1_sparse
4193,1,1_sparse
4194,0,0_dense
4195,1,1_sparse
4196,0,0_sparse
4197,1,1_sparse
4198,0,0_sparse
4199,0,0_dense
4200,1,1_sparse
4201,1,1_dense
4202,0,0_sparse
4203,0,0_sparse
4204,1,1_dense
4205,0,0_sparse
4206,1,1_sparse
4207,1,1_dense
4208,0,0_dense
4209,0,0_dense
4210,1,1_dense
4211,1,1_sparse
4212,0,0_dense
4213,1,1_dense
4214,1,1_dense
4215,1,1_dense
4216,1,1_dense
4217,1,1_sparse
4218,1,1_sparse
4219,1,1_sparse
4220,1,1_sparse
4221,0,0_sparse
4222,0,0_dense
4223,0,0_sparse
4224,0,0_dense
4225,1,1_dense
4226,0,0_dense
4227,1,1_sparse
4228,0,0_dense
4229,0,0_dense
4230,0,0_dense
4231,1,1_dense
4232,0,0_dense
4233,1,1_dense
4234,0,0_dense
4235,1,1_sparse
4236,1,1_sparse
4237,1,1_dense
4238,0,0_sparse
4239,1,1_sparse
4240,1,1_dense
4241,1,1_dense
4242,1,1_sparse
4243,0,0_dense
4244,1,1_sparse
4245,0,0_dense
4246,0,0_sparse
4247,1,1_sparse
4248,1,1_dense
4249,0,0_dense
4250,1,1_dense
4251,0,0_dense
4252,1,1_dense
4253,0,0_sparse
4254,0,0_sparse
4255,0,0_dense
4256,1,1_dense
4257,1,1_sparse
4258,0,0_sparse
4259,1,1_sparse
4260,0,0_dense
4261,0,0_sparse
4262,1,1_dense
4263,0,0_sparse
4264,0,0_dense
4265,1,1_sparse
4266,1,1_dense
4267,1,1_sparse
4268,1,1_dense
4269,1,1_sparse
4270,0,0_sparse
4271,1,1_sparse
4272,0,0_dense
4273,1,1_sparse
4274,1,1_dense
4275,0,0_sparse
4276,1,1_sparse
4277,1,1_sparse
4278,1,1_dense
4279,1,1_dense
4280,0,0_dense
4281,0,0_sparse
4282,1,1_dense
4283,1,1_sparse
4284,0,0_dense
4285,0,0_sparse
4286,0,0_dense
4287,1,1_dense
4288,0,0_sparse
4289,1,1_sparse
4290,1,1_dense
4291,1,1_dense
4292,1,1_sparse
4293,0,0_sparse
4294,0,0_sparse
4295,0,0_sparse
4296,0,0_dense
4297,1,1_sparse
4298,1,1_sparse
4299,0,0_sparse
4300,1,1_sparse
4301,0,0_dense
4302,0,0_dense
4303,1,1_sparse
4304,1,1_dense
4305,1,1_sparse
4306,0,0_sparse
4307,1,1_dense
4308,1,1_sparse
4309,1,1_sparse
4310,1,1_dense
4311,0,0_dense
4312,1,1_dense
4313,0,0_sparse
4314,0,0_sparse
4315,1,1_sparse
4316,0,0_dense
4317,0,0_dense
4318,1,1_dense
4319,0,0_sparse
4320,0,0_sparse
4321,1,1_dense
4322,1,1_dense
4323,1,1_dense
4324,0,0_dense
4325,0,0_sparse
4326,1,1_sparse
4327,1,1_dense
4328,1,1_sparse
4329,1,1_sparse
4330,0,0_dense
4331,1,1_dense
4332,1,1_dense
4333,1,1_sparse
4334,0,0_sparse
4335,1,1_sparse
4336,1,1_sparse
4337,0,0_dense
4338,1,1_dense
4339,1,1_dense
4340,1,1_sparse
4341,0,0_sparse
4342,0,0_sparse
4343,0,0_dense
4344,0,0_dense
4345,1,1_sparse
4346,1,1_sparse
4347,0,0_sparse
4348,1,1_dense
4349,0,0_dense
4350,0,0_dense
4351,0,0_sparse
4352,1,1_dense
4353,1,1_dense
4354,1,1_sparse
4355,0,0_sparse
4356,1,1_sparse
4357,0,0_sparse
4358,0,0_sparse
4359,0,0_dense
4360,1,1_dense
4361,0,0_sparse
4362,1,1_sparse
4363,0,0_dense
4364,0,0_sparse
4365,1,1_sparse
4366,1,1_sparse
4367,1,1_sparse
4368,0,0_sparse
4369,1,1_dense
4370,0,0_sparse
4371,1,1_dense
4372,0,0_dense
4373,1,1_sparse
4374,1,1_sparse
4375,1,1_dense
4376,0,0_sparse
4377,1,1_dense
4378,1,1_sparse
4379,0,0_sparse
4380,1,1_dense
4381,0,0_sparse
4382,1,1_sparse
4383,0,0_sparse
4384,0,0_sparse
4385,0,0_dense
4386,0,0_sparse
4387,1,1_sparse
4388,1,1_dense
4389,1,1_sparse
4390,1,1_sparse
4391,0,0_dense
4392,0,0_sparse
4393,0,0_sparse
4394,0,0_dense
4395,1,1_sparse
4396,1,1_sparse
4397,0,0_sparse
4398,0,0_dense
4399,1,1_dense
4400,1,1_sparse
4401,0,0_sparse
4402,1,1_sparse
4403,0,0_sparse
4404,0,0_sparse
4405,0,0_sparse
4406,1,1_dense
4407,0,0_dense
4408,1,1_dense
4409,1,1_sparse
4410,0,0_sparse
4411,0,0_dense
4412,0,0_dense
4413,1,1_sparse
4414,0,0_sparse
4415,0,0_sparse
4416,0,0_dense
4417,0,0_sparse
4418,0,0_sparse
4419,1,1_sparse
4420,1,1_sparse
4421,0,0_dense
4422,1,1_sparse
4423,0,0_dense
4424,1,1_dense
4425,0,0_dense
4426,1,1_sparse
4427,1,1_dense
4428,1,1_dense
4429,0,0_sparse
4430,0,0_dense
4431,0,0_dense
4432,0,0_sparse
4433,0,0_dense
4434,0,0_sparse
4435,0,0_dense
4436,1,1_sparse
4437,0,0_dense
4438,1,1_sparse
4439,1,1_dense
4440,1,1_dense
4441,0,0_sparse
4442,0,0_sparse
4443,0,0_dense
4444,1,1_dense
4445,0,0_dense
4446,0,0_dense
4447,1,1_dense
4448,0,0_sparse
4449,0,0_sparse
4450,0,0_sparse
4451,0,0_sparse
4452,0,0_sparse
4453,0,0_sparse
4454,1,1_dense
4455,1,1_sparse
4456,1,1_sparse
4457,0,0_sparse
4458,1,1_sparse
4459,1,1_sparse
4460,1,1_dense
4461,0,0_sparse
4462,1,1_sparse
4463,0,0_sparse
4464,1,1_dense
4465,0,0_dense
4466,0,0_dense
4467,1,1_sparse
4468,0,0_dense
4469,1,1_dense
4470,1,1_dense
4471,1,1_sparse
4472,1,1_sparse
4473,0,0_dense
4474,1,1_sparse
4475,0,0_dense
4476,0,0_sparse
4477,1,1_sparse
4478,0,0_dense
4479,0,0_dense
4480,1,1_dense
4481,1,1_dense
4482,0,0_sparse
4483,1,1_sparse
4484,0,0_dense
4485,0,0_sparse
4486,0,0_sparse
4487,1,1_sparse
4488,1,1_sparse
4489,0,0_dense
4490,0,0_dense
4491,1,1_sparse
4492,1,1_dense
4493,0,0_sparse
4494,0,0_sparse
4495,0,0_sparse
4496,1,1_sparse
4497,1,1_dense
4498,0,0_dense
4499,1,1_sparse
4500,0,0_sparse
4501,1,1_dense
4502,0,0_dense
4503,1,1_dense
4504,0,0_dense
4505,0,0_sparse
4506,0,0_dense
4507,1,1_sparse
4508,0,0_sparse
4509,1,1_sparse
4510,0,0_sparse
4511,1,1_sparse
4512,1,1_sparse
4513,0,0_dense
4514,0,0_sparse
4515,0,0_dense
4516,1,1_dense
4517,1,1_sparse
4518,0,0_dense
4519,1,1_dense
4520,1,1_sparse
4521,0,0_dense
4522,1,1_sparse
4523,1,1_sparse
4524,0,0_sparse
4525,1,1_dense
4526,1,1_dense
4527,1,1_dense
4528,1,1_sparse
4529,0,0_dense
4530,1,1_dense
4531,0,0_dense
4532,0,0_sparse
4533,0,0_sparse
4534,0,0_dense
4535,1,1_sparse
4536,0,0_sparse
4537,0,0_dense
4538,0,0_sparse
4539,1,1_dense
4540,1,1_sparse
4541,0,0_sparse
4542,1,1_dense
4543,1,1_dense
4544,1,1_dense
4545,0,0_dense
4546,0,0_dense
4547,0,0_dense
4548,0,0_sparse
4549,1,1_dense
4550,0,0_dense
4551,0,0_sparse
4552,1,1_dense
4553,0,0_sparse
4554,1,1_dense
4555,1,1_dense
4556,1,1_dense
4557,1,1_sparse
4558,1,1_dense
4559,0,0_sparse
4560,0,0_sparse
4561,1,1_sparse
4562,0,0_sparse
4563,0,0_dense
4564,1,1_sparse
4565,1,1_dense
4566,1,1_dense
4567,1,1_sparse
4568,0,0_sparse
4569,0,0_sparse
4570,0,0_sparse
4571,0,0_dense
4572,0,0_dense
4573,1,1_dense
4574,1,1_dense
4575,0,0_dense
4576,1,1_dense
4577,1,1_dense
4578,0,0_sparse
4579,1,1_dense
4580,1,1_dense
4581,1,1_sparse
4582,1,1_sparse
4583,0,0_dense
4584,0,0_dense
4585,0,0_dense
4586,1,1_sparse
4587,0,0_dense
4588,0,0_dense
4589,0,0_sparse
4590,0,0_dense
4591,1,1_sparse
4592,0,0_dense
4593,0,0_dense
4594,0,0_sparse
4595,1,1_sparse
4596,0,0_dense
4597,1,1_dense
4598,0,0_dense
4599,1,1_dense
4600,0,0_sparse
4601,0,0_dense
4602,0,0_sparse
4603,0,0_sparse
4604,0,0_dense
4605,0,0_dense
4606,1,1_sparse
4607,1,1_sparse
4608,1,1_dense
4609,0,0_sparse
4610,0,0_sparse
4611,0,0_dense
4612,0,0_dense
4613,0,0_sparse
4614,0,0_dense
4615,1,1_dense
4616,1,1_dense
4617,0,0_sparse
4618,0,0_sparse
4619,0,0_dense
4620,1,1_dense
4621,0,0_sparse
4622,1,1_sparse
4623,1,1_sparse
4624,1,1_sparse
4625,0,0_sparse
4626,1,1_dense
4627,1,1_sparse
4628,0,0_sparse
4629,1,1_sparse
4630,1,1_sparse
4631,1,1_dense
4632,1,1_sparse
4633,0,0_dense
4634,0,0_sparse
4635,1,1_dense
4636,0,0_dense
4637,0,0_dense
4638,0,0_sparse
4639,0,0_sparse
4640,1,1_sparse
4641,1,1_dense
4642,1,1_sparse
4643,1,1_dense
4644,0,0_dense
4645,1,1_sparse
4646,1,1_sparse
4647,1,1_sparse
4648,0,0_dense
4649,1,1_dense
4650,0,0_sparse
4651,1,1_dense
4652,1,1_dense
4653,1,1_dense
4654,0,0_dense
4655,1,1_dense
4656,1,1_sparse
4657,0,0_sparse
4658,0,0_dense
4659,0,0_dense
4660,0,0_sparse
4661,0,0_dense
4662,0,0_dense
4663,1,1_sparse
4664,1,1_dense
4665,0,0_sparse
4666,1,1_dense
4667,1,1_sparse
4668,1,1_sparse
4669,0,0_dense
4670,1,1_dense
4671,1,1_sparse
4672,0,0_dense
4673,1,1_sparse
4674,0,0_dense
4675,1,1_sparse
4676,1,1_dense
4677,1,1_dense
4678,1,1_dense
4679,1,1_sparse
4680,1,1_sparse
4681,0,0_dense
4682,1,1_sparse
4683,1,1_sparse
4684,0,0_sparse
4685,1,1_dense
4686,1,1_dense
4687,0,0_sparse
4688,1,1_dense
4689,1,1_sparse
4690,0,0_dense
4691,0,0_dense
4692,0,0_sparse
4693,1,1_sparse
4694,1,1_sparse
4695,0,0_dense
4696,1,1_sparse
4697,0,0_dense
4698,0,0_dense
4699,1,1_dense
4700,1,1_sparse
4701,1,1_sparse
4702,1,1_sparse
4703,0,0_sparse
4704,0,0_sparse
4705,0,0_dense
4706,1,1_dense
4707,1,1_dense
4708,0,0_sparse
4709,1,1_sparse
4710,0,0_sparse
4711,0,0_sparse
4712,0,0_dense
4713,1,1_dense
4714,0,0_dense
4715,0,0_sparse
4716,1,1_sparse
4717,1,1_dense
4718,1,1_dense
4719,0,0_dense
4720,1,1_dense
4721,0,0_dense
4722,0,0_dense
4723,0,0_dense
4724,1,1_sparse
4725,0,0_dense
4726,1,1_sparse
4727,0,0_dense
4728,1,1_sparse
4729,0,0_dense
4730,0,0_sparse
4731,1,1_sparse
4732,1,1_dense
4733,0,0_dense
4734,0,0_dense
4735,0,0_dense
4736,0,0_dense
4737,1,1_dense
4738,1,1_dense
4739,0,0_sparse
4740,0,0_dense
4741,0,0_sparse
4742,0,0_dense
4743,1,1_sparse
4744,0,0_sparse
4745,1,1_sparse
4746,1,1_dense
4747,0,0_dense
4748,0,0_dense
4749,1,1_sparse
4750,1,1_dense
4751,1,1_dense
4752,1,1_sparse
4753,0,0_dense
4754,1,1_sparse
4755,0,0_dense
4756,0,0_sparse
4757,0,0_dense
4758,0,0_dense
4759,0,0_dense
4760,1,1_sparse
4761,0,0_dense
4762,1,1_sparse
4763,0,0_sparse
4764,0,0_sparse
4765,0,0_sparse
4766,0,0_dense
4767,1,1_dense
4768,0,0_sparse
4769,0,0_dense
4770,1,1_sparse
4771,0,0_dense
4772,0,0_sparse
4773,0,0_sparse
4774,0,0_dense
4775,1,1_sparse
4776,1,1_dense
4777,1,1_sparse
4778,1,1_dense
4779,1,1_dense
4780,1,1_sparse
4781,0,0_sparse
4782,1,1_sparse
4783,1,1_sparse
4784,1,1_dense
4785,0,0_dense
4786,1,1_dense
4787,0,0_dense
4788,0,0_dense
4789,1,1_dense
4790,0,0_sparse
4791,1,1_sparse
4792,0,0_sparse
4793,0,0_sparse
4794,0,0_dense
4795,1,1_dense
4796,1,1_sparse
4797,1,1_dense
4798,1,1_sparse
4799,0,0_sparse
4800,1,1_dense
4801,0,0_dense
4802,1,1_dense
4803,0,0_sparse
4804,1,1_dense
4805,1,1_sparse
4806,1,1_dense
4807,1,1_sparse
4808,0,0_dense
4809,0,0_sparse
4810,0,0_sparse
4811,1,1_dense
4812,0,0_sparse
4813,1,1_dense
4814,1,1_sparse
4815,1,1_sparse
4816,1,1_dense
4817,0,0_sparse
4818,1,1_dense
4819,0,0_sparse
4820,1,1_dense
4821,0,0_dense
4822,0,0_dense
4823,0,0_dense
4824,0,0_sparse
4825,0,0_sparse
4826,0,0_dense
4827,0,0_dense
4828,0,0_dense
4829,0,0_dense
4830,0,0_dense
4831,0,0_sparse
4832,1,1_sparse
4833,0,0_sparse
4834,1,1_sparse
4835,1,1_dense
4836,1,1_dense
4837,0,0_sparse
4838,0,0_dense
4839,0,0_sparse
4840,0,0_dense
4841,0,0_dense
4842,0,0_sparse
4843,1,1_dense
4844,1,1_dense
4845,0,0_sparse
4846,1,1_sparse
4847,1,1_dense
4848,0,0_dense
4849,0,0_sparse
4850,0,0_dense
4851,0,0_sparse
4852,0,0_dense
4853,0,0_sparse
4854,0,0_sparse
4855,0,0_dense
4856,1,1_dense
4857,0,0_dense
4858,1,1_dense
4859,1,1_dense
4860,1,1_dense
4861,1,1_sparse
4862,0,0_dense
4863,0,0_sparse
4864,0,0_dense
4865,1,1_dense
4866,0,0_sparse
4867,0,0_dense
4868,0,0_sparse
4869,0,0_sparse
4870,1,1_sparse
4871,0,0_sparse
4872,1,1_sparse
4873,0,0_dense
4874,0,0_sparse
4875,1,1_sparse
4876,0,0_sparse
4877,0,0_dense
4878,0,0_sparse
4879,1,1_dense
4880,1,1_dense
4881,0,0_dense
4882,1,1_dense
4883,1,1_sparse
4884,0,0_sparse
4885,1,1_sparse
4886,0,0_dense
4887,0,0_sparse
4888,1,1_dense
4889,1,1_sparse
4890,0,0_dense
4891,0,0_dense
4892,1,1_sparse
4893,0,0_sparse
4894,0,0_dense
4895,1,1_sparse
4896,1,1_sparse
4897,1,1_sparse
4898,0,0_dense
4899,0,0_dense
4900,1,1_dense
4901,1,1_sparse
4902,1,1_dense
4903,0,0_sparse
4904,0,0_sparse
4905,0,0_sparse
4906,0,0_dense
4907,0,0_dense
4908,1,1_sparse
4909,1,1_dense
4910,1,1_dense
4911,0,0_sparse
4912,1,1_sparse
4913,1,1_dense
4914,1,1_dense
4915,0,0_sparse
4916,0,0_dense
4917,1,1_sparse
4918,0,0_dense
4919,1,1_dense
4920,1,1_sparse
4921,1,1_dense
4922,0,0_sparse
4923,1,1_sparse
4924,0,0_dense
4925,1,1_dense
4926,0,0_dense
4927,0,0_dense
4928,0,0_dense
4929,1,1_sparse
4930,1,1_dense
4931,1,1_sparse
4932,1,1_sparse
4933,0,0_dense
4934,1,1_dense
4935,0,0_dense
4936,1,1_sparse
4937,0,0_dense
4938,0,0_dense
4939,1,1_sparse
4940,1,1_sparse
4941,1,1_sparse
4942,0,0_dense
4943,0,0_dense
4944,1,1_dense
4945,0,0_dense
4946,0,0_dense
4947,0,0_dense
4948,0,0_sparse
4949,0,0_sparse
4950,0,0_sparse
4951,1,1_sparse
4952,0,0_sparse
4953,1,1_sparse
4954,1,1_dense
4955,0,0_sparse
4956,1,1_sparse
4957,0,0_sparse
4958,1,1_dense
4959,0,0_dense
4960,1,1_sparse
4961,0,0_dense
4962,0,0_sparse
4963,0,0_sparse
4964,0,0_dense
4965,1,1_sparse
4966,0,0_dense
4967,0,0_dense
4968,0,0_sparse
4969,0,0_dense
4970,0,0_dense
4971,0,0_sparse
4972,0,0_sparse
4973,1,1_dense
4974,0,0_sparse
4975,1,1_sparse
4976,1,1_sparse
4977,0,0_dense
4978,0,0_dense
4979,1,1_dense
4980,0,0_dense
4981,0,0_dense
4982,1,1_sparse
4983,0,0_dense
4984,0,0_sparse
4985,0,0_sparse
4986,1,1_sparse
4987,1,1_sparse
4988,0,0_dense
4989,0,0_sparse
4990,1,1_sparse
4991,0,0_sparse
4992,0,0_dense
4993,1,1_sparse
4994,0,0_dense
4995,0,0_dense
4996,1,1_sparse
4997,1,1_sparse
4998,1,1_dense
4999,1,1_dense
5000,0,0_sparse
5001,0,0_sparse
5002,1,1_dense
5003,0,0_dense
5004,0,0_dense
5005,0,0_dense
5006,0,0_dense
5007,1,1_sparse
5008,0,0_sparse
5009,0,0_dense
5010,1,1_sparse
5011,1,1_sparse
5012,1,1_sparse
5013,0,0_sparse
5014,1,1_dense
5015,0,0_sparse
5016,1,1_sparse
5017,0,0_sparse
5018,1,1_sparse
5019,0,0_sparse
5020,1,1_dense
5021,0,0_sparse
5022,0,0_dense
5023,1,1_dense
5024,0,0_sparse
5025,0,0_sparse
5026,0,0_sparse
5027,0,0_dense
5028,1,1_sparse
5029,0,0_dense
5030,0,0_dense
5031,1,1_dense
5032,1,1_sparse
5033,0,0_dense
5034,1,1_dense
5035,1,1_dense
5036,0,0_dense
5037,1,1_sparse
5038,0,0_dense
5039,0,0_dense
5040,1,1_dense
5041,0,0_sparse
5042,1,1_dense
5043,1,1_sparse
5044,1,1_dense
5045,0,0_dense
5046,1,1_dense
5047,1,1_dense
5048,0,0_sparse
5049,0,0_dense
5050,0,0_sparse
5051,0,0_dense
5052,1,1_dense
5053,1,1_sparse
5054,0,0_sparse
5055,1,1_sparse
5056,1,1_sparse
5057,0,0_dense
5058,0,0_dense
5059,1,1_sparse
5060,1,1_dense
5061,1,1_dense
5062,1,1_dense
5063,0,0_sparse
5064,1,1_sparse
5065,1,1_sparse
5066,0,0_sparse
5067,0,0_sparse
5068,0,0_dense
5069,0,0_dense
5070,0,0_sparse
5071,1,1_dense
5072,0,0_sparse
5073,0,0_dense
5074,0,0_sparse
5075,1,1_dense
5076,1,1_dense
5077,1,1_dense
5078,1,1_sparse
5079,1,1_dense
5080,1,1_dense
5081,1,1_dense
5082,1,1_dense
5083,1,1_sparse
5084,0,0_dense
5085,1,1_dense
5086,0,0_sparse
5087,0,0_dense
5088,1,1_dense
5089,0,0_dense
5090,1,1_sparse
5091,1,1_sparse
5092,1,1_sparse
5093,1,1_dense
5094,1,1_sparse
5095,0,0_dense
5096,0,0_dense
5097,0,0_dense
5098,1,1_sparse
5099,0,0_sparse
5100,1,1_dense
5101,0,0_sparse
5102,1,1_dense
5103,0,0_sparse
5104,1,1_dense
5105,1,1_dense
5106,1,1_sparse
5107,0,0_sparse
5108,1,1_sparse
5109,0,0_dense
5110,0,0_sparse
5111,1,1_sparse
5112,1,1_dense
5113,0,0_dense
5114,0,0_dense
5115,1,1_dense
5116,0,0_dense
5117,1,1_sparse
5118,1,1_dense
5119,0,0_sparse
5120,1,1_sparse
5121,1,1_sparse
5122,1,1_sparse
5123,1,1_dense
5124,1,1_dense
5125,0,0_sparse
5126,1,1_dense
5127,0,0_sparse
5128,1,1_sparse
5129,1,1_sparse
5130,0,0_dense
5131,0,0_sparse
5132,0,0_dense
5133,1,1_sparse
5134,1,1_sparse
5135,0,0_sparse
5136,0,0_sparse
5137,0,0_sparse
5138,1,1_dense
5139,1,1_sparse
5140,1,1_dense
5141,0,0_dense
5142,1,1_dense
5143,1,1_sparse
5144,1,1_dense
5145,1,1_dense
5146,0,0_dense
5147,0,0_sparse
5148,1,1_sparse
5149,1,1_dense
5150,0,0_sparse
5151,0,0_sparse
5152,0,0_sparse
5153,1,1_sparse
5154,1,1_dense
5155,1,1_dense
5156,0,0_sparse
5157,0,0_sparse
5158,0,0_dense
5159,1,1_dense
5160,1,1_sparse
5161,0,0_dense
5162,0,0_dense
5163,1,1_sparse
5164,0,0_dense
5165,1,1_sparse
5166,0,0_dense
5167,0,0_sparse
5168,1,1_sparse
5169,1,1_dense
5170,1,1_sparse
5171,0,0_dense
5172,1,1_sparse
5173,1,1_dense
5174,1,1_dense
5175,1,1_sparse
5176,0,0_sparse
5177,1,1_sparse
5178,0,0_sparse
5179,1,1_dense
5180,1,1_dense
5181,1,1_sparse
5182,0,0_dense
5183,0,0_dense
5184,1,1_dense
5185,1,1_sparse
5186,0,0_dense
5187,0,0_dense
5188,0,0_sparse
5189,0,0_sparse
5190,0,0_dense
5191,1,1_dense
5192,0,0_sparse
5193,1,1_sparse
5194,1,1_sparse
5195,1,1_sparse
5196,1,1_sparse
5197,0,0_sparse
5198,1,1_dense
5199,0,0_sparse
5200,0,0_dense
5201,1,1_sparse
5202,1,1_dense
5203,1,1_dense
5204,1,1_sparse
5205,0,0_sparse
5206,1,1_sparse
5207,0,0_dense
5208,1,1_sparse
5209,0,0_dense
5210,0,0_dense
5211,0,0_sparse
5212,1,1_sparse
5213,0,0_sparse
5214,0,0_dense
5215,1,1_sparse
5216,0,0_dense
5217,0,0_sparse
5218,0,0_dense
5219,1,1_dense
5220,1,1_sparse
5221,1,1_dense
5222,0,0_dense
5223,1,1_sparse
5224,1,1_sparse
5225,1,1_sparse
5226,1,1_sparse
5227,1,1_dense
5228,0,0_dense
5229,1,1_dense
5230,1,1_sparse
5231,1,1_sparse
5232,0,0_dense
5233,1,1_sparse
5234,0,0_sparse
5235,1,1_dense
5236,0,0_dense
5237,0,0_dense
5238,1,1_dense
5239,1,1_sparse
5240,1,1_sparse
5241,1,1_dense
5242,1,1_sparse
5243,0,0_sparse
5244,1,1_dense
5245,1,1_dense
5246,0,0_sparse
5247,0,0_dense
5248,1,1_dense
5249,0,0_sparse
5250,1,1_sparse
5251,1,1_sparse
5252,1,1_dense
5253,0,0_sparse
5254,0,0_sparse
5255,1,1_sparse
5256,1,1_sparse
5257,0,0_dense
5258,0,0_sparse
5259,0,0_sparse
5260,1,1_sparse
5261,0,0_sparse
5262,1,1_dense
5263,1,1_sparse
5264,0,0_dense
5265,1,1_sparse
5266,1,1_dense
5267,0,0_sparse
5268,1,1_sparse
5269,0,0_dense
5270,0,0_dense
5271,1,1_sparse
5272,1,1_sparse
5273,0,0_dense
5274,1,1_sparse
5275,1,1_dense
5276,1,1_dense
5277,1,1_dense
5278,0,0_dense
5279,0,0_dense
5280,0,0_sparse
5281,1,1_dense
5282,0,0_dense
5283,0,0_sparse
5284,1,1_dense
5285,1,1_sparse
5286,0,0_dense
5287,0,0_sparse
5288,1,1_dense
5289,0,0_dense
5290,1,1_sparse
5291,0,0_sparse
5292,1,1_dense
5293,1,1_sparse
5294,1,1_dense
5295,0,0_dense
5296,0,0_sparse
5297,0,0_dense
5298,1,1_dense
5299,0,0_sparse
5300,1,1_dense
5301,1,1_dense
5302,1,1_dense
5303,0,0_sparse
5304,1,1_sparse
5305,1,1_sparse
5306,1,1_sparse
5307,1,1_dense
5308,1,1_sparse
5309,1,1_dense
5310,0,0_sparse
5311,0,0_sparse
5312,1,1_sparse
5313,0,0_sparse
5314,1,1_sparse
5315,0,0_sparse
5316,1,1_sparse
5317,1,1_dense
5318,1,1_dense
5319,1,1_sparse
5320,1,1_sparse
5321,1,1_sparse
5322,1,1_sparse
5323,0,0_sparse
5324,0,0_sparse
5325,0,0_dense
5326,0,0_sparse
5327,1,1_dense
5328,0,0_sparse
5329,1,1_sparse
5330,0,0_sparse
5331,0,0_dense
5332,1,1_dense
5333,1,1_sparse
5334,0,0_sparse
5335,1,1_dense
5336,0,0_dense
5337,0,0_sparse
5338,1,1_sparse
5339,0,0_dense
5340,1,1_sparse
5341,0,0_sparse
5342,0,0_sparse
5343,0,0_sparse
5344,1,1_dense
5345,1,1_sparse
5346,1,1_dense
5347,1,1_dense
5348,1,1_sparse
5349,0,0_sparse
5350,1,1_sparse
5351,1,1_sparse
5352,0,0_sparse
5353,1,1_sparse
5354,1,1_sparse
5355,1,1_sparse
5356,1,1_sparse
5357,1,1_dense
5358,1,1_dense
5359,1,1_sparse
5360,1,1_dense
5361,1,1_sparse
5362,0,0_dense
5363,0,0_dense
5364,0,0_dense
5365,1,1_sparse
5366,0,0_dense
5367,1,1_sparse
5368,1,1_dense
5369,0,0_sparse
5370,0,0_dense
5371,1,1_dense
5372,1,1_sparse
5373,1,1_sparse
5374,1,1_sparse
5375,0,0_dense
5376,1,1_sparse
5377,0,0_dense
5378,0,0_sparse
5379,0,0_dense
5380,0,0_sparse
5381,1,1_sparse
5382,1,1_sparse
5383,1,1_sparse
5384,1,1_dense
5385,1,1_dense
5386,1,1_sparse
5387,0,0_dense
5388,0,0_dense
5389,1,1_sparse
5390,0,0_dense
5391,1,1_dense
5392,1,1_sparse
5393,1,1_sparse
5394,1,1_sparse
5395,0,0_dense
5396,1,1_sparse
5397,1,1_dense
5398,0,0_dense
5399,0,0_dense
5400,0,0_sparse
5401,1,1_sparse
5402,0,0_dense
5403,0,0_sparse
5404,1,1_dense
5405,0,0_dense
5406,0,0_dense
5407,0,0_dense
5408,0,0_dense
5409,1,1_dense
5410,1,1_sparse
5411,1,1_sparse
5412,1,1_dense
5413,1,1_sparse
5414,1,1_sparse
5415,0,0_sparse
5416,0,0_sparse
5417,1,1_sparse
5418,1,1_dense
5419,1,1_sparse
5420,0,0_dense
5421,0,0_sparse
5422,0,0_sparse
5423,0,0_dense
5424,0,0_sparse
5425,0,0_dense
5426,0,0_dense
5427,0,0_sparse
5428,1,1_sparse
5429,1,1_dense
5430,1,1_sparse
5431,0,0_sparse
5432,0,0_dense
5433,1,1_dense
5434,0,0_dense
5435,1,1_dense
5436,1,1_dense
5437,0,0_dense
5438,1,1_sparse
5439,1,1_sparse
5440,0,0_dense
5441,0,0_sparse
5442,1,1_dense
5443,0,0_dense
5444,1,1_dense
5445,1,1_dense
5446,0,0_sparse
5447,1,1_dense
5448,0,0_sparse
5449,0,0_dense
5450,0,0_dense
5451,1,1_dense
5452,0,0_sparse
5453,0,0_sparse
5454,0,0_sparse
5455,0,0_dense
5456,1,1_sparse
5457,0,0_dense
5458,0,0_dense
5459,0,0_dense
5460,0,0_sparse
5461,1,1_dense
5462,0,0_dense
5463,0,0_sparse
5464,0,0_sparse
5465,1,1_sparse
5466,1,1_dense
5467,0,0_sparse
5468,1,1_dense
5469,1,1_sparse
5470,1,1_sparse
5471,0,0_dense
5472,0,0_sparse
5473,0,0_sparse
5474,1,1_dense
5475,1,1_dense
5476,1,1_dense
5477,1,1_dense
5478,0,0_dense
5479,1,1_sparse
5480,1,1_sparse
5481,0,0_dense
5482,1,1_dense
5483,0,0_dense
5484,0,0_dense
5485,1,1_dense
5486,0,0_dense
5487,1,1_sparse
5488,1,1_sparse
5489,1,1_dense
5490,1,1_sparse
5491,1,1_sparse
5492,0,0_sparse
5493,1,1_dense
5494,1,1_sparse
5495,0,0_sparse
5496,0,0_sparse
5497,0,0_sparse
5498,0,0_dense
5499,1,1_sparse
5500,1,1_dense
5501,1,1_sparse
5502,0,0_sparse
5503,1,1_sparse
5504,0,0_sparse
5505,0,0_dense
5506,0,0_sparse
5507,1,1_sparse
5508,1,1_dense
5509,0,0_sparse
5510,0,0_sparse
5511,1,1_sparse
5512,0,0_dense
5513,1,1_dense
5514,0,0_dense
5515,1,1_sparse
5516,0,0_sparse
5517,0,0_sparse
5518,1,1_sparse
5519,0,0_sparse
5520,1,1_dense
5521,1,1_sparse
5522,1,1_dense
5523,1,1_dense
5524,0,0_dense
5525,0,0_sparse
5526,0,0_sparse
5527,1,1_dense
5528,1,1_sparse
5529,0,0_dense
5530,0,0_sparse
5531,1,1_sparse
5532,1,1_sparse
5533,0,0_dense
5534,0,0_sparse
5535,0,0_sparse
5536,0,0_dense
5537,1,1_sparse
5538,1,1_sparse
5539,1,1_dense
5540,0,0_dense
5541,0,0_dense
5542,0,0_sparse
5543,0,0_dense
5544,0,0_sparse
5545,0,0_dense
5546,1,1_dense
5547,0,0_sparse
5548,0,0_sparse
5549,0,0_dense
5550,0,0_dense
5551,0,0_dense
5552,0,0_sparse
5553,0,0_dense
5554,0,0_dense
5555,0,0_sparse
5556,1,1_sparse
5557,0,0_dense
5558,0,0_dense
5559,1,1_sparse
5560,1,1_sparse
5561,1,1_sparse
5562,0,0_dense
5563,1,1_sparse
5564,1,1_dense
5565,0,0_sparse
5566,0,0_dense
5567,1,1_dense
5568,0,0_sparse
5569,0,0_dense
5570,0,0_sparse
5571,0,0_sparse
5572,0,0_dense
5573,0,0_sparse
5574,0,0_dense
5575,1,1_dense
5576,0,0_sparse
5577,1,1_sparse
5578,0,0_sparse
5579,0,0_dense
5580,0,0_sparse
5581,1,1_sparse
5582,0,0_dense
5583,1,1_dense
5584,0,0_dense
5585,0,0_sparse
5586,1,1_sparse
5587,1,1_dense
5588,0,0_dense
5589,0,0_dense
5590,0,0_dense
5591,1,1_sparse
5592,1,1_dense
5593,0,0_sparse
5594,1,1_sparse
5595,0,0_sparse
5596,0,0_dense
5597,0,0_dense
5598,1,1_sparse
5599,0,0_dense
5600,1,1_sparse
5601,1,1_dense
5602,0,0_sparse
5603,0,0_dense
5604,1,1_dense
5605,0,0_sparse
5606,1,1_sparse
5607,1,1_sparse
5608,0,0_sparse
5609,1,1_dense
5610,0,0_dense
5611,0,0_dense
5612,1,1_sparse
5613,0,0_sparse
5614,0,0_dense
5615,0,0_sparse
5616,0,0_dense
5617,0,0_dense
5618,0,0_sparse
5619,0,0_sparse
5620,1,1_dense
5621,1,1_dense
5622,0,0_dense
5623,1,1_sparse
5624,0,0_sparse
5625,0,0_dense
5626,1,1_sparse
5627,1,1_sparse
5628,0,0_dense
5629,1,1_sparse
5630,1,1_sparse
5631,1,1_sparse
5632,1,1_sparse
5633,1,1_dense
5634,0,0_dense
5635,1,1_dense
5636,0,0_dense
5637,1,1_sparse
5638,1,1_dense
5639,1,1_dense
5640,0,0_dense
5641,0,0_sparse
5642,0,0_dense
5643,1,1_sparse
5644,1,1_sparse
5645,0,0_dense
5646,0,0_sparse
5647,0,0_dense
5648,1,1_sparse
5649,0,0_dense
5650,1,1_sparse
5651,0,0_sparse
5652,1,1_dense
5653,1,1_dense
5654,0,0_dense
5655,0,0_sparse
5656,1,1_dense
5657,1,1_dense
5658,1,1_sparse
5659,0,0_sparse
5660,0,0_sparse
5661,0,0_dense
5662,0,0_dense
5663,0,0_dense
5664,0,0_dense
5665,0,0_sparse
5666,0,0_sparse
5667,1,1_dense
5668,0,0_sparse
5669,0,0_dense
5670,1,1_sparse
5671,0,0_sparse
5672,0,0_sparse
5673,0,0_sparse
5674,1,1_dense
5675,1,1_dense
5676,0,0_dense
5677,1,1_sparse
5678,1,1_sparse
5679,0,0_sparse
5680,0,0_dense
5681,0,0_dense
5682,1,1_dense
5683,1,1_sparse
5684,0,0_dense
5685,0,0_sparse
5686,1,1_dense
5687,0,0_dense
5688,0,0_dense
5689,1,1_sparse
5690,1,1_dense
5691,1,1_sparse
5692,1,1_sparse
5693,1,1_dense
5694,0,0_sparse
5695,0,0_dense
5696,1,1_sparse
5697,1,1_dense
5698,1,1_sparse
5699,0,0_sparse
5700,1,1_sparse
5701,0,0_dense
5702,0,0_sparse
5703,1,1_dense
5704,1,1_dense
5705,1,1_dense
5706,1,1_dense
5707,1,1_sparse
5708,1,1_dense
5709,1,1_sparse
5710,1,1_sparse
5711,1,1_sparse
5712,1,1_dense
5713,0,0_sparse
5714,1,1_sparse
5715,0,0_sparse
5716,1,1_dense
5717,1,1_sparse
5718,0,0_dense
5719,1,1_dense
5720,1,1_dense
5721,0,0_dense
5722,1,1_sparse
5723,1,1_dense
5724,1,1_dense
5725,0,0_dense
5726,1,1_sparse
5727,1,1_sparse
5728,0,0_dense
5729,0,0_dense
5730,0,0_dense
5731,1,1_dense
5732,0,0_dense
5733,1,1_sparse
5734,1,1_dense
5735,1,1_sparse
5736,0,0_dense
5737,0,0_sparse
5738,0,0_dense
5739,1,1_sparse
5740,0,0_dense
5741,0,0_dense
5742,1,1_dense
5743,1,1_dense
5744,0,0_dense
5745,1,1_sparse
5746,1,1_sparse
5747,1,1_sparse
5748,0,0_dense
5749,0,0_dense
5750,1,1_sparse
5751,0,0_sparse
5752,0,0_sparse
5753,1,1_sparse
5754,0,0_sparse
5755,1,1_sparse
5756,0,0_dense
5757,1,1_dense
5758,1,1_sparse
5759,0,0_dense
5760,0,0_dense
5761,0,0_dense
5762,0,0_dense
5763,0,0_sparse
5764,1,1_sparse
5765,1,1_dense
5766,1,1_dense
5767,0,0_sparse
5768,0,0_dense
5769,0,0_sparse
5770,0,0_dense
5771,1,1_dense
5772,1,1_dense
5773,0,0_dense
5774,0,0_sparse
5775,1,1_sparse
5776,0,0_dense
5777,0,0_sparse
5778,1,1_sparse
5779,0,0_sparse
5780,0,0_dense
5781,1,1_sparse
5782,1,1_dense
5783,0,0_sparse
5784,0,0_dense
5785,1,1_dense
5786,0,0_sparse
5787,0,0_dense
5788,0,0_dense
5789,1,1_dense
5790,0,0_sparse
5791,1,1_sparse
5792,1,1_dense
5793,1,1_dense
5794,0,0_sparse
5795,1,1_sparse
5796,0,0_dense
5797,0,0_dense
5798,1,1_dense
5799,1,1_sparse
5800,1,1_dense
5801,1,1_dense
5802,0,0_dense
5803,1,1_sparse
5804,1,1_dense
5805,0,0_dense
5806,0,0_sparse
5807,0,0_dense
5808,0,0_dense
5809,1,1_sparse
5810,1,1_sparse
5811,0,0_sparse
5812,1,1_dense
5813,1,1_sparse
5814,0,0_sparse
5815,1,1_sparse
5816,0,0_sparse
5817,1,1_dense
5818,0,0_sparse
5819,1,1_sparse
5820,1,1_dense
5821,1,1_sparse
5822,0,0_sparse
5823,1,1_sparse
5824,0,0_dense
5825,1,1_dense
5826,0,0_sparse
5827,0,0_dense
5828,0,0_dense
5829,0,0_dense
5830,1,1_sparse
5831,1,1_dense
5832,0,0_dense
5833,1,1_dense
5834,1,1_dense
5835,0,0_sparse
5836,1,1_sparse
5837,1,1_dense
5838,1,1_dense
5839,0,0_sparse
5840,1,1_sparse
5841,0,0_sparse
5842,0,0_dense
5843,1,1_sparse
5844,0,0_dense
5845,1,1_sparse
5846,0,0_dense
5847,1,1_sparse
5848,1,1_dense
5849,1,1_dense
5850,1,1_sparse
5851,1,1_dense
5852,1,1_dense
5853,0,0_sparse
5854,0,0_sparse
5855,0,0_dense
5856,1,1_dense
5857,1,1_dense
5858,1,1_dense
5859,0,0_dense
5860,1,1_sparse
5861,1,1_dense
5862,1,1_dense
5863,1,1_sparse
5864,1,1_dense
5865,0,0_sparse
5866,1,1_sparse
5867,0,0_dense
5868,0,0_dense
5869,1,1_sparse
5870,0,0_sparse
5871,0,0_sparse
5872,1,1_sparse
5873,1,1_dense
5874,1,1_dense
5875,0,0_dense
5876,1,1_sparse
5877,0,0_sparse
5878,1,1_dense
5879,1,1_dense
5880,1,1_sparse
5881,1,1_dense
5882,0,0_dense
5883,0,0_sparse
5884,1,1_sparse
5885,0,0_sparse
5886,1,1_dense
5887,1,1_dense
5888,1,1_dense
5889,0,0_sparse
5890,0,0_sparse
5891,0,0_dense
5892,0,0_dense
5893,1,1_sparse
5894,0,0_sparse
5895,1,1_dense
5896,1,1_sparse
5897,0,0_sparse
5898,0,0_dense
5899,0,0_dense
5900,1,1_dense
5901,1,1_sparse
5902,1,1_sparse
5903,0,0_dense
5904,0,0_sparse
5905,1,1_dense
5906,1,1_dense
5907,0,0_dense
5908,0,0_sparse
5909,1,1_sparse
5910,1,1_dense
5911,0,0_dense
5912,1,1_dense
5913,1,1_sparse
5914,0,0_dense
5915,1,1_dense
5916,1,1_dense
5917,1,1_sparse
5918,0,0_sparse
5919,0,0_dense
5920,1,1_dense
5921,0,0_dense
5922,0,0_sparse
5923,0,0_dense
5924,0,0_dense
5925,0,0_sparse
5926,0,0_dense
5927,1,1_dense
5928,1,1_sparse
5929,1,1_dense
5930,1,1_sparse
5931,1,1_sparse
5932,1,1_dense
5933,1,1_dense
5934,1,1_dense
5935,0,0_sparse
5936,0,0_sparse
5937,0,0_sparse
5938,1,1_sparse
5939,1,1_dense
5940,1,1_sparse
5941,1,1_dense
5942,0,0_dense
5943,1,1_sparse
5944,0,0_dense
5945,0,0_sparse
5946,0,0_dense
5947,1,1_sparse
5948,1,1_sparse
5949,0,0_sparse
5950,1,1_sparse
5951,0,0_sparse
5952,0,0_sparse
5953,1,1_sparse
5954,0,0_dense
5955,0,0_dense
5956,0,0_dense
5957,0,0_sparse
5958,0,0_dense
5959,0,0_sparse
5960,1,1_sparse
5961,0,0_dense
5962,1,1_sparse
5963,1,1_dense
5964,0,0_dense
5965,1,1_sparse
5966,0,0_dense
5967,0,0_dense
5968,0,0_sparse
5969,1,1_dense
5970,0,0_dense
5971,0,0_dense
5972,1,1_dense
5973,1,1_sparse
5974,0,0_sparse
5975,0,0_dense
5976,1,1_dense
5977,0,0_dense
5978,0,0_sparse
5979,1,1_sparse
5980,0,0_dense
5981,0,0_dense
5982,1,1_sparse
5983,1,1_sparse
5984,0,0_dense
5985,0,0_sparse
5986,0,0_sparse
5987,1,1_dense
5988,0,0_sparse
5989,1,1_dense
5990,1,1_dense
5991,1,1_sparse
5992,1,1_sparse
5993,0,0_sparse
5994,1,1_dense
5995,1,1_sparse
5996,1,1_dense
5997,1,1_dense
5998,1,1_dense
5999,1,1_sparse
6000,0,0_sparse
6001,0,0_sparse
6002,0,0_sparse
6003,1,1_sparse
6004,1,1_dense
6005,0,0_sparse
6006,1,1_dense
6007,1,1_dense
6008,0,0_dense
6009,0,0_dense
6010,0,0_sparse
6011,0,0_dense
6012,0,0_dense
6013,1,1_sparse
6014,1,1_dense
6015,1,1_sparse
6016,1,1_dense
6017,1,1_dense
6018,0,0_sparse
6019,0,0_sparse
6020,1,1_dense
6021,0,0_sparse
6022,0,0_sparse
6023,0,0_sparse
6024,0,0_dense
6025,0,0_dense
6026,0,0_dense
6027,1,1_dense
6028,0,0_dense
6029,1,1_sparse
6030,1,1_sparse
6031,0,0_dense
6032,0,0_sparse
6033,0,0_dense
6034,0,0_sparse
6035,0,0_sparse
6036,0,0_dense
6037,1,1_dense
6038,0,0_sparse
6039,1,1_dense
6040,0,0_sparse
6041,0,0_sparse
6042,1,1_dense
6043,1,1_sparse
6044,0,0_sparse
6045,0,0_sparse
6046,0,0_dense
6047,0,0_dense
6048,0,0_dense
6049,1,1_sparse
6050,1,1_dense
6051,0,0_dense
6052,1,1_dense
6053,0,0_sparse
6054,1,1_sparse
6055,0,0_sparse
6056,0,0_sparse
6057,0,0_dense
6058,0,0_dense
6059,0,0_dense
6060,0,0_dense
6061,0,0_sparse
6062,1,1_dense
6063,1,1_sparse
6064,1,1_sparse
6065,1,1_sparse
6066,0,0_dense
6067,1,1_sparse
6068,1,1_dense
6069,1,1_dense
6070,0,0_dense
6071,1,1_dense
6072,1,1_dense
6073,1,1_dense
6074,1,1_dense
6075,1,1_sparse
6076,1,1_sparse
6077,1,1_dense
6078,0,0_dense
6079,0,0_dense
6080,1,1_sparse
6081,0,0_dense
6082,1,1_sparse
6083,0,0_sparse
6084,0,0_sparse
6085,1,1_sparse
6086,0,0_dense
6087,0,0_dense
6088,0,0_sparse
6089,0,0_dense
6090,0,0_dense
6091,0,0_dense
6092,1,1_sparse
6093,0,0_sparse
6094,0,0_dense
6095,0,0_sparse
6096,0,0_dense
6097,0,0_sparse
6098,1,1_dense
6099,0,0_sparse
6100,1,1_dense
6101,1,1_dense
6102,1,1_dense
6103,0,0_dense
6104,1,1_sparse
6105,1,1_sparse
6106,0,0_sparse
6107,0,0_dense
6108,1,1_dense
6109,1,1_sparse
6110,1,1_sparse
6111,1,1_sparse
6112,1,1_sparse
6113,1,1_sparse
6114,1,1_dense
6115,1,1_dense
6116,1,1_dense
6117,0,0_sparse
6118,0,0_dense
6119,1,1_sparse
6120,0,0_sparse
6121,1,1_dense
6122,1,1_dense
6123,0,0_dense
6124,1,1_sparse
6125,0,0_dense
6126,1,1_sparse
6127,1,1_dense
6128,1,1_sparse
6129,0,0_sparse
6130,1,1_dense
6131,0,0_dense
6132,1,1_sparse
6133,1,1_dense
6134,1,1_sparse
6135,1,1_sparse
6136,0,0_dense
6137,1,1_dense
6138,0,0_sparse
6139,0,0_dense
6140,1,1_sparse
6141,1,1_dense
6142,1,1_dense
6143,1,1_dense
6144,1,1_sparse
6145,0,0_dense
6146,0,0_sparse
6147,0,0_dense
6148,0,0_sparse
6149,1,1_sparse
6150,0,0_dense
6151,1,1_dense
6152,1,1_sparse
6153,1,1_sparse
6154,0,0_sparse
6155,1,1_sparse
6156,1,1_dense
6157,0,0_dense
6158,1,1_sparse
6159,0,0_sparse
6160,0,0_sparse
6161,1,1_sparse
6162,0,0_sparse
6163,1,1_dense
6164,0,0_sparse
6165,0,0_dense
6166,1,1_dense
6167,1,1_dense
6168,0,0_sparse
6169,0,0_sparse
6170,1,1_sparse
6171,1,1_dense
6172,0,0_dense
6173,1,1_dense
6174,1,1_sparse
6175,0,0_dense
6176,0,0_dense
6177,0,0_sparse
6178,0,0_sparse
6179,0,0_dense
6180,0,0_dense
6181,0,0_sparse
6182,0,0_dense
6183,1,1_sparse
6184,1,1_dense
6185,1,1_sparse
6186,0,0_sparse
6187,0,0_sparse
6188,0,0_sparse
6189,1,1_sparse
6190,0,0_sparse
6191,0,0_sparse
6192,1,1_dense
6193,0,0_dense
6194,1,1_sparse
6195,0,0_sparse
6196,0,0_dense
6197,1,1_dense
6198,0,0_dense
6199,1,1_sparse
6200,0,0_dense
6201,0,0_sparse
6202,0,0_dense
6203,0,0_dense
6204,1,1_dense
6205,0,0_sparse
6206,0,0_sparse
6207,0,0_dense
6208,1,1_dense
6209,0,0_dense
6210,0,0_dense
6211,0,0_sparse
6212,0,0_sparse
6213,0,0_sparse
6214,0,0_sparse
6215,0,0_sparse
6216,0,0_sparse
6217,0,0_sparse
6218,0,0_dense
6219,1,1_sparse
6220,1,1_sparse
6221,1,1_dense
6222,0,0_dense
6223,1,1_sparse
6224,0,0_dense
6225,0,0_sparse
6226,0,0_dense
6227,1,1_sparse
6228,0,0_dense
6229,0,0_sparse
6230,1,1_dense
6231,0,0_sparse
6232,0,0_dense
6233,1,1_dense
6234,1,1_dense
6235,1,1_dense
6236,0,0_dense
6237,0,0_sparse
6238,0,0_sparse
6239,0,0_sparse
6240,1,1_sparse
6241,0,0_sparse
6242,0,0_sparse
6243,1,1_sparse
6244,1,1_dense
6245,0,0_dense
6246,0,0_dense
6247,1,1_dense
6248,0,0_dense
6249,1,1_dense
6250,1,1_sparse
6251,1,1_dense
6252,0,0_sparse
6253,0,0_dense
6254,0,0_sparse
6255,1,1_sparse
6256,0,0_sparse
6257,0,0_sparse
6258,0,0_dense
6259,1,1_sparse
6260,1,1_dense
6261,0,0_dense
6262,1,1_sparse
6263,0,0_dense
6264,1,1_sparse
6265,1,1_dense
6266,1,1_sparse
6267,1,1_dense
6268,0,0_sparse
6269,1,1_dense
6270,1,1_dense
6271,0,0_dense
6272,1,1_dense
6273,0,0_sparse
6274,0,0_dense
6275,1,1_sparse
6276,0,0_sparse
6277,1,1_dense
6278,1,1_sparse
6279,1,1_sparse
6280,0,0_dense
6281,0,0_sparse
6282,1,1_dense
6283,1,1_sparse
6284,1,1_dense
6285,1,1_sparse
6286,1,1_sparse
6287,0,0_sparse
6288,1,1_dense
6289,1,1_sparse
6290,0,0_sparse
6291,1,1_dense
6292,0,0_dense
6293,0,0_dense
6294,0,0_sparse
6295,0,0_dense
6296,0,0_dense
6297,1,1_dense
6298,0,0_dense
6299,0,0_sparse
6300,1,1_sparse
6301,1,1_sparse
6302,0,0_sparse
6303,0,0_dense
6304,1,1_sparse
6305,1,1_dense
6306,0,0_sparse
6307,1,1_sparse
6308,1,1_dense
6309,1,1_dense
6310,1,1_sparse
6311,0,0_dense
6312,1,1_sparse
6313,1,1_sparse
6314,1,1_sparse
6315,0,0_dense
6316,0,0_dense
6317,1,1_sparse
6318,1,1_dense
6319,1,1_dense
6320,0,0_sparse
6321,1,1_dense
6322,0,0_dense
6323,1,1_dense
6324,1,1_sparse
6325,0,0_sparse
6326,1,1_sparse
6327,0,0_dense
6328,0,0_sparse
6329,0,0_sparse
6330,1,1_dense
6331,1,1_dense
6332,0,0_dense
6333,0,0_dense
6334,0,0_sparse
6335,1,1_dense
6336,1,1_sparse
6337,1,1_sparse
6338,0,0_dense
6339,1,1_sparse
6340,1,1_sparse
6341,0,0_dense
6342,1,1_dense
6343,0,0_dense
6344,1,1_dense
6345,0,0_dense
6346,0,0_dense
6347,0,0_sparse
6348,1,1_sparse
6349,1,1_dense
6350,1,1_dense
6351,0,0_sparse
6352,0,0_dense
6353,0,0_dense
6354,1,1_dense
6355,0,0_sparse
6356,0,0_dense
6357,0,0_dense
6358,0,0_sparse
6359,1,1_sparse
6360,1,1_dense
6361,0,0_sparse
6362,1,1_sparse
6363,1,1_dense
6364,0,0_sparse
6365,1,1_sparse
6366,1,1_dense
6367,0,0_dense
6368,1,1_dense
6369,1,1_dense
6370,1,1_dense
6371,1,1_dense
6372,0,0_sparse
6373,1,1_sparse
6374,1,1_sparse
6375,1,1_sparse
6376,0,0_sparse
6377,1,1_dense
6378,0,0_sparse
6379,0,0_dense
6380,0,0_dense
6381,1,1_dense
6382,1,1_dense
6383,1,1_dense
6384,0,0_sparse
6385,0,0_dense
6386,0,0_sparse
6387,1,1_dense
6388,1,1_dense
6389,0,0_sparse
6390,1,1_dense
6391,0,0_sparse
6392,1,1_sparse
6393,1,1_sparse
6394,1,1_sparse
6395,1,1_sparse
6396,1,1_sparse
6397,0,0_dense
6398,1,1_sparse
6399,1,1_dense
6400,0,0_sparse
6401,1,1_sparse
6402,0,0_sparse
6403,0,0_sparse
6404,0,0_dense
6405,0,0_dense
6406,1,1_dense
6407,1,1_sparse
6408,0,0_sparse
6409,0,0_sparse
6410,1,1_dense
6411,1,1_dense
6412,1,1_sparse
6413,0,0_sparse
6414,1,1_sparse
6415,0,0_dense
6416,1,1_sparse
6417,1,1_dense
6418,0,0_dense
6419,1,1_sparse
6420,0,0_sparse
6421,1,1_dense
6422,0,0_dense
6423,1,1_dense
6424,1,1_sparse
6425,1,1_dense
6426,0,0_dense
6427,1,1_sparse
6428,1,1_dense
6429,0,0_dense
6430,1,1_sparse
6431,0,0_sparse
6432,0,0_sparse
6433,1,1_sparse
6434,1,1_sparse
6435,0,0_dense
6436,0,0_dense
6437,1,1_dense
6438,1,1_sparse
6439,1,1_sparse
6440,0,0_dense
6441,0,0_dense
6442,0,0_sparse
6443,1,1_dense
6444,0,0_dense
6445,0,0_dense
6446,1,1_sparse
6447,0,0_sparse
6448,1,1_sparse
6449,0,0_dense
6450,0,0_sparse
6451,0,0_sparse
6452,0,0_sparse
6453,1,1_sparse
6454,0,0_dense
6455,0,0_sparse
6456,1,1_dense
6457,1,1_sparse
6458,1,1_dense
6459,1,1_sparse
6460,0,0_dense
6461,0,0_sparse
6462,0,0_sparse
6463,0,0_dense
6464,1,1_dense
6465,0,0_dense
6466,0,0_dense
6467,0,0_dense
6468,0,0_sparse
6469,1,1_dense
6470,0,0_dense
6471,0,0_dense
6472,0,0_sparse
6473,1,1_dense
6474,1,1_dense
6475,1,1_dense
6476,0,0_dense
6477,1,1_dense
6478,0,0_sparse
6479,0,0_dense
6480,0,0_dense
6481,1,1_sparse
6482,1,1_dense
6483,1,1_sparse
6484,1,1_sparse
6485,1,1_dense
6486,0,0_dense
6487,0,0_dense
6488,1,1_dense
6489,1,1_dense
6490,0,0_dense
6491,1,1_sparse
6492,0,0_sparse
6493,1,1_dense
6494,0,0_dense
6495,0,0_dense
6496,0,0_sparse
6497,0,0_dense
6498,0,0_sparse
6499,0,0_dense
6500,0,0_sparse
6501,0,0_sparse
6502,1,1_sparse
6503,1,1_dense
6504,1,1_dense
6505,1,1_sparse
6506,1,1_dense
6507,0,0_sparse
6508,0,0_dense
6509,0,0_dense
6510,0,0_sparse
6511,0,0_sparse
6512,1,1_dense
6513,1,1_dense
6514,1,1_dense
6515,0,0_dense
6516,1,1_sparse
6517,1,1_dense
6518,1,1_sparse
6519,1,1_sparse
6520,0,0_sparse
6521,1,1_sparse
6522,1,1_sparse
6523,1,1_sparse
6524,1,1_dense
6525,1,1_sparse
6526,0,0_sparse
6527,1,1_sparse
6528,0,0_sparse
6529,1,1_dense
6530,0,0_dense
6531,0,0_dense
6532,1,1_dense
6533,0,0_sparse
6534,0,0_dense
6535,1,1_sparse
6536,1,1_sparse
6537,1,1_sparse
6538,1,1_sparse
6539,1,1_dense
6540,1,1_dense
6541,0,0_sparse
6542,1,1_sparse
6543,1,1_dense
6544,1,1_dense
6545,0,0_sparse
6546,0,0_sparse
6547,0,0_sparse
6548,1,1_sparse
6549,0,0_sparse
6550,0,0_sparse
6551,0,0_sparse
6552,1,1_sparse
6553,1,1_dense
6554,1,1_dense
6555,1,1_dense
6556,1,1_sparse
6557,1,1_dense
6558,1,1_dense
6559,1,1_dense
6560,1,1_dense
6561,1,1_dense
6562,0,0_dense
6563,0,0_dense
6564,0,0_sparse
6565,1,1_sparse
6566,1,1_sparse
6567,1,1_dense
6568,1,1_dense
6569,1,1_sparse
6570,0,0_sparse
6571,0,0_dense
6572,0,0_sparse
6573,1,1_sparse
6574,0,0_dense
6575,0,0_sparse
6576,0,0_sparse
6577,0,0_dense
6578,0,0_sparse
6579,1,1_sparse
6580,1,1_sparse
6581,1,1_dense
6582,0,0_sparse
6583,0,0_sparse
6584,1,1_dense
6585,0,0_dense
6586,0,0_sparse
6587,0,0_sparse
6588,0,0_dense
6589,0,0_sparse
6590,0,0_dense
6591,1,1_sparse
6592,1,1_sparse
6593,0,0_dense
6594,1,1_sparse
6595,0,0_sparse
6596,0,0_dense
6597,0,0_sparse
6598,1,1_dense
6599,1,1_dense
6600,1,1_sparse
6601,1,1_dense
6602,0,0_sparse
6603,0,0_dense
6604,0,0_dense
6605,1,1_sparse
6606,0,0_dense
6607,1,1_dense
6608,1,1_sparse
6609,0,0_sparse
6610,0,0_sparse
6611,1,1_dense
6612,0,0_sparse
6613,0,0_dense
6614,0,0_dense
6615,0,0_sparse
6616,1,1_dense
6617,0,0_dense
6618,0,0_dense
6619,1,1_dense
6620,0,0_dense
6621,1,1_sparse
6622,1,1_dense
6623,1,1_dense
6624,0,0_sparse
6625,0,0_dense
6626,1,1_dense
6627,1,1_sparse
6628,1,1_sparse
6629,0,0_dense
6630,1,1_dense
6631,1,1_dense
6632,0,0_sparse
6633,1,1_dense
6634,1,1_sparse
6635,1,1_dense
6636,1,1_dense
6637,0,0_dense
6638,0,0_sparse
6639,1,1_sparse
6640,0,0_sparse
6641,1,1_sparse
6642,0,0_sparse
6643,1,1_dense
6644,1,1_dense
6645,0,0_sparse
6646,1,1_dense
6647,0,0_dense
6648,0,0_sparse
6649,1,1_dense
6650,0,0_dense
6651,1,1_dense
6652,1,1_dense
6653,1,1_dense
6654,0,0_sparse
6655,1,1_dense
6656,0,0_dense
6657,1,1_dense
6658,0,0_sparse
6659,1,1_dense
6660,1,1_sparse
6661,1,1_dense
6662,1,1_sparse
6663,1,1_dense
6664,0,0_sparse
6665,0,0_dense
6666,1,1_dense
6667,1,1_sparse
6668,0,0_sparse
6669,1,1_sparse
6670,1,1_dense
6671,0,0_dense
6672,1,1_dense
6673,0,0_sparse
6674,0,0_sparse
6675,0,0_sparse
6676,0,0_dense
6677,0,0_sparse
6678,0,0_dense
6679,0,0_dense
6680,0,0_sparse
6681,1,1_sparse
6682,0,0_dense
6683,1,1_sparse
6684,1,1_sparse
6685,1,1_dense
6686,1,1_sparse
6687,1,1_dense
6688,0,0_dense
6689,1,1_sparse
6690,0,0_sparse
6691,1,1_dense
6692,1,1_dense
6693,0,0_sparse
6694,0,0_dense
6695,0,0_dense
6696,1,1_sparse
6697,1,1_sparse
6698,1,1_sparse
6699,0,0_dense
6700,0,0_dense
6701,1,1_dense
6702,1,1_dense
6703,0,0_sparse
6704,1,1_sparse
6705,0,0_dense
6706,1,1_sparse
6707,1,1_dense
6708,1,1_dense
6709,0,0_dense
6710,1,1_dense
6711,0,0_sparse
6712,1,1_dense
6713,1,1_dense
6714,1,1_sparse
6715,0,0_sparse
6716,1,1_dense
6717,1,1_dense
6718,1,1_dense
6719,1,1_dense
6720,1,1_sparse
6721,0,0_dense
6722,0,0_dense
6723,1,1_dense
6724,1,1_dense
6725,0,0_dense
6726,1,1_dense
6727,0,0_dense
6728,1,1_dense
6729,0,0_sparse
6730,1,1_dense
6731,0,0_dense
6732,0,0_dense
6733,0,0_sparse
6734,0,0_sparse
6735,0,0_dense
6736,1,1_dense
6737,0,0_sparse
6738,1,1_sparse
6739,1,1_sparse
6740,0,0_sparse
6741,1,1_sparse
6742,0,0_dense
6743,1,1_sparse
6744,0,0_sparse
6745,0,0_sparse
6746,1,1_sparse
6747,1,1_dense
6748,0,0_sparse
6749,0,0_dense
6750,0,0_sparse
6751,1,1_dense
6752,1,1_dense
6753,1,1_dense
6754,1,1_sparse
6755,0,0_sparse
6756,0,0_dense
6757,0,0_dense
6758,1,1_dense
6759,0,0_sparse
6760,1,1_dense
6761,0,0_dense
6762,1,1_sparse
6763,0,0_dense
6764,0,0_dense
6765,1,1_sparse
6766,0,0_sparse
6767,1,1_sparse
6768,0,0_dense
6769,0,0_dense
6770,0,0_sparse
6771,1,1_dense
6772,1,1_dense
6773,0,0_dense
6774,0,0_sparse
6775,1,1_dense
6776,0,0_sparse
6777,0,0_sparse
6778,0,0_sparse
6779,1,1_sparse
6780,1,1_dense
6781,0,0_dense
6782,0,0_sparse
6783,1,1_sparse
6784,1,1_dense
6785,0,0_sparse
6786,1,1_sparse
6787,1,1_sparse
6788,1,1_sparse
6789,1,1_dense
6790,1,1_sparse
6791,0,0_dense
6792,1,1_dense
6793,1,1_dense
6794,0,0_dense
6795,0,0_sparse
6796,0,0_sparse
6797,1,1_dense
6798,0,0_dense
6799,0,0_dense
6800,1,1_sparse
6801,1,1_sparse
6802,1,1_sparse
6803,0,0_sparse
6804,1,1_sparse
6805,1,1_dense
6806,0,0_dense
6807,0,0_dense
6808,0,0_sparse
6809,0,0_sparse
6810,1,1_dense
6811,0,0_sparse
6812,0,0_dense
6813,1,1_sparse
6814,1,1_dense
6815,0,0_dense
6816,1,1_sparse
6817,0,0_sparse
6818,0,0_dense
6819,0,0_sparse
6820,0,0_dense
6821,1,1_sparse
6822,0,0_sparse
6823,1,1_sparse
6824,1,1_dense
6825,0,0_sparse
6826,1,1_dense
6827,0,0_dense
6828,1,1_sparse
6829,0,0_dense
6830,1,1_sparse
6831,0,0_sparse
6832,0,0_dense
6833,0,0_dense
6834,1,1_sparse
6835,1,1_sparse
6836,0,0_dense
6837,1,1_dense
6838,1,1_dense
6839,0,0_sparse
6840,0,0_sparse
6841,0,0_sparse
6842,0,0_dense
6843,1,1_dense
6844,0,0_sparse
6845,0,0_sparse
6846,0,0_dense
6847,0,0_dense
6848,0,0_sparse
6849,0,0_dense
6850,1,1_dense
6851,0,0_dense
6852,0,0_dense
6853,0,0_sparse
6854,1,1_dense
6855,1,1_dense
6856,0,0_dense
6857,1,1_dense
6858,0,0_dense
6859,0,0_dense
6860,1,1_sparse
6861,1,1_sparse
6862,0,0_sparse
6863,1,1_dense
6864,0,0_dense
6865,0,0_sparse
6866,1,1_sparse
6867,0,0_dense
6868,0,0_dense
6869,1,1_sparse
6870,0,0_sparse
6871,0,0_sparse
6872,1,1_sparse
6873,1,1_sparse
6874,1,1_sparse
6875,0,0_sparse
6876,1,1_dense
6877,0,0_dense
6878,0,0_dense
6879,0,0_sparse
6880,1,1_sparse
6881,1,1_dense
6882,1,1_dense
6883,0,0_dense
6884,1,1_sparse
6885,1,1_sparse
6886,1,1_sparse
6887,1,1_sparse
6888,1,1_sparse
6889,1,1_dense
6890,1,1_sparse
6891,1,1_dense
6892,0,0_sparse
6893,0,0_dense
6894,1,1_dense
6895,1,1_dense
6896,1,1_sparse
6897,0,0_dense
6898,1,1_sparse
6899,0,0_dense
6900,0,0_dense
6901,1,1_dense
6902,1,1_dense
6903,0,0_dense
6904,1,1_dense
6905,0,0_dense
6906,0,0_dense
6907,0,0_dense
6908,0,0_dense
6909,0,0_dense
6910,0,0_dense
6911,0,0_sparse
6912,0,0_sparse
6913,0,0_sparse
6914,0,0_sparse
6915,0,0_sparse
6916,1,1_dense
6917,1,1_dense
6918,1,1_sparse
6919,1,1_dense
6920,1,1_dense
6921,0,0_sparse
6922,1,1_sparse
6923,0,0_dense
6924,0,0_sparse
6925,1,1_sparse
6926,0,0_dense
6927,1,1_dense
6928,1,1_dense
6929,1,1_sparse
6930,1,1_sparse
6931,1,1_dense
6932,1,1_sparse
6933,1,1_sparse
6934,0,0_sparse
6935,1,1_dense
6936,1,1_sparse
6937,0,0_sparse
6938,1,1_sparse
6939,0,0_sparse
6940,0,0_dense
6941,1,1_sparse
6942,1,1_dense
6943,0,0_dense
6944,1,1_sparse
6945,1,1_dense
6946,1,1_sparse
6947,1,1_dense
6948,0,0_dense
6949,1,1_sparse
6950,1,1_dense
6951,0,0_dense
6952,1,1_sparse
6953,0,0_sparse
6954,1,1_dense
6955,0,0_sparse
6956,0,0_dense
6957,1,1_sparse
6958,1,1_sparse
6959,0,0_dense
6960,0,0_sparse
6961,1,1_sparse
6962,1,1_sparse
6963,1,1_sparse
6964,0,0_sparse
6965,1,1_dense
6966,1,1_sparse
6967,0,0_dense
6968,1,1_dense
6969,1,1_sparse
6970,1,1_sparse
6971,1,1_dense
6972,1,1_dense
6973,1,1_dense
6974,0,0_sparse
6975,1,1_dense
6976,1,1_dense
6977,1,1_sparse
6978,1,1_sparse
6979,1,1_dense
6980,0,0_sparse
6981,1,1_dense
6982,1,1_sparse
6983,1,1_dense
6984,1,1_sparse
6985,1,1_dense
6986,1,1_dense
6987,1,1_sparse
6988,0,0_sparse
6989,0,0_sparse
6990,1,1_sparse
6991,0,0_dense
6992,1,1_sparse
6993,1,1_dense
6994,1,1_dense
6995,0,0_sparse
6996,0,0_sparse
6997,0,0_dense
6998,0,0_sparse
6999,0,0_sparse
7000,0,0_dense
7001,1,1_sparse
7002,1,1_sparse
7003,0,0_dense
7004,0,0_sparse
7005,1,1_dense
7006,0,0_sparse
7007,0,0_dense
7008,0,0_sparse
7009,0,0_dense
7010,1,1_sparse
7011,1,1_dense
7012,0,0_dense
7013,1,1_sparse
7014,1,1_dense
7015,0,0_dense
7016,0,0_dense
7017,1,1_sparse
7018,0,0_sparse
7019,0,0_dense
7020,0,0_sparse
7021,1,1_sparse
7022,0,0_dense
7023,0,0_dense
7024,1,1_sparse
7025,0,0_sparse
7026,0,0_sparse
7027,0,0_dense
7028,0,0_dense
7029,0,0_dense
7030,1,1_dense
7031,1,1_sparse
7032,0,0_dense
7033,0,0_dense
7034,1,1_dense
7035,1,1_sparse
7036,1,1_dense
7037,0,0_sparse
7038,0,0_dense
7039,1,1_dense
7040,1,1_dense
7041,1,1_dense
7042,0,0_sparse
7043,1,1_dense
7044,0,0_dense
7045,0,0_dense
7046,0,0_sparse
7047,0,0_dense
7048,1,1_sparse
7049,1,1_sparse
7050,1,1_dense
7051,1,1_sparse
7052,0,0_dense
7053,0,0_sparse
7054,1,1_dense
7055,1,1_sparse
7056,1,1_dense
7057,1,1_sparse
7058,0,0_dense
7059,0,0_sparse
7060,0,0_dense
7061,0,0_sparse
7062,1,1_sparse
7063,0,0_sparse
7064,0,0_sparse
7065,1,1_dense
7066,0,0_sparse
7067,0,0_sparse
7068,0,0_dense
7069,1,1_dense
7070,1,1_dense
7071,0,0_sparse
7072,1,1_dense
7073,1,1_dense
7074,1,1_sparse
7075,1,1_dense
7076,0,0_dense
7077,1,1_sparse
7078,0,0_dense
7079,0,0_sparse
7080,0,0_dense
7081,1,1_dense
7082,1,1_sparse
7083,0,0_dense
7084,1,1_dense
7085,0,0_sparse
7086,1,1_dense
7087,1,1_dense
7088,0,0_dense
7089,1,1_dense
7090,0,0_dense
7091,1,1_sparse
7092,1,1_sparse
7093,0,0_sparse
7094,1,1_sparse
7095,1,1_sparse
7096,0,0_dense
7097,1,1_sparse
7098,1,1_sparse
7099,0,0_sparse
7100,0,0_sparse
7101,0,0_dense
7102,1,1_dense
7103,1,1_dense
7104,0,0_dense
7105,0,0_dense
7106,0,0_sparse
7107,0,0_dense
7108,0,0_dense
7109,1,1_dense
7110,0,0_dense
7111,1,1_sparse
7112,0,0_dense
7113,1,1_dense
7114,1,1_dense
7115,0,0_dense
7116,0,0_sparse
7117,1,1_dense
7118,0,0_sparse
7119,1,1_dense
7120,1,1_sparse
7121,0,0_dense
7122,1,1_dense
7123,0,0_sparse
7124,0,0_dense
7125,1,1_dense
7126,0,0_sparse
7127,1,1_sparse
7128,1,1_dense
7129,0,0_dense
7130,0,0_dense
7131,1,1_sparse
7132,1,1_dense
7133,0,0_sparse
7134,0,0_dense
7135,1,1_dense
7136,0,0_sparse
7137,0,0_dense
7138,1,1_dense
7139,0,0_sparse
7140,1,1_sparse
7141,1,1_sparse
7142,0,0_dense
7143,1,1_dense
7144,1,1_sparse
7145,1,1_dense
7146,1,1_dense
7147,0,0_dense
7148,1,1_dense
7149,0,0_sparse
7150,1,1_dense
7151,1,1_sparse
7152,1,1_sparse
7153,0,0_dense
7154,0,0_dense
7155,1,1_sparse
7156,0,0_sparse
7157,0,0_sparse
7158,0,0_dense
7159,1,1_sparse
7160,1,1_dense
7161,1,1_sparse
7162,1,1_sparse
7163,0,0_sparse
7164,0,0_sparse
7165,1,1_sparse
7166,1,1_sparse
7167,0,0_sparse
7168,0,0_sparse
7169,1,1_dense
7170,1,1_dense
7171,0,0_sparse
7172,0,0_dense
7173,1,1_dense
7174,0,0_sparse
7175,0,0_sparse
7176,0,0_sparse
7177,1,1_dense
7178,1,1_dense
7179,1,1_dense
7180,0,0_dense
7181,0,0_dense
7182,0,0_sparse
7183,1,1_sparse
7184,0,0_dense
7185,0,0_sparse
7186,0,0_sparse
7187,0,0_sparse
7188,1,1_dense
7189,1,1_sparse
7190,1,1_dense
7191,0,0_sparse
7192,1,1_dense
7193,1,1_sparse
7194,1,1_sparse
7195,1,1_dense
7196,1,1_sparse
7197,0,0_sparse
7198,1,1_dense
7199,1,1_sparse
7200,0,0_dense
7201,0,0_sparse
7202,1,1_sparse
7203,0,0_sparse
7204,1,1_dense
7205,0,0_sparse
7206,0,0_sparse
7207,1,1_sparse
7208,0,0_dense
7209,0,0_dense
7210,1,1_dense
7211,1,1_sparse
7212,1,1_dense
7213,0,0_dense
7214,1,1_sparse
7215,1,1_sparse
7216,1,1_dense
7217,1,1_dense
7218,0,0_sparse
7219,0,0_dense
7220,1,1_dense
7221,0,0_sparse
7222,1,1_dense
7223,0,0_dense
7224,0,0_dense
7225,0,0_sparse
7226,1,1_dense
7227,0,0_dense
7228,1,1_dense
7229,1,1_sparse
7230,0,0_sparse
7231,1,1_sparse
7232,0,0_dense
7233,0,0_dense
7234,1,1_dense
7235,1,1_sparse
7236,0,0_sparse
7237,1,1_dense
7238,1,1_dense
7239,0,0_sparse
7240,0,0_dense
7241,0,0_dense
7242,1,1_sparse
7243,0,0_dense
7244,0,0_dense
7245,1,1_dense
7246,0,0_dense
7247,0,0_dense
7248,0,0_sparse
7249,0,0_dense
7250,1,1_sparse
7251,1,1_dense
7252,0,0_sparse
7253,0,0_dense
7254,1,1_sparse
7255,0,0_sparse
7256,0,0_sparse
7257,0,0_dense
7258,0,0_dense
7259,0,0_dense
7260,1,1_sparse
7261,0,0_sparse
7262,1,1_dense
7263,1,1_sparse
7264,1,1_sparse
7265,0,0_dense
7266,0,0_sparse
7267,1,1_dense
7268,0,0_sparse
7269,0,0_dense
7270,0,0_dense
7271,0,0_sparse
7272,1,1_dense
7273,1,1_sparse
7274,0,0_sparse
7275,0,0_dense
7276,0,0_sparse
7277,0,0_sparse
7278,1,1_dense
7279,1,1_dense
7280,1,1_dense
7281,0,0_sparse
7282,1,1_dense
7283,0,0_dense
7284,0,0_sparse
7285,0,0_sparse
7286,0,0_dense
7287,0,0_dense
7288,0,0_sparse
7289,0,0_dense
7290,1,1_dense
7291,1,1_sparse
7292,0,0_dense
7293,1,1_dense
7294,1,1_dense
7295,1,1_dense
7296,1,1_sparse
7297,0,0_dense
7298,0,0_sparse
7299,0,0_sparse
7300,0,0_dense
7301,1,1_sparse
7302,0,0_dense
7303,1,1_sparse
7304,1,1_sparse
7305,0,0_dense
7306,0,0_sparse
7307,0,0_sparse
7308,1,1_sparse
7309,1,1_dense
7310,0,0_dense
7311,0,0_dense
7312,0,0_sparse
7313,0,0_dense
7314,1,1_dense
7315,0,0_dense
7316,1,1_sparse
7317,0,0_sparse
7318,1,1_sparse
7319,0,0_dense
7320,1,1_sparse
7321,1,1_sparse
7322,0,0_sparse
7323,1,1_sparse
7324,0,0_dense
7325,1,1_dense
7326,1,1_sparse
7327,0,0_dense
7328,0,0_sparse
7329,1,1_dense
7330,0,0_sparse
7331,1,1_sparse
7332,0,0_dense
7333,1,1_sparse
7334,0,0_sparse
7335,0,0_dense
7336,0,0_sparse
7337,0,0_dense
7338,0,0_dense
7339,0,0_dense
7340,1,1_sparse
7341,1,1_dense
7342,0,0_dense
7343,1,1_sparse
7344,0,0_dense
7345,1,1_dense
7346,1,1_dense
7347,1,1_sparse
7348,1,1_sparse
7349,1,1_sparse
7350,1,1_dense
7351,0,0_sparse
7352,1,1_sparse
7353,1,1_sparse
7354,0,0_dense
7355,0,0_sparse
7356,0,0_sparse
7357,0,0_dense
7358,0,0_sparse
7359,0,0_sparse
7360,1,1_dense
7361,1,1_sparse
7362,0,0_dense
7363,0,0_sparse
7364,0,0_dense
7365,1,1_dense
7366,1,1_sparse
7367,1,1_dense
7368,0,0_dense
7369,0,0_dense
7370,1,1_dense
7371,0,0_dense
7372,0,0_dense
7373,1,1_dense
7374,0,0_sparse
7375,1,1_sparse
7376,1,1_dense
7377,1,1_dense
7378,0,0_dense
7379,0,0_sparse
7380,1,1_dense
7381,1,1_sparse
7382,0,0_sparse
7383,1,1_dense
7384,0,0_dense
7385,0,0_dense
7386,1,1_sparse
7387,0,0_dense
7388,0,0_sparse
7389,0,0_sparse
7390,1,1_dense
7391,0,0_dense
7392,0,0_dense
7393,1,1_dense
7394,1,1_sparse
7395,1,1_dense
7396,1,1_sparse
7397,1,1_sparse
7398,0,0_dense
7399,1,1_sparse
7400,1,1_dense
7401,1,1_dense
7402,1,1_sparse
7403,0,0_sparse
7404,0,0_dense
7405,1,1_sparse
7406,0,0_sparse
7407,1,1_sparse
7408,0,0_sparse
7409,0,0_sparse
7410,0,0_sparse
7411,1,1_sparse
7412,1,1_dense
7413,0,0_dense
7414,1,1_sparse
7415,0,0_dense
7416,1,1_dense
7417,1,1_dense
7418,0,0_dense
7419,1,1_dense
7420,0,0_dense
7421,1,1_dense
7422,1,1_sparse
7423,1,1_sparse
7424,0,0_dense
7425,0,0_dense
7426,0,0_dense
7427,0,0_dense
7428,0,0_dense
7429,1,1_sparse
7430,0,0_dense
7431,0,0_sparse
7432,0,0_sparse
7433,1,1_dense
7434,0,0_sparse
7435,1,1_dense
7436,1,1_sparse
7437,1,1_dense
7438,0,0_dense
7439,0,0_dense
7440,1,1_dense
7441,0,0_dense
7442,0,0_dense
7443,0,0_sparse
7444,0,0_sparse
7445,1,1_dense
7446,1,1_sparse
7447,0,0_sparse
7448,1,1_dense
7449,1,1_dense
7450,1,1_dense
7451,1,1_dense
7452,0,0_sparse
7453,1,1_dense
7454,0,0_sparse
7455,0,0_sparse
7456,0,0_dense
7457,1,1_sparse
7458,0,0_dense
7459,0,0_dense
7460,1,1_dense
7461,0,0_dense
7462,0,0_sparse
7463,1,1_dense
7464,1,1_dense
7465,1,1_dense
7466,0,0_dense
7467,1,1_sparse
7468,1,1_sparse
7469,1,1_sparse
7470,1,1_sparse
7471,0,0_dense
7472,0,0_sparse
7473,1,1_sparse
7474,0,0_sparse
7475,1,1_dense
7476,1,1_dense
7477,1,1_sparse
7478,0,0_sparse
7479,1,1_dense
7480,0,0_dense
7481,1,1_sparse
7482,1,1_sparse
7483,1,1_dense
7484,1,1_sparse
7485,0,0_sparse
7486,0,0_dense
7487,0,0_sparse
7488,1,1_sparse
7489,1,1_dense
7490,0,0_dense
7491,0,0_dense
7492,0,0_sparse
7493,1,1_sparse
7494,0,0_dense
7495,1,1_sparse
7496,1,1_dense
7497,1,1_sparse
7498,0,0_sparse
7499,1,1_sparse
7500,1,1_dense
7501,0,0_dense
7502,0,0_sparse
7503,1,1_dense
7504,1,1_sparse
7505,1,1_dense
7506,1,1_dense
7507,0,0_sparse
7508,0,0_sparse
7509,0,0_dense
7510,1,1_dense
7511,0,0_dense
7512,1,1_dense
7513,0,0_sparse
7514,0,0_dense
7515,1,1_dense
7516,1,1_sparse
7517,1,1_dense
7518,0,0_dense
7519,1,1_sparse
7520,1,1_dense
7521,1,1_dense
7522,0,0_sparse
7523,0,0_sparse
7524,1,1_dense
7525,0,0_sparse
7526,1,1_dense
7527,0,0_dense
7528,1,1_dense
7529,1,1_dense
7530,1,1_dense
7531,0,0_sparse
7532,0,0_sparse
7533,0,0_dense
7534,1,1_dense
7535,0,0_dense
7536,1,1_sparse
7537,1,1_sparse
7538,1,1_dense
7539,1,1_sparse
7540,1,1_dense
7541,1,1_dense
7542,1,1_sparse
7543,1,1_sparse
7544,0,0_sparse
7545,0,0_sparse
7546,1,1_dense
7547,0,0_sparse
7548,0,0_sparse
7549,0,0_dense
7550,0,0_dense
7551,0,0_sparse
7552,0,0_dense
7553,1,1_sparse
7554,1,1_sparse
7555,1,1_sparse
7556,1,1_sparse
7557,0,0_sparse
7558,1,1_dense
7559,1,1_sparse
7560,0,0_dense
7561,1,1_dense
7562,1,1_dense
7563,1,1_dense
7564,0,0_dense
7565,1,1_dense
7566,0,0_dense
7567,1,1_dense
7568,0,0_sparse
7569,1,1_dense
7570,1,1_sparse
7571,0,0_sparse
7572,1,1_dense
7573,1,1_dense
7574,0,0_dense
7575,0,0_dense
7576,0,0_sparse
7577,0,0_dense
7578,1,1_dense
7579,1,1_sparse
7580,1,1_dense
7581,1,1_sparse
7582,1,1_sparse
7583,0,0_sparse
7584,0,0_dense
7585,0,0_dense
7586,1,1_sparse
7587,1,1_sparse
7588,1,1_dense
7589,0,0_sparse
7590,0,0_sparse
7591,1,1_sparse
7592,1,1_sparse
7593,0,0_sparse
7594,0,0_dense
7595,0,0_dense
7596,0,0_dense
7597,0,0_sparse
7598,0,0_dense
7599,0,0_dense
7600,0,0_sparse
7601,0,0_sparse
7602,0,0_sparse
7603,1,1_dense
7604,1,1_sparse
7605,1,1_dense
7606,1,1_sparse
7607,1,1_dense
7608,0,0_sparse
7609,1,1_dense
7610,0,0_dense
7611,1,1_dense
7612,0,0_sparse
7613,0,0_dense
7614,0,0_sparse
7615,0,0_dense
7616,1,1_sparse
7617,1,1_dense
7618,0,0_dense
7619,0,0_dense
7620,1,1_sparse
7621,1,1_dense
7622,0,0_sparse
7623,1,1_dense
7624,1,1_sparse
7625,0,0_sparse
7626,1,1_dense
7627,1,1_sparse
7628,1,1_dense
7629,1,1_dense
7630,0,0_sparse
7631,1,1_sparse
7632,1,1_dense
7633,0,0_dense
7634,1,1_sparse
7635,0,0_sparse
7636,0,0_sparse
7637,0,0_dense
7638,1,1_dense
7639,0,0_dense
7640,1,1_dense
7641,0,0_sparse
7642,0,0_dense
7643,1,1_dense
7644,1,1_sparse
7645,0,0_dense
7646,1,1_dense
7647,0,0_dense
7648,0,0_sparse
7649,1,1_dense
7650,0,0_sparse
7651,1,1_sparse
7652,0,0_dense
7653,0,0_dense
7654,1,1_sparse
7655,0,0_sparse
7656,1,1_sparse
7657,1,1_sparse
7658,0,0_sparse
7659,0,0_sparse
7660,1,1_dense
7661,0,0_sparse
7662,1,1_dense
7663,1,1_dense
7664,1,1_sparse
7665,0,0_sparse
7666,0,0_dense
7667,0,0_sparse
7668,1,1_dense
7669,0,0_dense
7670,1,1_sparse
7671,0,0_dense
7672,0,0_sparse
7673,0,0_sparse
7674,0,0_dense
7675,0,0_dense
7676,0,0_sparse
7677,0,0_sparse
7678,1,1_dense
7679,1,1_dense
7680,0,0_dense
7681,1,1_dense
7682,1,1_dense
7683,0,0_dense
7684,0,0_dense
7685,1,1_sparse
7686,0,0_dense
7687,0,0_dense
7688,0,0_dense
7689,0,0_sparse
7690,1,1_sparse
7691,0,0_sparse
7692,1,1_sparse
7693,0,0_dense
7694,0,0_sparse
7695,1,1_sparse
7696,1,1_sparse
7697,0,0_dense
7698,1,1_sparse
7699,0,0_dense
7700,1,1_sparse
7701,0,0_sparse
7702,0,0_sparse
7703,0,0_sparse
7704,0,0_dense
7705,0,0_sparse
7706,1,1_sparse
7707,1,1_sparse
7708,0,0_dense
7709,1,1_sparse
7710,0,0_sparse
7711,0,0_sparse
7712,0,0_sparse
7713,1,1_dense
7714,0,0_sparse
7715,0,0_sparse
7716,0,0_sparse
7717,1,1_dense
7718,0,0_dense
7719,1,1_sparse
7720,0,0_dense
7721,1,1_sparse
7722,0,0_dense
7723,0,0_sparse
7724,0,0_sparse
7725,0,0_dense
7726,1,1_sparse
7727,1,1_sparse
7728,1,1_dense
7729,0,0_dense
7730,0,0_dense
7731,1,1_sparse
7732,1,1_sparse
7733,0,0_sparse
7734,1,1_sparse
7735,1,1_sparse
7736,1,1_sparse
7737,1,1_dense
7738,0,0_dense
7739,1,1_dense
7740,1,1_sparse
7741,0,0_sparse
7742,0,0_dense
7743,1,1_sparse
7744,0,0_dense
7745,0,0_sparse
7746,0,0_dense
7747,0,0_dense
7748,1,1_dense
7749,0,0_dense
7750,0,0_sparse
7751,0,0_sparse
7752,0,0_dense
7753,0,0_sparse
7754,0,0_dense
7755,0,0_sparse
7756,0,0_sparse
7757,0,0_sparse
7758,0,0_dense
7759,1,1_dense
7760,1,1_dense
7761,1,1_dense
7762,1,1_dense
7763,0,0_dense
7764,0,0_sparse
7765,0,0_sparse
7766,0,0_sparse
7767,1,1_dense
7768,0,0_sparse
7769,1,1_sparse
7770,0,0_dense
7771,1,1_dense
7772,0,0_sparse
7773,0,0_sparse
7774,0,0_dense
7775,0,0_dense
7776,1,1_dense
7777,0,0_dense
7778,1,1_sparse
7779,1,1_sparse
7780,0,0_sparse
7781,1,1_dense
7782,0,0_sparse
7783,0,0_dense
7784,0,0_sparse
7785,0,0_sparse
7786,0,0_dense
7787,1,1_sparse
7788,1,1_dense
7789,0,0_sparse
7790,1,1_sparse
7791,0,0_dense
7792,1,1_sparse
7793,0,0_sparse
7794,0,0_dense
7795,0,0_sparse
7796,1,1_sparse
7797,0,0_dense
7798,1,1_dense
7799,1,1_dense
7800,0,0_sparse
7801,0,0_sparse
7802,1,1_dense
7803,0,0_sparse
7804,0,0_sparse
7805,1,1_sparse
7806,1,1_sparse
7807,0,0_dense
7808,1,1_sparse
7809,0,0_dense
7810,1,1_dense
7811,1,1_dense
7812,1,1_dense
7813,1,1_dense
7814,0,0_sparse
7815,0,0_sparse
7816,1,1_dense
7817,1,1_dense
7818,1,1_dense
7819,0,0_sparse
7820,0,0_sparse
7821,0,0_dense
7822,1,1_dense
7823,1,1_sparse
7824,1,1_sparse
7825,0,0_dense
7826,1,1_dense
7827,0,0_dense
7828,0,0_sparse
7829,1,1_sparse
7830,1,1_dense
7831,0,0_sparse
7832,1,1_dense
7833,0,0_sparse
7834,0,0_sparse
7835,1,1_dense
7836,0,0_sparse
7837,1,1_dense
7838,0,0_sparse
7839,1,1_dense
7840,1,1_dense
7841,0,0_dense
7842,0,0_sparse
7843,0,0_dense
7844,0,0_sparse
7845,1,1_dense
7846,1,1_sparse
7847,0,0_sparse
7848,1,1_dense
7849,0,0_sparse
7850,0,0_sparse
7851,1,1_dense
7852,0,0_sparse
7853,1,1_sparse
7854,1,1_dense
7855,0,0_dense
7856,0,0_dense
7857,0,0_dense
7858,1,1_dense
7859,1,1_sparse
7860,1,1_sparse
7861,1,1_sparse
7862,1,1_sparse
7863,1,1_sparse
7864,1,1_sparse
7865,0,0_dense
7866,1,1_sparse
7867,1,1_sparse
7868,0,0_sparse
7869,0,0_dense
7870,0,0_sparse
7871,0,0_dense
7872,0,0_dense
7873,1,1_sparse
7874,0,0_dense
7875,0,0_sparse
7876,1,1_dense
7877,0,0_dense
7878,1,1_dense
7879,1,1_dense
7880,0,0_dense
7881,1,1_dense
7882,1,1_sparse
7883,0,0_dense
7884,1,1_dense
7885,1,1_sparse
7886,1,1_dense
7887,0,0_dense
7888,1,1_sparse
7889,1,1_sparse
7890,1,1_sparse
7891,1,1_dense
7892,1,1_sparse
7893,1,1_sparse
7894,1,1_sparse
7895,0,0_sparse
7896,1,1_dense
7897,1,1_dense
7898,1,1_dense
7899,1,1_sparse
7900,0,0_sparse
7901,0,0_sparse
7902,1,1_dense
7903,0,0_dense
7904,0,0_dense
7905,1,1_sparse
7906,0,0_sparse
7907,1,1_sparse
7908,0,0_sparse
7909,0,0_sparse
7910,1,1_sparse
7911,1,1_sparse
7912,1,1_sparse
7913,1,1_dense
7914,0,0_dense
7915,1,1_sparse
7916,1,1_dense
7917,0,0_dense
7918,1,1_dense
7919,1,1_sparse
7920,0,0_sparse
7921,1,1_sparse
7922,1,1_sparse
7923,0,0_sparse
7924,1,1_sparse
7925,1,1_dense
7926,0,0_dense
7927,0,0_dense
7928,0,0_dense
7929,1,1_dense
7930,0,0_sparse
7931,1,1_sparse
7932,1,1_dense
7933,1,1_sparse
7934,1,1_sparse
7935,0,0_sparse
7936,1,1_dense
7937,1,1_sparse
7938,0,0_dense
7939,1,1_dense
7940,1,1_sparse
7941,1,1_dense
7942,1,1_dense
7943,0,0_sparse
7944,1,1_sparse
7945,0,0_sparse
7946,1,1_sparse
7947,0,0_sparse
7948,0,0_sparse
7949,1,1_dense
7950,1,1_dense
7951,0,0_dense
7952,0,0_sparse
7953,1,1_sparse
7954,1,1_dense
7955,1,1_sparse
7956,0,0_sparse
7957,0,0_sparse
7958,1,1_sparse
7959,1,1_dense
7960,1,1_dense
7961,0,0_sparse
7962,0,0_dense
7963,0,0_dense
7964,1,1_sparse
7965,0,0_dense
7966,0,0_dense
7967,0,0_dense
7968,1,1_sparse
7969,1,1_dense
7970,1,1_dense
7971,0,0_dense
7972,0,0_dense
7973,0,0_sparse
7974,0,0_sparse
7975,1,1_sparse
7976,1,1_dense
7977,0,0_sparse
7978,1,1_dense
7979,0,0_sparse
7980,0,0_sparse
7981,0,0_sparse
7982,1,1_sparse
7983,0,0_dense
7984,0,0_dense
7985,0,0_sparse
7986,0,0_dense
7987,0,0_sparse
7988,1,1_sparse
7989,1,1_sparse
7990,1,1_sparse
7991,0,0_dense
7992,0,0_dense
7993,1,1_sparse
7994,1,1_sparse
7995,1,1_dense
7996,1,1_sparse
7997,0,0_sparse
7998,1,1_dense
7999,1,1_dense
8000,0,0_sparse
8001,1,1_sparse
8002,1,1_sparse
8003,0,0_dense
8004,0,0_sparse
8005,1,1_sparse
8006,1,1_sparse
8007,1,1_dense
8008,0,0_sparse
8009,0,0_sparse
8010,0,0_sparse
8011,0,0_dense
8012,1,1_sparse
8013,1,1_sparse
8014,0,0_sparse
8015,1,1_dense
8016,0,0_sparse
8017,0,0_dense
8018,0,0_dense
8019,1,1_sparse
8020,1,1_dense
8021,1,1_dense
8022,0,0_dense
8023,0,0_sparse
8024,0,0_dense
8025,0,0_sparse
8026,1,1_dense
8027,0,0_sparse
8028,0,0_sparse
8029,0,0_sparse
8030,1,1_dense
8031,0,0_dense
8032,1,1_sparse
8033,1,1_sparse
8034,1,1_dense
8035,1,1_sparse
8036,1,1_dense
8037,1,1_dense
8038,0,0_dense
8039,1,1_dense
8040,0,0_dense
8041,1,1_dense
8042,0,0_sparse
8043,1,1_dense
8044,1,1_dense
8045,0,0_sparse
8046,0,0_sparse
8047,0,0_dense
8048,0,0_sparse
8049,1,1_sparse
8050,0,0_dense
8051,0,0_dense
8052,0,0_dense
8053,0,0_sparse
8054,0,0_sparse
8055,1,1_dense
8056,1,1_sparse
8057,0,0_sparse
8058,1,1_sparse
8059,1,1_sparse
8060,0,0_dense
8061,1,1_sparse
8062,1,1_dense
8063,1,1_dense
8064,1,1_sparse
8065,1,1_sparse
8066,1,1_dense
8067,1,1_dense
8068,1,1_dense
8069,1,1_sparse
8070,0,0_sparse
8071,0,0_sparse
8072,0,0_sparse
8073,1,1_sparse
8074,0,0_sparse
8075,1,1_sparse
8076,1,1_sparse
8077,1,1_dense
8078,1,1_sparse
8079,0,0_dense
8080,0,0_sparse
8081,1,1_sparse
8082,0,0_sparse
8083,0,0_dense
8084,1,1_sparse
8085,1,1_dense
8086,0,0_sparse
8087,1,1_sparse
8088,1,1_sparse
8089,0,0_dense
8090,0,0_sparse
8091,0,0_sparse
8092,1,1_sparse
8093,1,1_dense
8094,1,1_dense
8095,1,1_dense
8096,0,0_sparse
8097,0,0_dense
8098,1,1_dense
8099,0,0_dense
8100,1,1_dense
8101,1,1_dense
8102,1,1_dense
8103,0,0_dense
8104,0,0_sparse
8105,1,1_dense
8106,0,0_sparse
8107,0,0_sparse
8108,0,0_sparse
8109,1,1_sparse
8110,1,1_sparse
8111,0,0_sparse
8112,1,1_dense
8113,0,0_dense
8114,1,1_dense
8115,1,1_dense
8116,1,1_sparse
8117,1,1_dense
8118,0,0_dense
8119,1,1_dense
8120,0,0_dense
8121,1,1_dense
8122,1,1_dense
8123,1,1_sparse
8124,1,1_sparse
8125,1,1_dense
8126,0,0_sparse
8127,1,1_dense
8128,0,0_sparse
8129,0,0_dense
8130,1,1_sparse
8131,1,1_sparse
8132,0,0_sparse
8133,0,0_dense
8134,0,0_dense
8135,1,1_dense
8136,1,1_dense
8137,1,1_sparse
8138,0,0_sparse
8139,0,0_dense
8140,0,0_dense
8141,1,1_sparse
8142,1,1_sparse
8143,0,0_dense
8144,0,0_dense
8145,1,1_dense
8146,1,1_dense
8147,1,1_sparse
8148,0,0_sparse
8149,1,1_sparse
8150,0,0_sparse
8151,0,0_dense
8152,0,0_dense
8153,0,0_sparse
8154,0,0_sparse
8155,0,0_sparse
8156,1,1_sparse
8157,0,0_sparse
8158,1,1_dense
8159,0,0_sparse
8160,1,1_dense
8161,0,0_sparse
8162,0,0_dense
8163,1,1_dense
8164,1,1_sparse
8165,0,0_dense
8166,1,1_sparse
8167,0,0_sparse
8168,1,1_dense
8169,1,1_dense
8170,1,1_sparse
8171,0,0_dense
8172,0,0_sparse
8173,1,1_dense
8174,1,1_dense
8175,0,0_sparse
8176,0,0_sparse
8177,1,1_dense
8178,1,1_sparse
8179,1,1_sparse
8180,1,1_dense
8181,0,0_dense
8182,0,0_dense
8183,0,0_dense
8184,1,1_sparse
8185,0,0_dense
8186,0,0_sparse
8187,0,0_dense
8188,0,0_dense
8189,1,1_sparse
8190,1,1_dense
8191,1,1_sparse
8192,0,0_sparse
8193,0,0_sparse
8194,1,1_sparse
8195,1,1_dense
8196,1,1_dense
8197,1,1_sparse
8198,1,1_sparse
8199,1,1_dense
8200,1,1_dense
8201,1,1_dense
8202,1,1_dense
8203,0,0_sparse
8204,0,0_sparse
8205,1,1_sparse
8206,1,1_dense
8207,1,1_sparse
8208,1,1_sparse
8209,0,0_dense
8210,1,1_dense
8211,1,1_dense
8212,0,0_dense
8213,1,1_sparse
8214,0,0_dense
8215,0,0_sparse
8216,0,0_dense
8217,1,1_dense
8218,0,0_dense
8219,1,1_dense
8220,0,0_sparse
8221,1,1_dense
8222,1,1_dense
8223,0,0_dense
8224,1,1_dense
8225,0,0_dense
8226,0,0_dense
8227,1,1_sparse
8228,1,1_sparse
8229,0,0_sparse
8230,0,0_sparse
8231,1,1_dense
8232,0,0_dense
8233,0,0_dense
8234,1,1_dense
8235,1,1_sparse
8236,0,0_sparse
8237,1,1_dense
8238,1,1_dense
8239,1,1_dense
8240,0,0_dense
8241,0,0_sparse
8242,1,1_sparse
8243,1,1_sparse
8244,0,0_sparse
8245,1,1_dense
8246,1,1_dense
8247,0,0_sparse
8248,1,1_dense
8249,0,0_dense
8250,1,1_sparse
8251,0,0_sparse
8252,0,0_sparse
8253,0,0_sparse
8254,1,1_sparse
8255,1,1_sparse
8256,0,0_sparse
8257,1,1_sparse
8258,0,0_dense
8259,1,1_sparse
8260,1,1_sparse
8261,1,1_sparse
8262,1,1_sparse
8263,0,0_dense
8264,1,1_sparse
8265,1,1_sparse
8266,0,0_dense
8267,1,1_sparse
8268,1,1_sparse
8269,1,1_dense
8270,1,1_sparse
8271,0,0_dense
8272,1,1_dense
8273,1,1_dense
8274,0,0_sparse
8275,1,1_dense
8276,1,1_sparse
8277,0,0_dense
8278,1,1_dense
8279,1,1_dense
8280,1,1_sparse
8281,1,1_dense
8282,1,1_dense
8283,0,0_dense
8284,1,1_dense
8285,1,1_sparse
8286,0,0_sparse
8287,0,0_dense
8288,0,0_dense
8289,0,0_sparse
8290,1,1_dense
8291,1,1_sparse
8292,1,1_sparse
8293,0,0_sparse
8294,1,1_dense
8295,1,1_dense
8296,0,0_dense
8297,0,0_dense
8298,0,0_dense
8299,0,0_sparse
8300,1,1_sparse
8301,0,0_dense
8302,1,1_dense
8303,0,0_sparse
8304,0,0_dense
8305,0,0_dense
8306,0,0_sparse
8307,0,0_sparse
8308,0,0_sparse
8309,0,0_dense
8310,1,1_sparse
8311,0,0_sparse
8312,0,0_sparse
8313,0,0_dense
8314,1,1_dense
8315,1,1_sparse
8316,0,0_sparse
8317,1,1_dense
8318,1,1_sparse
8319,0,0_dense
8320,1,1_dense
8321,0,0_sparse
8322,1,1_dense
8323,0,0_sparse
8324,1,1_sparse
8325,1,1_sparse
8326,1,1_sparse
8327,1,1_dense
8328,0,0_sparse
8329,0,0_sparse
8330,0,0_sparse
8331,1,1_sparse
8332,1,1_dense
8333,1,1_sparse
8334,1,1_sparse
8335,1,1_sparse
8336,1,1_sparse
8337,1,1_dense
8338,0,0_sparse
8339,0,0_sparse
8340,0,0_sparse
8341,0,0_dense
8342,1,1_sparse
8343,0,0_sparse
8344,1,1_sparse
8345,0,0_dense
8346,1,1_sparse
8347,1,1_sparse
8348,1,1_dense
8349,0,0_sparse
8350,1,1_sparse
8351,1,1_sparse
8352,0,0_dense
8353,0,0_sparse
8354,1,1_dense
8355,0,0_dense
8356,1,1_dense
8357,0,0_sparse
8358,1,1_dense
8359,1,1_dense
8360,1,1_dense
8361,1,1_dense
8362,0,0_sparse
8363,1,1_sparse
8364,0,0_dense
8365,1,1_sparse
8366,0,0_sparse
8367,1,1_dense
8368,0,0_dense
8369,0,0_sparse
8370,1,1_sparse
8371,1,1_sparse
8372,1,1_sparse
8373,1,1_dense
8374,0,0_dense
8375,1,1_dense
8376,0,0_dense
8377,1,1_dense
8378,1,1_dense
8379,1,1_sparse
8380,1,1_dense
8381,1,1_dense
8382,0,0_dense
8383,0,0_dense
8384,1,1_dense
8385,1,1_sparse
8386,1,1_dense
8387,0,0_sparse
8388,0,0_sparse
8389,1,1_sparse
8390,0,0_dense
8391,0,0_dense
8392,1,1_dense
8393,1,1_dense
8394,1,1_dense
8395,0,0_dense
8396,0,0_sparse
8397,0,0_dense
8398,0,0_dense
8399,1,1_sparse
8400,1,1_sparse
8401,0,0_sparse
8402,0,0_sparse
8403,0,0_sparse
8404,1,1_dense
8405,0,0_sparse
8406,1,1_sparse
8407,1,1_dense
8408,0,0_dense
8409,0,0_sparse
8410,1,1_dense
8411,0,0_sparse
8412,0,0_sparse
8413,1,1_dense
8414,0,0_dense
8415,0,0_sparse
8416,0,0_sparse
8417,0,0_dense
8418,0,0_sparse
8419,1,1_sparse
8420,1,1_dense
8421,1,1_dense
8422,1,1_sparse
8423,1,1_sparse
8424,0,0_dense
8425,1,1_dense
8426,1,1_sparse
8427,1,1_dense
8428,0,0_sparse
8429,1,1_sparse
8430,0,0_sparse
8431,1,1_sparse
8432,0,0_dense
8433,1,1_dense
8434,0,0_dense
8435,1,1_dense
8436,0,0_dense
8437,1,1_dense
8438,1,1_sparse
8439,1,1_sparse
8440,1,1_dense
8441,1,1_dense
8442,1,1_sparse
8443,1,1_dense
8444,0,0_sparse
8445,0,0_sparse
8446,1,1_dense
8447,1,1_sparse
8448,1,1_sparse
8449,0,0_sparse
8450,1,1_sparse
8451,1,1_sparse
8452,0,0_dense
8453,0,0_sparse
8454,0,0_sparse
8455,0,0_sparse
8456,0,0_dense
8457,0,0_sparse
8458,1,1_sparse
8459,1,1_sparse
8460,0,0_dense
8461,1,1_dense
8462,0,0_sparse
8463,0,0_dense
8464,0,0_sparse
8465,1,1_dense
8466,1,1_sparse
8467,0,0_sparse
8468,0,0_dense
8469,1,1_dense
8470,0,0_sparse
8471,1,1_dense
8472,0,0_dense
8473,0,0_sparse
8474,1,1_sparse
8475,0,0_sparse
8476,0,0_dense
8477,1,1_dense
8478,0,0_dense
8479,0,0_dense
8480,0,0_sparse
8481,1,1_sparse
8482,0,0_dense
8483,1,1_sparse
8484,0,0_dense
8485,0,0_sparse
8486,0,0_sparse
8487,0,0_dense
8488,1,1_sparse
8489,0,0_dense
8490,0,0_dense
8491,1,1_sparse
8492,0,0_sparse
8493,1,1_dense
8494,0,0_sparse
8495,0,0_sparse
8496,0,0_dense
8497,0,0_sparse
8498,0,0_sparse
8499,1,1_sparse
8500,1,1_sparse
