Train_ID,Clean_Label,Noisy_Label,is_noisy,Training_Loss
1,1,1,0,0.25659117
2,1,1,0,0.531973
3,1,1,0,0.40651977
4,1,1,0,0.24292241
5,1,1,0,0.2645281
6,0,0,0,0.33085456
7,0,0,0,0.7769226
8,1,1,0,0.24060632
9,0,0,0,0.352297
10,1,0,1,1.5069768
11,0,0,0,0.38742676
12,0,1,1,1.6238614
13,1,1,0,0.3765584
14,0,1,1,1.6632415
15,1,1,0,0.26898515
16,0,0,0,0.19861537
17,0,0,0,0.21706192
18,0,0,0,0.2704559
19,1,1,0,0.22708112
20,0,0,0,0.21219188
21,1,1,0,0.53507096
22,0,0,0,0.19387157
23,0,0,0,0.3277774
24,0,0,0,0.19404289
25,1,1,0,0.11430838
26,1,1,0,0.23604305
27,0,0,0,0.20466991
28,1,1,0,0.23498267
29,1,1,0,1.0857251
30,1,1,0,0.2337753
31,1,1,0,0.24843648
32,0,1,1,1.3852572
33,0,0,0,0.20494643
34,1,1,0,0.2571605
35,1,0,1,1.5918517
36,1,0,1,1.5151714
37,1,1,0,0.24410586
38,0,1,1,1.6966287
39,0,0,0,0.1951348
40,0,1,1,1.6957954
41,0,0,0,0.5888403
42,1,1,0,0.23910849
43,1,1,0,1.1411687
44,1,1,0,0.08478222
45,0,1,1,1.6411358
46,1,1,0,0.123926125
47,1,1,0,0.21651898
48,1,0,1,1.666256
49,1,1,0,0.25205803
50,0,1,1,1.7074246
51,0,0,0,0.19795807
52,1,1,0,0.25921178
53,0,0,0,0.19218591
54,0,0,0,0.16597535
55,0,0,0,0.24909672
56,1,0,1,1.527629
57,0,0,0,0.24944077
58,0,0,0,0.213534
59,1,1,0,0.15436827
60,0,0,0,0.20929623
61,0,0,0,0.19002496
62,1,1,0,0.22530091
63,0,1,1,1.7073151
64,0,0,0,0.28024492
65,1,0,1,1.5330083
66,1,1,0,0.24432038
67,1,0,1,1.4853671
68,1,1,0,0.2568468
69,1,1,0,0.24727347
70,1,1,0,0.5891119
71,1,1,0,0.23496883
72,1,1,0,0.98956513
73,1,1,0,0.24630436
74,0,1,1,2.353616
75,1,1,0,0.25603965
76,1,1,0,0.23750386
77,1,1,0,0.23397987
78,0,0,0,0.19467168
79,0,0,0,0.17058286
80,1,1,0,0.24898188
81,0,1,1,1.968003
82,0,0,0,0.2705914
83,1,1,0,0.37271646
84,0,0,0,0.23251626
85,1,1,0,0.24790789
86,0,0,0,0.56892204
87,0,0,0,0.13578685
88,0,1,1,1.6434118
89,1,0,1,1.490191
90,0,0,0,0.34755924
91,0,0,0,0.1319078
92,1,1,0,0.6295596
93,1,1,0,0.2566097
95,1,1,0,0.15112041
96,0,1,1,1.3092504
97,1,1,0,0.619615
98,0,0,0,0.18862158
99,1,1,0,0.24013609
100,1,1,0,0.24940312
101,0,0,0,0.21247655
102,0,0,0,0.21938226
103,1,1,0,1.0232759
104,1,1,0,0.25737175
105,0,0,0,0.79892445
106,1,0,1,1.2408383
107,0,1,1,1.6310486
108,1,1,0,0.2548307
109,1,1,0,0.23613302
110,0,0,0,0.8433529
111,0,1,1,1.1828727
112,1,1,0,0.26053342
113,1,1,0,0.24460231
114,0,0,0,0.21958968
115,1,1,0,0.20066758
116,0,1,1,1.4410943
118,0,0,0,0.22983061
119,0,0,0,0.20707534
120,0,0,0,0.20869516
121,0,0,0,0.20312457
122,1,1,0,0.74260205
123,0,0,0,0.19513951
124,1,1,0,0.25019208
125,1,0,1,2.104254
127,0,0,0,0.27357414
128,1,1,0,0.24935651
129,1,1,0,0.2050584
130,1,1,0,0.24227256
131,1,1,0,0.27023682
132,1,1,0,0.25008318
133,0,1,1,1.7012701
135,1,1,0,0.37706202
136,0,0,0,0.22271374
137,0,0,0,0.19267595
138,0,0,0,0.25739443
139,1,1,0,0.24319969
140,0,0,0,0.21321502
141,0,0,0,0.21416476
142,1,0,1,1.516051
143,0,0,0,0.20364408
144,1,1,0,0.23042989
145,0,0,0,0.20406118
146,1,1,0,0.24656442
147,1,1,0,0.18332821
148,0,0,0,0.1946865
149,1,0,1,0.94522196
150,1,1,0,0.24215233
151,0,1,1,1.248934
152,1,1,0,0.23342983
153,1,1,0,0.20581698
154,0,1,1,1.6689998
155,1,1,0,0.250069
156,0,0,0,0.190405
157,0,1,1,1.740186
158,0,0,0,0.24177366
159,1,1,0,0.25228554
160,1,1,0,0.3809445
161,1,1,0,0.38499817
162,1,1,0,1.0122032
163,1,1,0,0.2371884
164,0,0,0,0.20143145
165,1,1,0,0.20017987
166,1,1,0,0.24895015
167,0,0,0,0.17719239
168,1,0,1,1.555079
169,0,0,0,0.21135607
170,1,1,0,0.25369322
171,0,1,1,1.9444069
172,1,1,0,0.18091612
173,1,1,0,0.21147494
174,1,1,0,0.24157389
175,1,0,1,1.551603
177,0,1,1,2.1334524
178,0,0,0,0.22418024
179,1,0,1,0.87685156
180,0,0,0,0.21044916
181,0,0,0,0.27715302
182,0,0,0,0.055175886
183,1,1,0,0.2375312
184,1,1,0,0.37272227
185,1,1,0,0.15674783
186,0,0,0,0.21129024
187,0,0,0,0.18583547
188,1,1,0,0.2671511
189,1,1,0,0.40539107
190,0,0,0,0.19111799
191,0,0,0,0.6271001
192,0,0,0,0.17455673
193,1,1,0,0.1391409
194,0,1,1,1.6376084
195,1,1,0,0.24863061
196,0,0,0,0.35266504
197,0,0,0,0.20528667
198,0,0,0,0.46445167
199,1,1,0,0.24808381
200,1,1,0,0.48978043
202,1,0,1,1.550947
203,0,0,0,0.54869413
204,0,0,0,0.2818749
205,1,1,0,0.24542405
206,1,1,0,0.2476144
207,0,0,0,0.13328128
208,1,0,1,1.9549655
209,0,0,0,0.2173435
210,0,0,0,0.22201997
211,0,0,0,0.20565426
212,0,0,0,0.23947945
213,1,1,0,0.63067436
214,1,1,0,0.25212252
216,0,0,0,0.13801922
217,1,0,1,0.938415
218,1,1,0,0.24227004
219,1,1,0,0.24719761
220,1,1,0,0.25224143
221,1,1,0,0.51276284
222,0,0,0,0.3434011
223,1,1,0,0.24155329
224,1,0,1,1.587872
225,0,0,0,0.21181156
226,1,1,0,0.24222606
227,1,1,0,0.17128703
228,1,1,0,0.96134615
229,0,0,0,0.20177484
230,1,1,0,0.39865398
232,0,0,0,0.7326976
233,1,1,0,0.45218065
234,1,1,0,0.25613812
235,1,1,0,0.67394793
236,0,1,1,1.6532228
237,1,1,0,0.23822565
238,0,0,0,0.20428008
239,0,1,1,0.6079514
240,1,1,0,0.2943776
241,0,1,1,1.479274
242,1,1,0,0.20027891
243,1,1,0,0.36946505
244,0,0,0,0.862866
245,0,0,0,0.17902051
246,1,1,0,0.3775113
247,0,1,1,1.2410884
248,0,0,0,0.27135652
249,1,1,0,0.25576058
251,1,1,0,0.23482169
252,0,1,1,1.631035
253,0,0,0,0.10857565
254,0,0,0,0.19803406
255,1,1,0,0.23578456
256,0,0,0,0.39459187
259,0,0,0,0.19218138
260,1,0,1,0.3089991
261,1,1,0,0.91549337
262,0,0,0,0.20913239
263,1,0,1,1.440696
264,1,1,0,0.25785178
265,0,0,0,0.21166618
267,0,0,0,0.09064616
268,0,0,0,0.22873351
269,1,1,0,0.24009998
270,0,0,0,0.21207637
271,0,0,0,0.1933943
272,1,1,0,0.2265883
273,1,1,0,0.24055463
274,0,1,1,0.81762815
275,0,0,0,0.18940096
276,1,1,0,0.24387535
277,1,1,0,0.19354284
278,1,0,1,0.90660393
279,1,1,0,0.5971567
280,0,0,0,0.2025598
281,1,1,0,0.2596659
282,0,0,0,0.7116665
283,1,1,0,0.41009367
284,1,1,0,0.24212152
285,0,0,0,0.33367103
286,1,1,0,0.23076479
287,1,1,0,0.24144551
288,1,1,0,0.1347388
290,1,0,1,1.5003378
291,1,1,0,0.23528884
292,1,1,0,0.24980193
293,0,0,0,0.20292723
294,0,0,0,0.20355481
295,1,0,1,1.5514997
296,1,0,1,1.6896256
297,0,1,1,1.2620329
298,0,0,0,0.20355597
299,1,1,0,0.29209283
300,1,1,0,0.24622844
301,0,0,0,0.3113955
302,1,1,0,0.24593307
304,1,1,0,0.25146925
305,1,1,0,0.31060487
307,1,0,1,1.485914
308,0,0,0,0.19671181
309,1,1,0,0.25491402
310,0,0,0,0.20269804
311,0,0,0,0.21403387
312,1,1,0,0.23871215
314,0,0,0,0.21114856
315,1,1,0,0.680909
316,1,1,0,0.2583246
317,1,1,0,0.2191543
318,1,1,0,0.18824244
319,1,0,1,1.585131
320,0,1,1,1.173517
321,1,0,1,1.0429783
322,1,1,0,0.33970302
323,1,1,0,0.2396771
324,0,0,0,0.19480993
325,0,0,0,0.22513196
326,0,1,1,1.6383822
327,1,1,0,0.24578932
328,0,1,1,1.7057494
329,1,0,1,1.1758606
330,1,1,0,0.25789666
331,1,1,0,0.24412382
332,0,0,0,0.810822
333,1,1,0,0.206707
334,1,1,0,0.22958125
335,0,1,1,1.7131387
336,1,1,0,0.2710933
337,0,0,0,0.37428936
338,0,0,0,0.21391097
339,0,1,1,1.3609533
340,0,0,0,0.18479313
341,1,1,0,0.43908966
342,0,0,0,0.20791084
343,0,0,0,0.2728296
344,0,0,0,0.22644465
345,0,0,0,0.18604025
346,0,0,0,0.19417262
347,1,1,0,0.23938851
348,0,0,0,0.22471987
349,0,0,0,0.19861291
350,1,1,0,0.19314522
351,0,0,0,0.23757651
352,0,1,1,1.671832
353,1,1,0,0.22882056
354,1,1,0,0.23936243
355,0,0,0,0.27945337
356,0,0,0,0.19081259
357,1,1,0,0.11215879
358,1,1,0,0.23531961
359,0,0,0,0.19431016
360,1,0,1,1.577819
361,0,0,0,0.2949105
362,1,1,0,0.24462453
363,0,0,0,0.123154506
364,1,1,0,0.1369074
365,0,0,0,0.10899542
366,0,0,0,0.21327138
367,0,0,0,0.20749518
368,1,1,0,0.31269923
369,0,0,0,0.2100868
370,0,0,0,0.22386254
371,1,1,0,0.19025776
372,0,1,1,0.44858426
373,1,1,0,0.24399519
374,1,1,0,0.18537028
375,0,0,0,0.45300326
376,0,0,0,0.22630455
377,0,0,0,0.14691155
379,0,0,0,0.19959243
380,1,0,1,1.5999882
381,0,0,0,0.30518284
383,0,0,0,0.21431813
384,1,1,0,0.7240775
385,0,0,0,0.19902323
386,1,1,0,0.2776205
387,1,1,0,0.25100514
388,1,1,0,0.18519199
389,0,1,1,1.2469254
390,1,1,0,0.22295499
391,1,1,0,0.14310269
392,1,0,1,1.5126295
393,0,1,1,1.5848866
394,0,1,1,1.0873618
395,1,0,1,1.5458391
396,0,0,0,0.20318305
397,1,1,0,0.23691443
398,1,1,0,0.17846838
399,1,1,0,0.28019384
400,0,1,1,1.0063069
401,1,1,0,0.25411603
402,1,1,0,0.2397347
403,0,1,1,1.5815462
404,1,1,0,0.23857656
405,0,1,1,0.89530575
406,0,0,0,0.2106428
407,1,1,0,0.23707594
408,0,0,0,0.12608695
409,0,0,0,0.2181194
410,1,1,0,0.1448445
411,0,0,0,0.10739342
412,0,0,0,0.22275047
413,0,0,0,0.21766669
414,0,0,0,1.5145743
415,0,0,0,0.20940742
417,0,1,1,1.805783
418,0,0,0,0.20469098
420,0,0,0,0.11146313
421,0,1,1,1.6233757
423,0,0,0,0.21732661
425,1,0,1,0.7512849
426,0,0,0,0.19462478
427,0,0,0,0.21929045
428,1,1,0,0.25492668
430,1,1,0,0.26648968
432,1,1,0,0.21381374
433,1,1,0,0.3124812
434,1,1,0,0.23548657
435,0,1,1,1.6936806
436,1,1,0,0.23984113
437,1,0,1,0.9095806
438,0,0,0,0.21057856
439,1,1,0,0.23856585
440,0,1,1,1.584815
441,0,0,0,0.18697807
442,1,1,0,0.24265859
443,0,0,0,0.19926822
444,1,1,0,0.2383274
445,0,0,0,0.44685942
446,0,0,0,0.22265229
448,1,0,1,1.4580066
449,1,1,0,0.24403518
450,0,0,0,0.45030427
451,0,0,0,0.34094676
452,1,1,0,0.9070034
453,1,1,0,0.26047674
454,1,1,0,1.1473644
455,0,1,1,0.6114507
456,1,1,0,0.24483031
457,1,1,0,0.29860437
458,0,0,0,0.2181951
460,0,1,1,0.58696455
461,1,1,0,0.25141945
462,0,0,0,0.21351868
463,1,1,0,0.24530351
464,0,1,1,1.6924969
465,1,1,0,0.22875133
466,0,0,0,0.21907914
467,0,0,0,0.19672641
468,1,1,0,0.15902588
469,1,1,0,0.24380119
470,1,1,0,0.12797402
471,1,1,0,0.23403601
472,0,0,0,0.28411698
473,0,0,0,0.2100754
474,1,1,0,0.21681127
475,1,1,0,0.8725189
476,1,1,0,0.23670003
477,1,1,0,0.26580346
479,0,0,0,0.1839217
481,0,0,0,0.2119697
482,1,1,0,1.0299066
483,0,0,0,0.20340045
484,1,1,0,0.2530709
486,1,1,0,0.27968758
487,1,1,0,0.24543059
488,1,1,0,0.21155523
489,0,1,1,2.2422204
490,0,1,1,1.6980624
491,1,1,0,0.24648635
492,1,1,0,0.24944218
493,1,1,0,0.2532799
494,1,1,0,0.24392271
495,1,1,0,0.23847692
496,0,0,0,0.33073694
498,0,1,1,1.7242024
499,0,0,0,0.23189129
500,1,1,0,0.23987849
501,0,0,0,0.1880302
502,0,0,0,0.1456511
503,1,1,0,0.39303216
505,1,0,1,0.65319556
506,1,1,0,0.17960191
507,0,0,0,0.22200288
508,1,0,1,1.504355
509,1,1,0,0.4700513
510,0,0,0,0.3309027
511,0,0,0,0.21498005
512,1,1,0,0.5027328
513,1,1,0,0.23639347
514,1,1,0,0.24091227
515,1,1,0,0.24010119
516,1,1,0,0.35530218
518,1,1,0,0.2520328
519,1,1,0,0.23383722
520,0,0,0,0.21657208
521,0,0,0,0.21813893
522,1,1,0,0.22903854
523,1,1,0,0.25130558
524,1,1,0,0.2171358
525,0,0,0,0.44066447
526,1,0,1,1.5629008
527,0,1,1,1.0609894
528,1,1,0,0.28325355
529,1,1,0,0.1440806
530,0,0,0,0.19589756
531,1,1,0,0.74734986
532,0,0,0,0.22425072
533,1,1,0,0.2531915
534,1,1,0,0.41208398
535,0,0,0,0.13683826
536,1,1,0,0.464536
537,0,0,0,0.2035128
539,1,1,0,0.5063166
540,1,1,0,0.6956622
541,0,0,0,0.2174817
542,1,1,0,0.1979841
543,1,1,0,0.22401044
544,0,0,0,0.2212575
545,0,1,1,2.600171
546,1,0,1,1.5113633
547,0,0,0,0.31570008
548,0,1,1,1.1497122
549,0,0,0,0.22957043
550,1,0,1,1.5212677
551,0,0,0,0.14719589
552,0,0,0,0.5243534
553,0,0,0,0.21332781
554,1,1,0,0.3096663
555,0,1,1,1.7052774
556,0,0,0,0.20065567
557,1,1,0,0.48189494
558,1,0,1,2.0004048
559,0,0,0,0.38473335
560,1,1,0,0.23368531
562,0,0,0,0.2055901
563,0,0,0,0.19877516
564,0,0,0,0.22472826
565,1,1,0,0.33053917
566,0,0,0,0.19795416
567,1,1,0,0.23524746
568,1,1,0,0.24520439
569,1,0,1,1.5138144
570,1,1,0,0.96707475
571,1,1,0,0.2449784
572,0,0,0,0.27828503
573,0,0,0,0.19227788
575,1,1,0,0.23591413
576,1,1,0,0.24654652
577,0,0,0,0.04085709
578,0,0,0,0.2070537
579,1,1,0,0.30323914
580,1,1,0,0.21444733
581,1,1,0,0.12257676
582,1,1,0,0.25762662
583,1,1,0,0.23927592
584,0,0,0,0.18869315
585,0,0,0,0.10289224
586,1,0,1,1.5195894
587,1,1,0,0.3636808
588,0,1,1,1.6431122
589,1,0,1,0.87029076
590,1,1,0,0.2376926
591,0,0,0,0.22765434
592,0,0,0,0.21918446
593,0,0,0,0.20368055
594,1,1,0,0.2542747
595,0,0,0,0.20431264
596,1,1,0,0.24216749
597,0,1,1,0.6109895
598,1,1,0,0.9520478
599,0,0,0,0.21521674
600,0,1,1,1.6610147
601,0,0,0,0.32322294
602,0,1,1,1.6496388
603,1,1,0,0.24735267
605,1,1,0,0.3871325
606,1,1,0,0.25106812
607,1,1,0,0.13998072
608,0,1,1,1.7131196
609,1,1,0,0.20279662
610,1,1,0,0.25983185
611,1,1,0,1.1343844
612,0,0,0,0.15494621
613,0,1,1,1.3187754
614,0,0,0,0.21297373
615,1,0,1,1.5509144
616,1,1,0,0.2594852
617,1,1,0,0.05632036
618,0,0,0,0.20139003
619,0,0,0,0.22459723
620,0,0,0,0.20850897
621,0,0,0,0.36842123
622,0,0,0,0.12962855
623,0,0,0,0.073185734
624,0,0,0,0.36613756
625,0,0,0,0.20116407
626,1,1,0,0.5813163
627,1,1,0,0.69639003
628,0,1,1,0.5372233
629,0,1,1,1.6779375
630,1,1,0,0.3616569
631,1,1,0,0.239314
632,0,0,0,0.119356304
633,1,1,0,0.23046805
634,0,0,0,0.135288
635,1,0,1,1.6302862
636,1,1,0,0.093201876
637,1,0,1,1.6099955
638,1,1,0,0.23220308
639,1,1,0,0.27176657
640,1,0,1,1.9025857
641,0,0,0,0.2034561
642,1,1,0,0.23486872
643,0,0,0,0.2205282
644,1,1,0,0.26085865
645,1,1,0,0.36776075
646,0,0,0,0.20327447
647,0,0,0,0.8847228
648,1,1,0,0.2475073
649,0,0,0,0.18667257
650,0,0,0,0.21780123
651,0,1,1,1.6864022
652,1,1,0,0.2326881
653,1,1,0,0.1344756
654,0,1,1,1.6663764
655,1,1,0,0.26377073
656,0,0,0,0.3928388
657,1,1,0,0.24831195
658,0,0,0,0.16787256
659,0,0,0,0.20857315
660,1,0,1,0.5976725
661,1,1,0,0.19306043
662,0,1,1,0.88787407
663,0,1,1,1.7114854
664,0,0,0,0.22811173
665,1,1,0,0.2803096
666,0,1,1,1.6837438
667,0,1,1,1.6386971
668,1,1,0,0.27902728
669,0,1,1,0.73805803
670,0,1,1,1.6177047
671,0,0,0,0.22896267
672,0,0,0,0.20542035
673,1,1,0,0.10370963
674,1,0,1,1.4929526
675,1,1,0,0.30387944
676,0,1,1,1.5682743
677,1,0,1,1.5162247
678,1,1,0,0.24729618
679,0,0,0,0.035057925
680,0,0,0,0.19805743
681,0,0,0,0.20398858
682,1,1,0,0.22822012
683,0,0,0,0.21155503
684,0,0,0,0.21755277
685,0,0,0,0.29294717
686,1,0,1,1.5347373
687,0,0,0,0.23533621
688,1,0,1,0.60398406
689,0,0,0,0.088105306
690,0,1,1,1.6423633
691,1,1,0,0.3538384
692,0,1,1,1.667955
693,0,0,0,0.22265698
694,1,1,0,0.24931256
695,0,0,0,0.20585234
696,0,0,0,0.20431603
697,1,1,0,0.25001308
698,1,1,0,0.23366576
699,1,1,0,0.25638813
700,0,0,0,0.30164486
701,0,0,0,0.7817172
702,1,1,0,0.26442525
703,0,0,0,0.060900472
704,0,0,0,0.21069723
705,1,1,0,0.2511032
706,0,0,0,0.19921538
707,0,1,1,1.6626861
708,0,0,0,0.18203229
709,1,0,1,0.6457372
711,0,0,0,0.23373869
712,0,1,1,1.6790236
713,1,1,0,0.30082756
715,0,0,0,0.04811562
716,0,0,0,0.18374513
717,0,0,0,0.4336588
718,0,0,0,0.7362982
719,1,1,0,0.4978472
720,0,0,0,0.4066919
722,1,1,0,0.25140092
723,0,0,0,1.0613477
724,0,0,0,0.18894167
725,1,1,0,0.2529439
726,0,1,1,0.92268425
727,0,0,0,0.22179233
728,1,0,1,1.5228078
729,0,0,0,0.8434535
730,1,1,0,0.24546216
731,0,0,0,0.23379317
732,1,0,1,1.4070088
733,1,1,0,0.24644198
734,1,1,0,0.2466501
735,0,0,0,0.23474231
736,1,1,0,0.2501178
737,1,0,1,1.8320972
738,0,0,0,0.19470555
739,0,0,0,0.22043565
740,0,0,0,0.18905269
741,0,0,0,0.18501665
742,0,1,1,1.618683
743,1,1,0,0.16278633
744,1,1,0,0.16383667
745,1,0,1,1.540379
746,0,0,0,0.19808401
747,0,0,0,0.3436124
748,0,0,0,0.20373198
749,0,1,1,1.9111341
750,1,1,0,1.1704402
751,0,0,0,0.19453186
752,0,1,1,1.8488052
753,1,1,0,0.21654491
754,0,0,0,0.27245662
755,0,0,0,0.21870464
756,0,0,0,0.08104459
757,1,1,0,0.24509056
759,1,1,0,0.25233248
760,1,1,0,0.38783085
761,0,0,0,0.28149915
762,0,0,0,0.20911036
763,0,0,0,0.5013595
764,0,0,0,0.30296198
765,0,1,1,1.6776812
766,0,0,0,0.31020397
767,1,0,1,0.87813765
768,0,0,0,0.20568755
769,1,0,1,1.8399401
770,1,1,0,0.24583657
771,0,0,0,0.22410029
772,0,0,0,0.21233033
774,1,1,0,0.2439628
775,0,0,0,0.26886508
776,1,1,0,0.17092225
777,1,1,0,0.23416062
778,0,0,0,0.1932208
779,1,1,0,0.25569704
780,0,0,0,0.3942188
781,1,1,0,0.2638893
782,1,1,0,0.25233972
784,0,0,0,0.21894544
785,0,0,0,0.22788899
786,1,1,0,0.25883216
787,0,0,0,0.22219001
788,1,0,1,1.0332565
789,0,1,1,1.2923511
790,0,0,0,0.51631
791,1,1,0,0.13997409
792,1,1,0,0.45627174
793,1,0,1,1.1311219
794,0,0,0,0.036881443
795,1,1,0,0.24558647
797,0,0,0,0.18731935
798,1,1,0,0.22730643
799,0,0,0,0.2246796
800,0,0,0,0.96419716
801,1,1,0,0.4727978
802,1,1,0,0.2400228
803,0,0,0,0.22960314
804,0,0,0,0.2120752
805,1,1,0,0.2771728
806,1,1,0,0.2593054
807,1,1,0,0.2647872
808,0,0,0,0.21849725
809,0,0,0,0.25253356
810,1,1,0,0.2518577
811,0,0,0,0.1856547
812,1,0,1,1.5199851
813,0,0,0,0.35523164
814,0,0,0,0.21388015
815,0,0,0,0.14179873
817,1,1,0,0.24013737
818,1,1,0,0.21399258
820,1,1,0,0.36414522
821,0,0,0,0.20881583
822,1,1,0,0.3038219
823,1,1,0,0.14795227
824,0,1,1,1.1075346
825,0,0,0,0.20593064
826,0,0,0,0.23064716
827,1,1,0,0.9296136
828,1,1,0,0.1220312
829,1,0,1,1.5429524
830,0,1,1,1.0814259
831,1,1,0,0.2429285
832,0,0,0,0.2766987
833,1,1,0,0.25693613
834,1,1,0,0.24010369
835,0,0,0,0.20058201
836,0,0,0,0.19775042
837,1,1,0,0.24149394
838,0,0,0,0.20877858
839,0,0,0,0.2122852
840,1,0,1,1.5155354
841,0,0,0,0.20055822
842,0,0,0,0.21473752
843,1,0,1,1.1792847
845,1,0,1,1.5351751
846,0,1,1,1.1276191
847,0,0,0,0.20001854
848,1,0,1,1.5916785
849,1,1,0,0.28842533
851,0,0,0,0.19036381
852,1,1,0,0.20516431
853,0,0,0,0.10442929
854,1,1,0,0.22710876
855,0,0,0,0.5824178
856,1,0,1,0.8882489
857,0,0,0,0.2685703
858,1,1,0,0.25971243
859,1,1,0,0.19593363
860,1,1,0,0.25453183
861,0,0,0,0.24288023
862,1,1,0,0.24631163
863,1,1,0,0.22717908
864,0,0,0,0.23556343
865,0,0,0,0.17949133
866,1,0,1,1.5651298
867,0,0,0,0.20580497
868,0,1,1,1.6412816
869,0,0,0,0.23069894
870,1,0,1,2.1830807
871,0,0,0,0.19953395
872,0,0,0,0.20131965
873,0,0,0,0.20547111
874,0,0,0,0.19410682
875,0,1,1,2.2160485
876,0,1,1,1.7491248
878,1,1,0,0.23139456
879,0,1,1,1.6773041
880,1,1,0,0.2506122
881,1,1,0,0.24005401
882,0,1,1,1.2017362
883,0,1,1,1.0388197
884,0,0,0,0.20775262
885,1,1,0,0.24042657
886,0,0,0,0.18593445
887,1,0,1,1.27361
888,1,1,0,0.24681479
889,0,0,0,0.2144636
890,1,0,1,1.0708892
891,0,0,0,0.21843556
892,1,1,0,0.23291941
893,1,0,1,1.5144526
894,0,1,1,1.6444943
895,0,0,0,0.24868062
896,1,1,0,0.24296944
897,1,1,0,0.24483292
898,0,0,0,0.11613605
899,1,0,1,1.4583575
900,0,0,0,0.20500071
901,0,1,1,1.7010704
902,0,0,0,0.19019824
903,1,1,0,0.16499144
904,1,1,0,0.2577769
905,0,0,0,0.9540453
906,0,0,0,0.20704171
907,0,0,0,0.80333215
908,1,0,1,1.3563533
910,0,0,0,0.20888226
911,1,1,0,0.2493722
913,0,0,0,0.21631323
914,1,1,0,0.39278343
915,1,1,0,0.25021476
916,0,0,0,0.67882717
918,1,1,0,0.267079
919,0,0,0,0.4131297
920,1,1,0,0.25941157
921,1,0,1,1.5235066
922,1,1,0,0.172185
924,1,1,0,0.1923908
925,0,0,0,0.31970596
926,1,0,1,1.5116315
927,1,1,0,0.2750011
928,0,1,1,0.5077612
929,0,1,1,2.0395415
930,1,0,1,1.5422317
931,0,1,1,1.7378366
932,1,1,0,0.23459741
933,1,1,0,0.33665407
934,1,0,1,1.5435612
935,0,0,0,1.0828174
936,0,1,1,1.6536261
937,1,0,1,1.8181701
938,0,0,0,0.20915513
939,0,0,0,0.93094444
940,1,1,0,0.23995632
941,1,1,0,0.27686125
942,0,0,0,0.21017846
943,1,1,0,0.1277319
944,0,1,1,2.0102339
945,1,1,0,0.24891207
946,1,1,0,0.122366674
947,1,1,0,0.25788873
948,0,1,1,1.6382811
949,0,0,0,0.69106156
950,0,0,0,0.19711272
952,1,0,1,1.7276402
953,0,0,0,0.22089319
954,0,0,0,0.40264764
955,0,1,1,1.609427
957,0,0,0,0.21005365
958,1,1,0,0.23921004
959,1,0,1,2.4490843
960,0,0,0,0.14654991
961,1,1,0,0.16404895
962,0,0,0,0.100013204
964,0,1,1,0.6065887
965,0,0,0,0.31925318
966,0,0,0,0.19979618
967,1,0,1,2.0001197
968,0,0,0,0.20559312
969,0,0,0,0.0579304
970,0,0,0,0.2904518
972,0,1,1,1.6292012
973,0,0,0,0.19616485
974,1,1,0,0.2192663
975,0,1,1,1.6525406
976,0,0,0,0.2160913
977,1,1,0,0.23810239
978,1,1,0,0.13027151
979,1,1,0,0.16471072
980,1,1,0,0.5347911
981,0,1,1,1.2686069
982,0,0,0,0.32855114
984,0,0,0,0.25742576
985,1,1,0,0.23640081
986,0,0,0,0.30874455
987,1,1,0,0.22097024
988,1,1,0,0.5532862
989,1,0,1,0.67113954
990,1,1,0,0.23870312
992,1,0,1,1.5285794
993,0,0,0,0.18112372
994,1,1,0,0.2885192
995,1,1,0,0.18131326
996,1,1,0,0.23360093
997,0,0,0,0.37783855
998,0,0,0,0.21820383
999,1,0,1,1.5508243
1000,0,0,0,0.4549862
1003,1,0,1,1.5405183
1004,1,1,0,0.42370698
1005,0,0,0,0.19457051
1006,0,0,0,0.23295736
1007,1,0,1,1.559203
1009,1,1,0,0.3184858
1010,0,0,0,0.20598322
1011,0,1,1,1.6830379
1012,0,1,1,1.2619357
1013,1,1,0,0.23223007
1014,0,0,0,0.2670971
1015,0,0,0,0.20264147
1017,0,0,0,0.21917564
1018,1,1,0,0.4457109
1019,1,1,0,0.24803786
1020,0,0,0,0.19755143
1022,0,0,0,0.14417833
1023,1,1,0,0.35083345
1024,0,0,0,0.20947869
1025,0,1,1,1.6119756
1026,0,0,0,0.34718257
1027,0,1,1,0.7630422
1028,1,1,0,0.24185623
1029,0,0,0,0.25874656
1030,1,1,0,0.24048696
1031,0,0,0,0.18743035
1033,1,1,0,0.5459123
1034,0,0,0,0.19716586
1035,1,1,0,0.25519794
1036,1,1,0,0.21035314
1037,0,0,0,0.22614814
1038,1,0,1,1.0020225
1039,0,0,0,0.27681875
1040,1,1,0,0.24404612
1042,1,1,0,0.23991908
1043,0,0,0,0.347761
1044,0,0,0,0.2391083
1045,1,0,1,1.593685
1046,0,0,0,0.39345053
1047,1,0,1,1.4973726
1048,0,0,0,0.2810422
1049,1,1,0,0.17985378
1050,0,0,0,0.22723511
1051,0,1,1,1.646773
1052,1,0,1,1.4822403
1053,0,0,0,0.20870358
1054,1,1,0,0.116714664
1056,1,1,0,0.29737473
1057,0,1,1,0.7541557
1058,0,0,0,0.19444008
1059,1,1,0,0.6516521
1060,1,1,0,0.22422108
1061,1,1,0,0.2585322
1062,1,1,0,0.23165916
1063,1,0,1,0.69408435
1064,0,0,0,0.6983694
1065,1,1,0,1.109145
1066,0,0,0,0.18901421
1067,1,1,0,0.5649748
1068,0,0,0,0.2235156
1069,1,0,1,1.6199459
1071,1,0,1,1.7155795
1072,1,1,0,0.27454564
1073,1,1,0,0.22836612
1074,1,1,0,0.1829415
1075,1,1,0,0.13593294
1076,0,0,0,0.13453135
1077,1,1,0,1.0781502
1078,1,0,1,1.5553327
1079,1,0,1,1.562678
1080,1,1,0,0.25212795
1081,0,0,0,0.28940922
1082,1,1,0,0.21189603
1083,1,1,0,0.1729925
1084,0,1,1,1.6591492
1085,1,1,0,0.24186201
1086,0,0,0,0.17846012
1087,0,0,0,0.17876104
1088,0,0,0,0.42089388
1089,0,0,0,0.21364057
1091,0,0,0,0.2260042
1092,1,0,1,1.8078516
1093,1,1,0,0.25147983
1094,1,1,0,0.23107387
1095,1,1,0,0.23931307
1096,1,1,0,0.58054245
1097,1,1,0,0.2374498
1099,0,0,0,0.2174633
1101,0,0,0,0.18407749
1102,1,1,0,0.16439441
1103,1,1,0,0.5543105
1104,0,0,0,0.3091618
1105,0,1,1,2.0049376
1106,0,0,0,0.22047801
1107,0,0,0,0.19309941
1108,0,0,0,0.24445008
1109,0,0,0,0.22071798
1110,0,0,0,0.21077384
1111,0,1,1,1.671316
1112,1,0,1,1.5644919
1113,0,1,1,1.6846328
1114,1,1,0,0.2495175
1115,1,1,0,0.23130128
1117,1,1,0,0.26507598
1118,1,1,0,0.5882163
1119,1,1,0,0.24163164
1120,0,0,0,0.20150308
1121,1,1,0,0.23734504
1122,0,0,0,0.21345031
1123,1,1,0,0.24056129
1124,0,0,0,0.20897293
1125,0,0,0,0.203016
1126,0,0,0,0.226365
1127,0,0,0,0.19642428
1128,0,1,1,1.7496805
1129,1,1,0,0.23997778
1130,0,0,0,0.050190587
1131,1,0,1,1.7387974
1132,0,1,1,1.4872708
1133,1,1,0,0.24902116
1135,1,0,1,1.5394607
1136,0,0,0,0.43198875
1137,1,0,1,1.546829
1138,1,0,1,1.4705975
1139,0,0,0,0.76581055
1140,0,0,0,0.8296434
1141,1,1,0,0.33391285
1142,1,1,0,0.2534256
1144,1,1,0,0.25664788
1146,0,0,0,0.25157103
1147,1,1,0,0.33610395
1149,0,0,0,0.20244981
1150,1,1,0,0.23422295
1151,1,0,1,1.539534
1152,0,1,1,1.5902216
1153,0,0,0,0.20741242
1154,0,0,0,0.21190973
1155,1,1,0,0.2442269
1156,1,0,1,0.8806785
1157,1,1,0,0.3066923
1158,0,0,0,0.19845107
1160,1,1,0,0.25213158
1161,1,1,0,0.37919977
1162,1,1,0,0.23005491
1163,0,0,0,0.18722555
1164,1,1,0,0.25665212
1165,0,0,0,0.21193893
1166,0,1,1,1.6492076
1167,1,0,1,1.5733111
1169,1,1,0,0.24333137
1171,0,0,0,0.1800213
1174,0,0,0,0.28965828
1175,1,0,1,1.599136
1176,1,0,1,1.6858118
1177,0,1,1,1.7130263
1178,0,0,0,0.54013693
1179,1,1,0,0.24003369
1180,1,1,0,0.24052325
1181,1,1,0,0.25104356
1182,0,0,0,0.2314812
1183,1,1,0,0.24435781
1185,0,0,0,0.20792557
1186,0,0,0,0.35008338
1187,1,1,0,0.6390487
1188,0,0,0,0.3057173
1189,1,1,0,0.40874094
1190,0,0,0,0.22191645
1192,0,0,0,0.23517856
1193,0,0,0,0.39906588
1194,1,0,1,1.5362883
1195,1,1,0,0.24972703
1196,0,0,0,0.15243573
1197,0,0,0,0.66147107
1198,1,1,0,0.46316534
1199,0,0,0,0.16484064
1200,0,0,0,0.21488209
1201,0,0,0,0.18439229
1203,1,1,0,0.24718168
1204,1,1,0,0.23170759
1205,0,0,0,0.4748278
1206,1,1,0,0.23515655
1207,1,1,0,0.25191042
1208,1,1,0,0.25410727
1209,1,1,0,0.104133286
1211,0,1,1,1.6287057
1213,1,1,0,0.24751605
1215,1,1,0,0.24278691
1216,0,1,1,1.6786827
1218,0,1,1,1.635367
1219,1,1,0,0.19056836
1220,1,0,1,1.482388
1221,1,1,0,0.25227377
1222,0,0,0,0.19240506
1223,0,0,0,0.29727438
1224,0,1,1,1.0580895
1225,0,0,0,0.20541628
1226,0,0,0,0.5882246
1227,0,1,1,1.6663555
1228,1,1,0,0.107488394
1229,0,0,0,0.16816571
1230,1,1,0,0.24833363
1231,0,1,1,1.5873517
1232,1,1,0,0.23702891
1233,1,1,0,0.24908854
1234,1,1,0,0.24564944
1235,1,0,1,1.5356696
1236,1,1,0,0.3422556
1237,0,0,0,0.20599195
1238,1,1,0,0.16531363
1239,1,1,0,0.24496765
1240,1,1,0,0.25304848
1241,1,1,0,0.29063112
1242,1,1,0,0.4457022
1243,1,1,0,0.52786314
1244,1,1,0,0.83586085
1245,1,1,0,0.30617175
1246,0,1,1,1.3872875
1248,1,0,1,1.6462443
1249,1,1,0,0.36094195
1250,0,0,0,0.21301505
1251,1,1,0,0.24532674
1252,0,0,0,0.46202347
1253,0,0,0,0.22609901
1254,0,0,0,0.25168046
1255,1,0,1,1.5030478
1256,1,1,0,0.2490762
1257,1,1,0,0.25514746
1260,0,0,0,0.59119606
1261,0,0,0,0.20947869
1262,0,0,0,0.46149558
1264,1,0,1,1.3379793
1265,0,0,0,0.19724995
1267,0,1,1,1.7252089
1270,0,0,0,1.1351366
1271,1,1,0,0.21984477
1273,1,1,0,0.23587985
1274,1,1,0,0.23648551
1275,1,1,0,0.20653014
1276,0,0,0,0.20609973
1277,0,0,0,0.2740789
1278,0,0,0,0.20746872
1279,0,0,0,0.21349585
1280,1,0,1,1.4265454
1281,1,1,0,0.1916722
1282,1,1,0,0.68572193
1283,0,1,1,1.6374838
1284,0,0,0,0.19994995
1285,1,1,0,0.27452922
1287,1,1,0,0.23512733
1288,0,1,1,2.1778762
1289,1,0,1,2.217832
1290,1,0,1,1.5737618
1291,1,1,0,0.19925757
1292,1,1,0,0.25401443
1293,1,1,0,0.17857648
1294,1,1,0,0.2505788
1295,0,0,0,0.20932764
1296,0,0,0,0.23059121
1297,1,0,1,1.5323771
1298,0,0,0,0.21093643
1299,1,1,0,0.25067526
1300,0,0,0,0.20780355
1301,0,0,0,0.3185026
1302,0,0,0,0.21875705
1303,0,0,0,0.22260019
1304,0,0,0,0.21098392
1305,0,0,0,0.54752076
1306,1,1,0,0.23761787
1307,1,1,0,0.4714287
1308,0,0,0,0.19005926
1309,1,0,1,1.5489596
1310,0,1,1,1.371583
1311,1,1,0,0.17630841
1313,1,1,0,0.264829
1314,0,1,1,1.6783475
1315,0,1,1,1.7055147
1316,0,1,1,1.8365422
1317,1,0,1,1.468051
1319,0,0,0,0.19905362
1320,0,0,0,0.5135751
1321,0,0,0,0.2163908
1323,1,1,0,0.30692524
1324,0,1,1,1.6953259
1325,0,0,0,0.19527625
1326,0,1,1,1.6814948
1327,1,1,0,0.24145983
1328,1,1,0,0.24212405
1329,0,0,0,0.25391492
1330,0,0,0,0.44724047
1331,1,1,0,0.24191931
1332,1,1,0,0.22475854
1333,0,0,0,0.20995992
1334,0,0,0,0.2378567
1335,1,1,0,0.36274692
1336,0,0,0,0.21874069
1337,0,0,0,0.43357047
1338,0,0,0,0.24525839
1339,0,0,0,0.20406255
1340,0,1,1,1.5983704
1341,1,1,0,0.22182605
1342,0,0,0,0.2109614
1343,1,1,0,0.24706511
1344,0,0,0,0.19906983
1345,1,1,0,0.23968151
1346,1,0,1,1.9349052
1347,1,0,1,1.5284963
1348,0,0,0,0.21841063
1349,0,0,0,0.09791596
1350,1,1,0,0.24232973
1351,0,0,0,0.23648869
1352,0,1,1,1.6312022
1353,0,0,0,0.293095
1354,1,1,0,0.23116365
1355,1,0,1,1.5235507
1356,0,0,0,0.2904353
1359,0,0,0,0.45337847
1360,0,0,0,1.0519444
1361,0,0,0,0.19834128
1362,1,0,1,1.8334141
1363,1,1,0,0.23309383
1364,0,0,0,0.20747618
1365,1,0,1,1.5383623
1367,0,0,0,0.25778925
1368,1,0,1,1.0317717
1369,1,1,0,0.23423181
1370,1,1,0,0.23244528
1371,1,1,0,0.23419231
1372,0,0,0,0.1925925
1373,1,1,0,0.2588419
1374,1,1,0,0.29506224
1375,1,1,0,0.13886754
1376,1,1,0,0.11291307
1377,1,1,0,0.2381102
1379,0,0,0,0.32736096
1380,0,0,0,0.25410876
1381,1,1,0,0.13851275
1382,1,1,0,0.2198228
1383,1,1,0,0.15888748
1384,1,1,0,0.24340306
1385,1,1,0,0.26392117
1386,1,0,1,1.4925666
1387,1,1,0,0.23864718
1388,1,1,0,0.63065475
1389,1,0,1,0.9384044
1390,0,1,1,1.7453973
1391,1,1,0,0.7226945
1392,1,1,0,0.13392846
1393,0,0,0,0.18810762
1394,1,1,0,0.2486123
1395,1,0,1,2.3509104
1396,0,1,1,1.7204195
1397,1,1,0,0.24120605
1398,0,1,1,0.86044264
1399,1,1,0,0.16882291
1400,0,0,0,0.08011372
1401,0,0,0,0.20217665
1402,0,0,0,0.64267176
1403,0,1,1,0.89042944
1404,0,0,0,0.22979243
1405,1,1,0,0.5898652
1406,0,0,0,0.20013802
1407,0,0,0,0.13516481
1408,0,0,0,0.2140874
1409,1,1,0,0.29589748
1410,0,0,0,0.29071414
1411,1,1,0,0.1250875
1412,1,1,0,0.23066288
1413,0,0,0,0.22186919
1414,0,0,0,0.2741477
1415,1,1,0,0.22939987
1416,1,1,0,0.1911156
1417,1,1,0,0.14744866
1418,0,0,0,0.21148074
1419,1,1,0,0.2527841
1420,1,1,0,0.22863004
1421,1,1,0,0.2426154
1422,1,1,0,0.19496563
1423,1,1,0,0.14659348
1424,0,0,0,0.354654
1425,0,0,0,0.21437874
1426,1,1,0,0.12195386
1427,1,0,1,1.5324723
1428,0,0,0,0.2743464
1429,0,0,0,0.30629945
1430,0,0,0,0.16682865
1431,0,0,0,0.2149464
1433,1,1,0,0.24755979
1434,1,1,0,0.24348548
1435,0,0,0,0.23257774
1436,0,1,1,1.8861523
1437,1,1,0,0.22374885
1438,1,1,0,0.19300577
1439,0,0,0,0.20719345
1440,0,1,1,1.0082018
1441,0,0,0,0.5069549
1442,1,1,0,0.88105696
1445,0,0,0,0.21067612
1446,1,1,0,0.2552397
1447,1,0,1,1.5285269
1448,1,0,1,1.4368536
1449,1,1,0,0.24339625
1450,1,1,0,0.24520418
1451,1,0,1,1.6212987
1452,0,0,0,0.19342887
1453,1,1,0,0.17487614
1454,0,0,0,0.18665032
1455,1,1,0,0.28106415
1456,1,1,0,0.51681805
1457,1,1,0,0.13222466
1458,1,1,0,0.22593829
1459,1,0,1,1.5287176
1461,1,1,0,0.22286446
1462,1,1,0,0.17291187
1463,0,0,0,0.20653394
1464,0,0,0,0.36700562
1465,1,1,0,0.24120624
1466,1,0,1,1.532147
1467,1,1,0,0.17036332
1468,0,0,0,0.28637707
1469,1,1,0,0.24130411
1470,0,0,0,0.20949703
1471,0,1,1,1.3332169
1472,0,0,0,0.22625436
1473,0,0,0,0.27897775
1474,1,0,1,1.4934694
1475,1,1,0,0.23236734
1476,1,1,0,0.24798751
1477,0,0,0,0.19688551
1478,0,0,0,0.21070789
1479,0,0,0,0.12548222
1480,0,0,0,0.21940254
1481,0,0,0,0.20139392
1482,0,0,0,0.20449269
1483,1,1,0,0.23924063
1484,0,0,0,0.20570055
1485,1,1,0,0.37485328
1486,1,1,0,0.24491328
1487,0,0,0,0.2795208
1488,0,0,0,0.4786806
1489,1,1,0,0.25552875
1490,0,0,0,0.1720764
1491,0,0,0,0.22869623
1492,1,0,1,1.4998437
1493,0,0,0,0.2078756
1494,1,1,0,0.16906396
1495,1,1,0,0.21532632
1496,0,0,0,0.13757218
1497,0,0,0,0.26796383
1498,0,0,0,0.18598917
1499,0,0,0,0.29506242
1500,0,0,0,0.27185568
1501,0,0,0,0.19872257
1502,0,0,0,0.14285739
1503,1,1,0,0.23286842
1504,0,0,0,0.1946133
1505,0,0,0,0.30004686
1506,1,1,0,0.31119803
1507,0,0,0,0.17114489
1508,0,0,0,0.38338968
1509,0,0,0,0.20008814
1510,0,0,0,0.20805123
1511,1,0,1,1.3155012
1512,0,0,0,0.20293608
1513,0,0,0,0.20568474
1514,0,1,1,1.7127786
1515,0,0,0,0.2108892
1516,0,0,0,0.5002079
1517,0,0,0,0.10720594
1518,1,1,0,0.24434847
1519,0,0,0,0.11359049
1520,1,1,0,0.26346308
1521,0,0,0,0.4034147
1522,1,1,0,0.23701085
1523,1,1,0,0.10260526
1524,1,1,0,0.27182472
1525,0,0,0,0.21652223
1526,1,1,0,0.11524889
1527,0,0,0,0.19630145
1528,1,1,0,0.7640186
1529,0,0,0,0.07900035
1530,0,0,0,0.208557
1531,0,0,0,0.21644418
1532,0,0,0,0.20085919
1533,1,1,0,0.8763832
1534,0,0,0,0.21408467
1535,1,0,1,1.9646152
1536,1,1,0,0.23566139
1537,0,1,1,1.6855397
1538,1,1,0,0.2216784
1539,1,1,0,0.24393654
1540,0,0,0,0.19665825
1541,1,1,0,0.2465495
1542,0,1,1,1.4700713
1543,0,0,0,0.20859367
1544,0,0,0,0.20972794
1545,1,1,0,0.23886539
1546,0,0,0,0.21518664
1547,1,1,0,0.25229084
1548,1,1,0,0.19396517
1549,0,0,0,0.21399088
1550,0,0,0,0.20940143
1551,1,1,0,0.24609607
1552,1,1,0,0.12199829
1554,1,0,1,1.5929539
1555,0,1,1,1.6571826
1556,0,0,0,0.41110295
1557,0,0,0,0.4224112
1558,1,0,1,1.1634997
1559,0,1,1,1.6410875
1560,1,0,1,1.5616312
1561,1,1,0,0.14660059
1562,0,0,0,0.19325969
1563,0,0,0,0.19960748
1564,0,0,0,0.46391976
1565,0,1,1,0.8783427
1566,0,0,0,0.18077533
1567,0,0,0,0.12908974
1568,1,1,0,0.23936449
1569,0,1,1,1.4590329
1570,0,1,1,1.7217342
1572,1,1,0,0.23467888
1573,0,0,0,0.6313553
1575,1,1,0,0.25760967
1576,0,0,0,0.20090054
1578,0,0,0,0.21010469
1579,1,0,1,1.5279648
1580,1,1,0,0.24510485
1581,1,0,1,0.73517597
1582,0,0,0,0.20474012
1583,1,1,0,0.25081852
1584,1,1,0,0.25430664
1585,0,0,0,0.54832715
1586,0,0,0,0.21946783
1587,1,1,0,0.1268052
1588,0,0,0,0.2184252
1589,0,0,0,0.09931552
1590,0,0,0,0.21048266
1591,1,1,0,0.2562062
1592,0,0,0,1.2251202
1593,1,1,0,0.20703568
1594,1,1,0,0.25518864
1595,0,0,0,0.19897476
1596,0,0,0,0.13023667
1597,1,0,1,1.5280564
1598,0,0,0,0.48533577
1599,0,0,0,0.3323058
1600,1,1,0,0.25383714
1601,0,0,0,0.1450785
1602,1,1,0,0.24328409
1603,0,0,0,0.21638726
1604,1,1,0,0.2577921
1605,0,0,0,0.20321769
1606,0,1,1,1.6924145
1607,1,1,0,0.24411103
1608,0,0,0,0.20369758
1609,1,1,0,0.23302706
1610,0,0,0,0.120602034
1611,0,0,0,0.22594248
1613,0,1,1,1.9135596
1614,1,1,0,0.65846395
1615,0,0,0,0.15819865
1616,1,1,0,0.16317484
1617,0,0,0,0.22326285
1618,1,1,0,0.2891084
1619,1,1,0,0.25973615
1620,1,1,0,0.24158682
1622,0,0,0,0.19661145
1623,1,1,0,0.25365347
1624,1,0,1,1.4874257
1625,0,0,0,0.20120502
1626,0,0,0,0.20925406
1627,1,1,0,0.26601574
1628,1,1,0,0.24420859
1630,1,1,0,0.2279264
1631,0,1,1,1.3342557
1633,0,0,0,0.22143501
1634,1,1,0,0.3925424
1637,0,0,0,0.12357989
1638,0,0,0,0.20290016
1640,1,1,0,0.6540879
1641,0,0,0,0.21041209
1642,1,1,0,0.300786
1646,0,0,0,0.12430183
1647,1,1,0,0.2746954
1648,0,0,0,0.2118667
1649,1,1,0,0.19880143
1650,1,1,0,0.23476581
1651,1,1,0,0.15018989
1652,1,1,0,0.13523218
1653,0,1,1,1.8063818
1654,0,0,0,0.18192452
1655,1,1,0,0.2764396
1656,0,0,0,0.04991743
1657,1,1,0,0.2531166
1658,1,1,0,0.24575518
1659,1,1,0,0.1897912
1660,0,0,0,0.20944048
1661,1,1,0,0.25522837
1662,1,1,0,0.24798937
1663,1,1,0,0.19903769
1665,0,0,0,0.3995606
1666,0,0,0,0.21339184
1667,1,1,0,0.19208321
1668,1,1,0,0.25777662
1669,1,1,0,0.23817822
1672,1,1,0,0.2478263
1673,0,1,1,1.7270751
1674,0,0,0,0.21143413
1675,0,0,0,0.19538006
1676,0,0,0,0.512745
1677,1,1,0,0.25454462
1678,0,0,0,0.21586712
1679,0,0,0,0.2865177
1680,0,0,0,0.20728658
1682,1,0,1,1.5195615
1683,0,0,0,0.22324608
1684,0,0,0,0.19032861
1685,0,0,0,0.32249096
1686,0,0,0,0.2730593
1688,0,0,0,0.43134633
1689,1,0,1,2.11179
1690,1,1,0,0.24336721
1691,1,0,1,0.9477629
1692,0,0,0,0.20998167
1693,0,0,0,0.4271199
1694,0,0,0,0.22648783
1695,0,1,1,1.6825229
1696,1,1,0,0.25206524
1697,0,0,0,0.27960274
1698,1,1,0,0.23994629
1699,0,0,0,0.30868354
1700,0,1,1,1.5863736
1701,0,0,0,0.54192173
1704,0,0,0,0.89989674
1705,1,1,0,0.25273043
1706,0,0,0,0.21513775
1707,1,1,0,0.38434577
1708,0,0,0,0.46003306
1709,0,0,0,0.20970121
1712,1,1,0,0.22073185
1713,1,1,0,0.23480774
1716,1,1,0,0.38877
1718,0,0,0,0.09964034
1719,0,0,0,0.17370878
1720,1,1,0,0.24939378
1721,1,1,0,0.23795299
1722,0,1,1,1.6419561
1723,0,0,0,0.23375656
1724,1,0,1,2.0495825
1725,1,1,0,0.18526362
1726,0,0,0,0.40369424
1727,1,1,0,0.25353923
1728,1,1,0,0.19908595
1729,0,0,0,0.2205766
1730,0,0,0,0.2643968
1731,0,0,0,0.44846192
1733,0,0,0,0.2312467
1735,0,0,0,0.3100071
1736,1,0,1,1.5378935
1737,0,1,1,0.68438166
1739,0,1,1,1.5938854
1740,0,0,0,0.18529996
1741,1,1,0,0.25916559
1742,1,1,0,0.25329393
1743,1,1,0,0.23777133
1744,0,0,0,0.05384135
1745,1,1,0,0.2479238
1746,1,1,0,0.2346094
1747,0,0,0,0.18537603
1748,0,0,0,0.32330692
1749,1,1,0,0.2500165
1750,0,0,0,0.18792193
1751,0,0,0,0.21186997
1752,1,1,0,0.23915786
1753,0,0,0,0.19688307
1754,0,0,0,0.19154477
1755,1,1,0,0.13676581
1757,1,1,0,0.14156492
1758,0,0,0,0.846442
1759,1,1,0,0.24394895
1760,1,1,0,0.2376859
1761,1,1,0,0.24010436
1762,1,1,0,0.24140657
1763,1,1,0,0.17298417
1764,1,1,0,0.18255045
1765,1,1,0,0.24284591
1766,0,0,0,0.22255878
1767,1,1,0,0.1453489
1769,0,1,1,2.4469213
1770,1,1,0,0.1472252
1771,0,0,0,0.20093545
1772,0,0,0,0.19727187
1773,1,0,1,1.5544108
1774,0,1,1,1.8114501
1775,1,1,0,0.237514
1776,1,0,1,1.066335
1777,1,1,0,0.23663548
1778,1,1,0,0.23868793
1779,0,0,0,0.22854237
1780,0,0,0,0.18939553
1782,0,0,0,0.22168583
1783,1,1,0,0.23257163
1784,1,1,0,0.23046702
1785,1,1,0,0.20175253
1786,0,0,0,0.22884434
1787,1,1,0,0.2551651
1789,1,1,0,0.22528084
1790,1,0,1,1.5921143
1791,0,0,0,0.20208062
1792,1,1,0,0.23519392
1793,0,0,0,0.20272595
1794,1,1,0,0.19460888
1795,1,1,0,0.3946531
1797,0,0,0,0.21085744
1798,0,1,1,1.6448978
1799,1,1,0,0.55007637
1801,0,0,0,0.19960748
1802,1,1,0,0.2018074
1803,0,0,0,0.20833431
1805,0,0,0,0.38670406
1806,1,1,0,0.19380902
1807,0,1,1,2.223485
1808,0,0,0,0.20673315
1810,0,0,0,0.46738636
1811,0,0,0,0.30952784
1812,0,0,0,0.39717504
1813,1,1,0,0.31366098
1815,1,1,0,0.29844978
1816,0,0,0,0.25443876
1817,0,0,0,0.3441527
1818,1,1,0,0.25102586
1819,0,0,0,0.47632447
1820,1,1,0,0.78693503
1821,1,1,0,0.22164658
1822,1,1,0,0.2549505
1823,1,0,1,1.3753837
1824,0,1,1,1.6513982
1825,0,0,0,0.22556692
1826,0,1,1,1.6506319
1827,0,0,0,0.19984794
1828,0,0,0,0.12188294
1829,1,1,0,0.15495108
1830,0,0,0,0.29679802
1831,0,0,0,0.3887984
1832,0,0,0,0.098352656
1833,1,1,0,0.24213548
1834,0,0,0,0.21523057
1835,0,0,0,0.3044069
1836,0,0,0,0.16007082
1837,1,1,0,0.692065
1838,1,1,0,0.13925417
1839,0,0,0,0.20189087
1840,0,0,0,0.20397331
1841,1,1,0,0.2432595
1842,1,1,0,0.23376654
1843,0,0,0,0.28327224
1844,1,1,0,0.24666251
1845,1,0,1,1.8432621
1846,1,1,0,0.25017732
1847,0,0,0,0.21386428
1848,1,0,1,1.4849617
1849,1,1,0,0.23655693
1850,0,0,0,0.19385302
1851,0,0,0,0.35980833
1852,1,1,0,0.24827495
1853,0,0,0,0.28414991
1854,0,0,0,0.1933939
1856,1,1,0,0.4494227
1857,0,0,0,0.34835422
1858,0,0,0,0.20948079
1860,0,1,1,1.6529511
1862,1,1,0,0.12613352
1863,0,0,0,0.20160367
1864,0,0,0,0.19652614
1865,0,0,0,0.19483405
1866,0,0,0,0.21016486
1867,0,0,0,0.18794425
1868,1,1,0,0.23723044
1869,1,1,0,0.24336906
1870,0,0,0,0.21924008
1872,0,0,0,0.09020119
1874,1,1,0,0.25088966
1875,1,0,1,1.5347227
1876,1,1,0,0.2508776
1877,1,0,1,1.5803751
1878,1,1,0,0.19190544
1879,0,0,0,0.20138362
1880,0,0,0,0.21669905
1881,0,1,1,1.2888348
1882,0,0,0,0.28776115
1883,1,1,0,0.16054864
1884,0,0,0,0.21884708
1885,0,0,0,0.21150438
1886,0,0,0,0.27813396
1887,1,1,0,0.23891145
1888,0,1,1,1.6372606
1890,0,0,0,0.19223423
1891,0,0,0,1.1307824
1892,0,0,0,0.17015499
1893,0,1,1,1.6479887
1894,0,0,0,0.3902124
1895,1,1,0,0.25186574
1896,1,1,0,0.3585579
1897,1,1,0,0.2526368
1898,1,1,0,0.24083547
1899,1,1,0,0.24212821
1900,1,1,0,0.23917608
1901,0,1,1,1.9059262
1902,1,1,0,0.25343883
1903,1,1,0,0.24770989
1904,1,0,1,0.83679587
1905,1,1,0,0.5114497
1906,0,0,0,0.14320435
1907,0,0,0,0.36034387
1908,0,1,1,0.8770809
1909,0,0,0,0.21821944
1910,1,1,0,0.24509299
1911,0,0,0,0.21363024
1912,1,1,0,0.2522959
1913,0,0,0,0.19598566
1914,0,0,0,0.20781758
1915,1,1,0,0.24245584
1917,0,0,0,0.38345984
1918,1,1,0,0.14170976
1919,1,1,0,0.25468063
1922,1,1,0,0.2520271
1924,0,0,0,0.035084743
1925,1,1,0,0.6409808
1926,1,1,0,0.27720273
1927,0,0,0,0.2827809
1928,0,0,0,0.28638372
1929,1,1,0,0.23061773
1930,0,0,0,0.18407066
1931,0,0,0,0.22372386
1932,0,0,0,0.21038724
1933,1,0,1,1.7996951
1934,1,0,1,1.4821422
1935,0,1,1,1.7035961
1936,0,0,0,0.21590601
1937,0,0,0,0.20646188
1938,1,0,1,0.87186587
1939,1,1,0,0.2532994
1940,1,1,0,0.25151402
1941,1,1,0,0.24047329
1942,0,1,1,0.64220786
1943,1,1,0,0.23203911
1944,1,1,0,0.36128923
1945,0,0,0,0.18973728
1946,0,0,0,0.23555966
1948,0,0,0,0.19952019
1949,1,1,0,0.2006147
1950,0,0,0,0.13003016
1951,1,1,0,0.13918239
1952,1,1,0,0.25268754
1953,1,1,0,0.17341384
1955,1,0,1,1.5201901
1956,1,0,1,1.4886843
1958,0,0,0,0.20659153
1959,0,0,0,0.2131425
1960,0,1,1,1.6465816
1961,0,0,0,0.22560614
1962,0,1,1,1.3544897
1963,0,1,1,0.48233366
1964,1,0,1,1.7221683
1965,0,0,0,0.20147929
1966,0,0,0,0.3058451
1967,1,1,0,0.24966805
1968,0,1,1,1.2717984
1969,1,1,0,0.24386173
1970,1,1,0,0.54799294
1972,1,1,0,0.23914
1973,1,1,0,1.6450055
1974,0,0,0,0.20710237
1975,0,0,0,0.67014307
1976,1,0,1,2.3388112
1977,1,1,0,0.24205501
1978,0,1,1,1.771836
1979,1,0,1,1.4993387
1980,1,1,0,0.15588668
1981,0,0,0,0.18948981
1982,0,0,0,0.19846483
1983,1,0,1,1.5694854
1984,0,0,0,0.20814021
1985,0,0,0,0.20443255
1986,1,1,0,0.25301093
1987,0,1,1,1.6312041
1988,0,0,0,0.091500394
1989,1,1,0,0.24855326
1990,0,1,1,1.7450333
1991,0,1,1,1.5888588
1992,1,0,1,1.5372037
1994,1,0,1,1.5418537
1995,0,0,0,0.47714573
1996,0,0,0,0.24459495
1997,1,1,0,0.24947096
1999,1,1,0,0.24019778
2000,0,0,0,0.22293772
2001,0,0,0,0.25435326
2002,1,1,0,0.12933153
2003,1,1,0,0.25021222
2004,1,0,1,0.81825894
2005,1,0,1,1.8285431
2006,1,1,0,0.27474198
2007,1,1,0,0.23160595
2008,0,0,0,0.21172589
2009,0,0,0,0.19018383
2010,1,1,0,0.28416482
2012,1,1,0,0.4403452
2013,0,1,1,1.722951
2014,0,0,0,0.19270113
2015,0,0,0,0.21805468
2016,0,0,0,0.32596764
2017,0,0,0,0.3605158
2018,0,0,0,0.18930446
2019,1,0,1,0.31794205
2020,0,0,0,0.21435256
2021,1,1,0,0.2474697
2022,0,0,0,0.11120269
2023,1,1,0,0.8624418
2024,1,1,0,0.24143785
2025,1,0,1,2.3256292
2026,1,1,0,0.24802956
2027,1,1,0,0.25097233
2028,1,1,0,0.23062067
2029,0,0,0,0.18725926
2030,0,0,0,0.23303443
2031,1,1,0,0.24767853
2032,0,0,0,0.18584545
2033,1,0,1,1.5577079
2034,1,1,0,0.2459503
2035,0,1,1,1.5693793
2036,1,1,0,0.24648494
2037,1,1,0,0.25809616
2039,0,0,0,0.2257729
2040,1,1,0,0.23420316
2041,1,1,0,0.24328232
2042,1,1,0,0.2527456
2043,0,0,0,0.20320815
2045,1,1,0,0.24835
2046,0,0,0,0.20369913
2047,1,1,0,0.33873898
2048,1,0,1,1.5113299
2049,1,1,0,0.25452927
2050,1,1,0,0.24575566
2051,0,0,0,0.21290077
2052,0,0,0,0.19247742
2053,0,1,1,1.6077509
2054,1,1,0,0.1964422
2055,0,0,0,0.21443674
2056,0,0,0,0.20024045
2057,0,1,1,1.6871077
2058,1,1,0,0.3648882
2059,0,0,0,0.24785739
2060,0,0,0,0.21023828
2061,1,1,0,0.24383894
2062,1,1,0,0.93786454
2063,1,1,0,0.15353452
2064,0,0,0,0.22005028
2065,0,0,0,0.19931275
2066,1,1,0,0.23143257
2067,0,1,1,1.1737744
2068,0,0,0,0.21113399
2069,1,1,0,0.743473
2070,0,0,0,0.20557411
2071,1,0,1,1.527669
2072,1,0,1,1.5494995
2073,1,1,0,0.255677
2074,0,0,0,0.18545723
2075,0,0,0,0.49480343
2076,0,0,0,0.22030444
2077,0,0,0,0.16733553
2081,0,0,0,0.22294632
2082,1,1,0,0.30423227
2083,0,0,0,0.20392014
2084,1,1,0,1.0579255
2085,1,0,1,1.5376335
2086,0,0,0,0.21241957
2088,0,1,1,1.7052891
2089,0,0,0,0.19397998
2090,1,1,0,0.3511956
2091,1,1,0,0.2464581
2092,0,0,0,0.19243267
2093,0,1,1,1.5404174
2094,0,0,0,0.21660222
2095,0,0,0,0.55503005
2096,1,1,0,0.25481054
2097,1,1,0,1.3661339
2098,1,1,0,0.13495882
2099,1,1,0,0.15886052
2100,0,0,0,0.19069566
2101,1,0,1,1.5362194
2102,1,1,0,0.17252351
2103,1,1,0,0.2503714
2104,1,1,0,0.25240502
2105,0,0,0,0.33365417
2106,0,0,0,0.20919478
2107,1,1,0,0.1349935
2108,0,0,0,0.23141243
2109,1,1,0,0.2364075
2110,1,1,0,0.24007083
2111,0,0,0,0.23388116
2112,1,1,0,0.25097713
2113,0,0,0,0.069247596
2114,0,1,1,1.48662
2115,1,1,0,0.23860285
2117,1,1,0,0.23375581
2118,1,1,0,0.25050697
2119,1,1,0,0.2373882
2120,0,0,0,0.20981304
2121,1,1,0,0.11463317
2122,0,0,0,0.19040272
2123,0,1,1,1.5935607
2124,0,0,0,0.025126766
2125,1,1,0,0.24950431
2126,1,1,0,0.27150446
2127,0,1,1,1.0582728
2128,0,0,0,0.2221559
2129,0,0,0,0.08065767
2131,0,0,0,0.21826209
2132,1,0,1,1.510818
2133,1,0,1,1.4300176
2134,1,1,0,0.24534121
2135,0,1,1,0.7658423
2136,0,0,0,0.20283915
2137,1,0,1,1.6198689
2138,0,0,0,0.21481282
2139,1,0,1,1.4770242
2140,1,1,0,0.25414324
2141,1,1,0,0.23910059
2142,1,1,0,0.86823875
2143,0,0,0,0.29840526
2144,1,0,1,1.4743383
2145,1,0,1,1.5484657
2146,1,1,0,0.2375797
2147,1,1,0,0.2204583
2148,1,1,0,0.21618704
2149,0,1,1,1.3176922
2150,1,1,0,0.24444734
2151,0,0,0,0.20340872
2152,1,0,1,0.8303432
2153,0,0,0,0.2304778
2154,0,0,0,0.22663343
2155,0,0,0,0.3539942
2156,0,0,0,0.48436114
2157,1,0,1,1.4953289
2158,0,0,0,0.20698044
2159,1,1,0,0.277746
2160,0,0,0,0.12797728
2161,1,1,0,0.45286816
2162,1,0,1,0.8263543
2163,1,1,0,0.24594478
2164,1,1,0,0.13393794
2165,0,0,0,0.21040432
2166,0,0,0,0.2487378
2167,0,0,0,0.20067097
2168,1,1,0,0.2527219
2169,0,1,1,1.1845047
2170,0,0,0,0.20318042
2171,0,1,1,1.0579057
2172,1,1,0,0.1741136
2173,1,1,0,0.44634646
2174,0,0,0,0.20248094
2175,0,0,0,0.20373969
2176,1,1,0,0.29587647
2177,0,0,0,0.39600503
2179,0,0,0,0.19616458
2180,1,1,0,0.24725942
2181,0,0,0,0.36065236
2182,0,0,0,0.4610747
2183,0,0,0,0.21852015
2185,1,1,0,0.24606065
2186,1,1,0,0.25493583
2187,1,1,0,0.24819954
2188,1,1,0,0.4302386
2189,1,1,0,0.23799661
2190,0,1,1,1.7406468
2191,1,1,0,0.25267154
2192,0,0,0,0.24811849
2193,1,1,0,0.2518684
2194,0,0,0,0.19259278
2195,1,0,1,0.54416096
2196,1,1,0,0.16879472
2197,0,1,1,1.6030811
2198,0,0,0,0.37635922
2199,0,1,1,1.7417572
2200,0,1,1,1.2527006
2201,0,0,0,0.7218848
2202,0,0,0,0.7069963
2203,1,1,0,0.8905717
2205,0,0,0,0.20943053
2206,1,1,0,0.25057387
2208,0,0,0,0.22543812
2209,1,0,1,1.5964327
2210,1,1,0,0.140381
2211,0,0,0,0.25514403
2212,0,0,0,0.2303874
2213,1,0,1,1.5161347
2214,1,1,0,0.24819504
2215,1,1,0,0.25391844
2216,0,0,0,0.21354507
2217,0,0,0,0.21404198
2218,1,0,1,0.6343264
2219,1,1,0,0.14224449
2220,1,1,0,0.24552709
2221,0,0,0,0.1258466
2222,1,1,0,0.23548354
2223,0,1,1,1.6673203
2224,1,0,1,1.5136042
2225,0,0,0,0.36103582
2226,0,0,0,0.7854767
2227,1,1,0,0.24270444
2228,0,0,0,0.20786816
2229,1,1,0,0.23730405
2230,0,0,0,0.3393462
2231,0,0,0,0.28756922
2233,1,0,1,1.132818
2234,0,0,0,0.23310912
2235,1,0,1,1.5998578
2236,0,0,0,0.25139388
2237,0,0,0,0.2134323
2239,1,1,0,0.29616925
2240,1,1,0,0.281866
2241,0,0,0,0.18052788
2242,1,1,0,0.24961643
2243,1,1,0,0.24919735
2244,0,0,0,0.1890147
2245,0,0,0,0.38530198
2246,1,1,0,0.24910082
2247,1,1,0,0.12577364
2248,1,1,0,0.25160432
2249,0,0,0,0.21126854
2253,1,0,1,0.92611897
2254,1,1,0,0.25792667
2256,1,1,0,0.24151134
2258,1,1,0,0.27612084
2259,1,1,0,0.56412977
2260,0,0,0,0.553889
2261,0,0,0,0.19754693
2262,1,1,0,0.36508495
2263,1,1,0,0.25929198
2264,0,0,0,0.20510249
2265,0,0,0,0.20887281
2267,1,0,1,2.3656695
2268,1,1,0,0.25907275
2269,0,1,1,1.7042104
2270,0,1,1,1.6845075
2271,0,0,0,0.29111934
2272,1,0,1,1.8912083
2273,0,1,1,1.6353219
2274,1,0,1,1.5100458
2275,1,1,0,0.3250966
2276,0,0,0,0.19499004
2277,1,1,0,0.24855846
2278,1,1,0,0.24902435
2279,0,0,0,0.21681204
2280,0,0,0,0.66694856
2281,1,1,0,0.2601509
2282,1,1,0,0.27894256
2283,0,0,0,0.20672232
2284,1,1,0,0.27902502
2285,1,1,0,0.36170062
2286,1,1,0,0.22429854
2287,0,0,0,0.20822793
2288,1,1,0,0.23392977
2289,1,0,1,1.363575
2290,0,0,0,0.47612214
2291,1,1,0,1.6077284
2292,1,0,1,1.5195233
2293,1,0,1,1.466807
2294,0,0,0,0.19804022
2295,0,0,0,0.16268118
2296,1,1,0,0.12835197
2297,0,0,0,0.21008226
2298,0,0,0,0.33549657
2299,0,0,0,0.3092247
2300,0,1,1,1.7367036
2301,0,0,0,0.2164006
2302,1,1,0,0.26014474
2303,0,0,0,0.18875365
2304,0,0,0,0.21314587
2305,1,0,1,1.5317471
2306,0,0,0,0.22757983
2307,0,0,0,0.28145954
2308,0,1,1,1.4225367
2309,0,0,0,0.11849104
2310,0,0,0,0.22968812
2311,1,1,0,0.26710957
2312,0,0,0,0.19195238
2313,0,0,0,0.21408488
2314,1,1,0,0.3388283
2315,0,0,0,0.31182432
2316,1,1,0,0.30385795
2317,1,1,0,0.17655495
2318,1,1,0,0.2371251
2319,0,1,1,1.6706619
2320,0,0,0,0.21226399
2321,0,1,1,1.7523849
2322,0,0,0,0.21145026
2323,0,0,0,0.12627727
2324,1,1,0,0.3534571
2325,1,1,0,0.21568523
2326,1,1,0,0.24225815
2327,1,1,0,0.24382876
2328,0,0,0,0.060972143
2329,0,0,0,0.21264206
2330,1,1,0,0.14446747
2331,1,0,1,1.6690546
2332,0,1,1,1.7685066
2333,1,1,0,0.23579651
2334,0,0,0,0.18541029
2335,0,0,0,0.19703834
2336,1,1,0,0.24996582
2337,0,0,0,0.2072513
2338,0,1,1,1.6150004
2339,0,0,0,0.19835044
2340,0,0,0,0.21101749
2341,1,1,0,0.18652183
2342,0,0,0,0.19429591
2343,1,1,0,0.48749375
2344,1,1,0,0.24201572
2345,1,1,0,0.14601883
2346,0,0,0,0.12978466
2348,0,0,0,0.27377668
2349,1,1,0,0.27241215
2350,0,1,1,1.4043326
2351,1,1,0,0.25343344
2352,0,1,1,1.7081257
2353,1,1,0,0.25568017
2354,0,0,0,0.4016431
2355,0,0,0,0.16654813
2356,1,1,0,0.24578363
2357,0,0,0,0.24175523
2358,0,1,1,1.1175855
2359,0,0,0,0.21528623
2360,0,0,0,0.19641744
2361,1,1,0,0.47076488
2362,0,0,0,0.46108335
2363,1,0,1,1.4459883
2364,0,0,0,0.33287922
2365,1,1,0,0.24141744
2366,0,0,0,0.20134999
2367,1,1,0,0.24996491
2368,0,0,0,0.12166785
2369,1,1,0,0.34810698
2370,1,1,0,1.0204024
2372,0,0,0,0.20511918
2373,1,1,0,0.20544946
2374,0,0,0,0.16687489
2375,1,1,0,0.27316132
2376,0,0,0,0.20759743
2377,0,0,0,1.423271
2378,0,0,0,0.35999152
2379,0,1,1,1.6889474
2380,0,1,1,1.6863976
2381,1,1,0,0.24556363
2382,0,0,0,1.174301
2383,0,0,0,0.20510249
2385,1,0,1,1.5529623
2386,0,0,0,0.20128751
2387,0,1,1,1.6439749
2388,0,0,0,1.0639015
2389,1,1,0,0.25581178
2391,0,0,0,0.20884928
2392,0,0,0,0.25451058
2393,1,1,0,0.2510236
2395,1,0,1,1.4912901
2396,1,0,1,1.2639128
2397,1,1,0,0.25522014
2398,1,1,0,0.12385452
2399,0,1,1,1.5779629
2400,0,1,1,1.7209686
2401,1,1,0,0.23301639
2403,1,0,1,0.38302934
2404,1,1,0,0.55063814
2405,1,1,0,0.18890034
2406,1,1,0,0.23783517
2407,1,1,0,0.12009767
2408,1,0,1,1.5114442
2409,0,0,0,0.21207134
2410,1,1,0,0.26611924
2411,0,0,0,0.14657855
2412,1,1,0,0.23200114
2413,0,0,0,0.1867527
2415,0,0,0,0.4105294
2417,1,1,0,0.25181916
2418,0,0,0,0.21245293
2419,1,1,0,0.2545935
2420,1,1,0,0.16605037
2421,0,0,0,0.20877303
2422,1,0,1,1.5363474
2423,0,0,0,0.13757893
2424,1,1,0,0.7058482
2425,1,1,0,0.45033604
2426,1,1,0,0.29563922
2428,1,0,1,1.3453095
2429,1,0,1,1.5699296
2430,1,1,0,0.24622403
2431,1,1,0,0.28892845
2432,0,1,1,2.5466747
2433,1,1,0,0.17938693
2434,0,0,0,0.19859503
2435,0,1,1,1.6608897
2436,1,1,0,0.20870069
2438,1,1,0,0.25298
2439,0,0,0,0.22437617
2440,0,1,1,1.6180407
2441,0,0,0,0.22729114
2442,0,0,0,0.23132777
2443,0,0,0,0.51395464
2444,1,1,0,0.07595425
2445,0,0,0,0.94424695
2446,1,1,0,0.23714371
2447,1,1,0,0.22562496
2448,1,1,0,0.32956502
2449,1,1,0,0.24387723
2450,0,0,0,0.21759707
2451,0,0,0,0.20939234
2452,1,1,0,0.22836463
2453,0,1,1,1.053564
2454,1,1,0,0.24609125
2455,0,0,0,0.26960415
2456,1,0,1,0.6995785
2457,0,0,0,0.22010137
2458,0,0,0,0.2053288
2459,0,0,0,0.22199045
2460,0,0,0,0.19700477
2461,0,0,0,0.22401637
2462,0,0,0,0.39670444
2463,0,1,1,0.84644794
2464,1,1,0,0.23776938
2465,1,0,1,1.5388726
2466,1,1,0,0.39610717
2467,0,1,1,1.6838924
2468,0,0,0,0.20955871
2469,0,0,0,0.047353122
2470,0,0,0,0.21846259
2471,1,1,0,0.25295475
2472,0,0,0,0.29818135
2473,0,0,0,0.1827588
2474,1,1,0,0.1895205
2475,0,0,0,0.2146933
2476,1,1,0,0.24087518
2477,0,1,1,1.5279424
2478,0,0,0,0.1447457
2479,1,0,1,1.9623553
2480,1,1,0,0.24791867
2481,0,0,0,0.19416809
2482,0,0,0,0.21005625
2483,1,1,0,0.24908948
2484,1,1,0,0.24157594
2485,1,1,0,0.2427368
2487,0,1,1,1.702487
2488,0,0,0,0.23942304
2489,1,1,0,0.09333295
2490,1,1,0,0.33502796
2491,1,1,0,0.22555858
2492,1,1,0,0.1569597
2493,0,1,1,0.8675077
2496,0,0,0,0.21197523
2497,1,0,1,1.5644975
2498,1,0,1,1.8348591
2499,1,1,0,0.24394795
2500,1,0,1,1.4662752
2501,0,1,1,0.81395406
2502,1,0,1,0.71875364
2503,0,0,0,0.25085452
2504,0,0,0,0.21724622
2505,0,0,0,0.32019243
2506,0,0,0,0.16985016
2507,1,1,0,0.24266982
2508,1,0,1,1.5166087
2509,1,0,1,1.2244182
2510,1,1,0,0.23722208
2512,0,0,0,0.20420375
2513,0,0,0,0.102034785
2514,1,0,1,1.5449717
2515,0,0,0,0.21817853
2516,0,1,1,1.7256656
2517,0,0,0,0.21384898
2518,0,0,0,0.20631525
2519,1,1,0,0.45953062
2520,1,1,0,0.23415938
2521,1,1,0,0.23968808
2522,0,0,0,0.20241794
2523,0,0,0,0.08959091
2524,0,0,0,0.2050714
2525,0,0,0,0.1846193
2526,0,0,0,0.2125688
2527,0,0,0,0.23012376
2528,1,0,1,1.7651159
2529,0,1,1,1.2119994
2530,0,1,1,1.8028493
2531,0,0,0,0.20384353
2532,0,1,1,1.4369586
2533,0,1,1,1.8744028
2534,1,1,0,0.24852137
2536,1,0,1,1.4840446
2537,0,0,0,0.27822125
2538,1,1,0,0.4905573
2539,1,1,0,0.36164656
2541,0,0,0,0.101752065
2542,0,0,0,0.22057985
2543,1,0,1,1.8150707
2544,0,0,0,0.20688334
2545,0,0,0,0.21721888
2546,1,1,0,0.2612739
2547,0,1,1,1.6890163
2548,1,1,0,0.26032937
2549,1,1,0,0.19180459
2550,1,1,0,0.20115852
2551,1,1,0,0.30035394
2552,1,1,0,0.25241727
2554,1,1,0,0.11169781
2555,0,0,0,0.23447062
2556,0,0,0,0.21145672
2557,1,1,0,1.0215899
2558,1,1,0,0.32484534
2559,0,0,0,0.31031743
2560,1,1,0,0.2322978
2561,1,1,0,0.46591246
2562,0,0,0,0.20804447
2563,1,1,0,0.21868846
2565,0,0,0,0.13896342
2566,1,0,1,1.5229757
2567,1,1,0,0.52616715
2568,0,0,0,0.17311732
2569,0,0,0,0.20414993
2570,0,1,1,1.5222409
2571,0,0,0,0.2359871
2572,0,0,0,0.20377149
2573,1,1,0,0.34366146
2574,1,1,0,0.29914021
2575,0,0,0,0.3919001
2576,1,1,0,0.7750976
2577,1,0,1,1.2163689
2578,0,0,0,0.33317265
2579,0,0,0,0.20591462
2580,0,1,1,1.7161803
2581,0,0,0,0.23096448
2582,1,0,1,1.5587313
2583,1,1,0,0.25768661
2584,0,0,0,0.19553861
2585,0,1,1,0.77268684
2586,0,1,1,1.7255585
2587,0,0,0,0.32758057
2588,0,0,0,0.3688354
2590,0,0,0,0.12272038
2591,1,1,0,0.23863496
2592,0,0,0,0.20035638
2593,1,1,0,0.22520497
2594,0,0,0,0.20754215
2596,0,0,0,0.52779984
2597,1,1,0,0.6179274
2598,0,0,0,0.14179564
2600,1,0,1,1.296143
2601,0,1,1,1.6734222
2602,0,0,0,0.18138795
2603,0,0,0,0.19221269
2604,0,0,0,0.16572681
2605,0,0,0,0.21196547
2606,0,0,0,0.23339629
2607,1,1,0,0.24526463
2608,1,1,0,0.17726557
2609,1,1,0,0.5608555
2610,1,1,0,0.3055414
2611,1,1,0,0.34240302
2612,0,0,0,0.2343584
2613,0,0,0,0.18159266
2614,0,0,0,0.50348985
2615,1,1,0,0.85313916
2616,0,0,0,0.19368558
2617,1,1,0,0.15192199
2618,0,0,0,0.53043824
2619,1,1,0,0.16386107
2620,0,0,0,0.193601
2621,1,0,1,1.7723613
2622,1,1,0,0.2565289
2623,1,1,0,0.4276954
2624,0,0,0,0.19461203
2625,0,0,0,0.22122931
2626,1,1,0,0.24955243
2627,0,0,0,0.19748883
2628,0,0,0,0.19971906
2629,0,0,0,0.98442364
2630,1,1,0,0.25234723
2631,1,1,0,0.25432125
2632,0,0,0,0.30742973
2633,0,0,0,0.19921526
2634,0,0,0,0.19773407
2635,0,0,0,0.1567139
2636,1,1,0,0.14214243
2637,0,0,0,0.7398155
2638,1,1,0,0.24170944
2640,0,0,0,0.10944803
2641,1,1,0,0.12843113
2642,0,1,1,1.6093252
2643,1,1,0,1.0155872
2644,1,1,0,0.24251924
2646,1,1,0,0.2492022
2647,0,0,0,0.22249714
2649,1,1,0,0.25221997
2650,0,0,0,0.19543086
2651,0,0,0,1.1965935
2652,0,0,0,0.20685957
2653,1,1,0,0.23465143
2654,0,0,0,0.32092875
2655,1,1,0,0.2589123
2656,0,0,0,0.21299376
2657,0,0,0,0.20596826
2658,1,1,0,0.15021881
2659,0,0,0,0.25287122
2661,0,0,0,0.33629832
2662,1,1,0,0.1817515
2663,1,1,0,0.24624762
2664,0,0,0,0.22168404
2665,0,1,1,1.8144116
2667,1,1,0,0.20751996
2668,0,0,0,0.2235316
2669,1,1,0,0.26721653
2671,0,0,0,0.27720264
2672,1,0,1,1.5804327
2673,1,1,0,0.2461261
2674,0,0,0,0.17169744
2675,1,1,0,0.2471406
2677,1,1,0,0.25073114
2678,1,1,0,0.24611937
2679,0,0,0,0.1993234
2680,0,0,0,0.19719738
2681,0,0,0,0.22819325
2682,1,1,0,0.71527743
2683,0,0,0,0.18161026
2684,0,0,0,0.20240705
2685,0,0,0,0.14583813
2686,1,1,0,0.25114998
2687,0,1,1,1.6276885
2688,1,1,0,0.26494277
2689,1,1,0,0.25750566
2690,1,1,0,0.19699338
2691,1,1,0,0.25298834
2692,0,0,0,0.22742513
2693,0,1,1,1.2096808
2695,0,0,0,0.5029103
2696,0,0,0,0.22311208
2697,0,0,0,0.20250306
2698,1,1,0,0.23253363
2699,0,1,1,1.6362748
2700,1,1,0,0.17969783
2701,1,1,0,0.20038319
2702,1,1,0,0.2383565
2703,1,0,1,1.5535382
2704,0,0,0,0.7255305
2705,0,0,0,0.47255838
2706,0,1,1,1.5420928
2707,0,0,0,0.12082792
2708,1,1,0,0.18723235
2709,1,0,1,1.9732645
2710,0,1,1,1.3322575
2711,1,1,0,0.18992123
2712,0,1,1,1.6628561
2713,0,0,0,0.20179763
2714,1,0,1,1.5022583
2715,0,0,0,0.2562087
2716,0,0,0,0.19872522
2717,0,0,0,0.20252047
2718,1,1,0,0.21882622
2719,1,1,0,0.33847404
2720,1,1,0,0.23036493
2721,1,1,0,0.2413895
2722,0,1,1,1.277241
2723,1,1,0,0.24628714
2724,0,0,0,0.2173366
2725,1,1,0,0.15223406
2726,0,0,0,0.19915871
2727,0,0,0,0.052781332
2728,0,1,1,1.6747878
2729,0,0,0,0.8079378
2730,1,1,0,0.2547003
2731,1,1,0,0.24046549
2732,1,1,0,0.23954202
2733,0,0,0,0.22239426
2734,1,1,0,0.34073466
2735,1,1,0,0.2677621
2736,0,0,0,0.2144228
2737,1,1,0,0.23219308
2738,1,1,0,0.24180466
2739,0,0,0,0.21832007
2740,1,0,1,1.5051949
2741,0,0,0,0.21865925
2742,1,1,0,0.24899107
2744,0,1,1,1.6265968
2745,0,1,1,1.6301169
2746,1,0,1,1.5982741
2747,0,0,0,0.15397212
2748,1,1,0,0.26456764
2749,1,0,1,1.4771476
2750,0,0,0,0.21650805
2751,0,0,0,0.20476781
2752,1,0,1,1.5024711
2753,1,1,0,0.2382406
2754,1,1,0,0.23965442
2755,1,1,0,0.15247421
2756,0,0,0,0.52504444
2757,1,1,0,0.25222108
2758,0,0,0,0.20576353
2759,0,0,0,0.1280421
2760,0,0,0,0.1566243
2761,1,0,1,0.60575604
2762,0,0,0,0.20732155
2764,1,1,0,0.3730813
2765,0,0,0,0.22896278
2766,1,0,1,0.5019412
2767,1,1,0,0.25517923
2768,0,0,0,0.32525212
2769,0,0,0,0.471789
2770,0,0,0,0.22100025
2771,0,0,0,0.21356297
2772,1,1,0,0.25384676
2773,1,1,0,0.10756452
2774,1,1,0,0.3712224
2775,0,0,0,0.30179974
2776,0,0,0,0.21369256
2777,0,0,0,0.11694387
2778,1,1,0,0.25141713
2779,1,1,0,0.17737292
2780,1,1,0,0.27174607
2781,0,1,1,1.7533258
2782,1,1,0,0.24638031
2783,0,0,0,0.24845776
2784,0,0,0,0.21804819
2785,1,1,0,0.23496418
2786,0,0,0,0.17973158
2787,1,1,0,0.24477851
2788,1,0,1,1.2159764
2789,0,1,1,1.6833223
2790,1,1,0,0.6363038
2791,0,0,0,0.16953848
2792,1,1,0,0.66992515
2793,0,0,0,0.33257234
2794,0,0,0,0.24234095
2795,1,0,1,1.5076315
2796,0,1,1,1.7059336
2797,0,0,0,0.39875022
2798,0,0,0,0.171711
2799,1,0,1,1.2549717
2800,0,1,1,1.6852765
2801,0,0,0,0.20770833
2802,1,1,0,0.23836167
2803,0,1,1,1.7233236
2804,0,0,0,0.21876116
2805,0,0,0,0.48797056
2806,1,1,0,0.41210112
2807,0,0,0,0.1865161
2808,0,0,0,0.2968538
2809,1,1,0,0.4182865
2810,0,0,0,0.2102862
2811,1,1,0,0.3313346
2812,0,0,0,0.18587635
2813,1,1,0,0.2383489
2814,0,0,0,0.21815476
2815,1,1,0,0.08433835
2817,0,1,1,1.5854561
2818,1,1,0,0.23319985
2819,1,1,0,0.24263093
2820,0,0,0,0.20401722
2821,1,0,1,1.5583284
2822,1,1,0,0.258722
2823,1,1,0,0.24925348
2824,1,1,0,0.15279943
2825,1,1,0,0.26065356
2826,0,0,0,0.22517577
2827,1,1,0,0.117522225
2828,1,1,0,0.24082507
2829,1,1,0,0.2236808
2830,0,0,0,0.20821166
2831,1,1,0,0.23716132
2832,1,0,1,1.3360515
2833,0,0,0,0.2008315
2834,1,1,0,0.24542476
2835,0,0,0,0.19162028
2836,1,1,0,0.23550467
2837,0,0,0,0.20110783
2838,1,1,0,0.3008716
2839,1,1,0,0.24996223
2840,0,0,0,0.2162504
2841,1,1,0,0.25196812
2842,1,1,0,0.73457193
2843,0,0,0,0.36841828
2844,1,0,1,1.541961
2845,1,1,0,0.2634281
2846,1,1,0,0.25189355
2847,1,1,0,0.26507717
2848,0,0,0,0.15371147
2849,0,0,0,0.20873183
2850,1,1,0,0.29474926
2851,0,0,0,0.3016415
2852,0,1,1,1.145468
2853,1,1,0,0.9916868
2854,0,0,0,0.19466855
2855,0,0,0,0.7096723
2856,1,1,0,0.5929759
2857,0,0,0,0.2252676
2858,0,1,1,1.5861132
2859,0,0,0,0.30217293
2860,0,1,1,0.8785684
2861,1,1,0,0.2447676
2862,1,1,0,0.2725054
2863,0,0,0,0.13261142
2864,1,1,0,0.13089304
2865,0,0,0,0.23492488
2867,1,1,0,0.25186974
2868,1,1,0,0.23786712
2869,1,1,0,0.24718855
2870,1,1,0,0.25405005
2871,1,1,0,0.12302402
2872,1,0,1,1.6287463
2873,1,1,0,0.22771569
2874,0,0,0,0.19276571
2875,1,1,0,0.24885112
2876,1,1,0,0.17625114
2877,1,1,0,0.0915017
2878,0,0,0,0.20939736
2879,1,1,0,0.46082628
2880,0,0,0,0.19823013
2881,1,1,0,0.1786686
2882,1,1,0,0.2541572
2883,1,0,1,1.5001172
2884,1,0,1,1.3287224
2885,1,0,1,1.5720562
2886,0,0,0,0.49374396
2887,1,1,0,0.28324583
2888,0,0,0,0.9232913
2889,1,0,1,1.5530694
2890,1,1,0,0.23098595
2891,0,0,0,0.21174383
2892,1,1,0,0.23402552
2893,1,1,0,0.21660963
2895,0,0,0,0.20146763
2896,1,1,0,0.23507908
2897,1,1,0,0.13819365
2898,1,1,0,0.13965462
2899,0,0,0,0.31730953
2900,1,1,0,0.23936929
2901,1,0,1,1.5318801
2902,1,0,1,1.1116292
2903,1,1,0,0.11638089
2904,1,1,0,0.41078317
2905,0,0,0,0.21669915
2906,1,1,0,0.23462044
2907,1,1,0,0.24290492
2908,0,0,0,0.22515701
2909,1,1,0,0.19079928
2910,1,1,0,0.713344
2911,1,1,0,0.1808002
2912,0,0,0,0.1954182
2913,0,0,0,0.6083284
2914,1,1,0,0.25199187
2915,0,1,1,1.60548
2916,0,0,0,0.18006508
2917,1,1,0,0.23718804
2918,1,0,1,1.244791
2919,0,0,0,0.19752248
2920,1,1,0,0.2390961
2921,1,1,0,0.23804384
2922,0,0,0,0.49366143
2923,1,1,0,0.2280175
2924,0,0,0,0.2740869
2925,1,1,0,0.25377926
2926,0,1,1,1.6646448
2927,0,0,0,0.32139108
2928,0,0,0,0.21321684
2929,1,0,1,1.5194808
2930,1,1,0,0.21705934
2931,1,1,0,0.2114681
2932,1,1,0,0.14503683
2933,1,1,0,0.31292292
2934,1,1,0,0.15139762
2935,1,1,0,0.24054237
2936,0,1,1,0.4740361
2937,1,1,0,0.2838318
2938,1,1,0,0.29694268
2940,1,1,0,0.46266788
2942,1,0,1,1.469823
2943,1,1,0,0.1696586
2944,0,0,0,0.32649556
2945,1,1,0,0.23384318
2946,0,0,0,0.20429592
2947,0,0,0,0.18607953
2948,1,1,0,0.4660715
2949,1,1,0,0.24227527
2950,0,0,0,0.41272384
2951,0,0,0,0.21531832
2952,1,1,0,0.26306275
2953,1,1,0,0.23685254
2954,1,1,0,0.25148675
2955,0,1,1,0.81546855
2956,1,1,0,0.12019758
2957,0,0,0,0.19779229
2958,0,0,0,0.36971414
2959,1,1,0,0.23765594
2960,1,1,0,0.24249035
2961,0,0,0,0.21940197
2962,1,0,1,1.1772563
2964,0,0,0,0.20411824
2965,0,0,0,0.1439263
2966,0,0,0,0.16899076
2967,0,0,0,0.16714269
2968,1,1,0,0.2335631
2969,0,0,0,0.21209475
2970,1,1,0,0.2397696
2971,1,1,0,0.22289272
2972,1,0,1,1.5170726
2973,1,1,0,0.26377282
2974,0,0,0,0.6736928
2975,1,1,0,0.21217625
2976,1,1,0,0.17384525
2977,1,1,0,0.20340252
2978,1,1,0,0.476929
2979,1,1,0,0.26050404
2980,1,1,0,0.3863474
2981,1,1,0,0.2408379
2982,0,0,0,0.56709874
2983,0,1,1,1.1372783
2984,1,0,1,1.3378865
2985,0,0,0,0.25456107
2986,1,1,0,0.24078046
2987,1,1,0,0.24498263
2988,0,0,0,0.15621509
2989,0,1,1,1.264351
2990,0,0,0,0.10186812
2991,0,1,1,0.6258485
2992,0,0,0,0.20379433
2993,0,1,1,1.6280147
2994,1,1,0,0.29072106
2996,1,1,0,0.25025454
2997,1,1,0,0.27868888
2998,1,1,0,0.25557786
2999,1,0,1,0.29195866
3000,1,1,0,0.26891574
3001,0,0,0,0.22157267
3002,0,0,0,0.20971687
3003,0,0,0,0.2108889
3004,0,0,0,0.10284342
3005,0,0,0,0.60264146
3006,1,1,0,0.23861355
3007,1,1,0,0.23231916
3009,1,1,0,0.24651968
3010,0,0,0,0.55792856
3011,1,1,0,0.5836295
3012,0,0,0,0.22391552
3013,1,0,1,1.3470228
3014,0,1,1,1.6823939
3015,0,0,0,0.13748637
3016,0,0,0,0.20073543
3017,1,1,0,0.24346802
3018,0,0,0,0.19158405
3019,1,1,0,0.14865157
3020,0,0,0,0.32646054
3021,1,1,0,0.24140161
3022,0,0,0,0.4858606
3023,0,0,0,0.21863627
3024,0,0,0,0.19309059
3025,1,1,0,0.2739857
3026,1,1,0,0.23696183
3027,0,0,0,0.31937522
3028,1,1,0,0.16031814
3030,0,0,0,0.21242672
3031,0,0,0,0.21691003
3032,1,1,0,0.4886762
3033,1,0,1,1.4655653
3034,1,1,0,0.25585192
3035,0,0,0,0.21188627
3036,1,1,0,0.24862036
3037,0,0,0,0.2593551
3038,0,0,0,0.18730403
3040,1,1,0,0.20373036
3041,1,1,0,0.5069982
3042,0,1,1,1.6943733
3043,0,0,0,0.22379252
3044,1,1,0,0.2643814
3045,0,0,0,0.3058165
3046,1,0,1,1.5978382
3047,1,1,0,0.24292204
3048,1,0,1,1.534792
3049,0,0,0,0.21026021
3050,1,1,0,0.16804025
3051,0,0,0,0.21623237
3052,1,1,0,0.23463163
3053,0,0,0,0.15177134
3054,0,1,1,1.6249902
3055,0,0,0,0.1954138
3056,1,1,0,0.23585443
3057,0,1,1,1.1448842
3058,1,1,0,0.24200767
3059,1,0,1,1.5427746
3060,0,0,0,0.20108181
3061,1,1,0,0.24564357
3063,0,0,0,0.31445748
3065,1,1,0,0.23424758
3066,0,0,0,0.5794452
3067,1,1,0,0.2549506
3068,1,1,0,0.3477567
3069,1,1,0,0.23280193
3070,1,1,0,0.2500663
3071,0,1,1,1.5035479
3072,1,0,1,1.2335645
3073,1,0,1,1.4889722
3074,0,0,0,0.21743807
3075,1,1,0,0.27125037
3076,1,1,0,0.235932
3077,0,1,1,1.1347201
3078,1,1,0,0.24847822
3079,1,1,0,0.45736495
3080,0,0,0,0.19053517
3081,1,1,0,0.14808366
3082,1,0,1,1.511592
3083,1,0,1,1.543283
3084,0,0,0,0.16881166
3085,1,1,0,0.4528651
3086,0,0,0,0.6008456
3087,0,0,0,0.3386462
3088,1,1,0,0.25490728
3089,0,0,0,0.4131356
3090,0,0,0,0.81316483
3091,0,0,0,0.20676023
3092,1,0,1,1.3925527
3093,1,1,0,0.14462532
3094,1,0,1,0.6067885
3095,1,1,0,0.23462373
3096,0,0,0,0.20796883
3097,1,1,0,0.25617105
3098,0,0,0,0.3722028
3099,0,1,1,1.6296959
3100,1,1,0,0.2609732
3101,0,0,0,0.20223539
3102,0,1,1,0.8248962
3103,0,0,0,0.20213586
3104,1,1,0,0.17660348
3106,1,1,0,0.25186285
3107,1,1,0,0.25163877
3108,1,1,0,0.25195888
3109,0,1,1,1.0513225
3110,1,1,0,0.2512139
3111,1,1,0,0.2486849
3112,0,0,0,0.66708976
3113,0,0,0,0.18523319
3114,0,0,0,0.33415285
3115,1,1,0,0.24687292
3116,0,0,0,0.14496556
3117,1,1,0,0.25778762
3118,0,1,1,1.6566895
3119,0,0,0,0.3551616
3120,0,0,0,0.16780332
3121,0,0,0,0.19033858
3122,0,1,1,1.6267394
3123,1,0,1,1.445851
3124,0,0,0,0.20816888
3125,1,1,0,0.40026316
3127,1,1,0,0.4455191
3128,0,0,0,0.69471335
3129,1,1,0,0.25884688
3130,0,1,1,1.9615173
3131,0,0,0,0.19936968
3132,0,1,1,1.6705902
3133,0,0,0,0.19838928
3134,0,0,0,0.4279342
3135,0,0,0,0.1589738
3136,0,0,0,0.20865153
3137,0,0,0,0.21087992
3138,0,0,0,0.22997062
3139,1,1,0,0.2592847
3140,0,0,0,0.22354782
3141,0,0,0,0.19118555
3142,0,0,0,0.19614507
3143,0,0,0,0.37366742
3144,1,1,0,0.48197562
3145,1,1,0,0.24723922
3146,1,1,0,0.24422307
3147,0,0,0,0.2177434
3148,1,1,0,0.25742704
3149,0,0,0,0.19683821
3150,1,1,0,0.24673748
3151,0,0,0,0.25118005
3152,0,0,0,0.34037796
3153,0,0,0,0.19973898
3154,0,0,0,0.36444554
3155,1,1,0,0.19140233
3156,0,1,1,1.7113204
3157,0,0,0,0.19530594
3158,1,1,0,0.23973367
3159,0,0,0,0.18857133
3160,0,0,0,0.30085638
3161,1,1,0,0.24505499
3162,1,0,1,1.5533677
3163,0,0,0,0.22077355
3165,0,0,0,0.19827119
3166,0,0,0,0.20623475
3168,1,0,1,1.5041344
3169,1,0,1,1.502867
3170,1,1,0,0.24196225
3171,0,1,1,0.8871684
3172,0,0,0,0.20330982
3173,0,0,0,0.75843525
3174,1,1,0,0.17886102
3175,0,0,0,0.15768999
3176,0,0,0,0.22337097
3177,0,0,0,0.2141609
3178,0,1,1,1.6725874
3179,1,0,1,1.520575
3180,1,1,0,0.26339367
3181,1,1,0,0.256465
3182,0,1,1,1.5979781
3183,0,0,0,0.20867136
3184,0,0,0,0.20286854
3185,1,1,0,0.23974238
3186,1,1,0,0.16588376
3187,1,1,0,0.82226706
3188,1,0,1,1.5545744
3189,1,1,0,0.19925511
3190,0,0,0,0.21778058
3191,1,1,0,0.2630783
3192,1,1,0,0.23277415
3193,1,1,0,0.23842067
3194,1,0,1,1.4979355
3195,0,1,1,1.6951698
3196,0,1,1,1.3097091
3197,1,1,0,0.15367815
3199,0,0,0,0.17139149
3200,0,1,1,1.4220557
3201,1,1,0,0.24722786
3202,1,1,0,0.15139924
3203,1,0,1,1.5331267
3205,1,1,0,0.26116067
3207,0,0,0,0.6884969
3208,0,0,0,0.21134952
3209,0,0,0,0.20353936
3210,0,0,0,0.36414146
3211,1,1,0,0.2495541
3212,1,1,0,0.25672755
3213,0,1,1,1.31605
3214,0,0,0,0.23951717
3215,0,1,1,1.6090957
3216,0,0,0,0.6012641
3217,0,0,0,0.20934643
3218,0,1,1,1.4392289
3219,0,0,0,0.20829937
3220,1,1,0,0.21649641
3221,1,1,0,0.34965765
3222,0,1,1,1.2990812
3223,1,1,0,0.25145143
3224,0,0,0,0.2156694
3225,1,1,0,0.45992717
3226,0,0,0,0.2138998
3227,1,1,0,0.24677736
3228,1,1,0,0.23757324
3229,0,1,1,1.6932465
3230,0,0,0,0.19964056
3231,0,0,0,0.21432398
3232,1,1,0,0.25615185
3233,1,1,0,0.23369321
3234,0,0,0,0.20530386
3235,1,1,0,0.2459352
3236,1,1,0,0.2470488
3238,0,0,0,0.3667387
3240,0,0,0,0.22998758
3241,1,1,0,0.55977845
3242,0,1,1,1.6651111
3243,1,1,0,0.25231868
3244,1,0,1,1.4152528
3245,0,0,0,0.19537047
3246,0,0,0,0.20557128
3247,1,0,1,1.4778262
3248,1,1,0,0.24205482
3249,0,0,0,0.2114545
3250,1,1,0,0.30412447
3251,0,1,1,1.3593698
3252,1,1,0,0.2774413
3253,0,1,1,1.6138229
3254,0,0,0,1.6526109
3256,0,0,0,0.22149576
3257,1,0,1,1.5920172
3258,1,0,1,0.7401851
3259,0,0,0,0.038409147
3260,0,0,0,0.15642196
3261,0,1,1,1.2252536
3262,0,0,0,0.34093758
3263,1,1,0,0.714582
3264,0,0,0,0.20952497
3265,1,1,0,0.4603558
3266,1,0,1,0.389733
3267,1,1,0,0.2444666
3268,0,0,0,0.20249632
3269,1,1,0,0.49139678
3270,1,1,0,0.4152757
3271,1,1,0,0.23807459
3272,1,1,0,0.4720562
3273,1,0,1,2.046139
3274,1,0,1,0.9964791
3275,0,0,0,0.21517791
3276,0,0,0,0.09409895
3277,0,1,1,1.5764885
3278,1,1,0,0.2716332
3279,0,0,0,0.31486556
3280,0,1,1,1.4611044
3281,0,0,0,0.1043946
3282,1,1,0,0.26268548
3283,1,1,0,0.24034776
3284,0,0,0,0.25399038
3285,1,1,0,0.37561825
3286,1,1,0,0.25014612
3287,1,0,1,1.6069111
3288,0,0,0,0.21104008
3289,0,0,0,0.19986373
3290,0,0,0,0.22465016
3291,0,0,0,0.2710514
3292,0,0,0,0.19233541
3293,1,1,0,0.26480263
3294,1,1,0,0.24739513
3295,0,0,0,0.13010184
3296,1,1,0,0.2545773
3297,0,0,0,0.23360611
3298,0,0,0,0.20859626
3299,0,1,1,1.0256665
3300,1,0,1,1.5648227
3301,1,1,0,0.26321906
3302,0,1,1,1.175797
3303,1,1,0,0.16901273
3304,1,1,0,0.3910557
3306,1,0,1,1.540173
3307,0,0,0,0.2095295
3308,1,0,1,1.7307856
3309,0,0,0,0.49072665
3310,1,0,1,2.3972447
3311,1,1,0,0.23713808
3313,1,1,0,0.23707846
3314,1,1,0,0.2546504
3315,1,1,0,0.2546052
3317,0,0,0,0.20987284
3318,1,1,0,0.15419897
3319,1,0,1,1.8574243
3320,1,1,0,0.2465509
3321,0,0,0,0.20414189
3322,0,0,0,0.09567123
3323,0,1,1,1.6042249
3324,1,1,0,0.98801506
3325,0,0,0,0.18756287
3326,0,0,0,0.20517394
3327,0,0,0,0.1897397
3328,1,1,0,0.2504283
3329,1,0,1,1.533335
3330,0,1,1,0.49012074
3331,0,0,0,0.24304311
3332,1,1,0,0.68691736
3333,1,1,0,0.23594388
3334,1,1,0,0.38035992
3335,0,0,0,0.22837582
3336,0,0,0,0.19816469
3337,1,0,1,1.5632164
3338,1,1,0,0.4468286
3339,0,0,0,0.19311945
3340,0,0,0,0.21576844
3341,1,1,0,0.24728398
3342,1,0,1,1.554401
3343,0,1,1,1.4961995
3344,1,1,0,0.4703595
3345,1,1,0,0.18706141
3346,1,1,0,0.10937034
3347,0,0,0,0.2044304
3348,0,0,0,0.19114545
3349,1,1,0,0.25166714
3350,0,0,0,0.20679203
3351,1,1,0,0.22924283
3352,0,0,0,0.119404875
3353,1,1,0,0.23381683
3354,0,0,0,0.48904842
3355,1,1,0,0.22589016
3356,0,0,0,0.36805657
3358,1,0,1,0.6719894
3359,0,0,0,0.06480028
3360,1,1,0,0.42863265
3361,0,0,0,0.22379433
3362,1,1,0,0.25110447
3363,1,1,0,0.15007682
3364,0,1,1,1.4951918
3365,0,0,0,0.30822334
3366,1,1,0,0.17154844
3367,0,0,0,0.58356714
3368,1,1,0,0.11669207
3369,0,0,0,0.16955489
3370,0,0,0,0.33384082
3371,0,0,0,0.24898753
3372,1,1,0,0.23868248
3374,1,0,1,1.5275156
3375,1,0,1,1.7411203
3376,1,1,0,0.25535774
3377,0,0,0,0.13477089
3378,0,0,0,0.20528531
3379,1,1,0,0.3353067
3380,0,0,0,0.06081668
3381,0,0,0,0.20860285
3382,1,1,0,0.4081902
3383,1,1,0,0.19975665
3384,0,0,0,0.54818416
3385,0,0,0,0.2261976
3386,0,0,0,0.08260821
3387,0,1,1,1.0813804
3389,1,1,0,0.624747
3390,1,1,0,0.7208635
3391,1,0,1,1.4962292
3392,0,0,0,0.20751561
3393,1,1,0,0.30731463
3394,0,0,0,0.21942896
3395,0,0,0,0.20580992
3396,0,1,1,1.6645579
3397,0,1,1,1.3874552
3398,0,0,0,0.33430964
3399,0,1,1,1.6423357
3400,1,1,0,0.25843474
3401,1,1,0,0.24513936
3402,0,1,1,1.6026235
3403,0,0,0,0.28424647
3404,0,0,0,0.20511822
3405,0,0,0,0.21795414
3406,1,1,0,0.36013666
3407,0,0,0,0.23702456
3408,0,1,1,1.2871343
3409,1,0,1,1.5077126
3410,1,1,0,0.22147912
3411,1,1,0,0.23797105
3412,1,1,0,0.23933314
3413,0,0,0,0.23811178
3414,0,0,0,0.22343846
3415,1,1,0,0.58281785
3416,1,1,0,0.11955476
3417,1,1,0,1.2738843
3418,0,0,0,0.20462705
3419,0,1,1,1.6589817
3420,1,0,1,0.7601665
3421,0,0,0,0.11242804
3422,1,1,0,0.23968844
3423,0,0,0,1.6973921
3425,1,1,0,0.2423156
3426,0,0,0,0.18669604
3427,1,0,1,1.5418743
3428,0,0,0,0.20658988
3429,0,0,0,0.20089945
3430,1,0,1,1.5519373
3431,1,1,0,0.44939828
3432,0,1,1,1.0793691
3433,0,0,0,0.15170793
3434,1,1,0,0.24908689
3435,0,0,0,0.20560022
3436,0,0,0,0.20998795
3437,0,0,0,1.3392373
3438,1,1,0,0.24530259
3439,1,1,0,0.2542665
3440,1,1,0,0.23719233
3441,1,1,0,0.24823214
3442,1,0,1,1.56885
3443,1,1,0,0.24181579
3444,1,1,0,0.22753245
3445,1,1,0,0.24134757
3446,1,1,0,0.23733132
3447,0,0,0,0.21643479
3448,0,0,0,0.28681716
3449,1,1,0,0.207133
3451,1,1,0,0.16420758
3452,0,0,0,0.49647892
3453,1,1,0,0.24277158
3454,1,1,0,0.23571187
3455,0,0,0,0.9485588
3456,0,1,1,1.6354847
3457,0,1,1,1.7109768
3458,1,1,0,0.24252214
3459,1,1,0,0.24932092
3460,1,1,0,0.25349602
3461,1,1,0,0.2542221
3462,1,1,0,0.25775814
3463,1,0,1,1.2313417
3465,0,0,0,0.3036547
3467,0,0,0,0.200558
3468,1,1,0,0.21929944
3469,0,0,0,0.25080276
3470,0,0,0,0.20872283
3471,0,0,0,0.22442882
3472,1,1,0,0.24561243
3473,1,1,0,0.1371894
3474,1,1,0,0.25345778
3475,1,1,0,0.25222355
3476,1,1,0,0.16130312
3477,0,0,0,0.19637725
3478,1,1,0,0.24434781
3479,0,0,0,0.1363364
3480,0,0,0,0.22177398
3481,1,1,0,0.24585949
3482,0,0,0,0.2108226
3483,0,0,0,0.14946754
3484,1,0,1,1.5036378
3485,0,0,0,0.23190594
3486,0,0,0,0.21027742
3487,1,1,0,0.25107127
3488,0,0,0,0.19934636
3489,1,1,0,0.25605583
3490,0,0,0,0.13705033
3492,1,0,1,0.7620154
3493,1,1,0,0.23792396
3494,0,1,1,1.0216578
3496,0,1,1,1.708912
3497,1,1,0,0.25465935
3498,0,0,0,0.5227883
3500,0,1,1,1.6936102
3501,1,1,0,0.8293909
3502,1,0,1,1.528561
3503,0,1,1,1.6926638
3504,1,1,0,0.32695946
3505,0,0,0,0.16576844
3506,0,0,0,0.0821525
3507,0,0,0,0.19774012
3508,0,0,0,0.19959222
3509,1,1,0,0.25071916
3511,0,0,0,0.20197307
3512,0,0,0,0.6126254
3513,0,1,1,1.6643648
3514,1,1,0,0.32177714
3516,0,0,0,0.5851188
3517,0,0,0,0.2194413
3518,1,0,1,2.3202069
3519,0,1,1,1.1099505
3520,1,0,1,1.5264257
3521,1,0,1,1.501169
3522,1,1,0,0.29369324
3523,1,1,0,0.2338941
3524,0,1,1,1.407112
3525,1,1,0,0.32330137
3526,0,0,0,0.20134044
3527,1,1,0,0.26096025
3528,1,1,0,0.2226208
3529,0,1,1,1.6470635
3530,0,1,1,2.038347
3531,0,0,0,0.10713268
3532,1,1,0,0.3499642
3533,1,0,1,1.5082287
3535,1,1,0,0.24441178
3536,1,1,0,0.23018277
3537,0,1,1,0.80104184
3538,1,0,1,1.0008686
3539,0,0,0,0.20907237
3540,1,1,0,0.23393206
3542,1,0,1,1.5349731
3543,1,1,0,0.23997816
3544,0,0,0,0.25085524
3545,0,0,0,0.106287524
3546,1,0,1,1.5663183
3547,0,1,1,1.7199761
3548,0,0,0,0.217239
3549,1,0,1,1.5827254
3550,0,0,0,0.19523425
3551,0,0,0,0.20241338
3552,0,0,0,0.28911167
3553,1,0,1,1.1777812
3554,0,0,0,0.26159033
3555,0,0,0,0.09682876
3556,1,1,0,0.8774457
3557,1,1,0,0.17595695
3558,1,0,1,1.6094664
3559,1,1,0,0.39028895
3560,1,1,0,0.30786586
3561,0,0,0,0.18375614
3562,0,0,0,0.21897464
3563,0,0,0,0.2216568
3564,0,0,0,0.21357393
3565,1,0,1,0.98150134
3566,0,1,1,1.675841
3567,1,1,0,0.2479546
3568,0,0,0,0.22580336
3569,1,0,1,1.909445
3570,1,1,0,0.2435822
3571,1,1,0,0.16437417
3572,0,0,0,0.2983974
3573,1,1,0,0.23601055
3574,1,1,0,0.24758847
3575,1,1,0,0.19101645
3576,0,0,0,0.21875474
3577,0,0,0,0.19719541
3578,1,1,0,0.88038516
3579,1,1,0,0.6921716
3580,0,0,0,0.20379053
3581,0,0,0,0.77764374
3582,0,0,0,0.067802854
3583,1,1,0,0.19840373
3584,1,1,0,0.20531552
3585,0,0,0,0.22712938
3586,0,0,0,0.20120797
3587,0,0,0,0.598743
3588,1,1,0,0.13561563
3589,1,1,0,0.14180627
3590,0,0,0,0.2147691
3591,0,0,0,0.838763
3592,1,1,0,0.1356094
3593,1,1,0,0.238377
3594,0,0,0,0.1036328
3595,0,0,0,0.21106556
3596,1,0,1,1.7707467
3597,1,1,0,0.8092073
3598,1,1,0,0.2607304
3599,0,0,0,0.19527309
3600,1,0,1,1.1192273
3601,0,0,0,0.1835453
3602,1,1,0,0.2520985
3603,1,1,0,0.13383451
3604,1,1,0,0.250774
3605,1,0,1,1.5046709
3606,0,1,1,1.1852031
3607,1,0,1,1.891988
3608,0,1,1,2.043944
3609,1,1,0,0.2921399
3611,1,1,0,0.23037913
3612,1,0,1,1.5376503
3613,1,1,0,0.23767774
3614,1,1,0,0.23961501
3616,0,0,0,0.26784492
3617,0,0,0,0.22324407
3618,1,1,0,0.10884928
3619,1,1,0,0.24033454
3620,0,0,0,0.21754807
3621,0,0,0,0.22927657
3622,1,1,0,0.53220433
3623,1,1,0,0.27087694
3624,1,1,0,0.4102408
3625,1,1,0,0.23289126
3626,0,0,0,0.17878495
3627,0,0,0,0.0576984
3628,0,0,0,0.19227278
3629,0,0,0,0.49730927
3630,1,0,1,1.5432812
3631,0,0,0,0.13828233
3632,1,1,0,0.2472466
3633,1,1,0,0.26510596
3634,0,0,0,0.30847633
3635,0,0,0,0.30216506
3636,1,1,0,0.2738006
3637,1,1,0,0.33887053
3638,0,1,1,1.625995
3639,1,1,0,0.25108257
3640,1,1,0,0.13543719
3641,1,1,0,0.20631504
3642,0,1,1,1.6260786
3643,1,0,1,1.5427009
3644,0,0,0,0.171445
3645,1,1,0,0.21258712
3646,0,0,0,0.1541441
3647,0,0,0,0.26283428
3648,1,1,0,0.22638641
3649,0,0,0,0.19140223
3650,1,1,0,0.25024915
3651,1,0,1,1.4556124
3652,1,0,1,1.518133
3653,1,1,0,0.135679
3654,0,1,1,1.6529588
3655,1,1,0,0.25349027
3656,0,0,0,0.21521117
3657,0,0,0,0.20574364
3658,0,0,0,0.19397174
3659,0,0,0,0.1717377
3660,1,0,1,1.5399003
3661,1,0,1,1.5390966
3662,0,0,0,0.20039548
3663,1,0,1,1.4770997
3664,1,1,0,0.14682788
3665,1,1,0,0.2532906
3666,0,0,0,0.2883368
3667,0,0,0,0.31442738
3668,1,0,1,1.5508242
3669,0,0,0,0.21383674
3670,1,1,0,0.2698531
3671,0,0,0,0.18811654
3672,0,0,0,0.20208666
3673,0,0,0,0.20211539
3676,0,0,0,0.22011441
3677,0,1,1,1.5965933
3678,1,1,0,0.2508046
3679,1,1,0,0.25288337
3680,0,0,0,0.17000285
3681,1,1,0,0.39766195
3682,1,1,0,0.22960162
3683,0,0,0,0.2723939
3684,1,0,1,1.6478859
3685,1,1,0,0.25937733
3686,0,0,0,0.14950469
3687,0,0,0,0.20715973
3688,1,1,0,0.22496417
3689,1,1,0,0.12158466
3690,0,1,1,0.82523865
3691,1,1,0,0.24415623
3692,1,0,1,1.7447257
3693,0,1,1,1.8411509
3694,0,0,0,0.19270398
3696,1,1,0,0.23862717
3697,0,0,0,0.12967473
3698,0,0,0,0.20752905
3699,0,0,0,0.23226225
3700,0,0,0,0.19452018
3701,1,1,0,0.13439795
3702,0,0,0,0.42856047
3703,1,1,0,1.3618221
3704,1,1,0,0.31607515
3705,1,1,0,0.16430135
3706,0,0,0,0.20931382
3707,1,0,1,1.5225596
3708,1,1,0,0.3137374
3709,1,1,0,0.24151714
3710,0,0,0,0.24801654
3711,0,1,1,0.6546772
3712,0,0,0,0.6178215
3713,0,0,0,0.07661223
3714,1,1,0,0.2414576
3715,1,1,0,0.17625573
3717,1,1,0,0.2569437
3718,1,1,0,0.4606216
3719,1,1,0,0.24201103
3720,1,1,0,0.23630178
3721,0,0,0,0.2206431
3722,1,1,0,0.27061898
3724,1,1,0,0.2538402
3725,1,0,1,1.8277304
3726,0,0,0,0.21303143
3727,0,0,0,0.24918573
3728,0,0,0,0.19892561
3729,1,1,0,0.19998801
3730,0,0,0,0.22617146
3731,0,0,0,0.21496372
3732,0,0,0,0.17813565
3733,1,0,1,1.5096246
3734,1,1,0,0.5299459
3735,1,1,0,0.1497609
3736,0,0,0,0.28954586
3737,0,1,1,1.6860262
3738,0,0,0,0.18999696
3739,1,0,1,0.7673031
3740,0,1,1,1.4468495
3741,0,0,0,0.25847608
3742,0,1,1,1.6232857
3743,0,0,0,0.33267757
3744,0,0,0,0.25728497
3745,1,1,0,0.20340233
3746,0,1,1,0.48227713
3747,1,1,0,0.24630734
3748,0,1,1,2.0647624
3749,0,0,0,0.07801894
3751,1,1,0,0.23508814
3752,1,1,0,0.24562238
3753,0,0,0,0.6153903
3754,1,1,0,0.24828248
3755,1,1,0,0.44593364
3756,0,1,1,0.83936226
3757,0,1,1,1.6636095
3758,0,0,0,0.20710468
3759,1,1,0,0.24385743
3760,1,1,0,0.2588705
3761,1,1,0,0.44922018
3762,0,0,0,0.19138038
3763,0,0,0,0.18353699
3764,1,0,1,0.3844017
3765,0,0,0,0.20263816
3766,1,1,0,0.10625419
3767,0,1,1,1.1176444
3768,1,0,1,1.9072425
3769,0,0,0,0.21761002
3770,1,0,1,1.5808197
3771,1,0,1,1.5562719
3772,1,1,0,0.22868209
3773,1,1,0,0.16865052
3774,0,0,0,0.28812128
3775,1,1,0,0.29234424
3776,0,0,0,0.22739036
3777,1,1,0,0.15653104
3778,0,0,0,0.22679955
3779,1,0,1,1.4883126
3780,1,1,0,0.16079977
3781,0,1,1,1.6995076
3782,0,1,1,1.1848377
3783,0,0,0,0.2244454
3784,1,1,0,0.17165959
3785,1,1,0,0.5623715
3786,1,1,0,0.23797314
3787,0,0,0,0.26578957
3788,1,1,0,0.9825884
3789,1,1,0,0.22749522
3790,0,1,1,0.24305414
3791,0,0,0,0.16112158
3792,0,0,0,0.2931491
3793,0,0,0,0.21048518
3794,1,1,0,0.20551366
3795,0,0,0,0.3076769
3796,1,1,0,0.23952597
3797,0,0,0,0.19380432
3798,1,0,1,1.5459543
3799,1,1,0,0.2588374
3800,0,0,0,0.2047477
3801,0,0,0,0.20167178
3802,0,0,0,0.20316914
3803,0,0,0,0.032201376
3804,0,0,0,0.7383908
3805,0,0,0,0.19142635
3806,1,1,0,0.23802555
3807,0,0,0,0.18741088
3808,1,1,0,0.2489524
3809,0,0,0,0.21152514
3810,0,0,0,0.19809224
3811,1,0,1,1.5367886
3812,0,0,0,0.2757943
3813,1,1,0,0.24741684
3814,0,0,0,0.22663476
3815,0,0,0,0.38395244
3816,0,0,0,0.11574051
3817,1,0,1,1.536866
3818,0,0,0,0.21444647
3819,1,1,0,0.561564
3821,0,0,0,0.2551479
3822,1,1,0,0.23450662
3823,0,0,0,0.21157624
3824,0,0,0,0.2087721
3825,0,0,0,0.23849626
3826,0,0,0,0.6842754
3828,1,1,0,0.23396118
3829,1,1,0,0.25225702
3830,1,1,0,0.2486322
3831,0,1,1,1.3513753
3832,1,1,0,0.2470397
3833,1,1,0,0.23858538
3834,0,0,0,0.19202232
3835,1,1,0,0.2531941
3836,1,1,0,0.24777159
3837,0,0,0,0.28572217
3838,1,1,0,0.23414806
3839,1,0,1,1.5572456
3840,0,0,0,0.24597462
3841,1,1,0,0.2144761
3842,0,0,0,0.33830923
3843,0,0,0,0.28929362
3844,0,0,0,1.239861
3845,0,0,0,0.20476665
3846,0,0,0,0.18110074
3847,1,1,0,0.24990271
3848,1,0,1,1.8583181
3849,0,0,0,0.20312564
3851,1,1,0,0.32721052
3852,0,0,0,0.20612301
3854,0,0,0,0.1818987
3855,1,1,0,0.30223194
3856,1,1,0,0.19491354
3857,1,1,0,0.17204258
3858,1,1,0,0.51883554
3860,0,0,0,0.23849325
3861,1,1,0,0.21491602
3862,0,0,0,0.17779452
3863,1,1,0,0.4028805
3864,1,0,1,1.5480589
3865,1,0,1,2.3347523
3866,1,1,0,0.24125606
3867,1,1,0,0.33611214
3868,0,0,0,0.7193494
3869,0,1,1,1.6595192
3870,0,0,0,1.1974522
3871,0,0,0,0.21336652
3873,0,0,0,0.20739006
3874,1,1,0,0.2574317
3876,0,0,0,0.20166658
3877,1,1,0,0.24128267
3879,0,0,0,0.1877012
3880,0,0,0,0.1677002
3881,1,1,0,0.28641683
3882,0,0,0,0.1798265
3883,1,1,0,0.22999004
3884,1,0,1,1.4823966
3885,1,1,0,0.18502139
3886,0,0,0,0.20644353
3887,0,1,1,1.5998113
3888,1,1,0,0.10962262
3889,1,0,1,1.5284789
3890,1,1,0,0.23117262
3891,0,0,0,0.21594176
3892,0,1,1,1.6051682
3893,0,0,0,0.20281307
3894,0,1,1,1.6334319
3895,0,0,0,0.21898489
3896,1,0,1,1.478113
3897,1,1,0,0.18708566
3898,0,1,1,1.9011366
3899,1,1,0,0.24677417
3900,0,0,0,0.20051567
3901,1,1,0,0.6764325
3902,1,1,0,0.397092
3904,1,1,0,0.25698674
3905,0,0,0,0.8925395
3906,1,1,0,0.19806379
3907,1,1,0,2.0007672
3908,0,0,0,0.2356528
3909,0,1,1,1.628783
3911,0,0,0,0.20186011
3912,0,1,1,2.373737
3913,0,0,0,0.32818455
3914,0,0,0,0.3672963
3915,1,1,0,0.2384555
3916,1,1,0,0.25357705
3917,1,1,0,0.36635876
3918,0,0,0,0.42472136
3919,1,0,1,1.4357471
3920,0,1,1,0.7337698
3922,0,0,0,0.20017216
3923,0,0,0,0.42598927
3924,1,1,0,0.20601368
3925,0,1,1,0.69730556
3926,0,1,1,0.965113
3927,1,0,1,1.496114
3928,1,1,0,0.15082745
3929,1,0,1,1.5338445
3930,0,0,0,0.7782426
3931,0,0,0,0.20725489
3932,0,0,0,0.21459202
3933,0,0,0,0.22533193
3934,1,1,0,0.27774826
3935,0,0,0,0.49996644
3936,0,0,0,0.19725531
3937,1,0,1,1.5756009
3938,0,0,0,0.2055513
3939,0,1,1,1.6996317
3940,1,1,0,0.242092
3941,1,1,0,0.4786193
3942,0,1,1,1.6113493
3943,0,0,0,0.22328238
3944,1,1,0,0.24387695
3945,1,1,0,0.2416265
3946,1,1,0,0.288644
3947,1,1,0,0.24459082
3948,0,0,0,0.21899791
3949,1,1,0,0.23948336
3950,0,0,0,0.18443432
3951,1,1,0,0.24582267
3952,0,1,1,0.8161306
3953,0,0,0,0.4319841
3954,0,1,1,0.5457721
3955,0,0,0,0.17911997
3956,0,1,1,1.6126349
3957,0,0,0,0.3782449
3959,0,0,0,0.21083833
3960,0,0,0,0.16456653
3961,1,0,1,1.6452457
3962,0,0,0,0.4386748
3963,1,0,1,1.5703366
3965,1,1,0,0.22553125
3966,1,0,1,1.537038
3967,0,0,0,0.18825005
3968,0,0,0,0.37888166
3969,0,0,0,0.24435446
3970,1,0,1,0.5599811
3971,0,0,0,0.21820354
3972,1,1,0,0.19396092
3973,1,1,0,0.32424515
3974,1,1,0,0.1537167
3975,1,1,0,0.24154362
3976,1,1,0,0.2498821
3977,1,0,1,1.5664428
3978,0,0,0,0.19861858
3979,0,1,1,1.6835145
3980,0,0,0,0.21994354
3981,1,1,0,0.24832085
3983,1,1,0,0.48695755
3984,1,0,1,1.5229847
3985,1,1,0,0.3736785
3986,0,0,0,0.3086226
3987,1,1,0,0.23895024
3988,0,1,1,1.4729106
3989,1,1,0,0.24399006
3990,1,1,0,0.23491293
3991,1,0,1,2.0415552
3992,0,0,0,0.20186868
3993,1,1,0,0.22788352
3994,1,1,0,0.23073366
3995,1,1,0,0.2339044
3996,1,1,0,0.2517448
3997,0,0,0,0.113440655
3999,0,0,0,0.2269737
4000,0,1,1,1.6149265
4001,0,0,0,0.7093222
4002,0,0,0,0.21287669
4003,0,0,0,0.3204784
4004,0,0,0,0.22495008
4005,1,1,0,0.24280216
4006,1,0,1,1.8656199
4008,0,1,1,1.6800094
4009,1,1,0,0.25540206
4010,0,0,0,0.13297293
4011,0,1,1,0.6178603
4012,0,0,0,0.21855061
4013,1,1,0,0.2502991
4014,0,0,0,0.19590011
4015,0,0,0,0.21010652
4017,1,0,1,1.7197646
4018,0,0,0,0.6255183
4019,1,1,0,0.24254486
4020,1,1,0,0.24953607
4022,0,1,1,1.8611865
4023,0,0,0,0.21525441
4024,0,0,0,0.19726864
4025,0,0,0,0.2341559
4026,0,0,0,0.06182049
4027,0,0,0,0.20957294
4028,1,0,1,1.7999557
4029,0,0,0,0.3073596
4030,1,0,1,1.9728967
4031,0,0,0,0.2171141
4032,1,1,0,0.17596376
4033,1,1,0,0.2552158
4034,1,0,1,1.5578859
4035,1,1,0,0.23660812
4036,1,1,0,0.2561368
4037,0,1,1,0.62300086
4038,1,1,0,0.19093677
4040,0,0,0,0.19604424
4041,0,0,0,0.21282378
4042,1,1,0,0.25659338
4043,0,0,0,0.07274312
4044,0,0,0,0.1812885
4045,0,0,0,0.19765317
4046,1,1,0,0.2515385
4047,0,1,1,1.4399481
4048,1,1,0,0.24649836
4049,1,1,0,0.38066006
4050,0,0,0,0.1088727
4051,0,0,0,0.0879289
4052,1,0,1,1.5202084
4053,1,0,1,1.5722048
4054,0,0,0,0.30266044
4055,1,0,1,1.2064478
4056,0,0,0,0.1932209
4057,0,0,0,0.21143404
4058,1,1,0,0.24090435
4059,1,1,0,0.24311967
4060,0,0,0,0.19940689
4061,1,1,0,0.2557863
4062,0,0,0,0.22668637
4064,1,1,0,0.2665491
4065,0,0,0,0.19994153
4066,0,0,0,0.21026793
4067,0,0,0,0.18674657
4068,1,0,1,1.5581036
4069,0,0,0,0.2297679
4070,0,0,0,0.2598975
4072,0,0,0,0.2051658
4073,1,1,0,0.2168841
4074,0,0,0,0.14464079
4076,0,0,0,0.19683872
4077,1,0,1,1.5078452
4078,0,0,0,0.051810067
4079,0,0,0,0.20094803
4080,1,1,0,0.30996886
4081,1,1,0,0.24828276
4082,0,0,0,0.23984462
4083,0,0,0,0.19750623
4084,1,1,0,0.25038087
4085,1,1,0,0.22793287
4086,1,0,1,1.568606
4087,0,0,0,0.21955502
4088,1,1,0,0.2550815
4089,0,1,1,1.6046977
4090,0,0,0,0.236061
4091,1,1,0,0.30319116
4092,0,0,0,0.22321594
4093,0,1,1,0.8183745
4094,1,1,0,0.25753948
4095,0,1,1,1.8481371
4096,0,0,0,0.19824077
4097,1,1,0,0.14886105
4098,1,1,0,0.24736832
4099,1,1,0,0.3458888
4100,0,0,0,0.79069626
4101,0,0,0,0.20692159
4102,1,1,0,0.2502346
4103,1,0,1,1.5281274
4104,1,1,0,0.24723047
4105,1,1,0,0.27010918
4106,1,0,1,1.5892254
4107,1,1,0,0.24739373
4108,0,0,0,0.21832016
4109,0,0,0,0.43116185
4110,1,1,0,0.25843334
4111,0,0,0,0.21232048
4112,1,1,0,0.232615
4113,0,0,0,0.2112144
4114,0,0,0,0.20689905
4115,0,0,0,0.19878356
4116,1,1,0,0.21690232
4117,0,0,0,0.414327
4118,1,1,0,0.3157512
4119,0,0,0,0.21488735
4120,0,0,0,0.20775971
4121,1,1,0,0.31562233
4122,1,0,1,1.5889431
4123,0,0,0,0.2189486
4124,1,1,0,0.12106348
4125,1,1,0,0.23761608
4126,1,0,1,1.2454377
4127,0,0,0,0.24602021
4128,0,0,0,0.22360149
4129,0,0,0,0.19801155
4130,1,1,0,0.25378785
4131,1,1,0,0.17442055
4132,1,1,0,0.14994521
4133,1,0,1,1.5499071
4134,0,0,0,0.4099617
4135,1,1,0,0.2333913
4136,0,0,0,0.25729787
4137,1,0,1,1.5105095
4138,0,1,1,1.5959166
4139,1,1,0,0.15240858
4140,1,1,0,0.24065594
4141,1,1,0,0.2519988
4142,0,0,0,0.43088093
4143,0,0,0,0.10420418
4144,0,0,0,0.15554953
4145,0,1,1,0.3128295
4146,1,0,1,1.53489
4147,0,0,0,0.12426899
4148,1,1,0,0.2340543
4149,1,1,0,0.24055114
4150,0,0,0,0.23191984
4151,1,1,0,0.15498222
4152,0,0,0,0.28279608
4153,1,1,0,0.19553283
4154,1,1,0,0.24132724
4155,1,1,0,0.2358548
4156,0,1,1,2.5365424
4157,1,1,0,0.3440081
4158,1,1,0,0.23896983
4159,0,0,0,0.19043565
4160,1,1,0,0.24177948
4161,1,0,1,1.4995339
4162,0,1,1,1.646935
4163,1,1,0,0.7056258
4164,0,0,0,0.18586643
4165,0,0,0,0.11922627
4166,1,0,1,1.9397999
4167,0,0,0,0.28508547
4168,0,0,0,0.29745707
4169,1,1,0,0.24914643
4170,1,1,0,0.34297204
4171,1,1,0,0.72467893
4172,0,0,0,0.21419844
4173,1,1,0,0.24215458
4174,0,0,0,0.21348122
4175,0,0,0,0.32262158
4176,0,1,1,1.6400263
4177,1,1,0,0.8038089
4178,0,0,0,0.22163206
4179,1,1,0,0.24723008
4180,0,0,0,0.16545548
4181,0,0,0,0.31932926
4183,0,0,0,0.20920998
4184,0,0,0,0.21829648
4185,0,1,1,1.6888604
4186,0,0,0,0.6803673
4187,0,0,0,0.3238529
4188,0,0,0,0.21192561
4189,0,0,0,1.3498683
4190,1,1,0,0.23413938
4191,1,1,0,0.23873374
4192,1,1,0,0.254376
4193,0,0,0,0.5341908
4194,1,1,0,0.23664604
4195,1,0,1,1.3261179
4196,1,1,0,0.24411066
4197,1,0,1,0.84353673
4198,1,0,1,1.5445849
4199,1,1,0,0.18063335
4200,1,0,1,1.5406702
4201,0,0,0,0.21687037
4202,0,1,1,1.816411
4204,1,1,0,0.094964005
4205,0,0,0,0.2473258
4206,0,0,0,0.18774934
4207,1,1,0,0.24737701
4208,0,0,0,0.22041662
4209,0,1,1,1.6878889
4210,0,0,0,0.19933812
4211,0,1,1,1.6433415
4212,0,1,1,1.5623775
4213,1,0,1,1.5907029
4214,1,1,0,0.4194753
4215,0,0,0,0.16578166
4216,0,0,0,0.13339718
4217,0,0,0,0.20142914
4218,0,0,0,0.2052788
4219,1,1,0,0.17523797
4220,0,0,0,0.18003324
4221,0,0,0,0.35159054
4222,0,0,0,0.19016896
4223,1,1,0,0.2400483
4224,0,0,0,0.20454611
4225,1,0,1,1.5519596
4226,0,1,1,1.7210538
4228,1,1,0,0.2770118
4229,1,1,0,0.24620764
4230,1,1,0,0.23485997
4231,1,1,0,0.23091963
4232,1,1,0,0.24270779
4233,0,0,0,0.45861667
4234,1,1,0,0.24175224
4235,1,1,0,0.4694789
4236,0,0,0,0.20262882
4237,0,0,0,0.21567428
4238,0,0,0,0.19829457
4239,1,1,0,0.24966136
4240,0,0,0,0.3274003
4241,0,0,0,0.23241064
4242,0,0,0,0.6323001
4243,1,1,0,0.41792542
4244,0,0,0,0.21566315
4245,1,1,0,0.24169017
4246,1,0,1,1.5419381
4247,0,0,0,0.20842671
4248,1,1,0,0.25541082
4249,0,0,0,0.6531627
4250,0,0,0,0.22567464
4251,0,1,1,1.760326
4252,0,0,0,0.20815988
4254,0,0,0,0.1819954
4255,1,1,0,0.23438026
4256,1,1,0,0.24741255
4257,0,0,0,0.09095968
4258,1,0,1,1.4921052
4259,1,1,0,0.2776037
4260,0,1,1,1.7612207
4261,0,0,0,0.20751755
4262,0,0,0,0.23805441
4263,1,1,0,0.27510932
4264,0,0,0,0.22095744
4265,1,1,0,0.24955873
4266,0,0,0,0.2782587
4267,1,1,0,0.22939911
4268,0,1,1,1.6299527
4269,0,0,0,1.0624564
4270,1,1,0,0.22629902
4271,0,0,0,0.22928643
4272,0,0,0,1.1906799
4273,1,1,0,0.27761632
4274,0,0,0,0.30407664
4275,0,0,0,0.4426169
4276,1,1,0,0.18540545
4277,1,0,1,0.8999859
4278,1,1,0,0.254276
4279,0,0,0,0.21733485
4280,0,1,1,1.8811119
4281,1,1,0,0.23047875
4282,1,1,0,0.28276113
4283,1,1,0,0.2531542
4284,1,1,0,0.24787246
4285,0,0,0,0.21764377
4286,1,1,0,0.5887804
4287,0,0,0,0.6975371
4288,0,0,0,0.34280774
4289,1,1,0,0.23331647
4290,0,1,1,1.4012234
4291,0,1,1,1.5572851
4292,0,0,0,0.22568949
4293,0,0,0,0.21084972
4294,0,0,0,0.10192293
4295,0,0,0,0.2040503
4296,0,1,1,1.6976264
4297,1,0,1,0.5099659
4298,0,0,0,0.19995998
4299,0,0,0,0.75285286
4300,0,0,0,0.2889589
4301,1,0,1,1.5437003
4302,0,0,0,0.4686586
4303,0,0,0,0.2748613
4304,0,0,0,0.21458468
4305,1,1,0,0.14220385
4306,0,1,1,1.6482596
4307,0,1,1,1.7136915
4308,1,1,0,0.22297817
4309,0,0,0,0.3398042
4310,1,1,0,0.2529452
4311,1,1,0,0.23834758
4312,1,1,0,0.1615572
4313,1,1,0,0.24193478
4314,0,0,0,0.35288343
4315,1,1,0,0.2635135
4316,1,1,0,0.23901208
4317,0,0,0,0.19957806
4318,1,1,0,0.09832469
4319,1,1,0,0.24936283
4320,0,0,0,0.23047346
4321,0,0,0,0.12166088
4322,0,0,0,0.2627282
4323,0,0,0,0.21575913
4324,1,1,0,0.2511207
4325,0,1,1,1.027841
4326,1,1,0,0.24588606
4327,1,1,0,0.8668947
4328,1,1,0,0.22574313
4329,1,0,1,1.559035
4330,1,1,0,1.7508799
4331,1,1,0,0.10192961
4332,1,1,0,0.112648
4333,1,1,0,0.2585486
4334,0,0,0,0.18293206
4335,1,1,0,0.24742584
4336,1,1,0,0.24690083
4337,1,1,0,0.24492757
4338,1,1,0,0.8683763
4339,0,0,0,0.3743848
4340,0,1,1,0.7166978
4341,0,0,0,0.19426431
4342,0,0,0,0.343367
4343,1,0,1,1.5725763
4344,1,1,0,0.22662203
4345,1,1,0,0.2430076
4346,1,0,1,1.5138978
4347,0,0,0,0.2008634
4348,0,0,0,0.20590007
4349,1,1,0,0.44444734
4350,1,1,0,0.23284326
4351,1,1,0,0.38176373
4352,1,1,0,0.30586314
4353,1,1,0,0.24769734
4354,0,1,1,0.8425702
4355,0,1,1,1.8670013
4357,1,1,0,0.22809048
4358,1,1,0,0.2643406
4359,1,1,0,0.6530417
4360,1,0,1,1.521882
4361,1,1,0,0.2207323
4362,1,1,0,0.2364745
4363,1,1,0,0.4802521
4364,0,0,0,0.19300115
4365,1,1,0,0.33799678
4366,1,1,0,0.23345466
4367,0,0,0,0.20849149
4368,0,0,0,0.41140044
4369,1,1,0,0.24105169
4370,1,1,0,0.10304066
4371,1,1,0,0.9205788
4372,0,1,1,0.9110839
4373,0,1,1,1.6838578
4374,1,1,0,0.19327003
4375,1,1,0,0.33523056
4376,1,1,0,0.41787502
4377,1,1,0,0.26559663
4378,1,1,0,0.24443327
4379,0,1,1,1.1539677
4380,0,0,0,0.37415767
4381,1,0,1,1.5210749
4382,1,1,0,0.22710052
4383,1,1,0,0.24249326
4384,1,1,0,0.25392935
4385,1,1,0,1.4559741
4386,0,0,0,0.41813788
4387,1,1,0,0.25704473
4388,1,1,0,0.23152885
4389,0,0,0,0.23155248
4390,0,0,0,0.33910704
4391,1,1,0,0.18451312
4392,0,0,0,0.65227056
4393,0,0,0,1.0031717
4394,1,1,0,0.1374737
4395,0,1,1,1.7155241
4396,1,1,0,0.26468354
4397,0,0,0,0.10131049
4398,0,1,1,1.0573555
4399,1,1,0,0.24335103
4400,0,0,0,0.20399567
4401,0,1,1,1.236146
4402,1,0,1,1.4666923
4403,1,1,0,0.1351293
4404,1,1,0,0.2492061
4405,1,1,0,0.20176657
4406,0,0,0,1.0147878
4408,0,0,0,0.1563503
4409,0,0,0,0.30307803
4410,0,0,0,0.34082392
4411,0,0,0,0.28416705
4412,1,1,0,0.24895148
4413,0,0,0,0.18686822
4414,1,1,0,0.77642214
4415,1,0,1,1.6305437
4416,1,0,1,1.0648974
4418,1,1,0,0.48756504
4419,0,0,0,0.20274115
4420,0,0,0,0.39494237
4421,0,0,0,0.77453303
4422,0,1,1,1.2571913
4423,1,0,1,1.8163257
4424,0,1,1,1.6602179
4425,1,1,0,0.23439083
4426,0,0,0,0.30469176
4427,1,0,1,1.1568432
4428,1,0,1,1.0156403
4429,1,0,1,0.6882802
4430,1,1,0,0.21592425
4431,1,1,0,0.25115955
4432,0,0,0,0.28034326
4433,1,1,0,0.34878477
4434,1,0,1,0.97976375
4435,0,0,0,0.2748451
4436,1,1,0,0.22889917
4437,1,1,0,0.24301434
4438,1,0,1,1.5315055
4439,1,1,0,0.3396199
4440,1,1,0,0.25607443
4441,0,0,0,0.22844906
4442,1,1,0,0.17554298
4443,0,0,0,0.20837775
4444,0,1,1,1.6021976
4445,1,1,0,0.24915871
4446,1,1,0,0.244563
4447,0,1,1,1.6589521
4448,0,0,0,0.2059324
4449,1,1,0,0.27068564
4450,1,0,1,1.3866041
4451,0,0,0,0.38391635
4452,1,1,0,0.24690372
4453,0,0,0,0.36746773
4454,1,1,0,0.21852742
4455,1,0,1,1.5844461
4457,0,0,0,0.8133443
4458,1,1,0,0.1424361
4459,0,0,0,0.4771246
4460,1,1,0,0.29432377
4461,0,0,0,0.21411769
4462,1,1,0,0.36033988
4463,1,1,0,0.29459292
4464,1,1,0,0.24650551
4465,1,1,0,0.23545462
4466,1,0,1,1.5260559
4467,0,0,0,0.22827685
4468,0,0,0,0.24791048
4469,1,0,1,1.4267093
4470,1,1,0,0.2579845
4471,0,0,0,0.3494126
4472,1,1,0,0.25286576
4473,1,1,0,0.6717444
4474,1,1,0,0.25524968
4475,0,0,0,0.21231788
4476,1,0,1,1.5179169
4477,0,0,0,0.19426303
4478,0,1,1,1.6368753
4479,1,0,1,1.523999
4480,0,0,0,0.36191452
4481,1,1,0,0.12656856
4482,1,0,1,1.5155764
4483,0,0,0,0.20813265
4485,1,0,1,1.7712026
4486,1,1,0,0.9800364
4487,1,1,0,0.24613325
4488,0,0,0,0.22623087
4489,1,1,0,0.4470148
4490,0,0,0,0.11217659
4491,0,1,1,0.9630921
4492,1,1,0,0.24650308
4493,1,1,0,0.2464471
4494,0,0,0,0.21379074
4495,1,1,0,0.16793463
4496,0,0,0,0.33361566
4497,0,0,0,0.322348
4498,0,0,0,0.20155855
4499,1,0,1,2.4984417
4500,1,0,1,2.0489588
4501,0,0,0,0.512973
4502,0,0,0,0.06910621
4503,0,0,0,0.20898664
4504,0,0,0,0.3405567
4505,0,0,0,0.22477101
4506,1,1,0,0.24848725
4507,1,0,1,1.5691282
4508,1,1,0,0.24688175
4509,1,1,0,0.42069194
4510,1,1,0,0.23743363
4511,0,0,0,0.22001423
4512,0,1,1,1.4926927
4513,1,1,0,0.2555001
4514,1,1,0,0.14430961
4515,1,0,1,1.5501065
4516,0,0,0,0.108775176
4517,0,0,0,0.20213662
4518,0,0,0,0.2043689
4519,0,1,1,1.4404155
4520,0,0,0,0.17675814
4521,0,0,0,0.06731817
4522,1,1,0,0.1536943
4523,1,1,0,0.26248822
4524,1,1,0,0.23721983
4526,1,1,0,0.24910732
4527,0,0,0,0.14204864
4528,0,0,0,0.19394472
4530,1,0,1,1.2379824
4531,0,0,0,0.42460015
4532,0,0,0,0.18999252
4533,0,0,0,0.19210556
4534,0,1,1,1.375455
4535,0,0,0,0.21072516
4536,1,1,0,0.14127152
4537,0,0,0,0.493421
4538,1,0,1,1.4333063
4539,0,1,1,1.7076422
4540,0,0,0,0.4009795
4541,0,0,0,0.23625426
4542,0,0,0,0.535133
4544,1,1,0,0.27073866
4545,1,1,0,0.20452416
4546,1,1,0,0.33274278
4547,1,1,0,0.23808482
4548,0,1,1,0.9393177
4549,1,1,0,0.23256293
4550,0,0,0,0.33168635
4551,1,1,0,0.22510172
4552,1,1,0,0.23409751
4553,0,0,0,0.23729613
4554,0,0,0,0.16765614
4555,1,1,0,0.25012553
4556,0,0,0,0.19933884
4557,0,0,0,0.21072362
4558,1,1,0,0.24756806
4559,1,1,0,0.24955548
4560,1,1,0,0.2463054
4561,1,1,0,0.1792269
4562,1,1,0,0.23437986
4563,1,0,1,1.5542028
4564,1,0,1,1.4836278
4565,0,0,0,0.21205932
4567,1,1,0,0.25296527
4568,0,0,0,0.2541522
4569,0,0,0,0.20947655
4570,1,1,0,0.23070565
4571,1,1,0,0.23779729
4572,1,1,0,1.060908
4573,1,1,0,0.23776752
4574,0,0,0,0.2132051
4575,1,0,1,2.0338364
4576,0,0,0,0.20087178
4577,0,0,0,0.055548985
4578,1,1,0,0.2531429
4579,0,0,0,0.18943469
4580,1,1,0,0.23755631
4581,0,0,0,0.14158592
4582,1,1,0,0.2551529
4583,0,0,0,0.20461382
4584,0,0,0,0.21169107
4586,0,0,0,0.20474131
4587,1,1,0,0.23317198
4588,1,1,0,0.23722413
4589,0,0,0,0.2132628
4590,1,1,0,0.1909027
4591,1,1,0,0.24777716
4592,0,0,0,0.2117666
4593,0,0,0,0.19988178
4594,0,0,0,0.20166826
4595,0,0,0,0.72722894
4596,0,1,1,1.213274
4597,0,0,0,0.184806
4598,0,0,0,0.19033623
4599,0,0,0,0.12090853
4600,0,0,0,0.11879838
4601,1,1,0,0.24370638
4602,0,0,0,0.1969452
4603,0,0,0,0.1964319
4604,0,0,0,0.23928547
4605,1,0,1,1.5297809
4606,0,0,0,0.97746587
4608,1,1,0,0.2522573
4609,0,0,0,0.19304292
4610,1,1,0,0.23656936
4611,0,0,0,0.19441468
4612,0,1,1,1.6936868
4613,0,0,0,0.26910904
4614,1,1,0,0.14391287
4615,0,1,1,0.39291245
4616,1,1,0,0.24627344
4617,0,0,0,0.1816173
4618,1,1,0,0.25254884
4619,0,0,0,0.32526037
4620,1,1,0,0.2465115
4621,0,0,0,0.4060083
4622,1,1,0,0.3558781
4623,0,0,0,0.20326601
4624,1,0,1,1.5539908
4625,0,0,0,0.37666783
4626,0,0,0,0.19950856
4627,0,0,0,0.5517844
4628,1,0,1,1.5737047
4629,1,1,0,0.18317725
4630,0,0,0,0.20678958
4631,1,0,1,1.289298
4632,1,1,0,0.24359117
4633,0,0,0,0.37962043
4634,0,1,1,1.0909051
4635,1,1,0,0.14997782
4636,0,0,0,0.36584944
4637,0,1,1,1.740037
4638,1,0,1,1.7813265
4639,0,0,0,0.21507351
4640,1,1,0,0.24032621
4641,1,1,0,0.18131338
4642,1,0,1,1.7389449
4644,0,0,0,0.19603346
4645,0,0,0,0.43853775
4646,0,1,1,1.6279547
4647,0,0,0,0.24484742
4648,0,0,0,1.0375834
4649,1,1,0,0.16272435
4650,0,0,0,0.29940146
4651,1,0,1,0.9001499
4652,1,1,0,0.23679061
4653,0,0,0,0.20623222
4654,1,1,0,0.23789549
4655,1,1,0,0.49839514
4656,1,1,0,0.25801557
4657,1,1,0,0.3523476
4659,1,0,1,1.5624179
4660,0,1,1,1.6579849
4661,1,1,0,0.23758817
4662,1,1,0,0.2574303
4663,0,0,0,0.21276481
4664,1,0,1,1.5251827
4665,0,0,0,0.1932876
4666,0,0,0,0.2013761
4667,1,1,0,0.25732604
4668,1,1,0,0.24191734
4669,1,1,0,0.3129195
4670,0,0,0,0.29445955
4671,1,0,1,1.5531152
4672,0,1,1,1.510043
4673,0,0,0,0.1951256
4674,1,1,0,0.24318624
4676,0,0,0,0.2285088
4677,0,1,1,1.2072107
4678,1,1,0,0.24554658
4679,1,1,0,0.21844982
4680,1,1,0,0.5902628
4681,0,0,0,0.20493217
4682,0,0,0,0.21249035
4683,0,0,0,0.21099442
4684,0,0,0,0.19904403
4686,1,1,0,0.20139237
4687,0,0,0,0.19028221
4688,1,0,1,1.5502068
4689,1,1,0,0.2430992
4690,0,0,0,0.35405654
4691,1,1,0,0.35135
4692,1,1,0,0.64729655
4693,1,0,1,0.55682886
4694,0,1,1,1.656376
4695,0,0,0,0.20129909
4696,1,0,1,1.1689924
4697,1,1,0,0.17890231
4699,1,0,1,1.7281265
4700,0,0,0,0.382027
4701,0,0,0,0.5764212
4702,1,0,1,1.0602002
4703,0,0,0,0.21280165
4704,1,1,0,0.22781384
4705,0,1,1,1.7442545
4706,0,0,0,0.2879653
4707,0,1,1,1.3253965
4708,0,0,0,0.12004672
4709,1,1,0,0.33671853
4710,1,0,1,1.2084541
4711,1,0,1,1.53442
4712,0,0,0,0.20719774
4713,1,1,0,0.17762387
4714,0,0,0,0.21596521
4715,0,1,1,0.24453706
4716,0,0,0,0.20221707
4717,0,0,0,0.16304308
4718,1,1,0,0.24803944
4719,0,0,0,0.20441486
4720,0,0,0,0.19325782
4721,1,1,0,0.19673209
4722,0,0,0,0.21745099
4723,1,1,0,0.25586107
4725,1,1,0,0.24933225
4726,0,0,0,0.112251505
4727,0,0,0,0.18140924
4728,1,1,0,0.3902394
4729,0,0,0,0.52623975
4730,0,0,0,0.60413104
4731,1,1,0,0.25435233
4732,0,1,1,1.3226299
4733,0,0,0,0.08852155
4734,0,0,0,0.18555497
4735,0,1,1,1.6707243
4736,1,1,0,0.09504032
4737,0,0,0,0.6534917
4738,0,1,1,1.7362016
4739,0,1,1,1.6219356
4740,0,1,1,1.7526602
4741,1,1,0,0.25185287
4742,1,1,0,0.24865645
4743,1,1,0,0.13631155
4744,1,1,0,0.19444697
4745,1,1,0,0.23790555
4746,1,1,0,0.66243064
4747,0,0,0,0.68556225
4748,1,0,1,1.5062138
4749,0,0,0,0.20988938
4750,0,0,0,0.59653544
4751,1,1,0,0.25482607
4752,1,1,0,0.24013439
4753,0,0,0,0.21592082
4754,1,1,0,0.17333958
4755,0,1,1,1.1677581
4756,0,0,0,0.42029843
4757,0,0,0,0.22376308
4758,1,1,0,0.2526368
4759,1,1,0,0.35437116
4760,0,0,0,0.3723257
4761,1,1,0,0.25002635
4762,1,1,0,0.23382562
4763,1,1,0,0.24641553
4764,0,0,0,0.3370657
4765,0,1,1,1.4309548
4766,1,1,0,0.1333734
4767,1,1,0,0.20825115
4768,1,1,0,0.33961073
4769,0,0,0,0.5271278
4770,0,0,0,0.4084551
4771,0,1,1,1.3528626
4773,0,1,1,1.6644561
4774,1,0,1,1.5505631
4775,1,1,0,0.23514993
4776,0,0,0,0.5999648
4777,0,0,0,0.21703765
4778,1,1,0,0.23526736
4779,1,1,0,0.37262875
4780,1,0,1,1.5543771
4781,0,0,0,0.09920055
4782,1,1,0,0.15848294
4783,0,1,1,1.5757725
4784,1,1,0,0.22361714
4785,0,1,1,1.6690913
4786,1,1,0,0.27016774
4787,1,1,0,0.23859441
4789,0,0,0,0.06527033
4791,1,1,0,0.23657434
4792,0,1,1,1.3360236
4793,0,0,0,0.21048741
4794,1,0,1,1.7454953
4796,0,0,0,0.22611573
4797,0,0,0,0.18413886
4798,0,0,0,0.4403072
4799,1,1,0,0.25079206
4800,1,1,0,0.1468285
4801,0,0,0,0.19991928
4802,1,0,1,1.4843049
4803,1,1,0,0.6086047
4804,0,0,0,0.19194324
4805,1,0,1,1.5553567
4806,1,1,0,0.24048272
4807,0,1,1,1.670213
4808,1,1,0,0.26115867
4809,0,0,0,0.28272536
4810,1,1,0,0.2398601
4811,0,1,1,1.6275617
4812,1,1,0,0.17593378
4813,1,1,0,0.25007817
4814,1,0,1,0.5676622
4815,0,0,0,0.7573933
4816,0,0,0,0.21682605
4817,0,0,0,0.21929713
4818,0,0,0,0.20946649
4819,1,0,1,1.5448902
4820,0,1,1,1.6492536
4821,0,1,1,1.6974277
4822,0,0,0,0.22424024
4823,0,0,0,0.21640562
4824,0,0,0,0.20696108
4825,0,0,0,0.2039594
4826,1,1,0,0.23950636
4827,1,0,1,1.531441
4828,1,1,0,0.27946472
4830,1,0,1,1.5505346
4831,1,1,0,0.16355784
4832,1,1,0,0.25453657
4833,1,1,0,0.33357334
4834,0,0,0,1.1317513
4835,0,0,0,0.20907022
4836,1,1,0,0.17054568
4837,1,1,0,0.23159826
4838,1,1,0,0.22775677
4839,0,0,0,0.25937548
4840,1,1,0,0.21381472
4841,0,1,1,0.6537013
4842,1,1,0,0.26868004
4843,1,1,0,0.18434085
4844,0,0,0,0.38030973
4845,0,0,0,0.2718932
4846,0,1,1,1.6314707
4847,0,0,0,0.5782736
4848,0,0,0,0.1925318
4849,0,0,0,0.22694813
4850,0,1,1,1.6734588
4851,0,0,0,0.34634638
4852,1,1,0,0.24439076
4853,1,1,0,0.23681292
4854,1,1,0,0.17753293
4855,1,1,0,0.25388545
4856,0,0,0,0.20487525
4857,0,0,0,0.62530696
4858,1,1,0,0.39834407
4859,0,0,0,0.29726365
4860,0,0,0,0.19863959
4861,1,1,0,0.24154468
4862,0,0,0,0.21425599
4863,1,1,0,0.23567192
4864,0,1,1,0.8911073
4865,0,1,1,1.6960678
4866,1,1,0,0.108060576
4867,0,0,0,0.1972515
4869,1,1,0,0.21140596
4870,0,0,0,0.20914371
4871,0,0,0,0.45129043
4872,1,1,0,0.42271417
4873,0,0,0,0.3691441
4874,0,1,1,1.6215806
4875,0,0,0,0.18091352
4876,1,1,0,0.23436962
4877,0,0,0,0.19964446
4878,1,1,0,0.39202505
4879,0,0,0,0.11471651
4880,1,1,0,0.35838026
4881,1,0,1,1.0188795
4882,1,1,0,0.23700143
4883,0,0,0,0.18419737
4884,1,1,0,0.36860183
4885,1,0,1,1.482224
4886,0,0,0,0.16422912
4887,0,0,0,0.49752402
4888,0,0,0,0.36180687
4889,1,1,0,1.560351
4890,1,1,0,0.23092929
4891,0,1,1,1.6926775
4892,0,0,0,0.6176609
4895,0,0,0,0.22149521
4896,1,0,1,1.5624006
4897,1,1,0,0.29565507
4898,1,0,1,1.5904248
4900,1,1,0,0.24586332
4901,1,1,0,0.41369742
4902,0,0,0,0.29807362
4903,1,0,1,1.5851
4904,0,0,0,0.1846197
4905,0,0,0,0.1984618
4906,1,1,0,0.25762802
4907,0,0,0,0.19459024
4908,0,0,0,0.19156396
4909,1,1,0,0.24022721
4910,0,0,0,0.31866524
4911,0,0,0,0.19995083
4912,0,0,0,0.3133324
4913,1,1,0,0.22661003
4914,1,1,0,0.15769733
4915,1,0,1,1.8783122
4916,0,0,0,0.63519126
4917,0,0,0,0.1946337
4918,1,0,1,1.3409218
4919,1,1,0,0.29098773
4920,1,0,1,1.6578364
4921,1,0,1,1.4883527
4922,1,1,0,0.7297598
4923,0,0,0,0.18500863
4924,1,1,0,0.23955882
4925,0,1,1,1.6418111
4926,1,1,0,0.25527415
4927,1,1,0,0.06693806
4928,0,0,0,0.2891006
4929,1,1,0,0.26836115
4930,1,1,0,0.17287306
4931,0,1,1,1.0276296
4932,1,1,0,0.17031908
4933,1,0,1,1.3372165
4934,0,0,0,0.20776568
4935,0,0,0,0.21143664
4936,0,0,0,0.4945557
4937,1,1,0,0.24161142
4938,0,1,1,1.1622436
4939,1,1,0,0.23170672
4940,1,1,0,0.2546168
4941,1,1,0,0.25989053
4942,0,1,1,1.3291059
4943,1,1,0,0.22329612
4944,1,1,0,0.2546372
4945,0,0,0,0.22615302
4946,1,1,0,0.30588278
4947,0,0,0,0.19150874
4948,0,0,0,0.19872628
4949,0,0,0,0.16020744
4950,1,1,0,0.2102614
4951,1,1,0,0.2563257
4952,1,1,0,0.12875955
4953,0,0,0,0.2738387
4954,0,0,0,0.37245405
4955,1,1,0,0.17054819
4956,0,0,0,0.22087696
4957,1,1,0,0.48883092
4958,1,1,0,0.24602124
4959,0,0,0,0.3917852
4960,0,0,0,0.2039945
4961,1,1,0,0.24239026
4962,1,1,0,0.24019195
4963,0,0,0,0.1389686
4964,1,1,0,0.22330718
4965,1,1,0,0.19131175
4966,1,1,0,0.24661882
4968,1,1,0,0.100624934
4969,1,1,0,0.22920404
4970,1,1,0,0.2461355
4971,1,1,0,0.3285673
4972,0,1,1,1.6760792
4973,1,1,0,0.24236873
4974,1,1,0,0.23384741
4975,0,0,0,0.22329478
4976,1,0,1,1.5270853
4977,0,0,0,0.1688478
4978,0,0,0,0.099284425
4979,1,1,0,0.23453085
4980,1,1,0,0.23273015
4981,1,1,0,0.34458798
4982,1,1,0,0.24846734
4983,1,0,1,1.5313001
4985,0,0,0,0.20770177
4986,0,0,0,0.763827
4987,1,1,0,0.21883665
4988,0,0,0,0.22170419
4989,0,1,1,0.54535997
4990,1,1,0,0.22854713
4991,0,0,0,0.35473254
4993,1,1,0,0.12993187
4994,1,1,0,0.23484336
4995,0,0,0,0.26548547
4996,0,0,0,0.23155545
4997,1,1,0,0.5250668
4998,1,1,0,0.091131434
4999,0,0,0,0.21610849
5000,1,1,0,0.24080734
5001,1,1,0,0.3024962
5002,1,1,0,0.24878539
5003,0,0,0,0.21391559
5004,0,0,0,0.13802607
5005,1,0,1,0.815192
5006,1,0,1,1.8810123
5007,1,1,0,0.38020098
5008,1,1,0,0.25311014
5009,1,1,0,0.23347275
5010,1,1,0,0.23178661
5011,1,1,0,0.22759415
5012,1,0,1,0.8797803
5013,1,1,0,0.24133706
5014,0,0,0,0.1981163
5015,0,0,0,0.21462229
5016,1,1,0,0.24597397
5017,0,0,0,0.19117726
5018,1,1,0,0.23045273
5019,1,1,0,0.25047368
5020,0,1,1,1.7249157
5021,1,1,0,0.22871578
5023,1,1,0,0.15890478
5024,0,0,0,0.19729173
5025,0,0,0,0.58941555
5026,1,1,0,0.24910732
5027,1,1,0,0.22534412
5028,1,1,0,0.21678977
5029,1,1,0,0.24382119
5030,0,0,0,0.18467529
5031,1,0,1,1.5317559
5032,1,1,0,0.25175807
5033,0,1,1,1.6207199
5034,0,0,0,0.17270377
5035,1,0,1,0.5383052
5036,1,1,0,1.3792527
5037,1,1,0,0.24743286
5038,0,0,0,0.23051283
5040,0,1,1,1.5169072
5041,0,1,1,2.3564768
5042,0,0,0,0.22858192
5043,0,0,0,0.20493875
5044,0,0,0,0.21843854
5045,1,1,0,0.4416746
5046,0,0,0,0.22893709
5047,0,0,0,0.20723753
5048,0,1,1,1.4353497
5049,0,0,0,0.19816713
5050,0,0,0,0.21266545
5051,1,1,0,0.18149395
5052,1,1,0,0.24272464
5053,0,0,0,0.7861418
5054,1,0,1,1.5275915
5055,1,1,0,0.23550835
5057,1,1,0,0.25236753
5058,0,0,0,0.21488714
5059,1,0,1,1.552397
5060,0,0,0,0.19314778
5061,1,1,0,0.18150458
5062,0,0,0,0.28599373
5063,0,1,1,1.2610092
5064,0,0,0,0.17946742
5065,0,0,0,0.192969
5066,1,0,1,1.494478
5067,0,1,1,0.7745542
5068,0,0,0,0.20002858
5069,1,1,0,0.24386416
5070,0,0,0,0.21786737
5071,1,0,1,1.5409361
5072,0,0,0,0.18904734
5073,1,1,0,0.13887274
5074,1,1,0,0.23156916
5075,0,0,0,0.4280935
5076,0,0,0,0.21919663
5077,1,1,0,0.70220315
5078,0,0,0,0.2369809
5079,0,0,0,0.21674311
5080,1,0,1,1.4778316
5081,1,0,1,1.5131096
5082,1,1,0,0.14193797
5083,0,0,0,1.5785743
5084,1,1,0,0.3274223
5085,1,1,0,0.33406
5086,0,0,0,0.20386443
5087,0,0,0,0.15073036
5088,1,1,0,0.22978742
5089,0,0,0,0.7037675
5090,1,1,0,0.24574707
5091,1,1,0,0.251988
5092,0,0,0,0.1969842
5093,1,0,1,0.9456772
5094,0,0,0,0.4885413
5095,1,0,1,1.3768616
5096,1,1,0,0.23731092
5097,1,1,0,0.15306512
5098,1,1,0,0.60314345
5099,0,1,1,0.9760605
5100,0,0,0,0.35019362
5101,1,0,1,0.88389844
5102,1,0,1,1.531008
5103,0,1,1,0.8016378
5104,0,0,0,0.30534956
5105,1,0,1,1.9562993
5106,1,1,0,0.23099475
5107,0,0,0,0.20161438
5108,1,0,1,1.4223765
5109,1,1,0,0.24380502
5110,1,1,0,0.18264718
5111,1,1,0,0.14695612
5113,1,0,1,1.5063453
5114,0,0,0,0.5141425
5115,0,0,0,0.3710395
5116,1,1,0,0.23691092
5117,0,0,0,0.2441805
5118,1,1,0,0.2390058
5119,1,0,1,1.5295734
5120,1,1,0,0.35572082
5121,0,1,1,1.9952587
5122,0,0,0,0.20400238
5123,1,1,0,0.19403397
5124,1,1,0,0.23598464
5125,1,1,0,0.08643732
5126,1,0,1,1.5357506
5127,0,1,1,1.5255177
5128,1,0,1,1.5893167
5129,0,0,0,0.18724035
5130,1,1,0,0.11365785
5131,0,0,0,0.23841989
5132,0,1,1,0.7000671
5134,1,0,1,1.4796507
5135,1,0,1,1.6171622
5136,0,0,0,0.21151489
5137,1,0,1,1.8093343
5138,0,0,0,0.1975399
5139,0,1,1,1.1802433
5140,1,1,0,0.16328005
5141,1,1,0,0.12448889
5142,1,1,0,0.25036675
5143,0,0,0,0.19719356
5144,0,0,0,0.2159531
5147,0,1,1,1.7206639
5148,0,0,0,0.16127884
5149,1,1,0,0.25605425
5150,1,1,0,0.20494844
5151,0,0,0,0.21194154
5152,1,1,0,0.17328474
5153,0,1,1,1.6491326
5154,0,0,0,0.49181166
5155,0,0,0,0.18251528
5156,1,0,1,1.5110797
5157,1,1,0,0.26825976
5158,0,0,0,0.17830253
5159,0,0,0,0.18408918
5160,0,0,0,0.1896704
5161,1,1,0,0.31406105
5162,0,0,0,0.55298346
5164,1,1,0,0.24505949
5165,1,1,0,0.6745755
5166,1,1,0,0.18169713
5168,0,0,0,0.22426093
5169,0,0,0,0.10390983
5170,1,1,0,0.23196076
5171,1,1,0,0.2523678
5172,0,0,0,0.20354927
5173,0,0,0,0.24590051
5174,1,1,0,0.12104128
5175,1,1,0,0.25134054
5176,0,0,0,0.18596017
5177,0,0,0,0.1306719
5178,1,1,0,0.27278695
5179,1,1,0,0.42720684
5180,0,0,0,0.15350375
5181,1,1,0,0.12953106
5182,1,0,1,0.7314361
5183,1,1,0,0.18182148
5184,1,1,0,0.24595775
5185,1,1,0,0.3909471
5186,1,1,0,0.17813815
5188,0,0,0,0.19545674
5189,1,0,1,1.1536874
5190,1,1,0,0.5000651
5191,1,1,0,0.25184083
5192,0,0,0,0.3400775
5193,1,1,0,0.4866733
5194,1,1,0,0.17825744
5195,0,0,0,0.20175019
5196,0,0,0,0.22841659
5197,1,1,0,0.20281562
5198,0,0,0,0.1917489
5199,1,1,0,0.2392197
5200,1,0,1,1.5206581
5201,1,1,0,0.1896427
5202,1,1,0,0.31961673
5203,1,1,0,0.150095
5204,1,1,0,0.23222408
5205,1,1,0,0.9636725
5207,0,0,0,0.20432934
5208,0,1,1,1.6388876
5209,0,0,0,0.4732445
5210,1,0,1,1.5575116
5211,1,1,0,0.49897563
5212,1,1,0,0.24516883
5213,1,0,1,1.5225661
5214,0,0,0,0.28175235
5215,1,0,1,1.7832346
5216,0,0,0,1.7599771
5217,1,1,0,0.23297237
5218,0,1,1,0.76996255
5219,0,0,0,0.20232439
5220,0,0,0,0.20953242
5221,0,0,0,0.22276698
5222,1,1,0,0.23906784
5224,1,1,0,0.22656149
5226,0,0,0,0.20185931
5227,0,0,0,0.38352445
5228,1,1,0,0.23734495
5229,0,0,0,0.19935106
5230,1,1,0,0.24968605
5231,0,1,1,0.5917743
5232,0,0,0,0.20063935
5233,0,0,0,0.41591826
5234,0,1,1,1.6075459
5235,0,0,0,0.13684274
5236,0,0,0,0.4001941
5237,1,1,0,0.24388865
5238,0,1,1,1.080285
5239,0,0,0,0.20856832
5240,0,0,0,0.2224872
5241,1,1,0,0.27287862
5242,0,0,0,0.29962617
5244,1,1,0,0.12664376
5245,1,1,0,0.32124773
5246,0,0,0,0.20747861
5247,1,1,0,0.22991729
5248,0,0,0,0.2107888
5249,0,1,1,1.2887404
5250,1,1,0,0.24798548
5251,0,1,1,1.24704
5252,0,0,0,0.12712145
5253,0,1,1,0.9611319
5254,1,0,1,1.5239156
5255,1,1,0,0.24038096
5256,0,0,0,1.4722168
5257,1,1,0,0.82914793
5258,1,1,0,0.17469637
5259,0,0,0,0.20122717
5260,0,1,1,0.21551172
5261,1,0,1,1.5158219
5262,0,0,0,0.6718467
5264,0,0,0,0.1781464
5265,1,1,0,0.21511051
5266,1,1,0,0.2402964
5267,1,1,0,0.26270813
5269,0,1,1,1.7736924
5270,1,0,1,1.6646535
5271,0,0,0,0.25943306
5272,0,0,0,0.2015636
5273,1,1,0,0.24405478
5274,0,0,0,0.20241067
5275,0,0,0,0.213231
5276,0,0,0,0.51572317
5277,1,1,0,0.26850614
5278,1,1,0,0.28233424
5279,1,1,0,0.28048655
5280,0,0,0,0.1763166
5282,0,1,1,1.4514916
5283,0,0,0,0.20137581
5284,0,1,1,0.8539383
5285,0,0,0,0.1993818
5286,0,0,0,0.55133504
5287,1,0,1,1.5058515
5288,0,0,0,0.19370285
5289,1,1,0,0.24190703
5290,1,1,0,0.25106153
5291,1,1,0,0.22205299
5292,1,1,0,0.22543383
5293,1,1,0,0.2527818
5294,0,0,0,0.47743177
5295,1,0,1,0.8626148
5296,0,1,1,1.6219835
5297,0,0,0,0.2199265
5298,0,0,0,0.20860276
5299,1,1,0,0.25449994
5300,0,0,0,0.20782004
5301,1,1,0,0.24405602
5302,1,1,0,0.13911818
5303,0,0,0,0.3062504
5304,1,1,0,0.23741011
5305,1,1,0,0.46979746
5306,0,0,0,0.122923985
5307,0,1,1,1.6958529
5308,1,1,0,0.25032565
5309,1,1,0,0.25434682
5310,0,0,0,0.21508764
5311,0,0,0,0.32351014
5312,1,0,1,1.4437871
5313,0,0,0,0.21269378
5314,1,1,0,0.49895245
5315,1,0,1,2.2290168
5316,0,0,0,0.23334287
5317,1,1,0,0.22455397
5318,1,1,0,0.32984006
5319,1,0,1,1.5013714
5320,1,1,0,0.25229445
5321,0,0,0,0.14177804
5322,0,0,0,0.24377073
5323,0,0,0,0.21715611
5324,1,1,0,0.18351644
5325,1,0,1,1.7151057
5326,1,0,1,2.203023
5327,0,0,0,0.2273053
5328,1,1,0,0.17657712
5329,1,1,0,0.247781
5330,1,1,0,0.22894788
5331,1,1,0,0.24511221
5332,1,0,1,0.5618278
5333,1,1,0,0.24930029
5334,1,1,0,0.11148232
5335,0,0,0,0.21509543
5336,0,0,0,0.21537705
5337,1,1,0,0.25623593
5338,1,1,0,0.26902694
5339,0,0,0,0.18371348
5340,0,0,0,0.13224699
5341,1,1,0,0.23514608
5342,0,0,0,0.33232623
5343,1,1,0,0.2567813
5345,1,1,0,0.24908717
5346,1,1,0,0.15780473
5347,0,0,0,0.24925128
5348,1,1,0,0.24171038
5349,1,1,0,0.2518323
5350,1,1,0,0.5804471
5351,0,0,0,0.19756171
5352,1,1,0,0.19426656
5353,0,0,0,0.19763672
5354,1,0,1,1.1245459
5355,1,0,1,1.6259558
5356,1,1,0,0.188479
5357,0,0,0,0.21590456
5358,0,0,0,0.27856398
5359,0,0,0,0.51669747
5360,1,1,0,0.13913333
5361,1,1,0,0.2488958
5362,0,0,0,0.19060197
5363,0,0,0,0.21082345
5364,0,0,0,0.22859804
5365,0,0,0,0.19852778
5366,0,1,1,1.687871
5367,0,0,0,0.11599595
5368,1,1,0,0.25764802
5369,0,1,1,1.6106725
5370,0,0,0,0.21270758
5371,1,1,0,0.2430663
5372,1,1,0,0.24682988
5373,0,0,0,0.20322827
5374,0,0,0,0.19925338
5375,1,1,0,0.25294158
5376,1,0,1,1.523863
5377,1,0,1,1.4013655
5378,1,1,0,0.26192498
5379,1,1,0,0.24847032
5380,0,0,0,0.20617847
5381,0,1,1,1.7055467
5382,1,0,1,1.5099808
5383,1,0,1,1.4966198
5384,1,1,0,0.33556786
5385,1,1,0,0.24715254
5386,1,1,0,0.25049725
5387,1,1,0,0.23441836
5388,0,0,0,0.12989783
5389,0,0,0,0.20364942
5390,0,0,0,0.13087378
5391,0,0,0,0.20956463
5392,1,1,0,0.19975322
5393,1,1,0,0.20095564
5394,1,0,1,1.5275984
5396,1,0,1,1.5811001
5397,0,0,0,0.48356575
5398,1,1,0,0.16629247
5399,1,1,0,0.2384415
5400,1,1,0,0.25726044
5401,0,0,0,0.197675
5402,0,0,0,0.22480747
5403,1,1,0,0.23364699
5404,1,1,0,0.2466775
5405,0,0,0,0.19547302
5406,0,1,1,1.636541
5407,1,0,1,1.4849546
5408,0,1,1,2.0017073
5409,0,0,0,0.22307049
5410,1,1,0,0.05867667
5411,0,1,1,1.9067868
5412,0,1,1,1.7653568
5413,1,1,0,0.18932115
5414,1,1,0,0.48270062
5415,0,0,0,0.19474635
5416,1,1,0,0.09815082
5417,1,1,0,0.21619953
5418,0,0,0,0.20435733
5419,0,1,1,1.1589966
5420,1,1,0,0.2422867
5421,1,1,0,0.112984404
5422,0,0,0,0.2907961
5423,1,1,0,0.28574178
5424,1,1,0,0.86925507
5425,0,0,0,0.22411154
5426,0,0,0,0.21684618
5427,1,1,0,0.24910612
5428,1,1,0,0.17862435
5429,0,0,0,0.20024015
5430,1,0,1,1.7143471
5431,1,1,0,0.7669027
5432,1,1,0,0.24778032
5433,0,0,0,0.20269248
5434,1,1,0,0.14275248
5435,0,0,0,0.21010312
5436,1,1,0,0.23759454
5437,0,0,0,0.20296311
5438,1,1,0,0.25887877
5439,0,0,0,0.22020735
5440,0,0,0,0.24580833
5441,1,1,0,0.24773873
5442,0,0,0,0.2161274
5443,1,1,0,0.28957134
5444,1,1,0,0.13192244
5445,0,0,0,0.17456274
5447,1,1,0,0.23446324
5448,1,1,0,0.36004543
5450,1,1,0,0.23319326
5451,0,0,0,0.22270447
5452,0,0,0,0.076525316
5453,1,1,0,0.26770043
5454,1,0,1,1.4937586
5455,1,1,0,0.25206247
5456,0,1,1,1.6753505
5457,1,0,1,1.502883
5458,0,0,0,0.20361249
5459,1,0,1,2.1975667
5460,1,0,1,1.1395838
5461,0,0,0,0.026970206
5462,1,1,0,0.24396393
5463,0,0,0,0.9334959
5464,0,0,0,0.58597976
5465,0,0,0,0.15807134
5466,1,1,0,0.25554416
5467,1,0,1,1.2146046
5468,0,1,1,0.3603552
5469,0,0,0,0.4865208
5470,1,1,0,0.17257859
5471,1,1,0,0.22207363
5473,1,0,1,1.1160755
5474,0,0,0,0.25926605
5475,1,1,0,0.22881342
5476,1,1,0,0.23440261
5477,1,0,1,1.5262724
5478,0,1,1,0.31756252
5479,1,1,0,0.07652366
5480,1,0,1,1.640859
5481,1,1,0,0.23265634
5482,0,0,0,0.21699196
5483,1,1,0,0.23082435
5484,0,0,0,0.19817252
5485,0,1,1,1.1036257
5486,1,0,1,1.6029055
5487,0,1,1,1.7005411
5488,1,1,0,0.11593384
5489,1,1,0,0.16418421
5490,0,0,0,0.20892707
5491,0,0,0,0.20619081
5492,0,0,0,0.1908106
5493,1,1,0,0.24678823
5494,1,0,1,1.4925563
5495,0,0,0,0.1887495
5496,0,0,0,0.2477139
5497,0,0,0,0.19951892
5498,0,0,0,0.21872228
5499,0,0,0,0.34535736
5500,1,1,0,0.2455091
5501,1,1,0,0.24507831
5502,0,0,0,0.19568518
5503,1,0,1,1.5602262
5504,0,0,0,0.2611964
5505,0,0,0,0.52678365
5506,0,0,0,0.18938713
5507,0,0,0,0.3706075
5508,1,1,0,0.24162745
5509,0,0,0,0.7012789
5510,0,0,0,0.20437871
5511,0,0,0,0.41325182
5513,1,1,0,0.2525456
5514,0,1,1,2.2410312
5515,1,0,1,1.6799728
5516,1,1,0,0.24959895
5517,0,0,0,0.338863
5518,0,0,0,0.06767853
5519,1,1,0,0.1700315
5520,0,1,1,2.8227758
5521,0,1,1,1.5954031
5522,1,0,1,1.2513489
5523,0,1,1,1.6881683
5524,1,1,0,0.23810299
5525,1,1,0,0.23207778
5527,1,1,0,0.13558233
5529,1,1,0,0.19527337
5530,0,1,1,1.5934471
5531,0,0,0,0.16037765
5532,0,0,0,0.20060904
5533,1,0,1,1.5230322
5534,1,1,0,0.18155895
5535,1,0,1,2.1343226
5536,1,1,0,0.2447019
5537,0,0,0,0.039663486
5538,0,1,1,1.7346396
5539,0,0,0,0.19016916
5540,0,0,0,0.21926162
5541,0,0,0,0.20715888
5542,1,1,0,0.25241667
5543,0,1,1,1.7370405
5544,0,0,0,0.21693353
5545,1,1,0,0.26197058
5546,0,0,0,0.7550082
5547,0,0,0,0.13476889
5548,0,0,0,0.94702727
5549,0,0,0,0.22466311
5550,1,1,0,0.2601487
5551,0,0,0,0.14577805
5552,1,1,0,0.6982146
5553,0,0,0,0.21369852
5554,0,1,1,1.6639221
5555,0,0,0,0.6114318
5556,0,0,0,0.1885734
5557,1,1,0,0.23938309
5558,1,0,1,1.5309461
5560,0,0,0,0.18668486
5561,1,1,0,0.2420902
5562,0,0,0,0.6966661
5563,0,0,0,0.20060845
5564,1,1,0,0.15894401
5565,1,1,0,0.25800434
5566,0,1,1,1.6793357
5567,1,1,0,0.24453118
5568,1,0,1,1.6751698
5569,1,0,1,1.4753697
5570,0,0,0,0.20335455
5571,1,1,0,0.27581072
5572,1,1,0,0.20631312
5574,1,1,0,0.24463217
5575,0,1,1,0.4159233
5576,1,1,0,0.5553267
5578,0,1,1,1.0893683
5579,1,1,0,0.6022108
5580,1,1,0,0.23688518
5581,1,1,0,1.0515033
5582,0,1,1,1.4642203
5583,0,0,0,0.6569094
5584,0,0,0,0.24058014
5585,0,0,0,0.17166764
5586,1,1,0,0.24995126
5587,0,0,0,0.6978925
5588,1,1,0,0.1758034
5589,0,0,0,0.5084252
5590,0,0,0,0.06462138
5591,0,0,0,0.34718528
5592,1,1,0,0.22470568
5593,1,0,1,2.4439623
5594,0,0,0,0.29561308
5595,0,0,0,0.04122047
5596,1,1,0,0.16027659
5597,0,0,0,0.11396402
5598,1,0,1,1.4848919
5599,0,0,0,0.205289
5600,0,1,1,1.6346129
5601,1,1,0,0.2464922
5603,1,1,0,0.31592163
5604,1,1,0,0.158201
5605,1,1,0,0.830508
5607,1,1,0,0.3292309
5608,1,1,0,0.25788975
5609,1,1,0,0.24412149
5610,0,0,0,0.2170835
5611,1,0,1,1.7832195
5612,0,0,0,0.2976805
5613,0,0,0,0.21454133
5614,1,1,0,0.2749342
5615,0,0,0,0.46073347
5616,0,1,1,1.6360668
5617,1,0,1,1.4553026
5618,0,0,0,0.23965394
5619,1,1,0,0.1626212
5620,0,0,0,0.21029615
5621,1,1,0,0.7890541
5622,0,0,0,0.21027248
5623,0,0,0,0.20911606
5624,1,0,1,1.4725536
5625,1,0,1,0.74889356
5626,1,1,0,0.37947875
5627,1,1,0,0.25726607
5628,0,0,0,0.20914584
5630,1,1,0,0.2446472
5631,0,0,0,0.20767203
5632,1,0,1,1.5479296
5634,0,0,0,0.42518654
5635,1,0,1,1.5049907
5636,1,0,1,0.39785337
5637,0,0,0,0.15098327
5638,0,0,0,0.1877924
5639,0,0,0,0.21142815
5640,0,0,0,0.20611128
5642,1,1,0,0.88264537
5643,0,0,0,0.33846724
5644,0,0,0,0.19545029
5645,1,1,0,0.40496567
5646,1,1,0,0.23217627
5647,1,1,0,0.23087884
5648,1,1,0,0.23856275
5649,1,1,0,0.24689542
5650,0,0,0,0.21898404
5651,0,0,0,0.21491745
5652,1,1,0,0.21108013
5653,1,1,0,0.24968475
5654,1,1,0,0.24606699
5655,0,0,0,0.22798108
5656,1,1,0,0.16525503
5657,0,0,0,0.17051533
5658,1,1,0,0.34022215
5659,0,0,0,0.20142698
5660,1,1,0,0.19039
5661,0,0,0,0.8009255
5662,0,0,0,0.23285179
5663,0,0,0,0.36584613
5664,0,0,0,0.058925193
5665,1,1,0,0.23659505
5666,0,0,0,0.21579304
5667,1,0,1,1.5409387
5669,0,1,1,1.6542377
5670,0,0,0,0.23341992
5671,0,0,0,0.20704965
5672,0,0,0,0.46767616
5673,1,1,0,0.3800665
5674,1,1,0,0.2735823
5675,1,1,0,0.20565
5676,1,1,0,1.1354145
5677,1,1,0,1.0736213
5678,0,1,1,1.6221576
5679,0,0,0,0.29013428
5680,0,0,0,0.5790078
5681,0,0,0,0.2539556
5682,1,1,0,0.24334212
5684,0,0,0,0.13074721
5685,1,1,0,0.22557674
5686,0,0,0,0.20768096
5687,0,0,0,0.21906187
5688,1,1,0,0.2039459
5690,0,1,1,1.6232014
5691,0,0,0,0.26630056
5692,1,1,0,0.2310221
5693,1,1,0,0.2499323
5694,0,0,0,0.31913957
5695,0,0,0,0.2102494
5696,1,0,1,1.5238439
5697,1,1,0,0.27940127
5698,1,1,0,0.24053486
5699,0,0,0,0.25556862
5700,1,1,0,0.8280189
5701,1,1,0,0.24751131
5702,1,1,0,0.2779969
5703,1,1,0,0.302176
5704,1,0,1,1.4912856
5705,1,1,0,0.24177216
5706,0,0,0,0.19424309
5707,1,1,0,0.25422165
5709,1,1,0,0.2443637
5710,1,1,0,0.41752082
5711,1,0,1,1.026161
5712,0,0,0,0.21101141
5713,0,0,0,0.22828673
5714,1,1,0,0.2090647
5717,0,0,0,0.20113777
5718,0,0,0,0.21900311
5719,0,0,0,0.16585964
5721,1,1,0,0.23332901
5722,1,1,0,0.24179444
5723,1,1,0,0.26730686
5724,0,0,0,0.19541654
5725,1,1,0,0.23359632
5726,1,1,0,0.25899485
5727,1,1,0,0.23008372
5728,1,1,0,0.23920666
5729,0,0,0,0.172684
5730,1,1,0,0.5177194
5731,0,0,0,0.17533882
5732,0,0,0,0.19919322
5733,0,0,0,0.07339966
5734,1,1,0,0.24015212
5735,0,0,0,0.20732863
5736,0,0,0,0.22259551
5737,1,0,1,1.519012
5738,0,0,0,0.20856416
5739,0,0,0,0.88503337
5740,1,1,0,0.25270653
5742,1,1,0,0.18787481
5743,1,1,0,0.2397696
5744,0,0,0,0.29043874
5745,0,0,0,0.19448042
5746,0,0,0,0.21106702
5747,0,1,1,1.6766025
5748,0,0,0,0.17242762
5749,1,1,0,0.23345634
5750,0,0,0,0.22741203
5751,0,0,0,0.20947665
5754,0,0,0,0.24120942
5755,1,0,1,1.440239
5756,0,0,0,0.22510657
5758,0,0,0,0.31179366
5759,1,0,1,1.551837
5760,1,1,0,0.25336
5761,0,1,1,0.43224385
5762,1,1,0,0.22745124
5763,0,1,1,1.8031102
5764,1,0,1,1.6594237
5765,1,1,0,0.39972955
5766,0,0,0,0.21440317
5767,1,0,1,1.5157424
5768,0,0,0,0.1947654
5769,1,1,0,0.14779711
5770,1,1,0,0.36194402
5771,0,0,0,0.18754892
5772,1,1,0,0.24514794
5773,0,1,1,1.6723874
5774,1,1,0,0.26814008
5775,1,1,0,0.16983847
5776,1,1,0,0.24694659
5777,1,1,0,0.45535243
5778,0,0,0,0.21320885
5779,1,1,0,0.118845284
5780,1,0,1,1.4458561
5781,0,0,0,0.079498455
5782,0,0,0,0.1082538
5783,1,0,1,1.567576
5784,0,0,0,0.33059394
5785,0,0,0,0.20372607
5786,0,1,1,1.8273739
5787,0,0,0,0.1507193
5790,1,1,0,0.10673024
5791,1,1,0,0.24851924
5792,1,0,1,1.4917405
5793,1,0,1,1.3483167
5794,0,0,0,0.3331878
5795,0,1,1,0.7871189
5796,1,0,1,1.5648243
5797,0,0,0,0.21006736
5798,0,0,0,0.1980332
5799,0,0,0,1.0222507
5800,1,0,1,1.3422656
5801,0,0,0,0.20081647
5803,0,0,0,0.20135272
5804,1,1,0,0.17735404
5805,1,1,0,0.25069255
5806,1,1,0,0.7619716
5807,1,0,1,1.6068343
5808,1,1,0,0.2047507
5809,1,0,1,1.5447015
5810,1,1,0,0.18050838
5811,0,0,0,0.1650239
5812,1,1,0,0.44072512
5813,1,1,0,0.17626475
5814,1,1,0,0.2564564
5815,1,1,0,0.23308751
5817,0,1,1,1.1266376
5818,0,1,1,1.7383873
5819,1,1,0,0.32301977
5820,1,1,0,0.26156023
5821,0,0,0,0.18002905
5822,1,1,0,0.52661943
5823,0,0,0,0.43025705
5824,0,0,0,0.22288924
5825,1,1,0,0.24704231
5826,0,0,0,0.19703099
5827,0,1,1,2.1294107
5828,0,0,0,0.4419909
5829,0,1,1,1.6870033
5830,1,1,0,0.43495592
5831,1,0,1,1.5259745
5832,0,0,0,0.20751436
5833,1,1,0,0.24213156
5834,1,1,0,0.23538776
5835,1,1,0,0.15731105
5836,0,0,0,0.21092957
5837,0,0,0,0.21890491
5838,0,1,1,1.745905
5839,1,1,0,0.25148538
5840,1,0,1,1.8636991
5841,0,0,0,0.20501207
5842,0,0,0,0.21708368
5843,1,1,0,0.26470405
5844,1,1,0,0.24311903
5845,0,0,0,0.39494258
5846,1,1,0,0.18666646
5847,0,1,1,1.6750245
5848,1,1,0,0.23195282
5849,0,1,1,1.6625493
5850,1,1,0,0.23899849
5851,1,1,0,0.25356022
5852,0,0,0,0.16894424
5853,0,0,0,0.36042252
5854,0,1,1,1.3843179
5855,0,0,0,0.1974575
5856,1,1,0,0.20954557
5858,1,1,0,0.39717555
5859,1,1,0,0.25261867
5860,1,1,0,0.15022509
5861,0,1,1,1.6920741
5862,1,1,0,0.26800045
5863,0,0,0,0.16463964
5864,1,0,1,1.5574723
5865,1,0,1,1.3968275
5866,1,1,0,0.85617065
5867,1,1,0,0.23917258
5868,0,0,0,0.20413671
5869,1,1,0,0.23267551
5870,1,1,0,0.27306813
5871,1,1,0,0.15756972
5872,1,1,0,0.24526417
5873,1,1,0,0.24358745
5874,1,1,0,0.15033935
5875,1,1,0,0.18973628
5876,0,0,0,0.3629123
5877,1,1,0,0.22958001
5878,1,1,0,0.14306146
5879,1,1,0,0.24121778
5880,1,1,0,0.42706174
5881,0,1,1,1.0279536
5882,1,1,0,0.13775605
5883,0,0,0,0.1980148
5885,0,0,0,0.38324013
5886,0,0,0,0.22493407
5887,1,1,0,0.2408275
5888,1,0,1,1.5313128
5889,1,1,0,0.6373234
5890,1,0,1,1.4587097
5891,0,0,0,0.16607603
5892,1,1,0,0.16402124
5893,0,1,1,1.0387967
5894,1,1,0,0.26639146
5895,0,0,0,0.13306758
5896,1,1,0,0.23100157
5897,0,0,0,0.36381382
5898,0,0,0,0.18979593
5899,0,0,0,1.0032653
5900,0,0,0,0.276139
5901,0,0,0,0.21105966
5902,0,0,0,0.6196526
5903,0,1,1,1.7036462
5904,1,1,0,0.30976364
5905,1,1,0,1.3895533
5906,1,1,0,1.5171934
5907,1,1,0,0.46765357
5909,1,1,0,0.14228906
5910,0,0,0,0.23211767
5911,1,1,0,0.8489634
5912,1,1,0,0.24571507
5913,0,0,0,0.21420719
5914,0,0,0,0.73791885
5915,1,0,1,1.0678517
5916,1,1,0,0.23969136
5917,0,0,0,0.11275962
5918,0,0,0,1.2055326
5919,1,1,0,0.1847732
5920,1,1,0,0.18298694
5921,1,1,0,0.22831567
5922,0,0,0,0.21513543
5923,0,0,0,0.22428054
5924,1,1,0,0.65154177
5925,1,1,0,0.22262882
5926,1,1,0,0.24549502
5927,1,1,0,0.24822296
5928,0,0,0,0.20482734
5929,1,1,0,0.27545837
5930,1,1,0,0.2536135
5931,1,1,0,0.24230327
5932,0,0,0,0.38110936
5933,1,1,0,0.25780132
5934,0,0,0,0.2114903
5935,0,0,0,0.14959615
5936,0,0,0,0.20170927
5937,0,0,0,0.20470643
5938,1,1,0,0.2307847
5939,1,1,0,0.24686077
5940,1,1,0,0.3397917
5941,1,1,0,0.24633858
5942,0,0,0,0.6756088
5943,1,1,0,0.24162124
5946,0,0,0,0.31514263
5947,0,0,0,0.25242034
5948,1,0,1,1.5668532
5949,1,0,1,1.5513558
5950,0,0,0,0.22039501
5951,1,0,1,0.8633288
5952,1,1,0,0.09665451
5953,0,0,0,0.22203113
5954,0,0,0,0.21863744
5955,0,1,1,1.7843709
5956,1,0,1,1.9049656
5957,0,0,0,0.18460134
5958,0,0,0,0.1963018
5959,1,1,0,0.79172105
5960,1,0,1,1.4506197
5961,0,0,0,0.25519115
5962,0,0,0,0.3059231
5963,1,1,0,0.3338156
5964,0,0,0,0.20952432
5965,1,1,0,0.238347
5966,0,1,1,1.684093
5967,1,1,0,0.23669648
5968,0,1,1,1.6468736
5969,0,1,1,1.7134197
5970,1,1,0,0.24451858
5971,0,0,0,0.21331951
5972,0,0,0,0.30131796
5973,1,1,0,0.2294135
5974,1,0,1,0.42503926
5975,0,1,1,1.3743043
5976,0,1,1,1.3769422
5977,0,1,1,2.9043937
5978,1,1,0,0.18396086
5979,1,0,1,1.5280173
5980,1,1,0,0.24483721
5981,0,0,0,0.48505932
5982,0,1,1,1.7998835
5983,1,1,0,0.25379655
5984,0,0,0,0.23922317
5985,0,0,0,0.19124873
5986,1,1,0,0.2329115
5987,0,0,0,0.22344543
5988,1,1,0,0.2469622
5989,1,0,1,0.29077107
5990,1,0,1,1.5455719
5991,1,1,0,0.3391888
5992,0,0,0,0.2895029
5993,0,0,0,0.18658139
5994,1,1,0,0.57144356
5995,0,0,0,0.19590983
5996,1,1,0,0.25360516
5997,1,1,0,0.23445061
5998,1,1,0,0.19325556
5999,1,0,1,1.4771829
6000,1,0,1,1.513718
6001,0,0,0,0.20285523
6002,0,0,0,0.21155542
6003,0,0,0,0.20336281
6004,0,0,0,0.6106106
6005,0,1,1,1.6898153
6006,1,1,0,0.2252798
6007,0,1,1,1.7210467
6008,1,1,0,0.4905474
6009,0,0,0,0.20674162
6010,0,1,1,0.60783345
6011,0,0,0,0.23821336
6012,1,0,1,0.92415893
6013,0,0,0,0.26876423
6014,0,1,1,1.6723591
6015,1,1,0,0.23165205
6016,1,1,0,0.23755866
6017,0,0,0,0.12734649
6018,0,0,0,0.30950353
6019,0,0,0,0.20953533
6020,0,0,0,0.8008457
6021,0,0,0,0.3700746
6022,0,1,1,1.6652391
6023,1,1,0,0.17887059
6024,1,1,0,0.19307013
6025,1,1,0,0.24628732
6026,1,1,0,0.25621277
6027,0,0,0,0.21439625
6028,1,1,0,0.16849945
6029,1,1,0,0.22717232
6030,0,0,0,0.16740015
6031,0,0,0,0.2046423
6032,1,0,1,1.742555
6033,1,0,1,1.5516291
6034,1,1,0,0.23980467
6035,1,1,0,0.23831415
6036,1,1,0,0.24635254
6037,1,1,0,0.24893253
6038,0,0,0,0.19180183
6039,1,1,0,0.26228702
6040,1,1,0,0.24443576
6041,1,1,0,0.13862288
6042,1,1,0,0.11287889
6043,0,1,1,1.6409683
6044,1,0,1,1.4822415
6045,1,1,0,0.2279881
6046,0,0,0,0.21595164
6047,1,1,0,0.13533673
6048,1,1,0,0.2489312
6049,1,0,1,1.4647356
6050,0,1,1,1.6999441
6051,0,1,1,1.664773
6052,0,0,0,0.21072352
6053,1,1,0,0.24033192
6054,0,0,0,0.2114568
6055,0,0,0,0.38246757
6056,1,0,1,1.6820241
6057,0,0,0,0.5009359
6058,1,1,0,0.10274907
6059,0,1,1,1.7471808
6060,0,0,0,0.2005861
6061,1,1,0,0.24033594
6062,0,1,1,1.9211371
6063,0,0,0,0.14500095
6064,0,0,0,0.31577492
6066,1,1,0,0.24033332
6067,0,0,0,0.19614254
6068,1,1,0,0.24257761
6069,0,0,0,0.2100986
6070,0,0,0,0.20496546
6071,0,0,0,0.2830917
6072,1,1,0,1.1402009
6073,0,0,0,0.27317762
6074,0,0,0,0.16777046
6075,0,0,0,0.20079902
6076,0,0,0,0.24847767
6077,0,0,0,0.6240007
6078,0,1,1,1.5522505
6079,0,1,1,1.9219195
6080,0,0,0,0.45010504
6081,0,0,0,0.10820031
6082,1,1,0,0.40449262
6083,1,0,1,1.4873484
6084,0,0,0,0.20801997
6085,1,1,0,0.23107453
6086,0,0,0,0.18021773
6087,1,0,1,1.6111206
6088,0,0,0,0.26221254
6089,0,0,0,0.19882086
6090,0,0,0,0.19621915
6091,1,1,0,0.23989454
6092,1,1,0,0.53961146
6093,0,0,0,1.5208075
6094,1,1,0,1.1416003
6095,1,0,1,1.7336289
6096,0,0,0,0.21284142
6097,0,0,0,0.21117698
6098,1,1,0,0.43480653
6099,0,0,0,0.19940281
6100,0,0,0,0.21754347
6101,0,0,0,0.53657943
6102,1,1,0,0.16137826
6103,1,1,0,0.7277648
6104,0,0,0,0.21098468
6105,0,0,0,0.22100972
6106,1,1,0,0.31886843
6107,0,1,1,2.4490476
6108,0,0,0,0.19677204
6109,0,0,0,0.21826306
6110,1,1,0,0.25507763
6111,0,0,0,0.08158397
6113,0,0,0,0.20322242
6114,1,1,0,0.20711334
6115,0,0,0,1.360169
6116,1,1,0,0.2635067
6117,1,1,0,0.44557458
6118,1,0,1,1.5122615
6119,1,1,0,0.1824258
6120,0,1,1,1.7695591
6121,1,1,0,0.25104308
6122,1,1,0,0.082305565
6123,0,0,0,0.1971645
6124,1,1,0,0.23426275
6125,1,1,0,0.38443968
6126,0,0,0,0.26840135
6127,0,0,0,0.1401886
6128,0,0,0,0.26486158
6129,1,0,1,0.9221242
6130,0,0,0,0.20669709
6131,1,1,0,0.51314306
6132,1,1,0,0.26499188
6133,1,1,0,0.23953864
6134,1,1,0,0.23374794
6135,1,1,0,0.2373458
6136,1,1,0,0.23928924
6137,1,1,0,0.23762125
6138,1,0,1,1.5367332
6139,1,1,0,0.19738637
6140,0,0,0,0.22269405
6141,1,1,0,0.17719
6142,1,0,1,1.3309138
6143,1,1,0,0.34589958
6144,1,1,0,0.24829084
6145,0,0,0,0.12118978
6146,0,0,0,0.2816981
6147,1,1,0,0.24823707
6148,0,1,1,0.38566926
6149,1,1,0,0.23327558
6150,0,0,0,0.18741828
6151,0,0,0,0.22134596
6152,0,0,0,0.124582976
6153,0,0,0,0.23266673
6154,1,1,0,0.19501829
6155,1,1,0,0.23173347
6156,0,1,1,1.6247845
6157,0,1,1,1.7636286
6158,0,0,0,0.20286582
6159,0,0,0,0.20541802
6160,1,0,1,1.207038
6161,1,1,0,0.24146472
6162,0,0,0,0.22226347
6163,0,0,0,0.21039276
6164,1,1,0,0.16850209
6165,1,1,0,0.23217797
6166,1,1,0,0.2497184
6167,1,1,0,0.24718057
6168,0,0,0,0.2357431
6169,1,1,0,0.23590432
6170,1,1,0,0.26235214
6171,0,1,1,1.6915613
6172,1,0,1,0.6036835
6173,0,1,1,1.6112161
6174,0,0,0,0.21455604
6175,1,1,0,1.0862987
6176,0,0,0,0.3425614
6177,1,1,0,0.21228357
6178,1,1,0,0.1937001
6179,0,0,0,0.20082167
6180,0,0,0,0.73421687
6181,0,0,0,0.40182027
6182,0,0,0,0.21570937
6183,1,0,1,1.5103846
6184,0,0,0,0.21565671
6185,0,1,1,1.6956416
6186,0,0,0,0.20897003
6187,1,1,0,0.28519422
6188,1,1,0,0.23112637
6189,0,0,0,0.27338827
6190,0,1,1,1.5617425
6191,1,1,0,0.24946044
6192,0,0,0,0.2011984
6193,1,1,0,0.13475828
6194,0,0,0,0.20022504
6195,0,1,1,1.6177514
6196,0,0,0,0.20308332
6197,0,0,0,0.19058867
6198,0,0,0,0.1263196
6199,1,1,0,0.46830326
6200,0,0,0,0.20715249
6201,1,1,0,0.2754438
6203,0,0,0,0.22579639
6204,1,1,0,0.34271643
6205,0,1,1,1.7347707
6206,0,0,0,0.19187444
6207,1,0,1,0.83949685
6208,1,1,0,0.23235318
6209,0,0,0,0.20484483
6210,0,0,0,0.19466157
6212,0,0,0,0.24051628
6213,0,0,0,0.31224626
6214,1,1,0,0.25939235
6215,1,1,0,0.1660617
6216,1,1,0,0.24383977
6217,0,0,0,0.4901129
6218,0,1,1,1.5938343
6219,0,0,0,0.19327983
6220,1,1,0,0.22720821
6221,0,1,1,1.629385
6222,0,0,0,0.4284228
6224,1,0,1,0.4086095
6225,0,0,0,0.21015693
6226,1,1,0,0.3007903
6227,1,0,1,1.5200751
6228,1,1,0,0.30759743
6229,1,1,0,0.24549715
6230,1,0,1,1.5866086
6231,0,0,0,0.23590876
6232,0,0,0,0.2059414
6233,0,0,0,0.23463078
6234,0,0,0,0.20221551
6235,1,1,0,0.61629444
6236,0,0,0,0.3276891
6237,0,0,0,0.1621081
6239,1,1,0,0.23611778
6240,0,0,0,0.34567204
6241,1,1,0,0.6910419
6242,1,1,0,0.2405283
6243,1,1,0,0.25877327
6244,0,0,0,0.21750759
6245,1,1,0,0.24046288
6246,1,1,0,0.37247905
6247,0,0,0,0.20097162
6248,0,0,0,0.21137123
6249,0,0,0,0.19225281
6250,0,0,0,0.33966422
6251,1,1,0,0.44883132
6252,0,0,0,0.51694214
6253,1,1,0,0.2007058
6254,0,0,0,0.33735633
6255,0,1,1,1.6981175
6256,1,1,0,0.5997796
6257,1,1,0,0.26235652
6258,0,0,0,0.33747154
6259,1,1,0,0.22180952
6260,0,0,0,0.20590986
6261,1,0,1,1.4454048
6262,1,1,0,0.23444062
6263,1,1,0,0.37354693
6264,0,0,0,0.17698658
6265,0,0,0,0.42813918
6266,1,1,0,0.24424344
6267,0,0,0,0.39155915
6268,0,0,0,0.19721235
6269,0,0,0,0.22104622
6270,0,0,0,0.21644767
6271,1,0,1,1.9898742
6272,1,1,0,0.7080269
6273,0,0,0,0.17985241
6274,0,0,0,0.6036866
6275,1,0,1,1.5669032
6276,1,1,0,0.24745777
6277,0,0,0,1.1097103
6278,0,0,0,0.2610272
6279,1,1,0,0.36215922
6280,1,1,0,0.09107561
6281,1,1,0,0.19652191
6282,1,1,0,0.24694759
6283,0,0,0,0.6915424
6284,0,0,0,0.20728385
6285,0,0,0,0.29550874
6286,1,1,0,0.29958412
6287,1,1,0,0.23688337
6288,0,0,0,0.20950054
6289,1,1,0,0.25383586
6290,0,0,0,0.20188959
6291,1,1,0,0.23586506
6292,0,0,0,0.3025729
6293,1,1,0,0.23623073
6294,0,0,0,0.1958262
6295,0,0,0,0.22600581
6296,0,0,0,0.20929651
6297,1,1,0,0.18063296
6298,0,1,1,1.2717696
6299,0,0,0,0.28420448
6300,1,0,1,1.5784755
6301,0,0,0,0.22627965
6302,1,1,0,0.24054365
6303,0,1,1,1.6200941
6304,1,1,0,0.19146198
6305,0,0,0,0.21584292
6306,1,1,0,0.4912881
6307,1,1,0,0.17031448
6308,1,1,0,0.14309783
6309,1,1,0,0.21425714
6310,0,0,0,0.21460049
6311,0,0,0,0.2086578
6312,1,0,1,1.997755
6313,0,0,0,0.21012196
6315,1,1,0,0.22929278
6316,0,1,1,1.2464668
6317,1,1,0,0.2390534
6318,0,0,0,0.19590639
6319,0,1,1,1.6576835
6320,1,0,1,1.5693903
6321,1,1,0,0.2382961
6322,1,1,0,0.2529615
6323,1,1,0,0.25731736
6324,0,0,0,0.9460191
6325,0,0,0,0.2203053
6326,1,1,0,0.23990558
6327,0,0,0,0.12586226
6328,0,1,1,1.7854983
6329,0,1,1,1.3129382
6330,0,0,0,0.2192935
6331,1,1,0,0.2401736
6332,0,0,0,0.20617218
6333,0,1,1,1.6042292
6334,0,0,0,0.2575133
6335,0,0,0,0.23456168
6337,1,0,1,1.5274502
6338,0,0,0,0.20927757
6339,0,0,0,0.2545027
6340,0,0,0,0.5847725
6341,0,0,0,0.22553898
6342,1,1,0,0.2582076
6343,0,0,0,0.177934
6344,0,0,0,0.22423415
6345,0,0,0,0.2574405
6346,1,1,0,0.45745468
6347,0,0,0,0.20959082
6348,1,1,0,0.1256619
6349,1,1,0,0.31423718
6350,1,1,0,0.9018365
6351,0,0,0,0.112166144
6352,0,1,1,1.705945
6353,1,1,0,0.24771315
6354,0,0,0,0.24818675
6355,1,1,0,0.24234675
6356,1,1,0,0.22795127
6357,0,1,1,1.5670072
6358,1,1,0,0.28927004
6359,0,1,1,1.6281273
6360,1,1,0,0.35112107
6361,1,0,1,1.6875293
6362,0,0,0,0.0618912
6363,1,1,0,0.20908473
6364,0,0,0,0.21864706
6365,1,1,0,0.55244344
6366,0,1,1,1.6916783
6367,0,0,0,0.17946124
6368,0,0,0,0.14666227
6369,0,0,0,0.21029559
6370,1,1,0,0.22669394
6371,1,1,0,0.25311708
6372,0,0,0,0.22607121
6373,1,1,0,0.28575683
6374,1,1,0,0.24372852
6375,0,1,1,1.6812633
6376,0,1,1,1.3924863
6377,1,1,0,0.21603252
6378,0,1,1,1.5919596
6379,0,0,0,0.19345807
6380,0,0,0,0.21198341
6381,0,1,1,1.313684
6382,0,0,0,0.2344145
6383,0,0,0,0.21556418
6384,0,1,1,1.7152439
6385,0,0,0,0.20532134
6386,1,1,0,0.2601432
6387,0,0,0,0.21333696
6388,1,0,1,1.3637732
6389,1,1,0,1.1216878
6390,1,0,1,1.5068558
6391,0,0,0,0.21746983
6392,1,1,0,0.7866165
6393,0,1,1,1.6761814
6394,0,0,0,0.3726524
6395,0,0,0,0.36478737
6396,0,1,1,1.4260843
6397,0,0,0,0.21935582
6398,0,0,0,0.19293824
6399,0,0,0,0.15825197
6400,0,1,1,2.6119695
6401,1,1,0,0.33417657
6402,1,0,1,1.5360023
6403,0,0,0,0.19015685
6404,0,0,0,0.64853233
6405,1,1,0,0.3144686
6406,0,0,0,0.21270876
6407,1,1,0,0.23903105
6408,0,0,0,0.19180979
6409,1,1,0,0.22621833
6410,1,1,0,0.23104887
6411,1,1,0,0.23844941
6412,0,0,0,0.22727431
6413,1,1,0,0.30269444
6414,0,0,0,0.48008147
6415,1,1,0,0.13858415
6416,1,0,1,1.5771104
6417,1,1,0,0.4884395
6418,0,0,0,0.18178123
6419,1,1,0,0.35788953
6421,0,1,1,1.5058746
6422,0,0,0,0.2067359
6423,0,0,0,0.23259862
6424,1,1,0,0.43074024
6425,1,1,0,0.17910074
6426,0,0,0,0.21090889
6427,0,0,0,0.23203969
6429,0,0,0,0.30681312
6430,1,1,0,0.46683505
6431,0,0,0,0.18529421
6432,1,1,0,0.36834
6434,1,1,0,0.23596497
6435,0,1,1,1.5985049
6436,0,0,0,0.21056014
6437,1,1,0,0.24953887
6438,0,0,0,0.05332115
6439,1,1,0,0.24441935
6440,1,1,0,0.28517458
6442,0,0,0,0.20545392
6443,0,0,0,0.2046599
6444,0,0,0,0.48577753
6445,0,0,0,0.10765594
6446,1,1,0,0.23070216
6447,0,0,0,0.7834586
6448,1,1,0,0.2429125
6450,0,0,0,0.20305665
6451,1,1,0,0.49785596
6452,1,1,0,0.24953645
6454,1,1,0,0.28184208
6455,1,0,1,1.4846165
6456,1,1,0,0.20400256
6457,0,1,1,1.6955001
6459,0,0,0,0.20399953
6460,1,1,0,0.24401163
6461,0,0,0,0.8501729
6462,0,0,0,0.40288815
6463,0,0,0,0.075082
6464,0,0,0,0.2243797
6465,0,0,0,0.20618196
6466,0,0,0,0.94266707
6467,1,0,1,1.5081699
6468,0,0,0,0.25924388
6469,1,1,0,0.24393702
6470,0,0,0,0.20378937
6471,1,1,0,0.24157932
6472,0,1,1,1.6149247
6473,1,1,0,0.23633888
6474,1,0,1,1.4524415
6476,0,0,0,0.25088757
6477,1,1,0,0.23722161
6478,0,0,0,0.19176611
6479,0,1,1,1.729395
6480,0,0,0,0.23012076
6481,0,0,0,1.1531122
6482,0,0,0,0.15934835
6483,1,0,1,1.5386237
6484,1,1,0,0.22681294
6485,1,0,1,1.468785
6487,0,0,0,0.2853625
6488,1,0,1,1.5149262
6489,1,1,0,0.20865403
6490,0,0,0,0.21356766
6491,0,0,0,0.21083339
6492,0,1,1,1.6581585
6493,1,0,1,0.5425259
6494,0,0,0,0.2149991
6495,0,0,0,0.19915883
6496,0,0,0,0.35825333
6497,0,0,0,0.23131518
6498,0,1,1,1.6681834
6499,0,0,0,0.15401106
6500,1,1,0,0.33910063
6501,1,1,0,0.24820611
6502,1,1,0,0.2397696
6503,1,1,0,0.23562032
6504,1,0,1,0.8136903
6505,0,0,0,0.21163122
6507,1,1,0,0.16246982
6508,1,1,0,0.58591795
6509,0,0,0,0.26305154
6510,0,0,0,0.19018719
6511,1,1,0,0.15696324
6512,0,0,0,0.1305381
6513,1,0,1,1.275745
6515,1,1,0,0.23197739
6516,1,1,0,0.34954706
6517,0,0,0,0.6002806
6518,0,0,0,0.26614645
6519,1,1,0,0.24384744
6520,1,1,0,0.23406902
6521,0,0,0,0.2065194
6522,1,1,0,0.13843377
6523,0,0,0,0.21184039
6524,1,1,0,0.25910732
6525,0,0,0,0.28275844
6526,0,0,0,0.22342426
6527,0,0,0,0.29975215
6528,1,1,0,0.3172373
6529,1,1,0,0.23433454
6530,0,0,0,0.21052064
6531,1,0,1,1.685527
6532,1,1,0,0.25147733
6533,0,0,0,0.21323043
6534,0,0,0,0.49531078
6535,0,1,1,1.6359861
6536,1,1,0,0.14185397
6537,1,1,0,0.24987653
6539,0,0,0,0.28901884
6540,0,1,1,0.5778201
6541,1,1,0,0.24536872
6542,1,0,1,1.8734658
6543,0,1,1,1.6588658
6544,0,0,0,0.20311552
6545,1,1,0,0.12048252
6546,0,0,0,0.57421553
6547,0,0,0,0.19209681
6548,1,0,1,1.5355725
6549,1,1,0,0.23130035
6550,0,0,0,0.21170709
6551,0,0,0,0.16074394
6552,1,0,1,1.5846682
6553,0,0,0,0.20076235
6554,0,1,1,1.6826843
6555,1,0,1,0.9622226
6556,0,0,0,0.3178431
6557,1,1,0,0.252217
6558,1,1,0,0.2692682
6559,1,1,0,0.42656416
6560,0,0,0,0.20891255
6561,0,0,0,0.3723719
6562,0,1,1,1.5463394
6563,1,1,0,0.103623986
6564,0,0,0,0.20192595
6565,0,0,0,0.21500312
6566,1,1,0,0.14373921
6567,1,1,0,0.61381036
6568,0,0,0,0.18492174
6569,1,1,0,0.23587514
6570,1,0,1,0.5671735
6571,1,1,0,0.24608806
6572,0,0,0,0.19672944
6573,1,1,0,0.23307511
6574,0,1,1,1.7113093
6575,0,0,0,0.1937499
6576,0,0,0,0.09138148
6577,0,1,1,1.6441369
6578,0,0,0,0.19511253
6579,0,0,0,0.36136323
6580,1,1,0,0.24224299
6581,0,1,1,1.7298423
6582,1,1,0,0.15268278
6583,1,1,0,0.23239975
6584,0,0,0,0.3745637
6585,1,1,0,0.11212832
6586,0,1,1,0.51304036
6587,1,1,0,0.25334093
6588,0,0,0,0.21214858
6589,1,1,0,0.24134675
6590,1,1,0,0.08872261
6591,1,1,0,0.26520514
6592,1,1,0,0.18932599
6594,0,0,0,0.19319642
6595,1,1,0,0.23095433
6597,0,0,0,0.19211078
6598,1,1,0,0.2331903
6599,1,1,0,0.13190886
6600,1,1,0,0.2440916
6601,0,1,1,1.6789831
6602,0,1,1,1.7160058
6603,0,0,0,0.20534715
6606,0,0,0,0.46072632
6607,0,0,0,0.1875762
6608,0,0,0,0.32577503
6609,0,0,0,0.21969521
6610,1,1,0,0.19971702
6611,0,0,0,0.20616387
6612,0,0,0,0.11232672
6613,1,1,0,0.25468728
6614,0,0,0,1.1411247
6615,1,1,0,0.24472393
6616,1,1,0,0.24443448
6617,1,1,0,0.16741589
6619,0,0,0,0.20119159
6620,1,1,0,0.2609119
6621,1,1,0,0.28698638
6622,1,1,0,0.24438946
6623,0,0,0,0.5011033
6624,0,0,0,0.17727876
6625,1,1,0,0.23461863
6626,1,1,0,1.4728056
6627,1,1,0,0.255147
6628,0,0,0,0.20430884
6629,0,0,0,0.5464314
6630,1,0,1,1.3363177
6631,0,0,0,0.20454514
6632,1,1,0,0.20928453
6633,0,0,0,0.053022277
6634,0,0,0,0.26598823
6635,0,1,1,0.830065
6636,1,1,0,0.23457667
6637,0,0,0,0.22474378
6638,1,0,1,1.6506599
6639,1,1,0,0.100021295
6640,1,1,0,0.16897649
6641,0,0,0,0.3492133
6644,1,1,0,0.13424392
6645,0,0,0,0.19050561
6646,1,0,1,0.5539205
6647,1,1,0,0.2161088
6648,0,0,0,0.49480087
6649,0,1,1,1.3438556
6651,1,1,0,0.24101758
6652,1,0,1,0.81123745
6653,0,0,0,0.109781876
6654,1,0,1,1.4545736
6655,1,1,0,0.53301424
6656,1,1,0,0.25099438
6657,0,0,0,0.36281043
6658,0,0,0,0.20797543
6659,0,0,0,0.27682242
6660,0,1,1,1.6813395
6661,0,0,0,0.18945274
6662,0,0,0,0.180438
6663,1,1,0,0.24207906
6664,0,0,0,0.20349063
6665,1,0,1,1.4675132
6667,0,0,0,0.23928474
6668,1,0,1,1.5623136
6669,1,1,0,0.22186232
6670,0,0,0,0.13357306
6671,0,0,0,0.20713685
6672,0,0,0,0.21454056
6673,1,1,0,0.2383952
6674,0,0,0,0.19483957
6675,0,0,0,0.18825269
6677,1,1,0,0.24837314
6678,1,1,0,0.3027929
6679,1,1,0,0.26528654
6680,0,1,1,1.7209961
6681,1,1,0,0.23873213
6682,1,1,0,0.7126704
6683,0,0,0,0.19969289
6685,1,1,0,0.24400914
6686,0,0,0,0.20109214
6687,0,0,0,0.20175995
6688,0,0,0,0.25985152
6689,0,0,0,0.1935898
6690,0,0,0,0.1933168
6691,1,1,0,0.24619403
6692,1,1,0,0.17921494
6693,0,0,0,0.924296
6694,0,0,0,0.2141327
6695,0,0,0,0.19050194
6696,1,1,0,0.2492455
6697,0,1,1,1.5263274
6698,1,1,0,0.23929085
6699,0,0,0,0.19971497
6700,1,1,0,0.28661203
6701,0,0,0,0.21280932
6702,0,0,0,0.21085976
6703,0,0,0,0.95445776
6704,0,1,1,1.9082425
6705,0,0,0,0.22706003
6706,0,0,0,0.21060996
6707,1,0,1,1.5404025
6708,0,0,0,0.19514461
6709,1,1,0,0.23111351
6710,1,1,0,0.25260466
6711,1,0,1,1.5561891
6713,0,0,0,0.19243996
6715,0,0,0,0.21175365
6716,0,0,0,0.27341527
6717,1,1,0,0.23834588
6718,1,0,1,1.8209534
6719,0,0,0,0.19802703
6720,0,0,0,0.16684127
6721,0,0,0,0.19738361
6722,1,1,0,0.55391717
6723,0,0,0,0.21209197
6724,1,1,0,0.25006276
6725,0,0,0,0.3142153
6726,0,0,0,0.2209691
6727,0,1,1,1.8290445
6728,0,1,1,1.6661243
6729,1,1,0,0.24198249
6730,1,1,0,0.25396553
6731,1,0,1,1.5153401
6732,1,1,0,0.2541582
6733,1,1,0,0.2885794
6734,1,1,0,0.24385677
6735,0,0,0,0.21047658
6736,1,1,0,0.24608797
6737,0,0,0,0.22144152
6738,0,1,1,1.5798926
6739,1,1,0,0.25272912
6740,0,0,0,0.23087384
6741,0,0,0,0.19384152
6742,1,0,1,0.75300664
6744,0,1,1,1.6934859
6745,0,1,1,1.6108986
6746,1,1,0,0.11867434
6748,0,0,0,0.37122226
6749,0,0,0,0.22062229
6750,1,1,0,0.23016204
6751,0,0,0,0.3584423
6752,1,0,1,1.502696
6753,0,0,0,0.19771129
6754,0,0,0,0.19912279
6755,1,1,0,0.2522318
6757,0,0,0,0.21384062
6758,1,0,1,0.57998604
6759,0,0,0,0.2152157
6760,1,1,0,0.1758529
6761,0,0,0,0.19295053
6762,0,0,0,0.2402015
6763,0,0,0,0.20900406
6764,0,0,0,0.23197418
6765,0,0,0,0.3010302
6766,1,1,0,0.25223374
6767,1,0,1,1.5107679
6768,1,1,0,0.27950853
6769,1,1,0,0.14917225
6770,1,1,0,0.2500671
6771,0,0,0,0.045899034
6772,0,0,0,0.19817047
6773,0,0,0,0.23004363
6774,0,0,0,0.3317056
6775,0,1,1,1.6073213
6776,1,1,0,0.24504773
6777,1,1,0,0.25678638
6778,0,0,0,0.20143253
6779,1,0,1,1.2207645
6780,1,0,1,1.5361953
6781,0,1,1,1.7177601
6782,1,1,0,0.5180429
6783,1,1,0,0.1128592
6785,1,1,0,0.24358816
6786,0,0,0,0.7601086
6787,1,1,0,0.25061136
6788,1,0,1,2.1543102
6789,1,0,1,0.30488935
6790,0,0,0,0.2074509
6792,1,1,0,0.23179883
6793,0,0,0,0.11343331
6794,0,0,0,0.20106472
6795,0,1,1,1.9252539
6796,0,0,0,0.20354937
6797,0,0,0,0.21025875
6798,0,1,1,1.3967339
6799,0,0,0,0.21506841
6800,1,1,0,0.2635468
6801,0,0,0,0.19030921
6802,0,0,0,0.17797841
6803,0,1,1,1.012701
6804,0,1,1,1.6680644
6805,1,1,0,0.46070492
6806,0,0,0,0.11674267
6807,1,1,0,0.41786906
6808,0,0,0,0.19380057
6809,0,0,0,0.19575004
6811,1,1,0,0.26196563
6812,0,1,1,1.1182823
6813,1,1,0,0.23540244
6814,0,0,0,0.21251869
6815,1,1,0,0.24749781
6816,1,1,0,0.12174574
6818,0,1,1,1.1205902
6819,0,0,0,0.2008943
6820,1,1,0,0.15806787
6821,0,0,0,0.19576053
6822,1,0,1,1.3322166
6823,0,1,1,1.6509218
6824,1,1,0,0.2492376
6825,0,0,0,0.18082568
6826,0,0,0,0.19461036
6827,0,0,0,0.74825597
6828,1,1,0,0.24952622
6829,1,1,0,1.0617313
6830,1,1,0,0.13724864
6831,1,0,1,1.7744898
6832,1,1,0,0.2350317
6833,0,0,0,0.18534832
6834,0,0,0,0.22287954
6835,1,0,1,1.8559709
6836,0,0,0,0.45693588
6837,0,1,1,2.0762045
6838,0,0,0,0.20432088
6839,1,0,1,1.5301459
6840,0,0,0,0.5242718
6841,0,1,1,1.6600704
6842,1,1,0,0.23430264
6843,1,1,0,0.21965082
6844,1,1,0,0.24697348
6845,0,0,0,0.245366
6846,0,0,0,0.21737017
6847,1,1,0,0.23245634
6848,1,1,0,0.23311384
6849,1,1,0,0.24402127
6850,0,0,0,0.43876976
6851,0,0,0,0.18930103
6852,1,1,0,0.25529468
6853,0,0,0,0.23445119
6854,0,0,0,0.35961443
6855,0,0,0,0.34175044
6857,1,0,1,1.5426588
6860,1,1,0,0.24566157
6861,0,0,0,0.2025415
6862,0,0,0,0.34572014
6863,1,1,0,0.2360627
6864,0,1,1,1.7676795
6865,1,1,0,0.12802804
6866,1,1,0,0.38147283
6867,0,0,0,0.19902372
6868,1,1,0,1.307472
6869,0,1,1,1.6545585
6871,0,0,0,0.19909306
6872,0,1,1,1.7606
6873,1,0,1,0.8647166
6874,1,1,0,0.25415564
6875,0,0,0,0.25375077
6876,0,0,0,0.18507819
6877,0,0,0,0.20976123
6878,1,1,0,0.19375488
6879,0,0,0,0.28042844
6880,0,0,0,0.10157772
6881,0,0,0,0.19778505
6882,1,1,0,0.41131857
6883,0,0,0,0.33459094
6884,1,1,0,0.25230286
6885,0,0,0,0.23063314
6886,0,0,0,1.064819
6887,0,0,0,0.2182485
6888,0,0,0,0.2086433
6889,0,0,0,0.29154265
6890,1,1,0,0.2939846
6892,0,0,0,0.6031564
6893,1,0,1,1.5129082
6894,1,1,0,0.25635004
6895,1,1,0,0.24708748
6896,1,1,0,0.62596786
6897,0,1,1,1.6385498
6898,0,1,1,1.6766933
6899,0,0,0,0.187916
6900,1,1,0,0.24323548
6901,1,1,0,0.2492088
6902,1,1,0,0.11782203
6903,1,0,1,2.0449157
6904,0,0,0,0.21019965
6905,0,0,0,0.2258299
6906,0,0,0,0.2047957
6907,1,1,0,0.23732258
6908,0,0,0,0.2151931
6909,1,0,1,1.576295
6910,1,0,1,1.5538003
6911,0,0,0,0.17391838
6913,0,0,0,0.19987038
6914,0,0,0,0.19903243
6915,1,1,0,1.0133324
6916,1,1,0,0.2512217
6917,1,1,0,0.2572678
6918,1,1,0,0.2495827
6919,0,0,0,1.1969452
6920,1,1,0,0.57937866
6921,1,1,0,0.3084016
6922,0,0,0,0.750808
6923,0,0,0,0.2052358
6924,1,1,0,0.2907184
6925,1,1,0,0.21102569
6926,0,0,0,0.18424635
6927,0,0,0,0.19825093
6928,0,0,0,0.19363725
6929,1,1,0,0.3900364
6930,0,0,0,0.21115033
6931,1,1,0,0.31795475
6932,1,1,0,0.20153078
6933,0,0,0,0.22275361
6934,0,0,0,0.2675347
6935,1,1,0,0.23774749
6936,1,1,0,0.3685404
6937,0,0,0,0.18850747
6938,1,1,0,0.2494363
6939,0,0,0,0.23525555
6940,0,0,0,0.6496403
6941,0,0,0,0.19030528
6942,1,1,0,0.24221793
6943,0,0,0,0.27068108
6944,1,1,0,0.2652651
6945,1,1,0,0.24027689
6946,0,0,0,1.3566573
6947,1,1,0,0.11764166
6948,1,1,0,0.24997036
6949,0,0,0,0.16973408
6950,0,1,1,1.7791992
6952,0,0,0,0.21224609
6953,0,0,0,0.17306308
6954,0,0,0,0.2020406
6955,1,1,0,0.23070724
6956,1,1,0,0.4461382
6957,1,1,0,0.32548606
6958,0,0,0,0.21001713
6959,1,1,0,0.24600716
6960,1,0,1,1.5093778
6961,1,1,0,0.20598009
6962,0,1,1,1.7631937
6963,0,0,0,0.29123792
6964,1,0,1,1.3478239
6965,0,0,0,0.20423488
6966,1,1,0,0.23819813
6967,1,1,0,0.25087792
6969,1,1,0,0.1829524
6970,0,0,0,0.21286765
6971,1,1,0,0.24761154
6972,0,0,0,0.20330173
6973,0,0,0,0.77696633
6974,0,1,1,1.6254506
6975,0,0,0,0.22383034
6976,1,1,0,0.16272251
6977,0,0,0,0.31607062
6978,0,1,1,1.6512582
6979,0,1,1,1.354808
6980,0,0,0,0.22685257
6981,0,0,0,0.19081356
6982,1,1,0,0.14435357
6983,0,0,0,0.19197127
6984,0,0,0,0.41305372
6985,0,0,0,0.21520069
6986,1,1,0,0.4714652
6987,0,0,0,0.518409
6988,0,1,1,1.6466223
6989,0,0,0,0.21489245
6990,1,0,1,1.8162489
6991,0,1,1,0.61534345
6992,1,0,1,1.5707008
6994,0,0,0,0.3487026
6995,0,0,0,0.17968996
6996,0,1,1,1.9868001
6997,0,0,0,0.25076926
6998,1,1,0,0.24901636
6999,0,0,0,0.8048858
7000,0,1,1,1.6037126
7001,0,0,0,0.4081485
7002,0,0,0,0.18676613
7003,1,1,0,0.23601507
7004,1,1,0,0.23425315
7005,0,1,1,1.5700387
7006,0,0,0,0.27837917
7007,1,0,1,1.3085822
7008,1,1,0,0.23215982
7010,1,1,0,0.20492119
7011,1,1,0,0.24481678
7012,1,0,1,1.5042951
7013,0,0,0,0.19339293
7014,1,1,0,0.28763068
7015,0,1,1,1.623043
7016,1,1,0,0.31300068
7017,0,0,0,0.21121034
7018,1,0,1,1.0120277
7019,0,1,1,1.4775773
7020,1,1,0,0.24331968
7021,1,1,0,0.24051762
7022,1,1,0,0.24427713
7023,1,1,0,0.2485077
7024,0,0,0,0.3981249
7025,1,0,1,1.5191729
7026,1,0,1,1.3307121
7027,1,1,0,0.17790568
7029,0,0,0,0.21667902
7030,0,0,0,0.33223027
7031,1,1,0,0.27734408
7032,0,1,1,1.67893
7034,0,0,0,0.2280753
7036,0,1,1,1.6477575
7037,0,0,0,0.17813335
7038,0,1,1,0.641472
7039,0,0,0,0.30119902
7041,1,1,0,0.2501569
7042,1,1,0,0.2366338
7043,1,1,0,0.2393035
7044,0,0,0,0.21803693
7045,0,0,0,0.20715131
7046,1,1,0,0.25406
7047,1,1,0,0.24282497
7048,1,1,0,0.17569058
7049,1,0,1,1.6035522
7050,0,0,0,0.2129342
7051,1,0,1,1.5566485
7052,1,0,1,1.522908
7053,0,0,0,0.16353308
7054,0,0,0,0.18905486
7055,1,0,1,1.8235953
7056,0,0,0,0.3066926
7057,0,1,1,1.672257
7058,1,1,0,0.24481034
7059,1,1,0,0.2589952
7060,1,1,0,0.25851372
7061,1,1,0,0.77562106
7062,1,1,0,0.2327853
7063,1,1,0,0.32483774
7064,0,0,0,0.14081073
7065,0,0,0,0.15050673
7066,1,1,0,0.2056794
7067,0,1,1,1.6437933
7068,1,0,1,1.4888462
7069,0,1,1,2.0578172
7070,1,1,0,0.96414816
7071,1,1,0,0.23952766
7072,1,1,0,0.2608005
7073,1,1,0,0.2865145
7074,1,1,0,0.24940751
7075,0,0,0,0.20325679
7076,0,0,0,0.18964358
7077,0,0,0,0.2987221
7078,1,1,0,0.25447637
7079,1,1,0,0.1974663
7080,0,1,1,1.6488574
7081,1,1,0,0.2442004
7082,0,0,0,0.12781395
7083,0,0,0,0.5078105
7084,1,1,0,0.24994485
7085,0,0,0,0.19592519
7086,0,0,0,0.20773324
7087,1,1,0,0.23083086
7088,1,1,0,0.24683414
7089,0,1,1,1.2228148
7090,1,1,0,0.4144973
7091,0,1,1,1.3331565
7092,1,1,0,0.24365005
7093,1,1,0,0.2407073
7094,0,0,0,0.2188403
7095,1,1,0,0.2400966
7096,0,0,0,0.4002899
7097,0,0,0,0.4604444
7098,1,1,0,0.2596604
7099,1,1,0,0.2393873
7100,1,1,0,1.2182925
7101,1,1,0,0.72559655
7102,0,1,1,2.6595402
7103,1,1,0,0.24159788
7104,1,0,1,1.9557996
7105,0,0,0,0.18913509
7106,0,0,0,0.20185572
7107,0,0,0,0.20476665
7108,0,0,0,0.20165674
7109,0,0,0,0.2152023
7110,1,1,0,0.25958988
7111,1,0,1,1.7321947
7112,0,1,1,1.4540629
7113,0,0,0,0.21680059
7114,0,0,0,0.21675597
7115,0,1,1,1.3850873
7116,0,0,0,0.21159777
7117,0,0,0,0.20796858
7118,1,1,0,0.6867094
7119,0,0,0,0.24415389
7120,0,1,1,1.6763358
7121,0,0,0,0.3887287
7122,0,0,0,0.21773438
7123,1,0,1,1.087309
7124,1,1,0,0.2388085
7126,1,1,0,0.23831329
7127,0,0,0,0.21379036
7128,1,0,1,1.5152106
7129,1,1,0,0.18645239
7130,0,1,1,1.6775595
7131,0,0,0,0.13574187
7132,0,0,0,0.3064345
7133,0,1,1,1.6818031
7136,1,1,0,0.24347046
7138,0,1,1,1.2248849
7139,1,1,0,0.09203253
7140,0,0,0,0.21425147
7141,0,1,1,1.5774641
7142,1,1,0,0.234958
7143,1,1,0,0.25410497
7144,1,0,1,1.382154
7146,1,1,0,0.20169748
7148,1,1,0,0.25339645
7150,1,1,0,0.2486223
7151,1,1,0,0.24251568
7152,0,0,0,0.20697793
7153,0,0,0,0.09905815
7154,1,0,1,1.5692481
7155,1,1,0,0.8102853
7156,1,1,0,0.24692775
7157,1,1,0,0.22454064
7158,1,1,0,0.25428736
7159,0,0,0,0.22188905
7160,1,1,0,0.24800491
7161,1,0,1,1.3338623
7162,0,0,0,0.3552597
7163,1,1,0,0.73560774
7164,1,1,0,0.15485829
7165,0,1,1,1.6596888
7166,1,1,0,1.2641237
7167,0,1,1,1.6837418
7168,1,1,0,0.4073593
7169,1,1,0,0.21781875
7170,0,0,0,0.21981092
7171,1,1,0,0.27828425
7172,1,1,0,0.4204069
7173,1,1,0,0.24351221
7174,0,0,0,0.27782393
7175,1,0,1,0.6249321
7176,0,0,0,0.17164415
7177,0,0,0,0.2243616
7179,1,1,0,0.16062722
7180,0,0,0,0.08115484
7181,0,0,0,0.33647713
7182,1,0,1,1.5062702
7183,1,1,0,0.24516529
7184,1,0,1,1.1701871
7185,1,1,0,0.25275928
7186,0,0,0,0.39785337
7187,0,0,0,0.21001905
7188,1,1,0,0.8061404
7189,0,0,0,0.34327123
7190,0,0,0,0.42441106
7191,0,0,0,0.2013567
7192,1,0,1,1.0684807
7193,0,0,0,0.18578577
7194,0,0,0,0.2534419
7195,0,0,0,0.42277664
7196,1,1,0,0.25673574
7197,0,0,0,0.3257145
7198,0,1,1,1.6389344
7199,1,0,1,1.5174304
7200,1,1,0,0.36491346
7201,0,1,1,1.507499
7202,0,0,0,0.26761287
7203,0,0,0,0.22213662
7204,0,0,0,0.016072942
7205,1,1,0,0.22273472
7206,1,1,0,0.2741825
7207,1,1,0,0.23694292
7208,1,0,1,1.4789033
7209,0,0,0,0.22761
7210,0,0,0,0.19364224
7211,0,0,0,0.50962526
7212,1,1,0,0.27644756
7213,0,1,1,1.6719952
7214,1,1,0,0.24868725
7215,0,0,0,0.8052205
7216,0,1,1,1.1642334
7217,1,1,0,0.25789723
7218,1,0,1,1.9577998
7219,1,1,0,0.24860616
7221,0,0,0,0.22832988
7222,0,1,1,1.4438345
7223,0,0,0,0.21518056
7225,1,0,1,1.9846637
7226,0,0,0,0.20965818
7228,1,1,0,0.25474772
7229,0,0,0,0.35533732
7230,1,1,0,0.55305445
7231,0,0,0,0.10166258
7232,0,1,1,1.6673267
7233,0,1,1,1.9439685
7234,0,0,0,0.21209362
7236,1,1,0,0.24995749
7237,1,1,0,0.24755478
7238,0,1,1,0.50865597
7239,1,1,0,0.38746965
7240,0,0,0,0.403455
7241,1,1,0,0.22287476
7242,0,0,0,0.44694072
7244,1,1,0,0.3647233
7245,0,1,1,1.6670065
7246,0,1,1,1.6455456
7247,0,0,0,0.19732185
7248,0,0,0,0.1967645
7249,1,1,0,0.27930915
7250,0,0,0,0.3164833
7251,0,0,0,0.21592572
7252,0,0,0,0.20904177
7253,0,0,0,0.1158847
7254,0,0,0,0.36529794
7255,0,0,0,0.32011947
7257,1,1,0,0.16567923
7258,1,0,1,1.6316313
7259,0,1,1,1.7786958
7260,1,1,0,0.24035226
7261,1,0,1,1.6266587
7262,1,0,1,1.544058
7264,1,0,1,0.89383405
7265,1,0,1,1.2889712
7266,1,1,0,0.24580525
7267,0,0,0,0.16084005
7268,1,1,0,0.13666463
7270,0,0,0,0.20415467
7271,1,1,0,0.23676269
7272,1,1,0,0.23388195
7273,0,0,0,0.22061867
7274,0,0,0,0.15791275
7275,0,0,0,0.93790555
7276,1,1,0,0.25123033
7277,0,0,0,0.19068746
7278,0,0,0,0.19093324
7279,1,1,0,0.1644395
7281,0,0,0,0.19510323
7282,0,0,0,0.1397926
7283,0,1,1,1.2461268
7284,0,1,1,1.5750165
7285,0,0,0,0.20850773
7286,0,1,1,1.7121964
7287,0,1,1,1.6972462
7288,0,1,1,1.6592097
7290,1,1,0,0.24177477
7291,1,1,0,0.23560639
7292,1,0,1,1.5560102
7294,1,1,0,0.24441746
7295,0,0,0,0.21462625
7296,1,1,0,0.58765674
7297,0,0,0,0.29946512
7298,1,1,0,0.24796425
7301,0,0,0,0.30049756
7302,0,0,0,0.38218248
7303,0,0,0,0.5274216
7304,0,0,0,0.3269255
7305,1,1,0,0.23936187
7306,0,0,0,0.209003
7307,0,0,0,0.16331427
7308,1,1,0,0.25983948
7309,0,0,0,0.16918193
7310,0,0,0,0.20584485
7311,0,0,0,0.11672166
7312,0,0,0,0.20050777
7313,0,0,0,0.21624227
7314,0,1,1,0.90019476
7315,1,1,0,0.24998313
7316,1,1,0,0.25130394
7317,1,0,1,1.544133
7318,1,0,1,1.5490611
7319,0,0,0,0.5299002
7320,1,1,0,0.2313533
7321,0,1,1,2.292342
7322,1,1,0,0.24016252
7323,0,0,0,0.21023116
7324,0,0,0,0.2027317
7325,0,0,0,0.20836024
7327,0,0,0,0.16156512
7328,0,0,0,0.20049316
7330,0,0,0,0.21692805
7331,0,1,1,1.2086432
7332,0,0,0,0.20555751
7333,0,0,0,0.19668165
7334,0,0,0,0.22290492
7335,1,1,0,0.24844772
7336,1,1,0,0.09042796
7337,1,1,0,0.23532559
7338,0,0,0,0.22435826
7339,1,1,0,0.20599853
7340,1,0,1,1.5382448
7341,1,1,0,0.4187796
7342,1,1,0,0.55265623
7343,0,0,0,0.18997163
7344,0,0,0,0.3171594
7346,1,0,1,1.5284448
7347,0,1,1,0.89669657
7348,0,0,0,0.024702825
7349,0,0,0,0.12750399
7350,1,1,0,0.23182435
7351,0,0,0,0.17937717
7352,0,0,0,0.21007405
7353,0,0,0,0.1591785
7354,1,1,0,0.25210193
7355,0,0,0,0.12740715
7356,0,0,0,0.18610527
7357,0,1,1,1.696467
7358,1,0,1,1.5160064
7359,1,1,0,0.23500727
7360,1,1,0,0.27101323
7361,0,0,0,0.076360665
7362,1,0,1,1.8126777
7363,0,0,0,0.20880276
7364,0,0,0,0.21811086
7365,0,0,0,0.44702017
7366,0,0,0,0.49529693
7367,0,0,0,0.19901404
7368,1,1,0,0.24459848
7369,0,0,0,0.20079495
7371,0,0,0,0.18864831
7372,1,1,0,0.35325995
7374,1,1,0,0.24908699
7375,0,0,0,0.19786035
7376,0,1,1,1.6997421
7377,0,0,0,0.22431147
7378,0,0,0,0.24171637
7379,1,0,1,0.6268692
7380,0,0,0,0.21436393
7381,1,1,0,0.1920056
7382,0,0,0,0.29715392
7383,0,0,0,0.22774625
7384,1,1,0,0.25314695
7385,0,0,0,0.19417919
7386,1,1,0,0.113144845
7387,0,0,0,0.19597162
7388,1,0,1,1.5843443
7389,0,0,0,0.19274025
7390,0,0,0,0.14365083
7391,1,1,0,1.1245899
7392,0,0,0,0.22073413
7394,0,1,1,1.0925503
7395,0,0,0,0.23562306
7396,0,0,0,0.20723511
7397,0,0,0,0.21163733
7398,1,1,0,0.26168668
7399,1,1,0,0.24558473
7400,1,1,0,0.23977317
7401,1,1,0,0.19765298
7402,1,0,1,1.5110902
7403,1,1,0,0.23003237
7404,0,0,0,0.3041572
7405,1,1,0,0.22935267
7406,0,0,0,0.20715714
7407,0,0,0,0.20629384
7408,1,1,0,0.33112782
7409,1,1,0,0.15813555
7410,0,1,1,1.6439327
7411,1,1,0,0.23776317
7412,1,1,0,0.19865397
7413,1,0,1,1.4970579
7414,1,1,0,0.2904933
7416,1,0,1,0.63785106
7417,1,1,0,0.23852754
7418,0,0,0,0.25819534
7419,0,1,1,1.6310825
7420,1,1,0,0.23125023
7421,1,1,0,0.26248354
7422,1,1,0,0.37889293
7423,1,1,0,0.26648942
7424,1,1,0,0.25156814
7425,0,0,0,0.20802432
7426,1,1,0,0.24371955
7427,0,0,0,0.4638732
7428,0,0,0,0.20693189
7429,0,1,1,1.637692
7430,1,1,0,0.2508929
7432,0,0,0,0.26075214
7433,1,1,0,0.2301682
7434,0,1,1,1.6672155
7435,0,0,0,0.20919912
7436,1,1,0,0.24179332
7437,0,0,0,0.2142249
7438,0,1,1,0.36400023
7439,1,1,0,0.23855741
7440,0,0,0,0.20611632
7441,0,0,0,0.2798122
7442,0,1,1,1.726642
7443,1,1,0,0.14211978
7444,1,1,0,0.1723096
7445,0,0,0,0.19778083
7446,0,0,0,0.47463572
7447,0,0,0,0.97450894
7448,1,1,0,0.21399036
7449,0,0,0,0.21046211
7450,0,0,0,0.08624335
7451,1,1,0,0.1642971
7452,0,0,0,0.21389055
7453,0,1,1,1.8531202
7454,1,1,0,0.19592166
7455,1,1,0,0.23036267
7456,0,0,0,0.20782924
7457,0,0,0,0.20526892
7458,0,0,0,0.3025255
7460,1,1,0,0.22146107
7461,0,0,0,0.20034906
7462,0,0,0,0.3707945
7463,0,0,0,0.13729611
7464,1,1,0,0.24747723
7465,1,1,0,0.6028419
7466,0,0,0,0.21210876
7467,0,0,0,0.2223307
7468,0,0,0,0.3199046
7469,0,0,0,0.21540312
7470,1,1,0,0.24233592
7471,0,0,0,0.15958425
7472,1,1,0,0.25044906
7473,1,1,0,0.23019329
7474,0,0,0,0.33392626
7475,1,1,0,0.4913013
7477,0,0,0,0.12656038
7478,1,1,0,0.22518785
7479,1,0,1,1.4509528
7480,0,0,0,0.19510773
7481,0,0,0,0.22563203
7483,0,0,0,0.8933088
7484,0,1,1,1.6475946
7485,1,0,1,1.7354398
7486,0,0,0,0.20818871
7487,0,1,1,1.7064292
7488,0,0,0,0.21292488
7489,1,1,0,0.24941067
7490,0,0,0,0.17561127
7491,0,0,0,0.30459473
7492,1,1,0,0.25674707
7493,1,1,0,0.26046386
7494,1,1,0,0.24121796
7495,0,0,0,0.21224202
7496,1,1,0,0.25037944
7497,1,1,0,0.24485682
7498,0,0,0,0.22710593
7499,0,0,0,0.18927537
7500,1,1,0,0.53810424
7501,1,0,1,1.6344649
7502,0,0,0,0.20181195
7503,1,0,1,1.5063574
7504,1,1,0,0.26277193
7505,1,1,0,0.09985517
7506,0,1,1,1.9181805
7507,1,1,0,0.16665633
7508,1,1,0,0.32905573
7509,1,1,0,0.09597073
7510,0,0,0,0.47171545
7511,1,1,0,0.3348434
7512,1,1,0,0.23948395
7513,1,1,0,0.3198676
7514,0,0,0,0.758909
7515,0,0,0,0.19985858
7516,0,0,0,0.18536068
7517,1,1,0,0.25292596
7518,1,0,1,1.5386643
7519,1,1,0,0.23810147
7520,1,0,1,1.4997168
7521,1,0,1,1.5511078
7522,1,0,1,1.5616333
7523,1,1,0,0.10458758
7524,0,0,0,0.20991889
7525,0,0,0,0.3224868
7526,0,0,0,0.15226519
7527,0,1,1,1.8723913
7528,1,1,0,0.24868725
7529,0,0,0,0.21512178
7530,1,1,0,0.24362285
7531,0,1,1,1.608067
7532,0,0,0,0.22356553
7533,0,0,0,0.19584699
7534,0,0,0,0.68372196
7535,1,1,0,0.23812175
7536,0,1,1,1.6218712
7537,1,1,0,0.43757957
7538,1,1,0,0.2436391
7539,0,0,0,0.21068607
7540,1,0,1,1.4881773
7541,1,1,0,0.7553832
7543,1,1,0,0.24576907
7544,0,0,0,0.35121003
7545,0,0,0,0.07015252
7546,0,0,0,0.45742738
7547,0,0,0,0.29703304
7548,1,1,0,0.31212738
7549,1,1,0,0.22757089
7550,0,0,0,0.35830536
7551,0,0,0,0.2670793
7552,1,1,0,0.24233383
7553,1,0,1,1.3317168
7554,0,0,0,0.33796412
7555,1,1,0,1.0684026
7556,1,1,0,0.20409647
7557,1,1,0,0.25094506
7558,0,0,0,0.19140182
7559,1,1,0,0.25210825
7560,0,0,0,0.1965662
7562,0,0,0,0.4075586
7563,0,1,1,1.6973246
7564,0,0,0,0.22029543
7565,1,1,0,0.17232125
7566,1,1,0,0.15059295
7567,1,1,0,0.19450732
7568,1,0,1,1.5409596
7569,1,1,0,0.24378167
7570,0,0,0,0.39108643
7571,1,1,0,0.39534187
7572,1,1,0,0.23915559
7573,1,0,1,1.5180436
7574,1,1,0,0.42076048
7575,1,1,0,0.1818839
7576,0,0,0,0.23566505
7577,1,1,0,0.18141031
7578,0,1,1,1.3561462
7580,0,0,0,0.22202416
7581,0,0,0,0.20763381
7582,0,0,0,0.21216835
7583,1,1,0,0.22204591
7584,0,0,0,0.22421613
7585,0,0,0,0.5271313
7586,0,0,0,0.18923838
7587,0,0,0,0.1982786
7589,1,1,0,0.2415413
7590,0,0,0,0.1870464
7591,1,1,0,0.24543923
7592,0,1,1,1.845445
7593,1,1,0,0.24345165
7594,1,0,1,1.3182422
7595,1,1,0,0.2934515
7596,1,0,1,1.6563709
7597,0,0,0,0.20473838
7598,1,1,0,0.23751673
7599,0,0,0,0.22492371
7600,0,0,0,0.3233716
7601,0,0,0,0.3388691
7602,0,0,0,0.6907276
7603,0,1,1,0.7958499
7604,1,1,0,0.24799024
7605,1,1,0,0.25928912
7606,1,0,1,1.5829384
7607,1,0,1,1.5072222
7608,0,1,1,1.8697833
7609,0,0,0,0.22037375
7610,0,1,1,0.63254
7611,1,1,0,0.24112363
7612,0,0,0,1.1086051
7613,0,0,0,0.33673316
7614,1,1,0,0.2482649
7615,0,0,0,0.3092898
7616,1,0,1,1.5024047
7617,0,0,0,0.21803084
7618,1,0,1,1.0102117
7619,1,1,0,0.2568252
7620,0,0,0,0.23610252
7621,0,0,0,0.2269922
7622,0,1,1,1.4185045
7623,1,1,0,0.23382115
7624,1,1,0,0.25590214
7625,1,1,0,0.24472308
7626,1,0,1,1.6568636
7627,1,0,1,1.2467753
7628,1,1,0,0.23332062
7629,1,1,0,0.24513152
7630,0,0,0,0.2215736
7631,0,1,1,1.7426722
7632,1,1,0,0.24688104
7633,0,0,0,0.24838197
7634,1,1,0,0.22525047
7635,0,0,0,0.2235274
7636,1,1,0,0.33064318
7637,1,1,0,0.25426084
7638,0,0,0,0.21820278
7639,1,1,0,0.46337247
7640,1,1,0,0.15356897
7641,1,1,0,0.29388207
7642,1,1,0,1.1184245
7643,0,0,0,0.16148074
7644,1,1,0,0.2513845
7645,0,0,0,0.21514763
7646,1,1,0,0.24395739
7647,0,1,1,1.1934134
7648,1,1,0,0.49030575
7649,0,1,1,1.7193906
7650,0,0,0,0.60056585
7651,1,0,1,1.4497542
7652,0,0,0,0.20782167
7653,0,0,0,0.52233166
7654,1,1,0,0.22612391
7655,1,1,0,0.270861
7656,0,0,0,0.22302441
7657,1,1,0,0.24415201
7658,0,0,0,0.1314132
7659,0,0,0,0.20306511
7660,0,0,0,0.22241285
7661,0,0,0,0.2132837
7662,0,0,0,0.20256984
7663,1,1,0,0.24110237
7664,1,1,0,0.29816562
7665,0,0,0,0.37976354
7666,0,0,0,0.19792679
7667,0,0,0,0.7642617
7669,0,0,0,0.2226625
7670,0,0,0,0.19864605
7671,1,1,0,0.24655285
7672,0,0,0,0.20197259
7673,1,0,1,1.4680723
7674,1,1,0,0.23426653
7675,0,0,0,0.32208887
7676,0,0,0,0.19061801
7677,0,0,0,0.18442808
7678,1,1,0,0.5502663
7679,1,1,0,0.24183723
7680,1,1,0,0.23494837
7681,1,1,0,0.22818956
7682,0,0,0,0.23431878
7683,1,1,0,0.5277331
7684,1,1,0,0.22443837
7685,0,0,0,0.19288023
7686,1,1,0,0.2636222
7687,1,1,0,0.25397587
7688,1,0,1,1.8690091
7689,1,1,0,0.31072605
7690,1,1,0,0.2588419
7691,0,1,1,1.1846775
7693,1,1,0,0.25230056
7694,0,0,0,0.17071031
7695,1,1,0,0.14361995
7696,1,1,0,0.12324135
7697,1,0,1,1.5575554
7698,0,0,0,0.2218223
7699,1,1,0,0.20565727
7700,1,1,0,0.228814
7701,0,0,0,0.20623893
7702,0,0,0,0.3399229
7703,0,0,0,0.189619
7704,1,1,0,0.2505996
7705,1,1,0,0.23452216
7706,1,0,1,1.0921264
7707,0,0,0,0.19401237
7708,0,1,1,1.6289926
7709,1,1,0,0.40846896
7710,1,1,0,0.29071388
7711,0,0,0,0.21800092
7712,0,1,1,1.6629822
7713,1,1,0,0.4076598
7714,1,1,0,0.24140461
7715,1,1,0,0.24353996
7716,1,1,0,0.25430205
7717,1,1,0,0.47021663
7718,0,0,0,0.22782028
7719,1,1,0,0.23033448
7720,0,0,0,0.12745586
7721,1,1,0,0.10281825
7722,1,1,0,0.24186559
7723,1,1,0,0.24766123
7724,1,1,0,0.73919797
7725,1,1,0,0.23796381
7726,0,0,0,0.2075496
7727,0,0,0,0.96012986
7728,0,0,0,1.8218535
7729,1,0,1,1.4906253
7730,0,0,0,0.2037742
7731,1,1,0,0.43614545
7732,1,1,0,0.22932549
7733,1,1,0,0.2353134
7734,1,0,1,1.5974962
7735,1,0,1,1.5191559
7736,1,1,0,0.201932
7737,0,0,0,0.22295727
7738,0,0,0,0.16284376
7739,0,0,0,0.20031267
7740,1,1,0,0.21530133
7741,0,0,0,0.20333323
7742,0,0,0,0.2015067
7743,1,0,1,1.5240523
7744,0,0,0,0.2255704
7745,1,0,1,0.9413722
7746,1,1,0,0.24047598
7747,1,0,1,1.5076627
7748,1,1,0,0.67852277
7749,1,1,0,0.42433003
7750,0,0,0,0.20381911
7751,0,1,1,1.3544598
7752,0,1,1,1.7120266
7753,1,1,0,0.16552621
7754,1,1,0,0.2572892
7755,0,0,0,0.8483969
7756,1,1,0,0.24030754
7757,1,0,1,1.5657272
7758,1,1,0,0.23921153
7759,1,1,0,0.22749978
7760,1,0,1,1.5856755
7761,1,1,0,0.17160527
7762,1,1,0,0.24904792
7763,0,1,1,0.8546907
7764,1,1,0,0.23296964
7765,0,0,0,0.3220759
7766,1,1,0,0.23943225
7767,0,0,0,1.0716367
7768,0,0,0,0.20596159
7769,1,1,0,0.23672469
7770,1,0,1,1.0114416
7771,0,0,0,0.6202514
7772,1,1,0,0.29404432
7773,1,1,0,0.8045688
7774,1,1,0,0.21112029
7775,1,1,0,0.24841826
7776,0,0,0,0.22853652
7777,1,1,0,0.24242674
7778,1,0,1,1.4466538
7779,0,0,0,0.21678391
7780,1,1,0,0.29803512
7781,0,0,0,0.49307418
7782,0,1,1,1.707266
7783,1,1,0,0.2622929
7784,0,1,1,1.2524996
7785,0,0,0,0.44080502
7786,0,0,0,0.21958268
7787,1,0,1,1.5352811
7788,1,1,0,0.08801393
7789,0,0,0,0.18577684
7790,0,1,1,0.95813143
7791,0,1,1,1.2482965
7792,0,0,0,0.30728334
7793,0,1,1,1.7356646
7794,0,0,0,0.25736144
7795,1,1,0,0.13419451
7796,1,0,1,1.5423255
7797,1,1,0,0.25090554
7798,0,0,0,0.42108002
7799,0,0,0,0.20095338
7800,1,1,0,0.2445281
7801,1,0,1,1.8709792
7802,0,0,0,0.044468142
7803,1,1,0,0.25954825
7804,1,1,0,0.2536805
7805,0,0,0,0.23296727
7806,1,0,1,1.5410826
7807,1,1,0,0.25593278
7808,1,1,0,0.22734547
7809,1,1,0,0.24204303
7810,0,0,0,0.31682804
7811,0,0,0,0.071247235
7812,0,0,0,0.21255349
7813,1,1,0,0.25436056
7814,1,1,0,0.2318958
7815,0,0,0,0.21182379
7816,1,1,0,0.25381202
7817,1,1,0,0.3829518
7818,1,1,0,0.2423952
7819,1,1,0,0.13803354
7820,0,0,0,0.20591734
7821,0,1,1,1.7011542
7822,1,1,0,0.24562591
7823,1,0,1,1.5561732
7824,0,0,0,0.21034658
7825,0,1,1,1.7500602
7826,1,1,0,0.2232702
7827,1,1,0,0.21760513
7828,0,0,0,0.20452824
7829,0,1,1,1.6381792
7830,0,0,0,0.21706365
7831,1,1,0,0.25012302
7832,1,1,0,0.29341114
7833,0,0,0,0.21188387
7834,1,1,0,0.25312558
7835,0,0,0,0.26800314
7836,0,0,0,0.20855081
7837,0,0,0,0.21111742
7838,0,0,0,0.20608896
7839,1,1,0,0.24622738
7840,0,1,1,1.7189424
7841,1,1,0,0.1845842
7842,1,1,0,0.2500911
7843,1,1,0,0.2622441
7844,0,0,0,0.34211522
7845,1,1,0,0.17087854
7846,1,1,0,0.23605272
7847,1,1,0,0.23269422
7848,1,1,0,0.24144617
7849,0,0,0,0.22644429
7850,1,0,1,1.6378068
7851,0,0,0,0.2517181
7852,0,0,0,0.323252
7853,1,1,0,0.272119
7854,0,0,0,0.21212439
7855,0,0,0,0.16814163
7856,0,1,1,1.4281623
7857,1,1,0,0.23148923
7858,0,0,0,0.18686803
7859,1,1,0,0.29094103
7860,0,0,0,0.213195
7861,0,1,1,1.538802
7862,1,1,0,0.17709714
7863,0,0,0,0.2943243
7864,0,0,0,0.19512539
7865,0,1,1,1.6092298
7866,0,0,0,0.19780314
7867,1,0,1,1.4963951
7868,1,1,0,0.3673628
7869,0,0,0,0.21183343
7870,0,0,0,0.20241386
7871,0,0,0,0.20687579
7872,1,1,0,0.59115803
7873,0,0,0,0.1993741
7874,0,0,0,0.18775173
7875,1,1,0,0.2447338
7876,0,1,1,1.9892175
7877,0,0,0,0.49922305
7878,1,1,0,0.23053555
7879,0,1,1,0.7514973
7880,1,1,0,0.2364313
7881,0,1,1,1.6883622
7882,0,0,0,0.2019612
7883,0,1,1,1.2980806
7884,1,1,0,0.13642576
7885,0,0,0,0.26248214
7886,1,1,0,0.24605702
7887,1,0,1,1.5825591
7888,0,0,0,0.19841069
7889,1,1,0,0.23770115
7890,1,0,1,1.5073245
7891,0,0,0,0.20721313
7892,0,0,0,0.15260592
7893,0,0,0,0.31302476
7894,1,1,0,0.4971353
7895,0,0,0,0.13685054
7896,0,0,0,0.18978557
7897,1,1,0,0.4485911
7898,1,1,0,0.2823427
7899,1,1,0,0.22204755
7900,1,1,0,0.2664622
7901,1,1,0,0.16386826
7902,1,1,0,0.22649838
7903,0,0,0,0.22231637
7904,1,1,0,0.247789
7905,1,1,0,0.32194677
7906,0,0,0,0.2182298
7907,1,0,1,1.9456046
7908,0,0,0,0.36007026
7909,1,1,0,0.14738026
7910,0,0,0,0.42942205
7911,1,1,0,0.24356323
7912,1,0,1,1.5097928
7913,1,1,0,0.9291796
7914,0,1,1,1.7671967
7915,0,1,1,1.6856652
7916,0,0,0,0.097116865
7917,0,1,1,1.7150093
7918,0,1,1,0.4427692
7919,0,1,1,1.1332761
7920,1,0,1,1.8771678
7921,1,1,0,0.24692674
7922,0,0,0,0.42849097
7923,1,1,0,0.19792806
7924,1,1,0,0.49997967
7925,1,1,0,0.26920465
7926,1,1,0,0.22857404
7927,0,0,0,0.859535
7928,1,1,0,0.23576064
7929,0,0,0,0.21183431
7930,1,1,0,0.36365342
7931,0,0,0,0.2891457
7932,1,1,0,0.23761478
7933,1,1,0,0.21634942
7934,1,1,0,0.19469807
7935,0,0,0,0.553795
7936,0,0,0,0.22441807
7937,0,0,0,0.19707054
7938,0,0,0,0.35875982
7939,1,1,0,0.22569853
7940,0,1,1,0.94620633
7941,1,1,0,1.1279216
7942,1,0,1,1.4973942
7943,0,1,1,1.6792339
7944,1,1,0,0.24959227
7945,1,0,1,1.5671196
7946,1,1,0,1.1252183
7947,1,1,0,0.52080715
7948,1,0,1,1.5923804
7949,0,1,1,1.6198878
7950,1,0,1,1.3878095
7951,1,1,0,0.23879279
7952,0,0,0,0.20923056
7953,1,0,1,1.5352961
7954,0,0,0,0.41441047
7955,1,1,0,0.24223673
7956,1,1,0,0.23808661
7957,1,1,0,0.24149056
7958,0,0,0,0.23348722
7959,1,0,1,1.5275519
7960,0,0,0,1.1645856
7961,1,1,0,0.23618957
7962,0,0,0,0.5343602
7963,0,1,1,1.7103016
7964,0,1,1,1.1422476
7965,0,0,0,0.21017675
7966,1,1,0,0.45724356
7967,1,1,0,0.14194562
7968,1,1,0,0.51866543
7969,1,1,0,0.9629837
7970,0,0,0,0.22205997
7971,1,0,1,0.8533269
7972,1,1,0,0.2415366
7974,0,0,0,0.14824761
7975,0,1,1,1.7682492
7976,1,1,0,0.7652626
7978,1,0,1,1.5416117
7979,0,0,0,0.18843834
7980,0,0,0,0.66909415
7981,1,1,0,0.23615392
7982,0,0,0,0.109462894
7983,0,0,0,0.18943565
7984,0,0,0,0.17593618
7985,1,0,1,1.4690845
7986,0,0,0,0.35350558
7987,0,0,0,0.21045408
7988,1,0,1,1.2580903
7989,1,0,1,1.3857077
7990,0,0,0,0.2036237
7991,0,0,0,0.14780915
7992,0,0,0,0.1930886
7993,1,1,0,0.24216609
7994,1,1,0,0.2243391
7995,0,1,1,1.6938825
7996,0,0,0,0.3267039
7997,0,0,0,0.19088379
7998,0,1,1,1.6784793
7999,0,0,0,0.21920475
8000,0,0,0,0.19082685
8001,0,0,0,0.48368138
8002,0,1,1,1.6244309
8003,1,1,0,0.5165277
8004,1,1,0,0.20271865
8005,1,0,1,1.7744244
8006,0,0,0,0.58354026
8007,0,0,0,0.29043552
8008,1,1,0,0.325377
8009,0,0,0,0.19860403
8010,0,0,0,0.19059497
8011,0,0,0,0.6347311
8012,1,1,0,0.35209492
8013,0,0,0,0.2871001
8014,0,0,0,0.34432775
8015,1,1,0,0.23985972
8016,0,0,0,0.26020828
8017,0,0,0,0.5734188
8018,1,0,1,1.520785
8019,1,0,1,1.1748722
8020,0,0,0,0.20681085
8021,0,0,0,0.30003908
8022,1,1,0,0.23617652
8023,1,1,0,0.21513347
8024,1,1,0,0.5717318
8027,1,1,0,0.23560353
8028,0,0,0,0.5619311
8030,1,1,0,0.24559602
8031,0,0,0,0.26705498
8032,0,0,0,0.21487524
8033,0,0,0,0.34591806
8034,0,0,0,0.24993613
8035,1,1,0,0.34269673
8036,1,1,0,0.22467169
8037,0,0,0,0.18991445
8038,0,0,0,0.18906195
8039,0,0,0,0.47827893
8040,1,1,0,0.2516929
8041,0,0,0,0.20022602
8042,1,1,0,0.25374708
8043,1,1,0,0.290766
8044,1,1,0,0.23325291
8045,0,0,0,0.19120146
8046,0,0,0,0.22687764
8047,0,0,0,0.21046363
8048,1,1,0,0.23348634
8050,0,0,0,0.19919144
8051,0,1,1,2.0489347
8052,0,0,0,0.21268184
8053,0,1,1,1.5490617
8054,0,1,1,1.1110057
8055,1,1,0,0.36069566
8056,1,0,1,0.50952005
8057,0,0,0,0.48973334
8058,1,0,1,1.7497486
8059,1,1,0,0.41143712
8060,1,1,0,0.2176974
8061,1,1,0,0.23785488
8062,1,1,0,0.5068403
8063,1,1,0,0.22456104
8064,0,0,0,0.2060498
8065,1,1,0,0.2469895
8066,1,1,0,0.24084727
8067,1,1,0,0.40003738
8068,1,1,0,0.24684572
8069,0,0,0,0.19755846
8070,1,1,0,0.24375245
8071,1,1,0,0.74392915
8072,0,1,1,1.603368
8073,1,1,0,0.327917
8074,0,0,0,0.308891
8075,0,0,0,0.5361742
8076,1,0,1,1.4884183
8077,1,1,0,0.48927954
8078,0,0,0,0.15671216
8079,1,1,0,0.22322918
8080,1,1,0,0.23455526
8081,0,0,0,0.23491396
8082,1,1,0,0.25812855
8083,0,0,0,0.2061131
8084,1,0,1,1.4701279
8085,0,1,1,1.7033119
8086,0,0,0,0.20261101
8088,0,0,0,0.30222797
8089,1,1,0,0.23232748
8090,1,1,0,0.2514291
8091,0,0,0,0.31902236
8092,0,0,0,0.23853186
8093,0,0,0,0.29333797
8095,0,0,0,0.08710963
8096,1,1,0,0.88762283
8097,1,1,0,0.14300309
8098,0,1,1,1.6560352
8099,0,0,0,0.22454026
8100,1,1,0,0.25931028
8101,0,0,0,0.9418975
8103,0,0,0,0.17111143
8104,1,1,0,0.24538746
8105,1,1,0,0.29108006
8107,1,0,1,1.5932745
8108,0,0,0,0.5264978
8109,0,0,0,0.17865197
8110,1,1,0,0.2416318
8111,1,1,0,0.35355407
8112,1,1,0,0.25385362
8113,0,0,0,0.29171106
8114,1,1,0,0.13519616
8115,0,0,0,0.20200573
8116,1,0,1,1.5073388
8117,0,0,0,0.19951957
8118,0,1,1,1.588257
8119,0,0,0,0.21523614
8120,0,1,1,1.7149243
8121,1,1,0,0.24283527
8122,0,0,0,0.21844932
8123,0,0,0,0.08200864
8124,1,1,0,0.2515977
8125,0,0,0,0.17773893
8126,1,1,0,0.08402625
8127,0,0,0,0.21001484
8129,1,1,0,0.23604932
8130,1,1,0,0.2390471
8131,0,0,0,0.95295405
8132,1,1,0,0.2504975
8133,0,0,0,0.19653359
8134,0,0,0,0.19115058
8135,1,0,1,1.5510789
8136,0,0,0,0.19155541
8137,1,1,0,0.15487872
8138,1,1,0,0.25547686
8140,1,1,0,0.24256893
8141,1,0,1,1.5203533
8142,1,1,0,0.1412916
8143,1,1,0,0.23155941
8144,1,1,0,0.6317651
8145,1,1,0,0.4271249
8146,1,0,1,1.5603356
8147,0,0,0,0.15327469
8148,1,1,0,0.19027324
8149,1,0,1,1.8404926
8150,0,1,1,1.6937057
8151,0,0,0,0.1914682
8152,1,1,0,0.24086641
8153,1,1,0,0.26531178
8154,1,1,0,0.24879132
8155,0,0,0,0.20817186
8156,1,1,0,0.43061468
8157,0,0,0,0.5460665
8158,1,1,0,0.23530202
8159,0,0,0,0.08993363
8160,1,1,0,0.20416111
8161,1,1,0,0.12442551
8162,0,0,0,0.1887499
8163,0,0,0,1.1746005
8164,1,1,0,0.16471505
8166,0,0,0,0.1173805
8167,1,1,0,0.2495084
8168,1,0,1,1.531366
8169,0,1,1,1.694243
8170,1,1,0,0.24717367
8172,1,0,1,0.47006768
8173,1,1,0,0.6874925
8174,1,0,1,1.5859623
8175,0,1,1,1.7078202
8176,0,0,0,0.13005142
8177,0,1,1,1.6729674
8178,0,1,1,1.2139802
8179,0,0,0,0.09864628
8180,0,1,1,1.4430668
8181,0,1,1,1.6823227
8182,0,0,0,0.20950738
8183,0,0,0,0.15599369
8185,1,1,0,0.24586809
8186,1,1,0,1.3797201
8187,1,1,0,0.23717448
8188,0,1,1,1.6159012
8190,1,1,0,0.24275886
8191,0,1,1,1.7076707
8192,0,0,0,0.80020833
8193,1,1,0,0.23629907
8194,1,1,0,0.22541292
8195,1,1,0,0.21176755
8196,0,0,0,0.16443546
8197,1,1,0,0.21801901
8198,1,1,0,0.29637915
8200,1,1,0,0.24684457
8201,1,1,0,0.120647684
8202,0,0,0,0.20619547
8203,1,1,0,0.24840477
8204,0,1,1,1.7514942
8205,0,1,1,1.2669213
8206,1,0,1,1.5076534
8207,1,1,0,0.23432763
8208,1,1,0,0.22755511
8209,1,0,1,1.855402
8210,1,1,0,0.18301117
8211,1,1,0,0.80771637
8212,0,0,0,0.19030823
8213,0,0,0,0.21847808
8214,0,1,1,1.6336051
8215,1,1,0,0.43028995
8216,0,0,0,0.3282728
8217,0,0,0,0.19628595
8218,0,0,0,0.70315135
8219,1,1,0,0.18619403
8220,0,0,0,0.13891019
8221,0,0,0,0.0963353
8222,0,0,0,0.2100696
8223,1,1,0,0.24454105
8224,0,0,0,0.23371719
8225,1,1,0,0.21425147
8226,1,1,0,0.23549722
8227,0,0,0,0.21204089
8228,0,0,0,0.21252649
8229,0,1,1,1.0440595
8230,1,1,0,0.12267559
8231,1,1,0,0.23294328
8232,0,0,0,0.3503244
8233,0,0,0,0.20175888
8235,1,0,1,1.5986515
8236,0,0,0,0.22177249
8237,1,1,0,0.8040899
8238,0,0,0,0.18840666
8239,0,1,1,1.7050654
8240,0,0,0,0.26997468
8241,1,1,0,0.9066481
8242,0,0,0,0.20500974
8243,0,0,0,0.3702121
8244,0,0,0,0.19333233
8245,0,0,0,0.26411876
8246,1,1,0,0.5099792
8247,1,1,0,0.13004522
8248,1,1,0,0.55352616
8249,1,1,0,0.22228298
8250,1,0,1,0.61910427
8251,1,1,0,0.19423592
8252,1,0,1,1.5486847
8253,1,0,1,1.6950921
8254,1,1,0,0.24471693
8255,0,1,1,1.6562632
8256,0,0,0,0.37293443
8257,1,0,1,1.5366083
8258,0,0,0,0.94104904
8259,0,1,1,1.7181497
8261,0,0,0,0.20874923
8262,0,1,1,1.332689
8263,1,1,0,0.35453898
8264,1,0,1,1.2194502
8265,1,1,0,0.25328845
8266,1,1,0,0.26141742
8267,0,0,0,0.21928032
8268,1,1,0,0.2536357
8269,0,0,0,0.23989801
8271,1,1,0,0.24886112
8272,1,1,0,0.17698349
8273,1,1,0,0.24500397
8274,0,0,0,0.22425929
8275,0,0,0,0.3080182
8276,1,1,0,0.23563983
8277,1,1,0,0.23658873
8278,0,0,0,0.10048683
8279,0,0,0,0.483677
8280,0,1,1,1.7051607
8281,1,1,0,0.33642316
8282,0,0,0,0.13131139
8283,0,0,0,0.8804975
8284,1,0,1,1.5163226
8285,0,0,0,0.20591384
8286,1,1,0,0.24153098
8287,1,1,0,0.23996186
8288,1,1,0,0.22656965
8289,0,0,0,0.21306466
8290,0,0,0,0.0759601
8292,1,1,0,0.3728788
8293,1,1,0,0.14650637
8294,0,0,0,0.17838582
8295,1,1,0,0.24348773
8296,1,1,0,0.24894367
8297,0,0,0,0.21634397
8298,1,1,0,0.2914425
8299,0,0,0,0.20778227
8300,0,0,0,0.24093722
8301,1,1,0,0.26603702
8302,1,1,0,1.044221
8303,1,1,0,0.39927015
8304,1,1,0,0.113067366
8305,0,1,1,1.6558644
8306,1,1,0,0.24350904
8307,0,0,0,0.42610106
8308,1,1,0,0.18661512
8309,1,1,0,0.24968038
8310,0,0,0,0.20836942
8311,0,0,0,0.34890616
8312,0,0,0,0.18574657
8313,0,0,0,0.21523924
8314,0,1,1,1.121811
8315,0,0,0,0.22232933
8316,1,1,0,0.12207584
8317,1,0,1,0.5619769
8318,0,0,0,0.5260958
8319,0,0,0,0.19378535
8320,0,0,0,0.55956876
8321,1,0,1,1.5102708
8322,1,1,0,0.24669388
8324,1,1,0,0.15023638
8325,0,1,1,1.7142788
8326,1,1,0,0.16894263
8327,0,0,0,0.2791465
8328,1,1,0,0.5624563
8330,1,1,0,0.24191605
8331,0,1,1,2.290576
8332,0,0,0,0.22432883
8333,0,0,0,0.22767521
8334,1,1,0,0.24549054
8335,1,1,0,0.24053757
8336,1,1,0,0.25979087
8337,0,1,1,1.682617
8338,1,0,1,1.5970126
8339,1,1,0,0.24564682
8340,1,1,0,0.2861629
8341,1,1,0,0.23660089
8343,1,1,0,0.7971204
8344,0,0,0,0.2091528
8345,1,1,0,0.25546032
8346,0,0,0,0.23585404
8347,0,1,1,1.0891062
8348,0,0,0,0.19040559
8349,1,1,0,0.24531381
8350,1,1,0,0.08106856
8352,0,0,0,0.20665568
8354,0,0,0,0.21239355
8355,1,1,0,0.24937813
8356,0,0,0,0.3867783
8357,0,0,0,0.20316805
8359,1,1,0,0.34098268
8360,0,0,0,0.21658926
8361,0,0,0,0.18979536
8362,0,0,0,0.17013939
8363,1,1,0,0.27270162
8364,1,1,0,0.25529954
8365,1,1,0,0.24748448
8366,1,1,0,0.56658953
8367,1,1,0,0.24138586
8368,1,0,1,1.0318342
8369,0,0,0,0.20419414
8370,1,1,0,0.21561377
8371,1,1,0,0.24664535
8373,1,0,1,1.5012444
8374,0,0,0,0.35449275
8375,0,0,0,0.1371283
8377,0,0,0,0.6129215
8378,1,1,0,0.20435198
8379,0,0,0,0.19793674
8380,1,1,0,0.25154498
8381,0,1,1,1.2629626
8382,0,0,0,0.20330474
8383,1,1,0,0.36283162
8384,1,1,0,0.23783292
8385,1,1,0,0.17677742
8386,0,1,1,1.5913851
8387,1,0,1,1.5897509
8389,1,1,0,0.19123851
8390,0,1,1,1.812493
8391,0,0,0,0.19863921
8393,0,0,0,0.1965908
8394,1,0,1,1.0230632
8395,1,1,0,0.16342513
8396,1,1,0,0.23740052
8397,1,1,0,0.25025454
8398,0,0,0,0.19927631
8399,1,0,1,1.5646459
8400,1,1,0,0.30241883
8402,0,0,0,0.19167872
8403,1,1,0,0.31171867
8404,0,0,0,0.20878263
8405,0,0,0,0.18096358
8406,1,1,0,0.109468125
8407,1,1,0,0.21946515
8408,1,1,0,0.3771205
8409,0,0,0,0.5856938
8410,0,1,1,1.4721978
8411,1,0,1,1.6828377
8412,0,0,0,0.2795787
8413,1,0,1,1.7325838
8414,1,1,0,0.25037694
8415,0,0,0,0.48508343
8416,1,1,0,0.25505003
8417,0,0,0,0.17994432
8418,1,1,0,0.26054296
8419,0,0,0,0.20124784
8420,1,0,1,1.7766669
8421,1,1,0,0.23592497
8422,1,1,0,0.2277416
8423,0,0,0,0.665761
8424,0,0,0,0.21618496
8425,1,0,1,1.5730569
8426,0,0,0,0.2654626
8427,1,1,0,0.23575293
8428,0,1,1,1.6787021
8429,0,0,0,0.21885301
8430,1,1,0,0.2505596
8431,1,1,0,0.20279467
8432,1,1,0,0.2503466
8433,1,1,0,0.26849222
8434,1,1,0,0.22490972
8435,0,0,0,0.1989225
8436,1,1,0,0.26954034
8437,1,0,1,0.94296837
8438,1,1,0,0.29057702
8439,1,0,1,0.66104597
8440,1,1,0,0.22757526
8441,0,0,0,0.21135306
8442,1,1,0,0.31776157
8443,0,0,0,0.20353408
8444,1,1,0,0.23549637
8445,0,0,0,0.18553725
8446,1,1,0,0.24156778
8447,1,0,1,1.426487
8448,1,1,0,0.23276752
8453,0,0,0,0.4904232
8455,0,0,0,0.1537581
8457,0,0,0,0.22521822
8458,1,1,0,0.28795967
8461,1,1,0,0.9662229
8462,0,1,1,0.42544645
8463,1,1,0,0.24591601
8464,1,1,0,0.36762324
8465,1,1,0,0.25517175
8466,0,0,0,0.20196716
8467,0,0,0,0.25082427
8468,0,0,0,0.20183252
8469,0,0,0,0.20810264
8470,1,1,0,0.26432383
8471,0,0,0,0.20360267
8472,1,0,1,1.5341644
8473,0,1,1,1.080239
8474,0,0,0,0.27225727
8475,0,0,0,0.19765905
8476,0,0,0,0.12528083
8477,0,0,0,0.19628994
8478,1,1,0,0.40308717
8479,0,0,0,0.156842
8480,1,1,0,0.29474583
8481,0,0,0,0.43668327
8482,1,0,1,1.5575414
8483,0,0,0,0.20174503
8484,1,1,0,0.530169
8485,1,1,0,0.24902375
8486,1,1,0,0.25103992
8487,0,1,1,2.203304
8488,1,1,0,0.4090661
8489,0,1,1,1.7594366
8490,0,0,0,0.22251658
8491,1,1,0,0.15243553
8492,1,1,0,0.2436878
8493,1,0,1,1.5027201
8494,0,1,1,1.7284561
8495,1,0,1,1.5288261
8496,1,1,0,0.23916818
8497,1,0,1,1.5226061
8498,1,1,0,0.23874669
8499,0,0,0,0.20807214
8500,1,1,0,0.1648103
