Train_ID,Training_Loss
1,0.0021046887
2,0.008290756
3,0.0038253716
4,0.0035527935
5,0.002239103
6,0.003189479
7,0.0045692082
8,0.0029949355
9,0.0032054018
10,0.0002603192
11,0.30623654
12,0.041662518
13,0.019686665
14,0.0007846852
15,0.0037129049
16,0.0030597083
17,0.0016504012
18,8.63038e-05
19,5.20931e-05
20,0.0051188366
21,0.00030512924
22,0.0049195676
23,0.0020913652
24,0.010848826
25,0.10460217
26,0.00066317973
27,0.0017991562
28,0.0016818201
29,0.002509423
30,0.0018410414
31,0.0028120044
32,0.0009377373
33,0.0018534163
34,0.0012898468
35,0.00034195298
36,0.00016675988
37,7.1525315e-06
38,0.0016408801
39,0.04604033
40,0.0028842776
41,0.29647467
42,0.0015178123
43,0.005140184
44,0.0034988634
45,1.180165e-05
46,8.106199e-06
47,0.0034493252
48,0.002624522
49,0.001520312
50,0.21560751
51,0.0012517483
52,0.0010400369
53,0.24861647
54,0.00066544325
55,0.00088711956
56,0.00074704393
57,0.009707979
58,2.7775377e-05
59,0.00024589853
60,0.0032523377
61,0.0034431478
62,0.0012715119
63,0.0025323725
64,0.0040204655
65,0.002699424
66,0.0039906637
67,0.0011372059
69,0.16107531
70,0.0580051
71,0.003703879
72,0.002225781
73,1.5497195e-06
74,0.0018502035
75,0.066093385
76,0.0020262918
77,0.17022498
78,0.030890368
79,0.0014684143
80,0.003929751
82,0.0011965028
83,0.0014701997
84,0.0021862907
85,0.066915646
86,0.0012971093
87,0.0016844382
88,0.0017096676
90,0.0012938947
91,0.006622629
92,0.16648285
93,0.0009690595
94,0.0038600473
95,0.00052569393
96,0.00063530286
97,0.11155292
98,1.8119646e-05
99,0.0031172277
100,0.0073867533
101,0.0022523054
102,8.928377e-05
103,0.0027797893
104,0.012943068
105,0.562814
106,0.0041911863
107,0.0032340388
108,0.0037624303
109,0.0017746428
110,0.0011998365
111,0.0023861052
112,0.0045758537
113,0.050950576
114,0.00119174
115,6.9854206e-05
116,0.008107016
117,0.07338625
118,0.005699455
119,0.0019530047
120,0.16432916
121,0.0058979765
123,0.001037298
124,0.009469946
125,0.00071559567
126,0.0010613529
127,0.2065958
128,0.00025972328
129,0.11084328
130,5.9604467e-06
131,0.0016540907
132,2.0861406e-05
133,0.13439818
134,0.00019250446
135,0.0042904234
136,0.0044812737
137,0.008917625
138,0.0026190525
139,6.079489e-05
140,0.0018355679
141,0.016641842
142,0.0
143,0.0029756813
144,0.002379921
145,0.00094952784
146,0.043456234
147,0.0018151011
148,0.0013475871
149,7.5456635e-05
150,0.003204095
151,0.087504014
152,0.007189948
153,0.005735725
154,0.0016323111
155,0.00094571675
156,0.001447583
157,0.004418135
158,1.7270026
159,0.16324796
160,0.0038180088
161,3.5285328e-05
162,0.0027103613
163,0.0030461596
164,0.0006917706
165,0.003125071
166,0.002339723
167,0.0028045152
168,0.003765993
169,0.0030386725
170,0.000994069
171,0.13467422
172,0.0003131138
173,0.0039453064
174,0.0024323661
175,0.002054011
176,0.009106294
177,0.0018254537
178,0.0024297498
179,0.0032803793
180,0.00086377497
181,0.004915653
182,0.0029439463
183,0.00038771264
184,5.960462e-07
185,0.0015329289
186,0.010111299
187,0.001639452
188,0.07143362
189,0.0025074014
190,0.0012335317
191,0.004095145
192,0.0012863943
193,0.0018151011
194,0.00021360024
195,0.057092268
196,0.0013422298
197,0.00493309
198,0.002305114
199,0.001758816
200,0.0026563858
201,0.008199837
202,0.00486488
203,0.73581374
204,0.0035569514
205,0.0013996101
207,0.0029875666
208,0.004606588
209,0.0035723934
210,0.002517271
211,0.001163878
212,0.96667206
213,0.001912552
214,0.0016676578
215,0.0021249114
216,0.0010825495
217,0.003633209
219,0.04876196
220,1.7404405e-05
221,0.00011431517
222,0.00097513315
223,0.001847229
224,0.00059622637
225,0.0010604002
226,0.002092555
227,0.00086687173
228,4.887569e-06
229,6.556489e-06
230,0.084706105
231,0.75430226
232,0.0015988676
233,0.0015736351
234,0.0016971721
235,1.7523611e-05
236,0.00016938205
237,0.0017032413
238,0.002639146
239,5.6028207e-06
240,2.741776e-05
241,0.0012141245
242,0.00016723663
243,0.0006448335
244,0.008463587
245,0.11760266
246,0.0029000866
247,0.0015664938
248,0.0022439796
249,2.7200236
250,0.0038212151
251,0.0039994507
253,0.0019217134
254,0.0006978461
256,0.0024258252
257,0.0030171608
258,0.0027393696
259,0.0017341828
260,0.002217217
261,5.1259863e-06
262,0.0010261039
263,0.0009049849
264,0.0061618593
265,0.003312579
266,1.5497195e-06
267,0.0023613686
268,0.003589617
269,0.0015979154
270,0.00094488316
271,0.0015738732
273,0.0036213312
274,1.6689286e-06
276,0.0033020042
277,0.004023553
278,0.0065512173
279,0.00061147596
280,0.002779908
281,0.0038910408
282,8.3443025e-05
283,0.003944119
284,2.0861406e-05
285,0.04632467
286,0.0016919358
287,0.0019183819
289,0.08064294
290,0.0035860536
291,0.010849534
292,5.590759e-05
293,0.0025580563
294,0.016190711
295,0.0012740123
296,0.0018502035
297,0.0013722299
298,0.0039525493
300,0.0010904088
301,2.145765e-06
302,1.001353e-05
303,0.0014086573
304,0.47053102
305,0.39719388
306,0.0020836329
307,0.0034461177
309,0.0153695475
310,0.056729086
311,0.0042816396
312,0.07739378
313,0.00031108785
314,0.0014762705
315,0.0057606157
316,0.003798058
317,0.4350843
318,0.0016363577
319,0.010625337
320,0.00014804698
322,0.0016120784
323,7.6293654e-06
324,0.0016933638
325,0.004932972
327,0.0032222753
328,0.0017381097
329,0.0034173683
330,0.0018510366
331,0.0012070998
332,0.014269574
333,0.0072259274
334,0.008270066
335,3.0994368e-06
336,0.064937025
337,0.0029777018
339,0.0016018429
340,0.0036403358
341,2.3841855e-07
342,0.0028895077
343,0.0964244
344,0.054050535
345,0.0036809563
346,5.8768448e-05
347,0.028460866
348,0.0014059192
349,0.0034895977
350,0.00014697426
351,0.00048577905
352,0.0023014266
353,0.0020036874
354,0.0015234067
355,0.108485386
356,0.0023267595
357,0.00081410643
358,0.002083514
359,0.0020866068
360,0.0028689438
361,0.0031963708
363,0.0038285782
364,0.030570617
366,0.005247391
367,9.321732e-05
368,0.00046302084
369,0.0011264891
370,0.015812365
371,0.0022099614
372,0.0024678034
373,8.189343e-05
374,0.002471014
375,0.07675421
376,0.0002679466
377,0.0017072875
378,0.0018086757
379,4.6491514e-06
380,0.0018707883
381,0.0026801638
383,0.0016017241
384,0.0010966008
385,0.022708492
386,0.0014650814
387,0.0007944526
388,0.0020241502
389,0.00327123
390,0.0042494717
391,0.0024984833
392,0.0049297684
393,0.03967655
394,0.0017122858
395,0.008162237
396,0.48142454
397,0.00018130089
398,0.53292215
399,0.004860016
400,0.0024615007
401,0.0029551191
402,0.0031932816
403,0.0015500685
404,0.23093875
405,0.0028105779
406,0.0036866574
407,0.018846957
408,0.042193048
410,0.0008257794
411,0.344593
412,1.2755312e-05
413,0.00265698
414,0.0040782867
415,0.00083030557
416,0.001748939
417,0.0014947205
418,0.00174406
419,0.0024006139
420,0.0010957672
421,0.24858375
422,0.041671775
423,0.0022676487
425,0.0023285437
426,0.0013080621
427,0.0028546797
428,0.0030360578
429,0.17673376
430,0.0019019627
431,0.4263145
432,0.00910216
433,0.0023492374
434,0.0007659839
435,3.5762778e-07
436,0.0024456847
437,0.026919728
438,0.0009565545
440,0.00034719636
441,0.0011118428
442,0.006044086
443,0.30365068
444,0.000115864714
445,0.0030102676
446,0.0031980344
447,0.30925402
448,0.000542136
449,0.00010620983
450,0.0022818022
451,0.0024059655
452,0.0013240151
453,0.0017219255
454,0.002554608
455,0.01176455
456,0.001489364
457,0.00021026308
458,0.26074368
460,0.0021686861
461,0.0035171574
462,0.00049686
463,0.0036245384
464,0.0005392766
466,0.0014801986
467,0.0017978471
468,0.0025738704
469,0.0011519709
470,0.0015045999
471,0.000117175856
472,0.00024768623
473,0.004201158
474,0.005494729
475,0.001947413
476,0.0053576697
477,0.0035563572
478,7.152555e-07
479,0.0028727476
480,0.0002679466
481,0.33296618
482,0.0052042254
483,0.0064299367
485,0.0028155704
486,0.04875038
487,1.7762024e-05
488,6.699338e-05
489,0.0018844719
490,0.0010205067
491,0.0056234733
492,1.582187
493,1.19209275e-07
494,0.0028843966
495,0.0012121004
496,0.948623
497,1.4938614
498,0.002595035
499,0.002640216
500,0.0013628253
501,0.0067603444
502,0.002924572
504,0.30093566
505,0.12744083
506,0.050383072
507,0.0031588203
508,0.0042899484
509,0.00592464
510,0.00023743672
511,0.24752583
512,5.960287e-05
513,0.0022123405
515,0.0023935975
516,0.03873891
517,0.008812937
518,5.4836123e-06
519,0.016710429
520,0.0032997467
521,0.00414655
522,0.00022027451
523,0.0019581208
524,0.0015901789
525,0.0038842717
526,0.015281266
527,0.0044114892
528,0.0019112433
529,0.001755246
530,0.0038911593
531,0.0038373664
532,0.5639801
533,0.0020254587
534,0.0032207302
535,0.0020599593
536,0.0035094358
537,3.850386e-05
538,0.0041574724
539,0.0018774517
540,0.0011493514
541,0.002512277
542,0.001993456
543,0.0032122938
544,0.0
546,0.00011431517
547,1.1682442e-05
548,0.6504984
549,0.13739213
550,0.0016562329
551,0.0013662776
552,0.007133372
553,0.8564508
554,0.014851955
555,0.006208419
556,0.0015328098
557,0.0058595785
558,0.0041748043
559,0.0018629354
560,0.9709942
561,0.001739419
562,1.4727571
563,0.002290247
564,0.0017170463
565,0.004094195
566,0.0020845844
568,7.152555e-07
569,0.38939956
570,0.0018149823
571,0.0047411406
572,1.7136263
573,0.00014792779
574,0.0027706353
575,0.031452414
576,0.061960667
577,0.0011881681
578,0.00062255556
579,0.0022331558
580,0.04280851
581,5.7576424e-05
582,0.0011223215
583,0.002466733
584,0.0007874249
585,0.0024744628
586,0.003392657
588,0.34321362
589,0.0016258843
590,0.00010001159
591,0.0034603737
592,0.005840024
593,0.0010128851
594,0.0017209735
595,0.002392765
596,3.3139633e-05
597,0.0030082471
598,0.0032338013
599,0.06528786
600,3.3258835e-05
601,0.110019006
602,0.024063896
603,0.0016264794
604,0.006124894
605,0.0018963703
606,0.001801774
607,0.0036235882
608,0.001844254
609,0.0023969274
610,0.010579218
611,0.0139698535
612,0.0003861635
613,0.0016657538
614,0.11089482
615,0.0029592789
616,0.0019130278
618,0.069538206
619,0.003368301
621,0.003297727
622,0.0014356793
624,0.17520897
625,0.005433908
626,0.017212886
627,0.0023950248
628,0.117726974
629,0.003967748
630,0.0018605556
631,0.029107183
632,0.000258174
633,0.13087545
634,0.004584397
635,0.0006342307
636,0.0031571565
637,0.008638277
638,4.7683704e-07
639,0.0047875303
640,0.0018291423
641,0.0032226315
642,0.004810309
643,0.04589448
644,0.0018330691
645,0.001846515
646,0.00029571453
647,0.0025327292
648,0.007226401
649,0.00280404
650,0.0064338455
651,0.0022762122
652,0.0017589349
653,0.0015513778
654,0.00018618758
655,9.059865e-06
656,0.022064675
658,0.0035220277
659,0.020746604
660,0.0060852016
661,0.00047934486
663,0.0032342765
664,0.0014354412
665,0.0032783598
666,0.11856495
667,0.0014930541
668,1.1781163
669,0.0011351816
670,0.0024029925
671,0.0016150539
672,0.004627709
673,0.0019701375
674,0.01830471
675,0.0008736607
676,0.00015221868
677,0.00010036919
678,0.00214668
679,0.0133853145
680,0.0037049477
681,0.00043680664
682,0.0010746901
683,0.0021659504
684,0.003480688
685,0.0015866085
687,8.976056e-05
688,0.20412591
689,0.004523996
691,0.0040286584
692,9.023735e-05
693,5.9604467e-06
694,0.0068794535
695,0.0004919749
696,0.003415111
697,0.0038918718
699,0.00016640233
700,1.3112935e-05
701,0.013405898
702,2.3841855e-07
703,0.2326487
704,0.0024562688
705,0.0014718662
706,0.0016771785
707,0.00151686
708,0.00027235612
709,0.0021552446
710,0.023744049
711,0.017851988
713,0.0018134352
714,0.0022980964
715,0.0023443615
716,0.003309133
717,0.004097875
718,0.005524843
719,0.09920887
720,0.043668848
721,0.0029139936
722,0.0027979773
723,0.0027711107
724,0.002629278
725,0.0017840435
726,0.0016598032
727,0.0024497279
728,0.002698235
729,0.0021157516
730,0.0021394237
731,0.00016378016
732,0.003671692
733,0.0024267766
734,6.675698e-06
735,0.0021377585
736,0.37497333
737,0.13636763
738,0.0012353178
739,0.0019941698
740,0.0020761383
741,0.0014731756
742,0.003303905
743,0.22252423
744,0.0018634114
745,0.0011843578
746,0.002245169
747,0.0005940818
748,0.0499316
749,0.00017200419
750,2.0861406e-05
751,0.0022524244
752,7.152555e-07
753,0.0018152203
754,0.37817222
756,0.001966806
757,0.012155502
758,0.0064967372
760,0.0027608874
761,0.9681494
762,2.944426e-05
763,0.17135744
764,0.00011836781
765,0.0028317373
766,0.002002141
767,0.0028697758
768,0.002451274
769,0.0030860917
770,2.944426e-05
771,0.0557038
772,0.00807107
773,0.038294774
774,0.0024593603
775,0.0036947338
777,0.01919434
778,1.5497195e-06
780,0.0027897747
782,0.0016176722
783,0.016894823
784,0.0025667362
785,0.0
786,0.001340325
787,0.0024968185
788,0.0025062126
789,1.2348732
790,0.012677554
791,0.005296958
792,0.0043725595
793,0.0018040348
794,0.003938182
795,0.02681447
796,0.0019881022
797,0.0023795643
798,0.0007801588
800,0.0014184185
801,0.0008724697
802,8.427741e-05
803,0.0031780712
804,0.012827501
805,0.0009958552
806,3.6101725
807,0.015361095
808,0.0016480208
809,0.00043573423
810,0.046238855
811,0.13909557
812,1.3493236
813,0.0027887048
814,0.14113861
815,0.0032077783
816,1.0728829e-06
817,0.0012325792
818,0.00146032
820,0.0029224327
822,0.023103343
823,0.0020241502
824,1.2636106e-05
825,8.225406e-06
826,5.5669185e-05
827,0.0020310504
828,0.0005397532
829,0.0025440252
830,0.00045742063
831,0.08397057
832,0.0022769258
833,0.002462452
834,0.0002515
835,0.002853372
836,0.0018941098
837,0.0016730133
838,0.0046026716
839,0.0008748518
840,0.0020876776
841,0.0013513967
842,0.0021426356
843,0.003972616
844,0.0018104605
845,0.0041200765
846,0.08837576
847,0.004304786
848,0.10935102
849,0.04907788
850,0.0017557221
851,1.920113
852,0.000843884
854,1.1234304
855,0.0037252568
856,0.0015344762
858,0.001515789
859,0.04398878
860,0.026669972
861,0.0024629277
862,3.2543605e-05
863,0.00084793364
864,0.0029217196
865,4.0757456
866,0.0024265388
867,0.25640714
868,0.0011870965
869,0.00727587
870,0.00037889456
871,0.0019006537
872,0.0033612915
873,0.00076252944
874,0.0019700183
875,0.00024375328
876,1.9907753e-05
877,0.0042073308
878,0.0025908733
879,0.0027801455
880,0.0046663913
881,1.8358061e-05
882,0.023149822
883,0.8322927
884,0.011096199
885,0.0021240786
886,0.5814251
887,0.0046960544
889,0.0042419937
890,0.0022852516
891,0.003005157
892,0.0011893586
893,0.24275269
894,0.0024660195
895,1.1920921e-06
896,0.028685618
897,0.0022739524
898,0.008307663
899,0.0021358554
900,6.0079677e-05
901,0.0024669708
902,0.0026708907
903,0.0026454472
904,0.006539256
905,0.000147451
906,0.00022611444
908,0.03051905
909,1.1626096
910,1.19209275e-07
911,0.0007759898
912,4.4421306
913,0.016193178
914,1.3462074
915,0.043486588
916,0.002884159
917,0.061972987
918,0.0033498858
919,0.00087794854
920,0.0016800349
921,0.0032260774
922,0.0016743224
923,0.0027147604
924,0.001557091
925,0.0016032711
926,0.002230301
927,0.017783128
928,0.0010418232
929,0.00015889335
930,0.009205517
931,0.2886658
932,0.00030405668
933,0.0021428734
935,0.002360417
936,0.00033956958
937,0.0024786245
938,0.0028556304
939,1.1563234e-05
940,0.26149553
941,0.005268855
942,0.003092747
944,0.0005726367
945,0.002142041
946,0.0023569684
947,0.0010749282
948,0.03283397
949,0.0027381808
950,6.3298125e-05
951,0.027651345
952,0.0014000862
953,0.0012351987
954,0.0046387445
955,0.0015247159
956,0.002141565
957,0.0043945173
958,0.0048283413
959,0.0022520677
960,0.06631596
961,0.13765717
962,0.0074972697
963,0.010316381
964,0.0011324428
965,0.32124963
966,0.001951815
967,0.0025041911
968,0.002509304
969,0.0009744186
970,0.119255684
971,0.004514858
972,0.0022751417
973,0.27420563
974,0.0032424752
975,0.0024009708
976,2.145765e-06
977,0.0020028548
978,3.7185135
980,0.17829435
981,0.00767627
982,1.6581628
983,0.00291649
984,0.0014917445
985,0.0024428307
986,0.004067126
987,3.5762778e-07
988,0.0021305024
989,0.07250521
990,0.0023473345
991,0.003944119
992,0.0025466413
993,0.0030357013
994,9.4647694e-05
995,0.07383856
996,0.0020813725
997,0.05408961
998,0.0003518439
999,0.008064802
1001,5.960462e-07
1002,0.0010438476
1003,0.0040738937
1004,0.0009042703
1005,0.002154055
1006,0.0032226315
1007,0.002935745
1008,0.0019118381
1009,0.0021408515
1010,0.0029490574
1012,0.031851906
1013,3.2424403e-05
1014,0.011937841
1015,2.1695856e-05
1016,1.9566466
1017,0.000107044216
1018,4.291525e-06
1019,0.0013156815
1020,0.0026931225
1021,0.002831856
1022,0.0690518
1023,0.002009398
1024,0.0020718554
1025,0.06608825
1026,0.0012153151
1028,0.013872749
1029,0.0027078649
1030,0.013843592
1031,0.002924691
1032,0.0022382704
1033,0.0012904422
1034,0.0017851146
1035,0.0023467399
1036,0.0013881818
1037,0.0027725373
1038,0.004949935
1039,0.0040088305
1040,0.0024581712
1041,3.993431e-05
1042,0.0025664982
1043,0.0032997467
1044,0.0017891605
1045,0.003692477
1046,0.001112438
1047,0.0013544919
1048,0.002900562
1049,1.2278481e-05
1050,0.0017334688
1051,0.0013865153
1052,0.0055199815
1053,0.0041017937
1054,0.00016854773
1055,0.35747004
1056,0.0023021405
1057,0.0010627819
1058,0.0005930096
1059,0.002468279
1060,1.2040065e-05
1061,0.0021246732
1062,0.0032699232
1063,0.094823055
1064,0.08782593
1065,0.001760958
1066,0.0032853698
1067,0.16391288
1068,0.0047681914
1069,0.0003647139
1070,0.002238508
1071,2.1338234e-05
1073,0.0021871233
1074,0.0024735113
1075,0.0054465947
1076,0.3759725
1077,0.0024368851
1078,0.0013060382
1079,0.002276331
1080,0.072668076
1081,0.073397
1082,0.0024418794
1083,0.008574928
1084,0.0020498468
1085,0.0022285169
1086,0.27990547
1087,0.10652418
1088,0.0024864727
1089,0.0036710985
1090,0.29537088
1091,0.010060083
1092,1.621233e-05
1093,0.0042425874
1094,0.024257874
1095,9.179073e-06
1096,0.0020280762
1097,0.002748167
1098,0.8682028
1099,0.0024986023
1100,0.054382738
1101,1.19209275e-07
1102,0.0060571204
1103,0.044557076
1104,0.0024391443
1105,0.16870311
1106,0.0029910137
1107,0.9756859
1108,0.0035992383
1110,0.018152772
1111,0.001946699
1112,0.00012289723
1114,0.04314447
1115,9.179073e-06
1116,0.00282829
1117,0.0018585328
1118,0.0025562728
1119,0.0016188624
1120,0.0008401917
1121,0.002421782
1122,8.3446463e-07
1123,0.0050179022
1124,5.1259863e-06
1125,0.0028150952
1126,0.010196381
1127,0.23372664
1129,0.00010918975
1130,0.002693955
1131,0.11967904
1132,1.0782697
1134,0.002024983
1135,0.07370988
1136,0.004013223
1137,0.19195071
1138,0.013066149
1139,0.018634494
1140,0.003931889
1141,0.006387414
1142,0.0012180537
1143,0.00476131
1144,0.49049902
1145,0.0012977045
1146,0.0023833702
1147,0.0010448004
1148,0.0038342786
1149,0.0029923208
1150,0.00011526873
1151,0.40528008
1152,5.6028207e-06
1153,0.078085534
1154,0.0025044288
1155,0.02357768
1156,0.00093618897
1157,0.002572919
1158,0.00063685165
1159,0.0015235257
1160,0.0059061535
1161,0.00753726
1162,0.0018617456
1163,0.0021382344
1164,0.0017776178
1165,0.003010624
1166,0.00083185395
1167,0.0023581572
1169,0.002052226
1170,0.0028313808
1171,0.0023216456
1172,0.003096312
1173,0.0023763536
1174,0.0034452863
1175,0.002521195
1176,0.0029878044
1178,1.19209275e-07
1179,0.004429292
1180,0.002462452
1181,0.013802676
1182,0.0034663132
1183,0.5432682
1184,0.0045272005
1185,6.0796547e-06
1186,0.00020311201
1187,1.981858
1188,0.0019532428
1189,0.0006417361
1190,0.0033434704
1191,0.0007422791
1192,0.12770516
1193,0.00019834458
1194,0.0022946475
1195,0.0564923
1196,0.0015654226
1197,0.004446975
1198,0.024871793
1199,0.030122373
1200,0.004166613
1201,0.0032193046
1202,0.0037662305
1203,0.0026763594
1204,0.0021070677
1205,0.69893223
1206,0.00015948931
1207,0.001567684
1208,0.0022986913
1209,0.0010343208
1210,0.00213419
1211,0.0025116822
1212,0.0035972192
1213,0.002079826
1214,0.045665815
1215,0.0027060816
1216,0.003413923
1217,0.0066487994
1218,0.0017031225
1219,0.06018606
1220,0.0009926398
1221,0.19306424
1222,0.0072503067
1223,0.0034248526
1224,0.0019631179
1225,0.09798244
1226,0.0025774373
1227,0.00042906136
1228,4.5299425e-06
1229,0.0047104103
1230,0.004313926
1231,0.007833712
1232,0.055629615
1233,0.00045456088
1234,0.004637439
1235,0.01668358
1236,0.012556426
1237,0.0023174828
1238,0.00056965806
1239,0.0012815129
1240,0.0044348696
1241,0.0
1242,0.012122881
1243,0.00276588
1244,1.12056105e-05
1245,0.0030729002
1246,0.0100546535
1247,0.0021209859
1248,0.0022448122
1249,0.00030012397
1250,0.0003611389
1251,0.009284652
1252,0.0018774517
1253,0.0010065733
1254,0.0034229518
1255,0.0007291758
1256,0.04017653
1257,0.004247691
1258,0.0012378179
1259,0.0011661402
1260,0.002157029
1261,0.0011205353
1262,0.004473322
1263,0.0024536522
1264,0.0034069135
1265,0.6144333
1266,0.018041085
1267,0.0023135582
1268,0.0027608874
1269,0.0055038584
1270,0.0018854237
1271,0.0009042703
1272,0.052943137
1273,0.8334674
1274,0.004208518
1275,0.001956098
1276,0.0036346344
1277,0.0008566286
1278,1.0668623
1279,5.495397e-05
1280,0.00038795097
1281,0.00018916724
1282,0.058997333
1283,0.0034202195
1284,0.0022382704
1285,0.0028232972
1286,0.11564771
1287,2.121903e-05
1288,0.20546608
1289,7.152555e-07
1290,0.003401211
1291,0.021071266
1292,0.45157978
1293,0.0012527007
1294,0.0026409293
1295,0.0043126205
1296,0.8764035
1297,0.0014804367
1298,0.0021733255
1299,0.0007171443
1300,0.0038691908
1301,4.029193e-05
1302,0.0018268817
1303,0.0024984833
1304,0.004234871
1305,0.001405205
1306,0.024847608
1307,0.0158945
1308,0.0044259685
1309,0.036181383
1310,0.0029106652
1311,0.0026166746
1312,0.001967163
1313,0.008392188
1314,0.01609007
1315,0.000714881
1316,0.0032665962
1317,0.0025869496
1318,0.00010168035
1319,0.002509423
1320,0.0041199573
1322,0.006825229
1323,0.002188432
1324,0.09145547
1325,0.49939173
1326,0.0009002208
1327,0.070503525
1328,0.0056003574
1329,0.0016708712
1330,0.7794037
1331,0.0013916341
1332,0.0005451147
1333,0.002489208
1334,0.0030377216
1335,0.16621777
1336,0.0027517332
1337,0.004188219
1338,0.0026126318
1339,0.0027728942
1340,0.37629598
1341,0.002144182
1342,0.002882138
1343,0.0045897374
1344,0.00240989
1345,0.00044764986
1346,4.2935276
1347,0.0015295963
1348,0.00306363
1349,0.0023359174
1350,0.029162992
1351,0.00012492354
1352,0.0010808824
1353,0.002259085
1354,0.0032443765
1355,0.0042938655
1356,5.5311582e-05
1357,0.0052401577
1358,0.055482563
1359,0.0018929197
1360,0.0032902414
1361,0.0018455631
1362,0.001833664
1363,0.012949069
1364,0.0018958943
1365,0.0017252576
1366,0.002988042
1367,0.0021896213
1368,0.004826206
1369,0.0020578175
1370,0.0066966396
1371,0.003911821
1372,0.0032475844
1373,0.000748116
1374,2.2530301e-05
1375,0.00026437125
1376,0.0051650894
1377,0.002313915
1378,0.32325518
1379,0.11769104
1380,0.3856553
1381,0.70316803
1382,0.0025859985
1383,0.40619856
1384,0.003931176
1386,0.0030929847
1387,0.0025285676
1388,0.008174889
1389,0.0010739757
1391,0.0036224003
1392,4.1007155e-05
1393,0.009807024
1394,0.24501544
1395,0.09099028
1396,3.7431015e-05
1397,0.0011678073
1398,0.00057597266
1399,0.002710718
1400,2.0265556e-06
1401,0.004559122
1402,0.00060539995
1403,0.0011773328
1404,4.7683704e-07
1405,0.002816997
1406,0.28163
1407,0.033649113
1408,0.0061540394
1409,0.6679112
1410,0.5708773
1411,0.00034385966
1412,0.0033061628
1413,0.047836445
1414,2.0861406e-05
1415,0.004222051
1416,0.015428476
1417,0.0019946455
1418,0.0021333573
1419,0.0074398825
1420,0.43560603
1421,0.002414647
1422,0.00019929807
1423,0.003906596
1424,0.001966925
1426,0.005579494
1427,0.002883208
1428,0.45848942
1429,0.0020509176
1430,0.00085365085
1431,2.8553824
1432,0.0017397758
1433,0.015095049
1434,0.0002053765
1435,0.0034094085
1436,0.0016990762
1437,0.0031399257
1438,0.0019821536
1439,0.046106815
1440,0.0021184876
1441,0.0023955004
1442,2.7418098e-06
1443,5.960462e-07
1444,0.0016933638
1445,0.00010418349
1446,0.0008764002
1447,7.98699e-06
1448,0.0011055316
1449,0.06665895
1450,0.001359849
1452,0.0011547095
1453,0.00013577015
1454,0.002670177
1455,0.0025305888
1456,0.0018323552
1458,0.0039203707
1459,0.0033911124
1460,0.0013055621
1461,0.00025459865
1462,0.30099988
1463,2.145765e-06
1464,0.00253047
1465,0.0023916948
1466,0.0031903104
1467,0.0026038333
1468,0.00085615215
1469,0.003710055
1470,0.03094966
1471,0.0032677844
1472,0.0026085894
1473,0.10730337
1474,0.020685067
1475,0.035644315
1476,0.0025747027
1477,0.003907902
1478,0.0016465927
1479,0.30419317
1480,0.0032827558
1481,0.004487444
1482,0.14590459
1483,0.0017814258
1484,0.00085972535
1485,0.0037967516
1486,0.001759768
1487,0.0020278383
1488,0.0034654818
1489,2.4161022
1490,0.001460677
1492,0.0018886362
1493,0.05309101
1494,0.021334324
1495,0.0017050266
1496,0.0013654443
1497,0.0021512003
1498,0.08312251
1499,0.0024729166
1500,0.0008588916
1501,9.548208e-05
1502,0.12725107
1503,8.106199e-06
1504,5.0543462e-05
1505,0.0019971442
1506,0.00019941725
1507,0.0071295844
1508,0.002663638
1510,0.73170686
1511,0.001399491
1512,0.0021469179
1513,0.04617079
1515,0.0018555581
1516,0.0002646096
1517,0.0023638657
1518,0.00030501006
1519,2.7179349e-05
1520,0.0031575128
1521,0.0049593057
1522,0.005201735
1523,0.05583729
1524,0.004432021
1525,0.0028013056
1526,0.0021245545
1527,0.01082937
1528,0.0018597227
1529,0.0018127214
1530,0.2291685
1531,0.0021291936
1532,1.7881376e-06
1533,0.5130781
1534,0.0025184604
1535,0.004662357
1536,0.0023870564
1537,0.0021059972
1538,0.0003555381
1539,0.0043668626
1540,0.0040045558
1541,7.2119015e-05
1542,0.96942663
1543,0.014529731
1544,0.0050543156
1545,0.001960857
1546,0.006562586
1547,0.0011222024
1548,0.0029347942
1549,0.011511216
1550,0.0009769197
1551,0.0014613912
1552,0.004359623
1553,0.0008172033
1554,0.00013922676
1555,0.02240103
1556,0.0018609125
1557,0.0023424586
1558,0.15567063
1559,0.002179035
1560,0.0026293965
1561,0.0026025255
1562,0.34098202
1563,0.001844968
1564,0.0035346192
1565,2.2005346
1566,6.830459e-05
1567,0.039337814
1568,0.0032319
1569,0.0011505419
1570,0.009189454
1572,7.27174e-06
1573,0.0030112183
1574,0.0027295018
1575,0.07139266
1576,2.0265556e-06
1577,0.00014792779
1578,0.0035650288
1580,0.008712612
1581,0.14348736
1582,0.001679678
1583,0.049368057
1584,0.0019183819
1585,1.0920585
1586,0.0039190645
1587,0.0025648337
1588,0.0027624327
1589,0.0041932045
1590,0.19005562
1591,0.0027526843
1592,8.3446463e-07
1593,0.020197438
1594,0.39996287
1595,0.0024150035
1596,0.0017204975
1597,0.0006504328
1598,0.0073998873
1599,0.0018110555
1600,0.00305852
1601,0.004442584
1602,0.0011938832
1603,7.736383e-05
1604,0.17215638
1605,0.0035719185
1606,0.5302354
1607,0.0040611895
1608,0.003872991
1609,0.0049507655
1610,0.0017203783
1611,0.08978925
1612,0.0019301611
1613,0.0007462101
1614,0.0037336892
1616,0.015540926
1617,0.0024821921
1618,0.004098944
1619,0.0031389748
1620,0.0023509027
1621,0.0016686098
1622,0.0068632346
1623,0.00011002411
1624,0.00014101465
1625,0.0001071634
1626,0.002563169
1627,0.0052634003
1629,0.0077785915
1630,0.0023668392
1631,0.002777768
1632,0.003949106
1633,0.0015475691
1634,0.0022658645
1635,0.0019081498
1636,3.4331686e-05
1637,0.020031886
1638,0.0010762382
1639,0.0035278483
1640,0.0030832393
1641,0.00146032
1642,0.0012771079
1643,0.026836637
1644,0.0021345469
1646,0.0050179022
1647,0.5269453
1648,0.0046432535
1649,0.07665351
1650,0.0027772926
1652,0.043192536
1653,0.0019268297
1654,0.00016735584
1655,0.09656231
1656,0.002349951
1657,2.5629666e-05
1658,0.0014178235
1659,0.0010867174
1660,0.0051674615
1661,0.0012529388
1662,0.0028248427
1663,0.0015150747
1664,0.25351554
1665,0.0040705684
1666,0.0022819212
1667,0.046699956
1668,0.7356273
1669,0.02943238
1670,0.0014281798
1671,0.0014332985
1672,0.005187503
1673,0.0045896186
1674,7.390703e-05
1675,6.9735e-05
1676,0.00013052564
1677,0.48897302
1679,0.0001849957
1680,8.940657e-06
1681,0.0027925088
1682,0.0014221088
1683,0.0032246518
1684,0.00379307
1685,0.45280278
1686,0.0013194912
1687,0.00029202012
1688,0.0019358721
1689,0.0048205117
1691,0.0042175394
1692,0.42386404
1693,0.0008731843
1694,0.021935113
1695,8.6780594e-05
1696,0.009074516
1697,0.00010287232
1698,0.0038979277
1699,0.039796036
1700,0.0021605974
1701,0.0011520899
1702,7.2715025e-05
1703,0.0017319217
1705,7.8079036e-05
1706,0.0021359744
1707,0.0015979154
1708,1.4185804e-05
1709,0.003792951
1710,0.0038815408
1711,0.0414346
1712,0.004444127
1713,9.5367386e-07
1714,0.03271065
1715,0.034785327
1716,0.017531198
1717,1.269377
1718,0.0013323488
1719,0.006805693
1720,0.002960111
1721,0.05419463
1722,0.0067863935
1723,0.01780901
1724,0.0035568324
1725,0.001699671
1726,0.0041645947
1727,0.0020599593
1728,0.02203039
1729,0.002358752
1730,0.0014596058
1731,0.027682072
1732,0.001130895
1733,0.0002826053
1734,0.027957657
1735,0.00026186852
1736,0.0018462769
1738,0.0030278573
1739,1.19209275e-07
1740,0.0024829055
1741,0.0018431832
1742,0.008474461
1743,0.059548073
1744,2.7997923
1745,0.001988935
1746,0.033132363
1747,0.0009667966
1748,5.328513e-05
1749,0.03524046
1750,0.0007556206
1751,0.0016818201
1752,0.003966679
1753,0.00044776898
1754,0.00058657606
1755,0.13637398
1756,0.0015195978
1758,0.04614176
1759,0.0010523025
1760,0.004656543
1761,0.0026132264
1762,0.0024912297
1763,0.0024659007
1764,0.035674684
1765,0.0016455217
1766,0.2382494
1767,0.0016220759
1768,0.0029060298
1769,0.13094875
1770,0.0019332547
1771,0.007963455
1772,0.0017053834
1773,0.0049209907
1774,0.0020788745
1775,0.0013421109
1776,0.062215652
1777,0.001383182
1778,0.008864928
1779,9.5367386e-07
1780,0.0038696658
1781,0.0041591343
1782,0.0017273995
1783,0.0030864482
1784,0.0039824713
1785,0.0023177206
1786,5.960462e-07
1787,0.032098867
1788,0.0026183391
1789,0.001697529
1790,0.28667963
1791,0.0017584589
1792,0.0016073177
1793,0.0018142683
1794,7.343022e-05
1795,0.002581599
1796,0.0022499266
1797,0.004573362
1798,0.000434066
1799,0.0039212015
1800,0.0035226215
1801,5.4238753e-05
1802,0.0016168392
1803,0.006783433
1805,0.0036810753
1806,0.08780988
1807,0.0017146661
1808,0.005663065
1809,0.008388286
1810,0.23497714
1811,0.0013219913
1813,0.001002048
1814,0.2621054
1816,0.0019001778
1817,0.00015662874
1818,0.0024392635
1819,0.003586291
1820,0.0018565101
1821,0.0058877845
1822,0.004811614
1823,0.0024298688
1824,0.0018089138
1826,0.013255919
1827,0.0024166685
1828,0.030130932
1829,0.006443676
1830,0.0015791102
1831,0.098327495
1832,0.0043627084
1833,0.0014415121
1834,0.08913249
1835,0.0011423259
1836,0.0006627032
1837,1.1375799
1838,0.0018143873
1839,0.003769556
1840,0.060674652
1841,0.43710786
1842,0.0029849522
1843,0.018991657
1845,0.0007220284
1846,0.003956943
1847,0.14240621
1848,0.18232597
1849,0.002125982
1850,2.0456917
1851,0.0016673009
1853,3.5762778e-07
1854,0.0021476317
1855,0.0013075859
1856,0.018845787
1857,0.017168121
1858,0.003654589
1859,0.0008143447
1860,0.0021472748
1861,0.2531935
1862,0.03826219
1863,0.54428816
1865,0.0026019309
1866,0.0007901645
1867,0.001520074
1868,0.20783918
1869,0.004294222
1870,0.0015336431
1871,0.002926474
1872,0.003222394
1874,0.0016033903
1875,8.0582235e-05
1876,0.0029746117
1877,0.002164166
1878,0.0013040144
1879,0.003589498
1880,0.0019552654
1882,0.003309965
1883,0.0026360548
1884,0.0014416312
1885,0.0011967409
1886,0.0017840435
1887,0.0019526479
1888,0.0024649494
1889,0.0041194824
1890,0.058823247
1891,0.0033649744
1892,0.0018165291
1893,0.002610016
1894,0.002085417
1895,0.001742275
1896,0.0033812514
1897,0.0029734229
1898,0.001218649
1899,0.15872626
1900,0.0020487763
1901,0.47494087
1902,0.22740805
1903,0.06559726
1904,0.0013975863
1905,0.6639226
1906,0.0022504022
1907,0.0019151695
1909,0.00085055403
1910,0.0014244897
1911,0.0028998489
1912,0.0055036214
1913,0.0020634092
1914,0.00011920218
1915,0.0015242399
1916,0.0037877262
1917,0.0021823656
1918,0.0037531666
1919,5.5311582e-05
1920,0.0015035288
1921,2.8610189e-06
1922,0.0017250197
1923,0.00433897
1924,0.22653544
1925,0.0017169273
1926,0.002863238
1927,0.0022073446
1928,0.010224702
1929,0.0009210635
1930,0.0013341346
1931,0.0022297064
1932,0.10747727
1933,0.006490342
1934,0.0018892313
1935,0.0047724624
1936,0.0021649988
1937,0.09323424
1938,0.5222579
1939,0.0031093843
1940,0.035901383
1941,0.026702357
1942,0.0073021417
1943,0.003125665
1944,0.002094577
1945,0.0017915404
1946,0.07835188
1947,1.5497195e-06
1948,0.001649925
1949,0.002890815
1950,0.0019433676
1951,9.059496e-05
1952,0.006508936
1953,0.0020312883
1955,0.0015410228
1956,0.010240867
1957,0.052522227
1958,0.0012211492
1959,0.0018774517
1960,0.013986782
1961,0.0026538887
1962,0.0025796962
1963,0.51355577
1964,0.0037724064
1965,2.8610189e-06
1966,0.63960516
1967,0.0019344443
1968,4.5298504e-05
1969,3.731181e-05
1970,0.0057520815
1971,0.09844828
1973,0.00021050146
1974,0.0015073378
1975,0.0011859058
1976,8.3446463e-07
1977,0.0
1978,0.5184573
1979,0.002620598
1980,0.007716135
1981,0.00189875
1983,0.0029618936
1984,0.004363302
1985,0.0024255875
1986,0.047423955
1987,0.041073695
1988,0.003931176
1989,0.0055118017
1990,0.0015373329
1992,0.34050354
1995,0.00030858524
1996,2.3841855e-07
1997,0.8135188
1998,0.005233635
1999,0.00029106674
2000,0.0018623404
2001,0.0029153011
2002,0.0024763653
2003,0.00061016536
2004,0.00055631413
2005,4.315283e-05
2006,0.002525119
2007,0.0013634204
2008,0.096527465
2009,0.0023907432
2010,0.011668527
2011,0.004490055
2012,0.0014915065
2013,0.00052879174
2014,0.4311777
2015,0.011043027
2016,0.0033623606
2017,0.039672535
2018,0.012399607
2019,0.00036685888
2020,1.261409
2021,0.04171511
2022,0.3289197
2023,0.0023171261
2024,0.0034097647
2025,2.622601e-06
2026,0.0047234623
2027,0.002644734
2028,0.5383714
2029,0.0001445904
2030,0.0012093618
2031,0.00049364305
2032,0.0027173758
2033,0.039615247
2034,0.0010830258
2035,0.0026364115
2036,3.3378547e-06
2037,0.0147758415
2038,0.0029886365
2039,0.0014561536
2040,0.74322695
2041,0.0035991198
2042,0.0015424511
2043,0.0011257746
2044,0.0017047885
2045,0.0058658593
2046,1.2054032
2047,0.0014910304
2048,0.0025114445
2049,0.01822956
2050,0.00012623466
2051,0.0027090537
2052,1.6637297
2053,0.0030818132
2054,0.0018102226
2055,0.0019445574
2056,0.0018155772
2057,0.0042711943
2058,0.0034135664
2059,1.4901049e-05
2060,0.0028788098
2061,1.1891379
2062,0.004361996
2063,0.0016193384
2064,0.0038634914
2065,0.0045370497
2066,0.0019568119
2067,0.34698182
2068,0.002913518
2069,0.0024783865
2070,0.003369727
2071,0.0031305377
2072,0.0057293247
2073,0.0017376337
2075,9.179073e-06
2076,0.017983949
2077,2.7827268
2078,0.0119538605
2079,0.8458956
2080,0.0015098373
2081,7.152555e-07
2082,0.0034090518
2083,0.012172814
2084,0.0017707159
2086,0.07917505
2087,0.0016434984
2088,1.7535101
2089,0.0026366492
2090,0.0026334391
2091,0.0018816162
2092,0.0040881406
2093,0.0015499495
2094,0.01991889
2095,0.017536934
2096,0.0030811003
2097,0.0016229089
2098,0.0029277818
2099,0.002490635
2100,9.881961e-05
2101,0.0032077783
2102,0.0025638824
2103,0.0025774373
2104,0.00019333878
2105,0.004647287
2106,0.024874587
2107,0.0029772264
2108,5.0901068e-05
2109,0.00019000155
2110,0.0033351535
2111,0.015336209
2112,0.0021875992
2113,0.0028508757
2114,1.1920921e-06
2115,0.0063214353
2116,0.0010326536
2117,0.0020416386
2118,0.0027153546
2119,0.0025075206
2121,0.0015407846
2122,1.9073468e-06
2123,0.010322515
2124,5.2689116e-05
2125,0.0022966692
2126,6.317893e-05
2127,0.0024449711
2128,6.425173e-05
2129,0.0015773248
2130,0.003042238
2131,0.0012835369
2132,0.0019867937
2134,2.9611614
2135,9.7751135e-06
2136,0.018394716
2138,0.002513585
2139,0.0032608928
2140,0.0012797271
2141,0.001962404
2142,0.0014019909
2143,0.0034388711
2144,0.001630288
2145,0.0254349
2146,0.005806602
2147,0.0033686578
2148,0.0022524244
2149,0.00013028727
2150,0.001290561
2151,0.0017999889
2152,0.007969013
2153,0.0019740632
2154,0.1504733
2155,0.0014916257
2156,0.5097924
2157,0.00027176025
2158,0.0025403393
2159,0.8667925
2160,0.00020275444
2161,0.0014371078
2162,0.000109547334
2163,0.0013219913
2164,0.004234871
2165,0.00014339849
2166,0.004033526
2167,0.2640631
2168,0.0021965203
2169,0.0705173
2170,6.556489e-06
2171,0.0024708952
2172,0.15434393
2173,0.00030334163
2174,0.0024580522
2175,0.0013185388
2176,0.018476522
2177,0.0020960046
2178,0.0024523442
2179,0.0027447194
2181,0.0030144274
2182,0.07641433
2183,0.0018835199
2184,0.9046995
2185,1.4790347
2186,0.02179154
2187,0.0009357126
2188,1.3113013e-06
2189,0.06403687
2190,6.282132e-05
2191,1.1615164
2192,0.0015685173
2193,0.80706763
2194,0.0016490922
2195,0.0059768995
2196,0.012110985
2197,0.24205932
2198,0.00028296284
2199,0.0007185738
2200,0.0023058276
2201,0.0039561116
2202,0.0009960934
2203,0.0024039438
2204,1.2254925
2205,1.8596476e-05
2206,4.207999e-05
2207,0.001596368
2208,0.0012784174
2209,4.0531077e-06
2210,0.00025209587
2211,2.2649509e-05
2212,0.0008814026
2213,0.002324381
2214,0.002210437
2215,0.0004298955
2216,0.0002859422
2217,0.0059304466
2218,0.0030532905
2219,0.0023267595
2220,0.0031207928
2221,0.0022984534
2222,1.9669338e-05
2223,3.4570633e-06
2224,0.0013369919
2225,0.0010182441
2226,0.003239505
2227,0.00047148077
2228,0.0022462397
2229,6.9141147e-06
2230,0.114985496
2231,0.96128035
2232,0.07042242
2233,0.008337335
2234,0.0015272156
2235,0.0011797142
2236,0.40278026
2237,0.0033901623
2238,0.0030812195
2239,0.045611944
2240,1.2163277
2241,0.27285942
2242,3.3735658e-05
2243,0.0025500895
2244,0.0023267595
2245,0.00034409802
2246,0.0017696448
2247,1.4668127
2248,0.052662022
2249,0.0038532787
2250,0.014826233
2251,0.010352601
2252,0.00026699316
2253,0.0037238316
2254,1.4305105e-06
2255,0.1916794
2256,0.001512218
2257,0.001500672
2258,7.152555e-07
2259,0.0012406755
2260,0.0016382617
2261,0.0044095903
2262,0.0037308387
2263,0.24604703
2264,0.0025077583
2265,0.0014043718
2266,0.00017903633
2267,0.0031930439
2268,0.0011663784
2269,0.0011087469
2270,0.0030309474
2271,6.675698e-06
2274,0.57600796
2275,0.0031051058
2276,0.20501316
2277,0.0040083556
2278,0.0022499266
2279,0.006209604
2280,9.6078074e-05
2281,0.016837971
2282,0.005624896
2283,0.0027042981
2284,0.0023713585
2285,0.20052856
2286,0.0029561885
2287,1.4424219e-05
2288,0.0026399782
2289,0.05256204
2290,0.02709865
2291,0.00017903633
2292,0.0014757944
2293,0.024838654
2294,0.06297709
2295,0.002117655
2296,0.0027770547
2297,0.0037992457
2298,0.006176669
2299,0.003844491
2300,1.883489e-05
2301,0.00091951515
2302,0.0015088851
2303,6.0796547e-06
2304,0.0019612142
2305,0.00165897
2306,5.9006852e-05
2307,0.0066411025
2308,0.0020198675
2309,0.0010325346
2310,0.0032027876
2311,0.0021349036
2312,0.0026069246
2314,0.023915159
2315,0.0013460395
2316,8.65422e-05
2317,0.00322786
2319,0.0036798876
2320,0.0012977045
2321,0.00641596
2322,1.4305105e-06
2323,0.014210109
2324,0.0027239143
2325,0.21680492
2326,0.0019798933
2327,0.0034669074
2328,0.13020661
2329,0.095213845
2330,0.0011810239
2331,8.976056e-05
2332,0.002677786
2333,0.003232494
2334,0.0037335705
2335,1.4305013e-05
2336,3.135155e-05
2337,0.00343994
2338,0.0030027798
2339,0.0054602292
2340,0.0010480155
2342,0.0040495545
2343,0.0027144037
2344,0.0033369353
2345,0.00012706904
2346,0.0030788423
2348,0.0013160388
2349,0.004180621
2350,1.8119646e-05
2351,0.0022597986
2352,0.00013255196
2353,0.006894134
2354,0.00024434918
2355,1.8188683
2356,0.0021776077
2357,1.19209275e-07
2358,0.019079493
2359,0.00012277803
2360,0.001763457
2361,0.0024719653
2362,0.004707563
2363,0.0022502833
2364,0.0002084753
2365,0.0014943633
2366,0.001529477
2367,0.0014248466
2369,0.0061053433
2370,1.5497195e-06
2371,0.0044296477
2372,0.0006575806
2373,0.0006889116
2374,0.003201124
2375,0.020504761
2376,0.0001886905
2377,0.0016254083
2378,0.0017062166
2379,1.4439045
2380,3.0993935e-05
2381,0.53903794
2382,9.7751135e-06
2383,0.006456468
2384,0.02672406
2385,2.1934267e-05
2386,0.0031698716
2387,0.00478492
2388,2.944426e-05
2389,1.1920921e-06
2390,0.0026718418
2391,0.00092880486
2392,0.0012632969
2393,0.0041870316
2394,0.092540175
2396,0.0037228817
2397,0.0011051745
2398,0.003441841
2399,0.003816109
2400,1.1936872
2401,0.0046761213
2402,0.0007649119
2403,0.0021893834
2405,0.0393173
2406,0.0010565895
2407,0.00087199325
2408,0.0020323591
2409,0.010895878
2410,0.00187412
2411,0.0037314328
2412,1.9073468e-06
2413,0.0027152358
2414,0.008142963
2415,0.0029588037
2416,0.0011507801
2417,0.39076212
2418,0.07342513
2419,0.40881675
2420,0.0004659997
2421,0.0010524216
2423,0.0029029394
2425,0.0006337542
2426,0.041170254
2427,0.0041734986
2428,0.37746713
2429,0.0040159547
2430,0.00143187
2431,0.0032765768
2432,1.2209992
2433,0.14865209
2434,0.00838675
2435,0.9581635
2436,0.0045474926
2438,7.152555e-07
2439,0.0027075082
2440,0.008418311
2441,0.0014624626
2442,0.0027371107
2443,0.0014553204
2444,0.0020636471
2445,0.0022249487
2446,0.0019921472
2447,0.0036585084
2448,0.17216061
2449,0.0010987443
2450,0.0017827346
2451,0.07802027
2452,0.00018618758
2453,0.0024282038
2454,0.0027957186
2455,0.10570393
2456,0.0018136732
2457,0.019475782
2458,0.0016248132
2459,0.0075280312
2460,4.4344873e-05
2461,0.0037633805
2462,1.19209275e-07
2463,2.9205848e-05
2464,0.0024692304
2465,0.091301836
2466,0.12187164
2467,0.004144888
2468,0.001411038
2469,0.9024148
2470,0.0015864894
2471,0.004144413
2472,0.0025144173
2473,0.0014809127
2474,0.0036978214
2475,0.0010738566
2476,0.0028499246
2477,0.00019107423
2479,0.0048145796
2480,0.001134348
2481,5.960462e-07
2482,0.0013648489
2483,0.0016780117
2484,0.00022671037
2485,0.0031774773
2486,0.003421645
2487,0.00291126
2488,0.0018711454
2489,0.001361873
2490,0.00086639536
2491,0.0036346344
2492,4.5656114e-05
2493,0.013840651
2494,0.0024821921
2495,0.0031616723
2496,0.0013792535
2497,0.0010118133
2498,5.8053232e-05
2499,0.16376452
2500,0.67660624
2501,0.0012171012
2502,0.009964367
2504,0.0025510408
2505,3.3258835e-05
2506,0.00050067285
2508,0.002001665
2509,0.53876376
2510,0.1647374
2511,0.0030788423
2512,0.00020919042
2513,2.241504
2514,0.7076468
2515,0.10549199
2516,0.0058535347
2518,0.0031742682
2519,0.0010480155
2520,0.000931306
2521,0.0028537286
2522,3.993431e-05
2523,0.0028357788
2524,0.0052428846
2525,0.0025386745
2526,0.003437208
2527,0.0015956538
2528,0.00011193125
2529,0.50993526
2530,0.0029746117
2531,0.001935991
2532,0.0029169654
2533,0.00011681828
2534,0.25270194
2535,0.0029095956
2536,0.032346927
2537,0.00039438574
2538,0.036035243
2540,0.005931987
2541,0.33312356
2542,0.001520074
2543,0.84104836
2544,0.0
2545,0.0019971442
2546,0.0014461544
2547,0.0047539542
2548,0.0011007686
2549,0.0052840333
2550,0.00047398295
2551,2.8610189e-06
2552,1.3113013e-06
2553,0.0021939036
2554,0.001845325
2555,0.003844016
2556,0.002741153
2557,0.0038206214
2558,0.002487305
2559,0.0016177912
2560,0.0017632189
2561,0.121163286
2562,0.038267
2563,0.0034043
2564,0.0012616302
2565,0.116614096
2566,0.0015985103
2568,0.0013410393
2569,0.0025549647
2570,0.0026563858
2571,0.0017907073
2572,0.25353476
2573,0.07411079
2574,0.0024601927
2575,3.9338984e-06
2576,0.0019236171
2577,0.00013696209
2578,0.0031264971
2579,0.23309578
2580,0.0020453262
2581,0.0022586093
2582,0.0017191883
2583,0.0016260033
2584,0.0031853197
2585,0.0072920835
2586,0.017280608
2587,0.032352928
2589,0.0023474537
2590,0.002247429
2591,0.000117533455
2592,0.0031867456
2593,0.0024661385
2594,7.867782e-06
2595,0.004488156
2596,0.0033705588
2597,0.0015530442
2598,0.0013509205
2599,2.038458e-05
2600,5.745723e-05
2601,5.9604467e-06
2602,0.0034741543
2603,0.009945954
2604,0.026387993
2605,0.00028641892
2606,0.001143874
2607,0.002095172
2608,0.0126530705
2609,0.0014588916
2610,0.001998334
2612,0.0020325969
2613,2.3841855e-07
2614,0.0014467498
2615,8.3446463e-07
2617,0.7110123
2619,0.0026359358
2620,0.0018888741
2622,0.43636826
2623,0.4208862
2625,0.0041511804
2626,0.0014156806
2627,0.00024780538
2628,0.0026849194
2629,0.0017401329
2630,0.0031400442
2631,0.0034463555
2632,0.0033668755
2633,0.0016434984
2634,0.0009205871
2635,0.001682415
2636,0.0019702562
2637,0.0022770446
2638,2.7188754
2639,0.0040208222
2640,0.7430393
2641,0.0036220439
2642,0.0046220133
2643,0.003492686
2644,0.0014591296
2645,0.00275423
2646,0.0014060384
2647,4.0172723e-05
2648,0.0019870317
2649,0.0026244028
2650,0.0018715023
2651,0.00071202195
2652,0.0043154685
2653,0.08117309
2654,0.0036047024
2655,0.057330146
2656,5.7934038e-05
2657,0.013672982
2658,4.76836e-06
2659,0.00069903734
2660,0.00034660051
2661,0.0018963703
2662,0.0021093278
2663,0.021175144
2664,0.0014578201
2665,0.003578214
2666,0.0017628621
2667,0.001818909
2668,0.0037143303
2669,1.5497088e-05
2670,2.8601446
2671,0.35426304
2672,0.002544263
2673,0.0019068408
2674,0.006730032
2675,0.0022015162
2676,8.225103e-05
2677,1.1935961
2678,0.0065598628
2679,0.00016485286
2680,4.5060096e-05
2681,0.00095846
2682,0.0008148211
2684,0.0017021704
2685,0.0014340128
2686,0.053992365
2687,0.82875764
2688,0.00028796817
2689,0.00273723
2690,0.006238748
2691,0.003017993
2692,1.3232143e-05
2693,0.18610172
2694,0.0026706527
2695,0.0021854579
2696,0.003135766
2697,0.00013934595
2698,0.019634064
2699,1.5743629
2700,1.19209275e-07
2701,1.2939986
2702,0.0013719918
2703,0.0008753282
2704,0.005873089
2705,0.0053290934
2706,0.0026537701
2707,0.0021879561
2708,0.00215691
2709,0.0024951536
2710,0.0014556774
2711,0.0017805927
2712,0.0031808042
2713,0.013611834
2714,0.0025227407
2715,0.0014559155
2716,0.2858018
2717,2.2758627
2718,0.06421308
2719,0.0019587155
2720,0.0014469879
2721,5.328513e-05
2722,0.108208224
2723,0.07140942
2724,0.0013693728
2725,0.0038041146
2726,0.00062219816
2727,0.0060598454
2728,0.0017677408
2729,0.45118827
2730,1.19209275e-07
2731,0.0010679025
2732,0.014041677
2734,0.91454726
2735,0.0028780967
2736,0.0026824228
2737,0.0031364793
2738,0.0030894193
2739,0.0015367378
2740,0.0010091934
2741,0.00093154423
2742,2.0912557
2743,0.0041415635
2744,0.008432852
2745,0.0010749282
2746,2.7060141e-05
2750,0.3259213
2751,0.0058236686
2752,3.731181e-05
2753,0.0016612314
2754,0.010045448
2755,3.1438403
2756,0.0018396135
2757,0.0030244105
2758,0.0024763653
2759,0.40544325
2760,0.008724193
2761,0.0014525825
2762,0.0015303103
2763,0.0
2764,6.901979e-05
2765,0.0017792839
2766,1.0847985e-05
2767,0.0033199452
2768,0.02139897
2770,0.002484451
2771,0.003395627
2772,0.0027270054
2773,0.0025984829
2774,0.004003487
2775,0.0023661256
2776,0.0031232883
2777,0.0020243882
2778,1.6093123e-05
2779,0.002304519
2780,0.00015352978
2781,0.00033313446
2782,0.05609418
2783,0.004785869
2784,1.9557621
2785,0.0031679703
2786,0.00016044283
2787,0.0027098858
2788,0.0045485604
2789,0.0031325577
2790,0.0019264726
2791,0.00410393
2792,0.004049792
2793,0.0025857606
2794,0.90728545
2795,0.005346049
2796,9.727004e-05
2797,0.004942462
2798,0.0020876776
2799,9.786603e-05
2800,0.0017982041
2801,3.004029e-05
2802,0.7566275
2803,0.0011645925
2804,4.172316e-06
2805,0.0046959356
2806,0.0017748808
2807,0.00034207213
2808,0.001835092
2809,0.002432009
2810,0.0022450502
2811,0.0021211046
2812,0.041625466
2813,0.24379776
2814,1.9192512e-05
2815,0.0011285134
2816,0.0035937743
2817,0.0013703251
2818,0.0026013365
2819,1.4543428e-05
2820,0.00084983936
2821,0.0032509118
2822,0.52645385
2823,0.0023763536
2824,7.033323e-06
2827,0.21525797
2828,0.0019936939
2829,0.06312976
2830,0.002211151
2831,0.0026685128
2833,0.0046313875
2834,0.0028047531
2835,0.0032428317
2836,0.003476055
2837,1.6927577e-05
2838,0.005143861
2839,0.05504196
2840,0.004037563
2841,0.6056844
2842,0.0015895839
2843,2.583082
2844,7.617183e-05
2845,0.002946205
2846,0.0019854847
2847,0.00010620983
2848,0.0028400582
2849,0.001988816
2850,0.002790369
2851,0.0016656347
2852,0.0028058228
2853,0.7634316
2854,0.0021167034
2855,0.0015798244
2856,0.0028701324
2857,0.0003039375
2858,0.7486439
2859,0.0011960265
2860,0.001624099
2861,0.003792951
2862,2.925549
2863,0.04076256
2864,0.0028051096
2865,0.74323213
2866,0.76814646
2867,0.0017821398
2868,0.033824075
2869,6.7949063e-06
2870,0.0020554385
2871,0.002032716
2872,0.0026096595
2873,0.069490395
2874,0.016809603
2875,0.003671336
2876,0.24957116
2877,0.0042765355
2878,0.000456944
2879,0.007882441
2880,0.00215917
2881,0.0014986484
2883,0.0009529816
2884,0.002735446
2885,0.0021693998
2886,0.005133899
2887,0.0011370867
2888,0.0034594233
2889,0.003974634
2890,0.20719829
2891,0.034075964
2892,2.145765e-06
2893,1.6927577e-05
2895,0.00046290172
2896,0.24571936
2897,0.050759554
2898,0.0011386347
2899,0.9809518
2901,0.0036036333
2902,0.0026207173
2903,0.001699671
2904,0.0012001939
2905,0.0025893275
2906,0.007616528
2907,0.28104696
2909,3.5762778e-07
2912,0.00370958
2913,0.0024723222
2914,0.013321206
2915,0.0016207666
2916,0.0018305702
2917,0.011090303
2918,0.0010014526
2919,9.905801e-05
2920,0.03029968
2921,0.00048756629
2923,0.0030542414
2924,0.00012623466
2925,0.0017890414
2926,0.0017202594
2927,0.4920143
2928,0.002451274
2929,0.09172011
2930,0.0025535377
2931,0.0043451423
2932,0.8938657
2933,0.00014232576
2934,0.07241519
2935,0.0022873925
2936,0.001941702
2937,0.001804154
2938,0.002701564
2939,0.0014446072
2940,0.0012229353
2941,0.03208444
2942,0.0010669498
2943,0.021363614
2944,0.0027970262
2945,0.0007400158
2946,0.0026497275
2948,0.002548425
2950,0.003356777
2951,0.63307965
2952,0.00020764102
2953,0.0028836834
2954,0.002341983
2956,0.0021598837
2957,0.13452144
2958,0.005531244
2959,0.57704014
2960,0.012648244
2961,0.00018070496
2962,0.0014136569
2964,0.2913386
2965,0.0014094906
2966,1.5065877
2967,2.9802277e-06
2968,0.0026562666
2969,0.00020382712
2970,0.0024442577
2971,9.179073e-06
2972,0.0034514635
2973,0.0022558738
2974,0.012547832
2975,6.0796547e-06
2976,0.07099789
2977,0.0038937717
2978,0.0033505987
2979,2.62257e-05
2980,0.0019012487
2981,0.0043033618
2982,0.0028127176
2983,0.0018323552
2984,0.941928
2985,0.0024626898
2986,0.0026805205
2987,0.043938242
2988,0.00020192015
2989,1.5660045
2990,0.0033018852
2991,3.0636314e-05
2992,0.0017908264
2993,0.74651206
2994,0.00026997257
2995,0.028951662
2996,0.20567454
2997,0.0017814258
2998,0.001770478
2999,0.0075450684
3001,0.00710461
3002,0.0021024283
3003,0.00019214692
3004,0.0016915788
3005,0.0
3006,0.049387686
3007,0.0039324826
3008,0.0016658728
3009,0.0016020809
3010,0.0017157373
3011,0.0040331697
3012,0.0014065146
3013,0.00014375607
3014,0.012244178
3015,0.0020530592
3017,0.002188432
3018,6.365574e-05
3019,4.21992e-05
3020,0.0016790828
3021,0.0015097184
3022,0.012565609
3023,3.0874726e-05
3025,0.0028788098
3026,0.012202963
3027,0.0005001962
3028,0.0022908414
3029,0.0036241817
3030,0.001496625
3031,0.24229681
3032,0.0019829865
3033,0.0024745814
3034,0.003491142
3035,0.0009771577
3036,0.032581426
3037,0.0017951103
3039,0.0029421635
3040,0.0027770547
3041,0.3424049
3042,0.0018634114
3043,0.0011263702
3045,0.024472872
3046,0.0022640803
3047,0.002417382
3048,0.0015931546
3050,0.0077034784
3051,0.0022847757
3052,0.025991883
3053,0.0045521203
3054,0.0031792596
3055,0.0039304635
3056,0.089255035
3057,0.0021131348
3059,0.0018078428
3060,0.003451226
3061,0.0005057963
3062,2.3722365e-05
3063,0.0023068977
3064,2.0980615e-05
3065,0.0014154426
3066,0.06056212
3067,0.027531436
3068,0.004058815
3069,0.0038254901
3070,0.0012544866
3071,0.27211243
3072,0.00048744716
3073,0.16982612
3074,0.00013064485
3075,0.0011619729
3076,0.33231106
3077,0.002791558
3078,0.49834588
3079,0.55367726
3080,0.0016790828
3081,0.00829643
3082,0.002940856
3083,0.0009507188
3084,0.00141699
3085,0.00018142008
3086,5.960462e-07
3087,0.005687246
3088,4.1007155e-05
3089,0.004379919
3090,3.993431e-05
3091,0.0025499705
3092,0.0018543683
3093,0.0030891816
3094,0.0033544006
3095,0.0078120655
3096,0.0040754373
3097,0.0067564365
3098,0.00027009178
3099,0.001115415
3100,0.0020515125
3101,0.0009957362
3102,0.0024497279
3104,0.004089209
3105,0.0018748338
3106,0.001956931
3108,0.003950768
3109,0.0015097184
3110,0.0016350484
3111,0.0020491332
3112,0.002094696
3113,0.0036441362
3114,0.0004909025
3115,0.0033605788
3116,0.008855947
3117,0.00018976319
3118,1.19209275e-07
3119,0.038315877
3120,0.0014769847
3122,0.0061065285
3124,0.0052970774
3126,0.0043653194
3127,0.00063708995
3128,0.0020624576
3129,8.225406e-06
3130,0.00011216964
3131,0.0029448972
3132,0.0015370948
3133,0.0027806212
3134,0.0065730084
3135,4.0531077e-06
3136,0.0015895839
3137,7.98699e-06
3138,0.0018947045
3139,0.098592706
3140,0.0023098711
3141,0.0028353033
3142,0.00012540031
3143,0.00053689367
3144,0.0046484736
3145,0.34944698
3146,0.0022854893
3147,1.3470559e-05
3148,0.04733948
3149,0.0052056485
3150,0.000113242415
3151,0.0038490035
3152,0.0015197168
3153,0.21508649
3154,0.0026642326
3155,0.11065215
3156,0.001584466
3157,0.0022270896
3158,0.0004594462
3159,0.0023545898
3160,0.0021143241
3162,3.1760075
3163,0.003135053
3164,0.0013422298
3165,0.02237585
3166,0.0011032692
3167,0.025453147
3168,0.09355423
3169,0.00221805
3170,0.0021931897
3171,0.0026567422
3172,0.005022172
3173,0.0035504177
3174,0.0019694234
3175,0.0037859445
3176,0.5717828
3178,5.9960472e-05
3179,0.0016279076
3180,0.048845977
3181,0.004303599
3182,0.0037893888
3183,4.854403
3184,2.472529
3186,0.001739181
3187,0.021537583
3188,0.0014497256
3189,0.0026488954
3191,2.1705837
3192,0.0030107428
3193,0.00011205045
3194,0.00055595674
3195,0.0038961465
3196,0.056927413
3197,0.02032232
3198,0.0021174173
3199,0.0012938947
3200,0.0005401106
3201,7.617183e-05
3202,0.004455046
3204,0.001391039
3205,0.0029293266
3206,0.011632591
3207,1.3551021
3208,0.0049709305
3209,0.0018344971
3210,0.0019995235
3211,0.0022094857
3212,3.643201
3214,0.0011289897
3215,0.0010820731
3216,6.580136e-05
3217,0.00068509945
3218,0.004231666
3219,0.0024618574
3220,0.004358436
3223,0.0015453076
3224,0.002085655
3225,0.04293242
3226,0.08056914
3227,0.0008124389
3228,0.13205345
3229,0.002517509
3230,0.003331708
3231,0.0025120392
3233,0.0006945106
3234,0.0013240151
3235,0.03425246
3236,0.0014103238
3237,0.7424179
3238,0.007099994
3239,1.0251947e-05
3240,0.0016737274
3242,5.8530044e-05
3243,0.01684219
3244,0.0016295739
3245,0.028009823
3246,0.001834259
3247,0.0024580522
3248,0.13347761
3249,0.16087265
3251,7.8794226e-05
3252,0.005429877
3253,0.07218097
3254,1.0560203
3255,0.0025737514
3257,0.00020668755
3258,0.7369369
3259,0.0005451147
3261,0.0010582567
3262,0.0004961451
3263,0.003337173
3264,0.0011236314
3265,0.011216444
3266,0.0009687021
3267,0.002564477
3268,0.0027328306
3269,4.346701
3271,0.0036256074
3272,0.0010832639
3273,0.0020455644
3274,0.0018943477
3275,0.0035737006
3276,0.0020008322
3277,0.00067425886
3278,0.17035869
3279,0.0010094316
3281,1.5735503e-05
3282,0.0030781294
3283,7.5101566e-06
3284,0.0024292741
3285,0.004858474
3287,0.00017271933
3288,0.0014669859
3289,0.04248717
3290,0.0010814779
3291,0.00021109736
3292,2.503392e-06
3293,0.0038497162
3294,0.00033408782
3295,0.0048181387
3296,0.0016107692
3297,0.002261345
3298,0.0004962643
3299,0.0017378718
3300,0.0008742563
3301,0.00069975207
3302,0.0025530623
3303,0.0041298107
3304,0.0017841626
3305,0.06449677
3306,0.005345575
3307,0.0020143946
3308,0.00019250446
3309,0.06774459
3310,0.0011122
3311,3.9219085e-05
3312,7.7602235e-05
3313,0.0090658935
3314,4.76836e-06
3315,0.0036302393
3316,0.0015594715
3317,0.0016336202
3318,0.0008219678
3319,0.009132872
3321,0.0014056811
3322,0.0024685168
3323,0.003642236
3324,0.0024931324
3325,0.0016786068
3326,0.004128149
3327,0.0013291345
3328,8.8687775e-05
3330,0.0015116228
3331,0.0011789998
3332,0.0017159752
3333,0.026374178
3335,0.04039111
3336,0.16004512
3337,1.5617193
3338,0.0017150233
3339,0.0024205928
3340,0.0009773959
3341,0.00393177
3342,0.0024894457
3343,0.0027040604
3344,0.0020335484
3345,0.0018685277
3346,0.0012854418
3347,0.026201857
3348,0.0012924661
3349,0.0032417623
3350,0.0041547418
3351,0.0030176362
3353,0.004464065
3354,0.0033149554
3355,0.0044671507
3356,0.002073878
3357,0.0028717967
3358,0.09797002
3359,0.0028185423
3360,0.0013791345
3361,1.2993728e-05
3362,0.0011941214
3363,0.0034008543
3364,0.0030463974
3365,0.12189097
3366,0.0006137395
3367,0.115437105
3368,0.0014015149
3369,0.00013374387
3370,0.61513734
3371,0.00021038225
3372,0.015687393
3373,0.03501096
3374,0.0047212075
3375,0.0033892118
3376,0.39153695
3377,0.017321736
3378,0.0026406916
3379,0.0022869166
3380,0.0034815196
3381,0.0033029546
3382,0.00012873775
3383,0.001818671
3384,0.0069103544
3385,2.2768714e-05
3386,0.31595305
3387,0.0048511187
3388,0.0014069907
3389,0.0013149672
3390,0.003470828
3391,0.40451247
3392,0.010551497
3393,0.0032461586
3394,0.0005539312
3395,0.0011676882
3396,0.0031144945
3397,0.00097477593
3398,0.0016026761
3399,7.5101566e-06
3400,1.7082936
3401,0.0024204738
3402,0.004155573
3403,0.0026433074
3404,0.03578787
3405,0.0016737274
3406,0.00064936053
3407,0.0015357856
3408,0.004622607
3409,0.0020193914
3411,4.4107337e-06
3412,0.0007526426
3414,0.0017567929
3415,5.7220295e-06
3416,0.008577528
3417,0.0036982966
3418,0.65464365
3419,0.6027267
3420,0.001769288
3421,0.0077614402
3422,0.3134255
3423,0.0017006231
3424,0.004126012
3425,0.001290204
3426,0.055903245
3427,5.7814832e-05
3428,0.00020454223
3430,0.13599382
3431,0.55666596
3432,0.003686776
3433,0.0785529
3434,0.0013694919
3435,0.0016244561
3436,1.180165e-05
3437,0.0014162757
3438,0.001630288
3439,0.0026551967
3440,0.0026158425
3441,4.8040187e-05
3442,0.018293474
3443,0.00054261263
3444,0.0020542487
3445,0.0028549172
3446,0.0042671585
3447,0.004288643
3448,0.00029416525
3449,0.023189424
3450,0.002389435
3451,0.00058109564
3452,0.38881826
3453,0.0074171643
3454,0.56419957
3456,0.021290215
3457,0.002515963
3459,0.0033965774
3460,0.0013722299
3461,0.0018478237
3462,0.003388499
3463,0.0018392565
3464,0.103437714
3465,0.0005721602
3466,0.0009746568
3467,0.001367468
3468,0.0026846814
3469,0.0023777806
3470,0.0020030928
3471,1.2647594
3472,0.0002907092
3474,0.000114672766
3475,4.4107337e-06
3476,0.0016133875
3477,0.00036900383
3478,0.0034890035
3479,0.35430562
3480,0.057547044
3481,1.1146445
3482,0.00026306027
3483,1.001353e-05
3484,0.063438594
3485,0.0010645683
3486,0.0027249844
3487,0.0019396795
3488,0.0022815643
3489,0.017173044
3490,0.0051053157
3491,0.001993456
3492,0.002308682
3493,0.0014296082
3494,0.0002982172
3495,2.3841855e-07
3496,3.2305194e-05
3497,0.002568282
3498,0.0016008908
3499,0.0032263151
3500,0.0022239971
3501,0.2778378
3502,0.0025046666
3503,0.26012278
3505,2.3841855e-07
3506,0.0021615492
3507,0.0021144429
3508,0.0030450902
3509,6.96158e-05
3510,7.378782e-05
3511,0.0014021099
3512,0.00288927
3513,0.0012035278
3514,0.0032334446
3515,0.0022082962
3516,0.007769602
3517,0.0007534764
3518,0.002585285
3519,0.0010518263
3520,0.0022587283
3521,0.00024470672
3522,0.0022367241
3523,0.0027008506
3524,0.0015988676
3526,0.0027285507
3527,0.0019994045
3528,0.0019393225
3529,0.30814514
3531,0.012592802
3532,0.004708512
3533,3.611976e-05
3534,0.0051234616
3535,2.0823426
3536,0.013446831
3538,0.009412083
3539,0.0014650814
3540,0.060983468
3541,0.0035348567
3542,3.4925814
3543,2.384183e-06
3544,0.001020864
3545,0.0025972938
3546,0.047710065
3547,0.0056272666
3548,0.018683987
3549,0.6014887
3550,0.077744246
3551,0.0024863537
3552,2.7181163
3554,7.152555e-07
3555,3.0994368e-06
3556,0.0023784938
3557,0.0019957165
3558,0.44111001
3559,0.0010939811
3561,0.00030334163
3562,0.0023837266
3563,1.4629445
3564,0.0041926107
3565,0.0039738035
3566,0.00030048145
3567,0.0014463925
3568,0.004357486
3569,0.6128637
3570,0.0009059377
3571,0.001399729
3572,0.684554
3573,0.0026551967
3574,1.0728829e-06
3575,0.0020757813
3576,0.63112736
3577,0.0029929152
3578,0.0019456281
3579,0.0013677061
3580,0.013778103
3581,0.0021780834
3582,0.0017876134
3583,0.0027341384
3584,0.09917972
3585,0.0036402165
3586,0.59608406
3587,0.00024816298
3588,0.0025051425
3589,0.0044730846
3591,0.0023498323
3592,0.00064685877
3593,0.0015460217
3594,0.24946252
3595,0.0020544867
3596,0.13458219
3597,0.0021001683
3598,0.0014019909
3599,0.04010198
3600,0.002042471
3601,0.12172705
3602,0.00033599453
3603,0.0043655573
3604,0.0022495696
3605,0.01454101
3606,0.0033048557
3607,0.0074410657
3608,0.0023271164
3609,0.00081065216
3610,0.0013308012
3611,0.005950593
3612,0.0040785237
3613,0.0005982517
3615,0.002025578
3616,0.0053113066
3617,0.024507072
3618,0.0018957754
3619,0.0039543305
3620,0.012815615
3622,0.17562397
3623,0.011081933
3624,0.0002972638
3625,0.0016714662
3626,0.0017891605
3627,0.0019942888
3628,0.0034400593
3629,0.002163928
3630,0.00206674
3631,0.954063
3632,0.0014876976
3633,7.867782e-06
3634,0.0019599053
3635,0.0017002663
3636,0.0018411604
3637,0.0010090742
3638,0.57635975
3639,0.0012504385
3640,0.016984016
3641,0.0068943705
3642,0.002530708
3643,0.539564
3644,0.3693986
3645,0.0055771223
3646,0.0005846698
3647,0.0037918824
3648,0.002499316
3649,0.028512081
3650,0.00854668
3651,0.0009971652
3652,0.004151299
3653,4.887569e-06
3654,0.0016329061
3655,0.34875193
3656,0.04294624
3657,0.0010075262
3658,0.0021330002
3659,0.0021778455
3660,0.00037222132
3661,0.1410356
3662,0.0022331558
3663,0.0024882567
3664,0.00041821794
3665,0.0013277059
3666,0.0020158223
3667,0.0018679326
3668,0.011249802
3669,0.0026046657
3670,0.002151914
3671,0.0030952422
3672,0.0007987408
3674,0.07435119
3675,0.0016361198
3676,0.0028190177
3677,0.28168514
3678,0.0040420745
3679,0.0035034965
3680,2.944426e-05
3681,0.25080192
3682,0.41995543
3683,0.14848502
3684,0.0001385116
3685,0.003058282
3686,0.0016509964
3687,0.0040376815
3688,0.0028860604
3689,0.0025112068
3690,0.0013819917
3691,0.0022607502
3692,0.0026276133
3693,0.0026537701
3694,0.0052769184
3695,0.0004284656
3696,0.015480243
3697,0.00079552474
3698,0.0017904694
3699,0.00478492
3700,5.9604467e-06
3701,0.0016731323
3702,0.0026620924
3703,0.0036056524
3705,0.0007618148
3706,0.0029551191
3707,0.0039971946
3708,0.0021013578
3709,2.5748874e-05
3710,0.004733903
3711,0.0046042143
3712,0.0038203842
3713,4.887569e-06
3714,0.037929405
3715,0.0018697176
3716,0.025420837
3717,0.0070633
3718,0.0030346315
3719,3.4570633e-06
3720,0.0020687624
3721,0.00452186
3723,0.0011628064
3724,0.0001105009
3725,0.002988993
3726,0.001008717
3727,2.0265556e-06
3728,0.0011358961
3729,0.1620562
3730,0.011104804
3732,0.0036285769
3733,0.003901965
3734,4.005352e-05
3735,0.00066723017
3736,0.005377945
3737,0.0003539889
3738,0.0023294953
3739,0.0028740552
3740,0.0011586389
3742,0.0006093315
3744,2.1457441e-05
3745,0.00879403
3746,0.002638908
3747,0.0009952598
3748,0.0019541946
3749,0.0023682665
3750,0.0006080209
3751,0.06404828
3752,0.003677037
3753,2.7418098e-06
3755,0.018490681
3756,0.005106383
3757,0.709298
3759,0.00044204955
3760,0.4691446
3761,0.2217207
3762,0.00060158747
3763,0.0006510284
3764,4.589452e-05
3765,0.004489818
3766,0.29364568
3767,0.9746976
3768,2.5748874e-05
3769,0.004183233
3770,0.0017734529
3772,0.13335441
3773,0.000114553564
3774,0.2417716
3775,2.2200541
3776,0.00034981806
3777,0.0018591278
3778,0.054382168
3779,0.38040444
3780,0.002910071
3781,0.0046240306
3782,0.01165592
3783,0.00021812921
3785,0.0015061474
3786,1.2278481e-05
3788,0.0016154109
3789,0.008736719
3790,0.00030858524
3791,0.00175834
3792,0.0014656765
3793,0.0055433367
3794,0.0024870671
3795,0.0001690245
3796,0.0016624215
3798,0.002490635
3799,0.002875957
3800,0.003925714
3801,0.000532247
3802,0.001980726
3803,0.035169337
3804,0.0019791792
3805,0.0012091238
3806,0.001008717
3807,0.0015135274
3808,0.20460247
3809,0.0024142899
3810,0.0011281561
3811,0.006058542
3813,0.0014510351
3814,1.9430925e-05
3815,0.0008855712
3817,1.907264
3818,0.0028967585
3819,0.008631067
3820,0.0020636471
3821,0.0018322361
3822,0.0052624512
3823,0.009113617
3824,0.16346885
3825,2.62257e-05
3826,0.002612156
3827,0.0047597676
3828,0.0012505576
3829,0.0016656347
3831,0.0018547252
3832,0.0005535739
3833,4.088795e-05
3834,0.0012531771
3835,0.00303582
3836,0.0058459505
3837,0.06643421
3839,0.0020660262
3840,0.0023812293
3842,0.0030447335
3843,0.0025623366
3844,0.003077535
3845,0.0018964893
3846,1.6689286e-06
3847,0.0012038848
3848,0.003938776
3849,0.0019364669
3850,0.0030666012
3851,0.0033458464
3852,0.0055370526
3853,0.0022584903
3854,0.004290542
3855,0.0037643304
3856,0.0030816947
3857,0.0021189635
3858,0.0020485383
3859,0.0027724185
3860,0.029724149
3861,0.008835034
3862,0.0012790128
3863,0.0016526625
3864,0.0021507244
3865,0.00529933
3866,0.0010234839
3867,0.02416246
3868,0.0024255875
3869,0.88489604
3870,0.0024169064
3871,0.021342613
3872,0.04365436
3873,0.0028877244
3874,0.0017809498
3875,0.0013529443
3876,0.011464195
3877,0.0026907448
3878,4.1722382e-05
3879,0.0014450832
3880,0.009827563
3881,0.0018252156
3882,0.0012293647
3883,0.007818454
3884,0.0010882653
3885,0.00019643761
3886,0.00023278863
3887,0.0014634149
3888,0.0034369703
3889,0.002593608
3890,0.0024021599
3891,0.03834215
3892,0.0026593579
3894,0.0020801828
3896,0.0064440314
3897,0.003350361
3898,0.0018362817
3899,0.0031338648
3900,6.723178e-05
3901,0.008801476
3902,0.0028489737
3903,0.059041053
3904,0.005773771
3905,0.015042443
3906,0.8792071
3907,1.6689286e-06
3909,0.0018964893
3910,0.00083459343
3911,0.0026794504
3912,0.10372211
3913,0.106567785
3914,0.0025112068
3915,0.0029615373
3916,0.002632607
3917,0.0028867738
3918,0.000847219
3919,0.06562774
3920,0.004034951
3921,0.0035385394
3922,0.0011706649
3923,0.0018893501
3924,1.7881233e-05
3925,0.00019286205
3926,0.058631252
3927,0.0016533766
3928,2.968267e-05
3929,0.001649211
3930,0.008573511
3931,5.841238e-06
3932,8.821449e-06
3933,0.0157659
3934,0.002947512
3935,0.0035238094
3936,0.00086711
3937,0.0021686861
3938,0.0022806127
3939,0.0010442049
3940,0.0013742535
3941,0.18253596
3942,0.007745235
3943,0.002773845
3944,0.002432009
3945,0.0036248944
3946,0.3083883
3947,0.0013253248
3948,0.0027296208
3950,0.0029788904
3952,0.0019687095
3953,0.002319267
3954,0.003232613
3956,0.0022456446
3957,0.0065038437
3958,0.0020029738
3959,0.027499773
3960,0.0012559153
3961,0.0023246189
3963,0.0019236171
3964,0.00033551783
3965,0.0011194637
3966,0.0008730652
3967,0.00018547245
3968,0.0028454075
3969,0.0013506823
3970,0.0035579016
3971,6.484775e-05
3972,1.6451483
3973,1.8582562
3974,0.0016099361
3975,0.0010215786
3976,0.026376266
3977,0.28283536
3978,0.00014542477
3979,0.5140932
3980,0.05311611
3981,0.0076121497
3982,0.0036789374
3983,0.0024462796
3984,0.001818195
3985,0.0030701663
3986,0.009053017
3987,0.0039857957
3988,2.1922798
3989,0.041475654
3990,0.0012699643
3991,0.12126845
3992,0.08116737
3993,6.568216e-05
3994,0.001556615
3995,0.0011487559
3996,0.18922801
3997,0.0031207928
3998,0.0016645637
3999,0.0020575798
4000,0.0024097709
4001,0.34080276
4002,1.4918039
4003,0.0017798787
4004,0.0054569095
4005,0.003981402
4006,0.05193841
4007,0.0034998136
4008,9.0475754e-05
4009,0.0021049266
4010,0.008356605
4011,1.1906104
4012,0.003108909
4013,0.0020040444
4014,4.7444173e-05
4015,0.017322203
4016,0.73792064
4017,0.015342431
4018,0.0002361257
4019,0.0026120374
4020,0.0014377028
4021,0.0023256892
4022,0.014766797
4023,0.0033601034
4024,0.0040806606
4025,0.0014073477
4026,0.00047851074
4027,0.00272439
4028,4.887569e-06
4029,8.3446463e-07
4030,0.011421887
4031,0.0018886362
4032,0.002381586
4033,0.00088985893
4034,0.0013275867
4035,5.984127e-05
4036,0.0013805631
4037,0.0051644966
4038,0.11677883
4039,9.298281e-06
4040,0.17490777
4041,0.0032505554
4042,0.00055631413
4043,0.00030763185
4044,0.56673634
4045,0.0021942602
4046,0.038493693
4047,0.002263486
4048,0.00079671585
4049,0.003669198
4051,0.37238652
4052,0.000994188
4053,0.0014741279
4054,0.00014733183
4055,0.0026410483
4057,0.0004826811
4058,0.04491935
4059,0.48138094
4060,0.0018492516
4061,0.0004929281
4062,0.16494799
4063,0.00044919885
4064,2.3841855e-07
4065,0.0037621926
4066,0.049289536
4067,0.001076
4068,9.524368e-05
4069,0.0019445574
4070,1.0463239
4071,0.24602523
4072,0.0017957052
4073,0.0048781666
4074,0.0053232834
4075,0.0025362964
4076,1.3113013e-06
4077,0.0024456847
4078,0.00012742661
4079,0.0012260309
4080,0.0034408905
4081,0.0031670197
4082,0.7665005
4083,0.002097432
4084,0.003518939
4086,0.002341864
4087,6.3180723e-06
4088,0.0010814779
4089,6.1988635e-06
4090,0.0013893724
4091,0.00015341058
4092,0.0027718241
4093,0.0026974026
4094,0.105561815
4095,0.0019327787
4096,0.13959056
4097,0.0018001081
4099,2.3841855e-07
4100,9.178694e-05
4101,0.0076637305
4102,0.055574924
4103,3.3378044e-05
4104,0.53280336
4105,0.0023793266
4106,0.03413184
4107,0.0018136732
4108,0.0014959107
4109,0.0002515
4110,0.00212277
4111,0.0006893881
4112,5.3523538e-05
4113,0.0003439788
4114,0.0028880814
4115,0.0054781316
4116,0.10667194
4117,0.0030883495
4118,0.048375186
4119,0.001189835
4120,0.0028293598
4121,0.039466973
4122,0.031480365
4123,0.0036670603
4124,0.0029458478
4125,0.00019905971
4126,0.003950412
4127,0.08132773
4128,0.04639239
4129,2.5987287e-05
4130,0.0020349764
4131,0.0046432535
4132,0.0011511373
4133,0.0002982172
4134,0.046446215
4135,0.031172352
4136,0.0028609799
4137,0.0031882906
4138,0.0
4139,0.02175935
4140,0.0030125256
4141,0.0009258274
4142,0.017399175
4143,0.0011517328
4144,0.0027965507
4145,0.024125572
4146,0.014879672
4147,0.15350384
4148,0.022576217
4149,0.00053832337
4151,0.005969553
4152,2.4305496
4153,0.0046442025
4154,0.023118721
4155,0.001758697
4156,0.00020072829
4157,0.002490635
4158,0.00802223
4159,0.0015881557
4160,0.0026681558
4161,2.0146166e-05
4162,9.810443e-05
4163,0.0045699202
4164,0.00085103046
4165,0.00017891712
4166,6.8185385e-05
4167,0.0010888608
4168,0.0039531435
4169,0.16745491
4170,0.0038785725
4171,0.00036018557
4172,0.000822206
4173,0.0027682576
4174,0.0040778117
4175,0.0033688953
4176,0.0013965149
4177,0.002310585
4178,0.0023023782
4179,0.0064262645
4180,0.0027487613
4181,0.0017772608
4182,0.0008225633
4183,0.002531897
4184,0.0017194264
4185,0.0028089136
4186,0.0021427546
4187,0.0017038365
4188,0.0038696658
4189,0.001333063
4190,0.09948248
4191,0.0016645637
4192,0.00010883215
4193,0.64230984
4195,0.0019814398
4196,0.0004966217
4197,0.0059732264
4198,0.0020926737
4199,0.0027703976
4201,0.00030501006
4202,0.01591515
4203,0.0023410313
4205,0.0010083596
4206,0.00061314384
4207,0.0018894692
4208,0.002667086
4209,0.0060560536
4210,0.003732264
4211,0.0022645562
4212,0.01744416
4213,0.005769149
4214,0.00090450846
4215,0.007705608
4216,0.0021526278
4217,1.5497088e-05
4218,0.003116396
4219,0.005605811
4220,0.0021673779
4221,2.1457441e-05
4222,0.00084269285
4223,0.0025127525
4224,0.0036481747
4225,0.0017373958
4226,0.0017447738
4227,0.15169717
4228,0.0011991223
4229,0.004179434
4230,0.00011216964
4231,1.2491524
4232,0.0028030889
4233,0.0013322298
4234,0.3234146
4235,0.00097477593
4237,4.76836e-06
4238,0.0016648017
4239,0.08345068
4240,0.004808648
4241,0.003385291
4242,0.0002998856
4243,0.00022361163
4244,0.0022661025
4245,5.5669185e-05
4246,0.00010489867
4247,0.0049489858
4248,0.0018669808
4249,0.0004620676
4250,2.6106492e-05
4251,1.183105
4252,0.0015412607
4253,0.0062510683
4254,0.00042489087
4255,1.0967195e-05
4256,0.0075737005
4257,0.09458764
4258,0.0012212683
4259,0.26126945
4260,0.0017927304
4261,0.005094642
4262,0.0022269706
4263,0.030333104
4264,0.0038492412
4265,0.0036033955
4266,0.002599315
4267,0.00016640233
4268,9.5367386e-07
4270,0.0003118029
4271,0.001323539
4272,0.0028387508
4273,0.0010873127
4274,0.0014996007
4276,0.001695625
4277,8.320463e-05
4278,0.0032391483
4279,1.3109764
4280,0.17035277
4281,0.0025933702
4282,0.0020982649
4283,0.0035072975
4284,0.00013016807
4285,0.000542136
4286,3.0994368e-06
4287,0.7308093
4288,0.0018028449
4289,0.002134071
4290,0.0010165768
4291,0.0014996007
4292,0.06885041
4293,0.003950768
4294,0.00097013125
4295,0.0019703754
4296,0.0026474688
4297,0.0023111794
4298,0.0012278168
4299,0.043582577
4300,0.7458759
4301,0.0018565101
4302,0.2930025
4304,0.8817673
4305,0.0019478889
4306,9.083335e-05
4307,0.0018734061
4308,0.00027259448
4309,0.00014733183
4310,0.0027538731
4311,0.00010561385
4313,0.0031507395
4314,0.004540135
4315,0.0013179436
4316,0.08964628
4317,0.0022452879
4318,0.0017264474
4319,0.009045101
4321,0.0021189635
4322,0.001552687
4323,2.2291886e-05
4324,0.11378457
4325,0.002782761
4326,0.002497532
4327,0.0018574619
4328,0.0032530506
4329,0.001615768
4330,0.0019255208
4331,0.0026182202
4333,0.8285925
4334,0.013456592
4335,0.00041905203
4336,2.927669
4337,0.005808261
4338,0.012041613
4339,0.00029607204
4340,0.006303547
4341,0.0026637572
4342,0.14859323
4343,0.001239604
4344,0.00024125051
4345,0.1777066
4346,0.0029878044
4347,0.004991451
4348,0.0038353472
4350,0.0073815463
4351,0.0010873127
4352,0.003792951
4353,0.14105465
4354,0.0020475867
4355,0.0015179313
4356,0.0026697016
4357,0.00018940562
4358,0.22292429
4359,0.00014339849
4360,0.00013028727
4361,0.0010141951
4362,0.0021886698
4363,0.0017351347
4364,0.0035222652
4365,4.196079e-05
4366,0.005601424
4367,0.0023937165
4369,0.0031521653
4370,4.3629647e-05
4371,2.2592094
4372,0.0024121494
4373,0.0021742769
4374,0.0015180504
4375,0.0043380205
4376,5.495397e-05
4377,0.0067559625
4379,0.014262407
4380,0.0017727389
4381,0.0007496646
4382,0.0002296899
4383,0.0029294458
4384,0.07714241
4386,0.12546507
4387,0.00017736769
4388,5.364403e-06
4389,0.0023657687
4390,0.0023694555
4392,0.00014983484
4393,0.0029554756
4394,0.1074762
4395,0.010932549
4396,0.0015849421
4397,0.00017593744
4398,0.0018970842
4399,0.0013052048
4400,0.00023958198
4401,0.0030929847
4402,0.0026152479
4403,0.041387938
4404,0.003192925
4405,0.0010556369
4406,0.00090010173
4407,0.002053773
4408,0.0028572946
4409,0.0014216327
4410,0.0012479384
4411,0.26222137
4412,0.0025581752
4413,0.18320185
4414,0.0029894684
4415,0.0034244962
4416,0.004841391
4417,0.002211389
4419,0.002486235
4420,6.031808e-05
4421,0.0012546056
4422,0.0016918168
4423,0.0118862465
4424,0.0017294227
4425,0.0030739696
4426,0.0010322963
4427,0.0013052048
4428,0.0023193858
4429,0.005023714
4430,0.003594487
4431,0.0041509424
4432,0.3363766
4433,0.10640972
4434,0.0026751705
4435,0.0014518683
4436,0.0024590036
4437,0.0017778558
4438,9.7627635e-05
4440,0.0022897713
4441,0.06017248
4442,0.02345111
4443,0.0007718207
4444,0.0022826348
4445,0.0018133164
4446,0.002853372
4448,0.0024945592
4449,0.05211088
4451,0.00016437609
4452,4.887569e-06
4453,0.00041607308
4454,0.60497206
4455,0.0019844142
4458,0.0015459027
4459,0.14648022
4460,7.6293654e-06
4463,0.0021752284
4465,0.0041959346
4466,0.0017833295
4467,0.0013406823
4468,0.0005597693
4469,0.0013931817
4470,0.00037674958
4471,0.0031081957
4472,0.00067151885
4473,0.002830192
4474,0.2880202
4475,0.0002679466
4476,0.0022442173
4477,0.009785776
4478,0.0031576317
4479,0.000109547334
4480,0.00032884435
4481,0.040919572
4482,0.0052735982
4483,0.007084132
4484,0.16009398
4485,0.29803687
4486,0.0039944635
4487,0.0027208233
4488,0.038384486
4489,0.0020013081
4490,0.0039747534
4491,0.011415641
4492,0.0026013365
4493,0.007557847
4494,0.0026872973
4495,0.014274983
4497,0.0028490925
4498,0.0022796614
4499,4.8278594e-05
4500,0.0020267677
4501,0.0038443725
4502,0.0019656164
4504,0.0037303637
4505,0.0010414659
4506,0.0010097887
4507,0.0002085945
4508,0.0023840836
4509,0.0024341496
4510,5.7220295e-06
4511,0.0007952865
4512,0.002857057
4513,0.00023600656
4514,0.0075444775
4515,0.015750058
4516,5.841238e-06
4517,0.0033559452
4518,1.19209275e-07
4519,2.6940936e-05
4520,0.3382704
4521,0.649933
4522,0.002762314
4523,0.0
4524,0.014251832
4525,0.6883406
4526,0.071967006
4527,0.003527492
4528,0.0019688283
4529,0.014438203
4530,0.00043108707
4531,0.0010646873
4532,0.12112526
4533,0.0016082699
4534,0.0043375455
4535,0.0025549647
4536,0.00214668
4537,0.00419819
4538,7.950943e-05
4539,2.2530301e-05
4540,0.001974777
4541,0.0040193973
4542,0.0013260391
4544,0.0029270686
4545,0.0013961578
4546,0.1988201
4547,0.0018805453
4548,4.887569e-06
4549,0.003531412
4550,0.001770478
4551,0.0037726436
4552,0.0014053242
4553,0.002897234
4554,0.0021981858
4556,0.0018692417
4557,3.5762778e-07
4558,0.0021579806
4560,0.0040807794
4561,0.0048697437
4562,0.0030317793
4563,0.0010673071
4565,0.00060385116
4566,0.0029337246
4567,0.05217311
4568,0.34984303
4569,0.0010476583
4570,0.0031627417
4572,0.0024329603
4573,0.25841904
4574,4.6491514e-06
4575,0.0022157899
4576,0.0022626533
4577,0.0006328011
4578,0.0024922998
4579,0.007234804
4580,0.3627272
4581,0.004619047
4582,0.0012810366
4583,0.0027198724
4584,0.0014116333
4585,0.0016032711
4586,0.0010864792
4587,0.15775424
4588,0.0026312987
4589,0.002604309
4590,0.018372478
4591,0.0042151655
4592,0.0031950637
4593,0.0036754927
4594,0.1114546
4595,1.4543428e-05
4596,0.0010668307
4597,4.7683704e-07
4598,0.002389673
4599,3.5762723e-06
4600,1.1382719
4601,0.0032290483
4602,0.0030709985
4603,0.0017946344
4604,1.9073304e-05
4605,0.0016602793
4606,0.002169281
4607,0.1425987
4608,0.07265721
4609,0.025015276
4610,0.004968439
4611,0.007677689
4612,0.003780838
4613,0.003992683
4614,0.009883516
4615,0.0006929619
4616,2.503392e-06
4617,0.0014387743
4618,0.0020775655
4619,0.00093487895
4620,0.021759696
4621,0.43559676
4622,0.0012803223
4623,5.483477e-05
4624,0.003361054
4625,0.00047434046
4626,0.00034493214
4627,0.002328068
4628,0.0017353729
4629,0.0024429497
4630,0.0012466286
4631,0.0048563383
4632,0.008182455
4633,0.0031616723
4634,3.9001393
4635,3.004029e-05
4636,0.00024363412
4637,0.0014515113
4638,0.0031342215
4639,0.0060051023
4640,2.3841855e-07
4641,0.024306392
4642,0.00022087041
4643,0.0027382995
4644,0.8422145
4645,0.005067244
4646,0.98100626
4647,1.9863201
4648,0.0009104635
4649,0.001990363
4650,0.0017149041
4651,0.0016747984
4652,0.0027686143
4653,0.0030752772
4654,0.0016938399
4655,0.13237284
4656,1.6093123e-05
4657,0.0047808858
4658,0.0020115396
4659,0.061484016
4662,0.0007198842
4663,5.960462e-07
4664,0.0004461008
4666,0.0015228115
4667,0.37052378
4668,0.00056096073
4669,0.0025142983
4670,0.0009505997
4671,3.2782013e-05
4672,0.0023662446
4673,0.010572494
4676,0.06676557
4677,0.4029593
4678,0.0012887755
4679,6.18677e-05
4680,0.01840197
4681,0.009886111
4682,0.0004513437
4683,0.09117343
4684,0.0023084441
4685,6.043728e-05
4686,4.76836e-06
4687,0.023765234
4688,0.000550357
4689,0.037119925
4690,0.0027802647
4691,0.0032106303
4692,0.0010097887
4693,0.00116233
4694,0.11777381
4695,4.5299425e-06
4696,0.15517038
4697,0.0008283998
4698,0.0023021405
4699,0.0036030393
4700,0.013564324
4701,0.0016866993
4702,0.0014297273
4703,0.0009882333
4704,0.0016085079
4705,0.17899759
4706,0.00301312
4707,0.0022914363
4708,0.0015389991
4709,0.00377395
4710,0.0041301674
4711,0.0019324216
4712,0.045228735
4713,0.00010168035
4714,0.00078123086
4715,0.0024228524
4716,0.0016990762
4717,0.0015987485
4718,0.030457303
4719,0.00018285033
4720,0.0029792471
4721,0.002744006
4722,0.004340751
4723,0.0012782984
4724,0.03449123
4725,0.5689038
4726,0.16745985
4727,0.0028443376
4728,0.0024748193
4729,0.0031610779
4730,0.002981862
4731,0.0031895977
4732,0.0024925377
4733,0.004121738
4734,0.002516558
4736,0.003545429
4737,0.002164166
4738,0.00026306027
4739,0.015858008
4740,0.002106711
4741,6.782778e-05
4742,0.01175489
4743,0.0015982722
4744,0.00028439294
4745,0.020128978
4747,0.000962152
4748,0.0001711699
4749,0.0015543534
4750,0.037473194
4751,0.001478532
4752,0.003431743
4753,7.486063e-05
4754,0.00074644835
4755,9.142934e-05
4756,0.0021093278
4757,0.00183414
4758,1.916177
4759,0.0019657353
4760,3.338465
4761,0.00015925094
4762,0.0038921093
4763,0.0853556
4764,0.0036345155
4765,0.004876743
4766,0.0037051854
4767,0.004304311
4768,0.0015145986
4769,0.010553856
4770,0.0012832987
4771,3.6477377e-05
4772,0.0019860798
4773,0.005053841
4774,0.0020024977
4775,0.0024366472
4776,0.0034854398
4777,0.0028300732
4778,0.0015118609
4779,0.0014504398
4780,0.16795953
4781,0.0018274764
4782,0.0034073887
4783,0.00020954797
4784,0.0008266131
4785,0.16518873
4786,0.00015698631
4787,0.0014432977
4788,0.047590833
4789,0.0004935238
4790,0.0024270145
4791,0.0018555581
4792,0.27748358
4793,0.0021824844
4794,0.0045018042
4795,0.0011362532
4796,0.0033836276
4797,0.0024653058
4798,0.0023272352
4799,0.0023876515
4800,0.0022952422
4801,0.0024838566
4802,0.0021626197
4803,0.00212848
4804,0.05042683
4805,0.0017018132
4806,0.009516825
4807,0.002712977
4808,0.0029012752
4809,0.002315699
4810,0.061432336
4811,0.001985009
4812,0.0038922282
4813,0.0032557836
4814,0.0021498918
4815,0.0032360589
4816,0.002266935
4817,0.0041899993
4819,0.0050655827
4820,0.0003499372
4821,0.0031939945
4822,0.0033628359
4823,0.009140668
4824,0.00015150353
4825,0.0025933702
4826,0.002411198
4827,0.002379921
4828,0.1742234
4829,0.0017141901
4830,0.002960943
4831,0.0011012448
4832,0.0040388685
4833,0.19784208
4834,0.22437236
4835,0.0018400894
4836,0.03390324
4837,2.2887922e-05
4838,0.005123936
4839,0.008630004
4840,0.0034973193
4841,0.019529676
4842,5.6265202e-05
4843,0.002414885
4844,0.001638857
4845,0.0043881084
4846,0.00025579042
4847,0.003706848
4848,0.0021674968
4849,0.0034891227
4850,0.0021460853
4851,0.0013054429
4852,0.081742406
4853,0.006291109
4854,0.0018377097
4855,0.008492781
4856,0.0059268917
4857,0.076465465
4858,0.0015261443
4859,0.00012277803
4861,0.0027518524
4862,0.004181096
4863,0.0012874657
4864,0.00044955636
4865,7.152555e-07
4866,0.033583067
4867,0.001450797
4868,0.0030171608
4869,0.0027925088
4870,0.0015076947
4871,0.001623028
4872,0.00032777182
4873,0.003938776
4874,1.6913409
4875,0.0026527
4877,0.005101402
4878,0.0024279659
4879,0.115652904
4880,0.003253288
4881,0.0001948882
4882,0.02510863
4883,0.0014367506
4884,0.003125071
4885,0.00049471535
4886,0.004391669
4887,0.0029949355
4888,0.018684808
4889,0.0021921191
4890,0.0031860329
4891,0.24392171
4893,2.3841855e-07
4894,0.045445766
4895,0.0011177966
4896,0.0022186446
4897,0.0062571093
4898,0.0016899128
4899,0.0012446046
4900,0.016205728
4901,0.0023274731
4902,0.003109741
4903,0.00013755806
4904,0.004784208
4905,2.264974e-06
4906,0.0026421181
4907,0.0019217134
4908,0.0019488407
4909,0.0002531685
4910,0.0033909937
4911,0.1444519
4912,0.0024620953
4913,0.0027429364
4914,0.0022737144
4916,4.8993814e-05
4917,0.3961899
4918,0.31692964
4919,0.004060121
4920,0.018796302
4921,2.4795225e-05
4922,0.086144805
4923,5.9604467e-06
4924,0.002711907
4925,0.0018316413
4926,0.0020662642
4927,0.010022553
4928,2.527205e-05
4929,0.003082764
4930,0.09380638
4931,0.07196401
4932,0.001670514
4933,0.9991821
4934,0.0011347054
4935,0.0018302134
4936,0.18575646
4937,0.0025535377
4938,0.003952431
4939,0.040763818
4940,0.0031917368
4941,0.0009678685
4942,0.00013648531
4943,0.39321527
4944,2.9235227
4945,0.0023041624
4947,0.0017478679
4948,0.0011499466
4949,5.9960472e-05
4950,0.007955532
4951,3.933829e-05
4952,3.182837e-05
4953,0.009526625
4954,0.35274932
4955,0.002666967
4956,0.0024095331
4957,0.002006067
4958,0.011638246
4959,0.0064344374
4960,0.002553181
4961,0.0015198359
4962,0.06652946
4963,0.0020366418
4964,0.0039964817
4965,0.0019789413
4967,0.002706438
4968,0.0025892085
4969,0.014426804
4970,0.0025504462
4971,1.8965425
4972,0.0017927304
4973,0.003715518
4974,0.0026691072
4975,0.0020811344
4976,0.18906757
4977,0.00019178934
4978,0.10721536
4979,7.1525315e-06
4980,0.0010444431
4981,0.0
4982,0.003818484
4983,0.075789385
4984,0.21857953
4985,5.960462e-07
4986,0.033057746
4987,0.087818295
4988,0.056045715
4989,0.0027606494
4990,0.012080716
4991,0.0018497275
4992,0.13403481
4993,0.0006107611
4994,0.0010559942
4995,0.0022185256
4997,0.010565299
4998,0.74689096
4999,0.37489003
5000,3.6358168e-05
5001,0.0010692123
5002,0.115065284
5003,6.4372807e-06
5004,0.0019367049
5006,0.012955304
5007,1.3868974
5008,0.011837122
5009,0.22307315
5010,0.0018405655
5011,0.0023078492
5012,0.2763103
5013,0.0041118846
5014,0.00069367664
5015,0.0033536877
5017,0.00012635386
5018,0.0021715409
5019,0.0022356533
5020,0.0024719653
5021,0.0022525433
5023,0.0029473933
5024,9.7389246e-05
5025,0.0012473429
5026,0.0048744893
5027,0.0037773938
5028,0.0013352059
5029,0.00018070496
5031,0.13394828
5032,0.0059113675
5033,0.0005807383
5034,0.0030578068
5035,0.0025000288
5036,4.482169e-05
5037,0.0015823237
5038,0.0041885744
5039,0.001833902
5040,0.51178086
5041,0.0021531035
5042,0.00132592
5043,0.00405086
5044,0.001557686
5045,0.0023372255
5046,0.0026776672
5047,0.00060039613
5048,0.019600166
5049,0.0027436495
5050,0.0034819948
5051,4.6736274
5053,0.0024676842
5054,0.0016764646
5055,1.3589766e-05
5056,0.003974041
5057,0.0025235733
5058,0.0009810878
5059,0.001835092
5060,0.0037422406
5061,4.887569e-06
5062,0.0016356437
5063,0.0
5064,0.0013981815
5065,0.0148081435
5066,0.0034487315
5067,0.00401726
5068,0.0047855126
5069,0.053302493
5070,0.0005357022
5073,0.055762548
5074,0.0033593904
5075,0.00020632998
5076,0.0013306821
5078,0.0040134606
5080,0.0030698099
5081,6.201946
5082,0.0022050843
5083,0.019181708
5084,0.0030870426
5085,0.0028659722
5086,0.0041143773
5087,0.053282835
5088,0.001072904
5090,0.004309653
5091,0.0015400705
5092,0.0029353886
5093,0.0030365332
5094,0.0023680285
5095,0.0007952865
5096,0.002770992
5097,0.0012634159
5098,0.0031697524
5099,0.14256427
5101,0.0043732715
5102,0.060740966
5103,0.005620747
5104,0.0030627984
5105,0.02258729
5106,0.0020603163
5108,0.00072762714
5109,0.0041746856
5110,0.00024756702
5111,0.0013202055
5112,0.0012307934
5113,0.0018805453
5114,0.07322629
5115,0.0014429406
5116,0.0020339058
5117,0.0024643545
5118,0.0025846905
5119,0.0018642442
5120,1.902256
5121,0.024272185
5122,0.0011997176
5123,0.0016318351
5124,1.0016106
5125,0.0013744917
5126,0.0006752119
5127,0.0151001
5128,1.9192512e-05
5129,0.0071681696
5130,1.9907753e-05
5131,0.002264794
5132,0.0051920097
5133,0.0015578052
5134,0.0130148465
5135,0.00020394629
5136,0.000444671
5137,0.0041843015
5138,1.2040065e-05
5139,0.530705
5140,0.0019741824
5141,0.006936043
5143,0.002057104
5144,0.94170266
5145,0.00012468513
5146,0.0019841762
5148,0.0006413787
5149,0.0019770379
5150,0.005622407
5151,0.0003948624
5152,6.747018e-05
5153,0.002442593
5154,0.54957086
5155,0.0026862272
5156,2.503392e-06
5157,0.004356893
5158,0.025238477
5159,0.0013415156
5160,0.033546407
5161,0.0069050267
5162,0.0044597927
5163,0.7657038
5164,0.0028507567
5165,0.7364155
5166,0.00184473
5167,0.0027272431
5168,1.9736881
5169,0.0016909837
5170,0.00070427894
5171,0.0008729461
5172,0.2500024
5173,0.003692002
5175,0.0017996321
5176,0.0030083656
5177,0.0013296107
5178,0.23454414
5179,0.041808978
5180,0.0024970563
5181,9.691245e-05
5183,0.003128755
5184,0.0016583751
5185,0.0015648274
5186,0.001512337
5187,0.0027352083
5188,0.00233675
5189,0.00023588736
5190,0.0021093278
5191,0.0025439067
5192,0.0016193384
5193,0.0018108174
5194,0.0017084776
5195,0.0022556358
5196,0.0022829915
5197,0.0011847151
5198,0.0020716176
5199,0.007703123
5200,0.03901559
5201,0.14518386
5202,0.03114959
5203,0.00420555
5204,0.0077237063
5205,1.1603928
5206,0.0020135622
5207,0.0017783318
5208,0.0022009213
5209,0.4752922
5210,0.001700147
5211,0.0021577429
5212,1.6689286e-06
5213,0.004586415
5214,0.019148964
5216,0.0028918851
5217,0.0009847798
5218,0.0018146252
5220,0.25120518
5221,0.0017990371
5223,2.0265556e-06
5224,0.0021874805
5225,0.4394532
5226,0.0026270186
5227,0.0
5228,0.02763917
5229,0.0018756669
5230,0.075700425
5231,0.0037800067
5232,0.002758153
5233,0.0016570659
5234,0.0019652594
5235,0.10288235
5236,0.0016665867
5237,0.0023777806
5238,0.0024925377
5239,0.0014005625
5241,0.004240094
5242,0.001493292
5243,0.35740975
5244,0.004965118
5245,0.0035744132
5246,0.003723119
5247,1.682808
5248,0.0038794032
5249,0.0019012487
5250,0.0014273466
5251,0.00168063
5252,0.0039177584
5253,0.0017390618
5254,6.2106104e-05
5255,0.060765862
5256,0.0018947045
5257,6.94966e-05
5258,0.0012471048
5259,0.7535423
5260,0.004762378
5261,0.0013771107
5262,0.0035843907
5263,0.0012290074
5264,0.001399491
5265,0.0022828728
5266,0.98907846
5267,0.028395288
5268,0.0020393783
5269,0.004026996
5270,0.0017722629
5271,0.0017506051
5272,0.002338058
5274,0.0021626197
5275,0.003591993
5277,0.0015824428
5278,0.0690636
5279,0.004487089
5280,0.0032181162
5281,0.0005374894
5282,3.9338984e-06
5283,0.0016983622
5284,0.002540458
5286,0.0010886226
5287,0.0022582526
5288,0.0024345065
5289,0.045620378
5290,0.0010078833
5291,0.022166468
5292,0.0016876515
5293,0.009105349
5294,0.001186382
5295,0.00105004
5296,0.0011413734
5297,3.5762778e-07
5298,0.0034791436
5300,0.33887774
5301,0.00027080684
5302,1.4305105e-06
5303,0.0031628606
5304,0.55330455
5305,0.005407706
5306,0.00027092602
5307,0.014358181
5308,0.0015506636
5309,0.00038699768
5310,0.004729513
5312,9.548208e-05
5313,0.0015922025
5314,0.0021619059
5315,0.19049239
5316,0.000622913
5317,0.002368623
5318,0.13324194
5319,0.00026592053
5320,5.9604467e-06
5322,0.0008724697
5323,0.00038675935
5324,0.0017172843
5325,0.18711354
5326,8.308542e-05
5327,0.002782761
5328,3.1920419
5329,0.0017727389
5330,0.5545188
5331,0.06961839
5332,0.005573211
5334,0.0027533977
5335,0.0030695724
5336,0.0021705893
5338,0.004788123
5339,0.0015149557
5340,7.98699e-06
5341,0.0016217188
5342,0.14001895
5343,7.27174e-06
5344,0.00090998714
5345,0.046502095
5346,9.44093e-05
5347,0.0018574619
5348,0.00015198029
5349,0.005485245
5350,1.46626335e-05
5352,0.001765004
5353,0.00038163527
5354,0.5542926
5355,0.0015881557
5356,0.14295287
5357,0.0021698757
5358,0.001402348
5359,0.0027596985
5360,0.0032569715
5361,0.0037044727
5362,0.0051639033
5363,6.139089e-05
5364,0.47584376
5365,0.4742267
5366,0.002513704
5367,0.0031627417
5368,0.00048327685
5369,0.0020157036
5370,0.022427727
5371,0.0025826693
5372,0.004161152
5373,0.00030941947
5374,0.0029192236
5375,0.006187213
5377,0.028282188
5378,2.4914429e-05
5379,0.018248877
5381,0.004164714
5382,0.0027507823
5383,0.00031168372
5384,0.0035261854
5385,0.0021529847
5386,0.28236976
5387,0.9416965
5388,0.012432104
5389,0.0011686409
5390,0.00019202771
5391,0.002226257
5392,0.009297526
5393,0.00069403404
5394,0.15964605
5395,0.00024017786
5396,0.0032541202
5397,0.00026711234
5398,0.0030750392
5399,0.0016903887
5400,2.3776674
5401,0.00010632903
5402,0.10685847
5403,0.0030966685
5404,0.0037889138
5405,0.009325989
5406,0.0034052501
5407,0.07092982
5408,0.089604534
5409,0.0024194035
5410,0.0030417624
5411,2.3841855e-07
5412,0.0025417663
5413,0.014250655
5414,0.0009317824
5415,0.00017021637
5416,0.0030734942
5417,0.0023379393
5418,0.0018120073
5419,0.0024416416
5420,0.0016793208
5421,0.0022033004
5422,0.0012459141
5423,8.237023e-05
5424,0.0013641347
5425,0.0031620285
5426,0.0023166505
5427,0.0034646501
5428,0.0024258252
5429,0.00021991694
5430,0.00041583474
5431,0.0016512345
5432,0.0025452143
5434,0.0027172565
5436,0.002356255
5437,0.0025613855
5438,0.0022881061
5439,0.0023732614
5440,0.001760006
5441,0.0026186958
5442,0.003955043
5443,0.0030998774
5444,0.0023683852
5445,0.14977454
5446,0.0024161928
5447,0.0019605004
5448,0.0017214495
5449,0.0005905077
5450,0.0025773186
5451,0.0019156456
5453,0.0036940214
5454,0.0057680826
5455,2.7179349e-05
5456,0.0018986311
5457,0.002598126
5458,0.004683715
5459,0.030743456
5460,0.0027575588
5461,0.073790275
5463,0.0021157516
5464,0.00149722
5465,0.0016649206
5466,0.03839504
5467,0.000826494
5468,0.0019323027
5469,0.004627235
5470,0.0019388464
5472,0.0014880548
5473,0.82413834
5474,0.0012236496
5475,0.005712612
5477,2.860982e-05
5478,0.0017227585
5479,0.024856329
5480,0.0036953276
5482,0.002089581
5483,0.0067623574
5484,0.0014956727
5485,0.0009127265
5486,0.0031541854
5487,0.00135223
5488,0.002197353
5489,0.001769764
5490,0.001337944
5491,0.0020411625
5492,0.0017791647
5493,0.0025601964
5494,0.0015051952
5495,8.3446463e-07
5496,0.0014590104
5497,0.13829643
5498,0.0045776335
5499,0.0012485336
5500,0.001444488
5501,0.0038981652
5502,0.0013712775
5503,0.0017265666
5504,2.384183e-06
5506,0.0021509624
5507,0.0034652443
5508,0.008639813
5509,0.030283028
5510,0.01407083
5511,0.0022814455
5512,0.0024712519
5513,0.0016595653
5514,0.0074908803
5515,0.0010047869
5516,0.025503349
5517,1.4066598e-05
5519,8.713819e-05
5520,0.052329697
5521,0.53914
5522,0.00044061968
5523,0.00265591
5524,0.0023843213
5525,0.0024770787
5526,2.4199191e-05
5528,0.0027377054
5529,0.0012780603
5530,1.2159274e-05
5531,0.00255223
5532,0.0025879007
5533,0.0028130745
5534,0.0029469181
5535,0.003215502
5536,0.0022440986
5537,0.007862334
5538,0.0005774023
5539,0.00016401854
5540,0.0052795275
5541,0.002176537
5542,0.002785495
5543,0.003586291
5544,0.0007745604
5545,0.0033077071
5546,0.0006073061
5547,0.095021665
5548,0.00010501786
5549,0.5626129
5550,6.7949063e-06
5551,0.011122254
5552,0.0019348012
5553,0.0022739524
5554,0.003016329
5555,0.0048530167
5556,0.0075178565
5557,0.0011058889
5558,0.0013504443
5559,0.0031289924
5560,0.0027858517
5561,0.0030367707
5562,0.0016269555
5563,0.004723937
5565,0.00017176583
5566,0.0063203685
5567,0.0044373623
5568,0.005944193
5569,0.0033304007
5570,0.0030223902
5571,0.0013390156
5572,0.0019789413
5573,0.00072512554
5574,5.960462e-07
5575,0.008491482
5576,0.0011887634
5577,0.0022645562
5578,0.0014657956
5579,0.0003718638
5580,0.24400602
5581,0.0032316626
5582,0.009732179
5583,0.8937811
5584,0.0020336679
5585,0.08139608
5586,0.037781566
5587,0.00011550712
5588,0.0013331822
5589,0.0029816243
5590,7.0688606e-05
5591,0.09348746
5592,0.0031912613
5593,0.001746797
5594,0.043470044
5595,0.0016999091
5596,0.0022715735
5597,7.98699e-06
5598,0.00813575
5599,9.107175e-05
5600,0.0019490786
5601,0.0009513143
5602,0.0042695324
5603,0.0008344744
5604,0.005012209
5605,0.001431989
5606,0.0018853046
5607,0.002823654
5608,0.0024617387
5609,0.00072798453
5610,0.9896093
5612,0.005519626
5613,0.019745221
5614,0.0004116641
5615,0.0015800623
5616,0.0014174662
5617,0.006546599
5618,0.0020241502
5619,0.0017872566
5620,0.0034081014
5621,0.0037573236
5623,0.002100287
5624,0.0035915177
5625,0.078732856
5626,0.0019118381
5627,0.003069691
5628,0.015193916
5629,0.0026097782
5630,0.0037051854
5631,0.001624099
5632,0.0027003752
5633,0.00041428566
5634,0.9400218
5635,0.0020049964
5636,0.66570425
5637,0.02718659
5638,0.0020898185
5639,0.0034437417
5640,0.000752047
5641,0.0015017432
5642,0.0012871086
5643,0.004853491
5644,0.0020300986
5645,0.15240553
5646,0.0008766384
5647,0.0014473449
5648,0.0012284121
5649,0.0021699946
5651,0.006483591
5652,0.0045790575
5653,0.0036607652
5654,0.0015070997
5655,0.02613648
5656,0.59086204
5657,0.0003297977
5658,0.034912426
5659,0.0033304007
5660,0.0011619729
5661,0.0016044612
5662,0.190412
5663,1.4424219e-05
5664,0.0005480933
5665,5.0662664e-05
5666,0.004117583
5667,0.8285133
5668,0.008620312
5669,0.002272525
5670,0.02142546
5671,0.011426128
5672,0.002803802
5673,0.0045047705
5674,0.0011520899
5675,0.008184465
5676,0.0024580522
5677,0.01811004
5678,0.00034767305
5680,0.0021301454
5681,0.0007289375
5682,2.4437604e-05
5683,0.0018040348
5684,0.004615013
5685,0.002131097
5686,0.070587955
5687,0.0003274143
5688,0.00011824862
5689,0.02400943
5690,0.0038416414
5691,0.0019001778
5692,0.00038759346
5693,0.002607876
5694,0.00021014389
5695,0.03708719
5696,0.0017967762
5697,0.0024507984
5698,0.0046361336
5699,0.002208653
5700,0.0019509823
5702,0.0
5703,0.0019368241
5704,0.003058282
5705,0.0031206738
5706,0.16211753
5707,0.0033807762
5708,0.0073180003
5709,0.0027114314
5710,0.027250051
5711,0.0029730666
5712,8.5830325e-06
5713,0.0019566931
5715,0.006420461
5716,0.004601248
5717,0.0040703313
5718,0.0020786363
5719,0.002614772
5720,0.0016256463
5721,0.0011524472
5722,0.0027616005
5723,0.0015808954
5724,0.14809446
5725,0.001681463
5726,0.0024618574
5727,0.00033694788
5728,0.111098796
5729,0.0020755434
5730,2.1576647e-05
5731,0.0023374634
5732,0.004416355
5733,0.0015000768
5734,0.0015397134
5735,0.0025065693
5736,0.0020847032
5737,0.038354885
5738,0.0017156181
5739,0.008928376
5740,0.0011676882
5741,0.0042501837
5742,0.00010537546
5744,0.0024195225
5745,0.0020930306
5746,0.004357486
5747,0.013467649
5750,0.08275417
5751,0.0023561358
5752,0.0016332633
5753,0.1034806
5754,0.0006989182
5755,0.19467747
5756,0.049810484
5757,0.0029387164
5758,0.0010752856
5759,0.0026540076
5760,0.000965963
5761,0.08309322
5762,0.0012406755
5763,0.003287746
5764,0.0026484197
5766,0.001985128
5767,0.00036411808
5768,0.0034585916
5769,0.00029154343
5771,0.0015107895
5772,4.0252314
5773,0.0032689727
5776,1.7881376e-06
5777,0.0014062765
5778,0.0024468738
5779,0.0007755133
5780,0.069838844
5781,0.11365541
5782,0.0035369948
5784,0.0004483648
5785,1.7554541
5786,0.002853372
5787,0.001512218
5788,0.0026051411
5789,0.48873276
5790,0.0003197874
5791,0.0021314542
5792,0.12308389
5793,0.14140503
5794,0.0011893586
5795,0.0042780787
5796,0.006871166
5797,0.0015914883
5798,1.1682442e-05
5799,0.010050287
5800,0.015327755
5801,0.005173628
5802,6.9141147e-06
5803,0.0039158585
5804,0.0033102026
5805,0.0017475111
5806,0.000842812
5807,0.0037678934
5808,0.002421544
5809,0.0005080601
5810,0.77912784
5811,0.0012269834
5812,0.0026500844
5813,0.0020596024
5814,0.003166782
5815,1.1714716
5816,0.0034865092
5817,0.0035407962
5818,0.0016770597
5819,0.0022983344
5820,0.0022920307
5821,0.32356
5822,0.001500434
5823,0.15823326
5824,0.00017629498
5826,0.0016490922
5827,0.01675439
5829,0.5371816
5830,0.00039212164
5831,0.0012769887
5832,1.052603
5833,0.0015131702
5834,1.5139464e-05
5835,0.0026568612
5836,0.00024887803
5837,0.026712222
5838,0.3836766
5839,0.004683952
5840,0.0039685788
5841,0.0025113255
5842,0.017703377
5843,0.0019828673
5844,0.0026095402
5845,0.003307232
5846,0.0032371283
5847,0.014565331
5848,0.028015735
5849,0.0023391286
5850,0.0013340154
5851,0.0057062106
5852,0.0014277037
5853,0.0018142683
5854,1.1484985
5855,0.0029187482
5856,0.00064542925
5857,0.14596845
5858,0.02777692
5859,0.0017879705
5860,0.0044671507
5861,0.0010004997
5862,0.0028752438
5863,0.0011834053
5864,0.0062408806
5865,0.003143253
5866,0.0020065426
5867,0.0041750413
5868,0.002247429
5869,0.14485039
5870,0.100105956
5871,0.0030549543
5872,0.0036954463
5873,0.002924691
5874,2.0446258
5875,0.0010681406
5876,0.17490618
5877,0.005491291
5878,0.0028091513
5879,0.04340555
5880,0.0017829726
5881,0.12766992
5882,0.00064757356
5883,0.0034847269
5884,0.0027144037
5885,0.0014275847
5886,0.0013821106
5887,0.052570414
5888,0.001547688
5889,0.0022865597
5890,0.00015722468
5891,0.00026651646
5892,0.0017128811
5893,0.0030183494
5894,0.0027673065
5895,0.0007472822
5896,0.0014104429
5897,0.031206323
5898,0.006619905
5899,0.0032092042
5900,0.0021477507
5901,0.0020259346
5902,2.1457441e-05
5903,0.0010668307
5904,1.0269136
5905,0.0049678464
5906,0.001971446
5907,0.0016831291
5909,0.4437074
5910,0.001175904
5911,0.28035948
5912,0.0076731937
5913,0.009640802
5915,0.0020224848
5916,0.0027228447
5917,0.0045150956
5918,0.0016076746
5919,0.0038273907
5920,0.002112778
5921,0.0030384348
5922,0.00079516735
5923,0.008294184
5924,0.0029244532
5925,0.0009844224
5926,0.0018781655
5927,0.010255498
5928,0.001873882
5929,0.004013698
5931,0.0032405742
5932,0.009698298
5933,0.0013929437
5935,4.6371337e-05
5936,0.002579102
5937,0.019382134
5938,3.802704e-05
5939,0.00036745472
5940,0.0072075827
5941,0.0005905077
5942,0.0026650648
5943,0.073370084
5944,0.4430966
5945,0.0039830646
5946,0.0017771418
5947,7.98699e-06
5948,0.0029177973
5949,0.010162988
5950,0.014390262
5951,0.00042191186
5952,0.0034663132
5953,0.0019173112
5954,0.0010225313
5955,0.027695753
5956,0.0036536388
5957,1.9073304e-05
5958,0.009211422
5959,0.0037430718
5960,0.011039608
5961,6.9138994e-05
5962,0.00052295363
5963,0.0016556378
5964,0.0033656873
5965,0.0024403334
5966,0.019920524
5967,4.553691e-05
5968,0.003763974
5969,4.2107587
5970,0.09277085
5971,0.0017027652
5972,0.00021181247
5973,0.0037467538
5974,0.0017953484
5975,0.0
5976,0.00500094
5977,1.8612186
5980,0.0031715352
5981,0.002032954
5982,0.0022357726
5983,0.0033153114
5984,0.0032563775
5985,0.0040679565
5986,9.071415e-05
5987,0.0040296083
5988,0.0024447334
5989,0.88581216
5990,0.0030574498
5991,0.001107437
5992,3.504692e-05
5993,0.005861238
5994,0.15326732
5995,0.014138295
5996,1.19209275e-07
5997,0.0008551993
5998,0.0014944825
5999,0.0015887507
6000,0.0018552011
6001,0.0013394918
6002,0.00029928974
6003,0.0014804367
6004,0.0018183142
6005,0.0029139936
6006,0.001989887
6007,0.0021038558
6008,0.015455005
6009,0.002188432
6010,0.0032440198
6011,3.5762778e-07
6012,0.19899754
6013,0.002491943
6014,0.0056320084
6015,0.012569139
6016,0.0007974306
6017,0.024275562
6018,0.006915089
6019,4.9947444e-05
6020,0.0018340211
6021,0.002990657
6023,0.0024788622
6024,0.6447478
6025,0.0014542489
6026,0.0037884386
6027,0.117206514
6028,0.0032377222
6029,0.001700147
6030,0.21598834
6031,0.0023631523
6032,0.0043141632
6033,2.3841855e-07
6034,0.0012682974
6035,0.13819064
6036,0.00020954797
6037,0.0034789061
6038,0.0024343876
6039,0.00097656227
6040,0.09824547
6041,0.20823288
6042,0.010281693
6043,1.5912777
6044,5.6145996e-05
6045,0.0025554402
6046,0.0012088856
6047,1.4305105e-06
6048,0.0014340128
6049,0.0017999889
6050,0.0047587003
6051,0.002586474
6052,0.0028291221
6053,0.020248143
6054,0.001913623
6055,0.0015462597
6056,0.0034929235
6057,0.005494374
6058,0.00043001462
6059,7.128461e-05
6060,0.0012627016
6061,0.4702323
6062,0.0038509036
6063,0.03449699
6064,2.503392e-06
6065,0.60814214
6066,0.0026527
6067,0.00022063205
6068,0.019345418
6069,0.0016703951
6070,0.0036835694
6071,0.0018471098
6072,3.409328e-05
6073,0.0039360444
6074,0.002986735
6075,0.0023473345
6076,0.27403167
6077,0.0030177555
6078,0.004168156
6079,0.001288061
6080,0.0019941698
6081,0.024824467
6082,0.16778699
6083,0.2446599
6084,0.0026173883
6085,6.7708585e-05
6086,0.0027180891
6087,0.002242909
6088,0.0052502374
6089,0.0017343018
6090,0.004930955
6091,0.0005564333
6092,0.0030008783
6093,0.0030455657
6094,0.00024101215
6095,0.0024037058
6096,0.00084709993
6097,0.09573883
6099,0.0046101473
6100,0.0029951734
6101,4.935143e-05
6102,0.009962125
6103,0.005768912
6104,8.821449e-06
6105,3.850386e-05
6106,0.0075880163
6107,5.6980418e-05
6108,1.3937893
6109,0.00020072829
6110,0.07295492
6111,0.0015393564
6112,0.0017502479
6113,6.365574e-05
6114,0.0061436137
6115,0.045827188
6117,0.20850822
6118,0.21720996
6119,0.0022644373
6120,0.0024591226
6121,0.004011798
6122,0.0021988992
6123,0.004277129
6124,0.002569709
6125,0.0021664263
6126,0.0007150001
6127,0.020030132
6128,0.0017943963
6129,0.0026618547
6130,0.0021238409
6131,0.000839477
6132,0.0023013079
6133,0.21867591
6134,0.00384461
6135,0.002048895
6136,0.001947175
6137,6.258291e-05
6138,0.0007513323
6139,0.0032845384
6140,0.0022312526
6141,0.0030128823
6142,0.0035188207
6143,0.002826388
6144,0.00043430433
6145,0.03141463
6146,0.004048011
6147,0.016344007
6148,0.0019094584
6149,0.00020144341
6150,0.4411936
6151,0.002001665
6152,0.006852696
6154,0.0039892388
6155,0.7092043
6156,1.19209275e-07
6157,1.1168668
6158,0.0016663488
6159,0.0002279022
6160,0.0011644734
6161,1.942693
6162,0.0038975717
6164,0.0016208857
6165,1.55125
6166,0.0033694892
6167,0.0026330824
6168,0.0030020669
6170,0.0020724505
6173,9.2621325e-05
6174,0.0023964518
6175,0.002898898
6176,0.00071678695
6177,2.145765e-06
6178,0.04139091
6179,0.0015553057
6180,0.0013555633
6181,0.0025282106
6182,2.0265556e-06
6183,0.0038030453
6184,0.0032919047
6185,0.0039026774
6186,0.008280353
6187,0.0046445583
6188,9.512449e-05
6189,0.001538523
6190,0.0010030007
6191,0.0022285169
6192,0.00020561488
6193,0.014684454
6194,0.001437941
6195,0.0018392565
6196,7.033323e-06
6197,0.0031255465
6198,0.005057043
6199,0.006114112
6200,0.0010245556
6201,0.14150687
6202,0.08375188
6203,0.0031083147
6204,0.0016224328
6205,0.0017031225
6206,0.0015484021
6207,0.110177785
6208,0.006669168
6209,0.0031455108
6210,0.0040576276
6211,0.0025932512
6212,0.0023984734
6213,1.406142
6214,0.0005597693
6216,0.00054499554
6217,0.009691922
6218,0.0056036767
6219,0.00011014332
6220,0.0011300613
6222,0.0026342715
6223,0.0025760105
6224,0.005049571
6225,7.831743e-05
6226,0.3219623
6227,0.0017233535
6229,0.00016294581
6230,0.33619756
6231,0.0037707435
6232,0.0002998856
6233,0.0034711845
6234,0.004749446
6235,0.03310492
6236,0.05689712
6237,0.00045193947
6238,0.0022437416
6239,0.019524649
6240,0.0017389428
6241,0.005628452
6242,0.003934026
6243,0.0009528625
6244,0.0038998276
6245,0.17957951
6246,0.17049772
6247,0.011314984
6248,0.0020471108
6249,0.00014137223
6250,0.0012982999
6251,0.0029712836
6253,0.0017675029
6254,0.0009684639
6255,0.006464877
6256,0.0017319217
6257,0.0044362936
6258,0.63906837
6259,0.0017494151
6260,8.022463e-05
6261,0.0030544791
6262,0.0019875076
6263,0.00097191765
6264,0.001804154
6265,0.00042941887
6266,0.0010453957
6267,0.08950218
6268,0.0013799678
6269,0.0022872733
6270,0.0014938872
6271,0.00047731923
6272,0.0067637786
6273,0.007528622
6274,4.23184e-05
6275,0.0029491761
6276,0.0046331678
6277,0.014560161
6278,0.0044214586
6279,0.10349502
6280,0.00015722468
6281,0.0028149765
6282,2.264974e-06
6284,5.1735493e-05
6285,0.0018066526
6286,5.7220295e-06
6287,0.004272619
6288,0.1660641
6289,0.009031988
6290,0.0016255273
6292,0.0052478653
6294,0.0037212188
6296,0.3422089
6297,0.0026455664
6299,0.003932245
6300,0.003765993
6301,0.41268155
6302,0.051229227
6303,0.0017487011
6304,0.0032926174
6305,0.0021162275
6306,0.0005144941
6308,0.003956943
6309,0.0021472748
6310,0.0013374679
6311,0.001657423
6312,0.002752922
6313,0.0022411249
6314,0.00030012397
6315,0.012945892
6316,0.0035823716
6317,0.002940856
6318,2.8610189e-06
6319,0.002238508
6321,0.0010951719
6322,0.0033217275
6323,0.0051958053
6324,0.0022828728
6325,0.0019562172
6326,0.0011064843
6328,0.0018109365
6329,0.0021590511
6330,0.0016439745
6331,0.00063506456
6332,0.0014586534
6333,7.152555e-07
6334,0.054824304
6335,0.63229334
6336,0.002784663
6337,0.00543379
6338,0.0032005298
6339,0.003044258
6340,2.0980615e-05
6341,6.675698e-06
6342,0.003382202
6343,0.00043454263
6344,0.36336234
6345,0.0010462293
6346,0.0012157913
6347,0.0028872492
6348,0.0033583215
6349,0.00065138587
6350,0.003109028
6351,0.027443293
6352,0.0
6353,0.0021118263
6354,0.0052593686
6355,0.044112664
6356,0.0032681406
6357,7.915183e-05
6358,0.0016445696
6359,0.0051293923
6360,0.010998106
6361,0.0021491782
6362,0.00146401
6364,0.07734656
6365,0.0020728072
6366,1.9311718e-05
6367,0.0004965026
6368,0.0001840422
6369,0.0015260254
6370,0.049636263
6371,0.0035501802
6372,0.0016085079
6373,0.06439238
6374,0.0024815972
6375,0.0022895334
6376,0.0017454879
6377,0.0022771638
6378,0.0027698034
6379,0.00020013236
6380,0.0018051058
6381,0.0021107553
6382,0.0012823463
6383,0.0004346618
6384,0.23675977
6385,0.014717699
6386,0.0024354581
6387,0.0004593271
6388,0.059448563
6389,0.00018571083
6390,0.0024560308
6391,7.0569404e-05
6393,0.0027402018
6394,2.264974e-06
6395,0.0063274764
6396,8.427741e-05
6398,0.00231558
6399,0.0035485171
6400,3.3735658e-05
6401,2.4556814e-05
6402,4.470248e-05
6403,0.011719309
6404,0.0039045773
6405,0.0067949183
6406,0.0038633724
6407,0.0032273848
6408,0.050603632
6409,0.0023303274
6411,0.002355541
6412,0.04824717
6413,0.005658205
6414,0.17882253
6415,0.0020585319
6416,0.010553268
6417,6.9141147e-06
6418,0.85020673
6419,0.0023309223
6420,0.0024575763
6421,0.03486039
6422,1.7285196e-05
6423,3.81469e-06
6425,0.003273725
6426,0.0025724433
6427,0.049678233
6428,0.0018843528
6429,0.025173264
6430,0.001746559
6431,0.06127919
6432,0.0021359744
6433,0.0035930616
6434,0.0019183819
6435,0.0040249773
6436,0.0034026369
6438,0.001474485
6439,6.854299e-05
6440,1.1435673
6441,0.0040715183
6442,0.0017225205
6443,0.0032614868
6444,0.0028765514
6445,6.9141147e-06
6446,0.0005566716
6447,0.001239604
6448,0.018044831
6449,0.0030108618
6450,0.00018642595
6451,0.0012087667
6452,0.0024109602
6453,0.00049566856
6454,0.0021148
6455,0.20571394
6456,0.0026430695
6457,0.0034193879
6458,0.0026737438
6459,4.291525e-06
6460,2.1934267e-05
6461,0.0027637403
6462,0.0016515913
6463,0.0016658728
6464,0.54489493
6465,0.0022640803
6466,0.0039838958
6467,0.0032815677
6468,0.021444712
6469,2.2777991
6471,0.0032234634
6472,0.054705355
6473,0.0012465096
6474,0.015346539
6475,1.7523611e-05
6476,0.001296752
6477,0.0019327787
6478,0.0031538291
6480,0.00016938205
6481,0.0011444691
6482,4.400309
6483,0.0063076937
6484,0.000664252
6485,0.0006906985
6487,0.02053174
6488,0.0012763933
6489,0.0033349157
6490,0.00024220394
6491,0.0025269028
6492,0.0022444553
6493,0.0039435253
6494,0.008739792
6495,0.0008447178
6496,0.0023569684
6497,1.1444026e-05
6498,0.0038276282
6499,0.0013780631
6500,0.0018184329
6501,0.0028933114
6502,0.3801521
6503,0.0033965774
6504,0.002029266
6506,0.0042285793
6507,0.06487714
6508,0.28667438
6509,0.003547686
6510,7.033323e-06
6511,0.002886655
6512,0.07367899
6513,0.0024660195
6514,0.022140002
6515,0.0025077583
6516,0.002017369
6517,0.0017728579
6518,0.0035873605
6519,1.0728829e-06
6520,2.9325056e-05
6521,0.111604095
6522,0.0
6523,0.0
6524,0.11763721
6525,0.0020239123
6526,0.036613017
6527,1.3470559e-05
6528,2.145765e-06
6529,0.0022565871
6530,0.00014137223
6531,0.002280256
6532,9.238293e-05
6533,0.00595948
6534,1.8243386
6535,0.001174237
6536,0.0015136464
6537,0.0156234335
6538,0.0026098972
6539,0.029414326
6540,1.633154e-05
6541,0.0016330254
6542,0.047971554
6543,0.0040963325
6544,0.0042491155
6545,0.0042330907
6546,0.053241353
6547,0.16848928
6548,0.09550016
6549,0.00056822837
6550,0.8214512
6551,0.0015268585
6552,0.0065730084
6553,0.0008636558
6554,0.17251289
6555,0.0006391151
6556,0.0048889616
6557,0.0016653966
6558,0.0033396683
6559,6.031808e-05
6560,0.027878249
6561,0.0027882291
6562,0.0024054896
6563,0.0025466413
6564,8.821099e-05
6565,9.333651e-05
6566,0.0012898468
6567,0.002831856
6568,0.0016091029
6570,0.02904801
6571,0.0010786199
6572,0.019915385
6573,0.00021944022
6574,0.0016869374
6575,0.0012331747
6576,0.0024198792
6577,0.0027525655
6578,0.7825438
6579,0.0016668248
6580,0.0026181014
6581,0.15931553
6582,1.4961094
6583,0.0020303365
6584,0.012152794
6585,0.024907723
6586,6.9141147e-06
6587,0.57603633
6588,5.6622805e-05
6589,0.0019743012
6590,0.0031743872
6591,0.0050276285
6592,0.0012136481
6594,0.052962583
6595,0.062208265
6596,0.0035662167
6597,0.003258754
6598,0.0046564233
6599,0.0018518694
6600,0.0014618674
6601,0.0019659733
6602,0.07971521
6603,0.0021862907
6604,0.0020764952
6605,0.00092011073
6606,0.0033784
6607,0.0033387176
6608,0.0018730492
6609,0.0050467243
6610,0.0002467328
6611,0.0021221754
6612,0.0030576878
6613,0.0015587574
6614,4.7324967e-05
6615,0.0018214079
6616,0.0016292168
6617,0.0007596707
6618,0.0047520557
6619,0.0026360548
6620,0.08409936
6621,0.15414666
6622,3.5762778e-07
6623,1.19209275e-07
6624,0.00401073
6625,0.0002797451
6626,0.00019321957
6627,1.1770852
6628,0.009910544
6629,0.0026903884
6630,0.69006085
6631,0.002139662
6632,0.0011636398
6633,0.4204585
6634,0.008659549
6635,0.00044872222
6636,0.00019286205
6637,0.0064792084
6638,3.6954196e-05
6639,0.0045937714
6640,0.0029487007
6641,0.003543766
6642,0.00026520548
6643,0.0043225903
6644,0.0022552789
6645,0.0026272566
6646,0.002188432
6647,0.0022317285
6648,0.0040030126
6649,0.00012647305
6650,0.0013550872
6651,0.0016732514
6652,0.00033551783
6653,0.0014851979
6654,0.0039140778
6655,0.03350168
6656,3.886147e-05
6657,0.0021237216
6658,0.00014244496
6659,0.08974054
6660,0.020198025
6661,0.0016964581
6662,0.004902723
6663,7.6293654e-06
6664,0.0024040628
6665,0.0015356665
6666,0.0049944157
6667,3.2186456e-06
6668,0.00046302084
6669,2.3841855e-07
6670,0.0016192195
6671,0.1557037
6672,0.18391335
6673,1.4901049e-05
6674,2.9563465e-05
6675,0.0038790472
6676,6.16293e-05
6677,1.4717419
6678,0.0025944402
6679,0.002592419
6680,1.0612053
6681,0.0024110791
6682,0.005061313
6683,0.046537027
6684,0.0022619397
6685,0.0010933856
6686,0.0028445753
6687,0.0039900704
6688,0.50477684
6689,0.0017060975
6690,0.8619103
6691,0.0030270251
6692,0.0014588916
6693,0.0014130617
6694,0.0013085384
6695,0.023374023
6696,3.81469e-06
6697,0.0015735162
6698,0.00504708
6699,0.0017370388
6700,0.0013047286
6701,0.047302075
6702,0.001431989
6704,0.0027859705
6705,0.23541874
6706,0.0015757775
6707,0.0018695985
6708,0.0024544846
6709,0.003066126
6710,0.0023712395
6711,0.000550357
6712,0.0026719603
6713,0.95979685
6714,0.0023055896
6715,0.4510697
6716,0.0016761076
6717,0.0031134249
6718,0.0019639507
6719,0.0033497673
6720,0.00077372644
6721,0.0012492479
6722,0.0018649581
6723,0.0042300043
6724,0.0028030889
6725,0.0013656825
6726,0.14080068
6727,0.0014196088
6728,0.29143077
6729,0.00617655
6730,0.0018662668
6732,0.002091484
6733,1.668916e-05
6734,7.188061e-05
6735,0.3267405
6736,3.194758e-05
6737,2.7536966e-05
6738,0.0014000862
6739,0.00022408836
6740,0.0014661526
6741,0.0039722594
6742,1.19209275e-07
6743,0.0013846105
6744,0.002625473
6745,0.25046226
6746,3.8980677e-05
6747,0.20737794
6748,0.004657848
6749,7.533743e-05
6750,0.00014959645
6751,0.0011576862
6752,0.0030441396
6753,0.0017266856
6754,0.005218575
6755,0.021259757
6756,0.003243426
6757,7.98699e-06
6758,0.0025569862
6759,0.0018441351
6760,0.21568476
6761,0.004491954
6763,4.6491514e-06
6764,0.0018005841
6765,3.8742266e-05
6767,0.0004626634
6768,0.0035925864
6769,3.3378547e-06
6770,0.32148927
6771,0.005163785
6772,3.993431e-05
6773,0.0022816833
6774,0.0022031816
6775,0.00030977695
6776,0.00062422344
6777,3.5251293
6778,0.0034378017
6779,0.0016736083
6780,0.005046487
6781,0.0018488948
6782,0.0019597865
6783,0.004798919
6784,0.00089438487
6785,0.0020511555
6786,0.00212622
6787,0.0073872255
6789,0.0020936253
6791,0.00184354
6792,3.683499e-05
6793,0.0016411181
6794,0.50634384
6795,0.00013100241
6796,0.003073851
6797,0.002790369
6798,0.008605184
6799,1.9907753e-05
6800,0.013442477
6802,0.0014305606
6803,1.7517638
6804,1.945575
6805,0.00022873645
6806,0.0014950775
6808,0.004813987
6809,0.0026134644
6810,0.001835092
6811,0.0010607576
6812,0.004438193
6813,0.002345313
6814,4.76836e-06
6815,0.0014230612
6816,0.002162144
6817,0.0013515156
6818,0.0008959331
6819,0.099155314
6820,1.2508153
6821,0.0024914676
6822,0.0034198626
6823,0.0012752028
6824,0.00047148077
6826,0.0031423022
6827,0.00016461447
6828,0.017489614
6829,0.0027133338
6830,0.037293475
6831,0.0030795555
6832,0.002904722
6833,0.001750486
6834,0.007123666
6835,1.4901049e-05
6836,0.45216304
6837,0.002288344
6838,0.0015938686
6840,0.00577709
6841,0.003133627
6842,0.003651857
6843,0.0036992468
6845,0.0026874163
6846,0.0023670772
6847,0.0022373185
6848,0.0018264056
6849,0.003967748
6850,0.00021264676
6851,0.3342906
6852,0.001697529
6853,0.003096312
6854,0.0013547301
6855,0.0036645662
6856,0.0020074947
6857,0.00011228884
6858,0.006755726
6860,0.0061911223
6861,0.6595426
6862,0.0021057592
6863,0.0810901
6864,0.001750724
6865,0.0016295739
6866,0.001191621
6867,0.0026779051
6868,1.8242831
6869,0.00015889335
6870,0.0017917784
6871,0.0023526866
6872,0.018617762
6874,0.0011505419
6875,0.49441528
6876,0.002738775
6877,0.0015441172
6878,0.002002141
6879,0.6563658
6880,0.0035336688
6881,0.002445328
6882,0.00033194275
6884,8.082063e-05
6885,0.0016168392
6886,0.0013434204
6887,0.032683305
6888,0.0015270965
6889,0.084434114
6890,0.0011791189
6891,0.0061846063
6892,0.002741985
6893,0.0011320857
6894,0.030706689
6895,0.0017256145
6897,0.00175477
6898,1.0071957
6899,0.0018140303
6900,0.07627208
6901,9.179073e-06
6902,0.0014840076
6903,0.0031188915
6904,0.0012142436
6905,0.0025046666
6906,0.0027090537
6907,0.0032658833
6909,0.077164926
6910,8.3446463e-07
6911,0.007156216
6912,0.001110771
6913,4.4225668e-05
6914,0.02235382
6916,2.5987287e-05
6917,0.0022323232
6918,0.0029490574
6919,0.0151601
6920,0.05531801
6921,0.0042551695
6922,0.0026825417
6923,0.00011920218
6924,0.00020025155
6925,0.0017182362
6926,0.004310009
6927,0.0025253568
6928,0.0022556358
6929,7.5814234e-05
6930,0.00011216964
6932,0.29276615
6933,0.002159527
6934,0.0051673427
6935,1.9073468e-06
6936,0.0018928006
6937,0.00377395
6938,0.0019383705
6939,0.0019694234
6941,0.0022119835
6942,0.0017006231
6943,2.145765e-06
6945,3.0994368e-06
6946,0.0018732871
6947,0.001802012
6948,0.9072181
6949,0.00038938093
6950,0.019262746
6951,2.038458e-05
6952,0.0029856653
6953,1.6131481
6954,0.1743887
6955,0.00192445
6957,0.0019657353
6958,0.023066184
6960,0.0020938632
6961,1.7881376e-06
6962,0.023239976
6963,1.1444026e-05
6965,0.0027651668
6966,0.00588411
6967,0.0019245689
6968,0.0026049034
6969,0.0021246732
6970,0.00015877417
6971,0.0005987282
6972,0.0020334297
6973,0.09015794
6974,0.0002454218
6975,0.0047611916
6976,0.0025933702
6977,1.2691897
6978,5.960462e-07
6979,0.0012267452
6980,0.003880116
6981,0.00037901368
6982,0.7300998
6983,0.047101032
6985,0.001508528
6986,0.0029060298
6987,0.02470445
6988,0.013892618
6989,0.0025895652
6990,0.010006384
6991,3.194758e-05
6992,0.005093456
6993,0.036328197
6994,0.0017197835
6995,0.0017849954
6996,3.981511e-05
6997,0.0023315167
6998,0.0022891765
6999,0.0010330109
7000,0.0024714896
7001,0.0038900906
7003,0.0024609063
7005,0.00014256415
7006,0.00060325547
7007,0.000941072
7008,0.0019231412
7009,0.00014256415
7010,0.20879918
7011,0.006446756
7012,0.0029023453
7013,0.0030822887
7014,0.0017778558
7015,0.0022504022
7016,0.00089450384
7017,0.0019995235
7018,2.0618317
7019,9.536698e-06
7020,0.015011323
7021,0.0049449527
7022,0.003381489
7023,0.39668548
7024,0.004427274
7025,0.104912646
7026,0.002451274
7027,0.0023378201
7028,0.00015901255
7029,0.0023015458
7030,0.011330073
7031,0.00041666883
7032,7.366863e-05
7033,0.0014077049
7035,0.0022800183
7036,0.001695268
7037,0.0006909368
7038,0.04007999
7039,0.0010893372
7041,0.0036105223
7042,6.258291e-05
7043,0.0018807831
7044,0.074049465
7045,0.0018824489
7046,0.003266834
7047,1.7053051
7048,0.0019356342
7051,0.000792785
7052,0.001819742
7053,0.02880481
7054,0.0019352771
7055,0.30887735
7056,0.7760751
7057,0.0017953484
7058,8.046303e-05
7059,0.0401605
7060,0.0016001767
7061,9.894322e-06
7062,0.0024999103
7063,1.6689286e-06
7064,0.00413266
7065,0.001844254
7066,0.002083395
7067,0.00125532
7068,0.0037814316
7069,0.001631002
7070,2.2768714e-05
7071,0.002860742
7072,0.00018356545
7073,0.003420813
7074,0.991759
7075,0.00052688544
7076,0.0028833267
7077,0.0040772175
7078,4.7683704e-07
7079,0.0041128346
7080,0.68621445
7084,0.0025471167
7085,0.0011532806
7086,3.279649
7087,0.0014355602
7089,0.0034648876
7090,2.3107972
7091,0.0041660196
7092,0.0020872017
7093,0.0037376082
7094,0.05613588
7095,0.001321039
7096,0.003238673
7097,0.0024117928
7098,0.0021804622
7099,0.002305114
7100,0.0015731591
7101,0.0008785441
7102,0.0031942322
7103,0.0035997136
7104,0.32372138
7105,0.0473637
7106,5.0067774e-06
7107,0.011450642
7108,0.0185857
7110,0.004411133
7111,0.0037110047
7112,0.0062869624
7113,0.00050937076
7114,1.19209275e-07
7115,0.18704343
7116,0.0019063649
7117,0.008018446
7118,0.48022225
7119,0.0018947045
7120,0.004444127
7121,0.0002775999
7122,0.0017459639
7125,0.0027444814
7126,0.0022762122
7127,0.005218693
7129,6.723178e-05
7130,0.009940997
7131,0.0042347526
7132,0.001755484
7133,0.0019826293
7134,0.034330554
7135,0.0025623366
7136,0.015361565
7137,0.0016022001
7138,0.0018373525
7139,0.0011613774
7140,1.19209275e-07
7141,0.014348782
7142,0.003636535
7143,0.016335797
7144,0.0034076262
7145,0.0023964518
7146,0.006650576
7147,0.019352434
7148,0.0043503647
7149,0.0013584205
7150,5.1735493e-05
7151,0.019035753
7152,0.002790369
7153,0.0055455887
7154,0.00018988235
7155,0.016296508
7156,0.0011579244
7157,0.00467446
7158,0.0010403943
7159,0.0015199548
7160,0.0028370866
7161,0.0008213722
7162,5.364403e-06
7163,0.0021369257
7164,0.0027295018
7166,0.0039558737
7167,0.0020760193
7168,0.0019332547
7169,0.00057597266
7170,0.4977162
7171,0.87985253
7172,4.7683704e-07
7173,1.1177331
7174,0.0032564965
7175,0.00015877417
7176,0.007236224
7177,0.0026752893
7178,0.013620065
7179,2.396078e-05
7180,0.28932902
7181,6.0796547e-06
7182,0.0015824428
7183,0.0006537684
7184,0.0047978517
7186,0.008512522
7187,8.3446463e-07
7189,0.121356204
7191,0.025882695
7192,0.004834629
7193,0.0023057084
7194,0.09716726
7196,0.012329669
7197,0.0012457953
7198,0.0027925088
7199,0.0034166554
7200,0.40321708
7201,0.0020277193
7202,0.0021958067
7203,0.0026534132
7204,0.0026658971
7205,0.0020603163
7206,0.028972277
7207,5.5549986e-05
7208,0.0032538825
7209,0.005153111
7210,0.00301419
7211,4.887569e-06
7212,0.0012599633
7213,0.0010785006
7214,3.4331686e-05
7215,0.0028569382
7216,0.00061528827
7217,0.0029864972
7218,0.00032634175
7219,0.0022781151
7220,0.0025039532
7221,0.00085043494
7222,0.0013110385
7223,0.0016006527
7224,0.0013441346
7225,1.8501754
7226,0.17959096
7227,0.0036509067
7228,0.0010519454
7229,0.043551534
7230,0.0006739014
7231,0.0022167414
7232,0.0022969071
7233,0.0016662299
7234,5.9604467e-06
7235,0.0028905775
7236,0.0018976792
7237,0.0012171012
7239,0.55695206
7240,0.00277123
7241,0.0030026613
7242,0.0005610798
7243,0.0021326437
7245,0.003929395
7246,0.0029647462
7247,0.0027193967
7248,1.5497195e-06
7249,0.01274488
7250,0.021786874
7251,0.002842198
7252,0.0029749684
7253,0.0011406589
7255,0.002247191
7256,0.0029565454
7257,0.001804154
7259,0.37304464
7260,0.0011495893
7261,0.0649769
7262,3.564294e-05
7263,1.9788546e-05
7264,0.0020003563
7265,0.0012960377
7266,0.0064852494
7267,0.2411966
7268,0.002299524
7269,0.0083833225
7270,0.06719769
7271,0.106739014
7272,0.0027922713
7273,0.0045082127
7274,0.0039159777
7275,0.0064464
7276,0.0016273125
7278,0.008107253
7279,0.0020586506
7280,0.052058596
7281,2.2766755
7282,0.00016521043
7283,0.01959888
7284,0.0036670603
7285,0.4760071
7286,0.004640999
7288,0.0010917187
7289,0.1235249
7290,0.0037303637
7291,0.42165688
7292,0.0021751095
7293,0.7914206
7294,0.0001654488
7295,0.07283721
7296,0.000944764
7297,0.004050742
7298,0.4566726
7299,3.2901225e-05
7300,0.001139111
7301,0.0031409948
7302,0.0052801203
7303,0.25404927
7304,1.3113013e-06
7305,0.0018164102
7306,0.058682177
7310,0.0009526243
7311,0.00016342258
7312,0.0065278867
7313,0.005531007
7314,0.0026856326
7315,0.00036233055
7316,1.0728829e-06
7317,0.014354891
7318,0.0013848487
7319,0.0018883983
7320,9.166774e-05
7321,0.0036418797
7322,0.0031021351
7323,0.0019773946
7325,6.3894135e-05
7326,0.0011451836
7327,0.0005320087
7328,8.225406e-06
7329,0.0021646416
7330,0.0037681307
7331,0.001076
7332,0.0017077635
7333,0.00028010263
7334,0.0018631733
7335,0.0015136464
7337,0.8587166
7338,0.0
7339,0.002479219
7340,6.901979e-05
7341,0.00018535326
7342,0.0022269706
7343,0.005204818
7344,0.0022239971
7345,0.0038866468
7346,0.002073045
7347,0.008115649
7348,0.31915724
7349,0.0064372797
7352,0.004495514
7353,0.001485793
7354,0.0034803317
7355,0.003028095
7356,0.0017363249
7357,7.497983e-05
7358,0.00023707916
7359,0.0021942602
7360,0.2863699
7361,0.0017056215
7362,0.0018667427
7363,0.59769434
7364,1.0086046
7365,0.00334846
7366,0.048321806
7367,0.0019796554
7368,0.00089855335
7369,0.00028177106
7370,0.0015303103
7371,0.86514854
7372,0.23668244
7373,0.00014530556
7374,0.004679562
7375,0.0005844316
7376,0.00075585884
7377,0.0020377128
7378,0.0021059972
7380,0.005681438
7381,0.08701326
7382,0.0019601432
7383,0.09335141
7384,0.01595023
7385,0.0017018132
7386,0.002766118
7387,0.002894381
7388,0.00017331529
7389,3.1984558
7391,0.00238004
7393,5.9604467e-06
7394,0.00089247915
7395,0.101577945
7396,9.298281e-06
7397,0.0034527706
7398,0.06506125
7399,0.07658031
7400,0.00390339
7401,1.9192512e-05
7402,0.16990025
7403,0.11838261
7404,0.0020384265
7405,0.002100287
7406,0.0011263702
7407,0.006604628
7408,0.44132495
7409,0.004209705
7410,2.0742202e-05
7411,0.044330966
7412,0.0016398091
7413,0.0018427073
7414,0.0023210507
7415,0.0021783214
7416,0.0026396217
7417,0.00023374209
7418,0.003153235
7419,0.0018131974
7420,0.013553386
7421,0.0015417369
7422,0.0019535997
7423,0.046999127
7425,0.00044038138
7426,0.0027526843
7427,0.00303071
7428,0.0044263247
7429,0.37995216
7430,0.0024442577
7431,0.0010530171
7432,0.0017402519
7433,0.0032313059
7434,0.003211462
7435,0.004068669
7436,0.0025704221
7437,0.0043751705
7438,0.00019155098
7439,0.0019369429
7440,0.20434207
7442,0.001167331
7443,0.0020151087
7445,0.002661498
7446,0.0014700808
7447,0.03857605
7448,0.00080707873
7449,0.06574282
7450,0.0024373608
7451,0.016273286
7452,0.18714191
7453,5.328513e-05
7454,0.005508957
7455,0.0040246216
7456,0.0033369353
7457,0.003267903
7458,0.03620691
7459,0.0033488167
7460,1.8119646e-05
7461,8.940657e-06
7462,0.0013815155
7463,0.002984239
7464,0.0011772139
7465,0.0011859058
7466,0.0026345092
7467,1.6689286e-06
7469,0.0018857806
7471,0.0029293266
7472,0.0035848657
7473,0.00055095274
7474,0.00020597244
7475,0.0027216559
7476,0.027797906
7477,0.0015532823
7478,0.0017910644
7479,0.0009165377
7481,0.0015312626
7482,0.0008661571
7483,0.000105494655
7484,0.0038518538
7485,0.0036414047
7486,0.001022293
7487,0.0018637681
7488,0.0015195978
7489,0.00010966653
7490,0.0015144795
7492,0.0008102948
7493,0.000996808
7494,0.031087417
7496,0.0017338257
7497,0.042247217
7498,3.5762778e-07
7499,0.00016318419
7500,0.0023974031
7501,0.0038690723
7502,0.0068762572
7503,0.008798167
7504,1.0404406
7505,1.8238854e-05
7506,0.024920398
7507,0.00019846376
7509,0.0030721868
7510,0.0020051152
7511,0.0005060345
7512,0.012325548
7513,0.0059627984
7514,0.00019429227
7515,0.054718107
7516,0.0057267174
7518,0.0015516159
7519,0.1312335
7520,0.0012894898
7521,0.0021371637
7522,0.00044562423
7523,0.0019723978
7524,0.017330287
7525,0.0054080617
7526,1.19209275e-07
7527,0.0020881533
7528,1.19209275e-07
7529,0.00011657989
7530,0.0030713547
7531,0.0016945539
7532,0.001107318
7533,0.0030190626
7534,0.0012852037
7535,0.004333273
7536,0.0038699033
7537,0.003812546
7538,0.008228923
7539,0.0062360233
7540,0.0005022218
7541,0.27680954
7542,0.0023089198
7543,0.0049416316
7544,1.6093123e-05
7545,0.00020251606
7546,0.0032529319
7547,0.0034405345
7548,0.0022068687
7549,0.0035634849
7550,0.01697042
7551,1.3708974e-05
7552,0.0011788808
7553,0.00427155
7555,0.046156444
7556,3.5762778e-07
7557,0.002816165
7558,0.00037305546
7559,0.003508723
7560,1.6107761
7561,0.0014031813
7562,0.63725644
7563,0.022422014
7564,0.0021349036
7565,0.0036089784
7566,0.0014653194
7568,0.06882193
7569,0.15542583
7570,0.002082562
7571,0.00020037073
7572,0.045893915
7573,0.6898426
7574,0.0028967585
7576,0.00529767
7577,0.00088068796
7578,0.0024352202
7579,0.0016651587
7580,0.0019094584
7581,0.0013390156
7582,0.0049333274
7583,0.003916215
7584,0.00083042466
7585,0.002076614
7586,0.002476841
7587,0.0015976774
7588,1.19209275e-07
7589,0.0028591966
7590,0.0021557205
7591,0.0002350531
7592,0.12148237
7593,0.0024180955
7594,0.0018152203
7595,0.0020005943
7596,0.03669231
7597,0.0017153801
7598,0.016077284
7599,0.002293577
7600,0.022876868
7601,0.00033241944
7602,0.0016349296
7603,0.0036079092
7604,0.0023509027
7605,0.0010890989
7606,0.0044435333
7607,0.002716781
7608,0.0059612575
7609,0.00333646
7610,0.0019859606
7611,0.0019271865
7612,0.0024755327
7613,0.00011002411
7614,6.806618e-05
7615,0.0009090343
7616,5.0305058e-05
7617,0.0010524216
7618,0.03960196
7619,0.0003535122
7620,0.02820095
7621,0.0018887552
7622,0.0045717005
7623,6.3180723e-06
7624,0.00187412
7625,5.1020277e-05
7626,0.0065916018
7627,0.0032360589
7628,0.0010888608
7629,0.000194769
7630,0.0025943215
7631,0.00034445547
7632,0.0009378563
7633,7.152555e-07
7634,0.00064590573
7635,0.005272412
7636,0.0028148573
7637,0.0016220759
7638,0.00018535326
7639,0.7910605
7640,0.0017878513
7641,2.6389465
7642,0.0017852335
7643,0.0018751909
7644,0.024663862
7645,0.002291793
7646,0.0023775427
7647,0.0023905055
7648,0.003050795
7649,0.3280894
7650,0.0017250197
7651,0.0014323463
7652,0.022337032
7653,0.37366062
7654,0.031441547
7655,0.13991106
7656,0.000116937474
7657,0.025449077
7658,0.0037211
7659,0.02722569
7660,0.004348228
7661,0.0003113262
7662,5.960462e-07
7663,0.20118348
7664,0.21257189
7665,3.564294e-05
7666,0.0024500848
7667,0.019726874
7668,0.0035131185
7669,0.0024048951
7670,0.0034023991
7671,0.002973542
7672,0.0054264385
7673,0.0041764663
7674,0.0014834123
7675,0.0018857806
7676,0.0015154317
7677,0.045194436
7678,0.0017577449
7679,0.0031159208
7680,0.0016502823
7681,0.121736564
7682,0.0055716704
7683,0.0020823241
7684,0.0011241076
7686,0.0641033
7687,0.0002780766
7688,0.0011840008
7689,0.0068262946
7690,0.002164404
7691,0.0014100856
7692,0.0012681782
7693,0.0018147443
7694,0.26026365
7695,5.7218822e-05
7696,0.0011142244
7697,0.0015794671
7698,3.2424403e-05
7699,0.0038162272
7700,0.0020337866
7701,0.38345668
7702,0.0038912783
7703,0.016878413
7704,0.0023683852
7705,0.0017019324
7706,0.00048494493
7707,1.505706
7708,3.158996e-05
7709,0.0019739445
7710,0.0035469732
7711,0.002166783
7712,0.18410128
7713,0.0022396976
7714,0.00038282695
7715,0.0033257673
7716,0.003913721
7717,0.00387786
7718,0.0005367746
7719,0.0035606336
7720,0.0031890036
7721,0.00015221868
7722,0.00176667
7723,0.002926593
7724,0.0025541324
7725,2.9226346
7726,0.008008986
7727,0.0029973127
7728,1.2884649
7729,0.0017094297
7730,0.0018149823
7731,2.145765e-06
7732,0.0018116505
7733,0.0032422375
7734,2.7418098e-06
7735,0.0003007198
7736,0.0019845332
7737,0.0023807536
7738,0.0027350895
7739,0.014028513
7740,0.0060138702
7741,0.0013810393
7742,3.3616456e-05
7743,0.00020942879
7744,0.13181847
7745,0.0018936337
7746,0.0022966692
7747,0.001639333
7748,0.009131811
7749,0.002024507
7750,0.0006665154
7751,0.0024041818
7752,0.004897147
7753,0.0012559153
7754,0.0015783961
7755,0.0015104325
7756,0.00012897613
7757,0.40667236
7758,0.0013563967
7759,0.0023200992
7761,0.2848226
7762,0.002085893
7763,0.0006671111
7764,0.10730788
7765,0.003575363
7766,0.0015893459
7767,0.0016545666
7768,0.002623333
7769,5.4715565e-05
7770,0.0020756621
7771,0.0017288275
7772,0.0025192925
7773,0.018468915
7774,0.0018355679
7775,0.38508305
7776,0.0030323735
7777,0.0011999557
7778,0.0011760232
7779,0.0026924093
7780,0.015786083
7781,9.298281e-06
7782,0.0016833671
7783,0.002378256
7784,0.00478314
7785,6.0675684e-05
7786,0.0017157373
7787,0.0023763536
7788,0.00028725315
7789,0.0067775133
7790,0.00062184077
7791,0.057085954
7792,0.002306541
7793,0.0
7794,0.0039375885
7795,0.42099702
7796,0.0014847218
7797,0.005807787
7798,1.4305105e-06
7799,0.0030759904
7800,0.00020573408
7801,0.0003309894
7802,0.00035875558
7803,0.1005003
7804,0.001369849
7806,0.0001751031
7807,0.0032164524
7809,0.0006828361
7810,0.0059638643
7811,0.000111454465
7812,2.3841855e-07
7813,0.002438193
7814,0.0031678511
7815,0.009494153
7816,0.09476049
7817,0.0
7818,0.0005018643
7819,0.0022866789
7820,0.115839146
7821,0.00012504273
7822,5.1259863e-06
7823,0.003636178
7824,2.6344906e-05
7825,0.0008262558
7826,0.00016306502
7828,0.0038058956
7829,0.0013083002
7830,0.0029034147
7832,9.7389246e-05
7833,0.008994538
7834,0.0030484179
7835,0.0015591144
7836,0.004163645
7837,0.003618362
7838,0.053286564
7839,0.1975855
7840,0.002670296
7841,0.0024106035
7842,0.06091607
7843,0.048659325
7844,0.0028994924
7845,0.0011782853
7846,0.02678302
7847,8.821449e-06
7848,0.002247429
7849,0.0032197798
7850,0.0026607844
7851,0.0018949425
7852,0.0035682363
7853,0.0007765853
7854,0.0015942256
7855,0.0024096523
7856,0.0014280608
7857,0.10576968
7858,0.0041993773
7859,0.00059622637
7860,0.0027101233
7862,0.24824749
7863,0.0001417298
7864,0.00011300402
7865,0.0031825867
7866,0.25899705
7867,0.0049460204
7868,0.0013415156
7869,0.0063467845
7870,3.0994368e-06
7872,0.00012826097
7873,0.0013850868
7874,0.0010091934
7875,0.003821334
7876,0.0046589156
7877,0.0029094766
7878,0.00087473274
7879,7.152555e-07
7880,0.02900783
7881,0.0015084089
7883,0.0023410313
7884,0.0030904887
7885,0.001110652
7886,0.002932417
7887,0.0025259515
7888,0.0015598285
7889,0.015653946
7890,0.0021508436
7892,0.0019000588
7893,0.0043346975
7895,0.0012117432
7896,0.0006740206
7898,0.01444678
7900,0.043309893
7901,0.001755008
7902,0.0029011567
7903,0.0023151042
7904,0.0017708349
7905,0.004743988
7906,0.0002710452
7907,0.0023492374
7908,0.0024044195
7909,2.860982e-05
7910,0.0021746338
7911,0.008028972
7912,0.00038318444
7914,2.3841855e-07
7915,0.005142082
7916,0.0033414501
7917,0.00041357067
7918,0.001747035
7919,0.13165264
7920,0.0032510306
7921,0.13597706
7922,0.018205566
7924,0.6125244
7925,6.84238e-05
7926,0.0016176722
7927,0.0014290132
7929,0.0051649706
7930,0.004572887
7931,0.002319029
7932,0.0011437547
7933,0.0024135765
7934,0.001552449
7935,0.002327711
7936,0.0031381429
7937,0.0041283863
7938,0.004108679
7939,0.0038142088
7940,2.7894584e-05
7941,0.00014387527
7942,0.0015238828
7943,0.0006699702
7944,0.0027912012
7945,0.0015768487
7946,0.20984957
7947,0.028084582
7948,0.004755259
7949,0.0015022194
7951,0.15815479
7952,0.0110901855
7953,0.0018710264
7954,0.0004463391
7955,4.0531077e-06
7956,0.0035339063
7957,0.0012815129
7958,0.0022980964
7959,0.0025879007
7960,0.0028679927
7961,0.004028539
7962,0.0032112242
7963,3.5762778e-07
7964,0.00042655907
7965,0.0031352907
7966,0.0005414212
7967,0.18102545
7968,0.0066697598
7969,0.08834379
7970,0.0059272475
7971,0.0026380757
7972,0.0024090572
7973,0.002178797
7974,0.7295687
7975,0.0010930285
7976,0.0016909837
7977,0.004044805
7978,0.0014216327
7979,0.0021296695
7980,0.0023806344
7981,0.0023461452
7982,4.0531077e-06
7983,0.0015712547
7984,0.0005860995
7985,0.0024403334
7986,9.894322e-06
7988,0.041251704
7989,1.4482621
7990,3.4524727
7991,0.00040379952
7992,0.035747837
7994,9.1906135e-05
7995,0.0037577986
7997,0.07976541
7998,0.0042994446
7999,0.0016893175
8001,0.0028310244
8002,0.0022161468
8003,0.0020530592
8004,0.0030664823
8006,0.006343941
8007,0.0020593645
8008,1.6293182
8009,0.0024918243
8013,0.0016613503
8014,0.0023679095
8015,0.0027819285
8016,0.77155304
8017,0.003279548
8018,0.0009949026
8019,2.2053473e-05
8020,0.0018117693
8021,0.4216115
8023,0.004349534
8024,0.003165237
8025,0.00246816
8026,0.0019486027
8027,0.0015120989
8028,0.00031287543
8029,0.001216863
8030,0.0019526479
8031,0.0025889708
8032,0.00059622637
8034,0.0018849479
8036,0.0031365983
8037,0.00023100093
8038,0.00026306027
8039,0.002748167
8040,0.0057385704
8041,0.00468146
8042,0.0026171503
8043,4.7683704e-07
8044,5.650361e-05
8045,0.002797858
8046,0.7567469
8047,0.0020193914
8048,0.47260624
8049,0.0019861986
8050,0.0012747265
8053,0.0026120374
8054,0.0008657997
8055,3.755022e-05
8056,0.0012198396
8057,0.002677548
8058,0.002898898
8059,3.988137
8060,0.0034431478
8062,0.000103349106
8063,0.004926922
8064,0.00023278863
8065,0.0019451522
8066,0.0034002606
8067,0.0023834887
8068,0.01853503
8069,0.0016139827
8070,0.0045396606
8071,0.00018952481
8072,0.0034161801
8073,2.968267e-05
8074,0.005891576
8075,0.0081225075
8077,0.0026411673
8078,0.0014160377
8079,0.0058638453
8080,0.41031498
8081,1.3978978
8082,0.13179685
8083,0.006921719
8084,0.0013625871
8085,0.00010942814
8086,0.0019018436
8087,0.0024535335
8088,1.19209275e-07
8089,0.003379113
8090,0.0007489499
8091,0.001467581
8092,0.0029004433
8093,0.0026468742
8094,2.682173e-05
8095,0.0027365163
8096,0.0012888943
8097,0.7447636
8098,0.09412446
8099,0.0026693447
8100,0.0031425399
8101,0.0010265802
8102,0.0035271356
8103,0.002508472
8104,0.0030757524
8105,0.00031668894
8106,0.011697511
8108,0.003204095
8109,0.015457118
8110,0.002039497
8111,0.03235362
8112,0.0009931163
8113,0.0015355475
8114,6.7949063e-06
8115,0.003831666
8116,0.57393765
8117,0.007792668
8118,0.0029796036
8119,6.7949063e-06
8120,0.08249328
8121,0.0007664604
8122,0.0029156576
8123,0.0033381234
8124,0.00257173
8125,0.0026905073
8126,0.0020982649
8127,0.0049208724
8128,0.0053873123
8129,0.001464248
8130,0.0026962138
8131,0.004407929
8132,0.0028104591
8133,0.004134085
8134,0.0025498518
8135,0.0016592081
8136,0.0025680442
8137,0.0027218934
8138,0.038664594
8139,0.0021577429
8140,0.0022248297
8141,0.0025835012
8142,0.007100467
8144,0.0022369619
8145,0.06227054
8146,0.0033366976
8147,0.0029007997
8148,2.6106492e-05
8149,0.004863694
8150,0.0013737774
8151,0.050321408
8152,1.3232143e-05
8153,0.26310214
8154,0.003199104
8155,0.0035029023
8157,0.004677663
8158,0.0044283425
8159,0.0025057367
8160,0.002290723
8161,0.0030379596
8162,0.0041953414
8163,0.004089209
8165,0.008015727
8166,0.00015436411
8167,1.2516896e-05
8168,0.0028877244
8169,5.1139476e-05
8170,0.0029870917
8171,0.0023715964
8172,0.0002553137
8173,0.0020280762
8174,1.468036
8176,0.00042512917
8178,0.005022054
8179,0.0011202971
8180,0.0046315063
8181,0.0013580633
8182,0.0024609063
8183,0.002499078
8184,0.0075489734
8185,0.001656709
8186,0.00013696209
8187,0.0022318473
8188,0.016608782
8189,0.07433603
8190,0.01287799
8191,0.0009249937
8193,0.13887472
8194,0.0028185423
8195,0.0008370948
8196,0.0047553782
8197,0.00042095856
8198,0.00022170471
8199,0.05136388
8200,0.0036621904
8201,0.001833664
8203,0.2043376
8204,0.0002271871
8205,0.00044014302
8207,0.003201956
8208,0.0013261581
8209,0.0021826033
8210,0.01658334
8211,0.02279717
8212,0.02372251
8214,0.0023250943
8216,0.0016429034
8217,0.0016207666
8218,0.0026283266
8219,0.0020076137
8220,0.0014019909
8221,0.0019274245
8222,0.002371953
8223,0.0013648489
8224,0.0038599288
8225,0.0010412278
8227,0.0014668668
8228,0.003761955
8229,0.0037497226
8231,0.015060059
8232,0.0100383675
8233,0.0028668041
8234,0.65629476
8235,0.0019101723
8236,0.00374711
8237,0.001584585
8238,0.00512868
8239,0.0041883374
8240,0.0017996321
8241,0.0036277452
8242,0.000444671
8243,0.02665709
8246,0.0026324878
8247,0.003415824
8248,0.0012800843
8249,0.0042563565
8250,0.003496725
8251,0.006856959
8252,0.052348252
8253,8.141663e-05
8254,0.0021021904
8255,0.036890518
8256,1.4543428e-05
8257,0.007878538
8258,0.0032682598
8259,0.00094928965
8260,0.0017639329
8261,0.0016997902
8263,0.039815743
8264,0.17777535
8265,0.0016759885
8266,0.0019205236
8267,0.0023949055
8268,0.0016771785
8269,0.0045776335
8270,0.00089355104
8271,0.0028639513
8272,0.002853372
8273,0.0029825752
8274,6.0796547e-06
8275,0.046494238
8276,0.0026093025
8277,0.021125892
8278,0.00089926796
8279,0.0017845195
8280,0.024770508
8281,0.0021608353
8282,0.0031964898
8283,5.1616287e-05
8284,0.0025047855
8285,0.0010452766
8286,0.0035361636
8287,0.0020778037
8288,0.03211007
8289,0.0042414004
8290,3.9338984e-06
8291,0.0043610465
8292,0.0033735286
8293,0.0021359744
8294,0.00403032
8295,0.0022769258
8296,0.0015981534
8297,0.013803617
8298,0.005933291
8299,0.0021151567
8300,0.2132837
8301,0.0019165974
8302,0.0006812874
8303,9.95348e-05
8304,0.0038271532
8305,0.0026586445
8306,0.0032057585
8307,0.0029659353
8308,7.283422e-05
8309,0.00096953585
8311,0.005720079
8312,0.004490886
8313,0.0008201811
8314,0.0064551653
8315,0.077104226
8316,0.0039709536
8317,0.0013278248
8318,1.1546783
8321,0.0017108577
8322,0.0
8323,0.00021050146
8324,3.3854863e-05
8325,0.0005849081
8326,0.001962523
8327,1.3708974e-05
8328,0.10750403
8330,0.004717886
8332,0.0034356632
8333,0.019195156
8334,0.0020047585
8335,0.0018123644
8336,1.3232334
8337,0.0016064846
8338,0.0028991357
8339,0.0041607968
8340,0.0011092231
8341,0.0050888304
8343,0.001930875
8344,0.016649935
8345,0.0051178876
8346,0.38776237
8347,0.042367317
8348,0.0027763415
8349,0.00052331097
8350,0.0018498467
8351,0.0023448372
8352,0.0055861324
8353,0.0017044314
8354,0.0012034086
8356,0.0030688592
8358,0.0026106106
8359,1.7163229
8360,0.0021344277
8361,0.0008230398
8362,0.77891904
8363,0.0037637362
8364,0.0025969374
8365,0.0028780967
8366,0.435654
8367,0.0017838056
8368,0.0026731493
8369,0.0009229691
8370,0.0027386562
8371,0.0045016855
8372,0.0019519341
8373,0.0009544107
8374,0.0016638497
8375,0.033660296
8376,0.0006024215
8377,0.0003591131
8378,0.00011169286
8379,0.0014116333
8380,0.1303276
8381,0.58794665
8382,0.0021144429
8383,2.7925985
8384,0.0011470888
8385,0.0013528252
8386,5.5311582e-05
8387,0.032231156
8388,2.0861406e-05
8389,0.2613159
8390,0.001184596
8391,0.0036624281
8392,0.0011661402
8393,6.9141147e-06
8394,0.00045575242
8395,0.018314073
8396,0.002131573
8397,0.00052545563
8398,0.0042609856
8399,0.0011136289
8400,0.0032581596
8401,0.0051880963
8402,0.0024355766
8403,0.005101639
8404,0.0023938355
8405,0.004237839
8406,0.27787223
8407,0.0021193204
8408,0.008093772
8409,0.001971803
8410,0.006193966
8411,0.0016426654
8412,0.0010350352
8413,1.8954097e-05
8414,1.1682442e-05
8415,0.30575055
8416,0.005906272
8417,4.6491514e-06
8418,0.0057095303
8419,0.0017751188
8420,0.002936815
8421,0.0034648876
8422,0.00094131025
8423,1.0487572
8424,0.0025024072
8425,0.00052807684
8426,0.0016640878
8427,0.005259843
8428,0.09233704
8429,0.21574163
8430,0.0040150043
8431,0.0027177325
8432,0.0023849157
8433,0.0029513156
8434,0.0019437245
8435,0.00031323294
8436,0.11873339
8437,0.0004761277
8438,4.4940887e-05
8439,2.1580017
8440,0.0031931626
8441,0.00288404
8442,0.00016973962
8443,0.0035086044
8444,0.839061
8445,0.009141496
8446,0.0028426733
8447,1.7285196e-05
8448,0.044726826
8449,0.0014578201
8451,0.009014268
8452,0.00028117516
8454,0.0028620493
8456,0.0013398489
8457,0.0021039748
8459,0.0023551844
8460,0.0032260774
8461,3.421248e-05
8462,0.017275805
8463,0.0016713472
8464,0.002595986
8465,0.004240094
8466,0.0016506392
8467,1.19209275e-07
8468,0.07042242
8469,2.145765e-06
8470,0.028136743
8471,0.003953381
8472,0.0023058276
8473,0.0023960948
8474,0.0030008783
8475,0.14237788
8476,0.0017135952
8477,0.0046693576
8478,0.05205498
8479,0.0024506792
8480,0.0021372826
8481,0.0019000588
8482,0.078957714
8483,0.03766241
8484,0.0071339635
8485,0.0037361833
8486,0.0030601835
8487,0.0015388803
8488,0.0013537776
8489,0.0018298562
8490,0.4588883
8491,0.0023909812
8492,0.002024745
8493,0.003698178
8494,0.018717684
8495,0.0018210508
8496,0.0020153467
8497,0.0049909763
8498,0.0074933646
8499,8.928377e-05
8500,0.00039664982
