Train_ID,Score
2227,0.016308274120092392
10336,0.014774191193282604
410,0.01459864154458046
7331,0.013651745859533548
148,0.013308366294950247
2122,0.013299742713570595
1087,0.01325524365529418
233,0.013237988576292992
546,0.013120724353939295
1248,0.012844146694988012
7649,0.01278569083660841
3560,0.012635701335966587
7829,0.012448165565729141
8444,0.012417861260473728
6954,0.011889785062521696
841,0.011740885209292173
5526,0.011593804694712162
3597,0.011584173422306776
2464,0.011553939431905746
5941,0.011474750470370054
2343,0.011312974616885185
2995,0.011247572023421526
9627,0.011215538252145052
5875,0.011039572767913342
2544,0.010969110764563084
6256,0.01088796742260456
9995,0.010864341165870428
204,0.010697646997869015
1323,0.010609617456793785
6155,0.010574381332844496
7360,0.01056639477610588
1275,0.010506376158446074
237,0.010495348833501339
714,0.010467868763953447
2697,0.010402648244053125
2409,0.010291810147464275
7480,0.010290893726050854
7434,0.010250478982925415
2930,0.01009330665692687
1934,0.010083525907248259
326,0.009966704994440079
1920,0.009912612847983837
7895,0.009869297500699759
9251,0.009816235862672329
8093,0.009758178610354662
3922,0.009643058758229017
3352,0.009576841723173857
6724,0.009571114555001259
939,0.0095496391877532
1528,0.009455324150621891
7543,0.009399965405464172
3275,0.009365034755319357
8863,0.00936440471559763
1709,0.009285210631787777
9552,0.009273362345993519
8102,0.009269633330404758
5871,0.009260246064513922
491,0.009228536859154701
4734,0.009226351510733366
6621,0.009198703803122044
1691,0.009198255371302366
5707,0.009156310930848122
1888,0.009124260395765305
3504,0.009024705272167921
8907,0.009021510370075703
8734,0.008900031447410583
728,0.008893222082406282
2522,0.00888120662420988
8585,0.008861917071044445
5821,0.008832550141960382
1103,0.00882609561085701
7648,0.008775865193456411
1446,0.008772090543061495
8689,0.008631665259599686
678,0.008544000331312418
6062,0.008516674395650625
1685,0.00848619407042861
1052,0.0084706274792552
1093,0.0084382900968194
807,0.008420370053499937
2695,0.00840609846636653
5229,0.008404171094298363
5045,0.008388438262045383
9283,0.008382042869925499
4640,0.008372810669243336
205,0.008329770062118769
5425,0.008329750970005989
4648,0.008195600006729364
9245,0.008125679101794958
263,0.008109151851385832
1343,0.00802720757201314
364,0.008013493847101927
2850,0.00801026588305831
2003,0.007959669921547174
1209,0.007955123204737902
5626,0.007928048260509968
6166,0.007889165543019772
4936,0.007875713054090738
1679,0.007872738409787416
4446,0.007845058105885983
552,0.007839789381250739
10277,0.00782955251634121
6251,0.007807538378983736
9174,0.007778592873364687
7062,0.007767449598759413
3533,0.0077285245060920715
680,0.007693823892623186
4954,0.007634551962837577
241,0.007622948614880443
4109,0.007618912262842059
1620,0.007616940652951598
5780,0.00757401087321341
9702,0.007558058248832822
4486,0.007548676338046789
7439,0.007547182263806462
6630,0.007533806608989835
6229,0.007481336127966642
8158,0.007462021661922336
7531,0.007450225064530969
6135,0.0074210441671311855
6473,0.007415238302201033
5727,0.0074060154147446156
3227,0.007402060087770224
541,0.007388882804661989
2279,0.0073575167916715145
2259,0.007354025961831212
5064,0.007351296255365014
1999,0.007347514620050788
2996,0.007339820032939315
404,0.0073247747495770454
907,0.0073124978225678205
637,0.007290937937796116
99,0.0072718518786132336
4963,0.007237140089273453
8365,0.007194719277322292
963,0.007176302606239915
121,0.007164051756262779
3764,0.007156986277550459
3099,0.007149834185838699
4914,0.00714670610614121
590,0.00713072856888175
1314,0.007120188558474183
6454,0.007116194115951657
7048,0.007108029443770647
5736,0.007068447768688202
2709,0.007067167432978749
1235,0.007007621927186847
5155,0.006996179698035121
8857,0.0069440691731870174
8460,0.006941106403246522
828,0.006937065627425909
6390,0.006915011676028371
1770,0.006864602444693446
9005,0.006845568073913455
7785,0.006842268398031592
3482,0.0068088199477642775
682,0.006777122849598527
604,0.00677240383811295
9992,0.006770564708858728
4806,0.006753069115802646
3097,0.006663900800049305
1170,0.006613124627619982
7125,0.006603115238249302
3127,0.006600824184715748
8229,0.006566040217876434
665,0.00654973927885294
257,0.006548947189003229
837,0.006542089162394404
7519,0.006531118880957365
1325,0.006530015962198377
1885,0.00652894820086658
7488,0.006520163733512163
8647,0.006511714309453964
7467,0.006505023688077927
5975,0.006497219204902649
1712,0.006459276890382171
10436,0.006452072644606233
3608,0.0064381256233900785
8050,0.00641546631231904
9651,0.006407551700249314
6739,0.006405713502317667
2474,0.006388090550899506
2538,0.006372350500896573
1409,0.006370874121785164
6316,0.006370134884491563
621,0.006362676853314042
4118,0.00635347724892199
6538,0.006315949838608503
9632,0.006311321863904595
9455,0.00628838874399662
2753,0.006281052017584443
6414,0.006266723619773984
7213,0.006256863474845886
3153,0.006237212801352143
2631,0.006233586464077234
9113,0.006225660443305969
1682,0.0062140836380422115
5160,0.006138628581538796
629,0.0061203420627862215
5188,0.006113702431321144
7574,0.006100431317463517
9371,0.006078269798308611
5649,0.00607794732786715
6702,0.006074597826227546
8272,0.00607315287925303
850,0.006069587543606758
5225,0.006061110645532608
5744,0.0060373214073479176
936,0.0060219073202461
4431,0.006016329396516085
2307,0.00597236305475235
3578,0.005963722709566355
442,0.0059575599152594805
6404,0.0059573163744062185
8193,0.0059418601449579
716,0.005939853610470891
1362,0.005938677815720439
3779,0.005926844198256731
686,0.0059259324334561825
199,0.005923419957980514
6659,0.005915105110034347
1569,0.005896679358556867
5564,0.005894339410588145
1688,0.005889043211936951
4057,0.005878635914996266
318,0.005871657514944673
8888,0.005864359205588698
3952,0.0058500696904957294
111,0.005830158479511738
6847,0.005803766893222928
769,0.005800760816782713
10418,0.005797026213258505
2652,0.0057957514654845
4839,0.005787067813798785
9363,0.005782041233032942
1099,0.005765332607552409
2414,0.005761016393080354
1706,0.005752441706135869
4332,0.005720717366784811
8970,0.005710117286071181
9492,0.005698489723727107
4103,0.005655515473335981
8389,0.005651199026033282
5242,0.005639508832246065
6287,0.0056230067275464535
8618,0.00560598261654377
10045,0.005597707582637668
2235,0.005594482179731131
6385,0.005593456560745835
1050,0.00559134129434824
4809,0.005579755641520023
6464,0.0055739060044288635
4053,0.005554307252168655
215,0.005542471306398511
6592,0.005525034619495273
2382,0.005522024352103472
1806,0.0055209496058523655
951,0.005515900673344731
5680,0.00551532837562263
2779,0.00551370601169765
4295,0.005507029592990875
6864,0.005492782918736339
7994,0.005486316280439496
826,0.005482350010424852
6963,0.005478224251419306
2620,0.00547380093485117
5679,0.00546464859507978
5652,0.005450619384646416
7067,0.005440959706902504
683,0.00543727190233767
5037,0.005431037396192551
3575,0.005427848314866424
5255,0.005421811249107122
2497,0.0054166114423424006
7229,0.005414562067016959
114,0.005405919626355171
9974,0.005398213863372803
1198,0.0053935067262500525
5964,0.005391958402469754
78,0.005391797516494989
3835,0.005386557895690203
1313,0.0053775927517563105
560,0.005364715587347746
9580,0.005363301374018192
242,0.005362157942727208
9339,0.00536027317866683
358,0.005355076398700476
6698,0.005353652406483889
976,0.005344935460016131
5795,0.005316656082868576
7919,0.00531592033803463
731,0.005313368514180183
3047,0.005307147745043039
1244,0.005302782636135817
5412,0.005302035715430975
5752,0.005283295176923275
4760,0.005258421413600445
5563,0.005251097260043025
2232,0.005246790824458003
85,0.005237486679106951
1388,0.005231315037235618
766,0.005221496801823378
9236,0.0051988461054861546
3488,0.0051935152150690556
6064,0.005188351031392813
2193,0.005179739324375987
2517,0.005179645726457238
5292,0.0051751164719462395
1725,0.005174544407054782
2914,0.005170182790607214
8395,0.005169546930119395
1210,0.00516552897170186
2756,0.005164605099707842
663,0.005163492169231176
2049,0.005160496803000569
2348,0.0051463216077536345
209,0.005143807735294104
810,0.005135964369401336
909,0.005134193226695061
9707,0.005122654838487506
715,0.005121825961396098
6374,0.00512137240730226
6479,0.005117423366755247
422,0.005116753978654742
1653,0.005106091033667326
1156,0.005096274195238948
439,0.005089247599244118
1366,0.005088925361633301
8146,0.005081158131361008
176,0.00506983557716012
4365,0.005057433620095253
7228,0.00505670509301126
1154,0.005047761835157871
993,0.005047432612627745
9648,0.00503313192166388
66,0.005031260196119547
3813,0.005030101863667369
6289,0.005030016181990504
6452,0.005018115509301424
1194,0.005018027266487479
6677,0.005015066592022777
9760,0.005012017907574773
8865,0.005011000437662005
10399,0.004984722239896655
2045,0.004979132208973169
3696,0.004974106326699257
9393,0.00497394404374063
7108,0.004964676685631275
7126,0.004963114392012358
4491,0.004954996285960078
10205,0.0049531469121575356
373,0.0049452572129666805
4209,0.004937307210639119
6013,0.004931146278977394
2145,0.004923391621559858
218,0.004913403652608395
4287,0.004910481395199895
5257,0.004902160027995706
2678,0.004897447070106864
904,0.0048813975881785154
420,0.004877011990174651
5478,0.004875340731814504
953,0.004862876608967781
5278,0.004861755995079875
1153,0.0048607278149574995
5787,0.0048571559600532055
7695,0.00485653686337173
2301,0.0048520315904170275
4176,0.00485024182125926
374,0.004849290009588003
1914,0.004841983318328857
9048,0.004834967432543635
2443,0.0048330731224268675
520,0.004831938771530986
381,0.004820497473701835
213,0.00481459079310298
4702,0.004806769313290715
7339,0.0048045869916677475
10042,0.004803812596946955
7768,0.004799610935151577
1283,0.004795613698661327
695,0.00478712166659534
497,0.004769803257659078
7678,0.004759891889989376
9475,0.004756198730319738
7771,0.004755447618663311
7927,0.004746465245261788
2750,0.004745401442050934
7626,0.004744688048958778
8215,0.004735276568681002
8095,0.004732235101982951
3506,0.004729332868009806
7951,0.004728060914203525
384,0.004723991733044386
823,0.004703715909272432
5206,0.004701327532529831
65,0.0047013268340379
3551,0.0046979207545518875
341,0.004684746032580733
264,0.004684713436290622
38,0.004682821920141578
6223,0.004680447280406952
8819,0.004678946919739246
2347,0.004672472830861807
2974,0.004659795900806785
673,0.004646793706342578
9859,0.004643391584977508
9369,0.004642892628908157
226,0.004637145670130849
9613,0.004636447876691818
10048,0.0046321258414536715
9994,0.004628535592928529
5060,0.004623907618224621
9958,0.004618717590346932
1483,0.0046079319436103106
1287,0.004606663715094328
270,0.004606371745467186
4099,0.004604549612849951
9593,0.004590189317241311
8961,0.004588388605043292
9389,0.004586498951539397
1036,0.004586010472849011
5073,0.004578004823997617
3379,0.004576990380883217
970,0.004573698854073882
9224,0.004569526296108961
3157,0.0045643767807632685
2462,0.004564282484352589
1899,0.004562141606584191
2612,0.004554188810288906
33,0.0045513128861784935
2956,0.004550096113234758
5900,0.004536045016720891
4050,0.004527166252955794
1946,0.004523823969066143
2590,0.00452005211263895
568,0.004499310394749045
77,0.004491867730394006
130,0.0044902225490659475
814,0.0044899433851242065
1646,0.004489812767133117
3464,0.004489609273150563
3236,0.004487671423703432
1106,0.0044845647644251585
104,0.004482287913560867
9365,0.004479847848415375
6126,0.004475944209843874
3373,0.00446782517246902
6102,0.004465627018362284
370,0.004448847379535437
6957,0.004446872277185321
7306,0.004445649217814207
640,0.004443489480763674
3391,0.004443319980055094
2938,0.004428802989423275
2531,0.0044238336849957705
6133,0.0044224937446415424
195,0.0044192541390657425
193,0.00441706320270896
217,0.0044135525822639465
5606,0.004406782332807779
4501,0.004403673578053713
7098,0.004399071214720607
9779,0.00439659645780921
6615,0.004389679525047541
914,0.004389629932120442
7004,0.004384672734886408
9346,0.004382791928946972
1155,0.0043820475693792105
813,0.0043805320747196674
7797,0.004377791425213218
41,0.00437447358854115
7932,0.004367749439552426
1722,0.004359700251370668
8984,0.004353003576397896
3881,0.004348136717453599
342,0.004340768558904529
6066,0.004331802483648062
8950,0.004329568473622203
6451,0.004317751852795482
8273,0.0043110542465001345
7318,0.004305826034396887
1613,0.00430097128264606
7442,0.0042992765083909035
80,0.004298679763451219
1359,0.004295167047530413
2294,0.004294947488233447
2019,0.004291216842830181
7691,0.004284237278625369
1994,0.004280368098989129
122,0.004279633751139045
3587,0.004276846069842577
386,0.004262750037014484
5896,0.004257266176864505
1381,0.004248578567057848
86,0.004246930358931422
5379,0.004221177427098155
3450,0.004218723624944687
5267,0.004213453270494938
125,0.004205932607874274
1265,0.0042031684424728155
6364,0.00419624475762248
9880,0.004186251433566213
10054,0.004184914752840996
2946,0.004172532819211483
5437,0.004170690895989537
712,0.004169665742665529
4428,0.004168941173702478
1453,0.004167570034042001
9541,0.004162958823144436
2188,0.004162369528785348
82,0.004156528040766716
2514,0.00415604212321341
572,0.004155721515417099
7839,0.004155671456828713
214,0.004138286458328366
140,0.004125440027564764
1065,0.004123508697375655
984,0.0041118888184428215
3772,0.004109768662601709
6303,0.00409366306848824
117,0.004092852119356394
1278,0.004091512877494097
2992,0.0040857526473701
7116,0.004076943965628743
3417,0.004073155112564564
456,0.004054876277223229
934,0.0040457171853631735
6988,0.004044089233502746
6619,0.004036151338368654
186,0.004032108234241605
6329,0.004029149189591408
779,0.004028580849990249
6766,0.0040274192579090595
4219,0.004026142181828618
5687,0.004025662783533335
3245,0.0040250669699162245
3010,0.004021613160148263
127,0.0040182864759117365
1445,0.004012669902294874
767,0.004008534597232938
4317,0.004008152987807989
6056,0.004001859342679381
9193,0.004001769470050931
328,0.004001520108431578
6307,0.003995007369667292
6234,0.0039934387896209955
6110,0.003986678086221218
711,0.00398212531581521
3716,0.003981270594522357
391,0.003973170882090926
3525,0.003968924982473254
2345,0.003959979861974716
9886,0.0039598236326128244
8535,0.003958539804443717
1995,0.003958453889936209
6111,0.003944918047636747
7113,0.003943652147427201
6453,0.00393456406891346
27,0.003926966106519103
3918,0.003925139782950282
9664,0.00392407295294106
2136,0.00392198795452714
1618,0.003918126574717462
7333,0.0039159273728728294
2867,0.003913493826985359
447,0.003911744803190231
1832,0.0039062188006937504
7200,0.003895042114891112
5311,0.003891324042342603
580,0.0038878421764820814
567,0.003886810620315373
2813,0.003880992066115141
10474,0.003876413102261722
2038,0.0038690081564709544
6437,0.0038688448257744312
9940,0.0038676224648952484
9728,0.003864361671730876
6590,0.0038635418750345707
1298,0.0038621954154223204
6021,0.0038556886138394475
5132,0.003854840761050582
4468,0.0038501261733472347
4639,0.0038451763102784753
2978,0.0038332296535372734
1693,0.003829358029179275
7580,0.003826540196314454
2919,0.0038212292129173875
9884,0.0038210569182410836
145,0.003816409269347787
359,0.0038145171711221337
3666,0.00381252309307456
512,0.0038117815274745226
1402,0.0038048168644309044
8010,0.003803249099291861
815,0.0038024159148335457
3762,0.003801751765422523
229,0.0038014076417312026
9769,0.003800400998443365
1724,0.0037998963380232453
1652,0.0037985031958669424
9926,0.0037981640780344605
6109,0.003788798931054771
465,0.003787914291024208
7390,0.003785199369303882
4573,0.003783743712119758
3977,0.003779644030146301
3646,0.003776414319872856
98,0.003776347963139415
3684,0.003775371238589287
147,0.0037753419019281864
1461,0.0037695143837481737
3668,0.0037678161170333624
777,0.0037671270547434688
5050,0.0037628483260050416
3496,0.0037434238474816084
7916,0.003738584229722619
35,0.003732462180778384
8187,0.003726583905518055
566,0.0037261045072227716
3467,0.0037237456999719143
2665,0.003721261164173484
6623,0.003718776977621019
2222,0.0037180345971137285
1249,0.003715536557137966
8476,0.0037118272157385945
5925,0.0037095965817570686
398,0.0037032196996733546
39,0.0037001091986894608
4477,0.003693461767397821
7215,0.0036869411123916507
908,0.0036867442540824413
2935,0.003681208356283605
3002,0.0036721943179145455
9378,0.003671187674626708
3749,0.003670576377771795
50,0.0036698203766718507
3853,0.003667321987450123
8303,0.0036669126711785793
236,0.0036628696834668517
992,0.003661455004476011
10081,0.0036597272846847773
3854,0.0036587483482435346
9539,0.0036584228510037065
52,0.0036580758169293404
1553,0.0036536100087687373
9903,0.0036534294486045837
9258,0.0036528471391648054
5228,0.0036499996203929186
5,0.0036489880876615644
9965,0.0036470714258030057
10373,0.003635246539488435
1069,0.003627974190749228
1382,0.0036236047744750977
120,0.003623530617915094
9975,0.0036222143098711967
2807,0.0036186380311846733
2724,0.003615414840169251
4166,0.0036139260046184063
8698,0.0036134020192548633
7474,0.00361165520735085
869,0.0036089131608605385
1726,0.003604952129535377
6631,0.003596399212256074
2442,0.0035949001321569085
1075,0.003594532608985901
4924,0.0035899897338822484
10480,0.003587377374060452
1633,0.003586685052141547
6074,0.003584729740396142
7528,0.0035808358807116747
5655,0.0035706055350601673
6951,0.003570408094674349
7679,0.0035609983606263995
594,0.0035600103437900543
441,0.0035521502140909433
10073,0.0035508315777406096
6554,0.00354857393540442
8708,0.0035448999842628837
2500,0.0035441729705780745
732,0.003543037921190262
1114,0.0035358446184545755
9581,0.0035353642888367176
8049,0.0035349612589925528
7016,0.0035330397076904774
189,0.003528847126290202
1377,0.003520726109854877
10023,0.0035176260862499475
4538,0.0035170746268704534
965,0.0035066003911197186
1952,0.0035047857090830803
7572,0.003502526320517063
402,0.0035022502997890115
6740,0.0035020660143345594
2378,0.0034980957861989737
2725,0.0034952262649312615
6635,0.003492728224955499
87,0.003491195966489613
81,0.0034888663794845343
5939,0.0034880064195021987
2241,0.003485733293928206
3262,0.003485575201921165
40,0.003484145854599774
5026,0.003479954437352717
3278,0.003479646402411163
1870,0.0034795505926012993
3251,0.0034790723584592342
9268,0.003479059785604477
1625,0.0034780079731717706
1754,0.0034770164638757706
9805,0.0034742691786959767
2168,0.0034716310910880566
3387,0.003471018746495247
4337,0.0034701318945735693
5114,0.0034670709865167737
7567,0.003465853165835142
256,0.0034656464122235775
4819,0.003460597130469978
1159,0.0034603282110765576
7973,0.003458782797679305
7206,0.0034553436562418938
798,0.0034511638805270195
164,0.003447249415330589
1908,0.003446414368227124
1219,0.0034429746447131038
3266,0.00344293424859643
8139,0.003439044114202261
643,0.0034364594612270594
9668,0.0034352452494204044
1827,0.0034331511706113815
3505,0.0034324434818699956
71,0.003429570933803916
937,0.003428949974477291
3726,0.0034269836032763124
3985,0.0034257627557963133
5806,0.003422991023398936
1168,0.0034225910203531384
388,0.003422413836233318
7477,0.0034210332669317722
3317,0.003420306369662285
1687,0.003419909975491464
2624,0.003419242799282074
6507,0.0034190313890576363
3000,0.0034157888730987906
10309,0.003412764286622405
498,0.003409834811463952
9556,0.003401033813133836
622,0.003400782821699977
6511,0.0033969120122492313
3792,0.003396234824322164
1214,0.003387554897926748
43,0.0033866128651425242
2874,0.0033838844392448664
4688,0.0033815859351307154
5166,0.003381524933502078
6420,0.0033810753375291824
309,0.00338008941616863
3564,0.0033730855211615562
4343,0.0033704364905133843
346,0.003368572681210935
1482,0.0033625838113948703
3132,0.0033625714713707566
8006,0.0033559813164174557
829,0.0033504762686789036
1349,0.0033501378493383527
5968,0.0033457656390964985
8117,0.003341083414852619
6910,0.003337615169584751
1703,0.0033374479971826077
3307,0.0033348866272717714
8878,0.0033343019895255566
4836,0.0033308931160718203
4535,0.0033290121937170625
9670,0.003328797873109579
2022,0.00332844874355942
1580,0.0033253313740715384
3137,0.0033219027100130916
6003,0.003320707008242607
8107,0.0033176871947944164
84,0.0033171457471325994
34,0.003316554008051753
1286,0.0033160748425871134
8552,0.0033153813565149903
4523,0.003314391477033496
2073,0.00331384246237576
5971,0.0033127926290035248
645,0.003309596562758088
2447,0.00330645265057683
10314,0.003301845514215529
685,0.003298782859928906
2030,0.0032978359377011657
375,0.0032969072926789522
9216,0.0032905566040426493
3393,0.003289608983322978
584,0.003283510566689074
355,0.0032805735245347023
7029,0.0032804168295115232
5008,0.0032774234423413873
4345,0.0032682159217074513
5966,0.003266338841058314
2849,0.0032638987759128213
5369,0.0032637043623253703
4878,0.0032629473134875298
726,0.003262708312831819
3035,0.003261460456997156
335,0.0032592432107776403
6461,0.0032571317860856652
5893,0.0032540588872507215
4415,0.0032528687734156847
1509,0.0032517872750759125
2457,0.003246209118515253
297,0.003243053099140525
4160,0.003242678358219564
4458,0.003242393024265766
2827,0.0032415721798315644
1640,0.003240755293518305
7195,0.0032393881119787693
7361,0.003232521703466773
3845,0.003231318900361657
212,0.003230395959690213
8661,0.0032293122494593263
3913,0.003227824461646378
1439,0.00322261662222445
7526,0.0032212872756645083
7217,0.003220329759642482
365,0.0032186148455366492
774,0.0032162689603865147
10293,0.0032160087721422315
6551,0.0032130973413586617
6114,0.0032094174530357122
8235,0.0032071369932964444
1110,0.0032056851778179407
8087,0.0032053241739049554
5181,0.0032051379093900323
600,0.003200367442332208
1690,0.003199618309736252
3054,0.0031958594918251038
1414,0.003193190321326256
10420,0.0031898990273475647
3876,0.003189185867086053
700,0.0031880319584161043
3142,0.0031865666387602687
843,0.0031849200604483485
362,0.0031811094377189875
6818,0.0031740255653858185
6858,0.0031730973860248923
7573,0.0031689072493463755
10070,0.0031675335485488176
1162,0.003165694302879274
562,0.0031655041966587305
2533,0.003163648652844131
2176,0.0031607933342456818
5384,0.0031592309242114425
3060,0.003157645813189447
3050,0.0031553725712001324
357,0.003152890130877495
445,0.003150789998471737
9242,0.0031503811478614807
3888,0.0031464487547054887
1027,0.0031439814483746886
8604,0.003140974324196577
9254,0.003139836248010397
2972,0.0031388888601213694
3850,0.0031380753498524427
3051,0.0031377023551613092
3005,0.003136079292744398
1011,0.003135641338303685
1205,0.0031356174731627107
2765,0.003134432132355869
5816,0.0031344230519607663
2593,0.0031331697246059775
4123,0.003132763202302158
591,0.0031248852610588074
1727,0.0031207699794322252
1635,0.003116342588327825
88,0.00311522139236331
8161,0.0031095300801098347
2822,0.0031089631374925375
51,0.0031004140619188547
6058,0.0030972020467743278
2490,0.003091737860813737
6563,0.003091176156885922
3947,0.003090896410867572
2886,0.0030908294720575213
2006,0.003090811427682638
753,0.003088424913585186
6,0.003086446668021381
3313,0.0030848310561850667
7269,0.0030830722535029054
3818,0.003077253932133317
10208,0.0030754171311855316
5400,0.0030684882076457143
5595,0.0030670302221551538
6605,0.003064291668124497
6200,0.0030627010855823755
10467,0.003060028189793229
771,0.0030593302799388766
1623,0.0030589596135541797
2898,0.003057457390241325
2614,0.0030557109275832772
5582,0.0030551680829375982
1025,0.0030522019369527698
8464,0.0030513755045831203
7940,0.0030497642001137137
3212,0.0030494017992168665
3006,0.003048016340471804
1399,0.003047668724320829
2164,0.003047536942176521
896,0.0030464440351352096
1881,0.0030427768360823393
167,0.0030413144268095493
1173,0.003039895440451801
75,0.003038093214854598
8348,0.003033628221601248
652,0.0030300295911729336
492,0.003029390936717391
7864,0.003028579638339579
5612,0.003026948543265462
4646,0.0030243127839639783
10359,0.003022607183083892
3138,0.0030218298779800534
4907,0.0030135511187836528
9291,0.0030127200298011303
1367,0.0030071341898292303
396,0.003006903105415404
1939,0.0030024253064766526
2862,0.003002387238666415
10115,0.002996917231939733
4276,0.00299568148329854
4650,0.0029944966081529856
1510,0.002991435001604259
2024,0.0029913729522377253
7142,0.002990392968058586
9912,0.0029874929459765553
418,0.0029863243689760566
9649,0.002984737860970199
6141,0.002981842844747007
1949,0.002980054239742458
7816,0.0029754021670669317
5558,0.0029729981906712055
2777,0.002970344969071448
2110,0.002965271007269621
10124,0.0029650192009285092
8615,0.0029648221097886562
7644,0.0029642615700140595
888,0.002962282160297036
307,0.0029613469960168004
377,0.0029580079717561603
10117,0.002952490118332207
5919,0.0029520002426579595
4902,0.0029510241001844406
3585,0.002946403925307095
4625,0.0029442429076880217
3052,0.002943215542472899
8597,0.0029418570920825005
1166,0.002939053811132908
7647,0.0029347615782171488
8851,0.002934577874839306
1942,0.002932817442342639
1431,0.0029326056828722358
7735,0.002927847788669169
1736,0.0029263858450576663
1215,0.002920496976003051
2116,0.0029188841581344604
3445,0.002918211743235588
2844,0.0029176489915698767
4775,0.002915572142228484
1608,0.0029155192896723747
748,0.0029151136986911297
2707,0.0029124972643330693
3951,0.002906754962168634
9451,0.002905464032664895
4016,0.0029052364407107234
1302,0.0029047654243186116
587,0.0029047185089439154
3119,0.0029045355040580034
3857,0.002903307438828051
10398,0.0029022773960605264
2485,0.0029000744689255953
5908,0.0028979514027014375
5803,0.0028968791011720896
6501,0.0028964723460376263
8071,0.002893094439059496
9515,0.002892371849156916
372,0.002890966017730534
2392,0.0028902485501021147
9132,0.0028834273107349873
352,0.0028798056300729513
10386,0.002879016799852252
7615,0.0028781205182895064
3961,0.0028773911762982607
3765,0.0028728379402309656
10411,0.002866762923076749
7843,0.002864894806407392
10400,0.002863998059183359
9232,0.0028621007222682238
7532,0.0028593072202056646
2032,0.002858101506717503
4404,0.002857500221580267
817,0.0028554153395816684
1084,0.0028543344233185053
4046,0.0028467908268794417
3349,0.00284362630918622
3367,0.00283609249163419
8036,0.0028334343805909157
808,0.002833052189089358
1515,0.002830409910529852
9643,0.0028298802208155394
1076,0.0028272694908082485
2182,0.0028265417786315084
6358,0.002824371447786689
5197,0.0028238416416570544
778,0.002823673887178302
6190,0.0028232925105839968
4506,0.002822123118676245
7606,0.002817697706632316
129,0.002817233675159514
2408,0.0028159571811556816
10193,0.002814735984429717
8757,0.0028106585377827287
3353,0.002807427546940744
1538,0.0028073389548808336
574,0.0028067356906831264
9261,0.0028050753753632307
74,0.0028037673328071833
8935,0.002803741954267025
1525,0.002800790360197425
1260,0.0027986433124169707
1132,0.0027977023273706436
610,0.0027969246730208397
1609,0.002790453494526446
9139,0.00278733076993376
7337,0.0027865186566486955
6595,0.0027842125855386257
504,0.0027834336506202817
2616,0.0027829408645629883
2574,0.0027808997547253966
8324,0.0027795990463346243
687,0.0027785346610471606
6193,0.00277841545175761
7631,0.00277828355319798
5419,0.002770435530692339
8208,0.0027659680927172303
633,0.0027620600303635
2496,0.0027614192804321647
305,0.002757878857664764
5854,0.002757340553216636
3436,0.002757204812951386
5778,0.0027544342447072268
1160,0.00275398138910532
1187,0.00275190407410264
2128,0.0027503077872097492
6498,0.002749133505858481
5857,0.0027487094048410654
3460,0.002746275276876986
265,0.0027454040246084332
2444,0.002744884812273085
8003,0.002742227865383029
79,0.0027410773327574134
1729,0.0027380179380998015
1755,0.0027372207259759307
4407,0.0027367706643417478
710,0.0027345314156264067
7972,0.002734375768341124
1537,0.0027317312778905034
884,0.0027313048485666513
670,0.002729880972765386
1481,0.0027289370773360133
156,0.0027273237938061357
780,0.0027271993458271027
1463,0.002726375707425177
8230,0.0027259086491540074
4120,0.0027247373946011066
595,0.002715717302635312
1964,0.002714491100050509
9907,0.0027135616401210427
112,0.002708432381041348
7810,0.002701344550587237
9477,0.0026980710681527853
7129,0.002697393880225718
9983,0.0026968917809426785
438,0.002695268834941089
5958,0.0026949874591082335
8823,0.0026934914058074355
4529,0.0026931115426123142
4403,0.0026917076902464032
56,0.002691154135391116
564,0.002690020715817809
7404,0.0026894323527812958
8225,0.002686869469471276
5326,0.0026867209235206246
490,0.002686212072148919
8216,0.002683733939193189
2833,0.002683648490346968
7008,0.0026835082098841667
3288,0.002680279896594584
3662,0.002679971163161099
7495,0.0026784654473885894
7510,0.0026783637003973126
9356,0.002677460666745901
3637,0.002677359152585268
5745,0.0026761560002341866
9454,0.002674722345545888
4320,0.0026726379292085767
344,0.0026708923978731036
1354,0.0026685665361583233
6286,0.0026680236915126443
10152,0.002665444160811603
4285,0.002664564992301166
2117,0.0026642456650733948
2118,0.0026642456650733948
1919,0.0026637741830199957
1372,0.0026633485686033964
6610,0.0026623227167874575
5837,0.002661515842191875
927,0.0026579753030091524
9075,0.0026571779744699597
90,0.0026540036778897047
658,0.002652895054779947
2608,0.0026519959792494774
2455,0.0026499705854803324
5211,0.002649494679644704
2074,0.00264852202963084
3388,0.0026483386754989624
306,0.0026428946293890476
1236,0.002641577390022576
1778,0.002640767255797982
4098,0.002640766673721373
4131,0.0026402954244986176
9485,0.002639660728164017
4097,0.0026388736441731453
337,0.002637169440276921
5040,0.0026365843368694186
1480,0.0026348814135417342
4105,0.0026341340271756053
9231,0.002632658346556127
588,0.0026276044081896544
585,0.002626600209623575
7300,0.0026265805354341865
5264,0.00262490869499743
8241,0.002624647575430572
8677,0.0026226030895486474
787,0.0026224470930173993
2736,0.0026178882690146565
4755,0.002616903278976679
8462,0.0026135523803532124
616,0.002612931071780622
95,0.0026121207047253847
7088,0.0026109054451808333
5771,0.002610791940242052
62,0.0026085625868290663
599,0.0026076508220285177
7253,0.0026074100751429796
2001,0.002607148955576122
531,0.0026059667579829693
3642,0.0026047894498333335
5337,0.00260413798969239
2260,0.002599103143438697
5637,0.0025941500207409263
1167,0.0025936623569577932
185,0.0025933438446372747
8896,0.00259314535651356
6978,0.0025912467390298843
2977,0.002589828334748745
8342,0.002588688163086772
1700,0.0025886830408126116
453,0.0025876746512949467
3250,0.0025876101572066545
7991,0.002587085240520537
9328,0.0025867033982649446
2832,0.002585230744443834
2461,0.002581807551905513
694,0.0025813281536102295
1571,0.0025808424688875675
202,0.0025800226721912622
6912,0.002577597973868251
96,0.0025764749152585864
7671,0.0025748080806806684
7176,0.002573725301772356
5749,0.002571423421613872
2934,0.0025699830148369074
7600,0.0025621611857786775
4577,0.002561978646554053
2897,0.002560035907663405
4409,0.0025576771004125476
2047,0.002551962388679385
2349,0.002547575393691659
1973,0.0025455232243984938
8694,0.002543916692957282
6587,0.002539288718253374
2821,0.002537575433962047
6799,0.002535584499128163
4726,0.0025345119647681713
5768,0.002533492399379611
26,0.002532858867198229
64,0.0025315621169283986
3341,0.0025259252870455384
334,0.0025248893070966005
3329,0.002524599665775895
1903,0.0025226841680705547
8072,0.002519735135138035
4405,0.0025146513944491744
6764,0.0025143130915239453
4636,0.0025119580095633864
4270,0.0025099647464230657
1450,0.00250803679227829
1257,0.002507070079445839
5221,0.0025019862223416567
598,0.0025019096210598946
3201,0.002500594942830503
697,0.0024987119249999523
6969,0.002494442043825984
752,0.002492909086868167
9771,0.0024923610035330057
831,0.0024900621501728892
1105,0.00248996599111706
5904,0.002488569705747068
533,0.0024852551287040114
1750,0.002485085278749466
2192,0.0024839213583618402
3320,0.002483129152096808
1423,0.0024829439353197813
6087,0.0024817963130772114
1316,0.0024814587086439133
2566,0.0024800937389954925
8306,0.0024748124415054917
5013,0.002468623802997172
2144,0.0024669795529916883
4920,0.002466650679707527
10002,0.002465057303197682
7074,0.0024644617224112153
5392,0.002464245422743261
7109,0.0024628955870866776
743,0.0024585375795140862
1361,0.0024566089268773794
2370,0.0024555500131100416
649,0.0024554725969210267
9384,0.002454059198498726
589,0.0024539617588743567
6392,0.002452728687785566
1567,0.0024498336715623736
632,0.002448858111165464
5683,0.002445183810777962
10127,0.0024443588918074965
10456,0.002441082149744034
3741,0.0024399844696745276
1364,0.0024391612969338894
3775,0.0024388073943555355
2869,0.002435166039504111
3812,0.0024302667006850243
9831,0.00243024539668113
1026,0.0024300733348354697
8313,0.0024300371296703815
1407,0.0024265818065032363
2356,0.0024264917010441422
1042,0.0024223835207521915
6425,0.0024218613980337977
2280,0.0024207649985328317
5235,0.00241998175624758
1932,0.002419947413727641
644,0.002417509094811976
8686,0.0024151118705049157
1061,0.0024147762451320887
2729,0.002411983790807426
10228,0.002410406363196671
2928,0.0024101712042465806
7040,0.0024069598875939846
4704,0.0024021014105528593
3546,0.0024005225859582424
9208,0.0023994597140699625
9697,0.0023980331607162952
6804,0.002397388103418052
2166,0.002396224648691714
6456,0.002395667601376772
1645,0.002391014830209315
7475,0.0023899421794340014
5823,0.0023899247171357274
9026,0.0023893279721960425
2425,0.0023878710344433784
8445,0.002387261250987649
9440,0.002380282967351377
9780,0.0023795817978680134
3824,0.0023783764336258173
7983,0.0023780333576723933
1861,0.002377251395955682
5614,0.0023769709514454007
9177,0.002376278047449887
7275,0.002375158597715199
10321,0.0023749786196276546
123,0.002374746836721897
913,0.0023727850057184696
7826,0.002372684655711055
2536,0.002371528302319348
6070,0.002370469504967332
2331,0.0023700783494859934
1516,0.0023676337441429496
10294,0.002366379019804299
7769,0.002366058062762022
6888,0.002365250140428543
2954,0.0023644162574782968
103,0.0023644056636840105
10051,0.002358959405682981
5409,0.002354952390305698
1045,0.002352547599002719
1890,0.0023519241949543357
4473,0.002348837675526738
1311,0.002348017762415111
1226,0.002346301102079451
1077,0.0023456303169950843
3183,0.002343410043977201
1192,0.0023409577552229166
7057,0.0023407902335748076
5271,0.00234067696146667
8336,0.002337559242732823
623,0.0023369030095636845
6493,0.0023359371116384864
6921,0.002334613702259958
2873,0.0023341203341260552
3394,0.002331784227862954
5694,0.0023298257729038596
6899,0.002329721231944859
2820,0.0023268357617780566
4392,0.0023253924446180463
1854,0.002324578817933798
1139,0.0023235740372911096
5487,0.0023233677493408322
8881,0.0023209266364574432
8892,0.0023188970517367125
916,0.002316423342563212
555,0.002311655320227146
6723,0.002308623748831451
6841,0.002304278197698295
8321,0.0022999782813712955
1293,0.0022986169205978513
5444,0.0022970896679908037
6883,0.0022968139965087175
836,0.0022956114262342453
5333,0.0022947120014578104
36,0.002294226549565792
3852,0.0022941179340705276
10004,0.002293091034516692
1560,0.0022929857950657606
609,0.0022923772921785712
8582,0.002289912197738886
181,0.0022886472288519144
444,0.0022852953989058733
1925,0.0022838112199679017
4484,0.0022835034178569913
2825,0.0022816910641267896
169,0.002281192457303405
6128,0.0022807230707257986
6568,0.0022795599652454257
1326,0.0022793577518314123
4316,0.0022789487848058343
5592,0.0022783869644626975
7,0.0022754292003810406
11,0.0022754292003810406
9,0.0022754292003810406
10,0.0022754292003810406
1472,0.0022743161534890532
10452,0.0022724627051502466
4794,0.00227180914953351
1855,0.002265869756229222
2908,0.0022630738094449043
4263,0.002262989291921258
8662,0.0022627351572737098
651,0.0022598402574658394
634,0.0022591593442484736
5805,0.002257633372209966
7165,0.0022569065913558006
5698,0.0022553311428055167
436,0.0022543318336829543
8539,0.002251512836664915
1800,0.002249471261166036
91,0.0022486314410343766
6460,0.002248573349788785
1849,0.002248231088742614
6402,0.0022366862976923585
1203,0.0022359570721164346
163,0.002233290229924023
2763,0.002232567872852087
4953,0.0022308987099677324
5623,0.002229023026302457
221,0.002224952564574778
854,0.002223129733465612
7566,0.002222522394731641
2718,0.002221985603682697
70,0.002216949826106429
6274,0.0022115614265203476
4737,0.002211199374869466
6647,0.0022090922575443983
8702,0.0022063637152314186
3601,0.002202606061473489
2089,0.002201898372732103
10477,0.00220185867510736
917,0.002201678464189172
911,0.0022000469034537673
7969,0.0021978040458634496
7748,0.002197793684899807
2080,0.002195335109718144
4327,0.002195218577980995
5079,0.002194381901063025
9954,0.0021936973789706826
8651,0.0021936423145234585
8052,0.0021928988862782717
9790,0.00219252472743392
5596,0.002191976993344724
150,0.002190997591242194
9247,0.0021904741879552603
6407,0.0021865051239728928
5282,0.0021809200989082456
1818,0.002180910320021212
9601,0.002178583643399179
1692,0.0021782477851957083
5742,0.00217435066588223
6438,0.0021734716137871146
3670,0.0021699067438021302
4550,0.0021682861261069775
9701,0.0021682637743651867
7680,0.00216811487916857
5898,0.0021672957809641957
275,0.0021615972509607673
657,0.0021610312396660447
10438,0.002160406089387834
277,0.0021603996865451336
10286,0.002159648109227419
2941,0.002158403513021767
2298,0.002157540526241064
7018,0.0021573251578956842
2079,0.0021551859099417925
1884,0.002151648746803403
6344,0.0021511848317459226
7917,0.002149217645637691
2657,0.0021489805076271296
3485,0.002147719031199813
6693,0.0021447441540658474
2191,0.0021444945596158504
2009,0.002143959980458021
582,0.0021435354137793183
7140,0.0021425927989184856
4962,0.0021422328427433968
2723,0.0021421253914013505
1140,0.0021413543727248907
5273,0.002139544812962413
92,0.0021370082395151258
5808,0.0021356736542657018
1245,0.0021350065944716334
7405,0.0021338288206607103
7292,0.002133001107722521
2979,0.002129334839992225
406,0.002128294203430414
3903,0.002127051120623946
737,0.0021266991971060634
9793,0.002126692095771432
3003,0.0021261093206703663
9486,0.0021244847448542714
3171,0.0021220798371359706
8608,0.0021205272059887648
579,0.0021203437354415655
8612,0.00212030834518373
6441,0.002118866890668869
493,0.0021188618848100305
1831,0.002118724398314953
133,0.0021178434835746884
3117,0.0021171802654862404
7025,0.0021163240307942033
1418,0.0021138889715075493
9257,0.002110081957653165
905,0.002109118504449725
9256,0.0021085668122395873
1477,0.0021077501587569714
8042,0.0021072837989777327
271,0.0021069025387987494
6890,0.002105085412040353
31,0.0021030011121183634
1820,0.002102892962284386
5888,0.002102460595779121
3321,0.002101803431287408
1746,0.0021010529017075896
725,0.0020999343832954764
6462,0.0020995440427213907
392,0.002098057884722948
7101,0.0020979769760742784
5183,0.002097909222356975
4073,0.002097402000799775
2126,0.002096639829687774
6881,0.0020964371506124735
1616,0.0020956576336175203
10290,0.002095327712595463
6480,0.002095242263749242
4199,0.002093705232255161
8991,0.0020909683080390096
9755,0.0020882936660200357
6086,0.002087764674797654
8591,0.002086595050059259
4565,0.002085225540213287
3441,0.0020851303124800324
6216,0.0020840559154748917
9091,0.0020836018957197666
9166,0.0020834951428696513
4802,0.002082798513583839
5213,0.0020794026786461473
8060,0.0020767238456755877
8942,0.0020755096338689327
5403,0.0020744353532791138
10175,0.0020717423176392913
316,0.002071632072329521
332,0.0020703193731606007
4821,0.0020695067942142487
9828,0.0020685484632849693
1417,0.002066693501546979
999,0.0020666291238740087
3613,0.0020665323827415705
8960,0.002066400134935975
2362,0.002065575565211475
6580,0.002064687549136579
2070,0.002059606369584799
5607,0.002059038379229605
702,0.002051161020062864
4443,0.0020484054693952203
4733,0.0020474661141633987
2120,0.002046198002062738
2300,0.0020399736240506172
8979,0.0020396729232743382
1142,0.002039640094153583
2508,0.002039522398263216
6308,0.0020393111044541
6980,0.002037745900452137
10268,0.0020371468272060156
6151,0.002036765799857676
4892,0.0020361945498734713
5497,0.002035757526755333
5299,0.002035690238699317
448,0.0020347529789432883
6207,0.00203474098816514
6458,0.002032753312960267
3148,0.0020320561015978456
1101,0.0020310241961851716
3905,0.0020307102240622044
851,0.002030442701652646
8297,0.0020300494506955147
4104,0.0020293107954785228
3452,0.00202799413818866
1819,0.002027351059950888
461,0.0020267401123419404
4390,0.0020262872567400336
7097,0.0020261930767446756
7403,0.002023630775511265
4471,0.0020200960570946336
1982,0.002018896397203207
9394,0.0020176860271021724
10215,0.0020155059173703194
4897,0.0020132468780502677
10460,0.0020104425493627787
3065,0.002005587099120021
2224,0.0020052192267030478
820,0.002000721637159586
7966,0.0019994075410068035
7484,0.0019990489818155766
1892,0.001998975407332182
10194,0.0019975024042651057
6937,0.001995084108784795
9941,0.001993383397348225
5597,0.0019929411355406046
739,0.001991760218515992
10491,0.001991688972339034
4399,0.0019905908266082406
7534,0.001988986390642822
472,0.0019881532061845064
4496,0.0019875220023095608
1329,0.001986984396353364
7596,0.0019866531947627664
2160,0.0019863536581397057
4516,0.0019833447877317667
2734,0.0019827374489977956
2504,0.0019821637542918324
2226,0.0019796262495219707
1880,0.001979043008759618
2398,0.0019789523212239146
166,0.001975867780856788
592,0.001974009210243821
5296,0.001973744132556021
4425,0.00197161384858191
2804,0.001970355282537639
5724,0.0019700992852449417
1255,0.0019695903174579144
10257,0.0019688057363964617
1317,0.0019680842524394393
5618,0.0019678925164043903
707,0.001967041287571192
6148,0.0019655973883345723
6147,0.0019655973883345723
6317,0.001965424860827625
7043,0.0019638730445876718
7147,0.0019636976066976786
5502,0.001963346148841083
2231,0.0019632497569546103
10437,0.0019622225663624704
2808,0.0019620624952949584
1088,0.0019597659120336175
5598,0.0019594394834712148
3962,0.0019586735870689154
8068,0.001958606590051204
304,0.001957885338924825
4070,0.00195654493290931
5665,0.0019554573227651417
742,0.0019553416059352458
3830,0.0019552194280549884
8545,0.0019547785632312298
966,0.0019530159188434482
200,0.0019521627691574395
4784,0.00195028237067163
6735,0.0019498126348480582
4250,0.001949238940142095
998,0.0019480821792967618
8992,0.001945120864547789
6781,0.0019434324349276721
924,0.0019429210224188864
5681,0.0019404113409109414
1650,0.0019399212906137109
8791,0.0019399042939767241
1937,0.0019355851109139621
143,0.0019347729394212365
3543,0.0019329527858644724
9299,0.00193264294648543
9531,0.001932278391905129
8437,0.0019292085198685527
5287,0.0019290584605187178
3858,0.0019271947094239295
5507,0.0019260926637798548
1009,0.0019257109961472452
371,0.0019239800749346614
8409,0.00192209956003353
153,0.0019220964168198407
1416,0.001919787668157369
9562,0.0019195883651264012
9563,0.0019195883651264012
9120,0.0019166015554219484
8932,0.001915794040542096
10364,0.0019142412929795682
1972,0.0019139100331813097
6446,0.0019121240475215018
7000,0.0019112824811600149
7241,0.0019084675004705787
5594,0.0019072000868618488
2973,0.001904621021822095
6162,0.0019026685040444136
1335,0.0019008912495337427
4560,0.0018999000312760472
10369,0.001899620285257697
570,0.001898044953122735
8172,0.0018961361492983997
4379,0.001892926578875631
5909,0.0018926137126982212
4222,0.0018910234794020653
10145,0.0018902813899330795
1626,0.0018892582156695426
3272,0.0018883156590163708
1071,0.0018869080813601613
4155,0.0018836113158613443
235,0.0018830773187801242
1376,0.0018818050157278776
407,0.0018816752708517015
6398,0.0018807312590070069
5286,0.0018807027954608202
9493,0.0018799871322698891
8277,0.001878152834251523
3086,0.0018775362404994667
1082,0.001875492453109473
2413,0.0018741436069831252
3501,0.0018738095532171428
972,0.0018719685031101108
3584,0.0018713894532993436
3055,0.0018682617810554802
8946,0.0018664132803678513
170,0.001865845755673945
8601,0.0018657927867025137
8822,0.0018643138464540243
432,0.0018637188477441669
6682,0.0018624922377057374
10095,0.0018599335453473032
919,0.0018599043251015246
1514,0.0018596750451251864
6075,0.0018595545552670956
5421,0.001857872528489679
9765,0.001856472052168101
4483,0.001856307964771986
8835,0.0018514974508434534
9240,0.0018514192197471857
578,0.001848858781158924
6616,0.001848637592047453
279,0.0018474439857527614
1931,0.001846355909947306
6848,0.001846006023697555
9421,0.0018457671394571662
2664,0.0018433459335938096
6979,0.00183833425398916
2043,0.0018375610816292465
6077,0.0018362151458859444
408,0.0018326533026993275
313,0.0018321496318094432
2530,0.0018310892046429217
219,0.0018304487457498908
2512,0.001829473243560642
3669,0.0018252708250656724
5793,0.0018235371680930257
3357,0.001822170801460743
9250,0.001821911137085408
9781,0.0018218359909951687
10489,0.0018212003051303327
1178,0.0018189658876508474
1961,0.001817056501749903
4712,0.0018169882823713124
6408,0.0018162232590839267
1572,0.0018156362930312753
9718,0.0018156134174205363
2465,0.001815580006223172
7936,0.0018096441635861993
6409,0.0018070288351736963
8239,0.0018068328499794006
2311,0.0018063248135149479
2638,0.001805491920094937
5759,0.0018029090715572238
1602,0.0017978717805817723
558,0.0017967373714782298
1767,0.0017958515090867877
2852,0.001794954587239772
146,0.001794013543985784
8828,0.001793238043319434
931,0.001792527677025646
9751,0.0017922307015396655
5301,0.0017917538061738014
3820,0.0017913166666403413
3532,0.0017902004183270037
291,0.0017886454006657004
382,0.0017859890358522534
5605,0.0017855334444902837
1040,0.001784882799256593
5397,0.00178381655132398
4763,0.00178371905349195
1279,0.0017815413884818554
3111,0.0017771809361875057
2569,0.0017730166437104344
2598,0.001772466057445854
2450,0.0017716564470902085
2567,0.0017706954386085272
1158,0.001769428257830441
4766,0.0017667952342890203
1449,0.0017667273059487343
8085,0.0017666509374976158
4049,0.001761265390086919
1228,0.0017581070424057543
6034,0.0017578703700564802
3246,0.0017562686698511243
3443,0.0017554425867274404
969,0.001754983386490494
1395,0.0017523332498967648
4504,0.0017507383017800748
9638,0.0017500088433735073
1874,0.001749798422679305
1394,0.001749440561980009
7942,0.0017492566257715225
4213,0.0017488308367319405
9713,0.0017431455780752003
293,0.0017421527882106602
1607,0.0017420180374756455
124,0.001740468549542129
9244,0.001739203231409192
8589,0.0017389013664796948
8640,0.0017388559062965214
4466,0.0017379028722643852
6202,0.0017366688698530197
1049,0.0017359902267344296
7024,0.0017357798060402274
6636,0.0017354643205180764
900,0.0017337657627649605
1277,0.0017325993976555765
409,0.0017299741157330573
1901,0.0017272786935791373
3457,0.001725346373859793
37,0.0017248947988264263
4558,0.0017201646696776152
3074,0.0017184065072797239
1062,0.0017183537711389363
1748,0.0017160766292363405
3785,0.0017132021021097898
2200,0.0017108507454395294
3480,0.0017103857244364917
977,0.0017097185482271016
653,0.0017067563021555543
2436,0.0017056632204912603
847,0.0017055355128832161
3707,0.0017047692090272903
7409,0.0017047346918843687
1184,0.001704151276499033
3964,0.0017020998056977987
8994,0.0016988348797895014
4570,0.001696389401331544
1850,0.0016939923516474664
901,0.001692573248874396
2498,0.001690036035142839
4328,0.0016894722357392311
4128,0.00168835703516379
175,0.0016883218195289373
10430,0.0016857121954672039
3339,0.001685543975327164
3419,0.0016840090975165367
3624,0.0016803113976493478
7437,0.001679710578173399
7887,0.0016795688425190747
9747,0.0016795456758700311
2980,0.0016766020562499762
10148,0.0016754800453782082
883,0.0016740180435590446
216,0.0016728652408346534
709,0.001672643527854234
8152,0.0016720020212233067
5398,0.0016706859460100532
9410,0.0016681126435287297
2909,0.0016661453410051763
5697,0.0016654098872095346
2552,0.0016650946345180273
3377,0.001661508169490844
6974,0.0016608720761723816
2261,0.001660789828747511
273,0.0016591857420280576
4388,0.0016561722732149065
2390,0.0016555837937630713
132,0.0016543542733415961
107,0.0016524317325092852
9497,0.0016523629892617464
620,0.0016519984928891063
5615,0.0016515578026883304
4574,0.0016494528972543776
7750,0.0016490478883497417
980,0.0016489658155478537
1015,0.0016480396734550595
7997,0.0016464850632473826
4044,0.0016454715514555573
2559,0.001644075382500887
4805,0.0016407605726271868
3810,0.001637892215512693
7727,0.001637654670048505
8936,0.001637340523302555
4908,0.0016345661133527756
2766,0.0016325084725394845
7960,0.0016323229065164924
9050,0.0016321914154104888
6686,0.0016308989142999053
3412,0.0016295156092382967
7978,0.0016294395900331438
8482,0.0016284133307635784
1375,0.00162730977172032
3085,0.001625985314603895
4171,0.0016235358198173344
6400,0.0016226904117502272
105,0.0016215703217312694
10476,0.0016187919536605477
5562,0.001618695561774075
1556,0.0016184746637009084
6350,0.0016180893871933222
1238,0.0016179374069906771
5329,0.0016177651705220342
3609,0.0016168323927558959
830,0.0016134966863319278
4336,0.0016128428396768868
3683,0.0016118863713927567
6415,0.0016116086626425385
6153,0.0016115434118546546
895,0.0016094003221951425
3573,0.001609324011951685
9837,0.0016080120112746954
3530,0.0016075902385637164
5911,0.0016048899269662797
1152,0.0016035685548558831
2684,0.001603010983671993
4012,0.0016020703478716314
1247,0.0016015812288969755
290,0.0016014131833799183
417,0.0016004227218218148
3172,0.0016003052587620914
7034,0.0015990152605809271
9904,0.0015969413798302412
5812,0.0015943338512443006
7177,0.001593469234649092
8073,0.0015933089889585972
142,0.0015895387041382492
5149,0.0015885490574873984
1658,0.0015871311188675463
6401,0.001585635938681662
8843,0.001584378769621253
8138,0.0015840335399843752
9415,0.0015834661899134517
4777,0.0015828286996111274
4214,0.001580903772264719
9574,0.0015787567826919258
2884,0.0015771776670590043
4024,0.0015752139152027667
9526,0.001574740803334862
10323,0.0015743544208817184
5074,0.0015742233372293413
9053,0.0015738836373202503
2587,0.0015731746098026633
8474,0.0015701523516327143
8004,0.0015696535701863468
2768,0.0015688458224758506
2288,0.0015682950033806264
93,0.0015663811936974525
8977,0.0015660320059396327
9341,0.0015641585341654718
4742,0.0015641296631656587
6210,0.0015633453149348497
4700,0.001562743098475039
2937,0.0015627259854227304
6813,0.0015610480913892388
2048,0.0015608847606927156
5173,0.0015606647357344627
3083,0.0015601337072439492
9138,0.001559192140121013
3780,0.001558588701300323
9920,0.0015577812446281314
9013,0.0015576952137053013
6231,0.0015572134871035814
2507,0.0015552535187453032
8338,0.0015552497352473438
6097,0.0015542933833785355
2917,0.001552982022985816
7027,0.0015508353244513273
4609,0.0015500594745390117
2263,0.001548243686556816
7243,0.0015462731244042516
7851,0.0015424001612700522
3511,0.0015423116856254637
9020,0.0015412202337756753
1346,0.0015394615475088358
2256,0.0015372869092971087
941,0.0015341780963353813
6803,0.0015341537655331194
8856,0.0015316536300815642
339,0.0015301273670047522
3677,0.0015296494821086526
791,0.00152955501107499
1611,0.0015294114127755165
4507,0.0015287150163203478
9068,0.0015281631494872272
3076,0.0015269949799403548
9782,0.0015269352588802576
3175,0.0015260917716659606
282,0.0015258187195286155
3345,0.0015255584148690104
1020,0.0015254379832185805
2647,0.0015248350682668388
9654,0.001523819868452847
3563,0.0015233252779580653
399,0.0015229886048473418
1896,0.0015223805094137788
5290,0.0015206052921712399
10338,0.0015138836461119354
6048,0.0015109244850464165
3836,0.00151034229202196
1262,0.0015095067210495472
1240,0.0015051841619424522
6297,0.0015043366001918912
692,0.0015028342604637146
3886,0.001502762024756521
405,0.001502489612903446
131,0.0014995165402069688
9276,0.0014994004741311073
6371,0.0014970655902288854
4629,0.0014960270491428673
5682,0.0014955205260775983
3561,0.0014947681338526309
8090,0.00149453867925331
5428,0.001493114628829062
6609,0.001490932481829077
3581,0.0014883449184708297
7673,0.001486820459831506
3219,0.001486776047386229
1739,0.001485247106757015
1606,0.0014841402880847454
10227,0.0014837123453617096
1074,0.0014826246770098805
2206,0.001479855738580227
933,0.0014785767998546362
2740,0.001477910322137177
9294,0.0014777930337004364
5556,0.0014775983290746808
7743,0.001475660887081176
2216,0.001473751268349588
6365,0.001473225187510252
9897,0.0014716475270688534
1195,0.0014709237148053944
7633,0.0014705178327858448
2716,0.0014699108432978392
8283,0.0014686387730762362
1288,0.0014681430766358972
7766,0.0014670771197415888
6634,0.0014665141934528947
1554,0.0014656749553978443
6357,0.001462745713070035
7861,0.0014626327902078629
1562,0.0014620883157476783
4085,0.0014615270192734897
4690,0.0014610307407565415
2184,0.001459880848415196
9867,0.001459585502743721
5774,0.00145898008486256
4793,0.0014566517202183604
515,0.0014562589349225163
1145,0.0014559237170033157
10316,0.001455045654438436
4863,0.0014548118342645466
3143,0.00145461451029405
3152,0.0014543801080435514
2429,0.0014534556539729238
5931,0.001453141332603991
7800,0.0014518068637698889
8515,0.0014510119799524546
6369,0.0014508741442114115
5321,0.0014506260049529374
1116,0.0014490419416688383
2220,0.0014487693551927805
5783,0.0014486954314634204
4375,0.0014486286672763526
1201,0.0014481401885859668
5635,0.0014480166137218475
390,0.001444896508473903
3334,0.0014444651314988732
7854,0.0014437425998039544
4090,0.0014427286805585027
7841,0.0014417872298508883
4339,0.0014408168499357998
5819,0.0014394132886081934
9388,0.0014380714856088161
9743,0.0014371835859492421
5776,0.0014364859089255333
6483,0.0014363328227773309
8377,0.001436113496311009
1879,0.0014356437022797763
10403,0.0014341486967168748
1267,0.0014312499552033842
9032,0.00143075967207551
267,0.0014301292249001563
5276,0.0014300657203420997
508,0.0014296380104497075
9509,0.0014291434781625867
4716,0.0014278110465966165
3930,0.0014276341535151005
7183,0.0014272506814450026
1324,0.0014251883840188384
4732,0.0014249829109758139
9794,0.0014239808660931885
2702,0.00142368592787534
5024,0.0014218309661373496
7352,0.0014209516812115908
10308,0.0014203288010321558
3116,0.001419954642187804
483,0.001419918320607394
2584,0.0014187413034960628
6333,0.0014182942686602473
2848,0.0014181156875565648
2706,0.0014173892559483647
3636,0.001415761886164546
9544,0.0014157031546346843
8141,0.0014153680531308055
10299,0.0014136936515569687
7788,0.0014128823531791568
1374,0.0014104292495176196
4030,0.001409948046784848
9190,0.0014086986193433404
1517,0.0014075789949856699
1548,0.001401816844008863
9909,0.0013969714054837823
6372,0.0013953644083812833
3847,0.0013953209854662418
9656,0.0013943167869001627
1360,0.0013936707400716841
1928,0.0013929585693404078
690,0.0013928283005952835
225,0.0013913657749071717
1731,0.0013901793281547725
223,0.0013891603448428214
9502,0.0013884456711821258
4442,0.0013865172513760626
9534,0.001385306240990758
367,0.0013841202016919851
1981,0.0013841079198755324
9179,0.001382344460580498
1684,0.0013812192482873797
2292,0.0013809751253575087
1757,0.0013806973583996296
3832,0.0013803954352624714
5370,0.0013784754555672407
659,0.0013783586327917874
10397,0.0013780296430923045
7728,0.0013769372599199414
7400,0.001376631436869502
7001,0.0013765564654022455
7224,0.001375691150315106
6891,0.0013734778622165322
840,0.0013734188978560269
9725,0.0013723564916290343
6720,0.0013718964764848351
6264,0.0013718229020014405
2162,0.0013712368672713637
266,0.001371220510918647
8436,0.0013710820931009948
8376,0.0013709187624044716
6096,0.0013665641890838742
1033,0.001365774020086974
197,0.0013647531159222126
9408,0.0013647109153680503
1966,0.0013631932088173926
8164,0.001362442271783948
9223,0.0013624057173728943
3932,0.001362346753012389
1803,0.0013616475043818355
3399,0.0013584099942818284
9450,0.001358305278699845
7914,0.001358227978926152
1661,0.0013571236049756408
2187,0.0013565098051913083
8333,0.001354799314867705
8104,0.0013547831331379712
6318,0.0013547792914323509
1379,0.0013547156704589725
797,0.0013527025585062802
10250,0.0013524343958124518
1428,0.0013513549347408116
2975,0.0013511325232684612
230,0.0013496612082235515
10295,0.001349595026113093
5042,0.0013492568978108466
5070,0.0013480748748406768
6330,0.001347929472103715
7017,0.0013469302211888134
9200,0.0013464068179018795
6560,0.0013447587843984365
730,0.0013434244901873171
6968,0.001342535309959203
2617,0.0013420134782791138
1815,0.0013418648741208017
249,0.0013416146975941956
9598,0.001339874928817153
4042,0.001339640119113028
6475,0.0013388890656642616
2904,0.001337377936579287
387,0.0013368583749979734
7194,0.0013355907867662609
6320,0.0013347486965358257
3524,0.0013337241252884269
2835,0.0013334410614334047
2278,0.0013332917005755007
1591,0.0013289866037666798
12,0.0013276275712996721
6949,0.001327415811829269
1400,0.0013266871683299541
832,0.0013260857085697353
4479,0.0013259010738693178
10384,0.0013245731825008988
8528,0.0013239847030490637
7908,0.0013235645019449294
8895,0.0013233176432549953
1237,0.0013231011107563972
3880,0.001321326824836433
8978,0.0013205775176174939
2266,0.0013204629067331553
5256,0.0013202474219724536
1559,0.0013201854890212417
10069,0.0013197758817113936
8143,0.0013175984495319426
3899,0.001316240755841136
864,0.0013156503555364907
5926,0.0013155727065168321
3672,0.0013150317245163023
222,0.001314938417635858
5943,0.0013146173441782594
4400,0.0013140884693711996
3842,0.0013133237953297794
5177,0.0013117424095980823
948,0.0013086172402836382
6892,0.0013069082633592188
7849,0.0013065498787909746
10085,0.0013061342760920525
10238,0.001304579433053732
2713,0.0013042974169366062
3731,0.001303663186263293
9732,0.0013028754037804902
378,0.0013020909391343594
8948,0.001300805015489459
5462,0.001299773110076785
6512,0.001298836199566722
4259,0.0012970993993803859
10407,0.0012951779644936323
4178,0.0012934826663695276
5393,0.0012934747501276433
2843,0.0012919441214762628
10216,0.0012918648426420987
2387,0.0012914647231809795
3270,0.0012904388713650405
479,0.0012901004520244896
1232,0.0012895857216790318
9821,0.0012888446217402816
9142,0.0012879694113507867
7616,0.0012859682319685817
741,0.0012857425026595592
8975,0.001285561767872423
10455,0.0012845328310504556
4449,0.0012839363189414144
7167,0.001282726472709328
9693,0.0012809751788154244
8995,0.0012804214493371546
2727,0.001280018885154277
2469,0.0012798294192180037
6467,0.0012790495529770851
113,0.0012784957070834935
1469,0.0012775041395798326
9152,0.001277453440707177
8574,0.0012764023849740624
1270,0.0012763608829118311
4051,0.001275296846870333
3556,0.0012749393354170024
8969,0.0012747300206683576
563,0.0012745222775265574
2000,0.0012734844349324703
2923,0.0012728923466056585
1252,0.0012724468833766878
550,0.0012714292970485985
3541,0.0012707203859463334
7096,0.0012705501867458224
4158,0.0012686399859376252
5203,0.0012671754811890423
4616,0.001259966695215553
3971,0.0012593659339472651
5917,0.0012586936936713755
10246,0.0012561954208649695
505,0.001255852752365172
1923,0.0012550795800052583
7870,0.00125178846064955
2642,0.0012515390990301967
2581,0.0012504154001362622
10166,0.0012500642333179712
7302,0.0012494187685661018
8079,0.001249204738996923
9586,0.0012467318447306752
1284,0.0012465092586353421
4571,0.0012458056444302201
6618,0.0012450123904272914
354,0.001243956619873643
6388,0.0012437401455827057
4284,0.0012434034142643213
1190,0.0012411842471919954
9229,0.001240418350789696
2406,0.0012395481462590396
3218,0.0012389988405629992
1521,0.0012379367253743112
8841,0.001236266572959721
9044,0.0012356649967841804
8735,0.0012355871149338782
8964,0.001234362251125276
8062,0.0012322781840339303
5522,0.0012312742182984948
47,0.0012300739763304591
3018,0.0012270367005839944
1387,0.0012267871643416584
5012,0.0012254157336428761
1752,0.0012254142784513533
7900,0.0012227203696966171
9448,0.0012210016138851643
8777,0.0012203978258185089
1053,0.001220249687321484
208,0.0012194421724416316
5059,0.0012192463618703187
8742,0.0012189772096462548
6360,0.0012188450782559812
6882,0.0012179581681266427
7350,0.0012176010059192777
734,0.0012169387191534042
9159,0.001215545809827745
1363,0.0012153153656981885
5423,0.001214878517203033
7039,0.0012138860765844584
2915,0.001213416166137904
5847,0.0012104593915864825
8818,0.00121025659609586
7345,0.0012098262668587267
4995,0.0012093259720131755
2640,0.0012085402267985046
1181,0.0012085033813491464
7230,0.0012080876622349024
8758,0.0012072345125488937
9194,0.001204072032123804
1962,0.0012028402998112142
1603,0.0012010487262159586
2454,0.0012005186872556806
8455,0.001200136379338801
2653,0.0011984140728600323
871,0.0011982765863649547
7460,0.0011965695302933455
3281,0.001195724355056882
1714,0.0011954398360103369
1780,0.0011935323709622025
1713,0.001193482312373817
5951,0.0011934623471461236
10390,0.0011926657753065228
1273,0.0011915155919268727
2284,0.0011886690044775605
5265,0.0011883138795383275
1989,0.001186838955618441
2741,0.001185622822958976
6679,0.0011845078552141786
9571,0.0011843772954307497
45,0.0011826262343674898
7407,0.001182379957754165
684,0.0011822138912975788
571,0.0011807361734099686
3843,0.0011778334737755358
3536,0.0011770292767323554
5406,0.001174375880509615
9372,0.0011732404818758368
519,0.0011711458209902048
5703,0.0011703145573846996
8504,0.0011695765424519777
5713,0.001169116236269474
2922,0.001169053080957383
2916,0.0011684077908284962
5661,0.0011671935790218413
10015,0.0011671324609778821
9694,0.0011657613213174045
1370,0.0011657109716907144
8340,0.001165567256975919
1655,0.0011638301657512784
2240,0.001163112698122859
6312,0.0011623077443800867
9917,0.0011612401576712728
1543,0.0011594519601203501
2728,0.0011591500951908529
1151,0.0011584642925299704
155,0.0011569485650397837
4286,0.0011565500171855092
5666,0.0011560097336769104
8797,0.0011557613615877926
8872,0.0011534527293406427
6284,0.0011527371825650334
7146,0.0011520104017108679
10375,0.0011496217921376228
6266,0.0011495185317471623
2677,0.0011486803996376693
2130,0.0011480051325634122
7441,0.0011470286990515888
4515,0.0011457285727374256
5634,0.0011454267078079283
3689,0.0011451184400357306
2245,0.0011443864204920828
1258,0.0011439057416282594
6515,0.0011434569023549557
2518,0.0011407509446144104
1796,0.0011407083366066217
2628,0.0011404030956327915
8752,0.001139291562139988
2845,0.001138501102104783
4322,0.0011372168664820492
1656,0.0011371468426659703
6309,0.0011368622654117644
1177,0.0011360293137840927
5754,0.0011339556658640504
5222,0.0011323182261548936
2860,0.0011314701405353844
10181,0.0011295469012111425
4292,0.0011287591769360006
2056,0.0011274759890511632
536,0.001127344265114516
6260,0.0011271946714259684
7144,0.0011270562536083162
1246,0.0011257167207077146
6411,0.0011241264874115586
6299,0.0011228960356675088
8159,0.0011228863731957972
1123,0.00112237868597731
5930,0.0011222390457987785
3474,0.0011204885668121278
3072,0.0011201984016224742
8405,0.0011200097505934536
5056,0.0011171313235536218
1433,0.0011166161857545376
10021,0.0011140245478600264
10187,0.001113245147280395
547,0.001111763238441199
9148,0.0011113613145425916
7438,0.001109634235035628
1765,0.0011068293824791908
899,0.0011063100537285209
7569,0.0011059596436098218
5629,0.0011045890278182924
1933,0.001103911839891225
9300,0.0011029906454496086
4959,0.0011026639258489013
9303,0.0011026124702766538
4261,0.0011022189282812178
5220,0.0011017168872058392
2405,0.001100146968383342
5914,0.0011000995873473585
4750,0.0010995655902661383
7621,0.001098026754334569
4589,0.0010978521895594895
6836,0.0010975506156682968
5260,0.0010974293109029531
5029,0.0010963696404360235
9004,0.0010951546719297767
9740,0.001093731028959155
1164,0.0010933118755929172
5315,0.0010922845685854554
4068,0.0010905509698204696
10435,0.0010903600486926734
1783,0.001089854573365301
443,0.0010894768056459725
5411,0.001088119635824114
8309,0.0010875475127249956
1549,0.0010870957630686462
1761,0.0010869702091440558
7962,0.0010852254345081747
534,0.0010840082541108131
2258,0.0010832842090167105
7117,0.0010832761763595045
9495,0.0010831174440681934
2629,0.0010827210498973727
7236,0.0010824792552739382
10304,0.0010808934457600117
481,0.001079510198906064
7155,0.0010793860419653356
2104,0.0010786315542645752
7906,0.0010784146143123507
2944,0.0010783811449073255
57,0.0010767635540105402
1718,0.0010762794991023839
6897,0.0010760966688394547
6776,0.0010757812997326255
5741,0.0010755456169135869
6338,0.0010751363588497043
9736,0.0010715049575082958
1715,0.0010706603643484414
1218,0.001069806283339858
8665,0.0010697557008825243
4217,0.001069412159267813
7443,0.001068439392838627
9165,0.0010679559200070798
527,0.0010676602832973003
5252,0.0010673205833882093
5938,0.0010645024594850838
9865,0.0010639879037626088
1022,0.001063912350218743
3403,0.0010638708481565118
4510,0.001062874507624656
5960,0.0010618986561894417
9348,0.001059840084053576
9795,0.0010593521292321384
210,0.0010572682367637753
9540,0.001055442786309868
6517,0.001054425840266049
4017,0.0010543883545324206
331,0.0010526409605517983
7791,0.001052138046361506
5704,0.0010521216900087893
10439,0.0010519862989895046
9405,0.0010513191809877753
7181,0.0010505185928195715
4542,0.0010504733072593808
9377,0.0010504666715860367
6617,0.0010495519964024425
1773,0.0010475757298991084
6588,0.001046047022100538
5760,0.0010437037562951446
1958,0.001041729818098247
8770,0.0010415735305286944
1128,0.0010413498966954648
5345,0.0010408357484266162
8540,0.0010400511673651636
5019,0.0010394971468485892
5972,0.0010393515112809837
10191,0.0010390649549663067
2217,0.0010386518551968038
6132,0.0010363509063608944
704,0.001034837041515857
3208,0.0010330771328881383
8629,0.0010324157774448395
1421,0.0010308645432814956
9768,0.0010282291914336383
2987,0.0010262609575875103
3781,0.0010259689297527075
856,0.0010245894081890583
4281,0.001023507909849286
4828,0.0010234130313619971
2109,0.0010226682061329484
4739,0.0010226647718809545
1707,0.0010219486430287361
2290,0.0010216932278126478
1561,0.001021473843138665
6834,0.0010207731975242496
6931,0.0010203970596194267
1072,0.0010202391422353685
4658,0.0010179280070587993
6301,0.0010167533182539046
260,0.0010165656567551196
475,0.0010158744407817721
699,0.00101289723534137
2065,0.0010113264434039593
7758,0.0010112859890796244
5878,0.0010107491980306804
3728,0.0010097390040755272
8508,0.0010097076883539557
5609,0.0010094769531860948
3582,0.0010083176894113421
8453,0.001007663900963962
5766,0.0010074845049530268
9112,0.0010053858859464526
781,0.0010044658556580544
6422,0.0010030657867901027
3283,0.0010020724730566144
1698,0.0009998297900892794
7898,0.0009994487627409399
9956,0.0009992714622057974
1182,0.0009976219735108316
7820,0.000995223643258214
1647,0.0009943535551428795
10016,0.0009927934152074158
982,0.000991260923910886
4786,0.000991046312265098
1585,0.0009908470674417913
4711,0.0009894406539388
9430,0.0009889556095004082
10458,0.0009888758067972958
5589,0.0009888429194688797
4814,0.0009885596227832139
1126,0.0009879159042611718
360,0.000987886218354106
8824,0.0009877086849883199
397,0.0009854603558778763
638,0.0009852342773228884
1080,0.0009851693757809699
6384,0.0009837811812758446
2010,0.0009831485513132066
3007,0.0009822555584833026
5424,0.000982201483566314
5151,0.000980472017545253
2268,0.0009790238691493869
1621,0.000978978001512587
1526,0.0009779166721273214
2692,0.000977532152319327
989,0.0009769648313522339
4834,0.0009764222777448595
2250,0.000975548755377531
7452,0.0009740949317347258
5503,0.0009736512147355825
3698,0.0009730473102536052
3934,0.0009727826400194317
2209,0.0009726593270897865
4101,0.0009721954411361367
1109,0.0009716702916193753
7926,0.0009714550978969783
255,0.000971393077634275
1466,0.000969691842328757
9512,0.0009695411717984825
7609,0.0009694835462141782
2892,0.0009687159326858819
8880,0.0009671475272625685
10310,0.0009669206920079887
9084,0.0009660237410571426
262,0.0009658281051088125
5790,0.0009655737085267901
6800,0.000963869970291853
8349,0.0009632714209146798
2287,0.0009615711751393974
9830,0.0009615402377676219
2865,0.0009613754518795758
1172,0.000960887671681121
3738,0.000960246252361685
4289,0.0009602448844816536
2998,0.000960031000431627
9016,0.0009599417680874467
110,0.0009587991225998849
6001,0.0009581879421602935
7393,0.0009572885755915195
7581,0.0009567842644173652
1038,0.0009563443018123507
655,0.0009554069256410003
1838,0.0009551612311042845
5560,0.0009517487487755716
1696,0.0009495312115177512
3817,0.0009492068202234805
8973,0.0009485538466833532
2143,0.0009474212420172989
9802,0.0009468091302551329
2550,0.0009447147895116359
7693,0.0009445979376323521
6183,0.0009440961293876171
538,0.0009429095371160656
477,0.0009419149137102067
3700,0.0009414282976649702
1660,0.0009413972438778728
7568,0.0009408188925590366
1305,0.000940315134357661
4820,0.0009396798850502819
8067,0.0009390731283929199
749,0.0009368471801280975
1005,0.0009367922903038561
788,0.0009364805009681731
6633,0.0009359136165585369
44,0.0009358002571389079
7260,0.0009356219961773604
1582,0.0009353234781883657
10019,0.0009347459417767823
1988,0.0009342855773866177
4881,0.000933541072299704
6853,0.000932513241423294
2,0.0009316882351413369
10083,0.0009316726354882121
8353,0.0009316475770901889
4699,0.0009314946946687996
3165,0.0009313883201684803
4187,0.0009308689623139799
6245,0.0009304721315857023
517,0.0009304542327299714
942,0.0009276595374103636
3943,0.0009274038602598011
1683,0.0009263319661840796
10082,0.0009260303340852261
596,0.0009251014853361994
5906,0.0009249533759430051
5717,0.0009213419980369508
6152,0.0009209029376506805
4818,0.0009209004929289222
7874,0.000920647318707779
3039,0.0009189836564473808
718,0.0009186935785692185
6349,0.0009178488107863814
4247,0.0009166544768959284
2829,0.0009162091882899404
4596,0.0009159070032183081
2800,0.000915772863663733
5180,0.0009154965227935463
2324,0.0009152339189313352
4253,0.0009142156050074846
1578,0.0009140954061876982
5506,0.0009132304403465241
5659,0.0009124608477577567
8279,0.0009124439675360918
2534,0.0009123634081333876
4580,0.0009103498887270689
8443,0.0009100729948841035
1086,0.0009094418783206493
3361,0.0009080197778530419
3991,0.0009076706774067134
7533,0.0009071592648979276
2901,0.000906916829990223
426,0.0009069158404599875
956,0.0009056360286194831
4837,0.0009055949340108782
9296,0.0009032466332428157
532,0.0009025595209095627
537,0.0009019107965286821
206,0.0009003246668726206
2181,0.000898676662473008
677,0.0008983820443972945
1217,0.0008983146108221263
251,0.0008981583523564041
7842,0.0008979057893157005
8420,0.0008975283708423376
7885,0.0008971203351393342
5353,0.0008971144561655819
1250,0.00089686454157345
593,0.0008965058950707316
3017,0.0008964758890215307
7056,0.0008962772262748331
2744,0.0008956741075962782
10020,0.0008955688390415162
7103,0.0008939180988818407
8923,0.0008935984224081039
8924,0.0008935984224081039
4272,0.0008918286766856909
8747,0.0008913096971809864
5341,0.0008909720345400274
5651,0.0008893610793165863
8492,0.0008888432057574391
10189,0.0008887831354513764
9426,0.000888628710526973
8610,0.0008882549882400781
3606,0.0008881842077244073
3327,0.0008878049848135561
329,0.0008876770443748683
2591,0.0008862464455887675
379,0.0008858785149641335
2169,0.000885707326233387
4943,0.0008856838394422084
10088,0.0008856556378304958
8883,0.0008846870332490653
3901,0.0008837321656756103
9650,0.0008834376931190491
7981,0.0008825783152133226
9659,0.0008822953386697918
1535,0.0008814340981189162
923,0.0008811916632112116
6419,0.0008793323650024831
9715,0.000877227314049378
2700,0.0008767013787291944
3238,0.0008766010869294405
3594,0.0008762530342210084
5617,0.0008760982018429786
8472,0.0008752731955610216
10326,0.0008751197601668537
6933,0.0008748007530812174
1678,0.0008747683605179191
3513,0.0008746630628593266
5523,0.0008743359358049929
10163,0.0008737441385164857
3378,0.0008726073137950152
2863,0.000872415112098679
4840,0.0008688983507454395
10363,0.0008683062915224582
4681,0.0008675466233398765
2837,0.0008673853590153158
4660,0.0008656726568005979
2815,0.0008644840854685754
9883,0.0008644730551168323
1834,0.0008623834291938692
198,0.0008608964271843433
6620,0.0008607658674009144
8432,0.0008596437983214855
7030,0.0008594012469984591
1254,0.0008586319163441658
2353,0.0008582812442909926
9070,0.0008581831061746925
6867,0.0008576271357014775
1119,0.0008572860388085246
2422,0.0008568391785956919
6359,0.0008559731359127909
10034,0.000855529127875343
10331,0.0008551801147405058
5720,0.0008550599741283804
549,0.0008545714663341641
7267,0.0008543411386199296
10154,0.0008540590933989733
9137,0.0008540266717318445
4299,0.000853912701131776
703,0.0008538384572602808
4728,0.0008534647058695555
8411,0.0008532912761438638
990,0.0008525878947693855
8326,0.0008510362822562456
4595,0.0008503680292051286
9518,0.0008497910457663238
1807,0.0008494812063872814
1804,0.0008494491630699486
2675,0.0008493093773722649
1563,0.0008482192060910165
6496,0.000848138821311295
6750,0.0008469738240819424
2219,0.0008455493953078985
1001,0.0008453188056591898
7274,0.0008450081513728946
5927,0.0008447464497294277
2575,0.0008447462460026145
9877,0.000844051071908325
295,0.0008434823539573699
5935,0.0008422777755185962
9644,0.0008410789014305919
9727,0.0008406972337979823
1894,0.0008402065723203123
1856,0.0008387979469262064
8181,0.0008383798995055258
1291,0.0008383396198041737
2958,0.0008383377571590245
2456,0.0008369529969058931
968,0.000836454244563356
7627,0.0008363821543753147
2693,0.0008352291770279408
6830,0.0008344674715772271
10263,0.0008341179927811027
2907,0.0008336186583619565
8448,0.0008324156515300274
2951,0.0008311024284921587
1351,0.0008307895623147488
54,0.0008301663037855178
9981,0.0008295293373521417
419,0.0008288812532555312
9403,0.0008274338906630874
5490,0.0008267955563496798
2323,0.0008261028851848096
4531,0.0008248969097621739
2211,0.0008246375364251435
4772,0.0008238501904997975
6707,0.0008237594447564334
69,0.000823525246232748
7553,0.0008235198329202831
46,0.0008233054541051388
5450,0.0008231016108766198
6713,0.0008184787002392113
5077,0.000817625637864694
4974,0.0008169692300725728
5090,0.0008141908911056817
1280,0.0008140873978845775
8840,0.0008131148351822048
1405,0.0008130870701279491
106,0.0008125853782985359
952,0.0008123388979583979
4635,0.0008121738792397082
9511,0.0008119204139802605
1631,0.0008105487213470042
1476,0.000809830758953467
1473,0.0008062913548201323
8123,0.000806054740678519
5633,0.0008051458280533552
2499,0.0008038926171138883
2257,0.0008022146648727357
2264,0.0008020737732294947
2215,0.0008020356763154268
2173,0.0008017196087166667
3203,0.0008004921255633235
7988,0.0008001112728379667
9090,0.000800049485405907
660,0.0007998554792720824
5493,0.0007997837965376675
7664,0.000799214409198612
3486,0.0007989481382537633
1056,0.0007983592222444713
2078,0.0007979651854839176
7059,0.0007973409374244511
5091,0.000797267712187022
803,0.0007969355210661888
5934,0.0007969171856530011
1451,0.0007968442514538765
413,0.0007968318241182715
10410,0.0007966298144310713
792,0.0007964000105857849
10300,0.0007963808602653444
796,0.0007954665925353765
1018,0.0007954281172715127
7462,0.0007949784921947867
1792,0.0007945139077492058
7418,0.000793901679571718
7584,0.0007938092167023569
179,0.0007932187872938812
7389,0.0007929142157081515
10497,0.0007928411650937051
1586,0.0007920946518424898
2334,0.0007908016268629581
10442,0.00079033721704036
5449,0.0007900429773144424
9280,0.0007899495249148458
859,0.0007891864224802703
5726,0.0007881369383540004
2113,0.000787843600846827
1577,0.0007853636052459478
8438,0.0007852514972910285
10080,0.0007851685513742268
4143,0.0007849428511690348
1095,0.0007848177629057318
6053,0.0007846347580198199
8192,0.000784519303124398
540,0.0007843327475711703
7119,0.0007841087935958058
3455,0.0007836857112124562
180,0.0007831833499949425
10444,0.0007831141992937773
8040,0.0007827579684089869
192,0.0007821958279237151
8478,0.0007812842959538102
8590,0.000781115610152483
8627,0.0007806533831171691
4245,0.0007806182838976383
9618,0.0007804391207173467
9619,0.0007804391207173467
8372,0.0007802451145835221
1143,0.000779903813963756
3470,0.0007787571521475911
7817,0.0007781912572681904
3447,0.0007780347368679941
2366,0.0007774204132147133
6876,0.0007769854855723679
5695,0.0007767178758513182
9141,0.0007765514310449362
4689,0.0007763564644847065
2691,0.0007756924023851752
2562,0.0007756571867503226
6345,0.0007749482174403965
5352,0.0007741260051261634
1261,0.0007736218685749918
8928,0.0007725993345957249
3823,0.0007717357948422432
5499,0.000771711696870625
3121,0.0007715712999925017
3211,0.0007707331096753478
2636,0.0007703793235123158
2327,0.0007698497211094946
2549,0.0007694526284467429
7931,0.000768544152379036
3865,0.0007660401752218604
3520,0.000763811927754432
973,0.0007637459493707865
7576,0.0007637150993105024
6176,0.0007635481597390026
10279,0.0007609187159687281
1138,0.000760736787924543
1634,0.0007606144645251334
1475,0.0007601049146614969
6524,0.0007598656520713121
7670,0.0007592306938022375
4371,0.0007590298191644251
4877,0.0007589742890559137
9971,0.0007582908729091287
839,0.0007579570810776204
8715,0.0007572444446850568
6381,0.000755476183257997
5671,0.0007553601171821356
2864,0.0007550753944087774
3120,0.0007549128495156765
8573,0.0007548146822955459
675,0.0007546839187853038
6989,0.0007544423860963434
1491,0.0007543406100012362
8720,0.0007541671802755445
8401,0.0007540672086179256
723,0.0007529926660936326
7846,0.0007528558489866555
7127,0.0007515099132433534
1044,0.0007508701819460839
5538,0.0007497553888242692
8016,0.0007489105337299407
4122,0.0007482309301849455
7180,0.0007481897482648492
551,0.0007479270861949772
6903,0.0007478103798348457
1581,0.0007471727731171995
7726,0.000747070909710601
2570,0.0007470636046491563
9350,0.000746629957575351
9671,0.0007458089967258275
201,0.0007457147585228086
9074,0.0007454048900399357
2123,0.000744646618841216
7105,0.0007441670168191195
1297,0.000744132703403011
5051,0.0007430019322782755
10349,0.0007418064924422652
2516,0.0007404349453281611
3456,0.0007399454188998789
9049,0.0007398333982564509
8572,0.0007392936968244612
6396,0.0007380469469353557
10056,0.0007358837756328285
5630,0.0007328104402404279
5436,0.0007319733849726617
8255,0.0007314874965231866
4423,0.0007313785317819566
8633,0.0007311854278668761
794,0.0007311264635063708
4370,0.000730747589841485
6843,0.0007296054973267019
1401,0.0007284454186446965
902,0.0007280232384800911
353,0.0007269267807714641
650,0.000726144906366244
4933,0.0007260434795171022
5130,0.0007258521509356797
3468,0.0007250446942634881
9858,0.0007242640422191471
1745,0.0007233335345517844
6423,0.0007229389157146215
8223,0.0007227127789519727
2449,0.0007227094320114702
5022,0.0007226546586025506
4677,0.0007225567533168942
1208,0.0007224910950753838
3195,0.0007215326186269522
7749,0.0007212269119918346
1771,0.0007207838352769613
4358,0.0007198943640105426
3589,0.0007196099031716585
9183,0.000718580064130947
5810,0.0007180478714872152
412,0.0007172041805461049
2783,0.0007163858390413225
1444,0.0007163579575717449
2824,0.0007162729743868113
3687,0.0007152807083912194
6955,0.0007149491866584867
642,0.0007136362255550921
7672,0.0007132907630875707
10292,0.0007126892742235214
1300,0.0007120695663616061
5157,0.0007118529756553471
1976,0.0007112705206964165
4861,0.0007112447055988014
8400,0.0007105964468792081
4389,0.0007105182739906013
4115,0.0007100613438524306
4127,0.0007097747293300927
2119,0.0007085224206093699
756,0.0007083737873472273
8868,0.0007083726231940091
8209,0.0007083603995852172
3305,0.000708132516592741
9928,0.0007078122580423951
1593,0.0007065053796395659
7325,0.0007048923871479928
3950,0.000703589350450784
9402,0.0007035138842184097
3682,0.000703455792972818
1199,0.0007028356776572764
1584,0.0007027973188087344
10395,0.0007022251666057855
1600,0.00070221271016635
8754,0.0007014944858383387
8663,0.0007014301954768598
9801,0.0007012960268184543
7038,0.0007010976551100612
2319,0.0007003802165854722
7332,0.0006999909528531134
1272,0.0006994691502768546
3225,0.0006987705710344017
1058,0.0006985186191741377
981,0.0006984115461818874
134,0.0006982050254009664
6961,0.0006979364843573421
1552,0.0006979331665206701
8654,0.0006970243703108281
2857,0.0006967883673496544
4447,0.000696277798851952
2332,0.0006960077444091439
7387,0.0006940342718735337
8839,0.0006936999852769077
4137,0.0006921030580997467
6688,0.0006920614978298545
5027,0.000691620574798435
5907,0.0006898944557178766
5948,0.0006895975675433874
10333,0.000689232227159664
6796,0.0006884750328026712
8553,0.0006884493050165474
1701,0.0006874603277537972
1183,0.0006870357319712639
7529,0.0006866368348710239
2481,0.000686321989633143
3325,0.0006859099958091974
5620,0.0006858925044070929
6789,0.0006852791411802173
4951,0.0006848745688330382
2058,0.0006826299941167235
4966,0.0006823363073635846
10203,0.000681937875924632
6886,0.0006793198699597269
2012,0.000679276796290651
8842,0.0006791027553845197
2108,0.0006788246682845056
161,0.0006786560697946697
8882,0.0006786169251427054
1744,0.000678213284118101
6527,0.0006777888047508895
6505,0.0006775387155357748
8873,0.0006771433399990201
6192,0.0006766660953871906
8681,0.0006762509292457253
5294,0.0006758523813914508
5083,0.0006753679481334984
9788,0.000675174524076283
2967,0.0006750789179932326
10162,0.0006727543659508228
5920,0.0006727485742885619
10389,0.0006726039864588529
10487,0.0006723854166921228
1811,0.0006720006349496543
7399,0.0006705452688038349
1276,0.000670378707582131
5944,0.0006690336740575731
9352,0.0006674613687209785
1442,0.0006671762093901634
10311,0.000667083018925041
3919,0.0006670235597994179
2330,0.0006649823044426739
7447,0.0006649788119830191
4594,0.0006640295032411814
8119,0.0006632365402765572
6107,0.0006625382811762393
10459,0.0006619382766075432
5779,0.0006613816076423973
9501,0.0006591890705749393
3041,0.0006585194205399603
962,0.000657718803267926
8174,0.0006576776213478297
5882,0.0006571898993570358
3654,0.0006571627454832196
4493,0.0006570250843651593
287,0.0006563314236700535
2389,0.0006556494627147913
8580,0.0006555121799465269
68,0.0006526625074911863
3158,0.0006521933828480542
8814,0.0006521498726215214
8795,0.0006518778100144118
3205,0.0006518677691929042
1150,0.00065161197562702
5322,0.0006509571976494044
4015,0.0006504788179881871
10060,0.0006503929034806788
4888,0.0006500810850411654
3252,0.0006497249414678663
4590,0.0006489413499366492
3721,0.0006486728671006858
10171,0.0006482403550762683
6185,0.0006479144212789834
7660,0.0006469063810072839
473,0.0006467562052421272
1873,0.0006467094353865832
5725,0.0006467085622716695
246,0.0006461299199145287
2344,0.000646094762487337
9687,0.000645732885459438
1944,0.0006446762126870453
3493,0.0006440832803491503
7893,0.000643954670522362
7193,0.0006429062341339886
2859,0.0006428587366826832
5644,0.0006424183957278728
4453,0.0006419221754185855
4982,0.0006411696085706353
3130,0.0006411496724467725
1954,0.0006409140769392252
2451,0.0006398303085006773
1708,0.0006392942159436643
302,0.0006388722395058721
2830,0.0006388524197973311
5579,0.0006384893204085529
4615,0.0006383601867128164
258,0.0006377881509251893
1085,0.0006374953372869641
8359,0.0006369087495841086
2090,0.0006364854634739459
3302,0.0006354332144837826
7068,0.0006351052143145353
2673,0.0006347837334033102
7643,0.0006337667291518301
3067,0.0006336554943118244
1161,0.0006336101214401424
1390,0.0006334803183563054
6180,0.000633226940408349
4591,0.0006332068878691643
4738,0.0006331378244794905
5955,0.000632789742667228
9243,0.0006325999274849892
347,0.0006323061825241894
1545,0.0006321743421722203
3351,0.0006305030838120729
4111,0.0006298434163909405
55,0.0006295471685007215
9609,0.0006290054880082607
9017,0.0006287382857408375
2066,0.0006276395579334348
5354,0.0006272511673159897
1940,0.0006271401362027973
7047,0.0006264858820941299
8670,0.0006263162649702281
3840,0.0006262722599785775
380,0.0006254055770114064
7941,0.0006232417654246092
4202,0.0006220675422810018
4827,0.0006220137875061482
1735,0.0006219714705366641
8330,0.0006210829014889896
1676,0.0006197679904289544
8388,0.0006195196183398366
3660,0.0006194102752488106
10135,0.0006194018351379782
3214,0.0006186403625179082
4906,0.0006185525271575898
3730,0.0006174434965942055
1327,0.000617098092334345
724,0.0006160546909086406
3889,0.0006148686807136983
988,0.0006147503736428916
5690,0.0006145811930764467
7590,0.0006138128810562193
997,0.0006136850570328534
2781,0.0006126481457613409
946,0.0006123518687672913
6530,0.0006121524493210018
9577,0.0006121166225057095
9758,0.0006114713905844837
6127,0.0006113017443567514
1285,0.0006101844774093479
8566,0.0006099335150793195
6792,0.0006093553965911269
395,0.0006091239920351654
4216,0.0006090625829529017
3898,0.0006088865338824689
928,0.0006087653164286166
5751,0.0006082257605157793
3418,0.0006074337288737297
6681,0.0006072985415812582
5962,0.0006070754025131464
10011,0.0006068204529583454
9848,0.0006064862536732107
9468,0.000604857923462987
3440,0.0006044970941729844
8299,0.0006042685126885772
7315,0.0006042410095687956
4796,0.0006040877487976104
1403,0.000602591986535117
7765,0.0006019097054377198
6593,0.000600977917201817
553,0.000600359111558646
3811,0.0006003420858178288
3170,0.0006003380112815648
274,0.000600268947891891
6121,0.000599594583036378
3416,0.0005992221413180232
3359,0.0005982506554573774
9057,0.0005977883120067418
4151,0.0005977307446300983
3966,0.000596709840465337
10074,0.000596498342929408
9721,0.0005950550839770585
10392,0.000594638375332579
4860,0.0005936748639214784
8018,0.000593606207985431
9298,0.0005934862128924578
1930,0.0005932418862357736
1,0.0005926985177211463
2296,0.0005926764861214906
2662,0.000592513126321137
3874,0.0005917843955103308
3841,0.000591442541917786
7996,0.0005914144858252257
1222,0.0005901179392822087
5842,0.0005895889189559966
10008,0.0005890800093766302
1467,0.0005888488085474819
6198,0.0005886514845769852
4277,0.0005885439459234476
4756,0.0005879846576135606
4079,0.0005862287362106144
7801,0.0005862138932570815
1987,0.0005859888915438205
7655,0.0005853430775459856
10432,0.0005851141759194434
8173,0.0005848446453455836
5007,0.0005834974290337414
5850,0.0005828972498420626
53,0.0005824336258228868
9739,0.0005795632605440915
7401,0.0005793144227936864
1331,0.0005787982954643667
9342,0.0005783717788290232
5189,0.0005767171387560666
8761,0.0005765155365224928
1604,0.0005763666704297066
6651,0.0005755083402618766
912,0.0005751385760959238
6911,0.0005744117370340973
2506,0.0005743146175518632
6670,0.0005735242157243192
2138,0.0005735043669119477
403,0.0005729422846343368
10379,0.0005729217082262039
7396,0.0005725767987314612
9665,0.0005717328749597073
4964,0.0005715575825888664
9145,0.0005715320585295558
100,0.0005715071456506848
1389,0.000570753327338025
4211,0.0005703165661543608
6468,0.0005701770132873207
3567,0.0005700118781533092
7952,0.0005686781369149685
1805,0.0005685142532456666
6393,0.0005679401801899076
389,0.0005676937289535999
2505,0.0005676173896063119
8816,0.0005675623542629182
8803,0.0005673335981555283
2396,0.0005668695375788957
9481,0.0005667489022016525
10185,0.0005666119395755231
10184,0.0005666119395755231
9353,0.0005654880660586059
5089,0.0005649247323162854
8406,0.0005645417841151357
7845,0.0005643563054036349
4190,0.000563156238058582
5041,0.0005623561155516654
845,0.0005622668541036546
4119,0.0005620623705908656
1332,0.0005620318988803774
2180,0.0005613025859929621
184,0.0005605338083114475
4656,0.0005604593607131392
3553,0.0005603854078799486
177,0.0005597262352239341
430,0.0005596166010946035
6240,0.0005595905240625143
10355,0.000559441396035254
3466,0.00055865035392344
9564,0.000558521191123873
1200,0.0005579696444328874
1019,0.0005575960967689753
4848,0.0005569943750742823
4718,0.0005569321801885962
3235,0.0005566940235439688
5452,0.0005566320032812655
2399,0.000556410348508507
7406,0.0005559122655540705
5844,0.0005557997501455247
8263,0.0005552007351070642
1643,0.0005530244088731706
8498,0.0005530051712412387
926,0.0005529192276299
126,0.0005524097650777549
5988,0.0005521448911167681
10330,0.0005518172984011471
8820,0.0005512051866389811
3691,0.0005508344620466232
5974,0.0005506896413862705
220,0.0005506172601599246
2689,0.0005505384469870478
833,0.0005502195272129029
6729,0.0005501118139363825
1146,0.0005500601255334914
2802,0.0005499894905369729
7868,0.000549269316252321
3871,0.0005483367131091654
3024,0.0005478816165123135
8565,0.0005469946481753141
2762,0.0005468492745421827
4385,0.0005468445015139878
9966,0.0005465378344524652
4893,0.0005464364949148148
7915,0.0005456719372887164
4724,0.0005456707440316677
8712,0.0005451937904581428
5528,0.0005447075818665326
5905,0.000544705952052027
1365,0.0005445643037091941
4288,0.0005442727997433394
9978,0.000543885660590604
7106,0.0005436688661575317
1935,0.0005436587962321937
4492,0.00054345210082829
4140,0.000543118454515934
6000,0.0005419613735284656
7378,0.0005415767373051494
2063,0.0005415102059487253
7338,0.00054081657435745
8211,0.0005400134832598269
9462,0.0005399133078753948
393,0.0005389814905356616
8596,0.0005386545381043106
627,0.0005384510441217571
224,0.0005384404794313014
2228,0.0005384302930906415
8769,0.000537946994882077
10064,0.0005367946869228035
435,0.0005366346449591219
7382,0.0005362633964978158
3484,0.000536218925844878
6964,0.0005359729111660272
2698,0.000535962579306215
4186,0.000535746366949752
3967,0.000535542203579098
5418,0.0005348986596800387
8403,0.000534894410520792
9313,0.0005346159741748124
2350,0.0005342755757737905
7189,0.0005339118652045727
8157,0.0005335156456567347
3709,0.0005334628804121166
6926,0.0005333951849024743
6250,0.0005332774308044463
4937,0.0005331932625267655
1073,0.000533128360984847
6314,0.0005328570841811597
7777,0.0005325750389602035
4195,0.0005323474761098623
8183,0.0005321172648109496
7203,0.0005317869363352656
2630,0.0005314867594279349
688,0.0005313701694831252
6448,0.0005313607689458877
6574,0.0005311857385095209
3012,0.000530292047187686
3719,0.0005299852637108415
3410,0.0005298490286804736
1863,0.0005297936149872839
1223,0.0005295509763527662
2044,0.0005294568836688995
2039,0.0005294159636832774
3826,0.0005289212567731738
9603,0.0005287174135446548
9657,0.0005286637169774622
7873,0.0005281019839458168
10370,0.0005272378912195563
2494,0.0005265234503895044
8150,0.00052591972053051
6692,0.0005256963195279241
2792,0.000524648028658703
10094,0.0005244988133199513
1144,0.0005244119092822075
2767,0.0005232874827925116
2589,0.0005219631711952388
1436,0.000521737354574725
9189,0.0005216604331508279
762,0.0005215831042733043
2879,0.000520620378665626
7602,0.0005204077751841396
8743,0.0005203637410886586
7742,0.000519962894031778
3371,0.0005196071579121053
5814,0.0005192146345507354
1520,0.0005191174568608403
1813,0.0005188603536225855
3056,0.0005180635198485106
5800,0.0005180170992389321
8370,0.0005179925938136876
9717,0.0005174829566385597
636,0.000517078791745007
7793,0.0005170131043996662
6539,0.0005165844049770385
556,0.0005165798356756568
9476,0.0005164220929145813
158,0.0005163735477253795
2997,0.0005161130975466222
9114,0.0005156439437996596
5435,0.0005156020342838019
8226,0.0005148097116034478
10366,0.0005147859919816256
10481,0.0005141061556059867
7154,0.0005138291162438691
5511,0.0005135485844220966
4474,0.000513401028001681
9777,0.0005131624056957662
2831,0.000512771715875715
5327,0.0005120015412103385
4378,0.00051195512060076
4692,0.0005119084671605378
10047,0.0005115522653795779
8741,0.0005114742962177843
2107,0.0005110596539452672
3202,0.0005104530428070575
2770,0.000509884615894407
2167,0.0005098455876577646
5995,0.0005097421235404909
9797,0.0005087509052827954
2252,0.0005083246796857566
6947,0.0005081411509308964
1047,0.0005079696129541844
8402,0.0005079582624603063
8855,0.0005077358800917864
1667,0.0005074825312476605
2198,0.000507309363456443
1455,0.0005071845953352749
3390,0.0005071229534223676
4256,0.0005062993441242725
7536,0.0005062857526354492
10040,0.0005058823153376579
2541,0.0005054853099863976
63,0.0005053645581938326
5973,0.0005049985775258392
1468,0.0005045432772021741
385,0.0005033118068240583
4800,0.0005031839245930314
9034,0.000502868351759389
9035,0.000502868351759389
10419,0.0005026210856158286
1256,0.0005026059516239911
6173,0.0005022265831939876
312,0.00050216747331433
3767,0.0005020895914640278
2243,0.0005020656972192228
1471,0.0005013844056520611
7993,0.0005010695022065192
5474,0.0004993514157831669
9594,0.0004986233543604612
861,0.0004985600535292178
8776,0.0004984847910236567
2478,0.0004977608914487064
10035,0.0004969836736563593
1107,0.0004966947162756696
2483,0.0004964368999935687
4725,0.0004963316023349762
157,0.0004962811945006251
449,0.0004950225120410323
3068,0.0004945493274135515
8386,0.0004943259264109656
3021,0.0004937686317134649
3529,0.0004937569028697908
4218,0.0004934836470056325
5080,0.0004934410389978439
4694,0.0004933348391205072
3061,0.0004930300347041339
425,0.0004929490387439728
5685,0.0004923031956423074
4398,0.0004922800435451791
7009,0.0004918298509437591
4048,0.0004912184522254393
8559,0.0004907941329292953
7440,0.0004907305410597473
1790,0.0004905830137431622
10433,0.0004903906665276736
3729,0.000490180536871776
2521,0.0004901221109321341
3258,0.0004894392768619582
1947,0.0004889669653493911
1675,0.000488831487018615
3015,0.0004884751979261637
278,0.0004883295914623886
2685,0.00048823162796907127
4290,0.00048820119991432875
892,0.0004879989137407392
2881,0.00048630929086357355
4983,0.000485334952827543
7676,0.00048443046398460865
6703,0.00048441163380630314
3740,0.0004843637871090323
4430,0.0004837935121031478
4429,0.0004837935121031478
5586,0.0004835439322050661
8605,0.000483369585708715
6136,0.0004829354729736224
3897,0.00048281233466695994
1511,0.00048194307601079345
7902,0.0004818867746507749
4167,0.0004817355365958065
3694,0.00048144126776605844
773,0.0004803226620424539
2672,0.00048014191270340234
1829,0.0004795702116098255
10267,0.0004795456043211743
4563,0.0004795346176251769
6352,0.00047909173008520156
812,0.00047887733671814203
6146,0.0004780384333571419
776,0.0004772876127390191
1457,0.00047650224587414414
320,0.0004763182223541662
2495,0.0004762945609400049
3071,0.0004761860327562317
8023,0.0004758748837048188
4719,0.0004758637078339234
2842,0.0004758478462463245
463,0.00047532822645734996
1371,0.00047521977103315294
8561,0.00047353988338727504
2196,0.0004734489193651825
5673,0.00047318187716882676
8165,0.0004726777406176552
6203,0.0004725912003777921
6736,0.0004720672295661643
6622,0.00047158134111668915
4944,0.00047122768592089415
5924,0.00046997189929243177
7565,0.0004690702917287126
9964,0.00046882945753168315
2368,0.0004686369647970423
2127,0.0004679908597609028
6522,0.00046715972712263465
3904,0.0004671266651712358
1812,0.0004666119202738628
3622,0.00046649263822473586
1242,0.00046629093412775546
9757,0.00046623259549960494
2854,0.00046596019819844514
7524,0.00046579563058912754
1808,0.00046577551984228194
9007,0.0004656906094169244
2247,0.00046526992809958756
5577,0.00046465074410662055
1411,0.0004637718229787424
1063,0.0004633871285477653
6779,0.00046332128113135695
3043,0.0004628502210834995
1782,0.0004623483691830188
9616,0.0004620136023731902
7894,0.0004616986261680722
3087,0.0004615320358425379
8986,0.00046149446279741824
8956,0.00046035870036575943
4302,0.00046007851778995246
5192,0.00046003557508811355
2051,0.0004588411538861692
4634,0.0004580205277306959
9192,0.00045780191430822015
5646,0.00045723259972874075
9506,0.0004565859999274835
1186,0.000456505935289897
8933,0.00045649558887816966
9131,0.0004562700923997909
4298,0.00045613817928824574
4007,0.0004561225068755448
5368,0.00045586618944071233
10488,0.00045578462595585734
5585,0.0004555011400952935
2871,0.0004547376884147525
5052,0.0004545463598333299
3686,0.00045448020682670176
3013,0.0004543691611615941
6304,0.00045344565296545625
1846,0.0004534443578450009
6533,0.00045272542047314346
9960,0.00045251051778905094
7714,0.0004517017077887431
802,0.0004514448519330472
3094,0.0004514139291131869
7787,0.0004512039595283568
9149,0.000451106287073344
6985,0.00045068716281093657
6341,0.00044853362487629056
8030,0.00044852423889096826
6324,0.0004483454686123878
974,0.0004482271906454116
1768,0.0004472300934139639
3104,0.0004467456165002659
3197,0.0004464332159841433
8646,0.00044609046017285436
1670,0.0004456898459466174
7618,0.0004452178254723549
10342,0.0004444655205588788
5828,0.0004444351070560515
2553,0.00044416950549930334
4663,0.0004441107594175264
1721,0.00044406234519556165
7538,0.00044365414942149073
4296,0.0004435813025338575
522,0.00044352740223985165
4785,0.00044330209493637085
8133,0.00044287006312515587
10421,0.0004422848141985014
8725,0.0004420487239258364
7120,0.0004417775198817253
10041,0.0004407746600918472
705,0.00044048993731848896
2811,0.0004403149214340374
8329,0.00044028423144482076
4644,0.0004397578159114346
4567,0.0004394209827296436
855,0.0004387544759083539
2560,0.0004386172804515809
446,0.0004385810170788318
2679,0.00043838836427312344
2351,0.00043810048373416066
5912,0.0004380015016067773
459,0.00043774291407316923
2949,0.00043746620940510184
4795,0.0004370330279925838
991,0.000437016919022426
4311,0.00043692952021956444
231,0.00043670053128153086
7013,0.00043644757533911616
4975,0.0004364421183709055
8293,0.0004361479077488184
5515,0.0004356207646196708
1694,0.00043550936970859766
10244,0.00043503301276359707
2714,0.00043499446474015713
2129,0.0004345666238805279
9334,0.00043452046520542353
5033,0.0004344663757365197
4539,0.0004342220490798354
4685,0.00043416989501565695
6817,0.0004341348831076175
1419,0.00043367310718167573
2965,0.0004334277764428407
9210,0.00043281684338580817
2432,0.0004322940221754834
4825,0.00043218435894232243
466,0.00043169471609871835
3338,0.00043134130828548223
3860,0.00043100178299937397
4396,0.0004305948968976736
2676,0.00043031964742112905
7391,0.000429967520176433
3311,0.00042996378033421934
1289,0.00042963281157426536
666,0.00042962079169228673
1844,0.00042906872113235295
6450,0.00042812793981283903
2757,0.0004279635031707585
3145,0.00042777588532771915
183,0.0004275523970136419
6082,0.0004274756065569818
10109,0.00042741202923934907
8599,0.0004255985259078443
3870,0.0004253252554917708
3244,0.0004252062935847789
7614,0.0004250896745361388
3037,0.0004249652847647667
4678,0.0004248982877470553
576,0.00042455882066860795
4627,0.000424333949922584
5194,0.00042401878454256803
5578,0.00042363410466350615
1741,0.00042356284393463284
7636,0.0004234499210724607
6108,0.0004229828919051215
3711,0.00042274760198779404
3703,0.00042254159052390605
5084,0.00042237537854816765
488,0.00042201654287055135
7814,0.0004219767724862322
5733,0.0004215645603835583
6288,0.0004215491935610771
1342,0.0004214501823298633
1355,0.0004214319196762517
1165,0.000420810014475137
9976,0.0004207849415251985
9977,0.0004207849415251985
6218,0.00042039318941533566
2054,0.0004203394637443125
6860,0.00042030813347082585
1368,0.0004202346608508378
4940,0.000419843549025245
9015,0.00041936639172490686
7053,0.0004190586187178269
421,0.00041874365706462413
5602,0.00041873587178997695
8367,0.00041853867878671736
8937,0.0004179206443950534
7739,0.00041736850107554346
6552,0.0004168594314251095
5932,0.0004165071004536003
434,0.00041624058212619275
3023,0.0004159812961006537
294,0.00041565397987142205
995,0.0004155150381848216
528,0.00041547387081664056
5500,0.0004152353067183867
154,0.00041495358163956553
4852,0.00041398229950573295
5762,0.000413839821703732
9140,0.00041369527752976865
9441,0.0004133940674364567
5662,0.0004133405163884163
6902,0.00041310011874884367
6839,0.00041305532795377076
1809,0.00041279385914094746
5389,0.0004118740325793624
825,0.00041173888894263655
4319,0.0004114722687518224
4323,0.0004109578294446692
2355,0.0004109308065380901
862,0.00041035703907255083
9002,0.00041029178828466684
1513,0.0004097025375813246
5947,0.00040934316348284483
6871,0.0004087252600584179
6258,0.00040862186870072037
6305,0.00040861862362362444
3444,0.0004080305225215852
9714,0.00040748354513198137
6790,0.0004068267735419795
5396,0.00040629811701364815
2061,0.0004056441684952006
4350,0.0004054183082189411
4349,0.0004054183082189411
9604,0.00040539725159760565
6063,0.00040519585309084505
1674,0.00040458924195263535
7309,0.0004045204841531813
4102,0.00040445083868689835
5643,0.00040378647099714726
4027,0.00040344522858504206
3657,0.00040329295734409243
10110,0.00040316676313523203
9182,0.00040269739110954106
7432,0.0004018958134111017
1227,0.00040147452091332525
7928,0.0004009085678262636
889,0.0004004587681265548
9812,0.00040025258203968406
3681,0.00040004783659242094
8266,0.00039988497155718505
9218,0.00039973316597752273
9390,0.00039969818317331374
1974,0.00039796100463718176
882,0.0003976125590270385
3146,0.0003973896964453161
6471,0.00039684744842816144
3193,0.00039657772867940366
1733,0.0003963157505495474
2361,0.00039605473284609616
8739,0.0003956879227189347
8351,0.0003955574065912515
1938,0.0003951600519940257
9427,0.00039431250479537994
9428,0.00039431250479537994
2094,0.0003940633323509246
3126,0.00039402820402756333
6638,0.0003939972666557878
4059,0.0003938140580430627
3114,0.0003935428394470364
2583,0.00039301690412685275
2959,0.0003928353689843789
7929,0.00039278878830373287
4110,0.00039259121695067734
6221,0.00039243983337655663
5824,0.0003923449257854372
2225,0.00039228523382917047
4579,0.0003921033494407311
7505,0.00039177146391011775
6383,0.0003916318528354168
2875,0.0003915216075256467
6794,0.000391264955396764
4967,0.0003909951337845996
1900,0.0003909861552529037
2929,0.0003907601785613224
9543,0.0003906942147295922
3801,0.0003906229976564646
2358,0.0003902818280039355
1102,0.0003901913150912151
6654,0.0003899818257195875
6145,0.00038981497345957905
284,0.0003896483249263838
910,0.0003892478853231296
2774,0.0003879963915096596
2737,0.0003878727147821337
2719,0.0003872830420732498
1801,0.0003866991610266268
3092,0.00038651013164781034
7261,0.0003857794508803636
986,0.0003853900561807677
3026,0.00038531344034709036
4020,0.00038447858241852373
10354,0.0003843861195491627
6782,0.0003843818558380008
9973,0.0003839009877992794
2964,0.0003838149714283645
9575,0.0003835943789454177
4911,0.0003826027241302654
9446,0.0003824780724244192
8852,0.00038241129368543625
6672,0.0003823860752163455
3975,0.0003820995189016685
8944,0.00038154658977873623
809,0.0003813700459431857
9869,0.00038125773426145315
2229,0.0003812250215560198
2415,0.0003802609135163948
3,0.0003793972864514217
8302,0.00037925296055618674
9472,0.00037883431650698185
7212,0.00037875013367738575
8061,0.0003780998958973214
6230,0.0003776708763325587
6930,0.00037682236870750785
4948,0.00037678821536246687
3831,0.0003763893764698878
10440,0.0003763557906495407
2042,0.00037629260623361915
1013,0.00037591293221339583
5284,0.00037568264815490693
8738,0.00037563829391729087
10201,0.00037546129897236824
10317,0.0003750676987692714
1066,0.0003749136085389182
1243,0.0003745340945897624
7828,0.00037439350853674114
9908,0.00037336943205446005
601,0.000372956958017312
2527,0.000372874565073289
858,0.00037283566780388355
2799,0.0003720419917954132
4313,0.0003719217929756269
4084,0.00037121502100490034
3737,0.00037120260822121054
7912,0.0003708498697960749
4291,0.00037078766035847366
7114,0.00037075139698572457
4126,0.0003706917486852035
4513,0.0003705398557940498
2511,0.00036987787461839616
4833,0.00036958187411073595
6073,0.00036943280429113656
747,0.00036925873428117484
6171,0.0003692123282235116
7450,0.00036853480560239404
6295,0.00036852927587460726
557,0.0003680127265397459
1322,0.00036800057569053024
9260,0.0003679690562421456
1814,0.00036742897646036
3549,0.00036728531995322555
2798,0.00036702206125482917
6039,0.00036692283174488693
3760,0.0003668128920253366
9215,0.00036531944351736456
886,0.00036531718797050416
6242,0.00036516877298709005
9833,0.0003651255392469466
3136,0.0003646877594292164
3544,0.0003644193784566596
4532,0.00036415521753951907
191,0.0003641321090981364
280,0.00036409984750207514
9130,0.0003639870265033096
8410,0.0003639107890194282
2299,0.00036342522071208805
5735,0.0003633875458035618
2322,0.0003626376419560984
7252,0.0003626287652878091
6687,0.0003623931552283466
9108,0.00036232187994755805
2354,0.0003621508367359638
2459,0.00036147929495200515
1945,0.00036143312172498554
2960,0.00036142286262474954
2207,0.00036128563806414604
1281,0.000361129452358
4752,0.00036104596802033484
9766,0.00036102971353102475
6348,0.0003604497469495982
799,0.00035950019082520157
10033,0.00035844373633153737
5254,0.00035807190579362214
744,0.00035780988400802016
8357,0.0003575643786462024
8315,0.0003572428977349773
6838,0.0003568467509467155
10167,0.0003565798979252577
1006,0.0003560659970389679
3872,0.00035601363924797624
7420,0.0003558294120011851
1869,0.00035574077628552914
5066,0.0003556642768671736
7321,0.000355532334651798
8240,0.0003553010756149888
669,0.0003549815737642348
1817,0.00035492252209223807
7061,0.0003544745413819328
8109,0.0003542201011441648
8110,0.0003542201011441648
1098,0.0003540758916642517
4141,0.0003540014731697738
6106,0.0003529033565428108
2149,0.0003528466768329963
9775,0.000352014641975984
7005,0.0003518750745570287
2547,0.0003514701238600537
3999,0.00035128752642776817
3998,0.00035128752642776817
174,0.00035119250242132694
1497,0.00035114679485559464
1632,0.00035094308259431273
6825,0.0003509034140734002
2596,0.0003504813648760319
10236,0.000349991736584343
2473,0.00034970826527569443
8011,0.00034965830855071545
7312,0.0003495820419630036
740,0.00034906314976979047
363,0.0003490250965114683
8479,0.0003485543420538306
7658,0.0003482885513221845
7276,0.0003474783297860995
9684,0.00034695024078246206
689,0.0003469067596597597
8510,0.00034655380295589566
5916,0.00034626391425263137
9207,0.0003451430384302512
5111,0.00034503194910939783
2613,0.00034497583692427725
1352,0.00034471246181055903
8536,0.0003442558227106929
5134,0.000344018975738436
7635,0.00034367745683994144
7234,0.0003436754341237247
6788,0.0003436034603510052
1234,0.0003430384531384334
2388,0.0003428343770792708
9849,0.000342494880896993
3268,0.0003424821770749986
656,0.0003417905973037705
1791,0.00034165725810453296
8549,0.0003410192293813452
2069,0.00034019703161902726
6504,0.0003401918656891212
1229,0.0003401024150662124
8257,0.00033993180841207504
2648,0.0003399315901333466
8038,0.0003398157859919593
955,0.0003397289547137916
9591,0.0003396797983441502
3766,0.00033959117718040943
1630,0.0003392661310499534
9487,0.0003391250065760687
10129,0.0003390747879166156
4052,0.00033849211467895657
7353,0.00033814393100328743
9316,0.00033795925264712423
9315,0.0003378952678758651
3179,0.0003377961547812447
159,0.00033756370248738676
115,0.00033696646278258413
1426,0.0003365943703101948
8408,0.0003364052390679717
9453,0.0003363884607097134
3621,0.0003363477735547349
4684,0.00033631543919909745
2882,0.00033596444700378925
827,0.0003358706017024815
4456,0.0003358412941452116
3374,0.00033579506271053106
6754,0.0003354220825713128
5642,0.00033486573374830186
8911,0.000334719181410037
2175,0.00033447302121203393
3090,0.0003344217548146844
1907,0.0003344123106217012
3522,0.0003343889693496749
7946,0.000334252996253781
6259,0.00033311905281152576
3286,0.0003330367908347398
7545,0.00033246801467612386
1912,0.0003323302371427417
5340,0.00033225640072487295
9606,0.0003319909010315314
4512,0.0003319511597510427
7131,0.0003316427319077775
2605,0.00033162620093207806
3247,0.00033101429289672524
3397,0.00033098511630669236
2210,0.00033081234141718596
10498,0.00033047108445316553
3735,0.00033018988324329257
4543,0.00033010066545102745
8310,0.00032948523585218936
5877,0.0003294461639598012
2131,0.0003289929882157594
3614,0.0003285771526861936
1060,0.00032779225148260593
818,0.0003276037168689072
2067,0.0003265781269874424
8858,0.00032602649298496544
5517,0.0003258137294324115
4394,0.0003252897004131228
6482,0.00032492542231921107
979,0.0003245160623919219
8112,0.0003244983381591737
4832,0.00032371305860579014
5616,0.00032245408510789275
8943,0.0003224317042622715
9383,0.00032191611535381526
1629,0.0003218595520593226
1091,0.00032182967697735876
625,0.00032179144909605384
5127,0.0003217087214579806
3680,0.0003214133612345904
3222,0.0003213883755961433
9374,0.0003211981529602781
1125,0.0003211884031770751
10255,0.00032107568404171616
8519,0.00032052179449237883
2416,0.00032032116723712534
2137,0.00032013296731747687
3989,0.0003201318468200043
5263,0.00032000357168726623
5468,0.0003198636113665998
4768,0.0003196966426912695
983,0.0003191916912328452
3190,0.000319176193443127
1824,0.0003187191323377192
3758,0.0003185766254318878
2213,0.0003182371729053557
2367,0.00031808992207515985
4930,0.0003178326296620071
1028,0.00031774961098562926
5154,0.00031743319414090365
4206,0.0003173231962136924
4509,0.00031724914151709527
1664,0.00031705429137218744
9095,0.0003169033006997779
6797,0.00031651674362365156
4709,0.00031637982465326786
10423,0.0003161070781061426
4611,0.00031578972993884236
5764,0.0003155515587422997
9400,0.00031551989377476275
6513,0.0003154531150357798
9570,0.00031538390612695366
6629,0.0003151371784042567
1489,0.0003150627308059484
5796,0.0003150537668261677
2715,0.0003149513795506209
9596,0.0003142053901683539
8962,0.00031367011251859367
3875,0.0003135830193059519
3180,0.0003134327125735581
2761,0.0003133546852041036
4632,0.0003131648409180343
3446,0.00031293770007323474
8951,0.00031283886346500367
6956,0.00031237622897606343
4165,0.00031211979512590915
5243,0.0003119651082670316
2660,0.00031155679607763886
8912,0.0003114452410954982
607,0.00031080069311428815
4815,0.00031057528394740075
9772,0.00031023097108118236
5266,0.0003099478199146688
2460,0.0003096102154813707
5456,0.0003095732827205211
1231,0.0003092351107625291
8827,0.000309131239191629
4896,0.00030909018823876977
4472,0.00030868737667333335
2262,0.00030828750459477305
1485,0.0003082178591284901
2265,0.00030819603125564754
8704,0.00030786002753302455
7247,0.00030777820211369544
10307,0.00030773290200158954
7342,0.00030771993624512106
9916,0.00030752069142181426
761,0.000307497481117025
6196,0.0003072109539061785
7316,0.0003070992243010551
3803,0.0003068858204642311
7334,0.000306880145217292
8221,0.0003066359495278448
5568,0.00030635527218692005
6977,0.00030624579812865704
2828,0.0003062196192331612
5182,0.0003041841264348477
10097,0.00030336448980960995
6104,0.0003031842061318457
1557,0.0003030162333743647
6154,0.000302986431051977
4789,0.00030278696794994175
693,0.00030278414487838745
3022,0.0003027425118489191
2097,0.0003024105535587296
5969,0.0003023758326889947
4830,0.0003021812008228153
1131,0.0003017808630829677
8676,0.00030154270643834025
5593,0.00030108902137726545
790,0.000301024250802584
5886,0.00030078896088525653
8428,0.000300756873912178
10086,0.00030060789140406996
9001,0.0003005826292792335
5032,0.000300336119835265
4857,0.00029985680885147303
8806,0.00029978613019920886
8527,0.0002995252434629947
3959,0.00029920095403213054
9358,0.0002991393703268841
4397,0.00029910955345258117
321,0.0002988502092193812
2710,0.0002983363956445828
2708,0.000298058454063721
6768,0.0002980269637191668
7354,0.0002979908313136548
8450,0.00029792361601721495
509,0.0002977100957650691
5075,0.00029742489277850837
5330,0.00029688839276786894
7388,0.0002963506703963503
4226,0.0002962182625196874
5446,0.00029537883528973907
8949,0.0002952342765638605
3293,0.0002946821186924353
5011,0.0002946711902040988
9639,0.00029461878875736147
8281,0.0002943223953479901
8282,0.0002943223953479901
1512,0.00029430729045998305
4958,0.0002935470693046227
4452,0.00029350553813856095
5046,0.00029343906498979777
6431,0.00029331044061109424
3618,0.00029312417609617114
2818,0.000293108299956657
868,0.0002924181753769517
10350,0.00029217006522230804
4246,0.00029196352988947183
8588,0.0002919404214480892
8529,0.0002918781101470813
4720,0.0002914793149102479
6571,0.000291447460767813
2230,0.0002912452328018844
10147,0.0002910986222559586
7744,0.0002908951719291508
345,0.0002907845046138391
7251,0.000290645140921697
8965,0.00029049917066004127
9726,0.00029021064983680844
3673,0.0002901538828155026
5763,0.0002900933177443221
10090,0.0002900212275562808
8817,0.00028969233972020447
3331,0.0002896290388889611
3653,0.00028956371534150094
8898,0.000289404415525496
7071,0.00028847884095739573
10265,0.00028842400934081525
9683,0.00028841210587415844
3974,0.0002883035776903853
3204,0.0002882299741031602
10224,0.00028819910949096084
5950,0.000287486138404347
8140,0.00028748027398250997
10301,0.0002871528995456174
1487,0.0002869640738936141
9640,0.0002866066060960293
3744,0.000286566253635101
303,0.0002859195810742676
7287,0.00028571074653882533
2163,0.00028561738145072013
3169,0.0002853433397831395
6492,0.00028515355370473117
1977,0.0002850829332601279
8993,0.00028501212364062667
3312,0.0002845793205779046
7506,0.00028395428671501577
2272,0.00028391821251716465
7525,0.000283574394416064
1003,0.00028313729853834957
819,0.0002831009478541091
9431,0.0002830658631864935
3173,0.00028304422448854893
6696,0.0002827865246217698
6445,0.0002827734570018947
5288,0.00028269905305933207
6387,0.00028240084066055715
8114,0.0002820084919221699
793,0.00028174096951261163
804,0.0002816464548232034
1310,0.00028139696223661304
5750,0.0002809625439113006
721,0.0002809184370562434
8557,0.00028087109967600554
1963,0.0002804825926432386
10139,0.00028014936833642423
2902,0.0002800993242999539
1917,0.00027870089979842305
6712,0.0002786368131637573
9046,0.0002778215566650033
2806,0.00027780917298514396
7637,0.0002776992187136784
3370,0.0002771568688331172
5797,0.000277136656222865
1825,0.00027650971605908126
8744,0.0002762564108707011
6355,0.0002758978371275589
1956,0.0002754181914497167
6061,0.00027538143331184983
1695,0.0002753692970145494
9762,0.00027523699100129306
349,0.00027508012135513127
9037,0.000274937687208876
7947,0.0002748243132373318
9110,0.00027477520052343607
751,0.00027471368957776576
4018,0.0002740826312219724
526,0.00027390028117224574
7896,0.0002734800655161962
8713,0.00027333316393196583
1115,0.0002728399122133851
1386,0.0002727997925831005
7028,0.0002726637030718848
6004,0.0002725413942243904
5542,0.000272435718216002
7599,0.00027230579871684313
2772,0.00027219075127504766
7063,0.0002720774500630796
1787,0.000271039258223027
3415,0.0002709591208258644
617,0.0002708997344598174
4955,0.0002708884421736002
7937,0.0002705928054638207
3566,0.00027056748513132334
268,0.00027056138787884265
4129,0.00027040805434808135
2458,0.00027026944735553116
1462,0.0002701204939512536
5358,0.0002700482727959752
2383,0.00026999085093848407
6340,0.000269914569798857
4816,0.0002698951866477728
1070,0.00026970243197865784
2340,0.0002694818831514567
4747,0.0002692612470127642
10231,0.0002684743667487055
2588,0.000268009549472481
1990,0.0002678381424630061
3500,0.0002677889133337885
5472,0.0002675926225492731
4088,0.0002675821306183934
2412,0.00026733981212601066
8398,0.00026731722755357623
7881,0.0002672125556273386
1839,0.00026718796289060265
1108,0.0002670752292033285
7348,0.000266825343715027
6872,0.0002664061030372977
7986,0.0002652185794431716
162,0.00026495076599530876
1924,0.0002644519117893651
2888,0.000264180576778017
9993,0.0002640375168994069
3360,0.00026401829381939024
5087,0.0002639249578351155
2352,0.0002638897276483476
1529,0.000263764537521638
3701,0.0002627953072078526
194,0.00026261091988999397
8268,0.0002625374909257516
6704,0.0002624503831611946
3192,0.00026242987951263785
3893,0.00026234358665533364
8623,0.0002622851316118613
9018,0.00026221215375699103
1659,0.00026217082631774247
5481,0.00026216985133942217
1211,0.00026211423391941935
2911,0.0002620601444505155
10141,0.0002617816935526207
5889,0.0002615070261526853
2291,0.0002610875526443124
6575,0.0002610607334645465
1410,0.00026080943644046783
4156,0.0002606199122965336
3154,0.00026034071925096214
4241,0.0002603278262540698
8368,0.0002601886953925714
5129,0.00026009335124399513
2276,0.0002600467560114339
2851,0.0002599373256089166
9874,0.0002593899262137711
3049,0.0002593233366496861
1068,0.0002590059884823859
2747,0.00025888609525281936
2730,0.0002588010538602248
6591,0.0002580916043370962
5246,0.0002579155407147482
3105,0.0002578254498075694
3928,0.00025778880808502436
7958,0.00025764218298718333
2088,0.0002574664249550551
8200,0.00025736460520420223
3514,0.0002573115925770253
8550,0.0002571834629634395
8127,0.00025717941753100604
5473,0.0002570773067418486
4065,0.00025608358555473387
3600,0.0002558262785896659
1504,0.0002555638930061832
9203,0.0002555381797719747
9338,0.00025489933614153415
9173,0.0002548522170400247
4000,0.00025433186965528876
9340,0.0002542639849707484
6567,0.00025412486866116524
2297,0.000253977530519478
7471,0.00025393112446181476
7578,0.0002538135158829391
1518,0.0002532921207603067
6300,0.0002531288919271901
8433,0.0002530418132664636
891,0.0002529608609620482
4994,0.00025293559883721173
1039,0.00025249921600334346
7583,0.00025234198255930096
4136,0.0002521579881431535
6502,0.0002518928667996079
4485,0.00025188070139847696
2404,0.00025168828142341226
3213,0.00025148005806840956
8328,0.00025126813852693886
7794,0.00025108766567427665
1875,0.0002509386540623382
6346,0.0002508094912627712
6027,0.0002507730678189546
4376,0.0002507170647731982
7883,0.00025066034868359566
2439,0.00025051968987099826
6909,0.000250515848165378
5658,0.0002502887073205784
8762,0.0002501684648450464
9143,0.0002501258277334273
4420,0.0002501239359844476
8966,0.00025007383374031633
1610,0.0002499912661733106
4822,0.00024995037529151887
6078,0.00024968216894194484
314,0.0002496804081602022
10453,0.00024964576005004346
3733,0.0002496187371434644
2083,0.0002492310886736959
5088,0.0002490759361535311
6092,0.0002488976460881531
3933,0.00024801680410746485
7461,0.0002478451351635158
2150,0.00024782284162938595
8630,0.000247808697167784
7611,0.0002477747912053019
460,0.0002472923224559054
3027,0.0002472531487001106
486,0.00024714098253753036
1188,0.00024702431983314455
7522,0.00024677130568306893
8345,0.00024655889137648046
4984,0.0002464678109390661
2611,0.0002464186691213399
8845,0.0002461408294038847
3995,0.0002461261465214193
3790,0.0002460405812598765
7231,0.00024571927497163415
2302,0.0002455518115311861
6421,0.0002449096937198192
7137,0.00024410932383034378
6584,0.00024403447605436668
2805,0.0002437932780594565
2520,0.00024282484810100868
10367,0.00024227060202974826
3548,0.00024169203970814124
1307,0.00024155010032700375
7734,0.00024147224758053198
338,0.000241433983319439
6201,0.00024131955433404073
4946,0.00024093519459711388
2639,0.0002409059088677168
3674,0.00024061673320829868
3935,0.000240327266510576
10479,0.0002402021927991882
1334,0.0002401924502919428
10346,0.0002397461430518888
4374,0.00023972355120349675
6238,0.00023960944236023352
152,0.00023947296722326428
2068,0.00023935362696647644
918,0.00023902567045297474
4947,0.0002389995352132246
6690,0.0002388637003605254
8622,0.00023847987176850438
7889,0.0002383166502113454
6721,0.00023777563910698518
6773,0.0002370168367633596
4925,0.00023667561617912725
5846,0.00023666972992941737
6363,0.00023660236911382526
2755,0.0002365982873016037
4421,0.00023653199605178088
738,0.00023625733592780307
9330,0.00023625491303391755
4869,0.00023612060613231733
1579,0.0002360828802920878
2018,0.0002360747748753056
9344,0.0002359864956815727
1950,0.00023557274835184216
2942,0.00023556147061754018
2335,0.00023548698663944378
9513,0.00023545300791738555
8537,0.00023534388310508803
3643,0.00023516111832577735
5277,0.00023506327852373943
2847,0.00023499533563153818
5548,0.0002349193164263852
3407,0.00023486785357818007
240,0.00023474209592677653
8153,0.00023448803403880447
4301,0.00023434104514308274
5110,0.00023418478667736053
4413,0.0002336752659175545
2742,0.0002335182434762828
5031,0.00023328312090598047
5892,0.0002328776754438877
7513,0.00023269174562301487
2786,0.0002324249071534723
1096,0.00023238193534780294
6051,0.00023220536968437955
4874,0.00023190952924778685
3770,0.00023190018691821024
165,0.0002318000260856934
2945,0.0002311873613507487
3507,0.0002310367999598384
8318,0.00023098758538253605
5016,0.00023088159650797024
3075,0.000230870908126235
5537,0.00023068821610650048
4025,0.0002306761671206914
6810,0.00023061298270476982
2071,0.00023043704277370125
4293,0.00022999726206762716
1673,0.00022986524709267542
6607,0.00022985824762145057
8430,0.00022978786000749096
7654,0.00022969116253079847
857,0.0002296720995218493
7256,0.00022964068921282887
5532,0.00022897554299561307
7652,0.00022891952539794147
1333,0.0002288158648298122
2950,0.0002287407623953186
8300,0.0002287313182023354
6965,0.00022866200015414506
6785,0.00022852252732263878
3652,0.00022842221369501203
3717,0.00022836071730125695
9367,0.00022813869873061776
7192,0.00022783017629990354
8178,0.00022773243836127222
3304,0.0002276604645885527
9698,0.00022761158470530063
6112,0.0002275702790939249
6113,0.00022727205214323476
4751,0.00022713999351253733
6116,0.00022692613129038364
7517,0.00022664476273348555
3915,0.00022662224364466965
9106,0.00022635118511971086
8972,0.0002262047928525135
3984,0.00022610082669416443
7182,0.00022596265625907108
8641,0.0002258130843983963
3110,0.00022567561973119155
1533,0.0002253857092000544
3929,0.00022534191521117464
1501,0.00022476250887848437
5516,0.0002246482763439417
5786,0.0002242605623905547
9073,0.00022410284145735204
4872,0.00022395181440515444
3937,0.00022378680296242237
272,0.00022308286133920774
6060,0.00022268458997132257
1221,0.0002224363197456114
4035,0.00022229295427678153
8413,0.00022204175184015185
5447,0.00022197439830051735
8831,0.0002215018030256033
9850,0.000221475085709244
1308,0.00022147219715407118
4707,0.00022146177798276767
7922,0.00022129415447125211
3458,0.00022079380869399756
1847,0.00022056558373151347
5297,0.0002205172786489129
8673,0.0002204613629146479
3619,0.00022045455989427865
9800,0.00021987863874528557
7451,0.0002196920831920579
7698,0.00021958724391879514
1079,0.00021946363267488778
10409,0.0002194039843743667
5902,0.00021921985899098217
6055,0.00021909175120526925
6861,0.00021856947569176555
4941,0.0002180967858294025
782,0.0002180307637900114
5477,0.00021799184469273314
8542,0.0002179874136345461
5979,0.00021785103308502585
2326,0.00021782988915219903
1118,0.00021761404059361666
1648,0.00021724539692513645
8783,0.00021719308278989047
824,0.0002171873493352905
8350,0.00021693723101634532
8980,0.00021667019609594718
6406,0.00021628461399814114
9312,0.0002161935917683877
7375,0.00021617469610646367
2602,0.00021573236881522462
4154,0.00021570094395428896
7453,0.00021554675186052918
2381,0.00021550933888647705
2622,0.00021550314704654738
5332,0.00021473764354595914
2246,0.00021472424850799143
1860,0.00021438518160721287
8358,0.00021423937141662464
4619,0.00021408885368146002
7130,0.00021391453628893942
6875,0.0002138927738997154
7019,0.00021374146308517084
7482,0.00021344910055631772
7773,0.00021342131367418915
8291,0.00021341314277378842
8669,0.00021325238776626065
2788,0.00021300849766703323
1848,0.00021285784896463156
2025,0.00021279265638440847
6386,0.00021267748525133356
3723,0.0002125217579305172
7683,0.00021250259305816144
932,0.00021241744980216026
5362,0.00021221267525106668
701,0.0002118376360158436
9326,0.00021162835037102923
8645,0.00021156007278477773
2064,0.0002114030867232941
1438,0.00021125941566424444
7661,0.00021118566655786708
3851,0.0002110401983372867
2140,0.00021088869107188657
7416,0.0002103911538142711
4309,0.00021005245071137324
8360,0.0002098678596667014
7425,0.00020965073781553656
2940,0.0002096103853546083
9923,0.00020914070773869753
9302,0.00020908276201225817
10445,0.0002088510082103312
9160,0.00020866859995294362
5214,0.00020850059809163213
958,0.00020842346566496417
285,0.00020804107771255076
5442,0.0002079527039313689
2218,0.0002079380428767763
9433,0.00020784085063496605
2529,0.00020757743186550215
6889,0.0002075014272122644
7089,0.00020701812900369987
1779,0.00020698707521660253
5484,0.0002069363254122436
6741,0.0002066771121462807
8563,0.0002063974825432524
1197,0.00020637873240048066
7754,0.00020621209841920063
1319,0.00020581688295351341
8558,0.00020564048463711515
8199,0.0002054028955171816
7689,0.0002053934513241984
4022,0.00020535458315862343
6673,0.0002053442585747689
5729,0.00020498955564107746
8352,0.00020491721079451963
2470,0.00020477639918681234
4173,0.0002045957007794641
4266,0.00020448620489332825
2467,0.00020435984333744273
3342,0.00020435281476238742
10210,0.0002042515916400589
9077,0.0002042049018200487
2896,0.00020411815057741478
6165,0.00020383736409712583
9087,0.00020356245659058914
2333,0.00020352722640382126
3355,0.00020337715977802873
9484,0.00020330592815298587
1532,0.00020299557218095288
9275,0.00020269319793442264
4364,0.0002026338261202909
5520,0.00020252935064490885
5105,0.00020242343452991918
7239,0.00020234410476405174
431,0.0002021568943746388
1413,0.00020214505639160052
9336,0.00020179127750452608
7011,0.0002015447898884304
7458,0.00020129878976149485
470,0.00020124214643146843
1185,0.00020117150415899232
1852,0.0002007116490858607
733,0.00020056224457221106
3892,0.00020055357890669256
5910,0.0002004467460210435
9347,0.00020042248797835782
5307,0.0002001166794798337
6123,0.00019990577857242897
3902,0.00019980318757006899
1493,0.00019975093891844153
6606,0.00019937913020839915
6812,0.00019927557150367647
8505,0.00019901112682418898
6336,0.00019884986249962822
3894,0.00019881381012964994
2943,0.00019861933105858043
9962,0.0001984419795917347
4956,0.0001983216352527961
9204,0.00019829138182103634
3936,0.00019828067888738587
2026,0.00019827269716188312
10457,0.00019810895901173353
8485,0.00019792946841334924
7535,0.00019788739155046642
8435,0.00019788210920523852
8147,0.00019768747733905911
6716,0.00019764803437283263
8939,0.00019756724941544235
9226,0.00019666301523102447
2029,0.0001966112104128115
1776,0.0001964904076885432
3981,0.00019615753990365192
8076,0.0001958515786100179
3427,0.00019575253827497363
5344,0.00019564949616324157
8637,0.0001955156767508015
4858,0.00019546772819012403
2087,0.00019546537077985704
8347,0.00019509776757331565
2841,0.00019508673722157255
1784,0.00019496423919918016
4753,0.00019491759303491563
1732,0.00019487557437969372
4552,0.00019471682753646746
3895,0.0001945316544151865
5217,0.0001944611212820746
7697,0.0001943725801538676
9099,0.00019374382100068033
1484,0.00019343058374943212
3806,0.0001930297294165939
6040,0.00019284318113932386
3634,0.00019191268074791878
7173,0.00019180800882168114
6405,0.00019179945957148448
2435,0.00019151980814058334
10296,0.00019150027947034687
4829,0.0001912944790092297
887,0.00019098752090940252
9712,0.00019050977425649762
5775,0.00019037242600461468
6150,0.00019030628027394414
5048,0.00019016830628970638
1542,0.0001900565330288373
9304,0.00019003464694833383
7716,0.00018981097673531622
4548,0.00018977052241098136
7395,0.00018974308477481827
1649,0.00018969111988553777
1380,0.00018960385204991326
2346,0.00018951221136376262
1590,0.0001893828739412129
1996,0.00018916761473519728
5338,0.00018894387176260352
6856,0.00018892377556767315
6474,0.00018872857617679983
2493,0.000188711732334923
3517,0.00018865749734686688
7944,0.00018846432794816792
2242,0.0001883649529190734
8245,0.00018814545182976872
3454,0.00018805288709700108
3916,0.00018802963313646615
4610,0.00018791289039654657
4986,0.0001876979658845812
2966,0.00018754578923108056
8256,0.00018741970416158438
7139,0.00018712046585278586
6232,0.00018711082520894706
2161,0.00018689760327106342
8431,0.00018688822456169873
10123,0.00018681249639485031
4054,0.00018645397358341143
9505,0.00018620271293912083
9653,0.00018600081966724247
4174,0.000185693301318679
3053,0.00018547325453255326
5830,0.00018541944155003875
4664,0.00018526388885220513
9317,0.0001852016939665191
9420,0.0001844818762037903
2472,0.00018446025205776095
729,0.0001844098005676642
3162,0.0001844000507844612
4679,0.00018417249521007761
8168,0.0001841700286604464
366,0.00018412037752568722
3016,0.00018372045451542363
10018,0.0001836251321947202
5172,0.000183530428330414
4864,0.00018340445240028203
1843,0.0001833415954024531
9695,0.00018311750318389386
2963,0.00018309699225937948
6660,0.00018308316793991253
6416,0.0001830645342124626
2202,0.0001830527835409157
4150,0.00018269087740918621
2371,0.0001823161874199286
2201,0.00018201707280240953
1456,0.00018186616216553375
4942,0.00018179492326453328
8202,0.0001817200827645138
3200,0.00018124891357729211
2238,0.00018098126747645438
6047,0.00018062651361105964
10059,0.00018031790386885405
5126,0.000180033894139342
9079,0.0001799737219698727
3176,0.00017992499488173053
10278,0.00017986842431128025
239,0.0001796602227841504
1689,0.00017923570703715086
7143,0.00017906194261740893
6559,0.00017867176211439073
9488,0.00017864017718238756
4797,0.00017862099048215896
3615,0.0001786042339517735
4621,0.00017858588398667052
573,0.00017839494830695912
7770,0.00017825588292907923
1978,0.00017808863776735961
10153,0.0001780830352799967
1089,0.0001780170205165632
3160,0.00017786266835173592
4418,0.00017771560669643804
4177,0.00017768378893379122
3821,0.00017762195057002828
834,0.000177457244717516
5809,0.00017738735186867416
5404,0.00017725231737131253
10077,0.00017694074631435797
1396,0.00017665418272372335
1141,0.00017659724835539237
6426,0.00017659083096077666
3368,0.00017654019029578194
648,0.0001765242122928612
6439,0.0001761492239893414
6485,0.00017611234943615273
3914,0.0001757371283019893
1338,0.00017565640155225992
4606,0.00017563055007485673
3864,0.00017561639833729714
1301,0.0001753997421474196
5476,0.00017539885448059067
5581,0.0001751458112266846
2903,0.0001750779993017204
5773,0.00017480348469689488
5544,0.00017466623103246093
5874,0.0001746213310980238
3727,0.0001745146291796118
7433,0.000174118387803901
4939,0.00017400657816324383
7862,0.0001738548744469881
10446,0.00017379827477270737
1112,0.00017372221918776631
7099,0.00017303760978393257
3362,0.00017288982053287327
3383,0.0001727282360661775
3855,0.00017262937035411596
4630,0.00017256212595384568
6710,0.00017232126265298575
471,0.00017217634740518406
3369,0.00017211069643963128
6644,0.0001720041545922868
3181,0.00017186279001180083
2563,0.0001718011626508087
3241,0.000171636653249152
4838,0.00017122675490099937
5631,0.00017114498041337356
1391,0.0001710920623736456
1913,0.00017108921019826084
4381,0.0001709909993223846
3411,0.00017090026813093573
8981,0.00017057023069355637
494,0.00017031273455359042
6992,0.0001702938025118783
172,0.00017020067753037438
5009,0.00016999684157781303
10335,0.0001699838030617684
8296,0.0001699438362265937
3942,0.000169655482750386
9021,0.00016959771164692938
9314,0.0001694497696007602
10217,0.00016920660709729418
7707,0.0001691721990937367
2142,0.00016863126074895263
8568,0.00016845700156409293
3753,0.00016840529860928655
2111,0.0001683366936049424
6057,0.00016831179527798668
4901,0.00016812838293844834
2134,0.0001680715213296935
3819,0.00016787726781331003
5461,0.00016782819875515997
6085,0.00016782509919721633
9706,0.00016769636567914858
476,0.0001676914034760557
1927,0.00016743496234994382
3786,0.00016741282888688147
2739,0.00016738881822675467
3759,0.00016736071120249107
5984,0.00016704922745702788
7835,0.00016683811554685235
7066,0.00016678301471984014
890,0.00016676147060934454
2889,0.00016655562649248168
4847,0.00016654079809086397
401,0.0001664917144807987
9368,0.00016631958715151995
1127,0.00016629394667688757
10182,0.00016629099991405383
3837,0.00016596649948041886
8260,0.00016588117432547733
10132,0.00016575441259192303
2285,0.00016570363368373364
7060,0.0001656925887800753
745,0.000165356723300647
1312,0.00016522999794688076
501,0.00016522374789929017
1957,0.0001652227292652242
3508,0.00016505634994246066
2819,0.00016501761274412274
7220,0.0001642726274440065
3946,0.00016415446589235216
2722,0.00016403671907028183
6283,0.00016402350593125448
2479,0.00016395874990848824
3098,0.00016390276869060472
10207,0.00016388668882427737
8196,0.00016378037980757654
8913,0.00016334564134012908
6894,0.00016333196981577203
5838,0.00016303481243085116
361,0.0001629268954275176
5688,0.00016279811097774655
8846,0.00016277076792903244
4043,0.00016275118832709268
4368,0.00016272993525490165
5140,0.0001627116944291629
7702,0.0001626595330890268
959,0.00016215055802604184
8387,0.0001620272742002271
9527,0.00016159227379830554
1435,0.0001612294727237895
5380,0.00016109615535242483
315,0.0001610144172445871
3773,0.00016091045836219564
4782,0.00016087523545138538
713,0.00016078020416898653
9175,0.00016077206237241626
8327,0.00016075153689598665
10249,0.00016073980077635497
2582,0.00016063022485468537
8607,0.00016062094800872728
5657,0.00016026933735702187
8730,0.00016011839761631563
6225,0.00016009339014999568
6016,0.00016002947086235508
1032,0.000159953509864863
3376,0.0001599212846485898
4267,0.00015981603792170063
3384,0.00015959223674144596
6236,0.00015956584684317932
5599,0.00015956148854456842
881,0.00015953440743032843
5199,0.00015946474013617262
8997,0.0001591976615600288
8636,0.00015905788313830271
1041,0.00015896836703177541
6998,0.00015894952230155468
1412,0.00015893335512373596
6639,0.00015890721988398582
4687,0.00015888593770796433
2858,0.0001587917868164368
9040,0.0001587391525390558
6481,0.00015857250400586054
3375,0.00015853081276873127
9024,0.00015837485261727124
925,0.0001583692865096964
6862,0.00015828676987439394
1866,0.00015823748253751546
4194,0.00015822509885765612
3478,0.00015820945554878563
4264,0.00015809480828465894
5782,0.00015800310211488977
5185,0.0001576498252688907
3430,0.0001576350405230187
10180,0.00015752431500004604
5414,0.00015750242891954258
2430,0.00015726262790849432
7722,0.00015700537915108725
3891,0.00015694901230745018
4146,0.0001569481464684941
7508,0.0001567673753015697
5818,0.00015664509555790573
6948,0.0001565595594001934
281,0.00015634321607649326
5108,0.00015609280671924353
3708,0.00015607792738592252
9093,0.0001559351512696594
8026,0.00015570729738101363
4813,0.00015541911852778867
4340,0.00015538746811216697
9587,0.00015535452985204756
6596,0.0001550861052237451
7737,0.00015502060705330223
5464,0.00015485093899769709
9579,0.00015461816656170413
785,0.00015439478738699108
7111,0.00015432101645274088
311,0.000154290406499058
626,0.00015416202222695574
7808,0.00015409719344461337
7366,0.00015404179430333897
7834,0.0001538873475510627
7324,0.00015387689927592874
5387,0.00015387048915727064
719,0.00015378984971903265
1220,0.00015375167276943102
1124,0.00015363340207841247
2165,0.00015359690587501973
1447,0.0001534987022751011
3571,0.00015345799329224974
10190,0.00015342512779170647
10058,0.00015326782886404544
4055,0.00015324926789617166
4139,0.00015315662312787026
1589,0.00015314471966121346
6991,0.0001528396678622812
10499,0.00015251872537191957
10256,0.00015231090947054327
1929,0.00015220879868138582
7899,0.0001519168436061591
3825,0.0001518713906989433
9480,0.0001517742421128787
1137,0.0001517062191851437
4854,0.0001515132826170884
2735,0.00015138909657252952
9822,0.0001511946611572057
6738,0.0001511813679826446
5991,0.0001508469576947391
8592,0.00015032961528049782
6805,0.00015021071158116683
2214,0.00015011255163699389
6918,0.00015007532783783972
6573,0.0001500095022493042
8066,0.00014998413098510355
6946,0.00014955885853851214
2034,0.00014924700371921062
8728,0.0001491986113251187
3063,0.00014901580289006233
4112,0.0001489112910348922
3570,0.00014890966849634424
1239,0.00014890137390466407
8323,0.00014878946967655793
7123,0.00014876713976264
3498,0.00014857616770314053
6594,0.0001484508829889819
1666,0.00014841953088762239
3993,0.00014801415818510577
2748,0.00014720705803483725
203,0.00014715787983732298
8564,0.00014715384895680472
7290,0.00014707928494317457
7965,0.00014690124953631312
5247,0.00014689294766867533
3277,0.00014676332648377866
5716,0.00014670479868073016
2717,0.00014632204693043604
698,0.00014627666678279638
2670,0.0001461161664337851
9623,0.00014586867473553866
3869,0.00014572492364095524
8382,0.0001457054604543373
7190,0.0001454075681976974
3799,0.0001453322038287297
1464,0.00014516881492454559
2537,0.00014514801296172664
4744,0.0001451352727599442
4855,0.00014498936798190698
4181,0.00014498684322461486
1083,0.00014495415962301195
9827,0.00014471078611677513
10150,0.00014466406719293445
876,0.00014451251627178863
5664,0.00014445295528275892
8837,0.00014408832066692412
8870,0.00014407357230084017
9003,0.00014393845049198717
4408,0.00014379232743522152
5572,0.0001437779064872302
4454,0.0001435832746210508
2509,0.00014349302364280447
6276,0.00014343576913233846
2318,0.00014327550888992846
3925,0.00014309253310784698
6159,0.00014307983656181023
3306,0.00014300757175078616
9362,0.0001427896713721566
7684,0.00014272484986577183
5366,0.00014257792645366862
2866,0.00014254035340854898
8284,0.00014251084212446585
4189,0.0001423112043994479
3848,0.00014227338397176936
7815,0.00014186379848979414
3868,0.00014186117914505303
10372,0.00014183774328557774
4318,0.00014174457464832813
3931,0.00014168135385261849
6922,0.00014157104305922985
9500,0.0001415391598129645
1474,0.00014134294906398281
6827,0.00014111220662016422
3191,0.00014102794375503436
2013,0.00014101045235292986
805,0.0001409150572726503
188,0.00014090350305195898
4561,0.00014089804608374834
4972,0.00014077389641897753
4927,0.00014004904369357973
8206,0.000139890456921421
9211,0.00013987472630105913
5279,0.00013987082638777792
8680,0.00013987062266096473
1233,0.00013961023796582595
1495,0.0001395285435137339
5533,0.00013946901890449226
800,0.000139436568133533
2062,0.00013923974620411173
1212,0.0001391958721796982
2199,0.00013913003203924745
1897,0.00013911991845816374
8101,0.00013908123219152912
6873,0.00013907832180848345
7579,0.00013892666902393103
521,0.00013890070840716362
9030,0.00013875540753360838
348,0.00013835509889759123
10029,0.00013832080003339797
1965,0.00013824113557348028
3144,0.00013817863509757444
7970,0.00013817580475006253
2749,0.00013812896941090003
211,0.00013810487143928185
2573,0.00013798838335787877
3347,0.00013777749700238928
4807,0.00013777556887362152
4382,0.00013767154450761154
6811,0.0001376492655253969
2475,0.00013745762407779694
1853,0.00013728962221648544
8237,0.00013721359573537484
6708,0.00013713863882003352
3033,0.0001370366007904522
2905,0.00013691791536984965
8082,0.0001367646618746221
5308,0.00013673313515027985
3234,0.00013623825361719355
3695,0.0001361083341180347
2784,0.00013605356798507273
7044,0.00013596769713331014
9109,0.00013594488700618967
543,0.00013591655442724004
8132,0.0001358700101263821
4081,0.00013582936662714928
9716,0.0001354760242975317
2720,0.00013537971244659275
4527,0.00013528420822694898
2157,0.0001351836181129329
4157,0.00013504191883839667
3655,0.0001349706362816505
2988,0.00013473114813677967
4179,0.00013473066792357713
4519,0.00013464866788126528
4308,0.00013454667350742966
7159,0.0001345076598227024
1905,0.00013432706327876076
8179,0.0001341804163530469
5078,0.0001341023380518891
7892,0.00013395815767580643
5382,0.00013387491344474256
4249,0.00013371612294577062
949,0.0001336218192591332
1862,0.00013340757868718356
6045,0.00013317143748281524
922,0.00013301594299264252
10273,0.00013281738938530907
696,0.00013275561650516465
9136,0.00013252483040560037
10415,0.00013237127859611064
5601,0.00013236578524811193
8379,0.00013235220831120387
6877,0.00013228909665485844
1565,0.0001322635289398022
1566,0.0001322635289398022
9014,0.0001322039170190692
5587,0.00013200372632127255
4372,0.0001319589646300301
7278,0.00013180879614083096
8294,0.0001317604401265271
2410,0.00013140839291736484
915,0.00013128179853083566
3863,0.00013127795682521537
5627,0.00013122125528752804
4260,0.00013099489297019318
250,0.00013080562348477542
1420,0.00013066244719084352
1384,0.00013063613005215302
9738,0.00013062142534181476
7268,0.00013051481801085174
3124,0.00013028393004788086
2932,0.00013010841939831153
9221,0.00013009284157305956
4029,0.00012995099677937105
2791,0.00012991371477255598
6765,0.0001298467832384631
6542,0.00012977729056729004
3487,0.00012973062257515267
2694,0.00012954101111972705
6870,0.00012930838420288637
8531,0.00012926521594636142
2146,0.00012914925900986418
4971,0.0001290794025408104
9259,0.0001290361033170484
878,0.0001290354339289479
5304,0.0001289625943172723
6731,0.00012885444448329508
661,0.00012881743896286935
3534,0.00012854149827035144
2306,0.00012851179053541273
2482,0.0001285018806811422
3756,0.00012846790195908397
10280,0.00012837054237024859
6310,0.00012835106463171542
8046,0.00012828758917748928
8755,0.00012827889440814033
4804,0.00012826884631067514
2338,0.00012810058251488954
7346,0.00012800018885172904
9546,0.00012791769404429942
3866,0.00012791016342816874
9397,0.00012782628618879244
6820,0.00012769729073625058
1149,0.00012745812273351476
6783,0.00012697166675934568
4842,0.0001268972991965711
2853,0.00012652766599785537
3261,0.0001264609381905757
7880,0.0001258674165001139
1523,0.00012571185652632266
9092,0.00012570245598908514
9398,0.0001256918621947989
10483,0.00012565053475555032
9608,0.00012554964632727206
10119,0.00012534592679003254
8619,0.0001252375586773269
2579,0.0001250787390745245
3198,0.00012500624143285677
8600,0.00012498955766204745
2644,0.00012492543464759365
8025,0.0001247899272129871
2040,0.0001247356558451429
6093,0.00012465421605156735
6678,0.0001245073726749979
4280,0.00012443577725207433
8425,0.00012441588842193596
7046,0.000124398255138658
7042,0.0001243133665411733
1868,0.00012410348426783457
2545,0.000123968071420677
7904,0.00012392188364174217
5701,0.00012375873484415933
8364,0.00012363943824311718
9776,0.00012358622552710585
10061,0.0001235019662999548
3769,0.00012346026778686792
5600,0.000123442558106035
6509,0.00012329624223639257
511,0.0001232909198733978
9354,0.00012317591608734801
8541,0.00012298145884415135
4779,0.00012284402328077704
1781,0.00012272219464648515
1842,0.00012269250146346167
9631,0.00012256071204319596
7210,0.0001224038060172461
6529,0.00012239550778758712
10066,0.00012228445848450065
8594,0.00012208710541017354
2328,0.00012194336159154773
5858,0.00012190328197903
5146,0.00012173598224762827
9158,0.00012171062917332165
8171,0.00012159859397797845
10031,0.00012152565614087507
1030,0.00012141621118644252
4900,0.00012130182949476875
1596,0.0001211818162119016
4765,0.00012114346100133844
3491,0.00012105658242944628
7585,0.0001210283262480516
5034,0.00012081175009370781
5028,0.00012077565406798385
2913,0.00012071695164195262
5082,0.00012063110989402048
5483,0.0001205228800245095
7026,0.00012041164154652506
8212,0.00012039013017783873
8213,0.00012039013017783873
5757,0.00012037887790938839
7645,0.00012035777035634965
5003,0.00012033878374495544
9672,0.00012032312588416971
3298,0.00012002991570625454
3519,0.0001200081424030941
10128,0.00011983768854406662
9424,0.00011976836685789749
2738,0.00011973091750405729
3155,0.00011969622210017405
8044,0.0001196405355585739
3020,0.0001195494769490324
6984,0.00011930009350180626
6973,0.0001192682611872442
5811,0.0001189828799397219
7219,0.00011887666187249124
9233,0.00011885575440828688
9842,0.00011863147301482968
5408,0.00011860182712553069
9566,0.0001184263928735163
7811,0.000118324354843935
4045,0.00011831757001345977
4686,0.00011830034054582939
5098,0.00011825204637716524
4637,0.00011821864973171614
7598,0.0001181883126264438
1867,0.00011812515367637388
940,0.00011795580940088257
6997,0.00011795225873356685
9705,0.0001179221690108534
6966,0.0001179182181658689
8716,0.00011790949429268949
6268,0.00011781786815845408
8974,0.00011773531878134236
7682,0.00011759876724681817
3131,0.00011749654004233889
2194,0.00011744499715860002
6557,0.00011716503286152147
7550,0.00011711800470948219
3151,0.00011709586033248343
7622,0.00011677530346787535
5356,0.00011659921074169688
5259,0.00011650016676867381
6271,0.00011648768486338668
4225,0.0001164501481980551
9899,0.000116416544187814
4357,0.00011606400221353397
3829,0.00011605347754084505
8456,0.00011584567982936278
3229,0.00011580625869100913
3070,0.00011569187699933536
5376,0.00011562793588382192
9984,0.00011551247007446364
7465,0.00011548003749339841
2031,0.00011546579480636865
4461,0.00011545636516530067
1798,0.0001153360826720018
5525,0.00011524551155162044
1010,0.000115198807179695
3911,0.00011512895798659883
4192,0.0001150691787188407
7411,0.00011500003893161193
8276,0.00011491731856949627
1841,0.00011467342119431123
3141,0.0001145579844887834
9241,0.0001144708767242264
9429,0.00011445513155194931
7258,0.00011440200978540815
3648,0.00011414515029173344
7741,0.00011402663221815601
10106,0.00011392132364562713
336,0.00011385726975277066
4184,0.00011364948295522481
8399,0.00011354787784512155
3413,0.00011339983757352456
2795,0.0001130641030613333
9583,0.0001130434320657514
10417,0.00011296552111161873
2834,0.00011294522846583277
8312,0.00011293808711343445
3494,0.00011293248098809272
1337,0.00011282808918622322
9279,0.00011264673958066851
7266,0.00011212554454687051
8288,0.00011198357606190257
8726,0.00011191004159627482
4915,0.00011152638035127893
3301,0.00011152088336530142
6356,0.00011140445349155925
8543,0.00011139155685668811
9278,0.00011137938417959958
2578,0.00011125343371531926
9852,0.0001110798039007932
9096,0.00011086864105891436
6726,0.00011081394040957093
138,0.00011078764146077447
6676,0.00011077698218286969
5639,0.00011073405767092481
5640,0.00011073405767092481
3290,0.00011054864808102138
1828,0.00011051286492147483
3665,0.00011015631753252819
3295,0.0001101407287933398
9286,0.00011012081813532859
7277,0.00011008340516127646
4212,0.00010996998025802895
7031,0.00010994160402333364
1448,0.00010992868192261085
4147,0.00010987949281116016
457,0.0001098759712476749
5933,0.00010984538312186487
300,0.000109718122985214
4205,0.00010968299102387391
8506,0.00010962865781039
5063,0.00010959324208670296
8544,0.00010950537034659646
3499,0.00010946862312266603
9479,0.00010923320951405913
9381,0.00010909310731221922
9582,0.00010888165343203582
4931,0.00010884068979066797
6519,0.00010883994400501251
6395,0.00010854742140509188
9572,0.0001085186486307066
8465,0.00010850032776943408
9829,0.00010826480138348415
5557,0.00010817437578225508
7175,0.00010801108510349877
3095,0.00010786022539832629
2931,0.00010782137906062417
4363,0.00010777449642773718
6403,0.00010775935152196325
7226,0.00010774288966786116
2171,0.00010773234680527821
8246,0.00010764081162051298
9816,0.00010745995678007603
8774,0.00010738821583800018
5440,0.00010736903277575038
4604,0.00010734071474871598
2539,0.00010716016913647763
3631,0.00010702318832045421
996,0.00010699427730287425
10052,0.00010692781143006869
7665,0.00010661716078175232
5030,0.00010643382120179012
489,0.00010627748997649178
2817,0.00010626574294292368
1822,0.00010607600415823981
4970,0.00010602503607515246
4868,0.00010589264638838358
6744,0.00010584242409095168
8809,0.00010570480662863702
2607,0.00010570044469204731
3274,0.00010558171197772026
3463,0.00010557815767242573
6717,0.00010551457307883538
2592,0.00010550114529905841
10362,0.00010546134581090882
1336,0.00010544290489633568
482,0.0001053786363627296
319,0.00010514778477954678
5017,0.00010479128832230344
8631,0.00010475134695298038
6179,0.00010462995851412416
7045,0.0001045678072841838
7369,0.0001045624230755493
6429,0.00010443650535307825
3435,0.00010429805479361676
2325,0.000104216203908436
2379,0.00010413796189823188
3058,0.00010407956142444164
1830,0.00010392191325081512
3396,0.00010391412433818914
6733,0.00010380358071415685
3598,0.00010376219870522618
7006,0.0001036888497765176
2525,0.00010362400280428119
3558,0.00010361046952311881
3924,0.0001035260756907519
6775,0.00010338523861719295
4909,0.00010321333684260026
3426,0.0001031817591865547
9990,0.00010311242294847034
8768,0.00010301578367943875
6025,0.0001029637387546245
9811,0.00010286323595209979
9107,0.00010282815128448419
400,0.00010279991329298355
2386,0.00010276031753164716
2400,0.0001025122037390247
6215,0.00010232847489533015
2597,0.00010232512431684881
7863,0.00010230902262264863
10098,0.00010230322004645132
3433,0.00010214075882686302
3651,0.00010213260975433514
3616,0.0001021164862322621
10062,0.00010199812459177338
9792,0.00010192824265686795
6564,0.00010177121657761745
4547,0.00010162669423152693
7540,0.00010159674275200814
516,0.00010132234820048325
4770,0.00010126338747795671
9147,0.0001011051717796363
8384,0.00010099668725160882
1478,0.00010092861703014933
7289,0.00010080557331093587
1404,0.00010073219164041802
6828,0.00010069892232422717
462,0.0001004793812171556
4665,0.0001004629630187992
1876,0.00010039990593213588
7128,0.00010030596604337916
3960,0.00010028944961959496
1617,0.00010018700413638726
1826,0.00010018209650297649
7002,0.0001001592208922375
6035,9.999603207688779e-05
4224,9.981918628909625e-05
6270,9.969433085643686e-05
3380,9.949406376108527e-05
4185,9.939032679540105e-05
10266,9.91699707810767e-05
2526,9.901624071062542e-05
6041,9.898726420942694e-05
1916,9.890004730550572e-05
4598,9.867335393209942e-05
1408,9.855809548753314e-05
5527,9.829851114773192e-05
3185,9.82921446848195e-05
3140,9.827041867538355e-05
3800,9.825018787523732e-05
1568,9.820700506679714e-05
2809,9.814712757361121e-05
330,9.813794167712331e-05
2017,9.796861195354722e-05
581,9.791162301553413e-05
1558,9.788634633878246e-05
1546,9.759488239069469e-05
4672,9.757336738402955e-05
507,9.74772046902217e-05
7921,9.747175863594748e-05
323,9.746842988533899e-05
2836,9.742350448505022e-05
2397,9.741719986777753e-05
3084,9.729965677252039e-05
8380,9.72441557678394e-05
7201,9.720192247186787e-05
5136,9.714673433336429e-05
7084,9.713059625937603e-05
9868,9.70694309216924e-05
4891,9.69835527939722e-05
4310,9.687912461231463e-05
8533,9.684676479082555e-05
4406,9.673774911789224e-05
2471,9.66476982284803e-05
8137,9.661648800829425e-05
1882,9.654626046540216e-05
6282,9.645672253100201e-05
5305,9.644631427363493e-05
61,9.638598203309812e-05
3461,9.634496018406935e-05
7657,9.613224392523989e-05
2643,9.610081542632543e-05
525,9.593509457772598e-05
6583,9.5862262242008e-05
10137,9.579657489666715e-05
8224,9.575797957950272e-05
3366,9.570993279339746e-05
5992,9.557500379742123e-05
630,9.531047908239998e-05
6443,9.52880691329483e-05
137,9.528311056783423e-05
5285,9.520199819235131e-05
5231,9.494632831774652e-05
5015,9.492252502241172e-05
9847,9.479773507337086e-05
6332,9.477808998781256e-05
3945,9.469744691159576e-05
5021,9.451096411794424e-05
2895,9.448768832953647e-05
8953,9.44519015320111e-05
646,9.434808816877194e-05
6829,9.426407268620096e-05
10076,9.421917275176384e-05
340,9.415576641913503e-05
2906,9.40581267059315e-05
586,9.398914698977023e-05
10466,9.383291762787849e-05
5178,9.382357893628068e-05
1392,9.366000085719861e-05
5798,9.365555524709634e-05
2072,9.36014112085104e-05
5198,9.357023736811243e-05
8805,9.346459046355449e-05
2314,9.343007695861161e-05
6759,9.330672764917836e-05
3912,9.330240573035553e-05
4885,9.310720997746103e-05
6722,9.308910011895932e-05
6541,9.306944775744341e-05
2994,9.30666683416348e-05
1975,9.271859744330868e-05
7804,9.269421570934355e-05
6026,9.268944995710626e-05
9946,9.268517169402912e-05
5791,9.26578177313786e-05
7690,9.256278644897975e-05
3602,9.242888336302713e-05
6084,9.229166244040243e-05
4355,9.224704263033345e-05
7705,9.204238813254051e-05
9364,9.198997940984555e-05
4799,9.19831327337306e-05
1668,9.195125676342286e-05
8417,9.192178913508542e-05
8617,9.189384581986815e-05
2586,9.171225974569097e-05
639,9.146377124125138e-05
1133,9.142639464698732e-05
1054,9.133215280598961e-05
3194,9.131798651651479e-05
8920,9.126347140409052e-05
2782,9.067197242984548e-05
7712,9.049560321727768e-05
8891,9.048093124874867e-05
4556,9.04287226148881e-05
5580,9.036919072968885e-05
1797,9.014936222229153e-05
10044,9.014503302751109e-05
5312,8.987522596726194e-05
4918,8.973230069386773e-05
6490,8.972083014668897e-05
2745,8.939960025600158e-05
7148,8.934129436966032e-05
3884,8.917463492252864e-05
7686,8.91051568032708e-05
5650,8.899819295038469e-05
1506,8.887191870599054e-05
5069,8.882660767994821e-05
806,8.882128895493224e-05
2178,8.874659033608623e-05
9634,8.868560689734295e-05
10103,8.860061279847287e-05
10345,8.841254020808265e-05
1671,8.838516441755928e-05
1378,8.823110329103656e-05
5310,8.791542495600879e-05
3296,8.786975377006456e-05
5549,8.783112207311206e-05
3344,8.781730139162391e-05
3805,8.777881521382369e-05
3644,8.767063627601601e-05
7208,8.75811165315099e-05
2237,8.7537457147846e-05
3248,8.748170148464851e-05
6599,8.744058504817076e-05
4362,8.743867147131823e-05
4898,8.743648504605517e-05
6852,8.740183329791762e-05
9385,8.728903412702493e-05
2927,8.719807374291122e-05
7007,8.706757944310084e-05
440,8.701347906026058e-05
2156,8.69072464411147e-05
5233,8.685015927767381e-05
9101,8.677190635353327e-05
28,8.671358955325559e-05
2780,8.67041562742088e-05
7058,8.661442188895307e-05
1357,8.661144602228887e-05
6569,8.646085188956931e-05
1821,8.645553316455334e-05
6444,8.64080611790996e-05
3986,8.632468598079868e-05
5865,8.625712871435098e-05
5632,8.625663031125441e-05
1502,8.623206667834893e-05
1269,8.622060340712778e-05
4231,8.621616871096194e-05
5740,8.605390394222923e-05
3269,8.587128468207084e-05
4038,8.579757559346035e-05
5954,8.57177765283268e-05
5677,8.567435361328535e-05
2041,8.565811003791168e-05
1728,8.56279548315797e-05
10473,8.557776163797826e-05
14,8.54965765029192e-05
3537,8.545487798983231e-05
2316,8.540354974684305e-05
2601,8.537674875697121e-05
9862,8.535979577573016e-05
9754,8.531873390893452e-05
10007,8.512546992278658e-05
7281,8.509224790032022e-05
7280,8.509224790032022e-05
3182,8.497869930579327e-05
3392,8.489880201523192e-05
1576,8.486677324981429e-05
9327,8.485266880597919e-05
4121,8.479145253659226e-05
7548,8.473418711218983e-05
4448,8.463536141789518e-05
9447,8.447364234598354e-05
7964,8.433104812866077e-05
1425,8.430164234596305e-05
7557,8.40543034428265e-05
9621,8.399083162657917e-05
5937,8.388709466089495e-05
485,8.384083412238397e-05
4620,8.381529551115818e-05
1057,8.377114500035532e-05
9423,8.372271622647531e-05
9522,8.358987906831317e-05
1204,8.355741010745987e-05
9217,8.35404935060069e-05
3979,8.338445695699193e-05
8789,8.336178871104494e-05
9945,8.29692799015902e-05
4696,8.287630043923855e-05
4551,8.28246666060295e-05
1605,8.26594332465902e-05
2076,8.26244468044024e-05
7696,8.256782530224882e-05
5081,8.252009865827858e-05
6246,8.249829261330888e-05
9266,8.243438060162589e-05
5317,8.239694943767972e-05
3620,8.232680193032138e-05
1887,8.22896217869129e-05
3996,8.227589933085255e-05
6262,8.219084702432156e-05
9949,8.181739394785836e-05
2159,8.176242772606201e-05
1573,8.151916699716821e-05
4520,8.126635293592699e-05
3808,8.123163934214972e-05
2726,8.121380597003736e-05
3784,8.119699850794859e-05
7468,8.115507807815447e-05
7489,8.07882024673745e-05
9759,8.073262142715976e-05
7556,8.072991477092728e-05
7081,8.072365744737908e-05
9600,8.06643147370778e-05
4576,8.063379573286511e-05
2696,8.063298446359113e-05
9937,8.05022573331371e-05
602,8.048532254179008e-05
2743,8.03872462711297e-05
4257,8.033220001379959e-05
9935,8.030991011764854e-05
5116,8.023828922887333e-05
7151,8.004709889064543e-05
9422,7.992207611096092e-05
5438,7.983585601323284e-05
7145,7.98065921117086e-05
1657,7.979416113812476e-05
6798,7.968126010382548e-05
3528,7.945748802740127e-05
9626,7.929550702101551e-05
930,7.924775127321482e-05
7115,7.882910722400993e-05
135,7.880987686803564e-05
3510,7.878435280872509e-05
7367,7.872217975091189e-05
5226,7.861239646445028e-05
10492,7.860295590944588e-05
5314,7.849225585232489e-05
5480,7.843153434805572e-05
2452,7.833026393200271e-05
7222,7.807373913237825e-05
1398,7.806306530255824e-05
3710,7.802873005857691e-05
2103,7.800421735737473e-05
1983,7.797342914273031e-05
6477,7.791806274326518e-05
5150,7.773332617944106e-05
2106,7.77208260842599e-05
964,7.764118709019385e-05
5433,7.751076918793842e-05
8449,7.747820927761495e-05
7265,7.739927241345868e-05
3649,7.739791908534244e-05
5539,7.73625033616554e-05
8740,7.730189463472925e-05
8001,7.727594129391946e-05
2556,7.704213203396648e-05
3333,7.683199510211125e-05
5510,7.675934830331244e-05
10496,7.672292485949583e-05
4075,7.671620551263914e-05
3019,7.663281940040179e-05
4662,7.648093378520571e-05
3745,7.647921302122995e-05
9610,7.647307211300358e-05
9445,7.632778579136357e-05
9963,7.631825428688899e-05
4714,7.629232277395204e-05
6168,7.624395220773295e-05
1135,7.621908298460767e-05
5372,7.605621067341417e-05
10017,7.605376958963461e-05
4783,7.600968820042908e-05
2626,7.600916796945967e-05
8793,7.599203672725707e-05
4251,7.586884748889133e-05
1883,7.550198643002659e-05
3196,7.546191773144528e-05
8999,7.545681728515774e-05
4462,7.543568062828854e-05
6613,7.541930608567782e-05
5238,7.54081629565917e-05
903,7.529438880737871e-05
6920,7.518061829614453e-05
9335,7.511176954722032e-05
3776,7.483182707801461e-05
6212,7.471307981177233e-05
8471,7.46885452826973e-05
4701,7.455332888639532e-05
3122,7.454158185282722e-05
5591,7.425305375363678e-05
7847,7.412624472635798e-05
529,7.411095430143178e-05
2599,7.397796434815973e-05
8316,7.390690734609962e-05
6821,7.38631933927536e-05
2580,7.380279203061946e-05
9709,7.378586815320887e-05
6994,7.375932182185352e-05
3678,7.375569839496166e-05
1021,7.370933235506527e-05
9679,7.359133451245725e-05
7297,7.355022171395831e-05
6347,7.351596286753193e-05
4808,7.346153506659903e-05
7233,7.339396688621491e-05
3356,7.335935515584424e-05
860,7.330320295295678e-05
3699,7.325208935071714e-05
5570,7.32381668058224e-05
5753,7.322138117160648e-05
7373,7.319885480683297e-05
4601,7.314714093809016e-05
4239,7.313461537705734e-05
4125,7.308303247555159e-05
3100,7.288060078280978e-05
9407,7.28242339391727e-05
5513,7.266684042406268e-05
3273,7.264829037012532e-05
1340,7.262660437845625e-05
118,7.259443736984394e-05
4441,7.258103869389743e-05
3395,7.250020644278266e-05
6808,7.244912922033109e-05
1432,7.244656080729328e-05
5876,7.241870116558857e-05
4369,7.24036326573696e-05
8690,7.232612915686332e-05
1292,7.232326242956333e-05
1356,7.216157973743975e-05
9681,7.214778452180326e-05
10164,7.200839172583073e-05
2035,7.168894444475882e-05
4502,7.146336065488867e-05
1737,7.14384441380389e-05
3715,7.137447755667381e-05
2101,7.135048508644104e-05
7663,7.13326116965618e-05
4673,7.13118897692766e-05
8024,7.131007805583067e-05
4124,7.125509364414029e-05
6709,7.12472028681077e-05
5628,7.110059232218191e-05
3253,7.104548058123328e-05
10288,7.102844392647967e-05
7938,7.081126750563271e-05
2172,7.069681669236161e-05
458,7.067117257975042e-05
5309,7.053805165924132e-05
6523,7.040513810352422e-05
7711,7.039654519758187e-05
8028,7.037336399662308e-05
764,7.035586531856097e-05
5743,7.031686982372776e-05
9432,7.016857125563547e-05
1663,7.006151645327918e-05
2433,7.006057785474695e-05
7424,7.001215999480337e-05
3755,6.990440670051612e-05
9172,6.987061351537704e-05
4811,6.985858271946199e-05
4903,6.968898742343299e-05
3562,6.967181252548471e-05
3574,6.962951010791585e-05
3240,6.961137114558369e-05
6290,6.959653183002956e-05
2304,6.946287248865701e-05
6213,6.945362838450819e-05
6187,6.944722917978652e-05
4992,6.939270315342583e-05
7211,6.93376459821593e-05
7708,6.932473115739413e-05
7271,6.926335845491849e-05
6008,6.92360699758865e-05
7358,6.921226668055169e-05
583,6.919420775375329e-05
4645,6.915677658980712e-05
7729,6.914350524311885e-05
7112,6.901816595927812e-05
3690,6.899924846948124e-05
3704,6.893696991028264e-05
3994,6.892601595609449e-05
3226,6.883607420604676e-05
4234,6.881324588903226e-05
6376,6.876677434775047e-05
3492,6.870685683679767e-05
6932,6.867032061563805e-05
3438,6.86674247845076e-05
2939,6.862608279334381e-05
5386,6.85968370817136e-05
2033,6.856776235508732e-05
6755,6.850674253655598e-05
3953,6.845112147857435e-05
4208,6.837125329184346e-05
9969,6.835935710114427e-05
10010,6.827695688116364e-05
4145,6.826366734458134e-05
10361,6.811611820012331e-05
9067,6.807368481531739e-05
1763,6.802403731853701e-05
671,6.798402318963781e-05
7311,6.793222200940363e-05
6011,6.790983388782479e-05
6767,6.790166298742406e-05
4191,6.790022598579526e-05
3103,6.784189463360235e-05
1259,6.773519271519035e-05
1494,6.771432526875287e-05
606,6.767880768165924e-05
10264,6.759960160707124e-05
5534,6.759908137610182e-05
1960,6.757651135558262e-05
3722,6.754252535756677e-05
6237,6.753496563760564e-05
6009,6.75113005854655e-05
8985,6.749448948539793e-05
6254,6.749058957211673e-05
3453,6.728760490659624e-05
4197,6.7264187237015e-05
10274,6.722025136696175e-05
6826,6.721184763591737e-05
5364,6.719460725435056e-05
6941,6.713711627526209e-05
3611,6.709665467496961e-05
7313,6.702487371512689e-05
8319,6.702382233925164e-05
6281,6.701550955767743e-05
3976,6.686199048999697e-05
5158,6.685460175503977e-05
1968,6.683589890599251e-05
8701,6.682407911284827e-05
4508,6.681354352622293e-05
3867,6.680559090455063e-05
6576,6.680282604065724e-05
5737,6.673919051536359e-05
187,6.670919174212031e-05
5096,6.665674300165847e-05
1499,6.6598742705537e-05
3693,6.653974196524359e-05
8790,6.651534567936324e-05
9097,6.647937698289752e-05
8184,6.643564847763628e-05
3093,6.634898454649374e-05
3038,6.633984594373032e-05
2732,6.629157724091783e-05
227,6.619839405175298e-05
4367,6.594828300876543e-05
755,6.588058386114426e-05
544,6.586833114852197e-05
1665,6.567091622855514e-05
6012,6.556962034665048e-05
10490,6.556309381267056e-05
3542,6.552179183927365e-05
4437,6.551399201271124e-05
6459,6.550494799739681e-05
7082,6.549435420311056e-05
207,6.548532837769017e-05
5270,6.547986049554311e-05
3638,6.54551804473158e-05
6819,6.545249925693497e-05
7250,6.53497627354227e-05
3230,6.53043134661857e-05
608,6.529664460686035e-05
2249,6.529079473693855e-05
4490,6.524019408971071e-05
1505,6.522301191580482e-05
4134,6.518459485960193e-05
727,6.517133078887127e-05
5789,6.50678739475552e-05
9052,6.499391747638583e-05
9787,6.499086521216668e-05
7575,6.498864240711555e-05
8917,6.497434151242487e-05
4060,6.497127469629049e-05
9532,6.492506872746162e-05
4361,6.489429870271124e-05
7023,6.48849927529227e-05
2989,6.484822006314062e-05
8693,6.483231481979601e-05
7153,6.46151092951186e-05
2968,6.458943971665576e-05
8491,6.44876345177181e-05
7848,6.447083796956576e-05
2488,6.443724851123989e-05
2391,6.442642552428879e-05
4411,6.43168023088947e-05
6526,6.413516530301422e-05
9360,6.411222057067789e-05
4584,6.410485366359353e-05
6895,6.410357673303224e-05
6649,6.404911255231127e-05
2281,6.404031955753453e-05
6753,6.391701754182577e-05
9206,6.388957626768388e-05
67,6.36484801361803e-05
4706,6.364532600855455e-05
4798,6.359679900924675e-05
3921,6.359317194437608e-05
3316,6.357899837894365e-05
2668,6.357724123517983e-05
8887,6.355881487252191e-05
9103,6.332102930173278e-05
6241,6.309179661911912e-05
6581,6.309136733761989e-05
6050,6.305705028353259e-05
4434,6.279832450672984e-05
7620,6.277037755353376e-05
10049,6.270177254918963e-05
1397,6.252908133319579e-05
5573,6.251547165447846e-05
3688,6.24557796982117e-05
2561,6.244576434255578e-05
4875,6.23881132923998e-05
7359,6.234218017198145e-05
5486,6.227670746739022e-05
455,6.225986362551339e-05
1760,6.225097968126647e-05
9605,6.217854752321728e-05
9979,6.216077599674463e-05
1789,6.213277811184525e-05
1078,6.208570266608149e-05
3364,6.200247662491165e-05
6248,6.196905087563209e-05
514,6.196703907335177e-05
1452,6.193812805577181e-05
9227,6.193599983816966e-05
2655,6.190373460412957e-05
9555,6.176649367262144e-05
5504,6.176517490530387e-05
10192,6.173892325023189e-05
3102,6.165029481053352e-05
3983,6.159451368148439e-05
3521,6.157019743113779e-05
7032,6.153678623377346e-05
3101,6.14803793723695e-05
523,6.139436663943343e-05
8457,6.136590491223615e-05
7668,6.134641989774536e-05
424,6.129904431873001e-05
8217,6.129383837105706e-05
5318,6.12545136391418e-05
10449,6.12521507719066e-05
7133,6.11679679423105e-05
4252,6.113975905464031e-05
6582,6.097035111451987e-05
2924,6.094590207794681e-05
7303,6.089829730626661e-05
1642,6.088657028158195e-05
5293,6.087463589210529e-05
4331,6.084192682465073e-05
3089,6.079902232158929e-05
10464,6.078005571907852e-05
3431,6.067200047255028e-05
3795,6.062094689696096e-05
967,6.055789526726585e-05
2271,6.0556954849744216e-05
4921,6.0517813835758716e-05
9503,6.0417503846110776e-05
7035,6.0303485952317715e-05
1163,6.028515781508759e-05
9722,6.015013059368357e-05
6653,6.0018923250027e-05
8369,5.996346226311289e-05
10204,5.995082210574765e-05
3045,5.9761845477623865e-05
10179,5.971080099698156e-05
8682,5.9602894907584414e-05
2274,5.958864312560763e-05
6558,5.950646482233424e-05
9551,5.945865996181965e-05
1216,5.934424734732602e-05
6982,5.934069304203149e-05
6745,5.9324906032998115e-05
10197,5.9302021327312104e-05
2970,5.926601079409011e-05
8490,5.9227293604635634e-05
3927,5.919416435062885e-05
4651,5.909596802666783e-05
6662,5.878904084966052e-05
1743,5.8690173318609595e-05
5023,5.8689527577371337e-05
822,5.8651128711062483e-05
2609,5.8349629398435354e-05
4667,5.831185080751311e-05
10242,5.8272327805752866e-05
4998,5.814006726723164e-05
7833,5.8069403166882694e-05
2764,5.8032857850776054e-05
8331,5.795264041807968e-05
7629,5.7894838391803205e-05
6205,5.777589285571594e-05
9558,5.771174619439989e-05
4546,5.769905146735255e-05
3028,5.7618846767582e-05
10416,5.760191197623499e-05
9452,5.752971992478706e-05
6204,5.752375363954343e-05
6059,5.744632471760269e-05
2683,5.7424442275078036e-05
2688,5.742295252275653e-05
2312,5.7305362133774906e-05
3963,5.729991244152188e-05
4845,5.722536843677517e-05
5086,5.7020190070034005e-05
8051,5.685009455191903e-05
2309,5.670701102644671e-05
2758,5.669276106345933e-05
6701,5.654763663187623e-05
3625,5.654667074850295e-05
6091,5.640382551064249e-05
8305,5.636546484311111e-05
5555,5.63398098165635e-05
8658,5.6328946811845526e-05
7179,5.6286291510332376e-05
9599,5.620395313599147e-05
3882,5.6181630498031154e-05
10213,5.612892346107401e-05
10214,5.612892346107401e-05
1282,5.598614734481089e-05
5970,5.5956161304493435e-05
5983,5.579083881457336e-05
3217,5.578026139119174e-05
3081,5.5609078117413446e-05
5813,5.556280484597664e-05
4066,5.5475182307418436e-05
1936,5.5461603551520966e-05
3150,5.5293132390943356e-05
7907,5.524692824110389e-05
4076,5.513068026630208e-05
2760,5.5052929383236915e-05
7718,5.4939477195148356e-05
5094,5.491750926012173e-05
4170,5.489172144734766e-05
3859,5.488755778060295e-05
2542,5.486958980327472e-05
292,5.485122346726712e-05
9894,5.47890904272208e-05
9083,5.472991324495524e-05
1274,5.4726657253922895e-05
3400,5.467998198582791e-05
2275,5.4671691032126546e-05
8469,5.467096343636513e-05
9933,5.4605392506346107e-05
7299,5.460370266519021e-05
10251,5.455784412333742e-05
7092,5.45375733054243e-05
8879,5.451728793559596e-05
8616,5.445280658022966e-05
3626,5.4405001719715074e-05
7363,5.437205618363805e-05
3372,5.436876381281763e-05
5176,5.4366722906706855e-05
4680,5.4356134569388814e-05
8186,5.43531004950637e-05
4294,5.433900514617562e-05
10024,5.4259944590739906e-05
9959,5.4215212003327906e-05
3822,5.4091318816062994e-05
668,5.4087733587948605e-05
4069,5.406944183050655e-05
2797,5.3991219829185866e-05
8373,5.397057248046622e-05
5519,5.393720857682638e-05
9846,5.385302756621968e-05
6291,5.370952385419514e-05
9301,5.360570503398776e-05
1206,5.355850589694455e-05
10121,5.3526060582953505e-05
5163,5.349549246602692e-05
4841,5.339263771020342e-05
5491,5.3376483265310526e-05
1845,5.3363186452770606e-05
8584,5.335991227184422e-05
10134,5.3210340411169454e-05
2926,5.313925248628948e-05
4133,5.313806286721956e-05
3128,5.305685226630885e-05
5509,5.302527279127389e-05
7844,5.300499469740316e-05
1017,5.2986035370850004e-05
2446,5.294630318530835e-05
6655,5.292692003422417e-05
5138,5.2873085223836824e-05
5139,5.2873085223836824e-05
7974,5.2865061661577784e-05
8709,5.2706609494634904e-05
9925,5.270255132927559e-05
6665,5.2701161621371284e-05
6996,5.269948087516241e-05
3088,5.246995351626538e-05
5569,5.243637860985473e-05
4894,5.243173836788628e-05
5071,5.2425912144826725e-05
2195,5.2403740482986905e-05
4740,5.221677201916464e-05
2976,5.217228863330092e-05
9666,5.189941111893859e-05
7850,5.1882281695725396e-05
3168,5.180616972211283e-05
1859,5.180264633963816e-05
8595,5.179997606319375e-05
2020,5.175963269721251e-05
2221,5.174227226234507e-05
3167,5.164625326870009e-05
10211,5.161787885299418e-05
2239,5.15027750225272e-05
8700,5.143599264556542e-05
9461,5.1433198677841574e-05
8419,5.1279312174301594e-05
8205,5.127312942931894e-05
921,5.1265753427287564e-05
2100,5.113195948069915e-05
842,5.1110733693349175e-05
6923,5.1097211326123215e-05
3030,5.1058115786872804e-05
5038,5.1053642891929485e-05
8764,5.1050035835942253e-05
8989,5.1038976380368695e-05
2558,5.098735164210666e-05
2510,5.093053732707631e-05
9866,5.0868873586296104e-05
789,5.086859891889617e-05
10022,5.072936437500175e-05
3949,5.071624036645517e-05
3938,5.059666909801308e-05
5331,5.0579188609845005e-05
8361,5.056794725533109e-05
6761,5.0458620535209775e-05
3920,5.0390404794598e-05
801,5.034210153098684e-05
4592,5.022351615480147e-05
452,4.999131124350242e-05
4255,4.992643516743556e-05
6042,4.9884019972523674e-05
6648,4.984258885087911e-05
7307,4.98386343679158e-05
9514,4.979236655344721e-05
1980,4.978281140211038e-05
4849,4.9650030632619746e-05
2183,4.9636204494163394e-05
8414,4.951273513142951e-05
1422,4.950042966811452e-05
4227,4.9461901653558016e-05
9873,4.943835847370792e-05
7095,4.938795063935686e-05
6476,4.936349068884738e-05
681,4.933781019644812e-05
5832,4.9257710998062976e-05
5884,4.924276436213404e-05
6546,4.9236545237363316e-05
1551,4.91157261421904e-05
495,4.901524698652793e-05
8335,4.8977910410030745e-05
510,4.889345837000292e-05
6099,4.8887050070334226e-05
10003,4.8881072871154174e-05
9167,4.883713154413272e-05
1730,4.882755638391245e-05
2008,4.882412940787617e-05
2102,4.877126411884092e-05
10478,4.877041283180006e-05
5885,4.8740514102973975e-05
3472,4.868449832429178e-05
9186,4.8682552005629987e-05
8058,4.853191967413295e-05
5320,4.8531675929552875e-05
7642,4.84820811834652e-05
2255,4.847690797760151e-05
7134,4.8452968258061446e-05
1601,4.841172994929366e-05
3207,4.8404941480839625e-05
6732,4.8320436690119095e-05
298,4.83074090880109e-05
6752,4.8282367060892284e-05
4862,4.82739633298479e-05
6652,4.826315853279084e-05
2540,4.825179530598689e-05
8203,4.824874849873595e-05
5712,4.814657768292818e-05
5394,4.813677878701128e-05
9088,4.81190909340512e-05
4373,4.8053958380478434e-05
1612,4.800947499461472e-05
3206,4.798989903065376e-05
1547,4.7958430513972417e-05
3199,4.792276558873709e-05
5702,4.7918380005285144e-05
7823,4.79017380712321e-05
9466,4.7750212615937926e-05
8796,4.771853855345398e-05
4500,4.7693640226498246e-05
2463,4.760370393341873e-05
5715,4.7601404730812646e-05
4758,4.758451359521132e-05
4269,4.751726009999402e-05
7656,4.749724757857621e-05
10001,4.743608405988198e-05
3968,4.731451008410659e-05
2179,4.7290572183555923e-05
6756,4.7245061068679206e-05
5496,4.704211460193619e-05
8503,4.6940924221416935e-05
5648,4.683127917815e-05
5855,4.6782733988948166e-05
3739,4.6756334995734505e-05
10200,4.6743582061026245e-05
6833,4.671130227507092e-05
3956,4.6567769459215924e-05
3623,4.6567216486437246e-05
954,4.656244709622115e-05
4306,4.654139593185391e-05
9944,4.6532024498446845e-05
3064,4.650275513995439e-05
5624,4.6493591071339324e-05
2360,4.643650936486665e-05
3080,4.637325037037954e-05
2918,4.630316107068211e-05
5324,4.625644214684144e-05
7499,4.624787834472954e-05
3326,4.6235018089646474e-05
2293,4.6182596634025685e-05
9814,4.616111436916981e-05
7721,4.611943950294517e-05
1393,4.59950533695519e-05
2674,4.5932110879221e-05
619,4.5918350224383175e-05
2148,4.5790935473633e-05
2785,4.574575723381713e-05
2086,4.571551471599378e-05
4236,4.56725374533562e-05
5119,4.5659957322641276e-05
8804,4.5640987082151696e-05
5399,4.56096458947286e-05
3402,4.55779409094248e-05
2554,4.5577919081551954e-05
6958,4.552708560368046e-05
8711,4.552511563815642e-05
5841,4.5497021346818656e-05
1136,4.548966899164952e-05
5469,4.545690717350226e-05
1641,4.534131585387513e-05
4338,4.525646181718912e-05
7456,4.515707951213699e-05
3210,4.5152497477829456e-05
2437,4.510334110818803e-05
4886,4.500722934608348e-05
10351,4.498714770306833e-05
5669,4.497968802752439e-05
499,4.496506153373048e-05
4451,4.4892056394019164e-05
9803,4.488948252401315e-05
8280,4.482859367271885e-05
9507,4.481734868022613e-05
5223,4.4808393795392476e-05
9520,4.470851672522258e-05
2267,4.468588849704247e-05
5133,4.459168303583283e-05
4324,4.455804264580365e-05
9154,4.442988756636623e-05
7650,4.4350888856570236e-05
6247,4.4325253838906065e-05
3032,4.431808520166669e-05
8371,4.42495529568987e-05
8866,4.4198719479027204e-05
376,4.417922900756821e-05
4433,4.416818410390988e-05
7640,4.41462398157455e-05
5852,4.413653368828818e-05
4614,4.4127316868980415e-05
2635,4.407800042827148e-05
535,4.405447543831542e-05
7414,4.404852006700821e-05
3641,4.403596722113434e-05
8808,4.395948963065166e-05
6442,4.389458990772255e-05
3424,4.385997817735188e-05
2046,4.3704889321816154e-05
2548,4.3643505705404095e-05
6612,4.3640879084705375e-05
2254,4.359525701147504e-05
10241,4.359334889159072e-05
4600,4.351455936557613e-05
4674,4.346843888924923e-05
1046,4.342888496466912e-05
3844,4.341133535490371e-05
5654,4.339844781497959e-05
2286,4.3327549064997584e-05
3031,4.3295092837070115e-05
6525,4.3239320802967995e-05
3545,4.3230891606071964e-05
4764,4.318883293308318e-05
286,4.318512219469994e-05
9589,4.315141268307343e-05
3697,4.314121360948775e-05
8766,4.3110492697451264e-05
10142,4.309814357839059e-05
4478,4.3040423406637274e-05
10376,4.302334491512738e-05
7218,4.297504165151622e-05
4315,4.2921134081552736e-05
898,4.283400448912289e-05
635,4.282347435946576e-05
2637,4.2599775042617694e-05
5218,4.255827298038639e-05
9116,4.244776391715277e-05
2440,4.242985596647486e-05
2077,4.2392362956888974e-05
3147,4.2348190618213266e-05
717,4.2158604628639296e-05
1555,4.2147483327426016e-05
3422,4.212014391669072e-05
5100,4.210549195704516e-05
7818,4.2104653402930126e-05
3509,4.207137862977106e-05
10424,4.189723404124379e-05
3437,4.1879316995618865e-05
3862,4.171499313088134e-05
9064,4.168281520833261e-05
10026,4.167823135503568e-05
10173,4.165430618741084e-05
3948,4.159596392128151e-05
3389,4.153331792622339e-05
10161,4.1492239688523114e-05
7205,4.1442110159550793e-05
2535,4.144116064708214e-05
5864,4.1434985178057104e-05
4100,4.1401195630896837e-05
975,4.1388369936612435e-05
5792,4.134211121709086e-05
1524,4.1284063627244905e-05
3350,4.119424738746602e-05
3066,4.1178407627739944e-05
4899,4.115384945180267e-05
2374,4.1087865611189045e-05
5261,4.102912680536974e-05
7855,4.102171260456089e-05
8664,4.099777288502082e-05
2492,4.093306233698968e-05
7014,4.079530117451213e-05
5420,4.07372153858887e-05
1943,4.063909364049323e-05
8494,4.058207014168147e-05
10174,4.0577615436632186e-05
8346,4.055328463437036e-05
10285,4.048250411869958e-05
8322,4.043775152240414e-05
9637,4.04360889660893e-05
7858,4.033362893096637e-05
879,4.0315364458365366e-05
5833,4.028708644909784e-05
7789,4.026630995213054e-05
3042,4.015957529190928e-05
6253,4.012589488411322e-05
2557,4.0115291994879954e-05
1029,3.9885375372250564e-05
3763,3.980080509791151e-05
4961,3.978891072620172e-05
8176,3.978103086410556e-05
10050,3.974341780121904e-05
10428,3.974039282184094e-05
8947,3.9699027183814906e-05
6156,3.9630423998460174e-05
3166,3.962307710025925e-05
5377,3.955387001042254e-05
9839,3.9532376831630245e-05
10220,3.946985998481978e-05
10037,3.9465616282541305e-05
7589,3.945858952647541e-05
6285,3.943735282518901e-05
5921,3.941792056139093e-05
2751,3.941753675462678e-05
7470,3.939284033549484e-05
8613,3.9320424548350275e-05
5422,3.9305137761402875e-05
2746,3.929225931642577e-05
7950,3.928054138668813e-05
1984,3.927817851945292e-05
4444,3.9270638808375224e-05
7783,3.9195070712594315e-05
4106,3.9179465602501296e-05
7884,3.916611967724748e-05
6637,3.9108976125135086e-05
7730,3.90707155020209e-05
6389,3.9025266232783906e-05
8812,3.900030242220964e-05
3406,3.894002475135494e-05
2308,3.889575418725144e-05
4094,3.875734728353564e-05
874,3.864657992380671e-05
2971,3.8630047129117884e-05
2320,3.8623973523499444e-05
679,3.8335103454301134e-05
1540,3.828939043160062e-05
3257,3.823593578999862e-05
7198,3.821520476776641e-05
3917,3.816188109340146e-05
8749,3.807610846706666e-05
4851,3.8039139326428995e-05
4633,3.7997309846105054e-05
9284,3.7990816053934395e-05
9263,3.797288445639424e-05
6727,3.7918633097433485e-05
8287,3.791329072555527e-05
9980,3.7883257391513325e-05
9524,3.7873824112466536e-05
9199,3.782994826906361e-05
10226,3.7753312426502816e-05
1527,3.7739311665063724e-05
1207,3.7687910662498325e-05
4987,3.7657884604413994e-05
4148,3.7649457226507366e-05
2027,3.7577858165604994e-05
10068,3.7558873373200186e-05
6854,3.755756370082963e-05
575,3.7548825275735e-05
5963,3.7541130950558e-05
7876,3.752720476768445e-05
795,3.749731331481598e-05
2270,3.746843685803469e-05
7539,3.7467734728124924e-05
1465,3.742958688235376e-05
7634,3.740854845091235e-05
4457,3.740612191904802e-05
3890,3.73925704479916e-05
5269,3.736075268534478e-05
3515,3.732160803338047e-05
9181,3.731175820576027e-05
1031,3.7290004911483265e-05
4541,3.728997580765281e-05
3516,3.724881935340818e-05
4568,3.7243984479573555e-05
691,3.722785368154291e-05
9519,3.7192952731857076e-05
10261,3.7190227885730565e-05
8639,3.70976504200371e-05
4624,3.7092420825501904e-05
4623,3.7092420825501904e-05
8773,3.705391827679705e-05
3134,3.695939994941e-05
4969,3.695624036481604e-05
6194,3.693519647640642e-05
4242,3.6908786569256335e-05
3748,3.682518581626937e-05
9267,3.680981717479881e-05
852,3.6805469790124334e-05
10168,3.666901284304913e-05
8825,3.657145316537935e-05
1043,3.6550796721712686e-05
597,3.651197584986221e-05
654,3.6398781958268955e-05
4238,3.638890029833419e-05
5101,3.6363211620482616e-05
4095,3.635020948422607e-05
9412,3.632654625107534e-05
2615,3.629207094490994e-05
4647,3.6242776332073845e-05
1993,3.621743780968245e-05
8356,3.6185707358527e-05
4380,3.610327803471591e-05
7530,3.609349732869305e-05
7164,3.6070750866201706e-05
1458,3.6047162211616524e-05
9489,3.5988641684525646e-05
2085,3.596419082896318e-05
7865,3.592637585825287e-05
6642,3.5923665564041585e-05
10360,3.591215681808535e-05
8862,3.582550198188983e-05
9187,3.5788441891781986e-05
8232,3.565005317796022e-05
10393,3.5618113543023355e-05
2466,3.5565726648201235e-05
1564,3.556291812856216e-05
8381,3.555042530933861e-05
4096,3.554941031325143e-05
8426,3.546402331267018e-05
6170,3.5451150324661285e-05
8577,3.540847137628589e-05
1148,3.5394732549320906e-05
3221,3.534141433192417e-05
3398,3.530402136675548e-05
7910,3.527503758959938e-05
4846,3.5174483855371363e-05
9864,3.516159085847903e-05
6054,3.502016988932155e-05
480,3.5012790249311365e-05
3420,3.4984755984623916e-05
1921,3.497189209156204e-05
109,3.493870644888375e-05
8120,3.4924627470900305e-05
3980,3.4886958019342273e-05
7781,3.47956593031995e-05
9896,3.4743927244562656e-05
1373,3.473831202427391e-05
6036,3.46780834661331e-05
8756,3.465096961008385e-05
7866,3.451211341598537e-05
2600,3.445328366069589e-05
4703,3.442226261540782e-05
3008,3.4419306757627055e-05
10101,3.4359445635345764e-05
9031,3.4228582080686465e-05
2402,3.420466418901924e-05
1878,3.418269261601381e-05
1051,3.4167824196629226e-05
7920,3.404521157790441e-05
3555,3.400335117476061e-05
3476,3.399396337044891e-05
8555,3.395812746020965e-05
5095,3.3948885175050236e-05
8691,3.391932477825321e-05
1225,3.391282007214613e-05
5463,3.387187280168291e-05
8002,3.384908632142469e-05
4671,3.3834185160230845e-05
3310,3.382825343578588e-05
2623,3.377637222001795e-05
8115,3.3767726563382894e-05
3906,3.374564039404504e-05
9265,3.3700007406878285e-05
6239,3.368361103639472e-05
8198,3.364617805345915e-05
4005,3.361722883710172e-05
1193,3.357938476256095e-05
10327,3.356808520038612e-05
10105,3.355615262989886e-05
10206,3.355561784701422e-05
3459,3.3409598472644575e-05
3586,3.3395393984392285e-05
10196,3.338756869197823e-05
2112,3.3369113225489855e-05
1985,3.335423389216885e-05
10343,3.3138452636194415e-05
8560,3.300220123492181e-05
6760,3.293517875135876e-05
612,3.277604446338955e-05
3228,3.2694884794182144e-05
9756,3.268860018579289e-05
2015,3.268352884333581e-05
2986,3.2607375032966956e-05
6038,3.2597268727840856e-05
5566,3.257785465393681e-05
3232,3.2507849027751945e-05
1877,3.2426520192530006e-05
4867,3.2376399758504704e-05
4850,3.236609336454421e-05
3658,3.235343683627434e-05
1575,3.2349611501558684e-05
1941,3.23155563819455e-05
5467,3.228861896786839e-05
3303,3.2287151043419726e-05
7890,3.219080826966092e-05
2872,3.209608621546067e-05
4884,3.208109410479665e-05
9749,3.20563431159826e-05
7012,3.20404924423201e-05
7772,3.2037605706136674e-05
5055,3.203149390174076e-05
7571,3.198122249159496e-05
8250,3.192578333255369e-05
6645,3.188437312928727e-05
4638,3.185039349773433e-05
2861,3.1827876227907836e-05
4979,3.181449756084476e-05
2174,3.18011298077181e-05
7967,3.1698129532742314e-05
7376,3.166628084727563e-05
2840,3.166599890391808e-05
8233,3.16573405143572e-05
9741,3.162987013638485e-05
6500,3.153272882627789e-05
6668,3.1486926673096605e-05
9663,3.148021278320812e-05
6795,3.142005516565405e-05
6354,3.13856617140118e-05
6353,3.13856617140118e-05
7264,3.136422674288042e-05
5843,3.1341236535809e-05
4330,3.131210360152181e-05
2468,3.126317278656643e-05
4990,3.123378883174155e-05
10401,3.11865169351222e-05
5994,3.1165964173851535e-05
4675,3.11462463287171e-05
3495,3.1086974559002556e-05
1213,3.107330485363491e-05
2876,3.102180198766291e-05
944,3.100703270320082e-05
8771,3.10023024212569e-05
1991,3.098851266258862e-05
10116,3.09815768559929e-05
3909,3.092438419116661e-05
7979,3.084877062065061e-05
5986,3.0784822229179554e-05
5501,3.067308080062503e-05
9737,3.0581581086153165e-05
1035,3.05657486023847e-05
6664,3.051574640267063e-05
4003,3.0408682505367324e-05
3011,3.0390136998903472e-05
4889,3.0349797270901036e-05
816,3.0320084988488816e-05
2141,3.0286268156487495e-05
2185,3.0234747100621462e-05
1810,3.0209930628188886e-05
5204,3.0187861739250366e-05
844,3.0185070500010625e-05
108,3.0142246941977646e-05
3423,3.0104301913524978e-05
3846,3.005954931722954e-05
8518,3.000494143634569e-05
5004,2.9964593522890937e-05
2303,2.993098496517632e-05
8124,2.992968711623689e-05
4554,2.9926492061349563e-05
4555,2.9926492061349563e-05
2577,2.9856291803298518e-05
4569,2.9819266273989342e-05
6020,2.981612487928942e-05
1037,2.9615866878884844e-05
5068,2.959310313599417e-05
5998,2.959012726932997e-05
6706,2.9482642275979742e-05
8571,2.9481643650797196e-05
7776,2.947258144558873e-05
5162,2.940366630355129e-05
3161,2.9328910386539064e-05
8467,2.928199955931632e-05
5459,2.9237214221211616e-05
4386,2.918742120527895e-05
10151,2.9172529139032122e-05
5845,2.9110919967934024e-05
2606,2.9087021175655536e-05
2248,2.9058483960398007e-05
3559,2.9058040126983542e-05
7240,2.9041752895864192e-05
1799,2.9040242225164548e-05
4977,2.9016659027547576e-05
2053,2.8987814403080847e-05
7362,2.8969941922696307e-05
1007,2.893688542826567e-05
2170,2.8927655876032077e-05
7428,2.8921382181579247e-05
3900,2.8916990231664386e-05
5458,2.890769792429637e-05
1530,2.888769540732028e-05
2403,2.8868127628811635e-05
9222,2.8805929105146788e-05
5521,2.878227041946957e-05
9690,2.8668472623394337e-05
1628,2.866400609491393e-05
6880,2.8620177545235492e-05
4002,2.860292897821637e-05
2814,2.8596909942280035e-05
4993,2.855791444744682e-05
5769,2.8533374461403582e-05
760,2.852017860277556e-05
10091,2.8485907932918053e-05
2407,2.8414504413376562e-05
6470,2.841220430127578e-05
8033,2.840645993273938e-05
9180,2.838810905814171e-05
283,2.8379658942867536e-05
4989,2.825169121933868e-05
2023,2.8238036975380965e-05
6953,2.8198022846481763e-05
9465,2.8171059966553003e-05
6640,2.814324398059398e-05
3607,2.813668379531009e-05
9677,2.811340891639702e-05
5413,2.8106159334129188e-05
6361,2.8103115255362354e-05
6869,2.8038615710102022e-05
6661,2.796392800519243e-05
10144,2.7963345928583294e-05
1121,2.796041007968597e-05
4557,2.7957867132499814e-05
9438,2.78321767837042e-05
6658,2.781829516607104e-05
4603,2.7706444598152302e-05
7688,2.7640043299470562e-05
8013,2.7597285225056112e-05
4352,2.7591171601670794e-05
2953,2.7584055715124123e-05
2856,2.7542944735614583e-05
8635,2.754204069788102e-05
9098,2.7531696105143055e-05
5936,2.7487203624332324e-05
4517,2.7476427931105718e-05
8222,2.74694939434994e-05
2427,2.7444815714261495e-05
9309,2.7410836992203258e-05
2627,2.7403421881899703e-05
4641,2.7347610739525408e-05
7255,2.7346833121555392e-05
783,2.7340477572579402e-05
8130,2.7309248253004625e-05
4201,2.719656185945496e-05
6033,2.7143766601511743e-05
7347,2.7080176550953183e-05
7384,2.7017375941795763e-05
10078,2.699436754483031e-05
7223,2.6987614546669647e-05
5179,2.69772281171754e-05
6518,2.6970508770318702e-05
2057,2.6968186830345076e-05
8530,2.6839745260076597e-05
4282,2.672043046914041e-05
7582,2.669760760909412e-05
6628,2.6689961487136316e-05
4676,2.6627305487636477e-05
5465,2.653413321240805e-05
8897,2.6527548470767215e-05
9150,2.6495061320019886e-05
474,2.6456104023964144e-05
1769,2.6436548068886623e-05
7992,2.6312547561246902e-05
9824,2.629954178701155e-05
5373,2.627593949000584e-05
4932,2.6261590392095968e-05
3861,2.6216666810796596e-05
9456,2.6208726012555417e-05
2618,2.620424493215978e-05
4544,2.6197532861260697e-05
4769,2.6179627639066894e-05
8207,2.613827928144019e-05
4859,2.6120892471226398e-05
4844,2.6118064852198586e-05
3177,2.608921113278484e-05
2890,2.6035900191345718e-05
6052,2.602370841486845e-05
7512,2.602041877253214e-05
7976,2.599722756713163e-05
9855,2.599191248009447e-05
17,2.5837636712822132e-05
9128,2.5751846806087997e-05
10422,2.5733163965924177e-05
1911,2.5716017262311652e-05
9056,2.569805201346753e-05
3580,2.5686648768896703e-05
3073,2.56821840594057e-05
7336,2.566247530921828e-05
6534,2.5650680072430987e-05
5001,2.5609563635953236e-05
6545,2.5583681235730182e-05
9471,2.5526249373797327e-05
2993,2.541011053835973e-05
4856,2.5378456484759226e-05
2395,2.535544535930967e-05
3807,2.530900474084774e-05
7987,2.530291567381937e-05
9615,2.5279762667196337e-05
9124,2.5246790755772963e-05
3318,2.524612682464067e-05
3299,2.5204884877894074e-05
5359,2.5193821784341708e-05
9490,2.5188291147060227e-05
5784,2.5147865926555824e-05
6125,2.513809704396408e-05
5165,2.5115346943493932e-05
10303,2.5036491933860816e-05
6780,2.5033391466422472e-05
9104,2.5008845113916323e-05
5767,2.498844150977675e-05
3502,2.498358935554279e-05
8325,2.4899155505409e-05
1147,2.481110732333036e-05
1492,2.4804025088087656e-05
8967,2.47753196163103e-05
3834,2.4774167286523152e-05
4342,2.4765149646555074e-05
2369,2.4758584913797677e-05
7072,2.4740595108596608e-05
1836,2.4593436137365643e-05
3896,2.4581726393080316e-05
3747,2.455006051604869e-05
1598,2.451740874676034e-05
9078,2.4471540200465824e-05
2273,2.444930942147039e-05
6603,2.444848450977588e-05
7653,2.4423636205028743e-05
7943,2.442259847157402e-05
7335,2.4319095246028155e-05
2203,2.4264785679406486e-05
5367,2.4228686015703715e-05
9442,2.420064811303746e-05
10100,2.419983320578467e-05
8826,2.419960765109863e-05
6306,2.417831728962483e-05
10347,2.415848575765267e-05
7296,2.4135973944794387e-05
8461,2.4122173272189684e-05
1622,2.3990480258362368e-05
7871,2.396358468104154e-05
5989,2.396336913079722e-05
3314,2.3930432689667214e-05
9750,2.3929582312121056e-05
4391,2.392930764472112e-05
5915,2.391703128523659e-05
9047,2.3912751203170046e-05
6280,2.386004871368641e-05
4938,2.3825064090488013e-05
7961,2.3766782760503702e-05
10165,2.375237272644881e-05
8918,2.3751870685373433e-05
5000,2.3743457859382033e-05
8084,2.3714577764621936e-05
5543,2.3713090740784537e-05
3754,2.3620380488864612e-05
5006,2.359391965001123e-05
1599,2.3584812879562378e-05
2759,2.3551537196908612e-05
2244,2.3545875592390075e-05
3743,2.3528453311882913e-05
6119,2.345610391785158e-05
6489,2.3335296646109782e-05
5967,2.3270179553946946e-05
9151,2.3267590222530998e-05
4004,2.326505182281835e-05
2880,2.32534839597065e-05
2812,2.3214897737489082e-05
3771,2.3213618078443687e-05
2283,2.3172075998445507e-05
2891,2.314213998033665e-05
5529,2.3115506337489933e-05
9069,2.3079854145180434e-05
7869,2.3062455511535518e-05
8244,2.305363250343362e-05
368,2.303924338775687e-05
947,2.3002768102742266e-05
4480,2.2895002985023893e-05
9081,2.2890882974024862e-05
1427,2.2880118194734678e-05
6378,2.286680683027953e-05
1627,2.285272603330668e-05
5722,2.283890535181854e-05
6495,2.2834644369140733e-05
9901,2.2821559468866326e-05
9297,2.279700038343435e-05
1686,2.27903046834399e-05
7860,2.2759452804166358e-05
2016,2.2717827960150316e-05
5997,2.269635115226265e-05
6362,2.2678577806800604e-05
994,2.2644217096967623e-05
1345,2.2642200747213792e-05
4980,2.2610483938478865e-05
8334,2.2585910301131662e-05
2236,2.258548829559004e-05
5097,2.258202039229218e-05
1997,2.255929575767368e-05
2823,2.2481461201095954e-05
4335,2.2477070160675794e-05
4341,2.2461465960077476e-05
3972,2.2385480406228453e-05
5820,2.2292969333648216e-05
3009,2.228011635452276e-05
2484,2.2123682356323116e-05
3531,2.210940328950528e-05
2007,2.2094575797382277e-05
2426,2.209091053373413e-05
3827,2.201247934863204e-05
2982,2.1985703824611846e-05
2899,2.19582861973322e-05
7819,2.194597982452251e-05
920,2.192719421145739e-05
5656,2.1925621695118025e-05
8182,2.18860059248982e-05
2649,2.1795954125991557e-05
2233,2.1790470782434568e-05
6067,2.1785729586554226e-05
2703,2.17644783333526e-05
8877,2.1709119209845085e-05
3348,2.167525508411927e-05
2124,2.1612498130707536e-05
6815,2.1577302504738327e-05
1802,2.1565528186329175e-05
5170,2.15315803870908e-05
8014,2.15307609323645e-05
8231,2.1529535843001213e-05
811,2.1522735551116057e-05
7469,2.15118825508398e-05
9951,2.148306339222472e-05
1895,2.1482789634319488e-05
7254,2.1481340809259564e-05
938,2.130486518581165e-05
7509,2.128718733729329e-05
6929,2.1242779439489823e-05
5678,2.1223050680418964e-05
5113,2.1183715034567285e-05
6715,2.1142984223843087e-05
7882,2.103810493281344e-05
722,2.097102606057888e-05
8190,2.093719922413584e-05
4204,2.0908799342578277e-05
2528,2.0874629626632668e-05
5430,2.0861140001215972e-05
253,2.0808140106964856e-05
3702,2.0794139345525764e-05
3659,2.0759594008268323e-05
5693,2.073294763249578e-05
6335,2.0732477423734963e-05
8407,2.069140100502409e-05
4346,2.0690587007266004e-05
4168,2.0530022993625607e-05
2197,2.0496919205470476e-05
48,2.0485309505602345e-05
7419,2.047752514044987e-05
2910,2.042744745267555e-05
4985,2.0424714421096724e-05
9996,2.0404155293363146e-05
786,2.0394963030412327e-05
7515,2.038525872194441e-05
893,2.0314843823143747e-05
2372,2.031182975770207e-05
4014,2.025728826993145e-05
7878,2.0237228454789147e-05
2208,2.0224237232469022e-05
9413,2.0216225493641105e-05
1295,2.0210142793075647e-05
8916,2.019136900344165e-05
6486,2.013418088608887e-05
3382,2.0125466107856482e-05
3736,2.010365733440267e-05
2839,2.0075780412298627e-05
9274,1.9995260117866565e-05
2486,1.997565141209634e-05
6952,1.9964105376857333e-05
4422,1.987739869946381e-05
5103,1.985250855796039e-05
9578,1.9848464035021607e-05
5374,1.9814359802694526e-05
7959,1.9771500774368178e-05
5122,1.9689165128511377e-05
7341,1.9648083252832294e-05
5945,1.9635850549093448e-05
4240,1.961734869837528e-05
8496,1.9590203919506166e-05
9318,1.956761934707174e-05
9806,1.953584887814941e-05
3720,1.9535389583325014e-05
880,1.952117872860981e-05
6940,1.9516403881425504e-05
3568,1.9514053747116122e-05
7666,1.9501957467582542e-05
2487,1.9498623260005843e-05
7033,1.9446292753855232e-05
1651,1.9366715605428908e-05
7852,1.9362394596100785e-05
3289,1.9356971279194113e-05
5339,1.9337330741109326e-05
4130,1.9330908799020108e-05
7163,1.9318912563903723e-05
299,1.9292811884952243e-05
3029,1.9292074284749106e-05
7555,1.9277787941973656e-05
6758,1.9267733478045557e-05
1180,1.92491334018996e-05
2893,1.9218246052332688e-05
2205,1.9185680685041007e-05
4585,1.9167278878740035e-05
7957,1.915652410389157e-05
2948,1.9054125004913658e-05
8927,1.904699001897825e-05
6728,1.8967801224789582e-05
2418,1.8920612092188094e-05
8659,1.890987823571777e-05
3883,1.8879608433053363e-05
6506,1.8878456103266217e-05
8909,1.884612356661819e-05
10306,1.8825955521606375e-05
10099,1.880956915556453e-05
4061,1.8716345948632807e-05
7497,1.866742331912974e-05
3632,1.8642930626810994e-05
5205,1.8623031792230904e-05
1290,1.8622456991579384e-05
9230,1.8618906324263662e-05
4132,1.8612445273902267e-05
4198,1.8588723833090626e-05
6181,1.8539009033702314e-05
10254,1.8525795894674957e-05
2310,1.850659100455232e-05
9667,1.8471714611223433e-05
628,1.8445876776240766e-05
9891,1.8444250599713996e-05
5300,1.8437856851960532e-05
8784,1.8425442249281332e-05
4723,1.8386738702247385e-05
4790,1.838595198933035e-05
7751,1.83516067409073e-05
9625,1.8322144569538068e-05
8258,1.830903420341201e-05
5272,1.830329347285442e-05
4092,1.8259194803249557e-05
6510,1.8224956875201315e-05
7423,1.8146755792258773e-05
4414,1.813376456993865e-05
9504,1.8133220692106988e-05
4031,1.8106286916008685e-05
8626,1.8087910575559363e-05
1738,1.8037632798950654e-05
1306,1.7985704289458226e-05
2155,1.7978687537834048e-05
8562,1.7966014638659544e-05
4773,1.7944617866305634e-05
1196,1.787324799806811e-05
8982,1.7866119378595613e-05
5207,1.785710537660634e-05
849,1.785373933671508e-05
5785,1.784807591320714e-05
10426,1.7778615074348636e-05
8228,1.771790539351059e-05
2438,1.7713619854475837e-05
7501,1.7710593056108337e-05
4871,1.76835392267094e-05
7623,1.7642532839090563e-05
7677,1.7592682524991687e-05
8546,1.759178667271044e-05
6549,1.7571048374520615e-05
5546,1.7534040125610773e-05
1092,1.7522432244732045e-05
8578,1.7504376046417747e-05
2883,1.7498567103757523e-05
7504,1.7483173905930016e-05
10235,1.7403527635906357e-05
7732,1.7376570212945808e-05
5636,1.7373762602801435e-05
6641,1.726925438561011e-05
2037,1.7239758562936913e-05
416,1.71989186128485e-05
5801,1.7106316590798087e-05
1766,1.7052327166311443e-05
4913,1.7046911125362385e-05
9853,1.702508052403573e-05
10036,1.7022615793393925e-05
8899,1.7021430721797515e-05
7349,1.700675602478441e-05
2523,1.7000512343656737e-05
6904,1.6990288713714108e-05
4182,1.6956849322014023e-05
7795,1.6949961718637496e-05
10122,1.6904503354453482e-05
3761,1.6883826901903376e-05
5244,1.686442283244105e-05
6868,1.6847495317051653e-05
4039,1.6834536836540792e-05
513,1.6830168533488177e-05
5361,1.6771075934229884e-05
5383,1.6722444343031384e-05
5152,1.6681617125868797e-05
8175,1.6674110156600364e-05
2189,1.666533171373885e-05
3135,1.6626710930722766e-05
2357,1.6619666894257534e-05
10381,1.6594439330219757e-05
8886,1.6577331734879408e-05
1169,1.6538871932425536e-05
3663,1.6527502339158673e-05
5928,1.651606180530507e-05
2341,1.6469837646582164e-05
7091,1.6460128790640738e-05
10441,1.642947336222278e-05
1536,1.6416913240391295e-05
8155,1.6338054592779372e-05
8262,1.6326287550327834e-05
8551,1.631946270208573e-05
5965,1.6309646525769494e-05
3782,1.6286309801216703e-05
8397,1.62724581969087e-05
9359,1.6253501598839648e-05
2803,1.624314609216526e-05
3249,1.619587783352472e-05
3577,1.6172505638678558e-05
6326,1.6071808204287663e-05
5328,1.6070327546913177e-05
8660,1.606186560820788e-05
2476,1.6039661204558797e-05
10038,1.6036099623306654e-05
4524,1.6035786757129245e-05
9185,1.603094642632641e-05
6928,1.5985498066584114e-05
3713,1.5965583770594094e-05
7282,1.5964829799486324e-05
8526,1.595442972757155e-05
9900,1.5942114259814844e-05
7767,1.5937476746330503e-05
2936,1.5901269762252923e-05
6122,1.5862468899285886e-05
9058,1.582954701007111e-05
5848,1.5797922060301062e-05
6080,1.5784160041221185e-05
6497,1.5740859453217126e-05
8801,1.5733744476165157e-05
6906,1.5715013432782143e-05
2342,1.5675118447688874e-05
865,1.5673231246182695e-05
4503,1.5648880435037427e-05
7055,1.5642458492948208e-05
9910,1.5642220205336343e-05
5953,1.5621917555108666e-05
6916,1.561114731885027e-05
2154,1.5594713659083936e-05
5316,1.5582346350129228e-05
9989,1.553802940179594e-05
1496,1.5514568076469004e-05
1699,1.5501270354434382e-05
4023,1.5487175005546305e-05
2099,1.547705142002087e-05
467,1.5427637663378846e-05
2337,1.5401797099912073e-05
7052,1.5355684809037484e-05
5365,1.5342772712756414e-05
1117,1.533647036922048e-05
10140,1.5335936041083187e-05
3783,1.532841270091012e-05
7191,1.5318248188123107e-05
6684,1.527650192656438e-05
10092,1.5266604350472335e-05
9834,1.520253454145859e-05
5195,1.5194971183518646e-05
9392,1.5165110198722687e-05
4721,1.5162577255978249e-05
2921,1.5154318134591449e-05
10322,1.5140861705731368e-05
6577,1.511431537437602e-05
5124,1.5078962860570755e-05
4476,1.504571901023155e-05
10149,1.5045058717078064e-05
7859,1.5004910892457701e-05
7867,1.4993361219239887e-05
10027,1.4970731626817724e-05
7343,1.4965206901251804e-05
950,1.4917729913577205e-05
1624,1.4893215393385617e-05
757,1.4891965747665381e-05
4919,1.4886022199789295e-05
9629,1.4842177733953577e-05
2363,1.4797568837821018e-05
8069,1.479276852478506e-05
2838,1.4751473372598412e-05
2769,1.4740736787643982e-05
6140,1.4724127140652854e-05
9022,1.4713898508489365e-05
978,1.4709049537486862e-05
9085,1.4702430235047359e-05
9658,1.4679411378892837e-05
3907,1.4657808605988976e-05
5829,1.4646698218712118e-05
9437,1.4639514574810164e-05
4196,1.4612989161832957e-05
3787,1.4597887911804719e-05
5142,1.4584212749468861e-05
6944,1.4506512798106996e-05
9972,1.4470176211034413e-05
1059,1.445213729311945e-05
545,1.4431367617362412e-05
1498,1.4422025742533151e-05
1134,1.4416347767109983e-05
5777,1.4405502952286042e-05
1574,1.438020581190358e-05
8861,1.4370275948749622e-05
8667,1.4361352441483177e-05
7646,1.4358439329953399e-05
6999,1.4341307178256102e-05
9932,1.4337892025650945e-05
7259,1.433023089703056e-05
6164,1.4325999472930562e-05
885,1.4299726899480447e-05
9319,1.4283303698903183e-05
7487,1.4268064205680275e-05
6772,1.4262532204156741e-05
5306,1.4241429653338855e-05
4525,1.4198603366821771e-05
5761,1.4187144643074134e-05
3596,1.4150599326967495e-05
4237,1.414673442923231e-05
7141,1.409646120009711e-05
6924,1.4071326859266264e-05
6925,1.4071326859266264e-05
7077,1.403182432113681e-05
2771,1.4019419268151978e-05
3243,1.3960246178612579e-05
6144,1.3939491964265471e-05
5714,1.3931212379247881e-05
7803,1.3928722637501778e-05
7995,1.387026804877678e-05
10104,1.3836709058523411e-05
7364,1.3810406926495489e-05
3940,1.3802058674627915e-05
8009,1.379033392368001e-05
5738,1.3777122148894705e-05
1014,1.3726761608268134e-05
7304,1.3721702089242171e-05
1902,1.3719805792788975e-05
9277,1.3695026609639172e-05
9134,1.3670132830156945e-05
5232,1.364120817015646e-05
6397,1.3639929420605768e-05
6697,1.3625790870719356e-05
9778,1.361228532914538e-05
9809,1.3608846074930625e-05
6199,1.3586713976110332e-05
5145,1.3577907338913064e-05
6322,1.3573912383435527e-05
3518,1.3573351225204533e-05
4803,1.3557536931330105e-05
2329,1.3505037713912316e-05
6037,1.3457031400321284e-05
8041,1.3422137726593064e-05
7521,1.3345470506465062e-05
8056,1.3317406228452455e-05
3628,1.3314952411747072e-05
3188,1.3311928341863677e-05
6375,1.3311474049260141e-05
5391,1.3276580830279272e-05
1296,1.3274735010782024e-05
5147,1.3232244327809894e-05
9201,1.3214883438195102e-05
9202,1.3214883438195102e-05
1915,1.3138374470145209e-05
8097,1.3109762676322134e-05
7806,1.3085756108921487e-05
3285,1.3080154076305917e-05
7558,1.305278783547692e-05
5234,1.3051217138126958e-05
5298,1.3013695934205316e-05
759,1.2987922218599124e-05
2376,1.2965843325218884e-05
6908,1.2953656550962478e-05
9171,1.2939546650159173e-05
3788,1.2933436664752662e-05
2632,1.2929031527164625e-05
5104,1.2908034477732144e-05
8675,1.2902701655548299e-05
2052,1.2837605936510954e-05
10448,1.2835103007091675e-05
3034,1.2821176824218128e-05
6325,1.2801043794752331e-05
3629,1.279965817957418e-05
2855,1.2768994565703906e-05
9699,1.2766371582983993e-05
5765,1.2735203199554235e-05
8780,1.2727610737783834e-05
3315,1.2714597232843516e-05
7174,1.2694734778051497e-05
8219,1.2688928109128028e-05
9813,1.2658902505791048e-05
5280,1.2599886758835055e-05
6015,1.2586448519869009e-05
9678,1.2584101114043733e-05
8778,1.2566759323817678e-05
2011,1.253607297257986e-05
9704,1.252847096111509e-05
2253,1.2498080650402699e-05
7370,1.2479448741942178e-05
4929,1.2478617463784758e-05
3718,1.2459875961212674e-05
9065,1.2416047411534237e-05
5512,1.2387731203489238e-05
8906,1.2339661225269083e-05
1837,1.2329471246630419e-05
7107,1.2304105894145323e-05
5303,1.229065401275875e-05
2121,1.2262484233360738e-05
10172,1.2249113751749974e-05
3724,1.2245005109434715e-05
7597,1.2240605428814888e-05
5505,1.224031893798383e-05
3365,1.2231771506776568e-05
9282,1.2229468211444328e-05
9767,1.2191212135803653e-05
8674,1.2177728422102518e-05
6098,1.2155264812463429e-05
2571,1.2153805073467083e-05
2420,1.2153737770859152e-05
6914,1.214544181493693e-05
10000,1.2139400951127755e-05
8259,1.2059441814926686e-05
6601,1.2050736131641315e-05
6900,1.2049618362652836e-05
9624,1.2012368642899673e-05
3645,1.1980306226178072e-05
9126,1.1970431842200924e-05
2603,1.1970190826104954e-05
9164,1.1955833542742766e-05
853,1.1941344382648822e-05
5946,1.1923681995540392e-05
5175,1.1878472378157312e-05
5159,1.1861443454108667e-05
8695,1.1824557986983564e-05
7897,1.1795939371950226e-05
7102,1.1781868124671746e-05
7935,1.172784686787054e-05
7087,1.1722787348844577e-05
7010,1.1710486433003098e-05
5388,1.1693046872096602e-05
9417,1.1669101240840973e-05
4626,1.1653053661575541e-05
8265,1.1617711152211996e-05
7166,1.1617676136665978e-05
8249,1.1598778201005189e-05
10287,1.1593049293878721e-05
4628,1.1588358120206976e-05
9890,1.1515964160935255e-05
1871,1.151248352471157e-05
9076,1.1505997917993227e-05
10412,1.1476626241346821e-05
4708,1.1474422990431776e-05
8048,1.1464941508165793e-05
2572,1.1435618034738582e-05
97,1.1368635114195058e-05
2448,1.136123864853289e-05
8834,1.134224294219166e-05
10209,1.1315433312120149e-05
1891,1.129056954596308e-05
5807,1.1281305432930822e-05
4810,1.1278668807790382e-05
6763,1.1275154975010082e-05
7492,1.1266988622082863e-05
5545,1.126656115957303e-05
3107,1.12632883428887e-05
3237,1.1248043847444933e-05
613,1.1189307315362385e-05
1638,1.1157460448885104e-05
6006,1.113853932110942e-05
5588,1.1118914699181914e-05
8836,1.1100876690761652e-05
423,1.1077158887928817e-05
3588,1.1075904694735073e-05
4416,1.1046916370105464e-05
8998,1.1044053280784283e-05
1539,1.1005651685991324e-05
5275,1.0987610949086957e-05
8931,1.0968073638650822e-05
9135,1.0956528967653867e-05
7700,1.0953744549624389e-05
6226,1.0942201697616838e-05
1321,1.0936162652797066e-05
3309,1.0935776572296163e-05
2981,1.087754526452045e-05
631,1.0814127108460525e-05
10079,1.0796858987305313e-05
2365,1.0763741101982305e-05
4410,1.0746063708211295e-05
1157,1.0745242889242945e-05
1615,1.0741607184172608e-05
4727,1.0729901077866089e-05
496,1.072896338882856e-05
10186,1.0694174306991044e-05
548,1.067855191649869e-05
8029,1.064622802005033e-05
1440,1.058977341017453e-05
6907,1.0588143595668953e-05
2680,1.0578912224445958e-05
7813,1.056908968166681e-05
3503,1.056478549799067e-05
10219,1.0563228443061234e-05
5076,1.0546735211391933e-05
1339,1.053428331942996e-05
5638,1.0519027910049772e-05
1415,1.0501931228645844e-05
7235,1.0489759915799368e-05
6700,1.0487222880328773e-05
8520,1.0469213520991616e-05
1459,1.0466415460541612e-05
8497,1.0457045846123947e-05
676,1.0400304745417088e-05
3414,1.0381015272287186e-05
10291,1.0338187166780699e-05
6138,1.0323735295969527e-05
8548,1.0275556178385159e-05
4487,1.0249257229588693e-05
5485,1.0189238309976645e-05
7479,1.018750208459096e-05
8687,1.0169072538701585e-05
4011,1.0141755410586484e-05
9376,1.0138001471204916e-05
2513,1.0130981991096633e-05
5107,1.0101540738105541e-05
6550,1.0093931905430509e-05
2787,1.0089001079904847e-05
8131,1.0088873295899248e-05
10425,1.008004119285033e-05
2925,1.006788806989789e-05
6993,1.0066826689580921e-05
5524,1.0053880941995885e-05
8794,1.0053081496153027e-05
4193,1.002277531370055e-05
7160,9.9944586509082e-06
9536,9.97652978185215e-06
7989,9.957408565242076e-06
6859,9.94371384877013e-06
2075,9.94097399598104e-06
4602,9.934949503076496e-06
4353,9.934538866218645e-06
7591,9.922876415657811e-06
3260,9.921932814904721e-06
4032,9.904255421133712e-06
2147,9.903019417834003e-06
9382,9.882392987492494e-06
3233,9.861459147941787e-06
2502,9.853321444097674e-06
6424,9.852946732280543e-06
9238,9.851512004388496e-06
5371,9.839814538281644e-06
8859,9.828414476942271e-06
6143,9.824287189985625e-06
6771,9.819843853620114e-06
1048,9.800923635339132e-06
8311,9.785968359210528e-06
3633,9.783105724636698e-06
3797,9.782739653019235e-06
3796,9.782739653019235e-06
8625,9.757216503203381e-06
4058,9.734593731991481e-06
8782,9.73390024228138e-06
7209,9.731043974170461e-06
3294,9.72612906480208e-06
9435,9.7115448625118e-06
4083,9.703663636173587e-06
6942,9.678772130428115e-06
2778,9.649432740843622e-06
3572,9.60754096013261e-06
3386,9.605129434930859e-06
3527,9.576274806022411e-06
5645,9.562317245581653e-06
10447,9.549168225930771e-06
4976,9.517895250610309e-06
9533,9.46021009440301e-06
3264,9.458554814045783e-06
7604,9.445386240258813e-06
6367,9.44147041082033e-06
8815,9.441461315873312e-06
8556,9.432078513782471e-06
4999,9.422322818863904e-06
7710,9.409466656506993e-06
3297,9.348400453745853e-06
4021,9.345779290015344e-06
2645,9.333400157629512e-06
6553,9.323659014626173e-06
6711,9.316709565609926e-06
1328,9.265085736842593e-06
9770,9.260160368285142e-06
3408,9.253665666619781e-06
6531,9.238940947398078e-06
4001,9.236204732587794e-06
8295,9.235380275640637e-06
5531,9.224755103787174e-06
7514,9.216841590387048e-06
5378,9.203673471347429e-06
5728,9.196579867420951e-06
2532,9.188202966470271e-06
3123,9.180355391436024e-06
3794,9.1475885710679e-06
6380,9.130556918535149e-06
7592,9.09246318769874e-06
6865,9.061142009159084e-06
5156,9.030691671796376e-06
5057,9.017790489451727e-06
5249,9.007533662952483e-06
2092,8.995485131890746e-06
7473,8.991606136987684e-06
4762,8.963755135482643e-06
7170,8.922166671254672e-06
2650,8.919167612475576e-06
6849,8.912585599318845e-06
7481,8.900724424165674e-06
4034,8.857124157657381e-06
3604,8.847984645399265e-06
1864,8.80541438164073e-06
5862,8.804989647615002e-06
9025,8.796536803856725e-06
2731,8.7734142653062e-06
8477,8.74441457199282e-06
6209,8.725024144951021e-06
5834,8.696376426087227e-06
9239,8.67265725901234e-06
8717,8.659721970616374e-06
4108,8.649693427287275e-06
2394,8.635428912384668e-06
5405,8.625561804365134e-06
4835,8.621525012131315e-06
6777,8.598757631261833e-06
3062,8.589720891905017e-06
9153,8.572776096116286e-06
8653,8.56479118738207e-06
10405,8.551530754630221e-06
5883,8.52857419886277e-06
5020,8.514477485732641e-06
3385,8.49305979500059e-06
3025,8.460092431050725e-06
3777,8.45581689645769e-06
7207,8.445283128821757e-06
1840,8.431527930952143e-06
708,8.418582183367107e-06
6650,8.414388503297232e-06
4040,8.398956197197549e-06
2682,8.392999006900936e-06
5143,8.391119536099723e-06
7549,8.385615728911944e-06
3224,8.380749932257459e-06
3223,8.380749932257459e-06
5184,8.34986349218525e-06
1740,8.341097782249562e-06
9602,8.338565294252476e-06
5772,8.292507573059993e-06
4787,8.277007509605028e-06
1762,8.271812930615852e-06
8547,8.258831257990096e-06
10177,8.2120745901193e-06
3828,8.210086889448576e-06
1747,8.190644621208776e-06
10012,8.167220130417263e-06
6537,8.142799288179958e-06
772,8.126623015414225e-06
6971,8.12551206763601e-06
7877,8.10566962172743e-06
5708,8.095113571471302e-06
5663,8.081969099293929e-06
1857,8.079438885033596e-06
3354,8.075133791862754e-06
530,8.056982551352121e-06
2359,8.054640602495056e-06
5144,8.050278665905353e-06
7121,8.03938155513606e-06
7715,8.037522093218286e-06
9550,8.031589914025972e-06
10087,8.006441476027248e-06
7122,8.002484264579834e-06
4774,7.98595374362776e-06
3133,7.983010164025472e-06
5552,7.930249012133572e-06
2234,7.904684480308788e-06
5508,7.882885256549343e-06
2501,7.862144684622763e-06
10032,7.842029390303651e-06
4113,7.819266556907678e-06
8781,7.818336143827764e-06
5822,7.817754976713331e-06
3599,7.80719960857823e-06
5825,7.795277724653715e-06
4041,7.793342774675693e-06
6981,7.789346000208752e-06
5215,7.788414677634137e-06
1570,7.78389676270308e-06
1347,7.7709801189485e-06
2686,7.749320502625778e-06
10096,7.710723366471939e-06
310,7.677242592762923e-06
6105,7.662985808565281e-06
6243,7.639448767804424e-06
2920,7.563984809166868e-06
8724,7.559063533335575e-06
5781,7.522129180870252e-06
8930,7.52045320950856e-06
8105,7.512831416534027e-06
6157,7.5055716024508e-06
662,7.4940330705430824e-06
3910,7.487454240617808e-06
5826,7.477822919099708e-06
5014,7.446330982929794e-06
3442,7.4462626571403234e-06
2900,7.41750659472018e-06
8688,7.382817557299859e-06
5171,7.363191798503976e-06
1922,7.345209951381548e-06
2793,7.305276767510804e-06
4922,7.30315332475584e-06
1793,7.290911298696301e-06
2885,7.288360848178854e-06
2661,7.282999604285578e-06
1587,7.231930339912651e-06
2595,7.1981219207373215e-06
1992,7.192618340923218e-06
6774,7.133820872695651e-06
5093,7.121332828319282e-06
4089,7.102381232471089e-06
5540,7.090946837706724e-06
4348,7.08976244823134e-06
4715,7.086782716214657e-06
2633,7.0785592924949015e-06
4419,7.071933623592486e-06
487,7.060671805447782e-06
2887,7.0603887252218556e-06
2060,7.027073934295913e-06
4180,6.990136853346485e-06
4981,6.989045061800425e-06
4534,6.986293328736792e-06
8160,6.976520126045216e-06
7421,6.972773007873911e-06
5895,6.965873126318911e-06
1858,6.954631317057647e-06
5174,6.937899570402806e-06
3481,6.926840796950273e-06
8252,6.9243462803569855e-06
4470,6.917686278029578e-06
524,6.914204732311191e-06
1865,6.884114554850385e-06
5112,6.872175845273887e-06
6081,6.864842816867167e-06
7385,6.860064786451403e-06
4087,6.850653107903781e-06
9815,6.841159120085649e-06
6488,6.814610060246196e-06
1304,6.773862878617365e-06
8098,6.751379942215863e-06
7214,6.745083737769164e-06
6436,6.74455304761068e-06
7351,6.733325562890968e-06
9742,6.723665364916087e-06
9209,6.720141072946717e-06
6447,6.702648533973843e-06
1898,6.698724064335693e-06
6737,6.698544211758417e-06
8254,6.678914132862701e-06
4183,6.678827048745006e-06
9991,6.672680228803074e-06
8583,6.668207333859755e-06
3540,6.667386287517729e-06
6373,6.614636959056952e-06
4169,6.60164960208931e-06
4424,6.597326546398108e-06
6432,6.593822945433203e-06
7541,6.5615868152235635e-06
7221,6.556309244842851e-06
3958,6.546269560203655e-06
6219,6.518343980133068e-06
5187,6.515806944662472e-06
7953,6.50693868919916e-06
3539,6.505879809992621e-06
2151,6.490931582447956e-06
2152,6.490931582447956e-06
3885,6.458813231802196e-06
6217,6.436727971959044e-06
3778,6.4335204115195666e-06
4643,6.40428697806783e-06
9851,6.398750201697112e-06
5121,6.388001111190533e-06
8274,6.385581855283817e-06
8579,6.381570074154297e-06
9225,6.365800345520256e-06
9529,6.3614791088184575e-06
6214,6.3603115449950565e-06
8876,6.346127292999881e-06
276,6.336260639727698e-06
2305,6.3337602114188485e-06
5488,6.2953188262326876e-06
2269,6.289506018219981e-06
8807,6.285710924203158e-06
5719,6.282993581407936e-06
875,6.267189064601553e-06
4037,6.235266027942998e-06
3477,6.230692406461458e-06
8354,6.224842309165979e-06
7288,6.194043635332491e-06
1519,6.190767635416705e-06
6608,6.1875236951891566e-06
3448,6.172740086185513e-06
6893,6.166443426991464e-06
4481,6.1563764575112145e-06
6337,6.13802171756106e-06
4063,6.125334948592354e-06
6463,6.121131264080759e-06
4268,6.111170932854293e-06
3955,6.085875838834909e-06
1174,6.081187621020945e-06
9885,6.078596015868243e-06
5200,6.052277740309364e-06
5869,6.043328994564945e-06
7747,6.0127781580376904e-06
3557,5.9963604144286364e-06
9320,5.990621104956517e-06
5853,5.9818526096933056e-06
6233,5.976815373287536e-06
4882,5.976310376354377e-06
414,5.968977802695008e-06
6449,5.964196816421463e-06
8581,5.963393959973473e-06
5696,5.95716983298189e-06
9343,5.945244311078568e-06
4495,5.932806288910797e-06
6292,5.924167453486007e-06
10084,5.89556725572038e-06
7263,5.846082331117941e-06
10114,5.844423640155583e-06
10406,5.842435484737507e-06
5336,5.814206133436528e-06
3256,5.800710823677946e-06
6315,5.796179038952687e-06
10414,5.786387646367075e-06
3664,5.784549784948467e-06
6028,5.775950057795853e-06
8020,5.758941370004322e-06
6718,5.733171292376937e-06
6184,5.7315874073538e-06
7464,5.724843276766478e-06
5054,5.720634590034024e-06
6898,5.716213763662381e-06
7301,5.70435008739878e-06
10471,5.673659643434803e-06
4274,5.67359143133217e-06
9306,5.649587365041953e-06
6296,5.603126055575558e-06
9840,5.600216354650911e-06
6719,5.580924153036904e-06
2646,5.566196477957419e-06
4923,5.560227236856008e-06
6427,5.541335895031807e-06
6565,5.527935172722209e-06
3300,5.525969754671678e-06
6936,5.502919975697296e-06
3421,5.498237669598893e-06
4412,5.4946581258263905e-06
2005,5.4862225624674466e-06
2870,5.485078190758941e-06
9059,5.477541662912699e-06
9234,5.456887947730138e-06
3343,5.4380388974095695e-06
7412,5.42792804480996e-06
3635,5.427116093414952e-06
9370,5.412929112935672e-06
1488,5.412664677351131e-06
4360,5.3966057294019265e-06
7704,5.3759604270453565e-06
9791,5.37505161446461e-06
5990,5.374675538405427e-06
4926,5.341561745808576e-06
9062,5.325295433067367e-06
9063,5.325295433067367e-06
1479,5.305602599037229e-06
10113,5.297273219184717e-06
9029,5.288806278258562e-06
5859,5.278814342091209e-06
4279,5.275375997371157e-06
7918,5.271020427244366e-06
5347,5.266499329081853e-06
6743,5.265759227768285e-06
10485,5.25323207511974e-06
6757,5.251484026302933e-06
6950,5.2481684633676196e-06
2519,5.245755573923816e-06
565,5.243066652838024e-06
1592,5.226680741543532e-06
1594,5.2162301926728105e-06
5621,5.212946234678384e-06
4682,5.18995193488081e-06
848,5.189334160604631e-06
8162,5.1886015626223525e-06
6139,5.180890639167046e-06
9391,5.162323077456676e-06
1872,5.155706503501278e-06
7608,5.13674717694812e-06
6730,5.127984195496538e-06
3292,5.107133802084718e-06
3149,5.0858291160693625e-06
9401,5.06207379658008e-06
1672,5.053676204624935e-06
5922,5.040225005359389e-06
1595,5.013069994674879e-06
3576,5.012751898902934e-06
10089,5.006306992072496e-06
7753,4.98600525133952e-06
2999,4.958704948876402e-06
10183,4.95682888868032e-06
4642,4.946301714880974e-06
9197,4.94531741423998e-06
2776,4.928510634272243e-06
8057,4.916493026030366e-06
7674,4.905689365841681e-06
4566,4.899696932625375e-06
6769,4.898515271634096e-06
8144,4.877493665844668e-06
3793,4.8238912313536275e-06
1067,4.823873041459592e-06
2878,4.807855930266669e-06
9568,4.80064909424982e-06
5164,4.799657745024888e-06
4870,4.796622306457721e-06
3439,4.7934026952134445e-06
10093,4.786170165971271e-06
4746,4.784797965839971e-06
6874,4.771243993673124e-06
10462,4.752462245960487e-06
3954,4.747550292449887e-06
9170,4.74696184937784e-06
1967,4.738845291285543e-06
7757,4.738742745757918e-06
3381,4.7298626668634824e-06
2002,4.71765724796569e-06
8833,4.717322781289113e-06
5395,4.694046538133989e-06
6313,4.682983899328974e-06
9322,4.67499694423168e-06
5929,4.670672069551074e-06
8063,4.670397174777463e-06
1756,4.6657255552418064e-06
9163,4.6450757054117275e-06
4749,4.642819249056629e-06
9019,4.641542091121664e-06
5010,4.637024176190607e-06
6160,4.636463472706964e-06
6802,4.632127456716262e-06
5227,4.628692749975016e-06
3109,4.614814542946988e-06
9561,4.600958618539153e-06
4873,4.588900992530398e-06
6578,4.585607257467927e-06
2912,4.563099992083153e-06
10377,4.562415142572718e-06
5401,4.559940180115518e-06
6579,4.552497102849884e-06
7197,4.5118147227185545e-06
5043,4.511199676926481e-06
8919,4.506674486037809e-06
1544,4.502274805417983e-06
8516,4.500173645283212e-06
10229,4.4929299747309415e-06
8602,4.485208137339214e-06
9212,4.4837418045062805e-06
4304,4.471610282053007e-06
2004,4.446401590030291e-06
6970,4.4449921006162185e-06
4445,4.438130417838693e-06
4578,4.40783946942247e-06
3988,4.403674665809376e-06
10247,4.392752543935785e-06
8894,4.383812211017357e-06
5343,4.380583732199739e-06
6806,4.3768818613898475e-06
2656,4.339811539466609e-06
4163,4.338652161095524e-06
9889,4.33796526522201e-06
8538,4.32391698268475e-06
4351,4.317292223277036e-06
8569,4.316477998145274e-06
3174,4.315983005653834e-06
9028,4.296406586945523e-06
9178,4.28642260885681e-06
2634,4.275087349014939e-06
8100,4.263354185241042e-06
7188,4.25817984250898e-06
3239,4.246295929988264e-06
9146,4.2451310946489684e-06
5730,4.24454970016086e-06
5348,4.233105983075802e-06
3096,4.225583325023763e-06
10158,4.223076530252001e-06
8963,4.2197448237857316e-06
9006,4.2107531044166535e-06
4511,4.206336598144844e-06
7051,4.20362084696535e-06
4460,4.195603196421871e-06
4459,4.195603196421871e-06
8926,4.190462050246424e-06
7104,4.183338205621112e-06
2658,4.179603593001957e-06
4730,4.173903334958595e-06
42,4.153341251367237e-06
7546,4.149550761667342e-06
2441,4.147753998040571e-06
3982,4.143232899878058e-06
10157,4.139201109865098e-06
9459,4.128440195927396e-06
8194,4.127268312004162e-06
9856,4.102829507246497e-06
3791,4.101805188838625e-06
8850,4.076960522070294e-06
6547,4.048332584716263e-06
9307,4.0304457797901705e-06
6762,4.025788939543418e-06
7891,4.013215175291407e-06
9219,4.002676405434613e-06
1742,4.0002475998335285e-06
1583,3.984266641055001e-06
3405,3.967269549320918e-06
6339,3.954082785639912e-06
4230,3.942653393096407e-06
9290,3.927254510927014e-06
7955,3.9257788557733875e-06
10298,3.914008630090393e-06
5153,3.911362455255585e-06
8017,3.910915893357014e-06
10465,3.8911525734874886e-06
8634,3.890388370564324e-06
8008,3.888828814524459e-06
7036,3.8870896332809934e-06
10176,3.868900876113912e-06
2868,3.860554670609417e-06
9496,3.855484237647033e-06
8679,3.853911948681343e-06
3605,3.8523191960848635e-06
3591,3.843977538053878e-06
4464,3.834033805105719e-06
4465,3.834033805105719e-06
7178,3.828050012089079e-06
6939,3.825370640697656e-06
7110,3.824630766757764e-06
6413,3.822356802629656e-06
4072,3.820940037257969e-06
3036,3.815265358753095e-06
7446,3.813523562712362e-06
4033,3.813218995674106e-06
6680,3.810902626355528e-06
1998,3.8044596522013308e-06
9798,3.80191988824663e-06
1772,3.801286879934196e-06
5553,3.7971183246554574e-06
8736,3.7794391118950443e-06
4010,3.7714098652941175e-06
9033,3.765953351830831e-06
4649,3.7460771409314475e-06
4402,3.7237219885355444e-06
9331,3.7199688449618407e-06
4359,3.7173765576881124e-06
3802,3.7154223946345155e-06
10320,3.7144226325835916e-06
7612,3.7074324836794403e-06
6269,3.704723781083885e-06
4691,3.6985439919590135e-06
4652,3.6868229926767526e-06
3856,3.671426838991465e-06
8729,3.6678211472462863e-06
5281,3.661679556898889e-06
6725,3.6581694757842342e-06
9521,3.652600412351603e-06
8088,3.6468013604462612e-06
7733,3.603502364057931e-06
9970,3.583120019357011e-06
8077,3.5825870554617723e-06
2132,3.577406801014149e-06
9845,3.5718770732273697e-06
5342,3.56624855157861e-06
3610,3.55946792751638e-06
9804,3.5519502716852003e-06
7298,3.5460482195048826e-06
8429,3.5373216178413713e-06
5123,3.5283244415040826e-06
4622,3.5202376693632687e-06
8902,3.5192268796890858e-06
5840,3.5093902397420607e-06
9528,3.5064944086116157e-06
3789,3.497748707559367e-06
9118,3.493941449050908e-06
6418,3.49309357261518e-06
2594,3.484609123916016e-06
4876,3.474646177892282e-06
7725,3.470302317509777e-06
4965,3.447758444963256e-06
6742,3.444606477387424e-06
9436,3.443844889261527e-06
3941,3.441893568378873e-06
7537,3.4365980354778003e-06
8412,3.425962745495781e-06
8718,3.42342298154108e-06
8719,3.42342298154108e-06
3849,3.4217891879961826e-06
8522,3.416244908294175e-06
10337,3.4154295462940354e-06
4693,3.4124846024496946e-06
7377,3.401278036108124e-06
6514,3.3951195064219064e-06
5863,3.381727992746164e-06
9337,3.3763645888029714e-06
5381,3.3720116334734485e-06
9841,3.366808300597768e-06
2135,3.3663307021924993e-06
3319,3.3648032058408717e-06
8864,3.3511552146592294e-06
4968,3.344364358781604e-06
5441,3.341447268212505e-06
6747,3.3270538324359222e-06
1851,3.323070927763183e-06
3001,3.3204817100340733e-06
3873,3.319240022392478e-06
6174,3.3158437418023823e-06
7216,3.312862645543646e-06
8500,3.3126145808637375e-06
9196,3.300779439996404e-06
6561,3.2870436825760407e-06
8074,3.284871354480856e-06
6472,3.2808845844556345e-06
7554,3.279731572547462e-06
7610,3.2781634899947676e-06
6455,3.2779944376670755e-06
3346,3.2591566423434415e-06
7090,3.2574839679000434e-06
9060,3.2437422987641185e-06
8785,3.2076112574941362e-06
5561,3.207093072887801e-06
5106,3.198467197762511e-06
2663,3.1943905014486518e-06
2105,3.1883155315881595e-06
8638,3.166208784932678e-06
2961,3.1601474574927124e-06
3877,3.1455199405172607e-06
10025,3.141649926874379e-06
9861,3.140540002277703e-06
10329,3.1353542908618692e-06
5262,3.127814466097334e-06
2393,3.1211797022479004e-06
4582,3.116972266070661e-06
9156,3.1105794278118992e-06
10454,3.1027948352857493e-06
6134,3.077848532484495e-06
9008,3.0752274824408232e-06
8706,3.074344249398564e-06
8707,3.074344249398564e-06
5416,3.0726370141564985e-06
7075,3.0725001352038817e-06
4074,3.068978116971266e-06
8344,3.068663659178128e-06
8081,3.057279286622361e-06
4086,3.056402078982501e-06
8096,3.0490292601825786e-06
6962,3.0471372838292154e-06
9919,3.0406926043724525e-06
2933,3.0382614113477757e-06
7740,3.029501954188163e-06
4666,3.0253819431891316e-06
8884,3.0088796165728127e-06
7824,2.9928479534646613e-06
8587,2.9927584819233743e-06
10272,2.9905369274274562e-06
7641,2.9847385576431407e-06
6562,2.977974759232893e-06
3939,2.975316647280124e-06
2186,2.96903567686968e-06
8170,2.9633876010848326e-06
5209,2.940641820714518e-06
8722,2.929843049059855e-06
8307,2.925931539721205e-06
9469,2.9070423579469207e-06
6435,2.9035894613116398e-06
7083,2.898514367188909e-06
10276,2.894861381719238e-06
5236,2.8903893962706206e-06
2826,2.8835273724325816e-06
10159,2.882730427700153e-06
7913,2.875308609873173e-06
4910,2.8655140340561047e-06
8614,2.854249601114134e-06
8032,2.8537049274746096e-06
8278,2.8480432092692354e-06
7204,2.8470381039369386e-06
9735,2.8428795530999196e-06
9510,2.840646288859716e-06
3115,2.8353413199511124e-06
6294,2.8257054509595037e-06
9930,2.8221162438057945e-06
9691,2.8170118184789317e-06
5065,2.8166349466118845e-06
5253,2.8151762307970785e-06
7286,2.8130676810178556e-06
8473,2.8073581006538006e-06
4440,2.7871058136952342e-06
6272,2.7821871526612085e-06
6368,2.780832801363431e-06
10057,2.7749028959078714e-06
4077,2.7647080287351855e-06
3059,2.762320491456194e-06
5109,2.7616010811470915e-06
2957,2.7525860559762805e-06
10281,2.7504379431775305e-06
9692,2.732134475991188e-06
8271,2.70649627509556e-06
4722,2.704198777792044e-06
1959,2.7037558538722806e-06
9357,2.6754823920782655e-06
4223,2.675468749657739e-06
9162,2.669817490641435e-06
5940,2.6593620532366913e-06
8035,2.6550842449069023e-06
10102,2.640299271661206e-06
7319,2.6392713152745273e-06
6544,2.6390540597276413e-06
9936,2.6310254952477408e-06
10065,2.618545181576337e-06
8732,2.6132909169973573e-06
6919,2.6132455559491063e-06
8238,2.6103497248186613e-06
9838,2.609904299788468e-06
6302,2.5959983531720354e-06
9700,2.588363031463814e-06
9913,2.5864098915917566e-06
478,2.5844525453067035e-06
7552,2.581099920462293e-06
1955,2.5799616878430243e-06
7985,2.570040237515059e-06
3751,2.5683068543003174e-06
7295,2.5630970412748866e-06
6088,2.5543617994117085e-06
7685,2.5494382498436607e-06
3401,2.5437083195356536e-06
8666,2.5428786329939612e-06
4469,2.5334907149954233e-06
6694,2.519209715501347e-06
10198,2.5165019224004936e-06
2282,2.507859562683734e-06
6343,2.5057971697606263e-06
10169,2.504187818885839e-06
5346,2.5037433033503476e-06
8289,2.4963062514871126e-06
4071,2.47075411152764e-06
7054,2.459201368765207e-06
9121,2.450603233228321e-06
4713,2.440139724058099e-06
10282,2.4387347821175354e-06
6878,2.433922190903104e-06
3216,2.4329340249096276e-06
8129,2.4310922981385374e-06
6866,2.425344064249657e-06
5732,2.4184091671486385e-06
6959,2.4168859908968443e-06
2251,2.415434778413328e-06
10170,2.3919994873722317e-06
7162,2.3912452888907865e-06
7357,2.3877082639955916e-06
7755,2.38505776906095e-06
9361,2.384595745752449e-06
2081,2.36043558743404e-06
2095,2.3488328224630095e-06
7392,2.3446800696547143e-06
8642,2.33859373111045e-06
8507,2.3334614525083452e-06
9997,2.3289684349947493e-06
3106,2.3259752879312146e-06
4729,2.324298748135334e-06
1953,2.3109669200493954e-06
5168,2.3081938707036898e-06
5118,2.3021418655844172e-06
3112,2.299338348166202e-06
3757,2.2984622773947194e-06
9825,2.297901687597914e-06
9789,2.2953687448534765e-06
8512,2.288116093041026e-06
9748,2.2873142597745755e-06
2158,2.284608854097314e-06
7752,2.282925152030657e-06
9111,2.279673708471819e-06
9950,2.2780359358876012e-06
8657,2.2758836166758556e-06
9929,2.2677098741041846e-06
10468,2.267063678118575e-06
3469,2.2557394458999624e-06
9673,2.255374056403525e-06
9882,2.2354424800141715e-06
3108,2.2319470645015826e-06
8875,2.2311381826511933e-06
10365,2.2296825363810058e-06
8643,2.2264679273575894e-06
7971,2.2248507320909994e-06
7502,2.2230501599551644e-06
5670,2.218063627879019e-06
5482,2.2164914526001667e-06
7956,2.212205686191737e-06
5709,2.190192731177376e-06
8292,2.1869548163522268e-06
4475,2.1768192937088315e-06
7667,2.1718145717386506e-06
7078,2.169438857890782e-06
8332,2.168272430935758e-06
6068,2.1556974161285325e-06
10125,2.154428784706397e-06
9086,2.146934207303275e-06
3471,2.129445306309208e-06
5700,2.1293344616424292e-06
9875,2.1214590333329397e-06
4717,2.1210344129940495e-06
8692,2.11775659408886e-06
5571,2.1139791215318837e-06
8108,2.090519046760164e-06
10028,2.0892243810521904e-06
7651,2.0756796175191994e-06
7379,2.0754916931764456e-06
5250,2.070737878057116e-06
7809,2.0670044023063383e-06
7945,2.063544684460794e-06
7273,2.0580329191943747e-06
10385,2.032374254667957e-06
5072,2.0236479940649588e-06
7386,2.0234010662534274e-06
5492,2.0215380800436833e-06
3774,2.017302108470176e-06
6822,2.0070899608981563e-06
8867,1.998413154069567e-06
6846,1.9934287820433383e-06
3926,1.9928075971620274e-06
2421,1.970396169781452e-06
7080,1.964597231562948e-06
9545,1.963862928278104e-06
5351,1.960891040653223e-06
3187,1.9590459032770013e-06
10107,1.958420398295857e-06
9988,1.9579101717681624e-06
4736,1.9575867327148444e-06
9264,1.9463149101284216e-06
3231,1.9375968349777395e-06
5062,1.9346629756000766e-06
6840,1.934601186803775e-06
10143,1.9317087662784616e-06
7272,1.9264859929535305e-06
10383,1.9243533415647107e-06
4450,1.9093242826784262e-06
10353,1.908613739942666e-06
8511,1.9054119775319123e-06
10230,1.90469455674247e-06
3547,1.900975007629313e-06
8019,1.896675598800357e-06
4710,1.8948397837448283e-06
9198,1.8945976307804813e-06
10120,1.8896343476626498e-06
6002,1.8890448245656444e-06
7977,1.8820795162355353e-06
9071,1.8736178617473342e-06
10312,1.87138414275978e-06
1507,1.8709004621086933e-06
8925,1.8706048763306171e-06
6117,1.8700359873946582e-06
6010,1.8663776018001954e-06
8829,1.8509538222133415e-06
8488,1.8499357565815444e-06
3220,1.848854537911393e-06
2752,1.8461092849975103e-06
4661,1.8446202147970325e-06
9349,1.8385957218924887e-06
7402,1.8380824258201756e-06
9620,1.8380205233370361e-06
10030,1.8375067725173722e-06
7547,1.8348284811509075e-06
3267,1.8344734940001217e-06
10112,1.8288116621079098e-06
6323,1.827077596772142e-06
9807,1.8239798009744845e-06
5583,1.8238580423712847e-06
6543,1.8087740727423807e-06
6417,1.808638785405492e-06
5903,1.7953574342755019e-06
6014,1.7852852352007176e-06
2423,1.7759571164788213e-06
10259,1.7738055362315208e-06
10053,1.771045617715572e-06
4997,1.7692059941509797e-06
3336,1.7497233670837886e-06
10297,1.7402897469764866e-06
8116,1.740133598104876e-06
1500,1.7393255689057696e-06
5723,1.739325000471581e-06
9329,1.7357405113216373e-06
8499,1.7343735407848726e-06
4220,1.7334261315227195e-06
6049,1.7329659272036224e-06
9105,1.7304315633737133e-06
10387,1.7295082557211572e-06
8915,1.7289691527366813e-06
9607,1.7271957517550618e-06
8848,1.7201227251462115e-06
7430,1.7193153780681314e-06
6927,1.717937209377851e-06
10328,1.7114949741880991e-06
5653,1.7038373698596843e-06
6570,1.694100035365409e-06
3535,1.6903496771192295e-06
9449,1.6843945331856958e-06
1677,1.6636207078590814e-06
10319,1.6511224316673179e-06
8135,1.647769579449232e-06
7837,1.6467811860820802e-06
7003,1.6445939081677352e-06
8524,1.6440086483271443e-06
3997,1.6310879118464072e-06
4528,1.6302668655043817e-06
9682,1.6300340348607278e-06
9872,1.625770096325141e-06
5410,1.6061893006735772e-06
9482,1.6045687516452745e-06
9262,1.5958104881974577e-06
7782,1.5949614180499339e-06
10284,1.5824954289200832e-06
8495,1.5824651313778304e-06
7022,1.5813562299626938e-06
9324,1.5803812516423932e-06
8996,1.578366777721385e-06
5691,1.574935140524758e-06
8844,1.5745000041533785e-06
6100,1.567878712194215e-06
10431,1.5651864373467106e-06
7365,1.5649534361728001e-06
6625,1.5617777648913034e-06
10324,1.5606624401698355e-06
8860,1.5590668454024126e-06
6197,1.5584698758175364e-06
6224,1.5558864561171504e-06
3752,1.554922391733271e-06
4748,1.5529375332334894e-06
7792,1.5523613114964974e-06
8416,1.5450427213181683e-06
9730,1.5375198927358724e-06
9752,1.5342872643486771e-06
3768,1.5303306781788706e-06
10315,1.5299619917641394e-06
8672,1.5281042919923493e-06
10111,1.5274451925506582e-06
5283,1.5242086419675616e-06
10382,1.523556250049296e-06
8111,1.5209119510473101e-06
4243,1.5197612697193108e-06
6095,1.5075521559992922e-06
4776,1.5071889833961905e-06
2619,1.5032042597340478e-06
9597,1.4857796486467123e-06
9614,1.4826388223809772e-06
3692,1.4747149634786183e-06
8298,1.473697011533659e-06
6556,1.468932794068678e-06
7774,1.465997797822638e-06
9169,1.4647955595137319e-06
9784,1.4644328985014e-06
9843,1.4618501040786214e-06
5053,1.4597108020097949e-06
7435,1.4571470501323347e-06
7692,1.4546667443937622e-06
10270,1.444725569399452e-06
7015,1.4433850310524576e-06
4312,1.4426306620407559e-06
5901,1.4368292227118218e-06
10434,1.4353869346450665e-06
2621,1.4352277162288374e-06
6244,1.4320210652840615e-06
4300,1.4304680462373653e-06
7383,1.427816982868535e-06
6976,1.4192749517860648e-06
7305,1.4154413179312542e-06
8901,1.4138188362267101e-06
4781,1.4099472309681005e-06
9688,1.4092296396484016e-06
9585,1.4021652532392181e-06
3969,1.397985101903032e-06
8269,1.3956868656350707e-06
5274,1.3943662224846776e-06
10371,1.3860154126632551e-06
10482,1.3802840612697764e-06
10344,1.3798676263832022e-06
7778,1.3795823861073586e-06
9404,1.376928992158355e-06
6029,1.3751784990745364e-06
4754,1.369576864362898e-06
5684,1.3654541817231802e-06
5258,1.3557404372477322e-06
7503,1.3468489896695246e-06
6018,1.3464049857248028e-06
9669,1.3410196970653487e-06
3742,1.3344269405024534e-06
6071,1.333515569967858e-06
9293,1.3273515833134297e-06
9292,1.3273515833134297e-06
4522,1.3210792531026527e-06
9753,1.3191731795814121e-06
5445,1.317564226610557e-06
3804,1.305573675836058e-06
6032,1.3022432767684222e-06
10332,1.301261988828628e-06
7436,1.3006056747144612e-06
7624,1.2985804573872883e-06
8451,1.297098208397074e-06
9733,1.2948545986546378e-06
9155,1.2887583125120727e-06
8521,1.2830115565520828e-06
10472,1.2824289683521783e-06
10075,1.2811587453143147e-06
6749,1.2775275308740675e-06
4305,1.2766959116561338e-06
7496,1.2716537298729236e-06
8934,1.2686400054917613e-06
6433,1.2664261817008082e-06
6770,1.2613272701855749e-06
9055,1.2610524322553829e-06
6536,1.2563461382342211e-06
4526,1.2556924389173219e-06
6842,1.252927233963419e-06
9708,1.249309775630536e-06
5494,1.247816783234157e-06
8442,1.236674052051967e-06
10334,1.2300437788326235e-06
9235,1.2299580021135625e-06
8154,1.2257778507773764e-06
8253,1.2238410249665321e-06
2477,1.2229270396346692e-06
7703,1.2196002217024215e-06
6844,1.2193090128675976e-06
9938,1.2189792073513672e-06
10072,1.2145314371991844e-06
7291,1.2145093819526664e-06
3291,1.2132804272368958e-06
3473,1.2007365626232058e-06
8525,1.199651819661085e-06
5360,1.1861250754918728e-06
5498,1.1852741295115266e-06
7381,1.1828854553641577e-06
6669,1.1828300898741873e-06
7500,1.1809946158791718e-06
10394,1.1794393230957212e-06
2984,1.1751145052585343e-06
8775,1.1747317216759257e-06
6277,1.1730834899026377e-06
7225,1.1722254953383526e-06
7168,1.1721671739906014e-06
7518,1.1719710641955317e-06
7613,1.169656229649263e-06
4668,1.1630524454631086e-06
5248,1.1616064625741274e-06
4210,1.1548675615813409e-06
9547,1.151402784671518e-06
5870,1.1502851862132957e-06
6469,1.1502086181280902e-06
7948,1.1464732381227805e-06
4605,1.1399168897696654e-06
6457,1.1379488000784477e-06
5455,1.1339456023051753e-06
7998,1.1279128102614777e-06
8037,1.1255925755904173e-06
8422,1.1250626812397968e-06
6801,1.1154184562656155e-06
5604,1.1124016054964159e-06
8163,1.107377215703309e-06
9281,1.1071239782722841e-06
9270,1.1013264042958326e-06
9269,1.1013264042958326e-06
7701,1.097413928619062e-06
10429,1.0922411206593097e-06
7283,1.0921457374024612e-06
8034,1.091557351173833e-06
8489,1.0908693752753607e-06
7763,1.0843985478459217e-06
8070,1.082937217233848e-06
7076,1.0781170658447081e-06
6751,1.0751846275525168e-06
9711,1.0735027444752632e-06
5208,1.072900431609014e-06
8214,1.0676334341042093e-06
3429,1.0627667279550224e-06
9870,1.0614544976306206e-06
8134,1.0585240488580894e-06
9478,1.0580596949694154e-06
7694,1.052164066095429e-06
6602,1.0479367347215884e-06
9696,1.0464631827744597e-06
1113,1.0430927659399458e-06
7924,1.0407527497591218e-06
8220,1.040559880038927e-06
9785,1.0317054943698167e-06
9089,1.0300790336259524e-06
9567,1.029855866363505e-06
8197,1.029385771289526e-06
5978,1.0267110042150307e-06
6263,1.023976381020475e-06
6934,1.023508332309575e-06
7368,1.0232574254587234e-06
3280,1.0218441275355872e-06
5375,1.0148075944016455e-06
9122,1.0105763976753224e-06
2021,1.0092653042192978e-06
9647,1.007274363473698e-06
3497,1.0030057069343457e-06
2796,9.982028927879583e-07
4895,9.978001003219106e-07
7308,9.951970127985987e-07
6935,9.892352750284772e-07
7100,9.88080046226969e-07
8502,9.861626040219562e-07
9559,9.831319403019734e-07
10269,9.732666512718424e-07
7417,9.604652291272942e-07
3593,9.592496041932463e-07
5202,9.59039596182265e-07
4235,9.57294616910076e-07
9523,9.522736661438103e-07
8122,9.502662692284503e-07
7244,9.496907296124846e-07
5390,9.495346091625834e-07
5982,9.454116138840618e-07
7394,9.438138306450128e-07
5734,9.438031725039764e-07
8021,9.424513507383381e-07
5692,9.389373758494912e-07
7968,9.32606724290963e-07
2014,9.301503212100215e-07
2336,9.29027891061196e-07
2604,9.26993749317262e-07
3163,9.269715519621968e-07
9719,9.243098020306206e-07
10318,9.219834566920326e-07
4823,9.188693184114527e-07
8787,9.17981964221326e-07
5603,9.175831223728892e-07
8908,9.057562238012906e-07
6850,9.026488214658457e-07
9252,8.99864545544915e-07
7248,8.993110895971768e-07
9248,8.964664459654159e-07
7911,8.948835841238179e-07
9857,8.922556276047544e-07
4996,8.916935598790587e-07
7825,8.880444966052892e-07
7807,8.874843615558348e-07
9498,8.867356200426002e-07
9157,8.863470100095583e-07
8439,8.829362059259438e-07
7415,8.759704996919027e-07
8609,8.753807207995123e-07
10006,8.729277851671213e-07
9115,8.676278753227962e-07
9255,8.654758687498543e-07
8810,8.638854751552572e-07
7934,8.638364761281991e-07
4608,8.637184691906441e-07
9323,8.635140034130018e-07
6191,8.621646259143745e-07
7544,8.618560514150886e-07
8838,8.598812257787358e-07
5613,8.594824123520084e-07
8091,8.585669206695457e-07
9746,8.554542603178561e-07
4271,8.534636890544789e-07
4572,8.533782818176405e-07
3675,8.512662930115766e-07
5705,8.488794662753207e-07
6220,8.473737125314074e-07
8753,8.470805141769233e-07
8893,8.464671168439963e-07
10305,8.456241289422906e-07
9434,8.442623027349327e-07
3164,8.440505325779668e-07
8905,8.409320173541346e-07
6342,8.402729179124435e-07
8938,8.384391207982844e-07
7413,8.375151594464114e-07
8914,8.34287277484691e-07
8484,8.33502781460993e-07
10469,8.253844896444207e-07
8427,8.238677935423766e-07
6791,8.233861308326595e-07
3579,8.204987409499154e-07
7320,8.175164794010925e-07
10245,8.159164508469985e-07
9345,8.150201722401107e-07
9321,8.144081107275269e-07
7746,8.142881711137306e-07
5672,8.089899665719713e-07
5092,8.027683122691087e-07
4788,8.009694454358396e-07
6211,8.006329039744742e-07
8813,7.91027048308024e-07
9100,7.905259167273471e-07
9176,7.901593335191137e-07
5622,7.896207421254076e-07
8668,7.875269432133791e-07
5402,7.856655201976537e-07
8976,7.850874794712581e-07
8242,7.844956257940794e-07
8952,7.828376169527473e-07
9499,7.804442816450319e-07
7662,7.796567160767154e-07
6986,7.775147992106213e-07
5711,7.773520849241322e-07
7759,7.765555096739263e-07
10356,7.764099336782238e-07
4229,7.758101503441139e-07
4265,7.715686365372676e-07
8904,7.675047299926518e-07
8421,7.650813529380684e-07
6278,7.634143912582658e-07
6671,7.622809903296002e-07
8514,7.615599884047697e-07
8955,7.589625283799251e-07
3992,7.535347776865819e-07
9635,7.476995165234257e-07
6043,7.440196441166336e-07
7761,7.436144073835749e-07
4107,7.433469875195442e-07
7050,7.42023701150174e-07
3335,7.356624394105893e-07
4812,7.328220021918241e-07
6487,7.293740509339841e-07
8125,7.220146187592036e-07
5137,7.194722684289445e-07
5471,7.191250972482521e-07
5999,7.183508046182396e-07
7327,7.179912415722356e-07
7328,7.144969060846051e-07
4934,7.128662389277451e-07
6130,7.124471892439033e-07
5918,7.118806024664082e-07
9228,7.107032615749631e-07
8475,7.09816930566376e-07
3048,7.082288107085333e-07
8459,7.062292297632666e-07
7257,7.036795466319745e-07
8620,7.036332476673124e-07
5923,7.029866537777707e-07
8727,7.010914373495325e-07
7397,6.99327216580059e-07
3139,6.992499379521178e-07
7232,6.988165068833041e-07
9592,6.961233509628073e-07
10341,6.940634023067105e-07
8083,6.883914238642319e-07
6824,6.876593943161424e-07
7903,6.796786067297944e-07
8337,6.755552135473408e-07
6521,6.745024734300387e-07
7780,6.723554406562471e-07
4853,6.683966660148144e-07
3661,6.681586910417536e-07
8210,6.669276331194851e-07
8921,6.662837961357582e-07
4761,6.646907309004746e-07
3595,6.644280290402094e-07
5431,6.635571310198429e-07
9127,6.631762516917661e-07
10067,6.622175874326786e-07
4426,6.619694943310606e-07
6030,6.561170380336989e-07
8586,6.559994574217853e-07
8446,6.554396634328441e-07
7326,6.550518492076662e-07
7551,6.547134887568973e-07
9036,6.539608250477613e-07
6167,6.535189527312468e-07
5575,6.489329962278134e-07
6845,6.488370161150669e-07
6267,6.483345202923374e-07
8628,6.431467056700058e-07
8089,6.41688274072294e-07
3040,6.406986301499273e-07
8606,6.401789960364113e-07
5489,6.377487977715646e-07
9308,6.350515207032004e-07
5237,6.335294813197834e-07
4659,6.322287617877009e-07
8005,6.28697677029777e-07
3069,6.168308459564287e-07
5131,6.167802268919331e-07
5451,6.156331551210315e-07
9009,6.152521621061169e-07
10240,6.149363684926357e-07
6319,6.125609957052802e-07
9871,6.121769047240377e-07
8554,6.116421786828141e-07
9287,6.098825053868495e-07
8064,6.08273069246934e-07
7594,6.078399792386335e-07
7542,6.077663954329182e-07
4417,6.074306213577074e-07
9351,6.021126921496034e-07
9548,6.00490778879248e-07
8447,5.99149018398748e-07
6101,5.971848793251411e-07
3978,5.932954536547186e-07
7314,5.919272041410295e-07
8799,5.91520063153439e-07
8621,5.865786363301595e-07
6331,5.861049032773735e-07
5981,5.860454166395357e-07
8055,5.821859758725623e-07
6905,5.813398047394003e-07
9537,5.811512835407484e-07
9253,5.777331750778103e-07
5541,5.772876079390699e-07
9628,5.767324751104752e-07
8678,5.73496549804986e-07
9289,5.716103999020561e-07
9887,5.715693589536386e-07
9924,5.705456374016649e-07
6177,5.681064294549287e-07
8218,5.66605535823328e-07
5241,5.661397040057636e-07
5036,5.644526481773937e-07
6484,5.63882849746733e-07
10283,5.578830837293935e-07
7731,5.520253978374967e-07
7079,5.514330609912577e-07
10046,5.494941035522061e-07
5867,5.490625483162148e-07
7410,5.468675965403236e-07
6208,5.466853849611653e-07
6115,5.451393008115701e-07
7805,5.445025408334914e-07
9595,5.438155881165585e-07
5439,5.435470882275695e-07
8748,5.410695962382306e-07
6142,5.394578295181418e-07
2712,5.394284983140096e-07
8811,5.389634623043094e-07
9734,5.38372290748157e-07
7736,5.348994989162748e-07
6499,5.343767952581402e-07
7872,5.316362319263135e-07
7196,5.308856430019659e-07
10225,5.272401324418752e-07
4831,5.27107260950288e-07
6528,5.20028578421261e-07
6532,5.196382915073627e-07
8945,5.183979681078199e-07
4657,5.142286454429268e-07
7723,5.117009891364432e-07
8054,5.110822201004339e-07
9888,5.089147805392713e-07
6585,5.068258701612649e-07
7520,5.066171979706269e-07
8045,5.055415499555238e-07
5872,5.055002816334309e-07
7990,5.04561143088722e-07
7717,5.012433064166544e-07
4741,5.007544814361609e-07
9123,5.006995138501225e-07
9273,4.95924297183592e-07
9425,4.948531397985789e-07
8424,4.904367472136073e-07
8750,4.901741021967609e-07
7949,4.899268333247164e-07
4162,4.855936879266665e-07
6901,4.841066925109772e-07
3328,4.82440754012714e-07
5099,4.792156005350989e-07
9895,4.778746074407536e-07
10253,4.778389950388373e-07
8760,4.776110529292055e-07
5128,4.774122146500304e-07
9129,4.757406486533e-07
7838,4.7394118496413284e-07
5647,4.724014388557407e-07
7184,4.712498480330396e-07
5443,4.7062478358839144e-07
7284,4.6987592838831915e-07
4670,4.6967477373982547e-07
2705,4.6685107690791483e-07
8385,4.6434459477495693e-07
10258,4.612180219965012e-07
5224,4.5824999972410296e-07
7049,4.5194698827799584e-07
8483,4.49997315854489e-07
4273,4.494605718718958e-07
2375,4.479712458760332e-07
5102,4.478955304421106e-07
9763,4.4725365455633437e-07
8047,4.4435938661990804e-07
9922,4.4159217793549033e-07
4159,4.409584590803206e-07
4149,4.3951720840595954e-07
7238,4.3614923583845666e-07
9844,4.3566900842506584e-07
3255,4.324037803371539e-07
6809,4.3238871683115576e-07
9588,4.3221764656209416e-07
6879,4.318969644145909e-07
7246,4.316197674825162e-07
7601,4.3148148165528255e-07
6748,4.310018795194992e-07
9406,4.2884290962774685e-07
4036,4.2722449222765135e-07
6172,4.2664292720928643e-07
2424,4.2513576659075625e-07
10118,4.235106700889446e-07
5025,4.218767060137907e-07
8874,4.2176021963769017e-07
6814,4.2040174719204515e-07
8185,4.196041203385903e-07
6699,4.188229212331862e-07
9463,4.1838892173018394e-07
5427,4.174030294734621e-07
6334,4.158628854611379e-07
4654,4.152764745413151e-07
4325,4.144651484239148e-07
7093,4.103261375121292e-07
7444,4.0867317352422106e-07
5839,4.0804179946007935e-07
9724,4.0714550664233684e-07
9584,4.060897822455445e-07
7675,4.053647444379749e-07
8830,4.0500633247120277e-07
7570,4.0407545043308346e-07
6377,4.0328114891963196e-07
8366,4.0087533648147655e-07
8458,3.9973683385596814e-07
4575,3.984421681479944e-07
9066,3.973114530708699e-07
7719,3.9706414156626124e-07
7262,3.857503969584286e-07
5216,3.8522888701209013e-07
9379,3.8500128596297145e-07
7605,3.8495173271257954e-07
10275,3.844188682933236e-07
6024,3.7542743314133986e-07
9836,3.7523120965943235e-07
9710,3.737213774002157e-07
9184,3.7287064458269015e-07
7459,3.7109452932782006e-07
6734,3.6922438084729947e-07
9285,3.6816467741118686e-07
5251,3.667181829314359e-07
9380,3.640034549334814e-07
4745,3.6199882913479087e-07
3833,3.611075101161987e-07
2417,3.5999897818328463e-07
8452,3.585630850011512e-07
9051,3.570590649815131e-07
7085,3.55806378138368e-07
9961,3.5377749441067863e-07
10374,3.5032286405112245e-07
2223,3.5031595757573086e-07
3612,3.4624946465555695e-07
8570,3.4622853206656146e-07
5302,3.448592877930423e-07
5815,3.4466947340661136e-07
2721,3.4456438413599244e-07
10357,3.4399025139464356e-07
5530,3.39873494681342e-07
10475,3.3605039106987533e-07
9525,3.360149491982156e-07
9898,3.326430118022472e-07
6960,3.319310479810156e-07
5861,3.3134479338059464e-07
7709,3.306315932150028e-07
8027,3.297182189498926e-07
4917,3.250662814480165e-07
4221,3.2241827341294993e-07
6255,3.197306170932279e-07
6663,3.1625711471860996e-07
10339,3.122346043937796e-07
8434,3.1193430061193794e-07
5576,3.116570894690085e-07
3816,3.1097827957182744e-07
7463,3.0903453307473683e-07
5987,3.0894153724148055e-07
8086,3.084941084807724e-07
4275,3.079789223647822e-07
5993,3.0773686887641816e-07
8243,3.076827823633721e-07
9045,3.0624033797721495e-07
6863,3.0615527180088975e-07
9072,3.0536340034359455e-07
9573,3.0441253784374567e-07
10039,3.0240367721035e-07
9395,3.019872991671946e-07
8798,3.015781402382345e-07
8092,3.0102994230674085e-07
4735,3.006828848128862e-07
7158,2.994456025362524e-07
8751,2.975034334440352e-07
8714,2.9570568926828855e-07
3465,2.952383511001244e-07
9652,2.947730592950393e-07
1202,2.9425534364690975e-07
7152,2.9307395266187086e-07
8703,2.929670444018484e-07
5747,2.924983277807769e-07
7909,2.9214744756700384e-07
9249,2.886093852794147e-07
4498,2.885221590531728e-07
6478,2.8851482625213976e-07
3434,2.8630121562400745e-07
9939,2.844318203187868e-07
6945,2.8239104210570076e-07
9458,2.8084207315259846e-07
7831,2.7969787197434925e-07
2551,2.79611910514177e-07
5514,2.7927271162297984e-07
8285,2.787818971228262e-07
6572,2.785736228361202e-07
5291,2.7792530943315796e-07
5550,2.770444922362003e-07
6103,2.766314963764671e-07
7172,2.763672029004738e-07
6778,2.763108284398186e-07
5977,2.7612242092800443e-07
6249,2.7533064894669224e-07
1816,2.7433920024577674e-07
9823,2.741661262462003e-07
7507,2.722881902172958e-07
9560,2.711533824140133e-07
8078,2.702070389659639e-07
1835,2.696627348086622e-07
3125,2.6947124354137486e-07
4904,2.6921387075162784e-07
6604,2.6887940407505084e-07
9288,2.6802398167546926e-07
9168,2.66575057139562e-07
2543,2.661815159399339e-07
4843,2.659380129443889e-07
3451,2.652072623732238e-07
7132,2.642092056248657e-07
6094,2.637957265960722e-07
5851,2.6113757201073895e-07
10486,2.600312996037246e-07
10495,2.5883616672217613e-07
7478,2.575943653937429e-07
5210,2.5692817473554896e-07
9373,2.5660582991804404e-07
7563,2.5645599066592695e-07
7380,2.56405741083654e-07
8699,2.5587060292764363e-07
9860,2.5490562904906255e-07
4262,2.548089952369992e-07
5887,2.5427146965739666e-07
10262,2.5361670452639373e-07
4203,2.529799587591697e-07
1191,2.5267021896979713e-07
8723,2.4729159520120447e-07
8362,2.444722611016914e-07
7669,2.4318808300449746e-07
7975,2.424501701625559e-07
9641,2.412954529518174e-07
9080,2.3896873813100683e-07
5551,2.3886245514859183e-07
4091,2.3768127022094632e-07
10218,2.372806804373795e-07
10130,2.3679663740949763e-07
10313,2.3390045100768475e-07
4056,2.3378179747624017e-07
9808,2.2821357958946464e-07
7905,2.278629978036406e-07
6646,2.278026514090925e-07
9931,2.2693534162954165e-07
6689,2.2614752026584028e-07
2687,2.2597330229245927e-07
9655,2.254362030384982e-07
7821,2.2533323118523185e-07
4435,2.2318037196100704e-07
6222,2.2315298764397085e-07
3271,2.2255095899481603e-07
3603,2.2210603844996513e-07
4347,2.2203111882390658e-07
6598,2.1914606662676306e-07
8765,2.1830568641689752e-07
10126,2.1769172775520929e-07
9366,2.1686304307877435e-07
5466,2.1660883220420146e-07
6548,2.1523720761251752e-07
3409,2.14492580141723e-07
10493,2.1386023973946067e-07
7199,2.1334371780312722e-07
5961,2.1320865073448658e-07
3358,2.1164908048376674e-07
6235,2.1157289609163854e-07
3671,2.1103779346276497e-07
6784,2.1036774455751583e-07
9305,2.099239537756148e-07
5035,2.0989627103062958e-07
6089,2.098656182170089e-07
5049,2.0806680822715862e-07
7577,2.0785485332908138e-07
8821,2.0768649733327038e-07
4028,2.0747625484318633e-07
3449,2.069123183900956e-07
5460,2.0687942026142991e-07
3259,2.0627339836210012e-07
10500,2.0621896368311354e-07
3489,2.058985160147131e-07
9295,2.056979155895533e-07
8189,2.0569048331253725e-07
9617,2.0502810826883433e-07
8940,2.04437057504947e-07
7886,2.0408325696052998e-07
3592,2.0406838530107052e-07
3750,2.0349064300262398e-07
9535,2.0262682909333307e-07
5141,2.0154158164586988e-07
4232,2.0049210291972486e-07
6995,2.000874133045727e-07
7638,1.9942761042557322e-07
4303,1.9850607912985652e-07
2699,1.9716388521828776e-07
3552,1.9689836250336157e-07
7954,1.9601296941118562e-07
7587,1.959725182132388e-07
4826,1.93790967273344e-07
9125,1.9366100190154611e-07
7372,1.9287862329520067e-07
5190,1.9194920497511703e-07
7294,1.9132942696842292e-07
7939,1.9127904238303017e-07
5535,1.909107183450942e-07
2775,1.899533899063499e-07
5856,1.8925617695231267e-07
2690,1.876307322845605e-07
8885,1.8563137160754195e-07
5584,1.8559362047199102e-07
4393,1.8447518357334047e-07
4172,1.8261184209222847e-07
9906,1.8253348343932885e-07
7923,1.8250396749408537e-07
10043,1.8160370984787733e-07
10222,1.8078954155953397e-07
9161,1.7899680671007445e-07
8759,1.7745595215501453e-07
7764,1.7683962738601622e-07
10378,1.7641325200656865e-07
9061,1.7543750630011345e-07
9387,1.7463064239109372e-07
10133,1.74567482247312e-07
7185,1.7229237414539966e-07
7779,1.6784487399945647e-07
9460,1.6731746654841118e-07
3425,1.6731301144545796e-07
9082,1.6577723727095872e-07
5996,1.6398816882201572e-07
10188,1.6352843346112422e-07
9457,1.6319264517505871e-07
8788,1.6311562234250232e-07
7586,1.624250600684718e-07
7617,1.6120579005018953e-07
9411,1.6116410961330985e-07
7699,1.610056656886627e-07
3650,1.6005405711894127e-07
2669,1.5939291131417122e-07
7875,1.5847512457867197e-07
6983,1.5782466533664774e-07
7901,1.5750065784914113e-07
9645,1.5652130969101563e-07
4767,1.563051981179342e-07
2671,1.562500102636477e-07
7171,1.55762791109737e-07
7355,1.5559037791490482e-07
9272,1.5438788381061386e-07
3337,1.529914257503151e-07
3432,1.5268589947936562e-07
5976,1.5121256780048498e-07
6586,1.5080814108614504e-07
9646,1.5060439295666583e-07
3734,1.5047375967469634e-07
7242,1.500288959732643e-07
3839,1.4985289453761652e-07
3987,1.4981512919121087e-07
3538,1.495592414357816e-07
5565,1.48464408766813e-07
2666,1.483829095150213e-07
3475,1.4797865333093796e-07
4593,1.474050890237777e-07
8339,1.467964025891888e-07
8903,1.4670405334982206e-07
8007,1.4639176271202814e-07
4824,1.4601521058921207e-07
7857,1.4583151397573602e-07
9921,1.4501665646093898e-07
7371,1.4491740074618065e-07
8468,1.4419502747387014e-07
9911,1.4374936796457405e-07
7762,1.4221030397720824e-07
5047,1.4180780993910957e-07
9630,1.4049226138013182e-07
10450,1.403440208491702e-07
4586,1.4013215121622125e-07
6279,1.397147215698169e-07
4383,1.3952617905488296e-07
6434,1.3916327645802085e-07
8094,1.3779470720010067e-07
9237,1.355636314315234e-07
4164,1.354560410504746e-07
5668,1.349293725638745e-07
6017,1.3487051120364413e-07
2585,1.3378737406810615e-07
5058,1.3364130069248858e-07
4631,1.327202525658322e-07
6597,1.3265811560358998e-07
10348,1.316940299034286e-07
5350,1.3093097095406847e-07
3714,1.3052331837570819e-07
9439,1.304848566974215e-07
8763,1.30409560483713e-07
6555,1.3027680267896358e-07
8043,1.3027188572323212e-07
7933,1.293598899110293e-07
9220,1.2902851409535288e-07
10352,1.2837242024943407e-07
3712,1.277312691172483e-07
8053,1.2763605639065645e-07
7790,1.2608234101207927e-07
7086,1.2538772153902755e-07
8423,1.244442628944853e-07
4653,1.2326302822884827e-07
10248,1.2226276879800935e-07
7448,1.1995958715260713e-07
8039,1.1927542331591212e-07
9826,1.1897802920657341e-07
8314,1.1665798282933793e-07
5590,1.1644868536109243e-07
7069,1.163007468107935e-07
8118,1.1186139303731579e-07
5547,1.116999399641827e-07
9470,1.1133780830618889e-07
6990,1.0952494733373896e-07
6265,1.088797745296688e-07
3323,1.0759785951108825e-07
8191,1.0738078159988618e-07
6321,1.0715866238797389e-07
9987,1.0668209071695856e-07
6007,1.0654295934386937e-07
9144,1.0516366089063922e-07
3057,1.0474121125980673e-07
10252,1.0421628715562292e-07
5755,1.0250734661099159e-07
7344,1.0231777025637712e-07
8705,1.0120151117121168e-07
5873,9.95490374577912e-08
4278,9.90560700131482e-08
6379,9.693224356510655e-08
6714,9.588310589947469e-08
8493,9.504193698717245e-08
8532,9.237798792582907e-08
6632,9.20925522507332e-08
6031,9.196725514470927e-08
5804,9.033675851810585e-08
6366,9.003468193213848e-08
6627,8.955103325547498e-08
4698,8.946594221015403e-08
2576,8.853792010654615e-08
7270,8.846375365578751e-08
8792,8.839292320317327e-08
6516,8.812734009211454e-08
7593,8.809128360098839e-08
2955,8.806710383169047e-08
4432,8.766177472807613e-08
9554,8.743201362904074e-08
3332,8.585944399897016e-08
8721,8.478721724713978e-08
8871,8.41664302697609e-08
7020,8.309619659030432e-08
4080,8.243465998702959e-08
9952,8.211981494810061e-08
9955,8.139413409935514e-08
5325,8.116785465972498e-08
9214,7.978672655895025e-08
8394,7.937880397435038e-08
7237,7.93581875768723e-08
3887,7.921147116007887e-08
9473,7.906936971835421e-08
5794,7.819958014465556e-08
6508,7.818861647024278e-08
4890,7.795923551157102e-08
8149,7.709319049808983e-08
4597,7.689017067491477e-08
10380,7.609408925191019e-08
8854,7.583619776596606e-08
6494,7.57885132429692e-08
8697,7.47749773211126e-08
2177,7.461482809389963e-08
4731,7.457846606939711e-08
4669,7.435173188241606e-08
5641,7.430551463016855e-08
9918,7.36047489624525e-08
9464,7.309560245971625e-08
10461,7.25870243911686e-08
6491,7.184971551055241e-08
9191,6.985816369819986e-08
4880,6.979986011401706e-08
9914,6.938285679325418e-08
6161,6.934283547366249e-08
5625,6.899989557496156e-08
3284,6.84624943403378e-08
3583,6.829770526906032e-08
9876,6.811556829688925e-08
7812,6.682867947915838e-08
3046,6.668076935056888e-08
7775,6.65639419139552e-08
7322,6.653244710719264e-08
4258,6.612042113829375e-08
9982,6.554051523721682e-08
5608,6.54158860413645e-08
6370,6.508312111463965e-08
7073,6.408055952533687e-08
8286,6.30756815667155e-08
2625,6.281155506826508e-08
9686,6.270175134659439e-08
9685,6.270175134659439e-08
8441,6.264687257839796e-08
6227,6.242388295163437e-08
6626,6.180477285511188e-08
4866,6.170043320707919e-08
6351,6.081197057028476e-08
5980,6.067876157089813e-08
5860,6.064710689202002e-08
3129,6.064203361688669e-08
9915,6.045072709071064e-08
4759,6.025679155641228e-08
9010,5.997035401605899e-08
9011,5.997035401605899e-08
6382,5.98018630171282e-08
5349,5.9590636425355115e-08
4387,5.9433803656361306e-08
8988,5.934088420644912e-08
8987,5.934088420644912e-08
10055,5.916040635156605e-08
6807,5.8740917907584844e-08
5849,5.791711821245826e-08
6399,5.750037068708025e-08
3814,5.6715201424140105e-08
7202,5.6648623569799383e-08
6430,5.664492519485975e-08
7822,5.5664818532363824e-08
7830,5.5415341648767935e-08
5117,5.5125264353250714e-08
7426,5.500345423570252e-08
6600,5.420645621256881e-08
7720,5.348099030300091e-08
8733,5.3193225824088586e-08
6683,5.313877338153361e-08
8786,5.2782574755383393e-08
3483,5.27691081941839e-08
5952,5.206856812378646e-08
6275,5.189071750066887e-08
7041,5.1504633447052584e-08
7706,5.131331448637866e-08
8910,5.1024102276642225e-08
8378,5.0531641093698454e-08
8710,4.937478337296852e-08
5201,4.928028829453979e-08
7523,4.8786114703602834e-08
9416,4.7427020533064024e-08
7466,4.6612068871354495e-08
4019,4.6500053585418755e-08
8355,4.529756658655515e-08
9399,4.518149587795506e-08
7070,4.507868922587477e-08
8523,4.4948468058692015e-08
8644,4.442180845387611e-08
6832,4.405330678025621e-08
6705,4.24369446250239e-08
6967,4.0235043741176924e-08
10289,3.953505256504286e-08
7431,3.9336539359169365e-08
7493,3.705114792751374e-08
7999,2.0106078579829045e-08
8177,1.8359929576661216e-08
5334,1.714100061889212e-08
2846,1.7071803526391705e-08
8075,1.6447927464469103e-08
8889,1.5798900854235853e-08
6835,1.548208494739356e-08
10136,1.5345844595060498e-08
9902,1.3382281949247954e-08
8624,1.3219352723581324e-08
8148,1.3103325535723798e-08
6816,1.2952090955309359e-08
3656,1.2754909128886993e-08
7429,1.2581579333925674e-08
9761,1.2033753993279106e-08
8374,1.1805950883569949e-08
3667,1.1764637264377598e-08
8136,1.1736146721119667e-08
5949,1.1103262309575257e-08
10302,1.10054525492842e-08
8958,1.0984124276802731e-08
4188,1.0975179431937931e-08
8363,1.0891054724737614e-08
3647,1.0853142828892715e-08
9745,1.0841709752185125e-08
9611,1.0660821558872158e-08
8264,1.0459579424804133e-08
6261,1.0086817603394138e-08
9968,1.0070465350509039e-08
9835,1.0060841937331588e-08
7408,9.650873877831145e-09
9675,9.575619408508373e-09
9508,9.299858660938298e-09
9967,8.953040087078534e-09
10138,8.945285401296132e-09
9418,8.687657704342655e-09
9820,8.527648365230789e-09
10271,8.465522949308024e-09
10451,8.390889316700623e-09
6589,8.267488915691956e-09
7595,7.566657300728252e-09
9947,7.407953139804135e-09
9642,7.3931554211981165e-09
10427,7.3859525162589534e-09
10484,7.283080583064816e-09
8671,6.7844723172783006e-09
9622,6.307947053585394e-09
9764,6.296124732685371e-09
7187,6.189219581287375e-09
9054,6.162324650560436e-09
9538,6.092575999261385e-09
8142,6.0067373297556514e-09
10402,5.919299272960643e-09
8480,5.817270221086801e-09
8470,5.5173150492748846e-09
9819,5.459762419945946e-09
8126,5.431765037755554e-09
8767,5.377233547321225e-09
10325,5.250021528624416e-09
9041,5.249643386662228e-09
9516,5.184831008975266e-09
9729,4.797555908098161e-09
7161,4.760347671606269e-09
9948,4.235666262175641e-09
5899,4.057634672705035e-09
8501,3.933529058031127e-09
6083,3.730106890031948e-09
8275,3.7020055909664507e-09
5881,3.450664531889913e-09
9786,3.3469302884725494e-09
9689,3.3149305522783834e-09
9905,3.24548610208808e-09
9998,3.2325087051532364e-09
8463,3.1681781642589613e-09
6065,3.0151349195151056e-09
9576,3.007755933204237e-09
9680,3.007009419242479e-09
9774,2.874241844530445e-09
7639,2.8048016131876352e-09
9985,2.7417293990694702e-09
9553,2.5722021179674925e-09
8802,2.54038468039397e-09
10239,2.5160019623271523e-09
8000,2.5065423070458337e-09
5120,2.461016612720357e-09
6851,2.4422482924890687e-09
9094,2.4227206907312393e-09
10233,2.391443598703802e-09
9943,2.3126595083411416e-09
7607,2.2756162509907085e-09
7984,2.250341579745907e-09
8779,2.215359562462993e-09
6823,1.87125515083153e-09
8121,1.7509018679362498e-09
8103,1.5717858681263408e-09
5836,1.5524349028517292e-09
9676,1.3823628908227192e-09
5817,1.3212689831121338e-09
9660,1.1781866038340638e-09
8404,1.1204035477163643e-09
8390,9.794668964779873e-10
9012,9.426579239413257e-10
9674,9.18040310438073e-10
9662,8.26383406149489e-10
8731,5.698515270768922e-10
9854,3.3528717302555577e-10
9783,2.2239825953063175e-10
9396,2.0287204555158311e-10
1823,-4.4908415475219954e-07
6691,-5.175472210794396e-07
1369,-9.846044406458532e-07
6831,-1.5323796560551273e-06
9333,-3.356546358190826e-06
9042,-3.5111465024328936e-06
8684,-3.593153223846457e-06
428,-3.926163344658562e-06
7323,-5.933661213930463e-06
3965,-6.954972377570812e-06
8487,-7.476115570170805e-06
10408,-7.492074246329139e-06
4705,-7.651188752788585e-06
1122,-8.458808224531822e-06
5044,-1.756269921315834e-05
1503,-1.7999922420131043e-05
9661,-1.828885797294788e-05
1318,-1.921472266985802e-05
6163,-1.971157507796306e-05
3639,-1.9786333723459393e-05
89,-2.037175181612838e-05
1097,-2.0539823708531912e-05
238,-2.2353312488121446e-05
1437,-2.258227777929278e-05
8113,-2.2927527425053995e-05
2315,-2.2970407371758483e-05
4314,-2.8296421078266576e-05
6657,-3.103109247604152e-05
16,-3.188240953022614e-05
1971,-3.337166526762303e-05
8031,-3.440196451265365e-05
4778,-3.623101474659052e-05
4559,-3.770434886973817e-05
2028,-3.8903328459127806e-05
2190,-3.953901796194259e-05
18,-3.9689250115770847e-05
76,-4.237295433995314e-05
6257,-4.283076123101637e-05
720,-5.20516223332379e-05
8648,-5.678384150087368e-05
2789,-5.841691563546192e-05
2139,-6.09280959906755e-05
1264,-6.438800119212829e-05
1918,-6.95719281793572e-05
2093,-7.102137533365749e-05
4,-7.225696026580408e-05
1454,-7.412215927615762e-05
9483,-7.578163786092773e-05
4354,-7.655610534129664e-05
1263,-7.69843245507218e-05
1294,-7.946582627482712e-05
7561,-8.031356628634967e-05
4564,-8.054762656684034e-05
3705,-8.346723552676849e-05
6131,-8.550712664145976e-05
6149,-8.83581378730014e-05
3004,-9.563590720063075e-05
10108,-0.00010211662447545677
4530,-0.00010399798702565022
8393,-0.0001056464170687832
8391,-0.00010572743121883832
7156,-0.00010802303222590126
5295,-0.0001087582677428145
5957,-0.00011006311615346931
2565,-0.00011579588681343012
6178,-0.00012268868158571422
6273,-0.00012440263162716292
6195,-0.00012623968359548599
3363,-0.00012907220661872998
1893,-0.00013245469745015725
4613,-0.00013979239156469703
1434,-0.00014319969341158867
6328,-0.00014640151493949816
5426,-0.00015670933498768136
6412,-0.00015679783246014267
5289,-0.0001569683663547039
4175,-0.0001587922961334698
5457,-0.00015923148021101952
1130,-0.00016913955914787948
427,-0.000170269537193235
7037,-0.00017503564595244825
4655,-0.0001783412299118936
1100,-0.00017915474745677784
2610,-0.00018212036229670048
2515,-0.00018767105939332396
2385,-0.00019830703240586445
7632,-0.00020315093570388854
2377,-0.00021233927691355348
7490,-0.00021735369227826595
664,-0.0002243849594378844
8746,-0.00022490086848847568
259,-0.00025192872271873057
2313,-0.00025404478947166353
4553,-0.0002548225747887045
6206,-0.00025563567760400474
2704,-0.0002625211636768654
2431,-0.00027499874704517424
9332,-0.0002760774950729683
5005,-0.00027895093080587685
6837,-0.0002825267147272825
1268,-0.0002838919317582622
2667,-0.00028475336148403585
8415,-0.0002947790635516867
3676,-0.00030161355971358716
4952,-0.0003124916984234005
897,-0.0003174934827256948
1986,-0.00032562727574259043
2445,-0.00032710490631870925
136,-0.00033452457864768803
5897,-0.0003521665930747986
9549,-0.0003583801444619894
4117,-0.0003701706154970452
4771,-0.0003755073848878965
1734,-0.00037807138869538903
3324,-0.00038770919491071254
754,-0.0004000136104878038
4505,-0.0004210515908198431
867,-0.00043540261685848236
8567,-0.0004419249889906496
8832,-0.00045475919614546
3879,-0.0004598382511176169
234,-0.00047316140262410045
5363,-0.0004762939061038196
4780,-0.0004811208782484755
317,-0.00048304718802683055
4228,-0.0004969538276782259
23,-0.0005023381090722978
1705,-0.0005064286960987374
7625,-0.000558358704438433
561,-0.0005602320306934416
8954,-0.000564043439226225
5385,-0.0005706918600481004
6394,-0.0005721570923924446
906,-0.0005762543296441436
5731,-0.000585017871344462
5470,-0.0005913238856010139
2503,-0.0006091662216931581
1749,-0.0006174043810460716
173,-0.0006254896870814264
8517,-0.0006444490572903305
3640,-0.0006484607001766562
9810,-0.0006520981551147997
4248,-0.0006626510585192591
1179,-0.0006822024006396532
1266,-0.0006854549574200064
5429,-0.0006918916769791394
4482,-0.0007153981132432818
1385,-0.0007269750931300223
3944,-0.000742289877962321
3082,-0.0007470202981494367
4321,-0.0007530988950747997
9188,-0.0007669492624700069
6695,-0.0008098611142486334
603,-0.0008160090947058052
308,-0.0008518402755726129
94,-0.0008567220065742731
7227,-0.0008598443237133324
4950,-0.0008718910976313055
9000,-0.0008734969305805862
5879,-0.0009097369038499892
1889,-0.000909926719032228
5432,-0.0009131739207077771
2059,-0.0009610006818547845
8534,-0.0009618863114155829
7562,-0.000981533114099875
5230,-0.000996730348560959
6520,-0.001005518774036318
2289,-0.0010545063996687531
451,-0.0010965120163746178
8900,-0.001112454745452851
1111,-0.0011391728185117245
9796,-0.001145537942647934
288,-0.0011732482817023993
6440,-0.0011894371709786355
9027,-0.001197706034872681
450,-0.0012047943891957402
10221,-0.0012080736341886222
10013,-0.0012110165553167462
8156,-0.0012341979891061783
1012,-0.0012467510532587767
3630,-0.0012665379326790571
7021,-0.0012675278703682125
8576,-0.001307848608121276
5148,-0.0013228217139840126
8513,-0.001336366985924542
7628,-0.0013802386820316315
2204,-0.001388613658491522
5699,-0.0014055256033316255
5518,-0.0014250269159674644
4334,-0.0014596590772271156
10223,-0.0014756658347323537
1970,-0.0014848351711407304
2801,-0.0014949659234844148
559,-0.0015197742031887174
7588,-0.0015953083639033139
2153,-0.0016068436671048403
1424,-0.0016293558874167502
8990,-0.001645937329158187
9023,-0.0016531079891137779
7925,-0.0016665785806253552
4562,-0.0016828634543344378
6915,-0.0017358026816509664
19,-0.0017593867960385978
7498,-0.0018182987114414573
5660,-0.0018400868866592646
4494,-0.0018876377725973725
6540,-0.0019108796259388328
1979,-0.0019222210394218564
9195,-0.001928853162098676
8080,-0.0019430173560976982
9325,-0.0019861122127622366
5880,-0.0019983211532235146
7980,-0.0021201284835115075
8167,-0.0021427926840260625
289,-0.0021977488650009036
2794,-0.00220396660733968
5710,-0.0022546255495399237
5610,-0.002284534857608378
10443,-0.0022850370733067393
4960,-0.002325701294466853
5721,-0.0023263910552486777
5161,-0.002347902162000537
6666,-0.002424629172310233
8015,-0.00243353599216789
2983,-0.002435769885778427
4617,-0.0024881568970158696
1550,-0.0025028400123119354
8201,-0.0025256979279220104
3970,-0.0025829195510596037
7472,-0.0026045067934319377
9720,-0.002679794910363853
4116,-0.0028216525679454207
6129,-0.0028260861290618777
5135,-0.0028278795070946217
6787,-0.0028533716686069965
7516,-0.0028868084773421288
872,-0.0029027957934886217
4545,-0.0029575666412711143
3973,-0.0030367416329681873
7559,-0.003065416938625276
25,-0.0030672488501295447
3512,-0.003078885842114687
1094,-0.003154551493935287
8481,-0.0031700792023912072
6158,-0.0031742143910378218
8099,-0.0033054277300834656
5125,-0.0033173608826473355
1794,-0.003470506868325174
1309,-0.00352009164635092
4244,-0.0035214145900681615
6975,-0.003525201231241226
21,-0.0036002742126584053
5167,-0.0036335348850116134
1702,-0.0036519598215818405
3428,-0.0037599699571728706
6643,-0.003781948355026543
4439,-0.0038349214009940624
139,-0.00389642221853137
1795,-0.003914114087820053
1614,-0.003932219929993153
4599,-0.004043753491714597
7340,-0.0041963106486946344
4307,-0.004212069325149059
2277,-0.004290750017389655
9957,-0.004298310028389096
4467,-0.004390542395412922
9878,-0.004441058728843927
7963,-0.004477526526898146
6917,-0.004507491365075111
6046,-0.004703599028289318
254,-0.004716350929811597
3215,-0.00488851242698729
2321,-0.004992181900888681
8383,-0.005065482808277011
119,-0.005241591949015856
325,-0.0052997455932199955
2564,-0.005308841122314334
6005,-0.005361324176192284
60,-0.0055130356922745705
1470,-0.005526820197701454
20,-0.0057414371985942125
3044,-0.006035425001755357
1662,-0.006037901388481259
4521,-0.0060928212478756905
333,-0.00619836593978107
6465,-0.0062697886023670435
6857,-0.006315449718385935
1534,-0.0063561443239450455
248,-0.006414775736629963
5085,-0.00643042684532702
4928,-0.006479486124590039
961,-0.006832489278167486
9117,-0.00693935458548367
8853,-0.007007801439613104
736,-0.0071261480916291475
4973,-0.00728072552010417
8396,-0.0073532769456505775
429,-0.007432585582137108
8454,-0.007448965217918158
6175,-0.007471712771803141
4152,-0.007488300791010261
1654,-0.007558144629001617
3308,-0.007655551191419363
5756,-0.007926494115963578
8737,-0.008127938490360975
6079,-0.008155958727002144
5942,-0.008203402627259493
2711,-0.008370835334062576
7279,-0.008388991933315992
1443,-0.008396472781896591
247,-0.008479203097522259
5758,-0.00849500810727477
411,-0.008677322417497635
1024,-0.008703823201358318
8745,-0.008769470732659101
3523,-0.008838667068630457
7738,-0.008885039016604424
30,-0.008971620351076126
324,-0.009335403330624104
1508,-0.00952081149443984
784,-0.009645698592066765
8603,-0.00980222225189209
10155,-0.009815723169595003
8301,-0.00983896991237998
1764,-0.009839288890361786
9271,-0.009888118132948875
1717,-0.00989562924951315
8575,-0.009922977536916733
503,-0.00999951409175992
1441,-0.009999816305935383
1775,-0.010071019642055035
1597,-0.010391698684543371
10260,-0.010431955568492413
4536,-0.010487777180969715
1224,-0.010650133714079857
4588,-0.010653890203684568
102,-0.01093588536605239
5959,-0.010994942858815193
7603,-0.011133694089949131
6674,-0.011162764392793179
6675,-0.011162764392793179
6884,-0.011209329590201378
3462,-0.011272886767983437
5831,-0.011346123181283474
1460,-0.011548606678843498
7564,-0.011660351417958736
128,-0.011666678357869387
6887,-0.011769706849008799
10463,-0.012115706223994493
7476,-0.012257590889930725
4757,-0.012303741183131933
5611,-0.012328510638326406
5357,-0.012333121616393328
9818,-0.012808616273105145
7064,-0.012861135881394148
7760,-0.01287177111953497
2555,-0.01295388862490654
415,-0.013029401656240225
3815,-0.013313924428075552
2384,-0.013331989292055368
454,-0.013355693779885769
647,-0.01363726519048214
4153,-0.01373268524184823
351,-0.013808115851134062
4384,-0.013863245956599712
8227,-0.013898168690502644
8652,-0.013907774351537228
2641,-0.013968031387776136
7796,-0.014158133883029222
5894,-0.014219562988728285
72,-0.014229110907763243
2114,-0.01533140055835247
1681,-0.015422794036567211
2036,-0.01569318864494562
4078,-0.01573349768295884
542,-0.015791735611855984
5686,-0.015952149871736765
1129,-0.016088251024484634
3079,-0.016142502427101135
1774,-0.01619570143520832
9444,-0.0162855489179492
13,-0.016642884351313114
160,-0.01685578841716051
7136,-0.016919609159231186
838,-0.017358104698359966
873,-0.01744231954216957
4008,-0.018501739017665386
3242,-0.01852044276893139
6667,-0.019216617569327354
73,-0.01948703732341528
5434,-0.019571532495319843
8957,-0.01966536697000265
5323,-0.019679599441587925
3322,-0.01970723457634449
182,-0.020019980147480965
4082,-0.020064937882125378
4549,-0.020374747924506664
4695,-0.02042563632130623
3908,-0.020445258356630802
2790,-0.020790751092135906
5417,-0.020825764164328575
8166,-0.021224750205874443
4683,-0.02174420841038227
1253,-0.02194941882044077
2091,-0.022287646308541298
3091,-0.02260600123554468
3078,-0.022684959694743156
615,-0.022781741805374622
1008,-0.023474610410630703
178,-0.023929283022880554
4401,-0.02411852777004242
10202,-0.024156169034540653
3617,-0.0244328361004591
4489,-0.025015938095748425
5706,-0.025184519588947296
437,-0.02526800148189068
83,-0.02542345318943262
1341,-0.026366738602519035
15,-0.026382336392998695
2773,-0.026597141288220882
4093,-0.027011503465473652
9723,-0.027013855054974556
269,-0.02752102166414261
101,-0.027992969378829002
8649,-0.028177008032798767
228,-0.028236973099410534
775,-0.02852390706539154
577,-0.02861797623336315
8890,-0.02919153869152069
6069,-0.029436315409839153
5574,-0.030010245740413666
8343,-0.030034663155674934
9386,-0.03048637229949236
322,-0.031045065261423588
8308,-0.03107738122344017
1669,-0.03115447796881199
58,-0.031236786395311356
539,-0.03127698041498661
1004,-0.032660895958542824
500,-0.03402386046946049
116,-0.03440151363611221
5718,-0.034456998109817505
10014,-0.0347906369715929
6120,-0.03506183810532093
1241,-0.03625134937465191
3178,-0.03640715032815933
863,-0.03645031526684761
369,-0.036576882004737854
32,-0.03665745258331299
6885,-0.03701977804303169
866,-0.037606846541166306
1064,-0.03831685334444046
9565,-0.03833616338670254
8656,-0.03837710618972778
9205,-0.03910718485713005
6327,-0.03944674693048
469,-0.03977607749402523
4013,-0.03984297811985016
6182,-0.03986530750989914
10396,-0.039995670318603516
1969,-0.04030252806842327
8685,-0.0404114555567503
1189,-0.04044411703944206
6124,-0.04071544669568539
4978,-0.041723720729351044
1588,-0.04172823205590248
4988,-0.042112408205866814
3957,-0.0426925141364336
9934,-0.04337346740067005
3186,-0.04358028434216976
9744,-0.04437554441392422
735,-0.04454788751900196
6072,-0.04574204422533512
1619,-0.04767286404967308
10212,-0.04789425991475582
464,-0.04851385019719601
1175,-0.0502540897578001
1926,-0.0509153138846159
746,-0.05096032842993736
506,-0.05124513618648052
1344,-0.05133706144988537
1303,-0.051469214260578156
9633,-0.05202454887330532
5039,-0.053067656233906746
1120,-0.053505659103393555
8236,-0.05411606654524803
4945,-0.055914852768182755
641,-0.056566283106803894
7681,-0.05712495557963848
1023,-0.05851951241493225
6466,-0.05868247710168362
2339,-0.061250777915120125
7659,-0.06170942261815071
2419,-0.06250885501503944
2133,-0.06443379819393158
6311,-0.06583425775170326
4207,-0.06729836016893387
7724,-0.06896765157580376
3118,-0.06943324208259583
4540,-0.07055960223078728
8683,-0.07064138352870941
6118,-0.07158948108553886
7329,-0.07397624105215073
2428,-0.07425031438469887
672,-0.07808778434991837
1723,-0.08247332647442818
1016,-0.0826532281935215
971,-0.08720428869128227
4356,-0.08771315589547157
8941,-0.0914323516190052
7491,-0.09534640610218048
1644,-0.09626096859574318
1315,-0.09756720811128616
5674,-0.11019029840826988
2568,-0.11487378180027008
3685,-0.11681359633803368
1486,-0.11820890381932259
4064,-0.11838627606630325
9927,-0.1196921244263649
196,-0.12046121060848236
768,-0.12081941962242126
433,-0.12196743488311768
1490,-0.1219712644815445
8261,-0.12297703325748444
1788,-0.12485834956169128
7124,-0.13050351291894913
8169,-0.1313043162226677
1081,-0.13237314671278
171,-0.13918373733758926
1090,-0.1462644636631012
6972,-0.14690515398979187
10368,-0.16248895227909088
7310,-0.23284094035625458
2489,-0.24038056284189224
2894,-0.24425868690013885
9039,-0.24919259548187256
1299,-0.27692165970802307
