Train_ID,Score
4878,0.0001746402122080326
6988,0.00015591306146234274
7771,0.00014993581862654537
7797,0.00014976178499637172
7040,0.00014950726472306997
6128,0.0001457280814065598
10418,0.00013143666001269594
6899,0.00013062198559055105
9477,0.00012908925418742
7528,0.00012595191947184503
1706,0.00012323451664997265
8819,0.00012148042878834531
9231,0.00012037226770189591
9426,0.00011948608516831882
6921,0.00011851142335217446
227,0.00011604115570662543
7442,0.00011572494622669183
234,0.00011290901238680817
9593,0.00010888961696764454
4551,0.00010663209832273424
693,0.00010526094411034137
4838,0.00010415188808110543
43,0.00010237280366709456
51,9.837558172876015e-05
52,9.5200193754863e-05
50,9.478805077378638e-05
6792,9.478235369897448e-05
70,9.458092972636223e-05
6538,9.284780753660016e-05
282,9.183147267322056e-05
1890,9.176164894597605e-05
6064,9.164534640149213e-05
7919,9.107233199756593e-05
86,9.068402869161218e-05
6066,9.008585038827732e-05
5966,8.887464719009586e-05
2614,8.878535300027579e-05
560,8.85451227077283e-05
26,8.831278682919219e-05
74,8.825692202663049e-05
304,8.743177750147879e-05
1236,8.739056647755206e-05
8107,8.673071715747938e-05
3201,8.582459122408181e-05
5444,8.577164771850221e-05
2711,8.577050903113559e-05
5768,8.569702549721114e-05
6483,8.479709867970087e-05
7125,8.456345676677302e-05
5968,8.454611815977842e-05
715,8.415015327045694e-05
9994,8.38111991470214e-05
5609,8.366410838789307e-05
4559,8.345450623892248e-05
1994,8.344458547071554e-05
1439,8.332757352036424e-05
562,8.327484465553425e-05
1573,8.312863428727724e-05
4564,8.294494546134956e-05
1562,8.289220204460435e-05
1850,8.239883027272299e-05
85,8.21376743260771e-05
1418,8.190095468307845e-05
6414,8.095498196780682e-05
425,8.055510261328891e-05
6404,8.004789924598299e-05
7213,8.003267794265412e-05
8193,7.980369264259934e-05
1992,7.920686766738072e-05
734,7.880905104684643e-05
5618,7.835752694518305e-05
2164,7.813440606696531e-05
35,7.790148447384126e-05
6740,7.762186578474939e-05
147,7.734591781627387e-05
2347,7.71863960835617e-05
2136,7.717160042375326e-05
2497,7.705831012572162e-05
80,7.670440027141012e-05
5744,7.667719546589069e-05
3211,7.662135612918064e-05
2195,7.591637040604837e-05
375,7.522905798396096e-05
384,7.48895326978527e-05
6034,7.458910840796307e-05
1264,7.44333301554434e-05
3525,7.412822378682904e-05
604,7.404241114272736e-05
911,7.402526534860954e-05
936,7.346021084231324e-05
3470,7.344258119701408e-05
2977,7.338522118516266e-05
3474,7.320395525312051e-05
28,7.318029020098038e-05
199,7.312609886866994e-05
7768,7.297830597963184e-05
9697,7.220105908345431e-05
730,7.113322499208152e-05
1995,7.072971857269295e-05
3913,7.061424548737705e-05
8073,7.058861592668109e-05
720,7.055182140902616e-05
7123,7.024261867627501e-05
7067,7.018717951723374e-05
9810,6.996695083216764e-05
8702,6.890032454975881e-05
6385,6.88171639922075e-05
4,6.855187893961556e-05
1613,6.836003376520239e-05
1283,6.811280763940886e-05
809,6.747414954588749e-05
1005,6.724491686327383e-05
104,6.681524610030465e-05
598,6.648866838077083e-05
5206,6.601030690944754e-05
9596,6.58391545584891e-05
1646,6.548844248754904e-05
242,6.542896153405309e-05
3640,6.533600753755309e-05
236,6.512028267025016e-05
6133,6.504531484097242e-05
9371,6.475851841969416e-05
1099,6.471997039625421e-05
1832,6.438198761316016e-05
2116,6.406917236745358e-05
1036,6.363015199895017e-05
7061,6.3586459873477e-05
968,6.341846892610192e-05
4573,6.302458859863691e-05
5278,6.25807952019386e-05
6231,6.216464134922717e-05
17,6.215664143383037e-05
4259,6.188725092215464e-05
309,6.177597060741391e-05
3608,6.174520785862114e-05
1246,6.174142617965117e-05
2145,6.143956125015393e-05
456,6.131960253696889e-05
3842,6.118402961874381e-05
6453,6.081822175474372e-05
420,6.0543714425875805e-05
146,6.053278048057109e-05
6289,6.039933941792697e-05
1359,6.037485582055524e-05
640,6.026454866514541e-05
9258,6.011359982949216e-05
113,6.0056609072489664e-05
7403,5.994149069010746e-05
1084,5.990921999909915e-05
40,5.9872701967833564e-05
854,5.986265205137897e-05
2938,5.969065568933729e-05
6111,5.959436202829238e-05
1942,5.958538531558588e-05
6420,5.9466357924975455e-05
131,5.9370408052927814e-05
3843,5.933198917773552e-05
133,5.921484626014717e-05
993,5.914728535572067e-05
3417,5.91409407206811e-05
5,5.881245670025237e-05
1210,5.870867971680127e-05
150,5.814012547489256e-05
5079,5.777285696240142e-05
1025,5.7487482990836725e-05
37,5.746512943005655e-05
10054,5.743147085013334e-05
2361,5.7113938964903355e-05
6979,5.707015770894941e-05
8755,5.681707443727646e-05
374,5.664091986545827e-05
7927,5.659809539793059e-05
512,5.6227318054880016e-05
145,5.614991096081212e-05
6460,5.612613131233957e-05
7698,5.6039372793748043e-05
10127,5.568873166339472e-05
4158,5.56581489945529e-05
274,5.560862700804137e-05
4046,5.54429479961982e-05
616,5.5297025028266944e-05
6677,5.527151552087162e-05
1949,5.47603121958673e-05
6,5.4735783123760484e-05
652,5.4716638260288164e-05
7626,5.463677916850429e-05
1049,5.447188777907286e-05
810,5.413780490926001e-05
125,5.3979538279236294e-05
82,5.39659486094024e-05
3436,5.38813565071905e-05
9581,5.384580072131939e-05
1159,5.383783718571067e-05
7004,5.3696403483627364e-05
566,5.368994789023418e-05
129,5.359409442462493e-05
212,5.319781485013664e-05
9771,5.2888564823661e-05
2045,5.288139436743222e-05
1349,5.284090366330929e-05
7200,5.2813767979387194e-05
1279,5.2682951718452387e-05
1633,5.2382019930519164e-05
64,5.236606011749245e-05
9389,5.200678060646169e-05
5403,5.183265784580726e-05
195,5.1676177463377826e-05
1933,5.147688898432534e-05
189,5.1406235797912814e-05
10438,5.122297261550557e-05
3845,5.098402107250877e-05
1190,5.073241118225269e-05
7016,5.0723081585601903e-05
97,5.063134267402347e-05
6456,5.061895717517473e-05
447,5.049935498391278e-05
1162,5.0443928557797335e-05
700,5.0343012844678015e-05
3357,5.0337970606051385e-05
231,5.020427306590136e-05
422,4.997243013349362e-05
291,4.967317727277987e-05
8950,4.945289219904225e-05
164,4.928182352159638e-05
815,4.926591100229416e-05
6303,4.926331894239411e-05
7116,4.9256694182986394e-05
265,4.9066180508816615e-05
10019,4.903512308374047e-05
193,4.872279714618344e-05
658,4.8707939640735276e-05
4328,4.8687665184843354e-05
1925,4.863202047999948e-05
1988,4.8573931053397246e-05
9884,4.847749551117886e-05
10191,4.840300061914604e-05
8432,4.829948193219025e-05
95,4.81047773064347e-05
6307,4.807332697964739e-05
4345,4.799167436431162e-05
60,4.79850987176178e-05
4902,4.796520806849003e-05
6147,4.7940799049683847e-05
6148,4.7940799049683847e-05
711,4.7881152568152174e-05
1792,4.773497312271502e-05
1726,4.769095539813861e-05
1027,4.768067810800858e-05
8662,4.760608135256916e-05
7404,4.755169356940314e-05
96,4.7479763452429324e-05
1316,4.72163810627535e-05
643,4.7134619308053516e-05
2168,4.70881859655492e-05
2821,4.697192707681097e-05
771,4.696377072832547e-05
8068,4.6937317165429704e-05
5333,4.672997056331951e-05
7600,4.6726570872124285e-05
1311,4.6517738155671395e-05
9188,4.6478278818540275e-05
4336,4.609696952684317e-05
712,4.6083030611043796e-05
726,4.602247281582095e-05
2618,4.558738510240801e-05
574,4.545983028947376e-05
2074,4.537469067145139e-05
123,4.5332822992349975e-05
5095,4.5308393964660354e-05
9240,4.526140764937736e-05
9903,4.523215102381073e-05
5816,4.4999727833783254e-05
927,4.479565905057825e-05
9923,4.463118966668844e-05
10299,4.441460805537645e-05
1075,4.4335991333355196e-05
7088,4.428726970218122e-05
7566,4.428539614309557e-05
7029,4.408762288221624e-05
2750,4.405053914524615e-05
10081,4.394423922349233e-05
7926,4.39086725236848e-05
2169,4.387630724522751e-05
966,4.3871052184840664e-05
341,4.3870981244253926e-05
869,4.3856427510036156e-05
75,4.3738080421462655e-05
4755,4.352749601821415e-05
167,4.351066854724195e-05
2490,4.347161120676901e-05
4213,4.340219311416149e-05
2972,4.331864693085663e-05
9629,4.327179885876831e-05
1559,4.3173960875719786e-05
1386,4.2945848690578714e-05
4320,4.270046338206157e-05
5745,4.251967584423255e-05
5749,4.2503286749706604e-05
4732,4.244758565619122e-05
10246,4.237013672536705e-05
645,4.2357234633527696e-05
7606,4.2322863009758294e-05
896,4.232227729517035e-05
972,4.2179426600341685e-05
48,4.216817251290195e-05
5582,4.214384171064012e-05
2073,4.21333661506651e-05
2978,4.1994057028205134e-05
7337,4.1985260395449586e-05
3961,4.198399437882472e-05
4443,4.197598718747031e-05
4700,4.1853652874124236e-05
4613,4.177572736807633e-05
357,4.156612521910574e-05
709,4.148129664827138e-05
441,4.147194522374775e-05
5311,4.144875310885254e-05
2392,4.129810258746147e-05
2568,4.1294206312159076e-05
1298,4.123881080886349e-05
6563,4.122289828956127e-05
297,4.1050689105759375e-05
1571,4.104173422092572e-05
582,4.102256934856996e-05
687,4.0976899981615134e-05
90,4.087818888365291e-05
6841,4.084767533640843e-05
7615,4.072600131621584e-05
56,4.071750299772248e-05
8090,4.052615258842707e-05
7056,4.0521150367567316e-05
3830,4.0501123294234276e-05
5655,4.04770253226161e-05
965,4.044540946779307e-05
5166,4.032749893667642e-05
8517,4.0033388359006494e-05
61,4.000739681941923e-05
2443,3.986396950494964e-05
2462,3.9673233914072625e-05
2616,3.955538159061689e-05
6461,3.925939745386131e-05
163,3.925419514416717e-05
9296,3.924614611605648e-05
8936,3.917704634659458e-05
1964,3.905526864400599e-05
578,3.902887874573935e-05
4733,3.891787491738796e-05
2010,3.87786167266313e-05
10309,3.873341302096378e-05
6811,3.868441672238987e-05
977,3.862051744363271e-05
1077,3.854022725136019e-05
1609,3.83378046535654e-05
8979,3.811801434494555e-05
332,3.809289773926139e-05
9897,3.8084410334704444e-05
8615,3.804259540629573e-05
9805,3.786347224377096e-05
2598,3.7846542909392156e-05
1158,3.7783505831612274e-05
256,3.750700125237927e-05
5596,3.7471443647518754e-05
550,3.743357774510514e-05
490,3.7278734453138895e-05
5682,3.726368413481396e-05
1515,3.692972859425936e-05
5419,3.688421020342503e-05
7969,3.688299693749286e-05
10338,3.6791983802686445e-05
406,3.655780710687395e-05
1453,3.6543548048939556e-05
843,3.645411925390363e-05
3977,3.639877832029015e-05
6686,3.620698407758027e-05
570,3.617367838160135e-05
2030,3.615636160247959e-05
392,3.614260640460998e-05
6890,3.603595177992247e-05
817,3.6023237043991685e-05
4625,3.601888965931721e-05
9193,3.593089604692068e-05
8405,3.591175664041657e-05
3076,3.578734504117165e-05
591,3.5731247407966293e-05
3147,3.57197586708935e-05
1481,3.570099033822771e-05
438,3.5629271224024706e-05
7810,3.560739787644707e-05
1414,3.556615411071107e-05
6465,3.552179259713739e-05
1101,3.531532274791971e-05
2024,3.524615749483928e-05
752,3.5151291740476154e-05
904,3.514168020046782e-05
7614,3.508759073156398e-05
702,3.50228128809249e-05
6695,3.490812741802074e-05
10491,3.488421316433232e-05
334,3.485977686068509e-05
531,3.4849161238525994e-05
279,3.471892523521092e-05
9661,3.46653614542447e-05
4500,3.462891254457645e-05
2128,3.452662713243626e-05
1818,3.448872121225577e-05
1724,3.441259468672797e-05
533,3.425586146477144e-05
2022,3.4199085348518565e-05
585,3.4018974474747665e-05
1454,3.3745458495104685e-05
222,3.3732731026248075e-05
5917,3.3677824831102043e-05
1364,3.360595837875735e-05
453,3.3576006899238564e-05
8895,3.341963383718394e-05
1510,3.33876560034696e-05
1128,3.3376198189216666e-05
6765,3.334860593895428e-05
493,3.3291174986516126e-05
657,3.328938328195363e-05
3585,3.326237674627919e-05
7843,3.3184278436237946e-05
1693,3.311442014819477e-05
731,3.269913031545002e-05
1427,3.2660130273143295e-05
1540,3.265961095166858e-05
6813,3.265201848989818e-05
768,3.2630341593176126e-05
10152,3.254086732340511e-05
2038,3.249864494137e-05
1854,3.2412648579338565e-05
4802,3.237507917219773e-05
8677,3.215900142095052e-05
1618,3.2145620934898034e-05
355,3.207904410373885e-05
6398,3.2066308449429926e-05
161,3.2017313060350716e-05
1645,3.1983045118977316e-05
5882,3.19726241286844e-05
9,3.1861964089330286e-05
11,3.1861964089330286e-05
5683,3.1698535167379305e-05
787,3.169461342622526e-05
8984,3.1634544939151965e-05
717,3.159945299557876e-05
5384,3.1597496672475245e-05
3086,3.155609010718763e-05
1009,3.1474671231990214e-05
5665,3.125884541077539e-05
1302,3.088162702624686e-05
1232,3.060988638026174e-05
7948,3.057643334614113e-05
2184,3.0501621949952096e-05
1778,3.0468727345578372e-05
1140,3.0441775379586034e-05
2250,3.0336658710439224e-05
1849,3.0300358957902063e-05
831,3.01568952636444e-05
634,3.0037364922463894e-05
798,2.9977883059473243e-05
6551,2.9902906135248486e-05
1026,2.987155403388897e-05
124,2.9527149308705702e-05
1173,2.9463508326443844e-05
2801,2.93720195259084e-05
4897,2.928246158262482e-05
9983,2.9272203391883522e-05
3315,2.9123126296326518e-05
988,2.8981052309973165e-05
3175,2.8729396944982e-05
2442,2.8720473892462905e-05
4646,2.861044958990533e-05
5211,2.8560537430166733e-05
6587,2.8471453333622776e-05
5694,2.8396135348884854e-05
1734,2.8339918571873568e-05
235,2.8324393497314304e-05
382,2.821969519573031e-05
3775,2.8001139071420766e-05
1874,2.7871299607795663e-05
1827,2.7870781195815653e-05
277,2.778776342893252e-05
1011,2.7734613468055613e-05
9486,2.7676118406816386e-05
913,2.7662616957968567e-05
1692,2.7652213248074986e-05
7176,2.7177404263056815e-05
1979,2.71607759714243e-05
7140,2.7136299650010187e-05
1061,2.7105848857900128e-05
10443,2.7097491511085536e-05
266,2.7055712962464895e-05
1329,2.7020515517506283e-05
8694,2.6984382202499546e-05
725,2.691196004889207e-05
2992,2.6839416022994556e-05
7625,2.6830429305846337e-05
5595,2.6811349925992545e-05
1800,2.6493392397242133e-05
3329,2.6462024834472686e-05
2447,2.6456305022293236e-05
5698,2.6442239686730318e-05
1062,2.6441478439664934e-05
1537,2.638599744386738e-05
644,2.6335371330787893e-05
6787,2.6332765628467314e-05
5874,2.6322794838051777e-05
1881,2.632108862599125e-05
1935,2.623219188535586e-05
1603,2.6185451133642346e-05
1161,2.6141139642277267e-05
432,2.6005600375356153e-05
5931,2.599785238999175e-05
4821,2.5933604774763808e-05
5042,2.592006785562262e-05
1179,2.590718759165611e-05
3085,2.5846595235634595e-05
8138,2.578442854428431e-05
6949,2.5778394046938047e-05
2587,2.5768943487491924e-05
2182,2.5721734346006997e-05
7101,2.569596381363226e-05
1623,2.5544131858623587e-05
371,2.5398681827937253e-05
9907,2.537263117119437e-05
8684,2.5364748580614105e-05
3051,2.5225349418178666e-05
1042,2.5179697331623174e-05
5469,2.506012697267579e-05
951,2.50239672823227e-05
1260,2.4969139303721022e-05
1376,2.4897643925214652e-05
2469,2.4742367713770363e-05
1142,2.4723558453842998e-05
707,2.4720735382288694e-05
1463,2.464208591845818e-05
5221,2.461888470861595e-05
8324,2.449144176353002e-05
7748,2.4466672584821936e-05
4466,2.4406353986705653e-05
1831,2.4377151930821128e-05
10095,2.4334231966349762e-05
1293,2.4318264877365436e-05
103,2.4258199118776247e-05
8472,2.3986809537746012e-05
2216,2.3906050046207383e-05
6193,2.3867562958912458e-05
4471,2.3741786208120175e-05
10051,2.3654491997149307e-05
2503,2.3588252588524483e-05
10420,2.3580614652018994e-05
8042,2.3556049200124107e-05
1160,2.3462554963771254e-05
7146,2.337226760573685e-05
2763,2.3360850718745496e-05
4658,2.330620918655768e-05
883,2.3267528376891278e-05
6912,2.3265592062671203e-05
336,2.325553123228019e-05
7097,2.3211636289488524e-05
1892,2.31169778999174e-05
5393,2.3069209419190884e-05
3947,2.302413577126572e-05
3245,2.297947958140867e-05
8257,2.297595074196579e-05
8539,2.289271287736483e-05
4128,2.287858114868868e-05
259,2.274348480568733e-05
1754,2.2715584236721043e-05
10175,2.256210154882865e-05
1538,2.254008450108813e-05
4123,2.252923877676949e-05
7203,2.2452732991951052e-05
8015,2.2021222321200185e-05
8225,2.2007437110005412e-05
3121,2.198970742028905e-05
1820,2.1985545572533738e-05
8052,2.198377205786528e-05
398,2.1977262804284692e-05
330,2.1822772396262735e-05
9405,2.1759921764896717e-05
4589,2.1746501261077356e-05
6580,2.171709820686374e-05
1361,2.1679351448256057e-05
9956,2.1616931007883977e-05
2047,2.1482312149601057e-05
305,2.1315117919584736e-05
3964,2.1296676095516887e-05
1880,2.1074146388855297e-05
1184,2.1071273295092396e-05
3387,2.1023724912083708e-05
632,2.10188991331961e-05
4199,2.101177324220771e-05
5398,2.094966021104483e-05
9250,2.0905787096126005e-05
247,2.0862961719103623e-05
558,2.0851085537287872e-05
8230,2.083694653265411e-05
316,2.0640884031308815e-05
290,2.054488595604198e-05
3951,2.049872091447469e-05
931,2.0403981579875108e-05
8241,2.030088671745034e-05
3118,2.0281074284866918e-05
969,2.0236467207723763e-05
3496,2.0093744751648046e-05
1472,2.0080971808056347e-05
732,2.004181624215562e-05
1252,2.0010999833175447e-05
9601,1.9992535271740053e-05
6833,1.996366245293757e-05
2723,1.993620298890164e-05
4316,1.9926875211240258e-05
3930,1.9892523596354295e-05
5614,1.968212927749846e-05
1647,1.9629236703622155e-05
1088,1.9623916159616783e-05
6358,1.955403513420606e-05
5406,1.9529176825017203e-05
200,1.9437251467024907e-05
5421,1.9393415641388856e-05
2624,1.9367259483260568e-05
2300,1.9362785678822547e-05
1807,1.931677252287045e-05
4379,1.9227194570703432e-05
436,1.913820051413495e-05
5958,1.9128169697069097e-05
1278,1.9084015548287425e-05
1919,1.9022688320546877e-05
8453,1.894757224363275e-05
9718,1.8932540115201846e-05
4609,1.8882288713939488e-05
2277,1.8823672689904924e-05
8308,1.87736441148445e-05
143,1.8748813090496697e-05
2331,1.8731987438513897e-05
1516,1.8730929696175735e-05
2617,1.8722767890722025e-05
924,1.8649796402314678e-05
5686,1.862188491941197e-05
5790,1.8488747627998237e-05
2126,1.8431526768836193e-05
1395,1.8421369532006793e-05
2048,1.8386068404652178e-05
2504,1.833810529205948e-05
1477,1.8330591956328135e-05
2702,1.8289621039002668e-05
1700,1.8265823200636078e-05
2080,1.8265540347783826e-05
2916,1.821120622480521e-05
5909,1.8151552467315923e-05
3308,1.8124271264241543e-05
941,1.796996275515994e-05
3137,1.7901864339364693e-05
3272,1.789636917237658e-05
10369,1.7890086382976733e-05
6618,1.7863544599094894e-05
7243,1.779076046659611e-05
377,1.776853150659008e-05
9736,1.7767148165148683e-05
8333,1.7728830243868288e-05
2765,1.7722933989716694e-05
10069,1.7713468878355343e-05
7573,1.768924903444713e-05
6162,1.768525271472754e-05
2941,1.7644171748543158e-05
1746,1.7639808902458753e-05
9408,1.7639034012972843e-05
4516,1.752120897435816e-05
5703,1.7509914869151544e-05
9448,1.7509834833617788e-05
230,1.749902730807662e-05
3812,1.7493267478130292e-05
1923,1.740851075737737e-05
10396,1.7300750187132508e-05
10238,1.7297846170549747e-05
8770,1.728717325022444e-05
2345,1.725874244584702e-05
8079,1.7257410036108922e-05
1317,1.722026354400441e-05
8479,1.7034384654834867e-05
9515,1.7027776266331784e-05
10330,1.7007550923153758e-05
1514,1.6997633792925626e-05
1611,1.6994607904052828e-05
6691,1.692376463324763e-05
448,1.6921717360673938e-05
2261,1.6889093785721343e-05
923,1.688018619461218e-05
5273,1.6872842934390064e-05
293,1.674889244895894e-05
5029,1.6741090803407133e-05
7671,1.6689919903001282e-05
3377,1.6660809706081636e-05
1375,1.6614158084848896e-05
7224,1.6605504242761526e-05
5592,1.6576175767113455e-05
9244,1.6575673726038076e-05
9483,1.6568532373639755e-05
8515,1.655462347116554e-05
3573,1.654731340750004e-05
1428,1.648528723308118e-05
6969,1.6483365470776334e-05
5888,1.647168301133206e-05
3270,1.6454524939035764e-05
9981,1.637886771277408e-05
409,1.6287048310914543e-05
4171,1.628148038435029e-05
9643,1.6240141121670604e-05
6446,1.619575596123468e-05
561,1.6177909856196493e-05
4504,1.617041925783269e-05
10228,1.61523666974972e-05
736,1.6150019291671924e-05
5409,1.611672996659763e-05
7103,1.6055651485658018e-05
6384,1.6049734767875634e-05
223,1.6009705177566502e-05
3142,1.5967498256941326e-05
169,1.595885214555892e-05
6437,1.594676996319322e-05
3716,1.5846794667595532e-05
588,1.5784310562594328e-05
6524,1.5777115550008602e-05
3283,1.5730645827716216e-05
2917,1.5651536614313954e-05
4535,1.5624184925400186e-05
1619,1.555791868668166e-05
12,1.553718311697594e-05
4629,1.546422117826296e-05
3138,1.5447516943822848e-05
5352,1.543753069199738e-05
4558,1.5421723674080567e-05
599,1.5336190699599683e-05
4523,1.529162636870751e-05
8928,1.5282013919204473e-05
335,1.5253583569574403e-05
271,1.5193565559457056e-05
690,1.5174642157944618e-05
8513,1.5131431609916035e-05
9965,1.5129385701584397e-05
5597,1.5125705886021024e-05
8545,1.5117884686333127e-05
4650,1.5048005025164457e-05
6365,1.5040117432363331e-05
4105,1.5036980130389566e-05
1626,1.503018484072527e-05
9120,1.4941741937946063e-05
1040,1.4916074178472627e-05
2958,1.4908849152561743e-05
864,1.4898112112859963e-05
2832,1.4892653780407272e-05
3193,1.488903626523097e-05
2001,1.4878584352118196e-05
10166,1.4872388874209719e-05
2292,1.4848220416752156e-05
3684,1.4831968655926175e-05
2405,1.4783768165216316e-05
378,1.4725487744726706e-05
2109,1.4716370969836134e-05
10021,1.4701108284498332e-05
3858,1.4610929611080792e-05
6937,1.4602104329242138e-05
313,1.4498324617306935e-05
4962,1.4461965747614158e-05
2110,1.4451997230935376e-05
1326,1.4431512681767344e-05
1379,1.4424710116145434e-05
948,1.4405649835680379e-05
6475,1.4401812677533599e-05
5955,1.4370236840477446e-05
2844,1.4359310625877697e-05
5271,1.4290167200670112e-05
5132,1.428918631063425e-05
2794,1.4243588793760864e-05
2530,1.4159411875880323e-05
5287,1.4155015833239304e-05
3905,1.4055459359951783e-05
6933,1.4028922578290803e-05
1509,1.3958535419078544e-05
8540,1.3832715922035277e-05
2640,1.3821340871800203e-05
10308,1.3820055755786598e-05
1203,1.3799359749100404e-05
8818,1.3798154668620555e-05
3054,1.3766422398475697e-05
4050,1.3755566214967985e-05
1192,1.3751699498243397e-05
7390,1.373733175569214e-05
6520,1.3717799902224215e-05
840,1.3669563031726284e-05
7873,1.3657278032042086e-05
1023,1.361993463433464e-05
3485,1.3612605926027754e-05
3683,1.3583114196080714e-05
1363,1.3546642549044918e-05
919,1.3539624433178687e-05
3696,1.3487793694366701e-05
3883,1.3454532108880812e-05
1228,1.3379620213527232e-05
10015,1.3330008187040221e-05
10460,1.3322691302164458e-05
9257,1.3310800113686128e-05
559,1.3308027973835124e-05
9378,1.3300730643095449e-05
1961,1.3236372069513891e-05
1660,1.3214525552029954e-05
9828,1.3207669326220639e-05
7393,1.3178400877222884e-05
1581,1.3051967926003272e-05
1201,1.3050103916611988e-05
8851,1.3045962532487465e-05
6511,1.2999597402085783e-05
8474,1.298170263908105e-05
6498,1.2915842489746865e-05
1469,1.2897668966616038e-05
5337,1.2872893876192393e-05
8840,1.2843150216212962e-05
5819,1.2812232853320893e-05
2313,1.2785724720743019e-05
5040,1.2773216894856887e-05
5286,1.2763084669131786e-05
7260,1.2753657301800558e-05
9384,1.2703691481874557e-05
2425,1.26788081615814e-05
2757,1.2655612408707384e-05
6539,1.2649034488276811e-05
633,1.2642694400710752e-05
175,1.2579218946484616e-05
1584,1.2564285952976206e-05
9016,1.2545931440399727e-05
3116,1.2543569027911872e-05
2983,1.2526440514193382e-05
6512,1.2417327980074333e-05
2653,1.2374684501992306e-05
3322,1.2373677236610092e-05
3889,1.2329008313827217e-05
4836,1.2321456779318396e-05
2204,1.2320313089730917e-05
5437,1.2307793440413661e-05
1266,1.228383598572691e-05
3676,1.2231343134772032e-05
4531,1.21846182992158e-05
4577,1.2128702110203449e-05
10115,1.2063836948073003e-05
4542,1.2040529327350669e-05
10117,1.2025482192257186e-05
7267,1.2000867627648404e-05
267,1.1934073882002849e-05
6693,1.1919138614757685e-05
7849,1.1910258308489574e-05
249,1.1869537502207095e-05
9715,1.1812948287115432e-05
4016,1.1782146430050489e-05
7418,1.1774766790040303e-05
10124,1.1728959179890808e-05
10386,1.1708192687365226e-05
9348,1.168259632322588e-05
208,1.1647273822745774e-05
7766,1.164598415925866e-05
1346,1.1631887900875881e-05
5522,1.1624789294728544e-05
3219,1.1604819519561715e-05
10452,1.1563888620003127e-05
7438,1.153051016444806e-05
3120,1.151495644080569e-05
10411,1.1484109563753009e-05
483,1.1407615147618344e-05
5089,1.1373733741493197e-05
5560,1.1365067621227354e-05
3958,1.1310851732559968e-05
3637,1.1262201951467432e-05
7647,1.124888876802288e-05
7727,1.1230276413698448e-05
4008,1.1221148270124104e-05
4027,1.11732842924539e-05
5379,1.1168585842824541e-05
5939,1.1157988865306834e-05
1804,1.1134202850371366e-05
110,1.1132628060295247e-05
1914,1.11312192530022e-05
2499,1.1087731309089577e-05
9299,1.1085356618423248e-05
933,1.107873549699434e-05
6338,1.1060915312555153e-05
8608,1.1039781838917406e-05
1476,1.0990345344907837e-05
2533,1.0963723525492242e-05
2065,1.0940210813714657e-05
7788,1.0937150818790542e-05
1327,1.0922764886345249e-05
4718,1.085965777747333e-05
9229,1.085527674149489e-05
1650,1.0811399079102557e-05
337,1.0745597592176637e-05
2562,1.0702514373406302e-05
3250,1.0684349490475142e-05
1899,1.06647826214612e-05
5812,1.0632468274707207e-05
5681,1.0624537026160397e-05
4515,1.0619864951877389e-05
9928,1.0598862445476698e-05
1884,1.0570234735496342e-05
1218,1.0553750598774059e-05
8038,1.0529166047490435e-05
4012,1.052832203640719e-05
1255,1.0515509529795963e-05
2549,1.0507571005291538e-05
5904,1.042054282152094e-05
5173,1.0386146641394589e-05
1331,1.0379949344496708e-05
2713,1.0261605893902015e-05
3832,1.0260179806209635e-05
9048,1.0223258868791163e-05
8293,1.019000501401024e-05
7576,1.015826182992896e-05
2919,1.01456625998253e-05
2472,1.007852779366658e-05
6411,1.0049688626168063e-05
2176,1.0013304745370988e-05
1085,9.98983614408644e-06
5615,9.965414392354432e-06
9941,9.964010132534895e-06
3670,9.948282240657136e-06
2200,9.913830581353977e-06
642,9.852343737293268e-06
1838,9.851296908891527e-06
1563,9.83952031674562e-06
9831,9.77425224846229e-06
3601,9.743125701788813e-06
1387,9.725265044835396e-06
2344,9.628688530938234e-06
3418,9.6210278570652e-06
8208,9.617650903237518e-06
2215,9.610117103875382e-06
5497,9.602411864761962e-06
8880,9.565515938447788e-06
3817,9.56293615672621e-06
6180,9.545695775159402e-06
3195,9.49974082686822e-06
7631,9.491062428423902e-06
4217,9.47459466260625e-06
10070,9.3678154371446e-06
10359,9.350114396511344e-06
8663,9.323987796960864e-06
399,9.313811915490078e-06
6264,9.299744306190405e-06
10370,9.262866115022916e-06
741,9.244577086064965e-06
6388,9.243807653547265e-06
5235,9.23512561712414e-06
10326,9.19164995138999e-06
8942,9.154433882940793e-06
7660,9.141849659499712e-06
8315,9.134642823482864e-06
1944,9.093127118831035e-06
10398,9.080049039766891e-06
9693,9.077168670046376e-06
5502,9.031080935528735e-06
302,9.016910553327762e-06
6881,9.012496320792707e-06
2566,8.998320481623523e-06
3205,8.960177638073219e-06
8329,8.959011211118195e-06
10260,8.951425115810707e-06
7167,8.93593460205011e-06
7400,8.908200015866896e-06
2693,8.824182259559166e-06
847,8.78030368767213e-06
6883,8.758279818721348e-06
8104,8.752024314162554e-06
3203,8.752004760026466e-06
7008,8.747831543587381e-06
4712,8.688270099810325e-06
8330,8.673833235661732e-06
1517,8.646929472888587e-06
8973,8.643931323604193e-06
2569,8.509704912285088e-06
2575,8.508729479217436e-06
774,8.48911986395251e-06
4453,8.471512501273537e-06
4834,8.467289262625854e-06
443,8.441092631983338e-06
2581,8.422327482549008e-06
3003,8.382293344766367e-06
8797,8.377316589758266e-06
4506,8.374249773623887e-06
4143,8.355611498700455e-06
5397,8.34474394650897e-06
7728,8.342821729456773e-06
6617,8.335260645253584e-06
2323,8.333795904036378e-06
8172,8.29618466013926e-06
1401,8.280043402919546e-06
5823,8.223614258895395e-06
1631,8.221812549891183e-06
1402,8.210549367504427e-06
8376,8.205804078897927e-06
1940,8.1951711763395e-06
8161,8.159972821886186e-06
397,8.157865522662178e-06
4964,8.157042884704424e-06
1164,8.057703325903276e-06
1123,8.055573744059075e-06
4423,8.0160352808889e-06
6087,8.01490114099579e-06
2167,7.964667020132765e-06
2636,7.95539972386905e-06
5759,7.948888196551707e-06
3363,7.94169818618684e-06
536,7.891317864050507e-06
505,7.890166671131738e-06
7332,7.873699814808788e-06
2451,7.867967269703513e-06
3148,7.848299446777673e-06
2224,7.817841151336324e-06
3065,7.731868663540808e-06
3334,7.72546468397195e-06
6620,7.722483132965863e-06
1237,7.716026857451652e-06
9821,7.701888762312592e-06
4272,7.67471442486567e-06
134,7.591316489197197e-06
3165,7.533917823820957e-06
157,7.506534757339978e-06
4814,7.506431984438677e-06
3731,7.498033255615155e-06
8777,7.455651484633563e-06
2837,7.4149500051134964e-06
6360,7.380086117336759e-06
1403,7.364903467532713e-06
4389,7.339366220548982e-06
224,7.283571676452993e-06
5720,7.281415719262441e-06
2909,7.23241441846767e-06
1468,7.1940462476050016e-06
3823,7.084392336764722e-06
6153,6.982278819123167e-06
6415,6.979511908866698e-06
3183,6.959614438528661e-06
9139,6.9569518927892204e-06
5428,6.9559125677187694e-06
4018,6.942715117475018e-06
9189,6.864454235255835e-06
155,6.856065056126681e-06
4097,6.835704425611766e-06
4098,6.82692416376085e-06
4820,6.816392669861671e-06
1407,6.808495072618825e-06
275,6.80047173773346e-06
1256,6.758139306839439e-06
6151,6.723269962094491e-06
3567,6.7107685026712716e-06
2864,6.706874955852982e-06
7529,6.696570153508219e-06
3918,6.605356247746386e-06
5924,6.59961574456247e-06
1815,6.59718921269814e-06
4115,6.5937153976847185e-06
5296,6.547262501044315e-06
7396,6.54571840641438e-06
6301,6.514835149573628e-06
179,6.509388867925736e-06
1667,6.505815008495119e-06
2355,6.497794629467535e-06
2358,6.471754659287399e-06
8040,6.445419103329186e-06
5847,6.435752311517717e-06
1548,6.426861546060536e-06
1270,6.41252313471341e-06
1987,6.408315357475658e-06
8574,6.396598791980068e-06
246,6.395529453584459e-06
10293,6.3947732087399345e-06
6048,6.394173624357791e-06
5051,6.357920710797771e-06
1855,6.310852540991618e-06
6707,6.309154287009733e-06
180,6.288701115408912e-06
2804,6.284557912294986e-06
8978,6.264360308705363e-06
1342,6.261454700506874e-06
9350,6.260505642785574e-06
7183,6.255877678995603e-06
2845,6.2328429066838e-06
10060,6.2274511947180144e-06
6392,6.2181184148357715e-06
3511,6.215525900188368e-06
225,6.2094668464851566e-06
7117,6.208944341778988e-06
8340,6.1784842273482354e-06
8403,6.171049790282268e-06
4815,6.163292255223496e-06
1675,6.153854883450549e-06
2089,6.14939744991716e-06
10407,6.139284778328147e-06
8239,6.13625479672919e-06
7194,6.124970923337969e-06
6876,6.121493925093091e-06
1552,6.117950761108659e-06
2260,6.103711257310351e-06
555,6.0656623190880055e-06
4024,6.052259550415329e-06
8181,6.008695436321432e-06
9450,6.001508154440671e-06
4763,5.975337444397155e-06
2915,5.967036486254074e-06
2662,5.965897116766428e-06
4766,5.957623670838075e-06
7898,5.943447831668891e-06
477,5.937175501458114e-06
5666,5.902970542592811e-06
4085,5.888349051019759e-06
905,5.884155825697235e-06
7569,5.867567779205274e-06
3738,5.866010724275839e-06
2180,5.864680133527145e-06
2518,5.855735025761533e-06
4090,5.83909218221379e-06
347,5.832909891978488e-06
3672,5.828634357385454e-06
1284,5.826632332173176e-06
8004,5.814061069031595e-06
3012,5.777192427558475e-06
3971,5.775383442596649e-06
3529,5.773204520664876e-06
1989,5.767789843957871e-06
3173,5.742995881519164e-06
2130,5.740574579249369e-06
6053,5.72580620428198e-06
3741,5.723532012780197e-06
3543,5.716784016840393e-06
3169,5.688996679964475e-06
900,5.670006430591457e-06
5389,5.669299525834504e-06
8561,5.668719495588448e-06
4277,5.662448756993399e-06
10421,5.661763907482964e-06
63,5.653065727528883e-06
9049,5.6333112752327e-06
68,5.59726345272793e-06
6218,5.592960633293842e-06
295,5.5543871440022485e-06
8159,5.54144503439602e-06
3468,5.533830290005426e-06
791,5.521120783669176e-06
3903,5.490619287229492e-06
1109,5.485474503075238e-06
8580,5.4714150792278815e-06
8504,5.449850277727819e-06
10455,5.448748879643972e-06
1417,5.432574198493967e-06
3803,5.400266672950238e-06
1105,5.323141067492543e-06
1543,5.307486162564601e-06
2987,5.294585434967303e-06
6672,5.2916905133315595e-06
2638,5.287758767735795e-06
563,5.267156211630208e-06
7633,5.257385055301711e-06
7896,5.237880259301164e-06
1907,5.224847200224758e-06
2507,5.2218376822565915e-06
3687,5.195381163503043e-06
1708,5.1684066875168355e-06
9179,5.145710247234092e-06
1457,5.142080453879316e-06
2727,5.118882427268545e-06
899,5.105596528665046e-06
1400,5.057307589595439e-06
4245,5.0547896535135806e-06
5537,5.052412006989471e-06
1718,5.03944852425775e-06
2396,5.018213187213405e-06
1674,4.998988288207329e-06
794,4.986908606952056e-06
3252,4.986180556443287e-06
6776,4.932483079755912e-06
4580,4.922306743537774e-06
2399,4.857178510064841e-06
5052,4.852247684539179e-06
7800,4.831781780012534e-06
6357,4.8210415570792975e-06
7854,4.804062427865574e-06
2483,4.77868002235482e-06
723,4.7750463636475615e-06
4442,4.754537712869933e-06
4877,4.736557684736908e-06
6496,4.734251206173212e-06
1707,4.716786634162418e-06
6800,4.708687356469454e-06
1126,4.706673053078703e-06
1809,4.6943976030888734e-06
8349,4.692167294706451e-06
9743,4.6816544454486575e-06
2245,4.6278710215119645e-06
5341,4.624312850864953e-06
2716,4.604109108186094e-06
8969,4.594141273628338e-06
4933,4.575531420414336e-06
2875,4.5642746044904925e-06
1606,4.560532033792697e-06
916,4.55129475085414e-06
2802,4.543169552562176e-06
4119,4.530871137831127e-06
1070,4.5264866912475554e-06
4281,4.5061374294164125e-06
3304,4.4979824451729655e-06
7887,4.4884202452522e-06
5754,4.455357839106e-06
10440,4.4551538849191274e-06
990,4.438491032487946e-06
9070,4.437403504198301e-06
5695,4.428342208484537e-06
2226,4.427703743203892e-06
9966,4.424923872647923e-06
5760,4.424197868502233e-06
1001,4.400241778057534e-06
1305,4.386454520499683e-06
9106,4.3769280182459624e-06
2231,4.376576725917403e-06
2629,4.368248937680619e-06
2012,4.367645715319668e-06
3689,4.359414333521272e-06
2494,4.357978014013497e-06
9402,4.335224048190867e-06
9877,4.33431773672055e-06
8413,4.316803824622184e-06
5091,4.316494823797257e-06
7181,4.311252041588887e-06
4398,4.309103815103299e-06
1272,4.29847500527103e-06
6312,4.25992379859963e-06
8192,4.245836862537544e-06
191,4.23807045990543e-06
5805,4.228699708619388e-06
2859,4.219150923745474e-06
6381,4.216792831357452e-06
5157,4.216629122311133e-06
2506,4.212395879221731e-06
7378,4.202085392535082e-06
2873,4.19429693465645e-06
3197,4.189383844277472e-06
7584,4.183659257250838e-06
9908,4.175661160843447e-06
1585,4.146991386733134e-06
5717,4.1309299376735e-06
5517,4.117862545172102e-06
10488,4.084354486622033e-06
10442,4.060653282067506e-06
2432,4.0440195334667806e-06
10035,4.037005510326708e-06
1981,4.036737891510711e-06
4127,4.02135538024595e-06
4571,4.01518900616793e-06
8245,4.0147149320546305e-06
5149,4.011060354969231e-06
4947,4.009331178167486e-06
5930,4.007166353403591e-06
4137,3.996986833953997e-06
5938,3.985281864515855e-06
4298,3.979598659498151e-06
10439,3.978223503509071e-06
2137,3.966216127082589e-06
4750,3.93571940549009e-06
320,3.92865786125185e-06
2967,3.91615242278931e-06
5642,3.912109832526767e-06
1473,3.908103963112808e-06
1426,3.88817807106534e-06
5130,3.881599468513741e-06
9564,3.8671520314892405e-06
10279,3.863522806568653e-06
5589,3.8557683410545e-06
10203,3.82312953206565e-06
6696,3.817331275968172e-06
3043,3.771142587538634e-06
6106,3.7660188354493584e-06
2882,3.7623278785758885e-06
9577,3.7616671306750504e-06
9430,3.7559992733804393e-06
7820,3.749114853235369e-06
8816,3.733730295607529e-06
10185,3.730035700755252e-06
4430,3.7211573271633824e-06
4429,3.7211573271633824e-06
8820,3.7107020034454763e-06
9772,3.7088490216774517e-06
10433,3.7003976558480645e-06
8842,3.686519903567387e-06
5294,3.6817473301198334e-06
9705,3.6756040344698704e-06
10304,3.674597451208683e-06
10082,3.6625802977141575e-06
5396,3.6508437233351287e-06
10310,3.6464007280301303e-06
4151,3.6318397178547457e-06
5189,3.60652074959944e-06
3466,3.596268811634218e-06
3143,3.5741240935749374e-06
1144,3.571671072677418e-06
184,3.5597204259829596e-06
818,3.54962503479328e-06
1801,3.5451869280223036e-06
8923,3.536974645612645e-06
739,3.536066060405574e-06
4286,3.5356687249077368e-06
7912,3.5338975976628717e-06
7726,3.530454364408797e-06
1258,3.5274651963845827e-06
956,3.527195985952858e-06
44,3.518902531141066e-06
3729,3.5105583719996503e-06
4292,3.506587859192223e-06
3152,3.503773655211262e-06
9727,3.5019932056457037e-06
8428,3.4962374684255337e-06
10109,3.4935909525302122e-06
3114,3.4818360745703103e-06
4888,3.471908485153108e-06
8873,3.460607672423066e-06
1098,3.4521752922955784e-06
3860,3.4385287790428265e-06
3390,3.419719405428623e-06
5370,3.4179395242972532e-06
3200,3.4149912835346186e-06
1485,3.3926495461855666e-06
4660,3.391384211681725e-06
4956,3.3835209478638717e-06
856,3.3438627724535763e-06
1370,3.336615350235661e-06
8599,3.334976099722553e-06
6297,3.326948217363679e-06
8178,3.3154797165479977e-06
8455,3.285257662355434e-06
1058,3.2704508612368954e-06
2299,3.262744940002449e-06
4493,3.2622087928757537e-06
1912,3.2472262319060974e-06
1489,3.220538587811461e-06
6886,3.21592108321056e-06
3740,3.212909632566152e-06
3517,3.1885188036540058e-06
5934,3.1874961905487e-06
4302,3.1738192092234385e-06
1096,3.153262809973967e-06
3068,3.142047262372216e-06
6867,3.1397429438584368e-06
8173,3.137800604235963e-06
7952,3.1321491178459837e-06
2741,3.1265751658793306e-06
7345,3.12385975576035e-06
5499,3.1180421729004593e-06
3447,3.116388825219474e-06
718,3.108680630248273e-06
3654,3.1059763614393887e-06
1600,3.099585910604219e-06
8448,3.0962985420046607e-06
10350,3.0927106990930042e-06
2319,3.0834697781756404e-06
7309,3.076648681599181e-06
4420,3.0755558100281633e-06
9017,3.069502554353676e-06
5151,3.0694839097122895e-06
5472,3.069384774789796e-06
3660,3.0673157880301005e-06
4190,3.0253692102633067e-06
3703,3.0231216214815504e-06
8814,3.0152749559420045e-06
2051,3.0140636226860806e-06
6574,3.0069115837250138e-06
6903,3.003098868248344e-06
3015,3.0026375270608696e-06
2831,2.9940183594590053e-06
1466,2.9911539058957715e-06
7047,2.9894982844780316e-06
7627,2.9864406769775087e-06
4202,2.98114093766344e-06
4942,2.9745409619863494e-06
8882,2.9723753414145904e-06
3238,2.970709715555131e-06
7758,2.9702925985475304e-06
1735,2.9598788842122303e-06
3544,2.9416507913992973e-06
8398,2.9318649694687338e-06
3037,2.9301722861418966e-06
5493,2.920568704212201e-06
5935,2.9188443022576394e-06
2340,2.9180245064708288e-06
4874,2.8991402132305666e-06
1150,2.8981927471249946e-06
4311,2.868101432795811e-06
2406,2.8553389483931824e-06
10135,2.8526146707008593e-06
8199,2.852070792869199e-06
8855,2.8475211593104177e-06
1276,2.8423667117749574e-06
8993,2.8387953534547705e-06
8263,2.8366432616167003e-06
5327,2.8322510843281634e-06
6359,2.8142076189396903e-06
5473,2.8132277520853677e-06
3872,2.813145215441182e-06
10316,2.7927328574151034e-06
3673,2.7838655114464927e-06
5814,2.768592707980133e-06
2714,2.763889824564103e-06
1308,2.761685436780681e-06
3190,2.7592344622462406e-06
9513,2.7440830763225676e-06
2090,2.7424255222285865e-06
1930,2.7419403068051906e-06
2056,2.7167000098415883e-06
1319,2.7148402068633004e-06
5127,2.711771344365843e-06
7538,2.7087539820058737e-06
3919,2.703327709241421e-06
3268,2.695935222618573e-06
2058,2.6948920321956393e-06
8741,2.6900554530584486e-06
4195,2.6753281190394773e-06
2228,2.6667532893043244e-06
10410,2.6658174192562e-06
1022,2.664713633748761e-06
9717,2.6378277198091382e-06
5658,2.6359791718277847e-06
3444,2.6184459329670062e-06
8646,2.614395725686336e-06
4319,2.606034854579775e-06
553,2.6059537958644796e-06
989,2.6008164013546775e-06
4829,2.5925916133928695e-06
3087,2.5763523581190384e-06
6654,2.5708496877996367e-06
9797,2.558743176450662e-06
8565,2.5442645892326254e-06
2000,2.5279019837398664e-06
6146,2.516553308851144e-06
8761,2.5123401883320184e-06
796,2.511466504984128e-06
912,2.4936369982242468e-06
8868,2.4890313170544687e-06
7401,2.470724211889319e-06
4102,2.4547284738218877e-06
7406,2.4534518843211117e-06
2679,2.437295734125655e-06
6736,2.436842009956308e-06
8223,2.43490637785726e-06
2042,2.4335106445505517e-06
8943,2.431161078675359e-06
8951,2.409740659459203e-06
8302,2.4081579113044427e-06
7212,2.407516262792342e-06
2066,2.399716890977288e-06
7947,2.389903215771483e-06
3327,2.3777074602548964e-06
8738,2.374647692704457e-06
8359,2.371591335759149e-06
596,2.365374143664667e-06
3657,2.3637367121409625e-06
9849,2.362758436902368e-06
6345,2.3593012201672536e-06
2322,2.3336177719102125e-06
8627,2.33050127462775e-06
220,2.314460402885743e-06
8061,2.3130006638893974e-06
8633,2.3046917476676754e-06
10086,2.292989734087314e-06
210,2.2922927200852428e-06
788,2.2861676143293153e-06
5532,2.2839968778498587e-06
8406,2.279133695992641e-06
5246,2.271042035317805e-06
5192,2.270085587952053e-06
6522,2.2685201201966265e-06
7915,2.2572847910851124e-06
6104,2.2492566813525627e-06
2730,2.2404256014851853e-06
8549,2.237234298263502e-06
7742,2.2316862668958493e-06
1542,2.22917037717707e-06
7312,2.226325591436762e-06
1782,2.226197352683812e-06
4955,2.221720251327497e-06
2119,2.221115437350818e-06
1945,2.2147878553369083e-06
4140,2.1980094970786013e-06
7522,2.1969133285892894e-06
6419,2.1945519392829738e-06
556,2.1931990659140865e-06
8386,2.171427240682533e-06
9160,2.1495418423000956e-06
7234,2.149386091332417e-06
3614,2.1474812683663913e-06
892,2.146878273379116e-06
10201,2.146032443306467e-06
9802,2.145099642802961e-06
6060,2.1409757664514473e-06
7602,2.1375811911639175e-06
2902,2.1308759414750966e-06
7461,2.1306345843186136e-06
9484,2.1294822545314673e-06
2459,2.127468178514391e-06
9001,2.1249437622827827e-06
5602,2.120400836247427e-06
6794,2.1163845076443977e-06
10190,2.115192728524562e-06
7276,2.1147857296455186e-06
8920,2.1104467577970354e-06
1771,2.1083170622659964e-06
2368,2.1051581597930635e-06
7247,2.1020482563471887e-06
5673,2.0949760255462024e-06
7506,2.090133193632937e-06
1063,2.0797945126105333e-06
5947,2.079307364510896e-06
2296,2.0703599830085295e-06
3819,2.069717879749078e-06
532,2.067385594273219e-06
9018,2.0596368131009513e-06
2534,2.048078954430821e-06
10481,2.048070314231154e-06
2067,2.045890823865193e-06
660,2.0456868696783204e-06
1917,2.0365308728287346e-06
4724,2.0335843373686657e-06
1056,2.032416318797914e-06
4561,2.031205781349854e-06
9374,2.022245439547987e-06
2516,2.0098300410609227e-06
3305,2.0056605762874824e-06
1060,1.992529291783285e-06
4857,1.9902029180229874e-06
8157,1.9883153754562954e-06
8431,1.978182467610168e-06
3931,1.9735392697839416e-06
1165,1.9713635310836253e-06
5950,1.966834304312215e-06
1518,1.9486955125103123e-06
1289,1.944417817867361e-06
6324,1.943343818311405e-06
6961,1.942060634974041e-06
7399,1.939355172453361e-06
5979,1.936253909207153e-06
6448,1.932219845457439e-06
10335,1.9248051899012353e-06
6092,1.9181251218469697e-06
955,1.9171674807694217e-06
7697,1.9113908820145298e-06
2460,1.9090280716227426e-06
2997,1.9087059968114772e-06
5948,1.882464289337804e-06
55,1.881572018191946e-06
8300,1.8805876607075334e-06
991,1.8792615037455107e-06
9488,1.8752455162029946e-06
8368,1.8751172206066258e-06
5716,1.8608944856168819e-06
1808,1.8586387682262284e-06
2708,1.8534780110712745e-06
4591,1.8485162627257523e-06
2676,1.84818804882525e-06
8673,1.8474384546607325e-06
2291,1.8452012682246277e-06
3061,1.8327248767491255e-06
1924,1.8319349806006358e-06
6203,1.8237446397506574e-06
8623,1.823583090754255e-06
7513,1.8230238083560835e-06
5484,1.8203153331342037e-06
4065,1.8161700836571981e-06
1091,1.8096203575623804e-06
4966,1.8078988546221808e-06
1261,1.8046612808575446e-06
421,1.7999416854763695e-06
3022,1.7979136828216724e-06
8937,1.7925352153724816e-06
8769,1.7794546920413268e-06
974,1.7765721622708952e-06
8310,1.769751008851017e-06
3274,1.7647874415160913e-06
6061,1.758967698606284e-06
8986,1.7546803974255454e-06
2018,1.7459342984693649e-06
9739,1.7444880882067082e-06
7702,1.7355023373966105e-06
2163,1.7345678884339577e-06
177,1.7335935353912646e-06
9973,1.7241027308045886e-06
7019,1.7202818298756029e-06
3904,1.7181706084556936e-06
986,1.7177272297885793e-06
3154,1.7120988218266575e-06
53,1.7105069218814606e-06
183,1.7078074847631797e-06
7734,1.6893723682187556e-06
882,1.6892890926101245e-06
2381,1.6877342545740248e-06
7028,1.684968253812258e-06
4357,1.6849068629198882e-06
3674,1.6844293213580386e-06
7030,1.6766978774285235e-06
2265,1.6720948678994318e-06
294,1.6705167240615992e-06
4872,1.667990602527425e-06
4539,1.6593980376455875e-06
7114,1.654992615840456e-06
1990,1.6537281339878973e-06
9441,1.652632192872261e-06
2907,1.649053956498392e-06
7652,1.6489749441461754e-06
2388,1.6476444670843193e-06
9476,1.6442941159766633e-06
1977,1.644168094117049e-06
1322,1.6409539966844022e-06
8168,1.6396698470089177e-06
10346,1.6347979112651956e-06
9453,1.6272653056148556e-06
1019,1.6271237086584733e-06
1593,1.620656689738098e-06
4509,1.6176559824998549e-06
9462,1.616382974134467e-06
1629,1.6151838053701795e-06
4852,1.6042880588429398e-06
4984,1.6011159686968313e-06
1954,1.5896920899649558e-06
9762,1.5844005361032032e-06
3049,1.5829065773687034e-06
4296,1.5796882166796422e-06
799,1.5796290426806081e-06
6909,1.577668058416748e-06
8328,1.5772721440043824e-06
1467,1.573796623688395e-06
9606,1.5729690971966193e-06
10423,1.5677954934290028e-06
158,1.5674301607759844e-06
2772,1.5638049717381364e-06
3870,1.5568120943498798e-06
4020,1.5542990468020434e-06
2613,1.5541744460279006e-06
7834,1.5429357631546736e-06
9506,1.5339930996560724e-06
1332,1.5336131582444068e-06
3766,1.5242277413562988e-06
7794,1.5199919971564668e-06
7883,1.5192624687188072e-06
9275,1.5079972399689723e-06
5762,1.5061781937220076e-06
1365,1.5014900895948813e-06
5657,1.5011445384516264e-06
9433,1.499785582836921e-06
1243,1.4880178582643566e-06
2456,1.4874955809318635e-06
7958,1.4866005244584812e-06
747,1.4859967336633417e-06
2297,1.4819245279795723e-06
8299,1.4766666822652041e-06
2225,1.4758844599782606e-06
9977,1.474717521432467e-06
6542,1.4715732277181814e-06
2335,1.4714865983478376e-06
1950,1.46957438573736e-06
1185,1.4673584018964902e-06
2351,1.4594871231565776e-06
833,1.4594727986150247e-06
10409,1.4525055576086743e-06
6393,1.442416987629258e-06
5818,1.4345102954393951e-06
3893,1.4322948231892951e-06
1028,1.422103309778322e-06
9874,1.4186045973474393e-06
7005,1.411593245848053e-06
7395,1.4106495882515446e-06
627,1.4023917174199596e-06
625,1.4000582950757234e-06
3383,1.398836616317567e-06
7737,1.3959716511635634e-06
4967,1.3942242844677821e-06
174,1.3917500609750277e-06
4632,1.3792798654321814e-06
3895,1.3746018225901935e-06
8981,1.3714135889131285e-06
8260,1.3701732086701668e-06
6093,1.3696525797968206e-06
8917,1.3646023262481322e-06
5969,1.3644797718370683e-06
6259,1.3634119113703491e-06
6171,1.3616523233395128e-06
1673,1.3608981248580676e-06
2243,1.3592203913503909e-06
1805,1.3591352967523562e-06
5557,1.356461723389657e-06
776,1.3507837479664886e-06
8402,1.3472938462655293e-06
4156,1.3410437418315269e-06
2247,1.333542968495749e-06
8018,1.3282265740599541e-06
3737,1.326286792391329e-06
159,1.3249205039755907e-06
1545,1.3202923696553626e-06
4532,1.3172074773137865e-06
7682,1.3166460348656983e-06
7635,1.3163370908841898e-06
1825,1.3108734719935455e-06
338,1.3098540421196958e-06
7316,1.3066597261968127e-06
4543,1.3040763064964267e-06
10207,1.301759425587079e-06
2806,1.3006005019633449e-06
8845,1.2999698242310842e-06
705,1.2897985470772255e-06
6336,1.2894033716293052e-06
2622,1.2880719282293285e-06
4394,1.2841000511798484e-06
4832,1.2835590155191312e-06
7618,1.2784103660123947e-06
7334,1.2757041645272693e-06
1632,1.2751666531585215e-06
4397,1.2713184105450637e-06
9775,1.267845846086857e-06
857,1.267803327209549e-06
5172,1.263854301214451e-06
825,1.2617175002560543e-06
2940,1.259032558209583e-06
9354,1.2545743857117486e-06
7066,1.244252814558422e-06
2943,1.2418906294442422e-06
8846,1.2399706861287996e-06
9093,1.2393492738738132e-06
8435,1.2378879432617396e-06
656,1.2377656162243511e-06
6340,1.236868058640539e-06
10307,1.2343386401880707e-06
3105,1.2312267472225358e-06
6948,1.2286034234421095e-06
6346,1.2275677363504656e-06
7986,1.2244382787685026e-06
115,1.218895590682223e-06
8288,1.2173809977866767e-06
4226,1.2160222695456469e-06
10052,1.2154633850514074e-06
4368,1.2143443655077135e-06
8728,1.21324927704336e-06
4000,1.209292065595946e-06
6644,1.2091956023141393e-06
5243,1.1993918178632157e-06
6482,1.1954306273764814e-06
932,1.194368223877973e-06
6965,1.1900049230462173e-06
6196,1.1890701330230513e-06
4173,1.1856636206175608e-06
4088,1.1842587923638348e-06
3273,1.1776504038607527e-06
1817,1.1769358820856723e-06
790,1.169511619991681e-06
2470,1.1690507335515576e-06
2332,1.164531454378448e-06
8433,1.159024407115794e-06
2648,1.155352265413967e-06
6559,1.1549702207958035e-06
793,1.1477815178295714e-06
7814,1.1468006846371281e-06
1411,1.1433406825744896e-06
7366,1.1426131436564901e-06
1242,1.142150949817733e-06
6788,1.1419294878578512e-06
6797,1.1383630749151052e-06
8837,1.137034303155815e-06
557,1.1333729048601526e-06
6108,1.1312583865219494e-06
1307,1.1300900837341032e-06
4663,1.1294757769064745e-06
9726,1.1294085311419622e-06
4940,1.1248979490119382e-06
2949,1.1151564081046672e-06
4941,1.114761175813328e-06
6690,1.11306104599862e-06
5525,1.109276581701124e-06
2262,1.1085866731264105e-06
4948,1.1083881190643297e-06
9623,1.0953526157209126e-06
5284,1.0935006002910086e-06
5587,1.0907409091487352e-06
5016,1.0905820886364381e-06
8669,1.0886322456826747e-06
8809,1.0882487231356208e-06
2858,1.0851848628590233e-06
9233,1.078395200693194e-06
7251,1.078175500879297e-06
6113,1.0757804034255969e-06
5088,1.0755439916465548e-06
5011,1.073717612598557e-06
3975,1.0690580438676989e-06
9241,1.0685591291803576e-06
6212,1.0609469427436125e-06
2520,1.0588461805127736e-06
9842,1.0557184282333765e-06
2929,1.0487282793292252e-06
363,1.0481910521775717e-06
7683,1.0421363185741939e-06
8114,1.04164251979455e-06
9852,1.0410807362859487e-06
7661,1.0404841077615856e-06
8730,1.0314138876310608e-06
6513,1.0290785894540022e-06
8284,1.0261463785354863e-06
2866,1.022577635012567e-06
6051,1.021895286612562e-06
7482,1.0168257063014607e-06
6875,1.0101546195073752e-06
280,1.0080313472826674e-06
8347,1.004216812816594e-06
6708,9.998114478548814e-07
2819,9.99040992155642e-07
979,9.972040402317361e-07
9136,9.961779596778797e-07
5087,9.960045304069354e-07
5533,9.944048429133545e-07
1689,9.916831231748802e-07
7268,9.90716955584503e-07
983,9.827236340242962e-07
4795,9.817772479436826e-07
9143,9.81696643975738e-07
488,9.794540574148414e-07
10249,9.781950325304933e-07
5858,9.762838715232647e-07
9221,9.724564336011099e-07
8739,9.713126587485021e-07
6450,9.69008226547885e-07
10256,9.680736070549756e-07
6055,9.656085637743672e-07
7450,9.615232556825504e-07
9446,9.59280157530884e-07
5031,9.58527095917816e-07
6123,9.466275230352039e-07
9158,9.421555944300053e-07
6035,9.420193975984148e-07
6726,9.39249048315105e-07
738,9.391597188823653e-07
1188,9.376751108902681e-07
5933,9.352769723136589e-07
8109,9.345737908006413e-07
8110,9.345737908006413e-07
1410,9.336125117442862e-07
3063,9.312312840847881e-07
5358,9.310498967352032e-07
9338,9.307232176070102e-07
10483,9.302207217842806e-07
1079,9.255148256670509e-07
1579,9.250539676486369e-07
5688,9.234530011781317e-07
10419,9.206171966980037e-07
782,9.205177491367067e-07
4610,9.204429147757764e-07
5304,9.155325528809044e-07
3498,9.13762988830058e-07
6271,9.125479607519082e-07
10224,9.111358849622775e-07
9868,9.104299181217357e-07
1852,9.089926038541307e-07
8803,9.07719339693358e-07
7904,9.047468552125792e-07
4547,9.036170069975924e-07
7210,9.032250147811283e-07
5154,8.99395303122219e-07
6215,8.981818098163785e-07
6474,8.979864105640445e-07
6557,8.954224313129089e-07
8256,8.929885382258362e-07
4975,8.924850760649861e-07
4747,8.917561444832245e-07
2786,8.906978905542928e-07
7744,8.905799973035755e-07
4454,8.871714953784249e-07
9599,8.837093048441602e-07
6282,8.784038811882056e-07
3769,8.740483394831244e-07
8224,8.740281884911383e-07
10103,8.715537660464179e-07
5910,8.705504228601058e-07
10007,8.687008801189222e-07
2430,8.686581622896483e-07
5307,8.635751100882771e-07
3875,8.632334242975048e-07
7524,8.599700720424153e-07
10044,8.591452456130355e-07
6519,8.56886686051439e-07
3430,8.552330825750687e-07
9210,8.540027636172454e-07
2945,8.504046320467751e-07
6386,8.502119612785464e-07
2950,8.481580948682677e-07
648,8.452315398699284e-07
4709,8.43597945276997e-07
9505,8.308994381422963e-07
1478,8.288060939776187e-07
6660,8.26741398896047e-07
4804,8.255298098447383e-07
8704,8.22654953935853e-07
7002,8.222241660860163e-07
4174,8.218200662213349e-07
3458,8.211869158003537e-07
5046,8.20945643908999e-07
312,8.20658385691786e-07
4720,8.202109711419325e-07
7139,8.189967672933562e-07
5886,8.179349890724552e-07
3407,8.149115728883771e-07
1978,8.089804452993121e-07
3176,8.089747325357166e-07
1938,8.084409444109042e-07
2735,8.078164057678805e-07
4177,8.073546382547647e-07
434,8.069279431310861e-07
6025,8.059095648604853e-07
5075,8.057756701873586e-07
8713,8.053584963363392e-07
3366,8.031473441860726e-07
349,8.015988441911759e-07
5332,7.998937121556082e-07
959,7.973672495609208e-07
6063,7.940118678106955e-07
3976,7.932657126730192e-07
471,7.924393798930396e-07
4719,7.899229785834905e-07
6810,7.897738214523997e-07
303,7.889643995895312e-07
1456,7.886789887834311e-07
4512,7.868685258927144e-07
6073,7.85595148045104e-07
7712,7.838973488105694e-07
5338,7.832191215584317e-07
3929,7.830183506030153e-07
8891,7.829422372651607e-07
9608,7.823356327207875e-07
476,7.808098132500163e-07
5937,7.804218853380007e-07
2545,7.800887260600575e-07
3487,7.797135026521573e-07
2932,7.794000396188494e-07
4891,7.785842512930685e-07
2913,7.746446328837919e-07
4782,7.708790974447766e-07
2306,7.704467748226307e-07
1039,7.704058475610509e-07
6236,7.666988324217527e-07
3110,7.665777843612886e-07
3491,7.659979814889084e-07
5263,7.632470442331396e-07
6918,7.628796083736233e-07
5452,7.623705755577248e-07
2210,7.598957267873629e-07
1312,7.568552575776266e-07
2328,7.553211105459923e-07
3723,7.525619309944886e-07
4807,7.509577244491084e-07
8519,7.501075174332072e-07
9279,7.45990746509051e-07
6004,7.445568996899965e-07
10499,7.426124852827343e-07
8527,7.419890266646689e-07
6894,7.419567111810466e-07
5446,7.371943411271786e-07
9286,7.361569203112595e-07
9626,7.322097133055649e-07
5991,7.316269261536945e-07
8196,7.28225302282226e-07
8237,7.281052205598826e-07
494,7.27958052948452e-07
10211,7.266012858053728e-07
10106,7.257702065999183e-07
9850,7.247427618040092e-07
5033,7.240501531668997e-07
2404,7.226585694297682e-07
4816,7.166645445977338e-07
915,7.132393022857286e-07
1447,7.127821390895406e-07
9003,7.099182255387859e-07
4318,7.076503152347868e-07
6477,7.056783033476677e-07
9367,7.053298816117604e-07
7222,7.051603176932986e-07
7089,7.038973990347586e-07
10017,7.033761733055144e-07
9672,7.028819197785197e-07
2097,7.005851898611581e-07
4822,6.990743202095473e-07
6741,6.953103479645506e-07
3615,6.917424855146237e-07
3241,6.911847378887614e-07
3368,6.907546037382417e-07
7099,6.907184513238462e-07
3098,6.901871358877543e-07
9040,6.887223662488395e-07
2213,6.88230699097403e-07
8870,6.878742340177268e-07
5305,6.865334114536381e-07
9107,6.859925179014681e-07
4185,6.836522743469686e-07
5032,6.824484444223344e-07
10018,6.821572640092199e-07
3213,6.810234651766223e-07
8966,6.78030346534797e-07
5477,6.714369646942941e-07
3426,6.683547155716951e-07
8972,6.672660788353824e-07
2131,6.653934576661413e-07
10296,6.649198951436119e-07
5078,6.638714182827243e-07
5877,6.611948606405349e-07
6526,6.593463126591814e-07
5082,6.584718619251362e-07
1495,6.581539651051571e-07
819,6.573417863364739e-07
4301,6.548231397118798e-07
5516,6.487169912361423e-07
4035,6.482780747774086e-07
3983,6.482163428245258e-07
9175,6.476901148744219e-07
6429,6.467103332852275e-07
4309,6.460114434503339e-07
8294,6.426313063911948e-07
5520,6.401268421996065e-07
5865,6.399212111318775e-07
6310,6.357771269449586e-07
8768,6.34366386975671e-07
8716,6.337028537473088e-07
7353,6.321320711322187e-07
165,6.309144851002202e-07
8312,6.298072889876494e-07
6941,6.274175348153221e-07
8726,6.269235939271312e-07
6443,6.255176572267374e-07
3435,6.245550139283296e-07
7847,6.23551642320308e-07
7729,6.231578595361498e-07
5838,6.219303259058506e-07
4043,6.218547525804752e-07
7489,6.21627577856998e-07
9500,6.202900522112031e-07
10217,6.192766477397527e-07
314,6.178919988997222e-07
7929,6.177544094043697e-07
9024,6.164214312320837e-07
3701,6.156440690574527e-07
7550,6.152781111268268e-07
6085,6.136926629096706e-07
10479,6.115353983204841e-07
7277,6.094333571127208e-07
9030,6.063260968858231e-07
8001,6.040113476046827e-07
1380,6.010727986449638e-07
10119,6.004883630339464e-07
9362,5.958478084266972e-07
2597,5.958269468919752e-07
1464,5.951127377556986e-07
3415,5.93850700170151e-07
3942,5.869617609732813e-07
4355,5.848018531651178e-07
4212,5.841650079219107e-07
7668,5.841482391133468e-07
8471,5.830145539675868e-07
7815,5.825592381825118e-07
1868,5.824330457926408e-07
6753,5.813111840780039e-07
1728,5.794620392407523e-07
1124,5.794375397272233e-07
6946,5.792538502191746e-07
8831,5.788700718767359e-07
4362,5.764968591392972e-07
573,5.734560204473382e-07
6966,5.730641703394213e-07
10204,5.724996015032957e-07
2963,5.722604328184389e-07
3548,5.715534143746481e-07
9566,5.708015464733762e-07
4146,5.707807702037826e-07
8790,5.681865786755225e-07
3537,5.675844079178205e-07
9083,5.656689552324679e-07
9572,5.646950285154162e-07
9899,5.640770552872709e-07
9698,5.628093049381278e-07
6992,5.616487612769561e-07
4157,5.614838300971314e-07
7153,5.584359996646526e-07
8350,5.576320063482854e-07
1493,5.575413979386212e-07
1474,5.574324575263745e-07
4485,5.55295997628491e-07
1905,5.545867622913647e-07
4029,5.53959978333296e-07
6873,5.525996016331192e-07
1853,5.52290941868705e-07
4813,5.519208343685023e-07
8352,5.510929952379229e-07
6709,5.490518049100501e-07
7620,5.476626938616391e-07
6877,5.466639549922547e-07
6283,5.461587591071293e-07
1391,5.433580554381479e-07
5214,5.414258339442313e-07
8774,5.390261605953128e-07
8617,5.38595230636929e-07
2029,5.336087838259118e-07
3616,5.33443113681642e-07
5627,5.324578182808182e-07
9829,5.282578001697402e-07
7032,5.274379191178014e-07
4662,5.269717178180144e-07
8202,5.263028697299887e-07
2352,5.252711616776651e-07
10362,5.220068715061643e-07
7256,5.208451909766154e-07
10024,5.201974886404059e-07
6997,5.198077985824057e-07
8985,5.194788457174582e-07
7811,5.190576075619902e-07
8542,5.153547135705594e-07
7974,5.134254479344236e-07
1408,5.129521696289885e-07
511,5.120501782585052e-07
4520,5.111939742619143e-07
3182,5.10276265686116e-07
3894,5.065772654688772e-07
6819,5.039858024247224e-07
3825,5.025897564792103e-07
5285,5.008761547742324e-07
8137,5.002926144470621e-07
1030,4.993260631636076e-07
3499,4.992045887775021e-07
7684,4.980795154096995e-07
6445,4.943561862091883e-07
6607,4.927987617975305e-07
2784,4.926588985654234e-07
2906,4.903629928776354e-07
9147,4.870655629929388e-07
3196,4.866058276320473e-07
4687,4.855158977079554e-07
5364,4.845084475846306e-07
7092,4.834333964254256e-07
958,4.809920284287728e-07
3925,4.792773324879818e-07
9304,4.7566494743023213e-07
3753,4.7540284242586495e-07
2579,4.746008102074484e-07
5740,4.729910330070197e-07
6204,4.729302673922575e-07
9803,4.723110151871879e-07
696,4.700241191812893e-07
4519,4.6877592296823423e-07
10076,4.6605548220668425e-07
1929,4.653604861459826e-07
3234,4.643441826601702e-07
5017,4.641301103447404e-07
1822,4.6251614094217075e-07
172,4.6134820763654716e-07
2739,4.6004510068087257e-07
8711,4.59737407254579e-07
5789,4.570763820765933e-07
5855,4.5694592643030774e-07
1797,4.56706104046134e-07
1357,4.553465515755306e-07
8212,4.551871626290449e-07
9204,4.5448115315593896e-07
4147,4.508669633196405e-07
7266,4.502381472093475e-07
5226,4.489885583325304e-07
10466,4.4811730504079605e-07
5063,4.472664016930139e-07
3492,4.4696854217818327e-07
9695,4.465996283897766e-07
315,4.4594798964681104e-07
2238,4.4587265790596575e-07
1589,4.455924482726914e-07
10236,4.452101904917072e-07
9532,4.4488866990377574e-07
5310,4.4390179709807853e-07
5199,4.421556525358028e-07
8186,4.4187899561620725e-07
10473,4.4072685057017225e-07
5314,4.401815374421858e-07
1282,4.3917697212236817e-07
1605,4.383467029356325e-07
8171,4.3794526050078275e-07
7880,4.374907973669906e-07
7696,4.352764477744131e-07
3574,4.3458418019781675e-07
10490,4.327700366957288e-07
9816,4.318084307897152e-07
6281,4.311350210173259e-07
3185,4.298717897199822e-07
9551,4.296803552961137e-07
1965,4.295358451145148e-07
3102,4.292979980391465e-07
7711,4.277261638208074e-07
5640,4.275303950862508e-07
5639,4.275303950862508e-07
3690,4.2680829892560723e-07
1968,4.2673522671066166e-07
6040,4.24369545726222e-07
3678,4.2425769208875863e-07
5356,4.237358695036164e-07
1112,4.231964538803368e-07
9173,4.2288992574412987e-07
3693,4.2268098354725225e-07
4651,4.2212064954583184e-07
9088,4.220886467010132e-07
6502,4.21500956804266e-07
3194,4.2127363997224165e-07
5318,4.203362493626628e-07
4252,4.198738281502301e-07
9217,4.1972515418819967e-07
10116,4.1962138652706926e-07
10098,4.183519735079244e-07
2201,4.1829302688256575e-07
3084,4.179462820275148e-07
9716,4.177880015276969e-07
311,4.1642408632469596e-07
586,4.1165743880355876e-07
507,4.0892342667575576e-07
9555,4.083412505906381e-07
7115,4.0784532018278696e-07
1398,4.075966870686898e-07
6576,4.071360280022418e-07
1499,4.068884891239577e-07
10345,4.0605461038012436e-07
9031,4.0433458536881517e-07
7063,4.016196015754758e-07
2040,4.011522776181664e-07
630,3.9989798494843853e-07
6041,3.9765951953540934e-07
4502,3.962503711818499e-07
7307,3.952608693680304e-07
9621,3.9487541414473526e-07
10361,3.9418132757873536e-07
4066,3.932607910428487e-07
7226,3.9302338450397656e-07
646,3.928101222072655e-07
4664,3.9246698690931225e-07
3648,3.909984371830433e-07
3655,3.904169290080972e-07
4508,3.902577958569964e-07
6581,3.8955029424414533e-07
6649,3.8903185384242533e-07
4069,3.8751771569423e-07
7175,3.869204050488406e-07
2607,3.8613997332959116e-07
6613,3.8514647826559667e-07
6826,3.844518516871176e-07
3406,3.8376246891402843e-07
3921,3.837232753767239e-07
9527,3.8319991801927245e-07
2683,3.8236289867654705e-07
6332,3.82304222057428e-07
10261,3.794959866354475e-07
3927,3.7815667042195855e-07
4847,3.779741604148512e-07
9738,3.779634738521054e-07
3697,3.7610757885886414e-07
10266,3.7545042630426906e-07
6958,3.750903090349311e-07
1054,3.7456412371739134e-07
4855,3.7402735131308873e-07
8764,3.7324447532682825e-07
8319,3.710276388346756e-07
1435,3.7058440227610845e-07
9822,3.7027844257409015e-07
10401,3.7022972776412644e-07
7665,3.6972363659515395e-07
9827,3.6694561345029797e-07
3534,3.666654038170236e-07
5223,3.663796235287009e-07
9864,3.648555093604955e-07
3240,3.6360508204325015e-07
4667,3.6355153554268327e-07
4696,3.628814084777332e-07
2782,3.6279901394209446e-07
3296,3.619886683736695e-07
7023,3.6131044112153177e-07
8505,3.60416805733621e-07
8812,3.6002703041049244e-07
3996,3.5911838836000243e-07
6476,3.590276662635006e-07
348,3.5854949942404346e-07
8379,3.5849863877501775e-07
6798,3.5830402111969306e-07
3784,3.5802916897864634e-07
2194,3.579110909868177e-07
4645,3.578816176741384e-07
6490,3.541373700954864e-07
5308,3.5406337417498435e-07
3786,3.523012281902993e-07
5069,3.5212217142088775e-07
5573,3.5164494249784184e-07
6059,3.5125168551530805e-07
2275,3.490838480502134e-07
2797,3.480391654875348e-07
5970,3.477898786741207e-07
2146,3.4636070722626755e-07
10022,3.435185647049366e-07
7233,3.4233180201681535e-07
9259,3.4122128056424117e-07
5136,3.412165625604757e-07
5791,3.400221260108083e-07
1506,3.396931731458608e-07
10026,3.3967147317071067e-07
5217,3.396608576622384e-07
805,3.3964379042572546e-07
1404,3.3957256562189286e-07
8773,3.3883743810747546e-07
5876,3.3668756316274084e-07
6761,3.357072131393579e-07
5394,3.352485009600059e-07
8749,3.3331460258523293e-07
9944,3.32947848846743e-07
8619,3.3203498617240257e-07
4373,3.3073754934775934e-07
3924,3.306513463030569e-07
5399,3.3037568414329144e-07
6291,3.303590858649841e-07
602,3.295236865596962e-07
6356,3.286457115336816e-07
3395,3.284283422999579e-07
3859,3.276150835063163e-07
3028,3.2638037339438597e-07
10280,3.263592986968433e-07
8066,3.244265940338664e-07
5408,3.241800783371218e-07
9067,3.2384528481088637e-07
5386,3.2376262026900804e-07
5150,3.220594919639552e-07
2510,3.2182822451432003e-07
8327,3.2067228517007607e-07
3869,3.2012746942200465e-07
9360,3.1845063119817496e-07
2791,3.178506347012444e-07
3715,3.1751116580380767e-07
10274,3.1674639444645436e-07
6665,3.1633508967843227e-07
9666,3.162175374882281e-07
3911,3.158922226020877e-07
5158,3.1575233094827126e-07
5320,3.1399369504470087e-07
3355,3.134923787229127e-07
6012,3.119069731383206e-07
3945,3.114539453008547e-07
6854,3.1105159337130317e-07
1897,3.099275147633307e-07
10050,3.0976164566709485e-07
4921,3.0938501538457786e-07
2968,3.079224626389987e-07
7876,3.0782817361796333e-07
9266,3.0655930061129766e-07
8058,3.0576491383271787e-07
3298,3.049143799671583e-07
5433,3.043685552484021e-07
3100,3.043077896336399e-07
10449,3.039776146351869e-07
7369,3.031462938452023e-07
4184,3.0257085370521963e-07
10068,3.0225257319216325e-07
3103,3.0171933929068473e-07
4124,3.0159438324517396e-07
5324,3.0029208630821813e-07
5438,3.000781845230449e-07
4134,2.996393675402942e-07
3528,2.984962037544392e-07
5176,2.9827235437096533e-07
1828,2.9561446979187167e-07
6752,2.948815307490804e-07
4038,2.948538480040952e-07
9097,2.941860088867543e-07
4478,2.9359912900872587e-07
2488,2.935799017222962e-07
6920,2.928616709141352e-07
8796,2.927255877693824e-07
3207,2.920401840356135e-07
5715,2.9039546234344016e-07
10422,2.9026074344074004e-07
8804,2.902278026795102e-07
9935,2.902112754554764e-07
4620,2.899572848491516e-07
4961,2.898686375374382e-07
7539,2.8945008523351134e-07
3206,2.877448537219607e-07
9811,2.854144156572147e-07
6775,2.8468420509852876e-07
6932,2.8454687139856105e-07
949,2.8449152011944534e-07
9180,2.828523975040298e-07
9741,2.822382185740935e-07
7211,2.7998119378480624e-07
4970,2.794596127841942e-07
1494,2.776439629315064e-07
4121,2.770223375136993e-07
6403,2.763044903986156e-07
3032,2.7568120231080684e-07
9407,2.743060605325809e-07
2927,2.7391872947646334e-07
5198,2.738092490517374e-07
9663,2.7362754906334885e-07
9690,2.736105670919642e-07
3066,2.7292634285913664e-07
2035,2.7185012640984496e-07
8025,2.7163578408817557e-07
3210,2.711261686272337e-07
544,2.674501473620694e-07
9681,2.6651032669633423e-07
3141,2.6619174775532883e-07
9677,2.656807538414796e-07
1983,2.6484846671337436e-07
9052,2.647128667376819e-07
10424,2.640185954305707e-07
6091,2.629057718195327e-07
9558,2.61683453572914e-07
3938,2.609354083915605e-07
10037,2.60690882214476e-07
10428,2.601506423616229e-07
6459,2.590096244148299e-07
5293,2.589211902659372e-07
6194,2.5870990327803156e-07
6099,2.576065014636697e-07
9423,2.566527399494589e-07
3739,2.5637197609285067e-07
2314,2.563320720128104e-07
3128,2.5558361471667013e-07
4647,2.5549856275119964e-07
3461,2.552149283019389e-07
5527,2.551884392687498e-07
5921,2.551596764988062e-07
3494,2.551068547518298e-07
8233,2.5494561839423113e-07
6247,2.546221224974943e-07
7359,2.5413919502170756e-07
2316,2.526911373479379e-07
8789,2.526791433865583e-07
7280,2.520088315804969e-07
7281,2.520088315804969e-07
2072,2.50707685722773e-07
7363,2.5049793350717664e-07
9432,2.500858471421452e-07
3699,2.498500606407106e-07
3350,2.495400082125343e-07
2655,2.484976278083195e-07
3433,2.483220384874585e-07
5139,2.481441612189883e-07
5138,2.481441612189883e-07
1668,2.47668275221713e-07
3431,2.4766551121047087e-07
424,2.4700635492536094e-07
2267,2.4649446572766465e-07
2076,2.464222745857114e-07
1671,2.462541104364391e-07
3620,2.4547394161800185e-07
7855,2.4482179838969387e-07
10242,2.447080902356902e-07
1163,2.446521492061038e-07
10161,2.443515541017405e-07
3704,2.434894810221522e-07
10251,2.41714516846514e-07
9263,2.4084613414743217e-07
5986,2.400595562335184e-07
10003,2.3999832166055057e-07
4673,2.3981322527788507e-07
4703,2.3953715100333284e-07
7582,2.3861078801701296e-07
2281,2.38297999999304e-07
7265,2.3789805680962672e-07
9637,2.365261124737117e-07
7865,2.3648802738307495e-07
3909,2.357063024760464e-07
3095,2.3565655027368848e-07
7653,2.3531949722155332e-07
3424,2.3507585922288854e-07
5669,2.350234780124083e-07
10099,2.3496821199842088e-07
4592,2.3467630683171592e-07
5510,2.344674001619751e-07
3602,2.342369853636228e-07
903,2.341302334230022e-07
7718,2.335378752604811e-07
7943,2.3351395128656804e-07
8132,2.3304618679276246e-07
4600,2.3197170406774603e-07
7271,2.3185023678706784e-07
2274,2.304095190197586e-07
8467,2.2925954112906766e-07
4208,2.2898282026062589e-07
2601,2.2842787217314253e-07
4899,2.2818213807340726e-07
4269,2.2775198260660545e-07
8198,2.2569763302726642e-07
3649,2.253019033560122e-07
8002,2.2511082420351158e-07
4433,2.2422599954552425e-07
7589,2.232190254858324e-07
6953,2.2288467960152047e-07
9297,2.216994303694264e-07
1393,2.2142717881479257e-07
7656,2.2140392275105114e-07
3795,2.2099254692875547e-07
5936,2.2072406835604852e-07
3232,2.2032008928363211e-07
5163,2.2019183631982742e-07
10327,2.1887722567726087e-07
10174,2.1686247464458575e-07
1936,2.1654015824879025e-07
8369,2.1652616766232313e-07
8373,2.1519043258422244e-07
7571,2.1412562745126706e-07
606,2.130020178015002e-07
7666,2.1297700669720143e-07
4306,2.1268085248493662e-07
3398,2.1251470627703384e-07
9069,2.1228115798521685e-07
5218,2.1216062862094986e-07
3364,2.1133624272806628e-07
4740,2.108950738488602e-07
4603,2.1060545662976438e-07
8305,2.1022737684006643e-07
4367,2.1000658279035633e-07
7163,2.1000249006419835e-07
5843,2.0986669113653988e-07
608,2.097197651096394e-07
7414,2.0961371660632722e-07
8449,2.0920077048458552e-07
6767,2.086143595647627e-07
8426,2.07822338893493e-07
5845,2.074677283303572e-07
9507,2.074126115303443e-07
4411,2.0738978179224432e-07
8287,2.0727107141738088e-07
7313,2.0702476177802964e-07
3064,2.0650459475746175e-07
9151,2.0617869012085066e-07
8887,2.0579727078029464e-07
4251,2.0562264069212688e-07
4851,2.052120393614132e-07
6668,2.050124621177929e-07
6052,2.0384971577414035e-07
7376,2.037194590798208e-07
4676,2.0342804418760352e-07
6640,2.0321237315101826e-07
1984,2.023647382998206e-07
9318,2.0231109232327071e-07
4005,2.0196906547198523e-07
1763,2.01801718446859e-07
5753,1.999973164856783e-07
2255,1.9989253274843577e-07
3545,1.9963631814334803e-07
8635,1.992375402437574e-07
2623,1.9881328938708975e-07
3626,1.960750637408637e-07
3031,1.95825982984843e-07
9519,1.9521054639426438e-07
5420,1.9445737819978604e-07
4100,1.9401105788574569e-07
8947,1.9400935968860722e-07
2674,1.933847926238741e-07
8115,1.9302569853607565e-07
10091,1.925609964814612e-07
7783,1.9151260488570188e-07
9150,1.913667873054692e-07
4106,1.9102522230696195e-07
8124,1.9077911872500408e-07
6727,1.9019131514141918e-07
3089,1.9005674545269358e-07
2100,1.9005130269533765e-07
8530,1.8928207623503113e-07
4391,1.8861575767914474e-07
5101,1.8765287990163415e-07
2102,1.8636336562849465e-07
4764,1.861166367689293e-07
3166,1.8577310356704402e-07
7362,1.8557626901838375e-07
3866,1.853767201964729e-07
6637,1.8536238144406525e-07
7296,1.8443987670480055e-07
1551,1.84262766822485e-07
6642,1.8321275518928815e-07
4076,1.83052065949596e-07
7557,1.8240447730022424e-07
10343,1.8168996263057124e-07
1921,1.8130619849898721e-07
6036,1.8117094668923528e-07
8371,1.8065244944409642e-07
1555,1.8001613000251382e-07
3422,1.796411623899985e-07
6038,1.7957973597049204e-07
6362,1.7942455343700203e-07
6237,1.7913154692905664e-07
7469,1.7866116763798345e-07
921,1.779879212904234e-07
2309,1.7797879081626888e-07
5270,1.776490492488847e-07
3495,1.7721732348263686e-07
6241,1.7691173326284115e-07
806,1.7672292784709498e-07
2561,1.7642886973590066e-07
2023,1.7638279814491398e-07
3177,1.7619725412032494e-07
5784,1.7583312228452996e-07
1993,1.7549132280691992e-07
9181,1.7542470232001506e-07
6658,1.7520559225658872e-07
7259,1.7516279626761388e-07
10426,1.7513725936169067e-07
9466,1.7488772385831908e-07
4554,1.747683313624293e-07
4555,1.747683313624293e-07
2360,1.744270292647343e-07
9187,1.7378037853177375e-07
2758,1.736389947382122e-07
8490,1.7321548284598975e-07
8331,1.7193140422477882e-07
2046,1.7145742248203533e-07
5841,1.7126625806440643e-07
9862,1.70614960381954e-07
2403,1.7049950429282035e-07
9359,1.6994556517602177e-07
8533,1.69830563834239e-07
2759,1.6832269267297306e-07
4170,1.6807354086267878e-07
2283,1.6773894628840935e-07
7878,1.6725408613638137e-07
8918,1.6682459857975118e-07
7254,1.6575918948547042e-07
3641,1.6456926488217505e-07
7866,1.6437974181826576e-07
4569,1.6413855519203935e-07
1524,1.6411063796795133e-07
7640,1.636177771047187e-07
3509,1.6328436203139063e-07
1259,1.6252838008767867e-07
10122,1.616151195094062e-07
6205,1.6154164939052862e-07
2535,1.6140127456765185e-07
4614,1.6040974770703542e-07
5989,1.6024345939058549e-07
9900,1.5935097508190665e-07
5997,1.588578655287165e-07
4841,1.5877997583402248e-07
7373,1.5789885310368845e-07
4544,1.5750520532265e-07
2880,1.5627492899739082e-07
3980,1.5613058224062115e-07
6009,1.560255142862843e-07
9265,1.5556668842009458e-07
8496,1.551831161350492e-07
6008,1.5484753390637707e-07
5133,1.5450373069825218e-07
9846,1.5355766436186968e-07
3763,1.5271628939217408e-07
9910,1.5229734628974256e-07
10214,1.5226349603381095e-07
10213,1.5226349603381095e-07
4451,1.5223707094946803e-07
4671,1.5208917858444693e-07
8691,1.5195994507166688e-07
8176,1.519522143667018e-07
8232,1.5179350754124243e-07
5331,1.5105864292763727e-07
5566,1.5043013235072067e-07
1204,1.503312034856208e-07
5543,1.5029253574994073e-07
9128,1.500766586559621e-07
9124,1.496566568448543e-07
3502,1.494944825708444e-07
7055,1.4880122733984535e-07
6280,1.481578806306061e-07
7781,1.4810824922051324e-07
6497,1.4776860268739256e-07
4255,1.4756292188167208e-07
6534,1.4714571250351582e-07
6285,1.4704302486734377e-07
6054,1.4700585637683616e-07
1859,1.4695901739969486e-07
499,1.457770366641853e-07
8069,1.45172336374344e-07
4422,1.4511109469594885e-07
9230,1.446342068334161e-07
4095,1.4435599382522923e-07
5624,1.4345932441983678e-07
7095,1.434097498531628e-07
8526,1.4319419250341525e-07
8280,1.430748284292349e-07
2814,1.421699877823812e-07
9767,1.4029691897121666e-07
9309,1.3989818370419016e-07
5852,1.3955492050854446e-07
1213,1.3943355270384927e-07
5413,1.3870183579456352e-07
7767,1.3860600489579156e-07
3289,1.3848048041609218e-07
3199,1.377224592147286e-07
7642,1.370286710766777e-07
4330,1.3614174321219252e-07
2402,1.358124421813045e-07
6929,1.3576288182548524e-07
5000,1.3575698432077843e-07
8861,1.3568134704655677e-07
5967,1.3536040910366864e-07
10101,1.352713638880232e-07
6187,1.3500460482873677e-07
5654,1.347123159689545e-07
4790,1.3460260106512578e-07
3720,1.345934137475524e-07
6050,1.3431392176244117e-07
619,1.3413048094434998e-07
7920,1.3409994892299437e-07
5459,1.339370001574025e-07
898,1.338173802878373e-07
1046,1.3356899586369764e-07
3314,1.3314999591784726e-07
2053,1.3307577262366976e-07
5884,1.321913032370503e-07
9274,1.3192533288020059e-07
8778,1.3185910319180039e-07
4342,1.318039153375139e-07
6916,1.3173977464475684e-07
9520,1.316724294042615e-07
5006,1.312144206622179e-07
5864,1.310511592578223e-07
1051,1.3084235206406447e-07
5465,1.3050609481979336e-07
5792,1.3011597133072428e-07
3150,1.295818918833902e-07
8182,1.294935927376173e-07
4480,1.2937851323613359e-07
4324,1.2838975749218662e-07
2883,1.275413268331249e-07
8048,1.2688445849562413e-07
1029,1.2673885407821217e-07
2637,1.2668023430251196e-07
1465,1.2667713633618405e-07
2437,1.2641515212408194e-07
1943,1.2636296986556772e-07
10376,1.257568200685455e-07
1836,1.2573752172784225e-07
6603,1.2572496643770137e-07
10448,1.2558894013636746e-07
2872,1.255778556696896e-07
2523,1.2489972789353487e-07
2440,1.2459340581472134e-07
2876,1.2446730934811967e-07
1641,1.2407474514475325e-07
5678,1.2344174393774665e-07
5994,1.2290766449041257e-07
1225,1.2261197568363968e-07
597,1.2200570864706606e-07
5570,1.2193228826617997e-07
5998,1.2146711014793254e-07
3663,1.214137768101864e-07
10322,1.207765158994789e-07
8457,1.2026188755953626e-07
2077,1.198560397597248e-07
9972,1.1946766065307202e-07
5769,1.1911071240433557e-07
5628,1.1896139540112927e-07
4568,1.188862270851132e-07
1628,1.1886342221600898e-07
7343,1.1869163074607059e-07
6442,1.1868700511286079e-07
8469,1.1836000624043663e-07
7871,1.179346647006696e-07
5328,1.1776033659316454e-07
5097,1.1638810448744152e-07
7428,1.1606972805111582e-07
4989,1.1557647994209219e-07
5244,1.1552021206284735e-07
4204,1.151910673513612e-07
5103,1.1492463158901955e-07
7497,1.1487551887512382e-07
3743,1.1405059652247473e-07
10287,1.1379329123428761e-07
7501,1.1378112318993772e-07
9064,1.1366782359800709e-07
6119,1.1308858560710178e-07
4993,1.1267898614164551e-07
4004,1.1253886356143994e-07
10347,1.1248121012386036e-07
4871,1.1231505325781654e-07
10134,1.122593040747688e-07
9578,1.1090454066220445e-07
7979,1.1088401663528202e-07
5001,1.1033714386599058e-07
2861,1.1031712787712422e-07
5953,1.1026913071532363e-07
6353,1.1021875323535824e-07
6354,1.1021875323535824e-07
4198,1.1011166378693815e-07
4014,1.099121966774419e-07
10478,1.098430679746798e-07
3188,1.0952098250527342e-07
7976,1.08753834382469e-07
10291,1.087123067122775e-07
6869,1.0837673158903272e-07
6181,1.0752892976029216e-07
2203,1.0738184386127614e-07
994,1.0709485565030263e-07
612,1.0704290431817753e-07
4803,1.0652014026391043e-07
2466,1.0629672431150539e-07
5829,1.0615931600455042e-07
2600,1.058548519949909e-07
8231,1.0543772077653557e-07
7347,1.050525888501852e-07
3285,1.0484924573006538e-07
1622,1.0480490075792659e-07
3846,1.0405549843994777e-07
3389,1.0389330284965581e-07
2703,1.0367947567146985e-07
7223,1.0334543176782063e-07
1035,1.0304544773021007e-07
1627,1.0294550989442541e-07
5068,1.0247569903754083e-07
5300,1.023249787124314e-07
5113,1.0202290923189139e-07
8258,1.019630460064036e-07
5373,1.0195716626526519e-07
9098,1.018456359247466e-07
8562,1.0155617857776633e-07
6143,1.0131959271575397e-07
10303,1.0131215333331056e-07
6397,1.0123488181079665e-07
1686,1.00873677411073e-07
9104,1.0077747703007844e-07
8571,1.0058017352321258e-07
4196,1.0050588272747518e-07
3459,1.0048603371615172e-07
6684,1.0035450515033517e-07
4641,1.0024568908306719e-07
9896,1.0012472984044507e-07
5122,9.989963700718363e-08
6020,9.970296233063891e-08
8346,9.955003577033494e-08
3659,9.929737387892601e-08
3861,9.924008637085535e-08
3228,9.901252795430082e-08
9126,9.866095851407408e-08
1037,9.845138038144796e-08
6697,9.798764821766781e-08
10235,9.79230634357009e-08
4811,9.774232623271928e-08
8009,9.746530693632849e-08
4380,9.725323479869985e-08
1598,9.717112092744173e-08
9135,9.690361935099645e-08
1599,9.658597832640226e-08
5261,9.561247438227838e-08
3257,9.547715862368022e-08
7335,9.536198319892719e-08
7174,9.514848642311335e-08
4867,9.48514013998647e-08
6140,9.476573481492778e-08
3645,9.388889665729039e-08
2208,9.369790987534543e-08
1121,9.364535458189494e-08
5269,9.362857511518996e-08
3135,9.323495930857462e-08
9806,9.32006081200143e-08
3748,9.302356929197231e-08
10285,9.299678183083415e-08
9185,9.28550463186184e-08
4638,9.274440415651952e-08
9134,9.274161527628166e-08
5142,9.248010002238516e-08
2606,9.227748520856949e-08
6125,9.203711925920288e-08
4237,9.183682436741947e-08
8653,9.17274185496808e-08
5820,9.114721066794118e-08
2121,9.107830933885452e-08
9277,9.085072605330424e-08
10425,9.069013984230878e-08
7473,9.068243400633946e-08
8780,9.023413127806634e-08
5234,8.926124905883626e-08
6322,8.907863957574591e-08
2632,8.884490654281763e-08
3607,8.871883849792539e-08
5272,8.865398370971889e-08
2112,8.834392417611525e-08
6325,8.828019559814493e-08
4929,8.814129515144487e-08
8998,8.801516315770641e-08
6199,8.78575008300686e-08
1345,8.73667787004706e-08
7732,8.72871765977834e-08
2840,8.726937750225261e-08
2893,8.725374556206589e-08
6758,8.715035804129911e-08
10381,8.658895467306138e-08
8056,8.657176664428334e-08
816,8.651823435457118e-08
9750,8.594032152586806e-08
7813,8.593821121394285e-08
6335,8.552265029493356e-08
5124,8.545462648612556e-08
7191,8.458457401161468e-08
4282,8.433510956251666e-08
7102,8.41998115674869e-08
4003,8.269752882483772e-08
4721,8.260503037149647e-08
5377,8.181830679632185e-08
7646,8.167172182993454e-08
5915,8.137413942677085e-08
9756,8.124559869315817e-08
5883,8.099905102199045e-08
8771,8.069555335055156e-08
9319,8.047403809996467e-08
5232,8.000355933290848e-08
8807,7.994407269507064e-08
3386,7.969605064772622e-08
4932,7.94391965541763e-08
5714,7.926350420461858e-08
8325,7.903063092840057e-08
6549,7.879649999154026e-08
3577,7.862676554282189e-08
4938,7.842719540462895e-08
1738,7.840926130597836e-08
3834,7.828738191051343e-08
4039,7.803921775462186e-08
5777,7.794044165621017e-08
1295,7.665272505619214e-08
7087,7.590001160906468e-08
6138,7.572496230068282e-08
10140,7.56761480147361e-08
5374,7.494574916222518e-08
10149,7.448979033597425e-08
7240,7.428243264939738e-08
3713,7.401200008416708e-08
4525,7.388062428503872e-08
5298,7.387616562937183e-08
6859,7.382378797160527e-08
2803,7.356036491046325e-08
6700,7.35345153657363e-08
5371,7.280687697175381e-08
5895,7.275717095467371e-08
8334,7.270019608540679e-08
3309,7.267858137538497e-08
8784,7.244930699812357e-08
6865,7.224809550621103e-08
6506,7.205956364941812e-08
6900,7.179552952152335e-08
5361,7.126471501806009e-08
5545,6.994056889197964e-08
8548,6.972921440251412e-08
6545,6.963963983253052e-08
1290,6.95421924490347e-08
5107,6.92675214963856e-08
978,6.892446435813326e-08
8556,6.883561098902646e-08
8877,6.869399271636212e-08
8674,6.866126156523933e-08
2155,6.858189038894125e-08
4727,6.83911700605222e-08
9901,6.832511090237858e-08
4023,6.808997810026085e-08
7700,6.784549100302684e-08
4031,6.780818750939943e-08
8520,6.765841220612856e-08
9171,6.750970271696133e-08
2502,6.714523337336686e-08
1196,6.711086797395183e-08
950,6.709026934004214e-08
5365,6.70076403253006e-08
3503,6.675372432596305e-08
4341,6.64691235385817e-08
2513,6.642350314223222e-08
1059,6.612676628492409e-08
3518,6.61021282155616e-08
6518,6.605271352100317e-08
5869,6.584795642083918e-08
4346,6.548869890821152e-08
9504,6.535739771607041e-08
9834,6.52295994996166e-08
2649,6.510849814844732e-08
8801,6.482486725190029e-08
9615,6.481068126618084e-08
9025,6.477293368334358e-08
8782,6.466819968409254e-08
6367,6.428146548387303e-08
6711,6.403666930054897e-08
6380,6.361948479138846e-08
8625,6.349175407649454e-08
6553,6.337604574468969e-08
6015,6.320946255300441e-08
1997,6.317783274312205e-08
2476,6.312177092127058e-08
5112,6.299965349398917e-08
1895,6.292123444495701e-08
2769,6.26581773133239e-08
9658,6.258493812083543e-08
4011,6.243580230602674e-08
7207,6.241176819798966e-08
5772,6.241004157914176e-08
2771,6.209437941606666e-08
6971,6.196946600312003e-08
8794,6.167697108594439e-08
2052,6.15154096550441e-08
4130,6.130195728815124e-08
8274,6.094623650199082e-08
7170,6.092395565815423e-08
9989,6.019267217993729e-08
8560,5.986813000902202e-08
3629,5.975733152752127e-08
759,5.972297500989043e-08
5121,5.92301638846493e-08
2233,5.900299626659944e-08
3029,5.896505506086669e-08
6037,5.894903587488898e-08
10104,5.880777820266303e-08
5207,5.8676231873278084e-08
10447,5.8562054761068794e-08
4132,5.8538176972433575e-08
8547,5.84499559863616e-08
6226,5.836802863257162e-08
7877,5.833743088601295e-08
3782,5.8166916616642084e-08
5014,5.801025082519118e-08
4058,5.793602220194316e-08
6906,5.759195431664921e-08
8687,5.749151021916532e-08
5505,5.746692721686486e-08
3568,5.740260355935334e-08
6743,5.739483022182412e-08
8144,5.7112439222350986e-08
3382,5.685071435834743e-08
2484,5.673408409734293e-08
2571,5.6680370619233145e-08
3777,5.653093104740492e-08
8579,5.636725219915206e-08
6650,5.6238045331724607e-08
2572,5.612311149150173e-08
2486,5.587745910418107e-08
5524,5.564040250760627e-08
2016,5.5428259315704054e-08
7121,5.532016977838339e-08
6914,5.5242992402781965e-08
6730,5.508365852335828e-08
1498,5.4814622174603755e-08
7122,5.480297815552149e-08
7052,5.466726271663447e-08
3604,5.458927354595744e-08
4348,5.456795015845728e-08
10038,5.409722803051409e-08
6157,5.375288303355319e-08
9704,5.3655831777632557e-08
7604,5.3619434225993245e-08
7214,5.3119658005584824e-08
3718,5.28331511873148e-08
2007,5.2605837908004105e-08
5306,5.251853707477494e-08
6608,5.250464951700451e-08
4193,5.247390610918501e-08
3724,5.2330802802202925e-08
8259,5.218802101580877e-08
3527,5.214418763443973e-08
7623,5.213244236301762e-08
9201,5.204695519012148e-08
6981,5.1913954024485065e-08
8057,5.1702771841632966e-08
8265,5.1556400038066386e-08
5728,5.1066747275285707e-08
3294,5.104817368817294e-08
1699,5.1040482063058334e-08
6763,5.098449662455096e-08
2787,5.098232769285005e-08
3297,5.056715579598858e-08
7487,5.0559831876739736e-08
10092,5.046919682172302e-08
3778,5.029579241977444e-08
8546,5.020046067727435e-08
5488,5.001822422912028e-08
3264,4.937151132367035e-08
4032,4.916349105599238e-08
2793,4.898332051084253e-08
10247,4.8896909632389907e-08
6774,4.8491262560901305e-08
8724,4.846352297249723e-08
7364,4.8260888618756326e-08
6337,4.821355226169999e-08
6315,4.782593876484498e-08
5200,4.769466066534278e-08
6510,4.7657154667035684e-08
2420,4.720806323632587e-08
7370,4.7168509098582945e-08
9331,4.7056605723128087e-08
2147,4.697016997567971e-08
3233,4.691889721186726e-08
9533,4.651216123363611e-08
5057,4.6128960207170167e-08
4268,4.611651149843965e-08
4034,4.595657365769057e-08
6436,4.5944087645466425e-08
7423,4.57975470880001e-08
4715,4.546884291301012e-08
1415,4.543810661061798e-08
4643,4.526702745977218e-08
10412,4.512607709727945e-08
6449,4.5057142017412843e-08
6771,4.5040879470548134e-08
4169,4.4970771995167524e-08
9196,4.4597344484031964e-08
9550,4.458409286201004e-08
5143,4.4170041846314234e-08
10087,4.41293330766257e-08
5862,4.409547038619621e-08
4922,4.403689324306015e-08
4410,4.400433617490762e-08
5807,4.3996504217602705e-08
1339,4.3989665243771015e-08
8017,4.3704911689701476e-08
4602,4.359327476777253e-08
3025,4.356723337650692e-08
7421,4.352547300356946e-08
10096,4.3423360907013375e-08
5663,4.335620218398617e-08
1840,4.320654944933722e-08
3062,4.3014892980863806e-08
5171,4.284504662166455e-08
4835,4.28136832653081e-08
4495,4.2752445139626616e-08
5391,4.272160936125147e-08
9840,4.272156850504416e-08
7341,4.2713534043059553e-08
8834,4.270039433151851e-08
5540,4.265383424240099e-08
8836,4.2577578795999216e-08
9809,4.2343453188209423e-08
5174,4.21620889312635e-08
2394,4.211484672111965e-08
2731,4.203416636983093e-08
1539,4.178562384993256e-08
8675,4.174431111891863e-08
6924,4.1722321597603695e-08
8538,4.118612650927389e-08
2936,4.102876971501246e-08
4923,4.100426487241293e-08
5696,4.089675798013559e-08
9861,4.075918447199456e-08
4926,4.0621147334718444e-08
4481,3.999236142249174e-08
7867,3.986873409189684e-08
7301,3.9727945377876495e-08
9996,3.962496997189646e-08
3588,3.955643101960504e-08
8785,3.948053439728483e-08
3596,3.9397818341058155e-08
5645,3.924283298317732e-08
6893,3.922225033647919e-08
9391,3.9074594226917725e-08
4279,3.8884213182655e-08
4762,3.8863657181309463e-08
2682,3.883213040012379e-08
10320,3.881642562930665e-08
6898,3.872347420497135e-08
6427,3.8703916516169556e-08
2075,3.8654311751429304e-08
9401,3.856482777564452e-08
8919,3.854970742622754e-08
2686,3.83426215222471e-08
9778,3.82070375337662e-08
1615,3.8143152636394007e-08
9028,3.810730220266123e-08
4534,3.8007945235563056e-08
5054,3.789682700983121e-08
6806,3.7805808261737184e-08
8926,3.7778708161795294e-08
4626,3.77700342113485e-08
1638,3.7767478033856605e-08
8096,3.767345546634715e-08
1857,3.76688138459258e-08
2778,3.741050846883809e-08
4628,3.740360021708966e-08
5280,3.733302378350345e-08
9791,3.7122241280940216e-08
10183,3.7085934323499714e-08
3797,3.705332929371252e-08
2234,3.695074823895084e-08
7479,3.690974104131328e-08
7753,3.6900495103964204e-08
6214,3.6793686319924745e-08
5859,3.673748416588296e-08
2532,3.643529034036419e-08
2060,3.632959000299252e-08
2885,3.62094016992387e-08
5401,3.6194537145206596e-08
2887,3.5977320678171054e-08
8569,3.5967666178748914e-08
3572,3.5926349895021303e-08
4180,3.5866637659864864e-08
2595,3.583217278446682e-08
3540,3.574246854043395e-08
8660,3.573893891939406e-08
3237,3.5567815359627275e-08
4183,3.55088545234139e-08
4108,3.539450510459119e-08
8815,3.534098702573374e-08
10158,3.532650971749263e-08
3224,3.530790237959991e-08
3223,3.530790237959991e-08
2099,3.50001343463191e-08
4113,3.48230724256382e-08
6762,3.481627075530014e-08
2661,3.4604834553420005e-08
7806,3.453329711078368e-08
4360,3.41334445153052e-08
8516,3.410764826128343e-08
4566,3.3933979182165785e-08
5485,3.3784077757559317e-08
4787,3.3743027927357616e-08
10176,3.372337609164333e-08
3448,3.3486653450154336e-08
3982,3.3259219378578564e-08
1747,3.3255400211373853e-08
4087,3.2961704476974774e-08
3107,3.268475268214388e-08
9065,3.2684177142527915e-08
4882,3.265256687257079e-08
5020,3.2623487911109805e-08
1793,3.249680524675114e-08
9076,3.1824445301253945e-08
5531,3.17812247629945e-08
6942,3.153082417384212e-08
3828,3.146355354033403e-08
6296,3.141881066426322e-08
4682,3.139950699448946e-08
6757,3.134745796273819e-08
10465,3.115725455415941e-08
9932,3.09852055124793e-08
3793,3.0893241742546707e-08
9121,3.064771725291848e-08
6769,3.064078590853114e-08
9225,3.058576503178756e-08
7298,3.038353746376288e-08
2005,3.031934170394379e-08
4419,3.026223893698443e-08
8729,3.020801475628332e-08
4424,2.9855097949393894e-08
5093,2.9841767279492615e-08
7674,2.953482081125003e-08
9885,2.944397969883994e-08
4037,2.9088623065831598e-08
6939,2.9072518614725595e-08
5834,2.903053264446953e-08
10219,2.9003187407283804e-08
3635,2.864330195251341e-08
7608,2.8622975101200154e-08
10337,2.846435709358275e-08
9162,2.8399704810055937e-08
3343,2.838580392960921e-08
6578,2.8305350951995933e-08
6579,2.8217908010219617e-08
6531,2.80436269761708e-08
3421,2.7964797588708734e-08
5922,2.767066575870558e-08
8638,2.7600171925712402e-08
6537,2.7580217221157e-08
3794,2.7433983085245472e-08
4074,2.7381165779161165e-08
8614,2.7176319861155207e-08
5342,2.713990543412592e-08
6680,2.697955903130378e-08
4083,2.6939590114238854e-08
5552,2.6844668710168662e-08
3939,2.6789445328745387e-08
3256,2.6474075376370365e-08
2646,2.6269558084379696e-08
4351,2.623536765611334e-08
10471,2.6132230601660922e-08
5416,2.611769645000095e-08
6313,2.6020184229480492e-08
5395,2.5925430691131623e-08
4033,2.5920744661789286e-08
4071,2.5853248430962594e-08
4359,2.5824106408833813e-08
7412,2.581519886746264e-08
5621,2.579600533181292e-08
7824,2.5775963585772388e-08
4077,2.5707885598080793e-08
6472,2.5696693661814152e-08
6488,2.559134770763194e-08
9510,2.5541692316721765e-08
3955,2.5481748266997784e-08
1587,2.5378020573896265e-08
1858,2.521196762472755e-08
4460,2.5021853922169157e-08
4459,2.5021853922169157e-08
9164,2.4901223305562326e-08
8160,2.4873590298568615e-08
9170,2.4811947163527748e-08
10089,2.481161054390668e-08
3576,2.4713940227627518e-08
5553,2.46892284394562e-08
4464,2.4636225504082176e-08
10093,2.4561501277275966e-08
8307,2.455026049119624e-08
7351,2.4496853434641253e-08
10107,2.432110690619993e-08
9178,2.4130725861937208e-08
3149,2.4083578686884266e-08
4040,2.401195153822755e-08
2776,2.3977557717103082e-08
9376,2.3817014138671766e-08
9699,2.367687557125464e-08
4402,2.3648158098410477e-08
4511,2.342216465223146e-08
6463,2.3211317312643587e-08
8074,2.3171965679580353e-08
8081,2.288062361799348e-08
6294,2.2812654876247507e-08
9111,2.2786542430708323e-08
6219,2.2685121336962766e-08
1519,2.260045661728327e-08
10084,2.2595378901257845e-08
4163,2.2578052316646335e-08
8876,2.257255893312049e-08
9197,2.2540206146004493e-08
7263,2.2523756193493227e-08
2912,2.2508507946383816e-08
6302,2.2392914189595103e-08
8354,2.2362489637828276e-08
4652,2.232764551024502e-08
4693,2.227347550842751e-08
10312,2.2104393870847616e-08
1898,2.2039120750605434e-08
8657,2.1952061501906428e-08
5781,2.1940173233758742e-08
3133,2.186243364121765e-08
10385,2.171896440472665e-08
9059,2.157581668882358e-08
8688,2.136588150847274e-08
4086,2.1261451266241238e-08
7446,2.1208914624537556e-08
2870,2.1164824559605222e-08
5730,2.1145380557641147e-08
9825,2.1138478523141657e-08
9264,2.1007507733372677e-08
2656,2.0783293308568318e-08
2658,2.0729281402509514e-08
9936,2.0572214154412904e-08
8019,2.0571112813172476e-08
8511,2.0432298519779124e-08
10229,2.0387455279546884e-08
7747,2.038101243329038e-08
6694,2.034665680383796e-08
10324,2.0326879734966496e-08
3791,2.0252358012839977e-08
10319,2.0168243963780697e-08
8507,2.0120391575062513e-08
4622,2.0005196610384246e-08
8020,1.99791534427618e-08
5571,1.9921844618409068e-08
7286,1.9859269784205935e-08
9950,1.982234909547742e-08
6747,1.9780365789756615e-08
7554,1.964793039377355e-08
8289,1.9609967871758727e-08
1672,1.9590753019826934e-08
1967,1.955835937650363e-08
5106,1.9541552376267646e-08
3346,1.9534827089273676e-08
2002,1.9421245944784005e-08
9838,1.9409982954243787e-08
4736,1.934570104111799e-08
2634,1.9293973529954656e-08
6725,1.9218664881748282e-08
8252,1.9143950424904688e-08
10329,1.913188896196516e-08
6561,1.9072170509559783e-08
1592,1.9042752263942475e-08
1583,1.903367152777946e-08
5441,1.8994799511062865e-08
1595,1.8846921356896473e-08
6562,1.8812240654142443e-08
7075,1.8710847982106316e-08
4661,1.848096609080585e-08
10282,1.828270601578197e-08
9997,1.8232923615357777e-08
7740,1.8219830089094557e-08
1594,1.820696660104204e-08
9815,1.81775288154995e-08
8850,1.8173329507931157e-08
7392,1.8163145654170876e-08
8077,1.812987182603365e-08
9496,1.800580307076416e-08
7379,1.7975577470963344e-08
8271,1.7969853161048377e-08
9469,1.795118809155838e-08
2999,1.791632708858515e-08
10482,1.7902898719057703e-08
7386,1.7756335957130887e-08
5168,1.7649828265575707e-08
7357,1.7578543065610575e-08
6134,1.7559354859031373e-08
2961,1.7490846104806224e-08
5903,1.748010269864153e-08
7755,1.7438720689710863e-08
7956,1.7399477414414832e-08
7090,1.7288555476113743e-08
2663,1.7251411854601884e-08
5482,1.712702690781498e-08
9459,1.7110805217157576e-08
5227,1.7080828307314277e-08
1479,1.6831755544899352e-08
4965,1.679681549404677e-08
3873,1.676752248158664e-08
3877,1.6576261252509994e-08
4910,1.6523298285164856e-08
2594,1.6493773458137184e-08
1851,1.6406588976281e-08
4968,1.6023633975237317e-08
9882,1.600979615545839e-08
5410,1.5986118206967603e-08
3319,1.5973959932580328e-08
9807,1.5722806168128045e-08
6413,1.568262675277765e-08
8344,1.555847006784461e-08
10065,1.5524946661571448e-08
10468,1.5334240544007116e-08
8035,1.5320410717833965e-08
9804,1.5320325452705674e-08
6418,1.5252528129394705e-08
10383,1.5061142111250092e-08
2393,1.493076640102231e-08
10387,1.4919291135839785e-08
10281,1.4691092342644652e-08
8901,1.4621473809484087e-08
5209,1.458275278309884e-08
3751,1.4429314187935915e-08
5283,1.4413303439653191e-08
5901,1.4234951883906888e-08
4997,1.4213052068612342e-08
3757,1.4202878428903887e-08
1742,1.4053313623918484e-08
9146,1.4051138919057848e-08
8008,1.4016938720828875e-08
8781,1.3975655299702794e-08
8477,1.3972786483407162e-08
8524,1.3868496129276764e-08
9970,1.3859874137267525e-08
5561,1.3783817198742554e-08
9436,1.3757579520046193e-08
6018,1.370018898327885e-08
7365,1.3681400012899303e-08
8867,1.3658908226688027e-08
9919,1.3536980425499223e-08
5723,1.3393030684483165e-08
3112,1.3189797698487382e-08
7610,1.3005689858403002e-08
7054,1.297957519241777e-08
10159,1.2884743494367967e-08
9521,1.2877493293927955e-08
7078,1.282164774352168e-08
9060,1.2796419035510098e-08
7003,1.276487049395314e-08
8736,1.2740446031500596e-08
9875,1.2729765241914492e-08
3401,1.2711134811382863e-08
9528,1.265125559868352e-08
6469,1.2510636082652127e-08
9870,1.2483661659956624e-08
8111,1.2322807663167623e-08
8996,1.2300962470845889e-08
3187,1.2169211860424411e-08
3216,1.2109335312260328e-08
5109,1.1977946634544878e-08
10259,1.193955689871018e-08
4722,1.1910908703782752e-08
2282,1.1779220265850654e-08
6927,1.1630535645679174e-08
8829,1.1380269171468171e-08
10434,1.1377790709587998e-08
3106,1.134449423290107e-08
4440,1.1331721783136572e-08
6625,1.12580678113261e-08
3108,1.1257792476015993e-08
3469,1.1257784482410216e-08
3471,1.1155599999312926e-08
4870,1.1133014954367582e-08
6071,1.1087239570883867e-08
7502,1.1011635159263733e-08
4873,1.0939799732767597e-08
6100,1.0891825219516704e-08
9700,1.0775957903774724e-08
7308,1.0663712579628282e-08
9357,1.066140598027232e-08
10198,1.056961895784525e-08
3231,1.0552366536131785e-08
2752,1.0529953797799863e-08
6417,1.0528581118052216e-08
9361,1.0521663984519591e-08
8163,1.0415359685822523e-08
8332,1.025572737844982e-08
10429,1.0199393774001919e-08
4469,1.0187517940352109e-08
7552,1.0185218446423505e-08
2186,1.0174547426800018e-08
9089,1.0105201120325091e-08
3535,1.0101895320246967e-08
10454,1.0097382041607261e-08
7837,1.00895074517382e-08
7162,1.0068808897756298e-08
3997,1.0003451400564245e-08
9262,9.959931990266568e-09
6719,9.85463621816507e-09
2423,9.75031744232524e-09
8521,9.704771652963018e-09
6029,9.703275072325823e-09
4450,9.683146728889369e-09
8525,9.608285722606524e-09
9929,9.592311833728218e-09
5840,9.5219605533714e-09
7825,9.512637344499808e-09
4730,9.33290777993534e-09
8070,9.313346538419864e-09
9545,9.298180447814275e-09
8238,9.177404169946612e-09
6272,9.172000048351947e-09
9843,9.147660851027695e-09
9988,9.090316943627386e-09
7782,9.088216401664795e-09
8775,9.0353005077759e-09
9329,8.979140986298262e-09
4305,8.881400948013152e-09
5583,8.853858535218251e-09
3267,8.792125250067784e-09
4666,8.623217695458152e-09
9785,8.61481375125095e-09
8242,8.3908973103064e-09
3752,8.23611001621316e-09
9719,8.226531900135114e-09
9449,8.190094380466917e-09
6878,8.093592906988079e-09
9753,8.088623104640646e-09
10332,8.046811217354843e-09
9155,7.964088499790023e-09
10334,7.91576226788493e-09
2619,7.765724951980246e-09
2621,7.623086606400875e-09
6536,7.237948018712359e-09
8489,7.230902099308878e-09
4717,7.200409157803733e-09
7496,7.1157888470452235e-09
7168,7.091894405064636e-09
7225,7.089740350352258e-09
4528,7.052390227357819e-09
7500,7.020691139558721e-09
8220,7.0182022415821166e-09
9157,7.001135893247579e-09
6669,6.980906075426674e-09
5274,6.97724367171304e-09
6844,6.8744883119364886e-09
7547,6.816764042127943e-09
3547,6.702878030395709e-09
10283,6.684793385502985e-09
5445,6.651915462896341e-09
4522,6.633666727040577e-09
4748,6.626246218388587e-09
9253,6.613078751271928e-09
5494,6.599016000308211e-09
4526,6.576292843618603e-09
5498,6.543463770825042e-09
5455,6.493936499651909e-09
9287,6.487493653395404e-09
5053,6.4509730890449646e-09
4668,6.426145393589877e-09
4776,6.280520770118869e-09
6342,6.2575744586013116e-09
4754,6.193599633164126e-09
4781,6.1859666278252234e-09
5732,6.126623874891379e-09
8787,6.083360259978576e-09
8197,6.07102701444262e-09
3473,6.001034336122757e-09
4312,5.982047746044827e-09
8952,5.937776048625665e-09
9746,5.907368594293416e-09
9734,5.89438564624345e-09
8955,5.884936982170075e-09
7701,5.733879593350366e-09
8811,5.7207367731848535e-09
5705,5.7196705149920035e-09
7759,5.555307991400582e-09
8905,5.4196251930704875e-09
5978,5.406766812043884e-09
8034,5.399348079748734e-09
9857,5.387764456799005e-09
9345,5.2672655126428936e-09
9248,5.150833981559799e-09
7774,5.124828783564794e-09
8668,5.10039210865898e-09
8116,5.065376340596117e-09
5918,5.010078352185587e-09
9584,4.998502278752426e-09
7415,4.987838142511691e-09
5923,4.9515491706841885e-09
9379,4.810982501268768e-09
9123,4.774473705282389e-09
6791,4.767217509638044e-09
5431,4.637595640843983e-09
9595,4.631179217895465e-09
6986,4.576312218063094e-09
9710,4.524254526572236e-09
5390,4.520148255693357e-09
8005,4.414971499500098e-09
3992,4.395189101558117e-09
6671,4.3455348208709665e-09
5734,4.338140069393148e-09
5692,4.335813041933534e-09
7328,4.166698985841322e-09
5541,4.136295528311962e-09
5237,4.1230985292628475e-09
5603,4.055111579859272e-09
6331,4.029336420074969e-09
4417,4.006880827134296e-09
6177,3.974347517754495e-09
5241,3.8545433511671945e-09
9009,3.76171915839052e-09
8514,3.760873168445755e-09
8750,3.698395478757277e-09
5489,3.67280406088355e-09
8442,3.6623019061821083e-09
7651,3.638211398815372e-09
7838,3.6203947617607923e-09
6267,3.5548276544616897e-09
8218,3.477508170313115e-09
9127,3.3617811867614478e-09
9922,3.2997544696655723e-09
7731,3.2234793723162625e-09
10486,3.214340460466758e-09
10253,3.0764109038017295e-09
10258,3.0315014942772223e-09
8570,3.007054827364186e-09
10275,2.9011366642350822e-09
7417,2.8702977772354643e-09
5672,2.8511749627924132e-09
5867,2.83455336980154e-09
6208,2.816204935918165e-09
5872,2.7799829105390472e-09
5861,2.6339482817050452e-09
5993,2.6301971711717442e-09
9045,2.597188464292799e-09
7746,2.5122888214212935e-09
7459,2.4607099691209555e-09
7463,2.4051975966443706e-09
7601,2.3876501886732626e-09
6255,2.382997132954756e-09
8086,2.3807885662918693e-09
8092,2.3737239951415745e-09
5099,2.3106541124917612e-09
5102,2.2682501432669255e-09
6879,2.261286713434174e-09
9351,2.218488281968689e-09
10218,2.0211478046761044e-09
10126,1.8332753648486744e-09
7909,1.740754485002327e-09
10495,1.7256531759102245e-09
9860,1.6850658091094317e-09
8748,1.6654614909406007e-09
8243,1.661561610522e-09
7185,1.6043268935561628e-09
7172,1.5328601166153533e-09
10188,1.4610737619769054e-09
10500,1.4419738736393128e-09
9406,1.4157993111219014e-09
10262,1.3640540919013233e-09
9645,1.2350076517009256e-09
9646,1.2315197750467632e-09
9836,1.2292872830776957e-09
9921,1.0986306864246842e-09
10450,9.8736002707156e-10
7821,9.76472291913666e-10
7587,9.218342200689733e-10
10248,8.62419913261192e-10
8532,6.983003619787098e-10
10348,6.528130536143095e-10
10352,6.481458147966634e-10
9854,-8.090282200373352e-16
8390,-2.446062168597442e-15
8404,-2.634157163600929e-15
9662,-3.1996068189138645e-15
6823,-4.440142474342306e-15
9660,-4.578354534411685e-15
5817,-5.022992621611568e-15
9676,-5.1176095899516626e-15
8103,-6.172929844759927e-15
8121,-6.6486000427736554e-15
6065,-7.210948604587574e-15
9012,-7.55442935854514e-15
9729,-8.090330587130464e-15
7984,-8.88977510582565e-15
9905,-9.404488228751881e-15
5120,-9.502752520962852e-15
8000,-9.574691452689634e-15
8802,-9.637753055612716e-15
9094,-9.709630153934348e-15
9764,-9.736642034622288e-15
9553,-1.001027136955158e-14
10239,-1.0210892817174655e-14
7639,-1.0225343199254814e-14
9576,-1.1189163355210642e-14
9948,-1.1330478096965814e-14
9774,-1.2046768544196097e-14
8671,-1.2165250665825082e-14
8463,-1.2695452209708332e-14
9786,-1.3463232519252783e-14
9943,-1.82080023462621e-14
9516,-2.198775304217875e-14
6589,-2.2648162608296298e-14
8264,-2.383190470461134e-14
5881,-2.393273889478428e-14
9538,-2.4572672286434904e-14
6261,-2.4939653545997566e-14
7161,-2.5571034445979763e-14
8767,-2.630428037523171e-14
9985,-2.6426424220291674e-14
9611,-2.6489632359914632e-14
5899,-2.6745892013711053e-14
10402,-2.7347103294177947e-14
4188,-2.847665730472534e-14
8275,-2.93477197296603e-14
9998,-2.9503711011292545e-14
9968,-3.0545795317508777e-14
7187,-3.080704060723274e-14
9947,-3.139680423741749e-14
9902,-3.285873736459926e-14
10138,-3.388534807293505e-14
8126,-3.4397277845596604e-14
6816,-3.607359501172844e-14
9680,-3.609413047850167e-14
9820,-3.7515661828165306e-14
5952,-3.836043489151633e-14
9041,-4.00024675520751e-14
7595,-4.0228635513387366e-14
9508,-4.1370493524526576e-14
8075,-4.155744894257865e-14
6835,-4.185581799231487e-14
10136,-4.2347085243261105e-14
3647,-4.378321097060593e-14
9418,-4.763125285086201e-14
7523,-4.8702175240800463e-14
3656,-4.893062341480674e-14
5980,-4.9021120414891386e-14
6382,-5.3822135347180756e-14
6832,-5.514753353952871e-14
9745,-5.58148718351548e-14
6399,-5.657801294524714e-14
9622,-5.784378510030608e-14
9761,-6.013248167631435e-14
9914,-6.023056131534282e-14
5860,-6.436669095942135e-14
2846,-6.44676166291526e-14
9642,-6.468409453354827e-14
9876,-6.625437503314513e-14
8854,-6.956861166784387e-14
5334,-7.018982563136017e-14
5117,-7.215594156786791e-14
9819,-7.275944915465481e-14
9473,-7.391748888321836e-14
9955,-7.521785386384316e-14
7426,-7.583650301159518e-14
10484,-7.678014514868152e-14
3284,-7.888110534226035e-14
7408,-8.19917626902842e-14
5949,-8.452887031279964e-14
6275,-8.640914115416905e-14
7429,-9.878025047233008e-14
4669,-9.988706842450727e-14
9191,-9.994409745878001e-14
6705,-1.0001537358722556e-13
8523,-1.0453796370755476e-13
5794,-1.0518149868329711e-13
8136,-1.0709367894985548e-13
8148,-1.1108613825355253e-13
8007,-1.1646621031957335e-13
7020,-1.1887312558996402e-13
9214,-1.2027739102003082e-13
8889,-1.2113135608492545e-13
10289,-1.2375448159730046e-13
2576,-1.2577221572161387e-13
2955,-1.2902251153319028e-13
9686,-1.3148155659928676e-13
9685,-1.3148155659928676e-13
5625,-1.338918396726757e-13
8910,-1.3536769632744444e-13
7041,-1.361598618685074e-13
7812,-1.3671723665285504e-13
3332,-1.3990039324490028e-13
7466,-1.4035577170987135e-13
2585,-1.4055833455700953e-13
6714,-1.4130730141776252e-13
4866,-1.431461489598794e-13
5641,-1.4419075742427845e-13
3814,-1.463620823388516e-13
4080,-1.4894150772741185e-13
9918,-1.4983820391042957e-13
6597,-1.5600840525030815e-13
5849,-1.5839157649312138e-13
7720,-1.6408047338357934e-13
6508,-1.6532592352416775e-13
4880,-1.665533149223207e-13
4432,-1.6655403998252355e-13
6494,-1.7026798130063622e-13
9952,-1.7382152168359324e-13
8355,-1.7587075865728094e-13
8149,-1.782625289785747e-13
4759,-1.8010128842926507e-13
6351,-1.8094876860991552e-13
6430,-1.8119459112373587e-13
3987,-1.8296948429020327e-13
7073,-1.8347163252638993e-13
2666,-1.8637371648148188e-13
9399,-1.902887840788542e-13
3887,-1.9119755556356796e-13
4890,-1.9316040872916287e-13
8339,-1.93978249532923e-13
8394,-1.9548801461063622e-13
7270,-1.960057075954709e-13
2671,-2.0070794662764915e-13
8721,-2.032052572541708e-13
6516,-2.0498338269836491e-13
10380,-2.0547711481518766e-13
4653,-2.0627269559309394e-13
3129,-2.0765278331471432e-13
6627,-2.0910882617478088e-13
8314,-2.0997563903541946e-13
5590,-2.1147689312607867e-13
8378,-2.1188250671133266e-13
9655,-2.167619789173944e-13
8987,-2.189038541904574e-13
8988,-2.189038541904574e-13
2669,-2.2059577878567535e-13
9915,-2.2422339728206744e-13
4586,-2.243947215541109e-13
8710,-2.2597506819325291e-13
3337,-2.2630131817948096e-13
4387,-2.2730108133152058e-13
6807,-2.2812411952944506e-13
7699,-2.31721244839736e-13
8039,-2.324333759316788e-13
8423,-2.3526397030602247e-13
3712,-2.3762904892508235e-13
4597,-2.3777595831945414e-13
8286,-2.405405044527027e-13
4593,-2.4175312359625556e-13
7344,-2.4392631198331266e-13
8078,-2.46453817640338e-13
3714,-2.4661236865553687e-13
7493,-2.475668731431388e-13
7586,-2.4910405498328875e-13
8189,-2.500875754315318e-13
8441,-2.516928316155867e-13
8733,-2.52696951905107e-13
9011,-2.538823101402854e-13
3046,-2.5613732868631084e-13
6161,-2.5645470176725166e-13
8053,-2.5980391069827663e-13
5201,-2.6094279731783687e-13
6235,-2.641253643749508e-13
8940,-2.684912161305883e-13
6600,-2.6888616387697045e-13
6227,-2.689197741443175e-13
7954,-2.694907014558212e-13
3358,-2.7244383778071007e-13
8705,-2.7369713483452185e-13
2687,-2.7550814548586017e-13
6031,-2.787806471131818e-13
9464,-2.864462004181431e-13
7790,-2.900198934089812e-13
7431,-2.983327967260793e-13
9220,-2.9916185902232467e-13
7886,-3.1475042299063116e-13
6586,-3.163592976994367e-13
3583,-3.1721508557923384e-13
4258,-3.1803662622290757e-13
7857,-3.1844171125960247e-13
9237,-3.221776008954444e-13
5325,-3.2302054097949756e-13
6626,-3.2394232966654474e-13
7593,-3.325655858555168e-13
8468,-3.333329977057292e-13
3475,-3.362654935317594e-13
2543,-3.3676684216884384e-13
3538,-3.392654809430268e-13
5141,-3.41842643059552e-13
9630,-3.456475421636726e-13
9826,-3.4592085597882904e-13
8786,-3.4597930802845317e-13
6094,-3.500193705837859e-13
6172,-3.5421038118658293e-13
9144,-3.556900189964282e-13
7875,-3.559563126025178e-13
7779,-3.5621978728295894e-13
3432,-3.5842363148644307e-13
4631,-3.589529389870505e-13
3323,-3.608037534106462e-13
7448,-3.611459953789184e-13
7444,-3.6280037947391403e-13
4383,-3.638928215829104e-13
7905,-3.6512836482614774e-13
8043,-3.6685534980911844e-13
5047,-3.6686514828625227e-13
9285,-3.7025825385273575e-13
4232,-3.707256940668757e-13
4172,-3.738772800469109e-13
5550,-3.75763385251221e-13
6103,-3.769320467729431e-13
9168,-3.7798400748332434e-13
7675,-3.7877001340079486e-13
3552,-3.792165827231145e-13
5804,-3.8323439202885695e-13
9911,-3.956279477201202e-13
7171,-3.9773643634253425e-13
3489,-4.047007683399134e-13
5996,-4.064197708843892e-13
4393,-4.0666906962142507e-13
9249,-4.0968017010496044e-13
5460,-4.379647008554907e-13
3259,-4.433590403444751e-13
5466,-4.717083657273385e-13
6548,-4.911139583115703e-13
2690,-1.2300237868176356e-12
10133,-1.2991285022571908e-12
7069,-1.3142786555245256e-12
7831,-1.3166543593248758e-12
9458,-1.3170409858195842e-12
6366,-1.3323710082273343e-12
10461,-1.348674861026411e-12
7086,-1.3670757234574005e-12
9125,-1.3675633975945845e-12
6983,-1.371834341002548e-12
9888,-1.3769795308322952e-12
4767,-1.3774696444243673e-12
6379,-1.3898188155891944e-12
3271,-1.3938200637067522e-12
8788,-1.4042053652664477e-12
3409,-1.4214660806928514e-12
6321,-1.4356556850454727e-12
6089,-1.4445230493535799e-12
5035,-1.445709329160605e-12
6699,-1.4477062127218887e-12
5887,-1.452099833605669e-12
1202,-1.4547190492139594e-12
9439,-1.4566476280383767e-12
1835,-1.4608755828302011e-12
6995,-1.4632678207136818e-12
5961,-1.4775442696603192e-12
4435,-1.4840848276860552e-12
9305,-1.4862331742908352e-12
8094,-1.5017563473156137e-12
8821,-1.5255294857213775e-12
6528,-1.5267370158909832e-12
4824,-1.531171836457318e-12
6598,-1.5340288176020345e-12
5747,-1.5456665895113852e-12
3750,-1.5463793440195772e-12
9373,-1.5533824226920956e-12
4028,-1.5680695674216705e-12
7577,-1.5729741185792345e-12
6604,-1.5741667951790772e-12
6017,-1.5901942306342787e-12
4826,-1.5959909175494724e-12
8885,-1.5977062338065617e-12
6572,-1.5978356875459565e-12
5647,-1.6018088548272469e-12
9763,-1.6121428736241838e-12
9939,-1.6123359158209949e-12
8798,-1.6125545993991852e-12
3328,-1.6269855471554018e-12
4843,-1.6279222436223206e-12
7669,-1.6314571221753837e-12
8027,-1.632051807066992e-12
5302,-1.6445691921988803e-12
3650,-1.6479980357794743e-12
6279,-1.6480807061951264e-12
5190,-1.6497666405733413e-12
10313,-1.6528517920652575e-12
6222,-1.653973507632911e-12
9906,-1.6592607279472538e-12
7049,-1.6654400298091177e-12
9457,-1.6656223926145297e-12
9987,-1.667628004003302e-12
6863,-1.6689497006616705e-12
7764,-1.6807981330531352e-12
5987,-1.7035833464393302e-12
6249,-1.7087493529507891e-12
4303,-1.7117982920901442e-12
7380,-1.7148229451008357e-12
9844,-1.7188928774260204e-12
8118,-1.7222712513954852e-12
3595,-1.7237234317853123e-12
9380,-1.733965293397588e-12
9176,-1.7364939239143673e-12
9895,-1.743666788647097e-12
7079,-1.7475075206330182e-12
9931,-1.7484281166976756e-12
10006,-1.7576002502364685e-12
6434,-1.7597746176933882e-12
9072,-1.7607739810458767e-12
9434,-1.7611283525259536e-12
6990,-1.766433516386251e-12
9273,-1.7723614459744241e-12
9080,-1.7766990136058869e-12
10339,-1.7806432868992805e-12
10118,-1.781730524837849e-12
9366,-1.7832455889536802e-12
5815,-1.7870478317624783e-12
3671,-1.7922426238416167e-12
7975,-1.8168791124373307e-12
4203,-1.825855276433447e-12
5210,-1.831287454578251e-12
4262,-1.8314104573147194e-12
4159,-1.840238085613205e-12
9289,-1.86698426900625e-12
7709,-1.867668996888283e-12
9924,-1.86778733755541e-12
9871,-1.8722394511463958e-12
7085,-1.873764056241345e-12
10072,-1.8914840397080135e-12
5584,-1.9021973666349945e-12
7372,-1.9150962283012718e-12
5839,-1.9334265091708325e-12
7719,-1.9377992049526838e-12
4575,-1.9469922635934056e-12
7478,-1.9549036868460323e-12
9592,-1.955402961946462e-12
8362,-1.960101026800276e-12
8945,-1.963219842769648e-12
9082,-1.9835941699949955e-12
4904,-1.9992105844066077e-12
4036,-2.0053960662208548e-12
7326,-2.016999848392098e-12
4221,-2.0620596159412474e-12
9724,-2.106890942092654e-12
3465,-2.114270347339242e-12
9535,-2.1207381553992044e-12
7184,-2.126274416952567e-12
7990,-2.128041449653284e-12
6478,-2.1299273109121053e-12
9228,-2.150396288987111e-12
3816,-2.1544629144956695e-12
7638,-2.1642274561015085e-12
2021,-2.1657498927921126e-12
8874,-2.215934792430818e-12
7196,-2.217248953884088e-12
5360,-2.2234028854151155e-12
3069,-2.2805214747873004e-12
9252,-2.340044824578058e-12
9061,-2.7016532457360687e-12
4056,-2.8110608459031017e-12
3612,-2.897096516678299e-12
2604,-2.918734698376113e-12
5535,-2.933452309186735e-12
5471,-2.9477559716079016e-12
1113,-2.9787922345772544e-12
9938,-3.039460610282374e-12
4917,-3.042590485113905e-12
8385,-3.0712190603188194e-12
4608,-3.0872366295342513e-12
2223,-3.123326792510428e-12
8439,-3.1359757455759474e-12
10374,-3.14377462864307e-12
7152,-3.1841119367895243e-12
7805,-3.1895358749978175e-12
7901,-3.1992754799536893e-12
8285,-3.2031899918974482e-12
6521,-3.2200944384899732e-12
3040,-3.2343602622553203e-12
7544,-3.2399426024010136e-12
7158,-3.240221459199777e-12
8759,-3.272004629045755e-12
7949,-3.314337519710886e-12
9387,-3.337009054499296e-12
7410,-3.343175454355307e-12
10357,-3.357533326885098e-12
3139,-3.3979595396096962e-12
6130,-3.403052254054295e-12
8089,-3.4180958844581832e-12
7761,-3.4228529299101806e-12
5025,-3.466826543722934e-12
3335,-3.5054806279966044e-12
8938,-3.515984812324513e-12
5128,-3.5306276131852332e-12
4325,-3.5307455743815996e-12
4162,-3.5336154575321688e-12
5999,-3.569131860718666e-12
3579,-3.5719892755442517e-12
8634,-3.586260411900244e-12
7319,-3.5955828158601433e-12
6749,-3.6092781324423284e-12
6824,-3.6220294341929304e-12
9478,-3.6235013470622968e-12
7132,-3.6380741084626744e-12
2375,-3.64246122413342e-12
2712,-3.670701654960584e-12
4229,-3.684817425145259e-12
7246,-3.69663371094231e-12
8484,-3.713208343233965e-12
4741,-3.729358835635743e-12
2796,-3.769454583538168e-12
3593,-3.7733808048653894e-12
4812,-3.794322278247164e-12
4831,-3.857682185845479e-12
6191,-3.90360053309502e-12
6850,-3.954345097895162e-12
4823,-4.0966613781834305e-12
8447,-4.188937825083672e-12
7368,-4.340420601059436e-12
7872,-4.434492486757313e-12
8064,-4.470547846843753e-12
6778,-4.480916072219232e-12
7570,-4.486281571930428e-12
7507,-4.523456696020611e-12
9808,-4.554727688760307e-12
6809,-4.595167779272713e-12
3164,-4.679282569058918e-12
9617,-4.7177251254887365e-12
5530,-4.7209293765893e-12
8434,-4.7331708864783995e-12
3336,-4.755220956581541e-12
5248,-4.760627655975291e-12
8678,-4.765701938982958e-12
5451,-4.809997669261157e-12
7763,-4.834767135253326e-12
10475,-4.845752271664949e-12
4235,-4.858792188033867e-12
8714,-4.886244620722069e-12
9823,-4.913126546227109e-12
9463,-4.933458806408164e-12
4788,-4.940975363229572e-12
8751,-4.988547335632587e-12
4761,-4.989275919492497e-12
8452,-4.992504456721725e-12
7022,-4.995096133594834e-12
4996,-5.001422886952156e-12
5216,-5.020598520255604e-12
5258,-5.0378535978307104e-12
5092,-5.050352930996427e-12
7968,-5.051670670316866e-12
10039,-5.060864487899108e-12
7612,-5.0710199928083455e-12
4853,-5.085816967217993e-12
5251,-5.1730312741749e-12
2477,-5.21041217983742e-12
8458,-5.240967165462407e-12
9561,-5.2423759777653345e-12
8830,-5.3276406723756775e-12
10341,-5.411412854275377e-12
6751,-5.479790015847086e-12
6435,-5.4924103459752516e-12
8727,-5.509305902109962e-12
7381,-5.603383425659136e-12
9071,-5.628114077213531e-12
6770,-5.77501544848924e-12
7613,-5.8025975517572714e-12
9641,-5.873831802893914e-12
8753,-5.92285660620806e-12
8703,-5.93275233627677e-12
9086,-5.9421655963787234e-12
9100,-5.9513604981631385e-12
6845,-5.953852428436379e-12
6142,-6.027654287157902e-12
7624,-6.032991814453048e-12
9635,-6.0440010201529004e-12
10353,-6.072136933890637e-12
7807,-6.08493117004727e-12
10046,-6.1000354073526e-12
3497,-6.195572050185505e-12
5224,-6.249208615860535e-12
4670,-6.255423045872788e-12
5375,-6.304115215960415e-12
9425,-6.3946660466829286e-12
9184,-6.433413047082781e-12
8424,-6.4840489748252406e-12
5575,-6.540302370863782e-12
6905,-6.612094986119255e-12
10356,-6.614978963898066e-12
8134,-6.6308829087258214e-12
8422,-6.810930291978323e-12
10305,-6.833435076472605e-12
8045,-6.9206333372373585e-12
7520,-6.938278077073257e-12
1998,-6.9548858859513896e-12
9498,-6.981457079113795e-12
10318,-7.0873584778752274e-12
9404,-7.182324830365405e-12
7305,-7.183608525737628e-12
2004,-7.345127978064525e-12
9323,-7.384174651944853e-12
4223,-7.38971188928017e-12
10365,-7.397140625725607e-12
9324,-7.423290714764219e-12
9696,-7.428384730251425e-12
2251,-7.443262802983575e-12
3439,-7.514233809832738e-12
7402,-7.581565583669736e-12
10297,-7.596542318799582e-12
5691,-7.617016609465233e-12
7518,-7.731844678393607e-12
7076,-7.798234714223584e-12
9349,-7.836604195426977e-12
7605,-7.86309906075644e-12
6734,-7.873140941278e-12
10485,-8.033702609405724e-12
5202,-8.040382595830842e-12
4265,-8.04206094079385e-12
6043,-8.151769190223312e-12
8055,-8.17032812933105e-12
2826,-8.239755665967463e-12
7397,-8.267831731745279e-12
6049,-8.296343213115565e-12
8621,-8.313745959026564e-12
5208,-8.33359076191087e-12
10225,-8.484346471909765e-12
7551,-8.509253197896971e-12
6211,-8.564671541422264e-12
9169,-8.606516107428908e-12
8799,-8.610212803156214e-12
2878,-8.631655720042763e-12
8628,-8.634039663779625e-12
10067,-8.650354304390317e-12
9281,-9.093630796291885e-12
6748,-9.112585252352146e-12
7717,-9.283720060065948e-12
8473,-9.418432179997271e-12
4659,-9.45003407124001e-12
7723,-9.452838685419795e-12
7537,-9.472616701450276e-12
3969,-9.495640818785178e-12
6822,-9.507705386879728e-12
7413,-9.576859704568674e-12
4426,-9.612713836731901e-12
6901,-9.62691298206364e-12
7273,-9.728001824221844e-12
6068,-9.785946358809028e-12
7692,-9.800417855726495e-12
8416,-9.867098891419568e-12
7778,-1.0058528662759691e-11
10075,-1.028575315198399e-11
8451,-1.0292390204003077e-11
8421,-1.0319680873727144e-11
10169,-1.0320931175672454e-11
9198,-1.0335689335644327e-11
7667,-1.0445217607513158e-11
8427,-1.070684383167042e-11
9585,-1.085560591071455e-11
1953,-1.0894983266257485e-11
8500,-1.091074106063239e-11
8269,-1.1034822795102928e-11
7685,-1.1039037305787813e-11
7971,-1.1348457763793451e-11
7792,-1.142566553521962e-11
7257,-1.1436719193208544e-11
1067,-1.1448353116200183e-11
3291,-1.148816501997385e-11
7232,-1.1574895122240525e-11
478,-1.1643244094555749e-11
9499,-1.1687102674518002e-11
7934,-1.1746273224921833e-11
10371,-1.1762052703340187e-11
10270,-1.1940172808810878e-11
8495,-1.2185163902195262e-11
10382,-1.219731086965492e-11
1955,-1.2202326388904838e-11
10284,-1.2389965789449953e-11
10245,-1.2488791684833744e-11
8021,-1.2521793497921596e-11
6801,-1.2559018061630844e-11
9607,-1.2621353181335726e-11
7985,-1.2948617005015262e-11
6244,-1.2961010736889378e-11
8499,-1.3037359386514069e-11
7911,-1.3125109939865487e-11
10030,-1.317657007809947e-11
7913,-1.3188834139393757e-11
3774,-1.3562152269275263e-11
8606,-1.3619062908670765e-11
2421,-1.3811962858156779e-11
10112,-1.3839925733227787e-11
565,-1.3977719155733315e-11
8620,-1.4133254462589395e-11
5653,-1.4267905433518191e-11
9523,-1.4277487178637749e-11
8914,-1.4364706472924649e-11
10269,-1.437201876605676e-11
4572,-1.4455356616566162e-11
2633,-1.467833797216822e-11
7924,-1.4710234766401875e-11
5236,-1.4995577696241824e-11
2868,-1.5146489965034426e-11
10469,-1.5240073959754685e-11
8037,-1.5283144541577975e-11
6433,-1.5350961821147813e-11
8864,-1.587587439982885e-11
1500,-1.5989129291404947e-11
7704,-1.602441530162979e-11
9115,-1.633302434272954e-11
414,-1.6426209351050325e-11
10143,-1.6578182403248487e-11
5670,-1.6584979049827364e-11
8135,-1.6801724074533286e-11
8902,-1.696201859524571e-11
10028,-1.698223592999648e-11
1507,-1.740845922276746e-11
3300,-1.758909337623571e-11
9559,-1.7603924394593573e-11
4605,-1.7868874782611677e-11
6935,-1.7927795532834967e-11
9122,-1.8114404073954482e-11
9856,-1.8468099445556607e-11
8719,-1.900770339735569e-11
1772,-1.9123422463629414e-11
7694,-1.938213218394269e-11
8100,-1.940210492268335e-11
8894,-1.9460535613524677e-11
8162,-1.947677175789808e-11
8108,-1.9479567264779618e-11
2105,-1.9654468157159766e-11
9269,-1.971189964727893e-11
1459,-1.9765731586185442e-11
8860,-2.0054536156721703e-11
10170,-2.00904718208883e-11
5512,-2.0309845819022065e-11
8194,-2.0373562212294694e-11
6556,-2.0584227898579055e-11
10057,-2.0592010735454025e-11
6777,-2.0612393736296752e-11
662,-2.0686750923371022e-11
8672,-2.0989980586971768e-11
7703,-2.1314259385230017e-11
8129,-2.1440014694174003e-11
1304,-2.1734218591529242e-11
6959,-2.1856997114988452e-11
1959,-2.1978476330564156e-11
9735,-2.1985452521022797e-11
5249,-2.2386711408250992e-11
3789,-2.2452705493447578e-11
4710,-2.245822798563335e-11
2359,-2.2598190679845587e-11
6570,-2.26358437202534e-11
8875,-2.2677329632181387e-11
875,-2.2755892656323162e-11
5990,-2.2814253090863712e-11
9293,-2.2935413117319836e-11
9292,-2.2935413117319836e-11
4976,-2.3172045879316094e-11
4304,-2.3759171713377825e-11
9669,-2.3857406501737177e-11
4010,-2.4101137752197133e-11
9708,-2.4174300582158192e-11
1756,-2.4233253424765788e-11
3557,-2.428448067637312e-11
5281,-2.4338614457164454e-11
10272,-2.438892664213821e-11
772,-2.4454023875297715e-11
7197,-2.4936274399534053e-11
9851,-2.5167312678320286e-11
4708,-2.729478275342867e-11
8915,-2.747797388930051e-11
3405,-2.793079656449038e-11
9209,-2.8143000950497932e-11
5062,-2.8636301663276242e-11
10298,-2.8729771166247087e-11
276,-2.92675241680973e-11
8722,-2.93182414110027e-11
8925,-2.934584953512287e-11
5262,-2.9500219107803094e-11
5946,-3.015324448463197e-11
9482,-3.0502872797044667e-11
3633,-3.0533754344364006e-11
9370,-3.081021722473043e-11
9930,-3.206358616114624e-11
8488,-3.217503694030732e-11
10328,-3.238203802324868e-11
5153,-3.253503196021246e-11
9343,-3.264380953049706e-11
9239,-3.401230685984302e-11
4713,-3.422158563470834e-11
5104,-3.468565192010775e-11
5137,-3.5229244868539844e-11
6866,-3.5512219900835085e-11
9889,-3.5571635914610766e-11
4524,-3.5668263481669626e-11
9991,-3.61153485589627e-11
5043,-3.6870909103647875e-11
2269,-3.735597768617094e-11
5965,-3.7424566917687585e-11
4230,-3.8224251888707705e-11
1117,-3.9452488151403564e-11
3761,-3.984500576703631e-11
3856,-3.9969610954315726e-11
9692,-4.025826200182436e-11
10012,-4.1686905663529394e-11
8029,-4.2684683912441734e-11
1014,-4.393447584905008e-11
5863,-4.438653784799573e-11
7188,-4.472675702027473e-11
5144,-4.4833343634809175e-11
1488,-4.498923109053088e-11
6028,-4.512493503860959e-11
6907,-4.522285323993458e-11
7204,-4.5393067776844376e-11
5010,-4.769109065994037e-11
4749,-4.7691697813156964e-11
423,-4.888323600071853e-11
2448,-4.952850456152458e-11
7377,-4.955296936670628e-11
848,-4.9783295541505623e-11
5303,-4.9884811559319786e-11
7295,-4.991053056957462e-11
7216,-5.050430386399629e-11
631,-5.1437205189630575e-11
1347,-5.21711424061877e-11
6233,-5.414809746417948e-11
1169,-5.540982603302602e-11
2953,-5.5433040102581543e-11
7509,-5.552399512387396e-11
1092,-5.667944759368826e-11
5693,-5.675617267830724e-11
6718,-5.7290833535561525e-11
1157,-5.840422243053034e-11
10462,-5.859468639457521e-11
4386,-5.886067154514674e-11
524,-6.283549722208015e-11
613,-6.292000254148888e-11
416,-6.350632172913429e-11
5187,-6.351016587635705e-11
2839,-6.446404174353937e-11
6737,-6.476279235112514e-11
7205,-6.585905432121564e-11
1570,-6.68216211530126e-11
1048,-6.768159296899334e-11
6174,-6.794370621676649e-11
7521,-6.914497793775176e-11
2645,-6.983046432762485e-11
5848,-7.107452473786857e-11
1296,-7.173028837570428e-11
9306,-7.186394188063439e-11
1902,-7.187758027660252e-11
2823,-7.450910374795505e-11
9029,-7.468287099854365e-11
6952,-7.603834575875545e-11
4001,-7.668330553878278e-11
708,-7.744352381600095e-11
1911,-7.801357129744169e-11
1134,-7.916377969818811e-11
9435,-7.999502796285363e-11
3239,-8.089061018234922e-11
9307,-8.196599302068286e-11
1799,-8.206336304938944e-11
6033,-8.28073130898499e-11
3249,-8.31811459989229e-11
7288,-8.456180200511199e-11
1864,-8.777554377781271e-11
7688,-8.778842583434532e-11
1871,-8.816320243298925e-11
2785,-8.890251382287495e-11
3011,-8.89866791364824e-11
1306,-8.912336493804851e-11
2891,-8.931146447399563e-11
3632,-8.959373867800657e-11
2948,-9.032134415387638e-11
3109,-9.07944865125021e-11
545,-9.10013696342471e-11
9322,-9.162795175376992e-11
3134,-9.361210071001658e-11
8155,-9.386310478864957e-11
4457,-9.687477209308071e-11
1766,-9.692470784306018e-11
2369,-9.767753619827069e-11
9006,-1.0014904530675217e-10
5546,-1.0024676921904785e-10
8097,-1.0037245340432932e-10
676,-1.0042509532293131e-10
5367,-1.0059612517987482e-10
2152,-1.0146354936790836e-10
2151,-1.0146354936790836e-10
10025,-1.0149039247897562e-10
8033,-1.0203935613128934e-10
1321,-1.0269841227428245e-10
9116,-1.0444660414332674e-10
9749,-1.049850935352925e-10
7492,-1.0516545967398372e-10
10000,-1.06621055734335e-10
4503,-1.0741081635234906e-10
9019,-1.0785821888403824e-10
10254,-1.0862499788544255e-10
1810,-1.0911979306249542e-10
10032,-1.1417717465933563e-10
1802,-1.1418488723990983e-10
760,-1.1463543655998443e-10
849,-1.1532927390867087e-10
885,-1.1554899745358505e-10
1397,-1.176873806740808e-10
8717,-1.1835279284388989e-10
9058,-1.1879559141947382e-10
286,-1.2526969045412173e-10
7512,-1.258759416145061e-10
844,-1.2637215579536232e-10
1530,-1.2654124276201273e-10
7891,-1.265538021599788e-10
5119,-1.266379778819271e-10
722,-1.267034949181678e-10
9536,-1.297468937844215e-10
4444,-1.2974824686873276e-10
865,-1.3340391985527944e-10
8578,-1.3665461817691238e-10
2092,-1.3670896359396778e-10
7860,-1.3790930203372298e-10
8595,-1.3848070606892193e-10
2899,-1.4047012164564165e-10
2085,-1.417570158479542e-10
1991,-1.4295247624529495e-10
6546,-1.430767171406444e-10
811,-1.4309406437540417e-10
2037,-1.4328905423299787e-10
2179,-1.4493772848567232e-10
10209,-1.449762185301573e-10
376,-1.462493667836462e-10
368,-1.4765760142365636e-10
7957,-1.4828667460609068e-10
8825,-1.494657314582426e-10
2148,-1.502228202943101e-10
108,-1.5101447869980689e-10
7530,-1.5102678829759242e-10
8808,-1.525481754804936e-10
7710,-1.5301462180650205e-10
2427,-1.5399266584115168e-10
880,-1.544834121736116e-10
4002,-1.554411321880167e-10
4416,-1.555150383469872e-10
893,-1.5615017612269355e-10
874,-1.5736475317273957e-10
7918,-1.5854007689997118e-10
8203,-1.5903804662098509e-10
7014,-1.5928679208965235e-10
6558,-1.5975690215164207e-10
480,-1.6106442568553092e-10
4889,-1.6168352767742533e-10
9382,-1.6210320585852145e-10
10186,-1.6601393870718795e-10
3045,-1.6635808702814003e-10
2463,-1.685603531753621e-10
789,-1.6866445046170853e-10
109,-1.6904735944400784e-10
7424,-1.7003352892341894e-10
5963,-1.7138165886443346e-10
5184,-1.7226740867126722e-10
3414,-1.7246132993919971e-10
3638,-1.7254705303448858e-10
9081,-1.7294574106152538e-10
3917,-1.7469797830571565e-10
8175,-1.7540833369134035e-10
2273,-1.7561718745895405e-10
452,-1.8057372264124183e-10
1985,-1.8068709028984387e-10
9442,-1.820739392588422e-10
1878,-1.8286606257023053e-10
3008,-1.8461607936837154e-10
299,-1.848499062151454e-10
535,-1.8614016578100134e-10
3348,-1.8946143959253092e-10
920,-1.9140652257609858e-10
9456,-1.9261872652442946e-10
4487,-1.9716791394008837e-10
207,-1.9808969742296512e-10
9465,-1.9979549958915044e-10
7384,-1.9985271076938815e-10
3034,-2.0012968365845651e-10
2855,-2.0200072864406948e-10
3515,-2.0214027673937096e-10
1575,-2.0231662178904486e-10
1564,-2.063597348556101e-10
1547,-2.072775145967043e-10
4969,-2.0851643328656522e-10
4601,-2.089806383498427e-10
2376,-2.0952272555829765e-10
4257,-2.0959210755844282e-10
575,-2.118087719105155e-10
10414,-2.127698850440396e-10
1147,-2.137778773447785e-10
2391,-2.1661815396978312e-10
3531,-2.167463153401883e-10
8244,-2.2045892195121652e-10
1960,-2.2241855579530068e-10
9412,-2.2290139178871016e-10
2446,-2.234336882178667e-10
4875,-2.250554673177696e-10
1373,-2.2561973817003533e-10
3771,-2.2601952254230895e-10
8130,-2.2625930989894627e-10
1915,-2.2666184901209974e-10
8491,-2.2781388581138984e-10
5491,-2.322962169842846e-10
2236,-2.336334598007639e-10
458,-2.350931463390715e-10
4845,-2.361456724608857e-10
1760,-2.3727736442324954e-10
8897,-2.3882952560061455e-10
2921,-2.3913555163845857e-10
4850,-2.4013484256624196e-10
1356,-2.440069812870149e-10
2468,-2.4630718298279675e-10
2856,-2.472797799857318e-10
8700,-2.4801437292776285e-10
6940,-2.481192751258021e-10
7890,-2.4850184410230014e-10
2838,-2.495230688737138e-10
2312,-2.5014833260339486e-10
8930,-2.51089080083311e-10
2395,-2.5110052925825244e-10
1452,-2.528216663799654e-10
3884,-2.528540016255576e-10
6179,-2.535553017546377e-10
4714,-2.601597687279522e-10
1458,-2.6184554524633086e-10
10441,-2.6754784498983497e-10
8693,-2.698062884221031e-10
583,-2.6987180545834377e-10
9582,-2.7050722772870017e-10
2101,-2.7171816185944664e-10
6376,-2.7599407481648797e-10
2170,-2.788590747204722e-10
9284,-2.8340403634974365e-10
2751,-2.838603380128646e-10
8659,-2.849703112373092e-10
5813,-2.85080445361352e-10
3519,-2.854855379874621e-10
4903,-2.8666546914024593e-10
8335,-2.8683583286337466e-10
6170,-2.897272977087084e-10
8577,-2.931545561857263e-10
4060,-2.936951515319919e-10
2525,-2.952546401813194e-10
4886,-2.961622752595261e-10
2337,-2.9643588972394497e-10
2993,-2.983889385577143e-10
1269,-2.9892209540971493e-10
7010,-2.9927627043235816e-10
967,-3.009884702587229e-10
8859,-3.064423159671037e-10
6246,-3.1104235853618434e-10
516,-3.11190920254667e-10
2205,-3.118878350027998e-10
7897,-3.1286642721006785e-10
4242,-3.1364073838080486e-10
6701,-3.1436639402748767e-10
292,-3.2193317456297166e-10
3510,-3.227686590223655e-10
1601,-3.233506240540862e-10
7504,-3.235848811122821e-10
3269,-3.2797868587675083e-10
3038,-3.2891053769468215e-10
4665,-3.3018478229340786e-10
9853,-3.30265648162964e-10
4335,-3.313260499293591e-10
9335,-3.313434526752701e-10
801,-3.3215014072496274e-10
6486,-3.34228408838122e-10
3907,-3.3645300434592684e-10
1207,-3.3699025514533076e-10
67,-3.400168341327614e-10
8613,-3.4011460314786746e-10
1425,-3.4057370812412557e-10
10464,-3.423827332760254e-10
5486,-3.47173054193739e-10
2471,-3.49789308629056e-10
9787,-3.509646462340754e-10
187,-3.571973411498064e-10
2124,-3.6033370731658465e-10
2812,-3.636208695256826e-10
9056,-3.63762159283354e-10
2764,-3.653019275962066e-10
2374,-3.6553519933146816e-10
2426,-3.6675681935882665e-10
4437,-3.68609351375504e-10
7884,-3.695745931509009e-10
455,-3.717778168654817e-10
9737,-3.7183241208271767e-10
2400,-3.744288212814695e-10
681,-3.7450782752745937e-10
4773,-3.7553035681092695e-10
7558,-3.762311989730094e-10
2556,-3.7775774175408117e-10
6276,-3.7826829168974285e-10
1546,-3.8268889446246845e-10
3776,-3.835087247772151e-10
5094,-3.840594647863682e-10
3747,-3.852622387778837e-10
6999,-3.8813437186480115e-10
2197,-3.9011820163192823e-10
2015,-3.974482132296231e-10
1136,-4.0071761187032706e-10
3848,-4.0299701076218497e-10
9413,-4.036805750784467e-10
6306,-4.0713080129428647e-10
521,-4.1009388940249636e-10
9417,-4.118480695369797e-10
10492,-4.1293299335443123e-10
7818,-4.137319237207393e-10
8541,-4.23737628318932e-10
5992,-4.256061753027396e-10
4849,-4.256471980434995e-10
3968,-4.272220632817181e-10
7082,-4.275341192183646e-10
6944,-4.2979600434200904e-10
2910,-4.3040547514916483e-10
8414,-4.336706271867996e-10
4061,-4.359073935145119e-10
8658,-4.362086108988805e-10
4201,-4.365445782639199e-10
3896,-4.3659206805379824e-10
1239,-4.3766576474091323e-10
4808,-4.3914669123346073e-10
6756,-4.3949623107497615e-10
1883,-4.4289442946432445e-10
7823,-4.454908802964397e-10
2410,-4.4684818345519517e-10
7107,-4.46900766393199e-10
5152,-4.4705075752382584e-10
8419,-4.5007321480827756e-10
7091,-4.518955626364729e-10
10151,-4.544174897480602e-10
3949,-4.553929039419202e-10
3476,-4.561662714230863e-10
7540,-4.626252575468115e-10
3299,-4.628145644502979e-10
7349,-4.6388680396969306e-10
9490,-4.639362366498645e-10
3402,-4.6395355612904865e-10
6717,-4.640867967697915e-10
135,-4.687873284003885e-10
298,-4.688839178035309e-10
3088,-4.69504629618811e-10
5116,-4.71182148853444e-10
764,-4.717309876056675e-10
755,-4.719747093151483e-10
4179,-4.739817149879144e-10
3290,-4.763042044109156e-10
3665,-4.765271371942603e-10
3301,-4.767075345579741e-10
9437,-4.779613788086223e-10
211,-4.903185912841224e-10
1340,-4.917787010949581e-10
2526,-4.969444578062365e-10
3807,-4.972251221868618e-10
1432,-4.972883493881142e-10
7833,-4.977816769891064e-10
7921,-4.999902436519932e-10
4723,-5.026550009556985e-10
3229,-5.061649988036265e-10
2308,-5.068511721439961e-10
3900,-5.091560784098448e-10
10360,-5.143160342058195e-10
954,-5.15689296820554e-10
5519,-5.1595647199143e-10
2183,-5.18645515423799e-10
2214,-5.221282850520481e-10
8899,-5.258260493690159e-10
1216,-5.281237391852045e-10
5650,-5.288854909579754e-10
2745,-5.327890628681331e-10
7218,-5.350605236653649e-10
3754,-5.352271681413612e-10
2749,-5.368297750774076e-10
5170,-5.380923484565869e-10
964,-5.440620176599964e-10
3619,-5.441165018549299e-10
8506,-5.50372220020634e-10
6728,-5.506683165013015e-10
440,-5.516204992783713e-10
3994,-5.520695844918322e-10
7358,-5.524177504323546e-10
8862,-5.572389494279406e-10
4441,-5.583894180372084e-10
1021,-5.593308871620906e-10
10278,-5.609974151887798e-10
3277,-5.679543502168372e-10
10220,-5.679864356622488e-10
525,-5.68986968652041e-10
2668,-5.716648820985881e-10
4517,-5.718094053808187e-10
7848,-5.769830169199963e-10
1657,-5.774621336662733e-10
7555,-5.791218060657854e-10
2174,-5.796085278397811e-10
5569,-5.892700216669766e-10
7367,-5.893203425255678e-10
581,-5.89631621306097e-10
2452,-5.925546164853301e-10
1206,-5.928988133785396e-10
9480,-5.968210370355109e-10
8631,-6.003755548267264e-10
3230,-6.044404143867865e-10
940,-6.064696245200452e-10
1642,-6.083918924204568e-10
138,-6.088493043066023e-10
8916,-6.102988669987042e-10
8222,-6.106019856400025e-10
8205,-6.124247220462564e-10
6389,-6.178883238394661e-10
2732,-6.204675384591241e-10
3722,-6.290460097257977e-10
7959,-6.291162035765296e-10
5140,-6.300781840717917e-10
514,-6.301862365276634e-10
9471,-6.332790403185129e-10
10142,-6.375828476290479e-10
1017,-6.4086264073282e-10
3800,-6.410985908811284e-10
2371,-6.443606204165064e-10
668,-6.457966661432835e-10
3093,-6.535378627159361e-10
9754,-6.54314269432632e-10
7111,-6.568616484070589e-10
7081,-6.584693623690185e-10
3420,-6.600093249709005e-10
3799,-6.626585669078366e-10
3508,-6.645070604882619e-10
7336,-6.682628894694176e-10
3155,-6.712030098388055e-10
2142,-6.742239544443862e-10
188,-6.749396597172108e-10
10306,-6.791508744274921e-10
6254,-6.833116572568798e-10
2580,-6.861132217927945e-10
9579,-6.912264927105838e-10
1032,-6.924147089026889e-10
2743,-6.93605450852175e-10
3566,-6.936114738120835e-10
4260,-6.941846264485463e-10
137,-6.949421593738236e-10
3773,-6.988412903918828e-10
6569,-7.00146551846359e-10
3423,-7.026485782102299e-10
822,-7.028443382850469e-10
3162,-7.028775894646344e-10
3862,-7.031122351008889e-10
6213,-7.063656881634017e-10
8503,-7.075846575332889e-10
5591,-7.094495269033274e-10
2178,-7.096767618008926e-10
1010,-7.105815935659621e-10
1212,-7.113899747057673e-10
9186,-7.131089052592188e-10
4541,-7.148022174163771e-10
1867,-7.170712634785303e-10
9424,-7.214823460888198e-10
6165,-7.220568865040633e-10
4224,-7.266560131391486e-10
3191,-7.290577308527446e-10
6716,-7.309844118896791e-10
2103,-7.3539668798972e-10
671,-7.490962850020821e-10
5376,-7.494745657421475e-10
2853,-7.544909974566139e-10
8407,-7.596342999072192e-10
10496,-7.597556195282351e-10
3437,-7.654170353088574e-10
701,-7.674229307585989e-10
5775,-7.68818175789221e-10
6239,-7.695928616602288e-10
4267,-7.698722215288001e-10
4081,-7.729440976156354e-10
1576,-7.756010556025927e-10
1558,-7.833461934669828e-10
878,-7.872975049671993e-10
6780,-7.908626531438756e-10
2482,-7.975456683961824e-10
1127,-7.98951627078992e-10
4606,-7.992640715936972e-10
4133,-7.994881423556421e-10
719,-8.027910280983264e-10
250,-8.076119772937318e-10
1798,-8.079543978301018e-10
2293,-8.112034377560917e-10
8026,-8.114491578670169e-10
10196,-8.123905714807478e-10
1665,-8.170516485606072e-10
9847,-8.201778978200736e-10
2529,-8.202125645340175e-10
543,-8.252539207553866e-10
3016,-8.271070772725153e-10
3805,-8.291101138979684e-10
1596,-8.296865139367782e-10
2031,-8.320894806512769e-10
1830,-8.329327227940553e-10
2087,-8.337507351185991e-10
1776,-8.365525494546944e-10
1133,-8.446050248078762e-10
3882,-8.464730860691105e-10
5902,-8.474521362433762e-10
2717,-8.519858152311599e-10
8616,-8.520901206843234e-10
2643,-8.540592399963742e-10
2592,-8.542082041707033e-10
9206,-8.586646949026999e-10
1781,-8.612649204930989e-10
3611,-8.638008364147964e-10
713,-8.668867568228933e-10
2918,-8.684082064558396e-10
7058,-8.692322972514432e-10
2896,-8.751628033376591e-10
10265,-8.816935237465628e-10
4918,-8.826424036101344e-10
152,-8.832485298704285e-10
2237,-8.841042065110827e-10
2239,-8.911120730203947e-10
361,-8.933594419779922e-10
2071,-8.957698749423315e-10
5442,-9.031923264846142e-10
2609,-9.049563043372899e-10
4885,-9.053623128973953e-10
9503,-9.084850649543341e-10
4129,-9.092704644775296e-10
2171,-9.17202452876964e-10
4619,-9.268225631409166e-10
4145,-9.276936718816131e-10
1221,-9.35403365875942e-10
9364,-9.360304475958259e-10
3770,-9.395300648584737e-10
8361,-9.47256689753928e-10
1666,-9.479857454586238e-10
3253,-9.586826332785847e-10
3936,-9.611821338850746e-10
366,-9.617929785932233e-10
8323,-9.628037533904177e-10
7808,-9.639065656763535e-10
2841,-9.776093268243358e-10
5266,-9.776165432739958e-10
5764,-9.816142898522173e-10
6870,-9.888040941596898e-10
4939,-9.896708452750147e-10
7770,-9.964825076202999e-10
9227,-9.99065385975939e-10
323,-1.0031568908885902e-09
4154,-1.0043217368860269e-09
5544,-1.0204014855297316e-09
321,-1.0279408435565074e-09
3937,-1.0304531672389317e-09
5534,-1.0353309876087735e-09
489,-1.0405509787148048e-09
9381,-1.046361886025693e-09
2412,-1.051262576989842e-09
4909,-1.052493481257244e-09
3960,-1.054110632114913e-09
5631,-1.055116882753282e-09
7303,-1.0555696317027241e-09
5892,-1.0562563046434548e-09
1841,-1.0601285960198936e-09
4707,-1.0610133327482174e-09
7575,-1.0676029504885776e-09
9014,-1.0736928013344027e-09
10416,-1.0788199777955754e-09
4408,-1.0815895401528053e-09
3688,-1.0823797969017335e-09
3521,-1.0837871156077483e-09
3558,-1.084190792699502e-09
10132,-1.086870371480586e-09
6045,-1.088437839857903e-09
5916,-1.0902697633596858e-09
3618,-1.0917811654742593e-09
319,-1.092134938041056e-09
881,-1.0972259767427772e-09
4141,-1.0976898279224656e-09
1336,-1.098382662600983e-09
6573,-1.1007978417687525e-09
3623,-1.103859670337215e-09
5496,-1.1039330560791427e-09
3790,-1.1073416072981956e-09
1887,-1.1086095375034688e-09
4900,-1.1167429758707215e-09
7708,-1.117101966485734e-09
7173,-1.1199507987669222e-09
3756,-1.1282171863413737e-09
6439,-1.1296809043770395e-09
7311,-1.1368424535085353e-09
2847,-1.1425482226989914e-09
2068,-1.145799954915816e-09
10144,-1.1472467420503563e-09
2013,-1.1528299426188937e-09
5309,-1.1639938457541632e-09
1378,-1.16511406078601e-09
6612,-1.167686114467159e-09
1220,-1.1687114609415516e-09
2318,-1.1716183578869277e-09
7470,-1.1719726300540856e-09
6599,-1.1932138055392727e-09
824,-1.1943716571316543e-09
5476,-1.1972063340692785e-09
761,-1.2076862287990764e-09
1916,-1.2099265478404675e-09
2798,-1.2117731817973265e-09
4280,-1.2178661412676206e-09
2157,-1.219478129588225e-09
4234,-1.2211806565964878e-09
887,-1.227228985101192e-09
4241,-1.230424651055273e-09
1420,-1.2321523246150434e-09
4624,-1.2345448552331106e-09
2218,-1.2363396417747197e-09
1876,-1.2381800029714896e-09
4783,-1.23873411528308e-09
2242,-1.2442751273766817e-09
5110,-1.248559700073315e-09
6057,-1.2498680423966846e-09
3695,-1.2533863391617217e-09
2416,-1.2544961736082882e-09
2670,-1.254620463075895e-09
5763,-1.2553605377441102e-09
4150,-1.257457027392661e-09
2817,-1.2578895147719038e-09
4927,-1.2685619221741717e-09
3653,-1.2707777052867186e-09
8207,-1.2720501874063928e-09
3600,-1.2843677232865502e-09
6509,-1.2926215653408235e-09
6564,-1.299055252257375e-09
4361,-1.3006896115719258e-09
2165,-1.3270097798390168e-09
2809,-1.3321338476757205e-09
3347,-1.333606836073642e-09
2509,-1.3342467686250359e-09
2156,-1.3365901718742634e-09
2246,-1.3396654341413239e-09
2811,-1.3423859246408654e-09
4406,-1.3439287460670357e-09
3935,-1.3447072344519029e-09
9945,-1.3479731220122915e-09
3680,-1.354582279677885e-09
3396,-1.368678392843492e-09
7535,-1.3722301073215704e-09
9959,-1.376234848304847e-09
6648,-1.3801441101080059e-09
4799,-1.38399364191244e-09
3863,-1.3901352291512126e-09
3920,-1.3931736320138555e-09
10121,-1.3993955438884598e-09
4369,-1.400873028689631e-09
9438,-1.405697835910047e-09
5105,-1.4151310123722283e-09
10058,-1.42550332649094e-09
3912,-1.4260258529574799e-09
8364,-1.4327806718839042e-09
7134,-1.4377908308382814e-09
1784,-1.4401458914292675e-09
6523,-1.4437271378398009e-09
3621,-1.4525025071598918e-09
8641,-1.4558927396990384e-09
8318,-1.4570576412076264e-09
5178,-1.4620808452825429e-09
3829,-1.4627862809923897e-09
5277,-1.465951748880201e-09
8949,-1.4684504168194223e-09
1568,-1.4705502926481984e-09
3027,-1.4790342284243252e-09
2354,-1.4948234317024855e-09
2199,-1.4966666794791195e-09
4751,-1.5002341591241475e-09
8240,-1.5045867884921904e-09
891,-1.509801783594611e-09
3331,-1.5189980939744885e-09
4672,-1.5235565031801457e-09
4363,-1.5344799875194326e-09
2563,-1.5364921557292632e-09
6248,-1.537665661466292e-09
2202,-1.5387646157272172e-09
2582,-1.5398951003220418e-09
3362,-1.5476935288916138e-09
925,-1.5506278483456981e-09
9101,-1.554511408485837e-09
1396,-1.5600776781532488e-09
4452,-1.5624838090033677e-09
7130,-1.5694069377403252e-09
1664,-1.5756714821790752e-09
5737,-1.5935469610539599e-09
10077,-1.5935897601515592e-09
1843,-1.5997084767960246e-09
5701,-1.613598255012505e-09
463,-1.6155031201670056e-09
8147,-1.6188259621685575e-09
3261,-1.6247788114931438e-09
7151,-1.6354271825669286e-09
1913,-1.636994262366187e-09
10180,-1.6414716252910466e-09
5983,-1.6418396087125586e-09
10097,-1.6472296304748113e-09
10457,-1.6482116227400923e-09
1338,-1.6559316140529745e-09
4456,-1.6738058716825321e-09
4462,-1.6741664721209304e-09
1566,-1.6755416498703823e-09
4075,-1.677513239428663e-09
9792,-1.681804195907688e-09
2762,-1.694070494995259e-09
162,-1.699094309692839e-09
4686,-1.7020629905495355e-09
7250,-1.7213994119025244e-09
3344,-1.7265629481677536e-09
1118,-1.7307253963316782e-09
9634,-1.7329384038866635e-09
6541,-1.7345006542157648e-09
7289,-1.7358893766861172e-09
6745,-1.7370019866902453e-09
1695,-1.7427680965020897e-09
2685,-1.7450685341202643e-09
1956,-1.7475351721252252e-09
10226,-1.748157785197435e-09
2578,-1.7499433013767884e-09
5340,-1.7514981132116247e-09
8112,-1.7652068140527888e-09
5129,-1.7658888795679673e-09
745,-1.7749207659178978e-09
7133,-1.7774108851398296e-09
4513,-1.7805640850632187e-09
6262,-1.7851582434502689e-09
2495,-1.7867712864827467e-09
4576,-1.7924082773568273e-09
2966,-1.7953217801291999e-09
9776,-1.7959769782471824e-09
2386,-1.7988879830177495e-09
6201,-1.79992315496591e-09
3634,-1.8051340422431394e-09
9800,-1.8110913879709756e-09
6145,-1.8116242395116444e-09
9203,-1.816132799703496e-09
4372,-1.8355529873836929e-09
1003,-1.8420207581471004e-09
7290,-1.8440503568584177e-09
7716,-1.8542384294661929e-09
5632,-1.8648408928179094e-09
1412,-1.8954903757695263e-09
3855,-1.8958864478335613e-09
4842,-1.89688997842552e-09
1083,-1.8972389215221597e-09
3651,-1.9060267808512776e-09
3691,-1.907099589359973e-09
2689,-1.90854443360422e-09
1497,-1.9095608982944157e-09
2161,-1.9125129258057427e-09
3484,-1.914616964970861e-09
7578,-1.917141001506195e-09
9722,-1.9510273396861066e-09
4079,-1.9560789654704536e-09
4678,-1.962161433333165e-09
1787,-1.965063001208023e-09
1141,-1.9792952832276e-09
3020,-1.983881725564629e-09
3837,-1.9896334579883046e-09
2111,-1.9904194958897392e-09
5504,-1.991310671911606e-09
1974,-1.9941207574092346e-09
3130,-1.999504006811037e-09
8965,-2.0039323533893594e-09
3553,-2.0095604069680917e-09
5414,-2.01117211773294e-09
1115,-2.0153042568082924e-09
1844,-2.0340075179703376e-09
3371,-2.052621517201203e-09
5372,-2.0683461610104814e-09
6492,-2.0699635339127553e-09
1068,-2.0762780383876134e-09
1523,-2.083356709370321e-09
4194,-2.0928556665467113e-09
9445,-2.101760876449532e-09
7071,-2.1024459950780283e-09
9609,-2.1395489824271863e-09
1829,-2.14252249275404e-09
733,-2.1428349095131694e-09
2761,-2.1505534020249684e-09
5021,-2.1550675688430943e-09
7579,-2.1572033048755657e-09
2415,-2.1580915943175683e-09
6821,-2.1621898715906696e-09
8529,-2.1855062204423348e-09
6652,-2.1907363700890414e-09
8762,-2.1924396742534213e-09
1197,-2.197837356554544e-09
7676,-2.199754378651164e-09
6347,-2.206060445431035e-09
8531,-2.212354743846845e-09
8425,-2.223969119974356e-09
9980,-2.2289359247196217e-09
8465,-2.2510262542851933e-09
435,-2.2552408829312753e-09
9706,-2.258317421954814e-09
2088,-2.2612116623577094e-09
8744,-2.2671017285702533e-09
4136,-2.270204135790266e-09
5733,-2.2795164644762167e-09
2895,-2.2915335184947594e-09
8276,-2.300732937499106e-09
3033,-2.3009726346501225e-09
9759,-2.332785520309244e-09
2851,-2.3469421961408443e-09
10123,-2.3553448080804174e-09
2475,-2.3598083487286203e-09
9314,-2.360094120135159e-09
7044,-2.362686823964566e-09
5368,-2.400852960882105e-09
2738,-2.4137362109044602e-09
4055,-2.4138460119615957e-09
1873,-2.426448153514116e-09
5380,-2.4285169430982023e-09
9712,-2.4321699099161265e-09
9096,-2.434754509117454e-09
1125,-2.4425290678919964e-09
2383,-2.4483836069677523e-09
9383,-2.4502763151801332e-09
4225,-2.464692783199496e-09
6829,-2.469905502344716e-09
446,-2.4757328409563684e-09
1733,-2.4855660862854734e-09
6947,-2.4857216285312234e-09
3507,-2.492668293996303e-09
4864,-2.515953667625581e-09
9937,-2.518555142216883e-09
3024,-2.528035114579552e-09
8536,-2.533569687379611e-09
2747,-2.534269682996637e-09
962,-2.5390144431369777e-09
4472,-2.5404534031991943e-09
9317,-2.5421798000024864e-09
5809,-2.550911148979651e-09
385,-2.5509845347215787e-09
2034,-2.550999522732411e-09
3090,-2.5710110707066747e-09
4290,-2.575282875838525e-09
6759,-2.575484048250587e-09
7297,-2.5920295909642732e-09
2527,-2.614592875538335e-09
6985,-2.622729922130418e-09
10010,-2.6295666755160596e-09
7451,-2.6325448487796166e-09
7060,-2.640458851566052e-09
8989,-2.6523656604382495e-09
3126,-2.658740783090252e-09
4396,-2.659977904606592e-09
4656,-2.663478437803235e-09
7261,-2.666340925827626e-09
918,-2.6911989303712858e-09
3514,-2.7172477601311584e-09
7031,-2.7326778617720038e-09
4358,-2.7339689401273404e-09
9326,-2.7390513190894694e-09
393,-2.743812399508272e-09
389,-2.7470979935273476e-09
5889,-2.7526865231664033e-09
4015,-2.7584221573562218e-09
7663,-2.7629653009952904e-09
889,-2.7747337760786195e-09
1630,-2.779189767210255e-09
4779,-2.7828197524115694e-09
845,-2.78452849666877e-09
3041,-2.7896769339008642e-09
4349,-2.817300948088075e-09
4350,-2.817300948088075e-09
9109,-2.820346289844622e-09
3767,-2.827730383181404e-09
2346,-2.832877821212776e-09
3397,-2.8666387041909047e-09
9631,-2.8733893042698355e-09
1963,-2.882701299888879e-09
7338,-2.9003397461480063e-09
6127,-2.9060114314916063e-09
3868,-2.9128238709930088e-09
4054,-2.9212641194931166e-09
4848,-2.9336310047867187e-09
2367,-2.9348328212108754e-09
4590,-2.9385909261492316e-09
2493,-2.9484721331130004e-09
9347,-2.9508497867425376e-09
2824,-2.957523004276652e-09
5027,-2.9599299677940394e-09
8645,-2.9835367509889466e-09
1501,-2.9961095826536166e-09
8082,-2.9974464021975677e-09
9709,-3.002581183686459e-09
8179,-3.006411675166021e-09
5729,-3.011527693885796e-09
3136,-3.019100747181369e-09
9570,-3.0263641592753743e-09
6768,-3.0431933639718522e-09
2039,-3.0534971218187934e-09
6998,-3.066910503335407e-09
4635,-3.0718964039166963e-09
3293,-3.079560606522591e-09
2505,-3.08864966935829e-09
5773,-3.091806921595719e-09
9481,-3.09515002516747e-09
6406,-3.099005274620481e-09
7892,-3.105374513090453e-09
744,-3.1058821070573117e-09
8268,-3.1123712496139433e-09
6722,-3.116674585079693e-09
5800,-3.1492040086789075e-09
2435,-3.1578367698514853e-09
1927,-3.1651928855680467e-09
7902,-3.1696741897846437e-09
3258,-3.196495179658143e-09
8246,-3.1986236992409545e-09
5601,-3.1994535909518618e-09
6783,-3.2179939823961945e-09
9021,-3.2182539966285617e-09
8456,-3.2200503374824052e-09
5548,-3.2430969021390865e-09
1310,-3.254875258207335e-09
5617,-3.272239812446287e-09
3204,-3.28631410972946e-09
2541,-3.286689698178691e-09
6681,-3.290395733657192e-09
522,-3.2932017113296297e-09
1790,-3.3186586811950747e-09
6738,-3.320082653246459e-09
7690,-3.3288454215352203e-09
981,-3.3437678181869046e-09
4974,-3.345085985984042e-09
1073,-3.3475937577520654e-09
6733,-3.356961042477735e-09
4861,-3.3651202935303104e-09
3145,-3.375557833251719e-09
6533,-3.376844692759562e-09
4827,-3.3992295644935666e-09
5108,-3.403160753201462e-09
9344,-3.403505477450608e-09
5572,-3.4104910007215494e-09
1839,-3.4124048031713983e-09
8388,-3.426951389329247e-09
2458,-3.4300041695800587e-09
6688,-3.4301327334063103e-09
9993,-3.438887841156202e-09
528,-3.4429218365161773e-09
9368,-3.491070654781936e-09
3104,-3.492743316790836e-09
5643,-3.5104961160215e-09
607,-3.5422926814021594e-09
5182,-3.5463966208126863e-09
7382,-3.5474888582243125e-09
6396,-3.5655833841019557e-09
4946,-3.5770100215160028e-09
10444,-3.601719367196665e-09
4765,-3.6051013285742783e-09
1512,-3.6066920561239613e-09
8281,-3.6097161926207377e-09
8282,-3.6097161926207377e-09
4045,-3.6097207445351387e-09
3338,-3.624791244938308e-09
946,-3.6408773773644043e-09
7432,-3.6443865703006395e-09
9358,-3.6584140161721734e-09
8783,-3.6701178762754694e-09
5581,-3.6728375896188936e-09
6673,-3.683154559119828e-09
4634,-3.690843075609962e-09
10255,-3.6958949234389138e-09
7192,-3.7019087795187033e-09
7941,-3.714283769440385e-09
538,-3.7241427719436615e-09
4627,-3.741974952120586e-09
5354,-3.770467049690751e-09
4994,-3.777659296488878e-09
8852,-3.784097923897889e-09
9079,-3.7843405076287695e-09
3522,-3.7907130767678154e-09
5126,-3.803889314646369e-09
9278,-3.819714766706284e-09
8401,-3.833088513260918e-09
2229,-3.837032691578202e-09
2767,-3.8773584343232415e-09
1368,-3.879937260364841e-09
4753,-3.8895460185983666e-09
10147,-3.939460091473279e-09
1846,-3.9496625969803745e-09
2129,-3.960009209436066e-09
2473,-3.981300178423908e-09
8898,-3.990572094991762e-09
4958,-3.999697462120366e-09
5449,-4.0028838022010405e-09
9114,-4.022659316760269e-09
9226,-4.031409650551154e-09
5387,-4.043384072005551e-09
858,-4.05347355680874e-09
1455,-4.05520661495018e-09
5634,-4.057137514834608e-09
9403,-4.077863380302915e-09
2788,-4.087571836564052e-09
3841,-4.10206113521383e-09
1812,-4.165528366684157e-09
4022,-4.171856415879915e-09
10458,-4.177987955600315e-09
8636,-4.1790120253182295e-09
10366,-4.179901536005559e-09
3192,-4.1977068487852875e-09
9149,-4.206718307031565e-09
1813,-4.2163874613976304e-09
6750,-4.227549421642607e-09
1151,-4.26043178514135e-09
5194,-4.26568913525216e-09
1371,-4.270529041505711e-09
1300,-4.277247667161532e-09
8559,-4.2891388218890825e-09
1511,-4.314161694551899e-09
154,-4.3250452108622994e-09
6596,-4.338721382168842e-09
284,-4.346087933981835e-09
862,-4.366676797928903e-09
3711,-4.371049078244482e-09
7231,-4.3954151429659305e-09
9390,-4.4068979576650236e-09
430,-4.411732534848056e-09
4364,-4.455607438558218e-09
8911,-4.462068936561536e-09
540,-4.487073601566749e-09
7707,-4.488965643645315e-09
8956,-4.512877405105087e-09
5048,-4.524357999358131e-09
5474,-4.536248709996471e-09
6295,-4.570406719750508e-09
4186,-4.58473747855237e-09
2944,-4.597075164980424e-09
1200,-4.608650350235166e-09
2755,-4.6168862066764405e-09
287,-4.634184591623125e-09
3410,-4.659957753005983e-09
2439,-4.6957360222421585e-09
2138,-4.703665235084031e-09
3075,-4.7278922998827966e-09
3311,-4.756608218414726e-09
4833,-4.770364103734437e-09
7845,-4.804989295337236e-09
106,-4.845527312724585e-09
2150,-4.859597835249474e-09
2330,-4.869998848633372e-09
2276,-4.883577764402958e-09
6405,-4.908522255320236e-09
6517,-4.940607700731903e-09
1869,-4.991224322736798e-09
6606,-5.035344585735402e-09
1744,-5.052241069947172e-09
2547,-5.069171526983496e-09
4048,-5.088038879108581e-09
2715,-5.091126409340063e-09
8841,-5.115227574847836e-09
1768,-5.127679614247427e-09
1741,-5.15142284385206e-09
2149,-5.1698922920451196e-09
8200,-5.219496168606952e-09
655,-5.223058874292974e-09
7599,-5.2300026531781896e-09
1451,-5.234649380625456e-09
1701,-5.253234736102286e-09
1513,-5.2684976381556226e-09
6839,-5.269094938142871e-09
1208,-5.280274661956241e-09
7068,-5.291551197217359e-09
3500,-5.292723148642153e-09
1976,-5.32492760996206e-09
5878,-5.341523445778762e-09
2422,-5.36897148961657e-09
4785,-5.37074740236676e-09
6571,-5.396316726802297e-09
6369,-5.3996684901136405e-09
547,-5.404912073458945e-09
4264,-5.41841926882114e-09
5824,-5.420004889344909e-09
1095,-5.458453022910703e-09
5578,-5.4594886389480735e-09
1591,-5.511817446901546e-09
2691,-5.52683721011249e-09
5007,-5.547708292752418e-09
9260,-5.54939139085775e-09
7881,-5.603180808222419e-09
4685,-5.6306144191609064e-09
4594,-5.674645198183725e-09
7425,-5.678741477055382e-09
3865,-5.6864182251814555e-09
8564,-5.721483953280426e-09
2219,-5.723992391182264e-09
353,-5.745992792682841e-09
9137,-5.748057141374829e-09
3146,-5.755309784305496e-09
9316,-5.759688725959222e-09
9768,-5.7649716111995986e-09
4908,-5.776581657457314e-09
2094,-5.7829019350919e-09
4616,-5.783472367681952e-09
2799,-5.820084192365016e-09
5828,-5.839570160759422e-09
5542,-5.858786789048054e-09
5586,-5.880133269187127e-09
9015,-5.892131005325041e-09
4552,-5.916453549303924e-09
5662,-5.919912116070236e-09
4800,-6.001247498943485e-09
2560,-6.0271203583539545e-09
8817,-6.030514088095629e-09
2698,-6.0310330063373385e-09
7643,-6.076782410602277e-09
4951,-6.101567473493219e-09
3744,-6.107865324622708e-09
45,-6.127485852047698e-09
258,-6.181884559808282e-09
6638,-6.208465963553067e-09
1526,-6.2143405976655686e-09
5593,-6.232943494666188e-09
198,-6.243100703073878e-09
3247,-6.3299234742686394e-09
3360,-6.330778123952996e-09
1535,-6.360423299156537e-09
6039,-6.363032545309011e-09
8962,-6.370057370475024e-09
10090,-6.375528105451167e-09
2951,-6.492834936366876e-09
3440,-6.499020877015482e-09
5500,-6.5368517265795845e-09
3486,-6.548415587559475e-09
10389,-6.56159548917401e-09
1172,-6.573198207959763e-09
5019,-6.593897206030874e-09
5481,-6.595870738479448e-09
5605,-6.62613497404152e-09
8572,-6.643156469365863e-09
1433,-6.644510053277486e-09
6341,-6.645656469572714e-09
3524,-6.67784738617172e-09
4492,-6.6953746991060825e-09
7842,-6.701624588600907e-09
6304,-6.709494515533265e-09
797,-6.7294867456269e-09
9077,-6.760977555586578e-09
5577,-6.765729754221184e-09
426,-6.772237881591536e-09
2061,-6.816557540645363e-09
1297,-6.833160925978632e-09
9035,-6.838985600055025e-09
9034,-6.838985600055025e-09
7252,-6.87445500524575e-09
4126,-6.882507896932566e-09
9130,-6.884399716966527e-09
8590,-6.895565451969787e-09
6352,-6.896466064887363e-09
7568,-6.897644677650305e-09
5083,-6.9227932275595094e-09
9858,-6.9712724481973964e-09
3563,-6.976083488652307e-09
8357,-6.999406165775213e-09
9315,-7.01106772638127e-09
4840,-7.025653836478796e-09
4784,-7.03156421977269e-09
4111,-7.038516214308288e-09
8528,-7.11676295672703e-09
2511,-7.116818245833656e-09
8408,-7.1302277415696835e-09
1146,-7.179202343721158e-09
6314,-7.227887399707811e-09
8558,-7.231993892631294e-09
10064,-7.2546486595825854e-09
7937,-7.2553387742146924e-09
9165,-7.2933328265634145e-09
10182,-7.331193430104577e-09
7440,-7.379349797886903e-09
1549,-7.382746414208441e-09
8011,-7.408238023032254e-09
9140,-7.4150168227760105e-09
638,-7.445739136358043e-09
7611,-7.465884799273681e-09
1038,-7.467994667109679e-09
1355,-7.527697798437316e-09
2904,-7.532714452196387e-09
1405,-7.556449022061429e-09
3520,-7.58621321317321e-09
5511,-7.586252959157491e-09
2143,-7.609701979660599e-09
1177,-7.629507248196887e-09
6636,-7.640543087106266e-09
3530,-7.665470480588965e-09
1696,-7.674647362065912e-09
5041,-7.702676718679413e-09
7609,-7.725224682175735e-09
7452,-7.742173568914268e-09
6221,-7.770537102658182e-09
3999,-7.795671663757275e-09
3998,-7.795671663757275e-09
473,-7.795784906505787e-09
10074,-7.815076585870884e-09
8640,-7.816831626428211e-09
2830,-7.838257154446637e-09
8127,-7.926419520742911e-09
2290,-7.973004034766973e-09
4860,-7.98405963564619e-09
3374,-8.102126081155347e-09
1670,-8.111588734038833e-09
527,-8.14441492025253e-09
9095,-8.146047392187938e-09
4805,-8.170784493444216e-09
9141,-8.246751725948798e-09
7621,-8.254991801237566e-09
8839,-8.267692308550068e-09
9334,-8.281644259255927e-09
5651,-8.355429237383305e-09
9340,-8.376759286221613e-09
1586,-8.413508112425916e-09
10445,-8.49142001158043e-09
5329,-8.555848918234688e-09
2521,-8.567045295393427e-09
5988,-8.610264501385245e-09
9586,-8.616776181469277e-09
5260,-8.673717299956252e-09
6609,-8.691360520174385e-09
8629,-8.701671383448684e-09
7375,-8.739495793719243e-09
8795,-8.79341044424109e-09
4830,-8.868949130658166e-09
2589,-8.879309287834758e-09
10349,-8.890805425210146e-09
2854,-8.916226423849594e-09
8030,-8.924658345677017e-09
8150,-8.970787668260982e-09
10210,-9.020058477915427e-09
413,-9.027471659095454e-09
6804,-9.071519091463642e-09
9540,-9.085899588257007e-09
9108,-9.109254683892232e-09
2266,-9.203895867671008e-09
6964,-9.246587051592314e-09
2783,-9.28780075071245e-09
2843,-9.370070941372433e-09
419,-9.393974487181822e-09
9544,-9.40766486934308e-09
7315,-9.452055138581272e-09
8140,-9.483376750551997e-09
5944,-9.489656171979277e-09
1757,-9.580922277763193e-09
9665,-9.588857707854004e-09
6789,-9.645193976837163e-09
675,-9.672315837150336e-09
10395,-9.673037038027132e-09
7354,-9.756008445549469e-09
1676,-9.771242925893375e-09
1267,-9.808007739309232e-09
2647,-9.838277303941823e-09
1222,-9.88890258568631e-09
4959,-9.894371544305613e-09
2884,-9.925518185127657e-09
5726,-9.931424571618663e-09
9777,-9.992134675229636e-09
1288,-1.0034135744518835e-08
8725,-1.0067684907966168e-08
6853,-1.007277239395421e-08
9431,-1.0091544044854572e-08
6871,-1.0098990976814548e-08
6721,-1.0160482677434857e-08
10047,-1.0292351859675364e-08
7828,-1.0329636257466746e-08
4881,-1.0360858393454464e-08
8430,-1.0380333481663229e-08
1863,-1.0384728632573115e-08
6796,-1.0390143412308817e-08
9372,-1.046397324344639e-08
9725,-1.0477616996240613e-08
3021,-1.0497106295304093e-08
8806,-1.0520490700827168e-08
7106,-1.0568393271626064e-08
4261,-1.0603248501439566e-08
4479,-1.0672257744204217e-08
3582,-1.069081978499753e-08
1074,-1.07127973159038e-08
1824,-1.0804382277740388e-08
3636,-1.0806671113527955e-08
677,-1.0809810380152385e-08
10231,-1.0857561960619933e-08
9512,-1.0865938815385334e-08
7894,-1.0909604331033051e-08
8351,-1.0912519332606507e-08
9848,-1.0947334594391123e-08
6891,-1.101297675276669e-08
5911,-1.1026161317317928e-08
4371,-1.104052183009685e-08
743,-1.1129514199126334e-08
5837,-1.117587933308073e-08
6818,-1.120834047796393e-08
221,-1.1215065320868689e-08
3581,-1.1227673013536332e-08
699,-1.1280532508095575e-08
9336,-1.131739590931602e-08
4322,-1.1474361016894363e-08
1582,-1.1480659534157667e-08
7447,-1.1568776159265326e-08
2642,-1.1579716296949982e-08
3847,-1.1665282073636263e-08
1739,-1.1685197254251989e-08
684,-1.1714889058822564e-08
2257,-1.1775043606832014e-08
8266,-1.196212640053318e-08
5059,-1.2225359835582594e-08
5906,-1.2227335588477217e-08
6505,-1.2245620073514374e-08
6552,-1.225587897835112e-08
1834,-1.2339767874181007e-08
201,-1.2341782706926097e-08
8566,-1.2359982370924172e-08
748,-1.2435977581048974e-08
830,-1.2462582965611091e-08
8450,-1.2494619561209674e-08
10139,-1.266390281529084e-08
4570,-1.270957428189945e-08
9468,-1.2825842610197924e-08
9801,-1.2834545870532565e-08
5392,-1.2845289720786468e-08
10497,-1.291328910468792e-08
620,-1.3014529454125068e-08
2857,-1.3072938731539807e-08
10498,-1.3098179874049265e-08
3452,-1.3241775675965073e-08
4049,-1.3374513940789257e-08
6260,-1.3414020116897518e-08
3325,-1.3566304080114833e-08
5315,-1.3631984430162447e-08
5914,-1.3671144216687026e-08
8510,-1.3736754400639484e-08
1199,-1.3860820491373715e-08
5024,-1.3888594718736158e-08
1698,-1.3950233856974137e-08
4742,-1.408886962650513e-08
10342,-1.4152583549531528e-08
5074,-1.4179421192750397e-08
7274,-1.4253689339938092e-08
7241,-1.4267101722253983e-08
6834,-1.4272079962296402e-08
2264,-1.4304140538712318e-08
8932,-1.4320526542377365e-08
9657,-1.4386200675176042e-08
6107,-1.4411201121333761e-08
6329,-1.4468616527096856e-08
2740,-1.4609053522463e-08
1748,-1.4615879173618396e-08
1773,-1.470969923644816e-08
3780,-1.4799504288731669e-08
1416,-1.4896703870448391e-08
3609,-1.4961582639472226e-08
9303,-1.4961608396646398e-08
5435,-1.5008658316162382e-08
2390,-1.5153629906450305e-08
1195,-1.515936620677394e-08
6192,-1.5174630441094905e-08
8067,-1.5315843704399867e-08
153,-1.5411813159005305e-08
9964,-1.547124739431638e-08
4699,-1.5474228121092892e-08
5905,-1.5629539884542965e-08
4042,-1.5652011242650588e-08
1796,-1.5657370511235058e-08
2413,-1.5662095620427863e-08
4728,-1.5737938063864476e-08
7801,-1.57526187649637e-08
7013,-1.5774392458922648e-08
10083,-1.5811868259163475e-08
10167,-1.5817671616957796e-08
3412,-1.582139219635792e-08
592,-1.5933006025647956e-08
9007,-1.600345811425541e-08
5290,-1.6086844745188955e-08
3785,-1.6179541262317798e-08
2211,-1.6241046729703612e-08
7027,-1.640498670241186e-08
9131,-1.6405512504036324e-08
4388,-1.660903414801851e-08
3005,-1.677172623004708e-08
5515,-1.6775236311161734e-08
3871,-1.6896336774152587e-08
3172,-1.7014541775495218e-08
508,-1.7063237933712117e-08
2353,-1.723691234190028e-08
1139,-1.7256942541621356e-08
2954,-1.7301466925800923e-08
3991,-1.7379101713288492e-08
1803,-1.7499126592213088e-08
6258,-1.752317135839121e-08
5077,-1.769833435361079e-08
6843,-1.7738483570894914e-08
10292,-1.784449654707032e-08
5301,-1.797923498969567e-08
10392,-1.799510673805571e-08
6176,-1.801281879210137e-08
10033,-1.802656601768149e-08
1423,-1.805159399737022e-08
10008,-1.827876161542008e-08
7655,-1.8295392756328965e-08
6989,-1.835147500628409e-08
8588,-1.8356412390119203e-08
1238,-1.8417545710747163e-08
7275,-1.8485330599560257e-08
1567,-1.865885490559549e-08
7001,-1.8668741219585172e-08
9487,-1.8838651527630645e-08
4390,-1.8880747632010753e-08
5299,-1.892855561180795e-08
8353,-1.9002890816466333e-08
1480,-1.9036710874331675e-08
9916,-1.90448723458303e-08
3886,-1.905402235991005e-08
3594,-1.9147581298284422e-08
2567,-1.921402503768377e-08
3606,-1.930320525644902e-08
10300,-1.9390201444480226e-08
9294,-1.9442811804992743e-08
4739,-1.9473043622042496e-08
4615,-1.949477645979414e-08
9084,-1.95916260992135e-08
3457,-1.9607168333379832e-08
5679,-1.9817322005621918e-08
5528,-1.9884261348579457e-08
1178,-1.996069887155727e-08
3321,-2.011254718325972e-08
4044,-2.0180365822852764e-08
1110,-2.0240213061128998e-08
4399,-2.0263583699886567e-08
970,-2.0267491684933248e-08
7059,-2.0356289986978027e-08
6086,-2.0357236785173427e-08
10094,-2.0754599816541486e-08
8478,-2.075514693444802e-08
5203,-2.08744497243174e-08
5635,-2.093617634812972e-08
2808,-2.0962082736275534e-08
2454,-2.1130016847337174e-08
156,-2.11766222335541e-08
9138,-2.152466738181147e-08
7672,-2.1579684705841373e-08
6622,-2.169852386657567e-08
10040,-2.1718800979897424e-08
6097,-2.1731657362522583e-08
1286,-2.1903858282712463e-08
2217,-2.20357287972206e-08
9757,-2.2400964638791265e-08
6704,-2.2408479516400348e-08
3393,-2.241327301533147e-08
3208,-2.2575064484442464e-08
3669,-2.2589987658250266e-08
7484,-2.2621347461893038e-08
1114,-2.2630320728467268e-08
6371,-2.2854147907480638e-08
5183,-2.293814027609642e-08
4263,-2.306525903605916e-08
4216,-2.3124276715691394e-08
4449,-2.3414066241400633e-08
1215,-2.345793870262014e-08
4327,-2.363446416353554e-08
3480,-2.3904776824679175e-08
1366,-2.411771315991018e-08
5960,-2.4179584556804912e-08
595,-2.4241869844843222e-08
6400,-2.4246420871065766e-08
6974,-2.427581957675784e-08
10011,-2.432673440466715e-08
6712,-2.4540031340336554e-08
9152,-2.458021164386537e-08
4510,-2.4624498884406876e-08
8377,-2.4628863393161282e-08
8400,-2.463624859672109e-08
7154,-2.491116291025719e-08
9656,-2.4972342416162974e-08
4484,-2.5157340211023893e-08
10016,-2.5174343498690632e-08
2706,-2.5182175455995548e-08
8342,-2.526989462126039e-08
9616,-2.5300718853316084e-08
2979,-2.5476555087777797e-08
6670,-2.5512869150645656e-08
8508,-2.553234956792494e-08
8279,-2.5581258000784146e-08
1245,-2.562484002766041e-08
9671,-2.575747348743107e-08
5927,-2.5933400316091593e-08
10250,-2.6086641291556134e-08
2766,-2.6484481274735572e-08
2692,-2.6513878204070807e-08
7932,-2.652615549436632e-08
1167,-2.680362776175116e-08
5503,-2.6874191760839494e-08
6902,-2.689369527075769e-08
3546,-2.7231535248972705e-08
10295,-2.7285168791024716e-08
4405,-2.7405453018047865e-08
3212,-2.7473226360541503e-08
9183,-2.7484770903640765e-08
8411,-2.7888475528925483e-08
4276,-2.8829540532626652e-08
600,-2.917933716872767e-08
10267,-2.9288043101871608e-08
3236,-2.9801848100419193e-08
7750,-2.994782111187533e-08
10154,-3.0057539568417724e-08
10311,-3.0289358576851555e-08
2928,-3.050081431865692e-08
8309,-3.0830690889160905e-08
1678,-3.10100247702394e-08
7043,-3.1235188657774415e-08
1952,-3.1764114893917395e-08
10148,-3.178793228642007e-08
1554,-3.179573226930188e-08
9074,-3.2009911166142047e-08
3367,-3.201862952550982e-08
9223,-3.2121164394993684e-08
3730,-3.2133834260150707e-08
1483,-3.232131540187311e-08
8589,-3.238914025871509e-08
3345,-3.241948931531624e-08
9781,-3.290713124215472e-08
10181,-3.31644027795619e-08
7993,-3.3298404034098894e-08
4051,-3.3353220629805946e-08
7352,-3.348361055088844e-08
2188,-3.364644030057207e-08
7228,-3.389199498826656e-08
2311,-3.404308124288491e-08
5704,-3.4556791206341586e-08
7325,-3.4587836594823784e-08
7531,-3.4694522810241324e-08
6858,-3.477064502988014e-08
8601,-3.4888399724763985e-08
7900,-3.507896018106749e-08
2263,-3.517484969961515e-08
4407,-3.5303209244830214e-08
1713,-3.5469096104634446e-08
6560,-3.5695290279136316e-08
10331,-3.572940343588016e-08
3313,-3.585332919442408e-08
9495,-3.605951803820062e-08
5951,-3.611679844084392e-08
5926,-3.6422596494389836e-08
3281,-3.6441795359110074e-08
7443,-3.656568026144669e-08
9793,-3.678774973536747e-08
9451,-3.697997819074317e-08
2934,-3.698231765270066e-08
2009,-3.709476814606205e-08
7407,-3.735365972090676e-08
6848,-3.7539031438882375e-08
10268,-3.884735022552377e-08
7914,-3.919722679768256e-08
8573,-3.9699244780422305e-08
5713,-3.975009299495014e-08
9004,-3.985709895459877e-08
10476,-4.0163092407397016e-08
4415,-4.0171393322907534e-08
5282,-4.0199171991162075e-08
7874,-4.0278257174009013e-08
7350,-4.040732193288932e-08
10487,-4.055969604621623e-08
7460,-4.085813110066283e-08
6021,-4.0893660013807676e-08
10290,-4.1308343412538306e-08
3853,-4.135797126991747e-08
1166,-4.1681504470147956e-08
8670,-4.2329324045908834e-08
4737,-4.2961492141557756e-08
10286,-4.3355983692094924e-08
753,-4.3571892760496667e-08
10489,-4.364571992709898e-08
10257,-4.370851591772862e-08
9694,-4.3769126989445795e-08
9563,-4.406112630306325e-08
9562,-4.406112630306325e-08
1725,-4.413123200208702e-08
1445,-4.418100374437017e-08
4458,-4.42200125405634e-08
4270,-4.430509115138648e-08
10294,-4.444562762273563e-08
3111,-4.493085370427252e-08
209,-4.5315703189885426e-08
9651,-4.5917136759499044e-08
4639,-4.593266034191856e-08
4409,-4.622161675627012e-08
3445,-4.676563314376381e-08
3504,-4.807575848531087e-08
9511,-4.810194020876679e-08
3097,-4.8560982790490925e-08
2833,-4.892462968086875e-08
226,-4.905503914187648e-08
4819,-4.910500095434145e-08
6407,-5.011335701965436e-08
5919,-5.039913197890655e-08
914,-5.0410946528245404e-08
7096,-5.122943314006534e-08
4428,-5.128358004924394e-08
7474,-5.150290327549101e-08
779,-5.208791264976753e-08
9353,-5.2300949349159964e-08
6605,-5.2674407058361794e-08
4538,-5.29239478908039e-08
3117,-5.3133248911763076e-08
2348,-5.3362915863885974e-08
8272,-5.365573940707691e-08
6713,-5.3697389645890325e-08
5598,-5.376044320826168e-08
7215,-5.3802006405589964e-08
8476,-5.392378632507189e-08
686,-5.413981263302503e-08
7574,-5.433417449296485e-08
8152,-5.450997520028977e-08
10193,-5.4946482919149275e-08
8215,-5.525455293309278e-08
10187,-5.552927540009023e-08
2284,-5.558070981237506e-08
7302,-5.6030961204101004e-08
3353,-5.618478482460887e-08
6702,-5.656176860213691e-08
10020,-5.660163893139725e-08
2678,-5.674610825678883e-08
5774,-5.6978272766627924e-08
6515,-5.741622111088418e-08
1946,-5.7987961099570384e-08
10403,-5.825539339809893e-08
8187,-5.8463156094035185e-08
7155,-5.8583166762105066e-08
8881,-5.936228397729337e-08
9618,-5.9395810936280213e-08
7387,-6.013392095383097e-08
4109,-6.018061959878196e-08
6425,-6.032950139456261e-08
3467,-6.061082835628895e-08
9909,-6.082611747615374e-08
2898,-6.100010629950248e-08
9664,-6.132854757368023e-08
9701,-6.202404989608112e-08
6141,-6.209297254144985e-08
9790,-6.21070590511863e-08
9026,-6.213517522724032e-08
2612,-6.220813020263449e-08
2620,-6.226585114177396e-08
10080,-6.245302230922789e-08
6058,-6.290006382414504e-08
2278,-6.448779821255357e-08
2827,-6.513395334195593e-08
7691,-6.52446310311916e-08
3361,-6.527753626528465e-08
4375,-6.531283958111089e-08
4104,-6.534760998988531e-08
4404,-6.589285916902554e-08
7846,-6.613330683080676e-08
10085,-6.615021419520417e-08
2514,-6.624464532478669e-08
8892,-6.634822113937844e-08
9782,-6.64033130703956e-08
637,-6.791942297468267e-08
9654,-6.816614828153433e-08
9200,-6.893608173186294e-08
6452,-6.909695571266639e-08
5292,-6.912096139899404e-08
9747,-6.927204410089871e-08
4446,-7.037743898763438e-08
9099,-7.079603392412537e-08
1750,-7.150366698738253e-08
4863,-7.21652959612129e-08
9044,-7.240480215386924e-08
9755,-7.240535992991681e-08
6074,-7.26095805703153e-08
8856,-7.324848994016975e-08
359,-7.329771278818953e-08
767,-7.338456242678149e-08
9174,-7.377463973057274e-08
3835,-7.419442482614613e-08
8117,-7.425766668234246e-08
4214,-7.431572512928142e-08
2220,-7.570945825818853e-08
1958,-7.624608500123031e-08
6464,-7.70961605667253e-08
4837,-7.75938033825696e-08
342,-7.815912894670873e-08
963,-7.96676999925694e-08
4118,-7.974005811206553e-08
6070,-7.999371476330452e-08
9428,-8.006198726207003e-08
9427,-8.006198726207003e-08
1755,-8.101429216367251e-08
5776,-8.166718856728039e-08
8791,-8.179730315305278e-08
326,-8.190662725837683e-08
4403,-8.270960449863196e-08
6659,-8.327220513137945e-08
4120,-8.343382518205544e-08
9765,-8.351456060040618e-08
7936,-8.41908125437385e-08
9148,-8.441359256039505e-08
8964,-8.483868541020456e-08
3119,-8.50768344662356e-08
3288,-8.579575094813663e-08
7616,-8.635612758212119e-08
7841,-8.761269043588982e-08
7908,-8.91096618715892e-08
9166,-8.939052875689413e-08
9245,-8.950809871066667e-08
2593,-9.010332036041291e-08
3575,-9.044920545875357e-08
7119,-9.11509268064492e-08
909,-9.12411550757497e-08
9837,-9.16820539487162e-08
8348,-9.328216421522484e-08
2779,-9.335461115256294e-08
205,-9.379976972923032e-08
6330,-9.428616465356754e-08
1736,-9.608823603457495e-08
5242,-9.660559641133659e-08
9780,-9.67064650581051e-08
766,-9.710606363455554e-08
4176,-9.798757005796688e-08
9574,-9.849787474536242e-08
2729,-9.878396767248887e-08
7851,-9.911756038150088e-08
3000,-9.933554778740472e-08
9208,-9.982511173234343e-08
4155,-1.0016985285687952e-07
3132,-1.0055881816128931e-07
3762,-1.0058468546958466e-07
2474,-1.0068095335213911e-07
7673,-1.0114439064068392e-07
7339,-1.0170036190970677e-07
907,-1.019882667208094e-07
5793,-1.0242304426810733e-07
7127,-1.0389496907237117e-07
9142,-1.0400453831493905e-07
541,-1.0414649054268921e-07
6316,-1.0510155945553379e-07
7960,-1.0559662300124728e-07
7743,-1.0623858415215182e-07
2538,-1.0654253657094159e-07
3813,-1.0757176482911746e-07
3002,-1.0885901247092988e-07
8482,-1.0960502194734545e-07
1770,-1.1021261414612127e-07
3307,-1.1026374835410024e-07
6309,-1.1250358156189577e-07
6308,-1.1278768852207577e-07
1431,-1.1344774009103276e-07
8857,-1.1349528961090982e-07
6471,-1.1401750654727039e-07
4431,-1.1417316159167967e-07
9632,-1.144542309816643e-07
1691,-1.1510669040148969e-07
1608,-1.1520842591039582e-07
7439,-1.1524463872092383e-07
8651,-1.1599021831898426e-07
5257,-1.1691556878190568e-07
8297,-1.1814026379397546e-07
939,-1.188731566514889e-07
2500,-1.1953332901271096e-07
3278,-1.1958418966173667e-07
9232,-1.199884493985337e-07
1962,-1.2041330421652674e-07
3922,-1.210984663657655e-07
9369,-1.2212870359462613e-07
7693,-1.2382972158775374e-07
4963,-1.248887286919853e-07
6501,-1.2716415653812874e-07
4716,-1.2756103018318754e-07
4483,-1.277823997725136e-07
1154,-1.2848179409274962e-07
9050,-1.2864154541603057e-07
1937,-1.286594724092538e-07
6590,-1.292107256745112e-07
9926,-1.2951679195793986e-07
1047,-1.2953145756000595e-07
8552,-1.2956085271298434e-07
9075,-1.297344098816211e-07
9346,-1.3011113253469375e-07
6374,-1.3039874602327473e-07
2070,-1.3196570591844647e-07
7553,-1.320565488072134e-07
2485,-1.3222455663708388e-07
6372,-1.3267030141150826e-07
7300,-1.3281130861741985e-07
7981,-1.3486091887671137e-07
1682,-1.3545836452522053e-07
2956,-1.3557850309098285e-07
984,-1.3665710696386668e-07
5353,-1.3716199731561574e-07
237,-1.372522149267752e-07
217,-1.383066248195064e-07
9005,-1.40497292022701e-07
4486,-1.4087397914863686e-07
6348,-1.42032703820405e-07
7361,-1.4315065754999523e-07
1446,-1.436595695736287e-07
3047,-1.4413424764825322e-07
8389,-1.4421666350017404e-07
4920,-1.4502725775855652e-07
3698,-1.4519361002385267e-07
6473,-1.4604680131924397e-07
218,-1.4816281179719226e-07
7405,-1.4817444338177665e-07
9940,-1.489028420564864e-07
1052,-1.4907819689824464e-07
10436,-1.4917378621248645e-07
6493,-1.4951268667573459e-07
9732,-1.4993668173701735e-07
9440,-1.501884696608613e-07
685,-1.5050930812776642e-07
9365,-1.5078702375603825e-07
1972,-1.5274242315399533e-07
6431,-1.536108342747866e-07
5188,-1.545403307545712e-07
5741,-1.5455172075462542e-07
442,-1.5523375651582683e-07
769,-1.5551831467064403e-07
2079,-1.571260597188484e-07
9886,-1.574601427023481e-07
8072,-1.5996694457953708e-07
8336,-1.604855341952316e-07
9068,-1.6100431565746476e-07
7000,-1.6235075861459336e-07
8050,-1.6281949655194694e-07
6363,-1.6412469960869203e-07
714,-1.65154446563065e-07
9648,-1.655859094285006e-07
2996,-1.655939030342779e-07
1235,-1.6581322626052497e-07
4839,-1.668051723413555e-07
2531,-1.6763259935714814e-07
8665,-1.6832784410780732e-07
4640,-1.6881975284377404e-07
4936,-1.6998870222550977e-07
2652,-1.701789216213001e-07
6479,-1.710710080260469e-07
7129,-1.7135011631808084e-07
6300,-1.7770968696595446e-07
9552,-1.7839871446767575e-07
318,-1.786509713497253e-07
9224,-1.7911011696014612e-07
1325,-1.8052906369803168e-07
6957,-1.8109336252791763e-07
8062,-1.8149773950426606e-07
5558,-1.817011963112236e-07
4284,-1.8310140603716718e-07
9962,-1.8410205626651077e-07
7477,-1.8420249148221046e-07
9247,-1.8625831899043988e-07
4648,-1.8850809624382237e-07
4954,-1.9054011346497646e-07
7018,-1.9127167405486034e-07
1265,-1.9190652267297992e-07
5579,-1.919550101092682e-07
629,-1.9285582908423748e-07
3464,-1.9972227249809293e-07
4103,-1.9980952004061692e-07
546,-2.0148173973666417e-07
2665,-2.0407188117133046e-07
1767,-2.0792470678543395e-07
5687,-2.087981840759312e-07
2444,-2.0918441379080832e-07
1653,-2.1082757228896298e-07
976,-2.108303860381966e-07
148,-2.1365590185951078e-07
215,-2.1370534852849232e-07
114,-2.140454498089639e-07
6882,-2.147763851212403e-07
728,-2.1525655569121227e-07
4337,-2.1602478028626138e-07
8883,-2.1632934732451758e-07
3352,-2.1716383713510368e-07
9497,-2.1929364635298043e-07
176,-2.2022447154768088e-07
2465,-2.2195985138750984e-07
8970,-2.2478502614831086e-07
9502,-2.2528963938839297e-07
4299,-2.2618556272391288e-07
8229,-2.265050440541927e-07
3613,-2.2725879489371437e-07
2343,-2.2916805875183854e-07
9291,-2.2977957314651576e-07
10215,-2.3131126880571173e-07
9984,-2.3544006921838445e-07
4343,-2.3667572435215334e-07
8102,-2.3797811365966481e-07
2450,-2.3858742537186117e-07
3099,-2.4041358415161085e-07
7556,-2.411340744856716e-07
2003,-2.4173969848106935e-07
5680,-2.419262301600611e-07
6892,-2.4280052457470447e-07
9707,-2.429174230655917e-07
7670,-2.436974000374903e-07
9539,-2.4510826790447027e-07
3709,-2.453072838193293e-07
8735,-2.4713759216865583e-07
396,-2.5079837939756544e-07
2349,-2.5140863613160036e-07
8464,-2.5147387816559785e-07
8087,-2.515484140985791e-07
10004,-2.5206196596627706e-07
8158,-2.544993833453191e-07
2409,-2.554907467811063e-07
3624,-2.583278870815775e-07
7769,-2.58915960671402e-07
8994,-2.5908279610575846e-07
10456,-2.591739729496112e-07
807,-2.594579484593851e-07
590,-2.6469787428595737e-07
4828,-2.650629511435909e-07
1870,-2.658104278907558e-07
7567,-2.6603294145388645e-07
1287,-2.680302912949628e-07
6126,-2.723593581777095e-07
9556,-2.7336177765846514e-07
4099,-2.7533468482943135e-07
4892,-2.7602364127687906e-07
5752,-2.771020746195063e-07
8585,-2.783540367090609e-07
7679,-2.7881371522653353e-07
1806,-2.8027071152791905e-07
3733,-2.8120474837578513e-07
5626,-2.829606700061049e-07
5857,-2.847395990102086e-07
7996,-2.8477364821810625e-07
6274,-2.8855370715064055e-07
8754,-2.994903951503147e-07
2508,-3.011837748090329e-07
5727,-3.016959482238235e-07
6679,-3.0259610639404855e-07
2307,-3.0801271577729494e-07
4924,-3.108535224782827e-07
9190,-3.1205284756197216e-07
2118,-3.129045040850542e-07
2117,-3.129045040850542e-07
7287,-3.141584272725595e-07
6225,-3.18247643349423e-07
7895,-3.195625168928018e-07
9300,-3.250123938869365e-07
6630,-3.257260203781698e-07
7480,-3.275180517903209e-07
1685,-3.323101083196889e-07
5973,-3.324080779520955e-07
3764,-3.3776836971810553e-07
2019,-3.384531623851217e-07
2974,-3.398284604827495e-07
7839,-3.410313524909725e-07
908,-3.4221739042550325e-07
7580,-3.425018917369016e-07
8907,-3.5130449305142974e-07
7885,-3.609550702776687e-07
823,-3.634461194224059e-07
1248,-3.6393842606230464e-07
520,-3.6912338430283853e-07
8093,-3.6977245088110067e-07
2517,-3.71434737189702e-07
7917,-3.73288997934651e-07
9328,-3.744576275721556e-07
1153,-3.7915440032065817e-07
6110,-3.8366601984307636e-07
5060,-3.9060505230281706e-07
8734,-3.9678745622495626e-07
5900,-4.015095527165613e-07
9644,-4.0274903767567594e-07
2849,-4.0674852641586767e-07
1155,-4.074435935308429e-07
792,-4.18733065998822e-07
2522,-4.200622782946084e-07
121,-4.224758214377289e-07
5155,-4.2393108401483914e-07
204,-4.2749763906613225e-07
1187,-4.290499191483832e-07
1934,-4.3144157757524226e-07
8417,-4.3151204920377495e-07
7465,-4.3232917334989907e-07
8306,-4.3414313211087574e-07
2914,-4.35895586292645e-07
5050,-4.399702504542802e-07
1752,-4.526760761791593e-07
492,-4.5429223405335506e-07
826,-4.5627561462424637e-07
8322,-4.6129798647598363e-07
4057,-4.689374435429272e-07
391,-4.7123774038482225e-07
6634,-4.771905679490374e-07
4565,-4.798935719918518e-07
10336,-4.883571875780035e-07
4806,-4.890338232144131e-07
5064,-4.896396603726316e-07
2862,-4.996924758415844e-07
2725,-4.999927227800072e-07
1939,-5.058872716290352e-07
6135,-5.09973233420169e-07
77,-5.103812554807519e-07
4726,-5.152882351922017e-07
6390,-5.192863170577766e-07
9794,-5.262525633042969e-07
10001,-5.31969874373317e-07
8720,-5.322256413364812e-07
2756,-5.337213337952562e-07
3349,-5.369049347336841e-07
4374,-5.376172396154288e-07
1352,-5.39500035756646e-07
8095,-5.444782971153472e-07
7543,-5.451523463761987e-07
466,-5.459515648453817e-07
5026,-5.462210879159102e-07
9760,-5.470301971399749e-07
7481,-5.506655043063802e-07
2718,-5.521822572518431e-07
4376,-5.691530304829939e-07
6056,-5.70120448628586e-07
241,-5.728621488287899e-07
7973,-5.756031669079675e-07
2235,-5.778852880666818e-07
1372,-5.857932592334691e-07
6344,-5.890553609333438e-07
4621,-5.963857461210864e-07
2544,-5.987719475797348e-07
130,-5.992551166400517e-07
6631,-6.010507718201552e-07
9078,-6.065177160508028e-07
6635,-6.091920567996567e-07
2429,-6.129269536359061e-07
9589,-6.171456163883704e-07
7829,-6.193333490500663e-07
8712,-6.205760598732013e-07
6013,-6.21206737605462e-07
5742,-6.239399681362556e-07
6698,-6.306843829406716e-07
3326,-6.347040368837042e-07
4630,-6.406008310477773e-07
1557,-6.436009698518319e-07
7062,-6.452412435464794e-07
9492,-6.6626424199967e-07
388,-6.66777395963436e-07
10277,-6.6691092115434e-07
5896,-6.688565292733983e-07
7331,-6.727399295414216e-07
3677,-6.734723854151525e-07
8888,-6.857628704892704e-07
4604,-6.879652119096136e-07
564,-6.941831145468313e-07
3460,-7.107697967967397e-07
7649,-7.130496157969901e-07
3551,-7.26564650221917e-07
491,-7.274353777120268e-07
65,-7.275690165897686e-07
7785,-7.37217476398655e-07
7686,-7.38975330705216e-07
2327,-7.489965412332822e-07
7585,-7.552233114438422e-07
2227,-7.59848518327999e-07
7217,-7.634106680143304e-07
7033,-7.741217871171102e-07
9627,-7.745097718725447e-07
8698,-7.923211171600997e-07
7526,-7.962466099797894e-07
4760,-7.987036099166289e-07
2744,-7.987430592493183e-07
4166,-8.086134073437279e-07
6888,-8.121202199617983e-07
5297,-8.130319031351974e-07
2122,-8.144126297793264e-07
9587,-8.204183359339368e-07
1103,-8.225880208101444e-07
861,-8.491494156714907e-07
6114,-8.52071877943672e-07
8872,-8.602235368471156e-07
2315,-8.725537270493078e-07
5081,-8.831753177673818e-07
2946,-8.894152472294081e-07
6209,-8.907131814339664e-07
6623,-8.93334743068408e-07
3153,-8.937401787534327e-07
8708,-8.953381893661572e-07
5412,-9.015026023462269e-07
710,-9.082813221539254e-07
4501,-9.23359124271883e-07
2657,-9.266408369512646e-07
418,-9.493966501850082e-07
5830,-9.533525542337884e-07
3888,-9.543576027226663e-07
9320,-9.651310222125176e-07
4238,-9.818851935960993e-07
5780,-9.910901610510336e-07
5228,-1.008564481708163e-06
1106,-1.0121233344762004e-06
9610,-1.0133406931345235e-06
4240,-1.0250119544252811e-06
6540,-1.0254468065795663e-06
367,-1.0461162105457333e-06
461,-1.052824018188403e-06
580,-1.059120847912709e-06
1607,-1.0644849908203469e-06
4952,-1.0707790352171287e-06
3879,-1.0713553137975396e-06
1214,-1.0765263596113073e-06
7098,-1.0859812391572632e-06
9341,-1.0992005172738573e-06
1382,-1.106244383208832e-06
1721,-1.1082502169301733e-06
4734,-1.112743746034539e-06
4092,-1.1156769232911756e-06
5607,-1.121469210829673e-06
2813,-1.1336142620166356e-06
7546,-1.1392456258363381e-06
1087,-1.1500846426315547e-06
7721,-1.1533893484738655e-06
9236,-1.155672009645059e-06
5907,-1.1583441619222867e-06
6234,-1.159699479558185e-06
689,-1.1756186495404108e-06
7434,-1.1831619985969155e-06
6178,-1.186336589853454e-06
498,-1.191565445424203e-06
8886,-1.2145740129199112e-06
3850,-1.2285923958188505e-06
8863,-1.2358278240753862e-06
9954,-1.2456284252948535e-06
2093,-1.246817816991097e-06
5875,-1.2485998013289645e-06
665,-1.2642575484278495e-06
9995,-1.265845526177145e-06
7637,-1.2791674635082018e-06
601,-1.2807687426175107e-06
7835,-1.3133502534401487e-06
360,-1.3283926136864466e-06
3532,-1.334787668838544e-06
7730,-1.3375158687267685e-06
10108,-1.3614450722343463e-06
5382,-1.3632406989927404e-06
4777,-1.365500054362201e-06
2006,-1.3817504509461287e-06
5767,-1.4024447523297567e-06
998,-1.4049150536266097e-06
10288,-1.4425335166379227e-06
3705,-1.4427430414798437e-06
7561,-1.4559946066583507e-06
7632,-1.4645902410848066e-06
1394,-1.4678147408631048e-06
339,-1.4806308286097192e-06
6287,-1.4900458040756348e-06
6782,-1.5059601423672575e-06
4780,-1.5113873814698309e-06
2874,-1.5157028769863246e-06
5045,-1.5217163422676094e-06
6166,-1.546473868074827e-06
10264,-1.55400232415559e-06
3932,-1.5560529504909937e-06
370,-1.5560938209091546e-06
1409,-1.5614094763805042e-06
1712,-1.589797761880618e-06
692,-1.5991491295608284e-06
3666,-1.60143338234775e-06
4491,-1.6086776213342091e-06
9454,-1.6107109104268602e-06
2631,-1.6182160038624716e-06
5743,-1.6258260302493e-06
2,-1.6285620745293272e-06
5044,-1.6330526477759122e-06
3442,-1.6347651694559318e-06
497,-1.6678510519341216e-06
310,-1.6854515365594125e-06
8313,-1.697121604138374e-06
2385,-1.705241913896316e-06
8618,-1.728530264699657e-06
2310,-1.7350142798022716e-06
2565,-1.7398264162693522e-06
8832,-1.7468067881054594e-06
6805,-1.7572500041751482e-06
7253,-1.7577809217073082e-06
2193,-1.7698479837235936e-06
87,-1.7786285866350227e-06
8460,-1.7909836742546759e-06
926,-1.8140381143894047e-06
6080,-1.8214931287729996e-06
3668,-1.8252411564390059e-06
5811,-1.85233108140892e-06
7562,-1.853823732744786e-06
1148,-1.8561791534921213e-06
4553,-1.8731316799858178e-06
4332,-1.8866471123146766e-06
88,-1.9117160263704136e-06
3950,-1.944105804341234e-06
2487,-1.9501979409142223e-06
2187,-1.9622186187007173e-06
1,-2.0010687649119063e-06
7541,-2.0340348783065565e-06
5808,-2.0428028619789984e-06
6421,-2.0435109036043286e-06
5612,-2.0723105080833193e-06
206,-2.0971674530301243e-06
1247,-2.1100219100844697e-06
2590,-2.1230387119430816e-06
239,-2.1283264004523517e-06
6615,-2.1380786847657873e-06
1503,-2.1556583078563563e-06
6815,-2.1587283072221908e-06
6467,-2.1654092279277393e-06
6155,-2.1656998114849557e-06
4167,-2.167324169022322e-06
9254,-2.181133254453016e-06
3275,-2.2157645389597747e-06
871,-2.2527101464220323e-06
278,-2.257663936688914e-06
5685,-2.2951554683459108e-06
5797,-2.3082691313902615e-06
6095,-2.326717549294699e-06
3876,-2.340621222174377e-06
5289,-2.342115976716741e-06
6229,-2.35398226777761e-06
5429,-2.3605791739100823e-06
5652,-2.383399191785429e-06
1705,-2.386054120506742e-06
2975,-2.396299123574863e-06
3,-2.436721615595161e-06
7255,-2.4464987973260577e-06
9974,-2.4519326871086378e-06
2382,-2.4783880689938087e-06
626,-2.4893519139368436e-06
1709,-2.4995080138978665e-06
610,-2.50116295319458e-06
7342,-2.5370570710947504e-06
283,-2.5408030523976777e-06
3004,-2.5616285483920365e-06
4944,-2.574110453679168e-06
1614,-2.585010179245728e-06
8900,-2.5885519789881073e-06
1323,-2.629226969474985e-06
2867,-2.636310341586068e-06
81,-2.648785084602423e-06
9668,-2.665827651071595e-06
9027,-2.6706260314313113e-06
609,-2.726936145336367e-06
2697,-2.7340006454323884e-06
10137,-2.7391361072659492e-06
1274,-2.751552642621391e-06
4117,-2.7677521075020195e-06
6223,-2.768760282378935e-06
8444,-2.770819605757424e-06
4338,-2.7762632726080483e-06
8990,-2.7852671564687626e-06
2436,-2.8044048576703062e-06
5526,-2.824581770255463e-06
1971,-2.8356131451801048e-06
4655,-2.8521857302621356e-06
7456,-3.0636431347375037e-06
4562,-3.109727231276338e-06
6619,-3.1169346357273753e-06
9000,-3.1210840916173765e-06
7791,-3.156668299197918e-06
5633,-3.1702384148957208e-06
7113,-3.1846850561123574e-06
6062,-3.1905796049613855e-06
5363,-3.1907143238640856e-06
2753,-3.193932229805796e-06
308,-3.1990246043278603e-06
8954,-3.2033991601565504e-06
5925,-3.2433187016067677e-06
6328,-3.2453248195452034e-06
1569,-3.2682975188436103e-06
2028,-3.2721849265726632e-06
2166,-3.2864950298971962e-06
3039,-3.293154122729902e-06
8167,-3.29581280311686e-06
3419,-3.3253090805374086e-06
5080,-3.328005391267652e-06
4705,-3.389165385669912e-06
1294,-3.392841676941316e-06
2289,-3.393388965378108e-06
2139,-3.405259008104622e-06
3246,-3.440447926550405e-06
1620,-3.4544168556749355e-06
8567,-3.5233226753916824e-06
173,-3.523393843352096e-06
5928,-3.5455680063023465e-06
16,-3.5507786151356413e-06
4981,-3.555868033799925e-06
7980,-3.563453674360062e-06
867,-3.5776679396803956e-06
9795,-3.593254405132029e-06
1749,-3.6083782788409735e-06
31,-3.613200988183962e-06
5197,-3.637759846242261e-06
451,-3.645160177256912e-06
8146,-3.6564778156389366e-06
18,-3.7150169873712002e-06
5660,-3.7173984992477926e-06
5457,-3.732641630449507e-06
289,-3.745147523659398e-06
203,-3.7500821008507046e-06
1413,-3.7724626054114196e-06
9904,-3.82232269657834e-06
285,-3.8299533571262145e-06
4228,-3.829962679446908e-06
5610,-3.85148109671718e-06
7714,-3.868572434839734e-06
5879,-3.880759777530329e-06
5161,-3.897084980053478e-06
1333,-3.903455649378884e-06
603,-3.915507818419428e-06
6837,-3.918312245332345e-06
6739,-3.918904212696361e-06
8747,-3.991475296061253e-06
6326,-4.066568408234161e-06
7156,-4.0952816107164836e-06
9779,-4.109316932954243e-06
2036,-4.263440359864035e-06
5783,-4.282186409909627e-06
5385,-4.297098485039896e-06
3779,-4.335138100941549e-06
5135,-4.397281145429588e-06
6256,-4.427178964760969e-06
2321,-4.460077889234526e-06
7994,-4.5303454498935025e-06
1263,-4.5385004341369495e-06
9325,-4.54288942819403e-06
804,-4.641824489226565e-06
450,-4.670187308875029e-06
5731,-4.680256097344682e-06
8992,-4.6882039441698e-06
3292,-4.73575073556276e-06
3970,-4.7484088554483606e-06
1318,-4.881928134636837e-06
2695,-4.902823093289044e-06
1268,-4.913002612738637e-06
3564,-4.920163519273046e-06
9549,-4.933080617774976e-06
6149,-4.948859896103386e-06
6364,-4.972724354956881e-06
4521,-4.98130884807324e-06
2986,-5.008867447031662e-06
7826,-5.043552846473176e-06
4771,-5.127294798512594e-06
4334,-5.137832204127335e-06
1918,-5.16802674610517e-06
7925,-5.1730908126046415e-06
8113,-5.1918641474912874e-06
5506,-5.1973270274174865e-06
5620,-5.285716042635613e-06
2017,-5.306571438268293e-06
6273,-5.345038289306103e-06
23,-5.346616944734706e-06
2515,-5.374926331569441e-06
1553,-5.402150463851285e-06
9702,-5.462954504764639e-06
2431,-5.47736499356688e-06
7488,-5.510443088496686e-06
427,-5.574183887802064e-06
4950,-5.590373120867298e-06
7165,-5.671443659593933e-06
2377,-5.7336330883117625e-06
6129,-5.74232194594515e-06
4633,-5.837289791088551e-06
1122,-5.8386447108205175e-06
6915,-5.858963504579151e-06
4536,-5.952858600721811e-06
7340,-5.958447445664206e-06
6412,-6.017314717610134e-06
1823,-6.1161990743130445e-06
7009,-6.164701517263893e-06
2709,-6.166261073303758e-06
9215,-6.170579126774101e-06
2564,-6.365389026541379e-06
6195,-6.399321819117176e-06
8273,-6.402674898708938e-06
8584,-6.427428843380767e-06
9992,-6.605865110032028e-06
2445,-6.610176342292107e-06
8080,-6.8473202645691345e-06
94,-6.894764965181821e-06
10221,-6.964488875382813e-06
961,-6.991964710323373e-06
7472,-6.9943612288625445e-06
6643,-7.045228358038003e-06
429,-7.162631845858414e-06
6206,-7.194774070740095e-06
6046,-7.3919973146985285e-06
2059,-7.4050344665010925e-06
8481,-7.449420763805392e-06
3378,-7.678008842049167e-06
25,-7.745137963866e-06
1369,-7.765549298710539e-06
2041,-7.827590025044628e-06
1094,-7.866540045142756e-06
76,-7.885025752329966e-06
10384,-7.886815637903055e-06
254,-7.906851806183113e-06
754,-7.907610324764391e-06
128,-8.057334980549058e-06
10355,-8.151836482284125e-06
1764,-8.264504685939755e-06
2775,-8.404616437474033e-06
6284,-8.433812126895646e-06
9957,-8.629588137409883e-06
6005,-8.742490081203869e-06
897,-8.825500572129386e-06
5959,-8.952621101343539e-06
5470,-8.978197456599446e-06
1012,-9.050482276506955e-06
1534,-9.216335911332862e-06
5450,-9.332012268714607e-06
9472,-9.530331226415001e-06
503,-9.55235873334459e-06
8853,-9.598511496733408e-06
6917,-9.61370187724242e-06
3215,-9.825721917877672e-06
4617,-9.934667104971595e-06
9865,-9.944137673301157e-06
2789,-1.0039730568678351e-05
1775,-1.008196977636544e-05
8201,-1.0087254850077443e-05
1309,-1.0144322914129589e-05
1434,-1.0252146694256226e-05
647,-1.028975111694308e-05
19,-1.0326091796741821e-05
10208,-1.0436509455757914e-05
615,-1.0501215456315549e-05
5699,-1.0580115485936403e-05
6440,-1.068112169377855e-05
20,-1.0713751635194058e-05
10463,-1.0789584393933183e-05
89,-1.0871766789932735e-05
5323,-1.1091958640463417e-05
3708,-1.1190131772309542e-05
7453,-1.1293941042822553e-05
8301,-1.1333381280564936e-05
1100,-1.1362908480805345e-05
5756,-1.1372777407814283e-05
351,-1.1412955700507155e-05
182,-1.168241124105407e-05
1443,-1.1697512036334956e-05
1460,-1.1812224329332821e-05
873,-1.184728625958087e-05
3082,-1.194250762637239e-05
238,-1.2071629953425145e-05
6158,-1.215871770909871e-05
4384,-1.2189816516183782e-05
1774,-1.2220265489304438e-05
4153,-1.2236931524967076e-05
139,-1.2397891168802744e-05
454,-1.2926994713780005e-05
5357,-1.3168685654818546e-05
4467,-1.3290580682223663e-05
1893,-1.3470472367771436e-05
6666,-1.3582608517026529e-05
1717,-1.3611735994345509e-05
5322,-1.3661077446158743e-05
7064,-1.3798042346024886e-05
1008,-1.390493662256631e-05
7476,-1.3921385743742576e-05
8383,-1.4001793260831619e-05
1794,-1.4509052562061697e-05
3973,-1.4829656265646918e-05
7037,-1.485091615904821e-05
9818,-1.4911168364051264e-05
2153,-1.4936440948076779e-05
5330,-1.5231280031002825e-05
7963,-1.527344011265086e-05
3944,-1.529209794171038e-05
2114,-1.613949552847771e-05
4152,-1.6143082575581502e-05
542,-1.6209024579438847e-05
3171,-1.641620747250272e-05
9878,-1.641786457184935e-05
415,-1.6530267203052063e-05
437,-1.6727932234061882e-05
116,-1.6739957573008724e-05
4307,-1.7040970305970404e-05
5831,-1.709010757622309e-05
4928,-1.719869123917306e-05
539,-1.7276176549785305e-05
30,-1.749802777339937e-05
5894,-1.7661811398284044e-05
228,-1.786219945643097e-05
8227,-1.7888532966026105e-05
1681,-1.7938257769856136e-05
8381,-1.797714958229335e-05
6674,-1.7988669242186006e-05
6675,-1.7988669242186006e-05
9489,-1.7988774743571412e-05
8957,-1.8009972336585633e-05
2610,-1.807640273909783e-05
72,-1.823744605644606e-05
8737,-1.8286122212884948e-05
7796,-1.846539362304611e-05
8487,-1.8618196008901577e-05
500,-1.8636004824656993e-05
4248,-1.8725529116636608e-05
9271,-1.8821830053639133e-05
7564,-1.8941943380923476e-05
5417,-1.903231805044925e-05
2790,-1.9043232896365225e-05
7738,-1.912131756398594e-05
101,-1.924835487443488e-05
3617,-1.928169331222307e-05
8865,-1.9532447367964778e-05
73,-2.0380807654873934e-05
7136,-2.0802292056032456e-05
8745,-2.0805641725019086e-05
4549,-2.1226446733635385e-05
58,-2.1471970285347197e-05
1024,-2.1472167645697482e-05
2091,-2.1486202967935242e-05
8878,-2.1763102267868817e-05
5085,-2.2694148356094956e-05
136,-2.316291556780925e-05
2555,-2.3203819182526786e-05
4078,-2.3278244043467566e-05
7760,-2.367153956583934e-05
863,-2.413125639577629e-05
1702,-2.4547405701014213e-05
8652,-2.4815503820718732e-05
322,-2.5047720555448905e-05
1064,-2.515936012059683e-05
4082,-2.5495832232991233e-05
248,-2.5675062715890817e-05
3091,-2.678840610315092e-05
5690,-2.7075351681560278e-05
3242,-2.7587565455178265e-05
6069,-2.82994597000652e-05
1341,-2.8608904358407017e-05
9332,-2.9301789254532196e-05
5434,-2.9686277230212e-05
1004,-2.976603809656808e-05
1241,-3.0316569791466463e-05
32,-3.0492541554849595e-05
506,-3.072937215620186e-05
577,-3.126036335743265e-05
6885,-3.191771884303307e-05
10155,-3.279396332800388e-05
4013,-3.285166894784197e-05
866,-3.331830339448061e-05
1588,-3.336995359859429e-05
1508,-3.346697485540062e-05
178,-3.378320798219647e-05
3658,-3.410601675568614e-05
8890,-3.4516195228206925e-05
6072,-3.4979464544449e-05
6120,-3.589924926927779e-05
5295,-3.596878559619654e-05
6124,-3.6229868783266284e-05
8236,-3.6875482692266814e-05
9934,-3.6901739804307e-05
2419,-3.7790405258419923e-05
7279,-3.851546534860972e-05
1189,-3.8812218917883e-05
1344,-4.069259739480913e-05
9444,-4.1712903112056665e-05
838,-4.325673944549635e-05
4175,-4.342573993199039e-05
3178,-4.3690044549293816e-05
8391,-4.3983336581732146e-05
10202,-4.512145824264735e-05
4978,-4.526015982264653e-05
7227,-4.572138459479902e-05
6182,-4.576735409500543e-05
4540,-4.587570765579585e-05
4354,-4.6467645006487146e-05
9386,-4.9204118113266304e-05
6466,-4.95895237691002e-05
9744,-5.3621133702108636e-05
641,-5.3827390729566105e-05
9565,-5.430490637081675e-05
6118,-5.559209421335254e-05
2339,-5.664562741003465e-05
9633,-5.681661241396796e-05
4356,-5.813382085761987e-05
6079,-5.94410903431708e-05
8454,-6.21308499830775e-05
9103,-6.509907325380482e-05
7329,-6.565876537933946e-05
1303,-6.59835095575545e-05
8683,-6.60937002976425e-05
1120,-6.616939936066046e-05
1486,-6.956231300137006e-05
3685,-6.988198583712801e-05
3908,-7.031492714304477e-05
1490,-7.352266038651578e-05
5039,-7.50205981603358e-05
3079,-7.70084916439373e-05
5710,-7.764067413518205e-05
1644,-7.816292782081291e-05
8261,-8.14307204564102e-05
4207,-8.222444739658386e-05
1081,-9.043324826052412e-05
8941,-9.523242988507263e-05
1090,-9.580621917848475e-05
196,-9.839497943175957e-05
4401,-0.00010260989802191034
4945,-0.00010269208360114135
6972,-0.00010519757415750064
7659,-0.00010522527009015903
8649,-0.00010977442798321135
8343,-0.00011020499368896708
8656,-0.00011024247578461654
1926,-0.00011455014464445412
5611,-0.0001227016473421827
9927,-0.0001287000486627221
2489,-0.00014292450214270502
8685,-0.00015214347513392568
1299,-0.0001997622530325316
7310,-0.00021164294594200328
1788,-0.00021375577489379793
2894,-0.00022263870778260753
9039,-0.00024378424132009968
