Train_ID,Score
3228,0.052638184279203415
967,0.04300825297832489
428,0.03449246287345886
5410,0.033533599227666855
5585,0.026430848985910416
1190,0.025474881753325462
6100,0.024766528978943825
4965,0.02311430498957634
4101,0.022977424785494804
5444,0.02282092347741127
5499,0.02258609700948
6280,0.022368744015693665
4815,0.022068609483540058
3261,0.021729150786995888
6338,0.02157257217913866
7597,0.02117113396525383
1001,0.020902578718960285
5842,0.020812252536416054
1082,0.020692124031484127
42,0.020479841157794
5604,0.020049442537128925
3612,0.019699718803167343
78,0.019687321037054062
5565,0.01966644823551178
3406,0.019637469202280045
7766,0.019525563344359398
1109,0.01934683322906494
5537,0.01906915009021759
5789,0.01905871368944645
3606,0.019001842476427555
4754,0.018954980187118053
4524,0.01854908186942339
684,0.01846420019865036
3424,0.018384531140327454
5330,0.018309742212295532
503,0.018116861581802368
5829,0.017925315536558628
7007,0.017581313848495483
75,0.0175540903583169
857,0.017448375932872295
3985,0.01742631196975708
6556,0.017313744872808456
2293,0.01729673333466053
1509,0.017252624966204166
5558,0.017237200401723385
7557,0.0171751007437706
274,0.017173828557133675
6631,0.01715657114982605
212,0.01692601665854454
2728,0.01687856949865818
1938,0.01681437063962221
6544,0.016706162132322788
5411,0.01664971373975277
5239,0.01645045541226864
7672,0.016393641009926796
3263,0.016358477994799614
7914,0.015838291496038437
3102,0.01563138421624899
5586,0.015548435971140862
92,0.01550774835050106
2016,0.0155070461332798
640,0.015394076239317656
659,0.015374512411653996
7943,0.015343999490141869
6965,0.015276574064046144
4263,0.015159131493419409
199,0.015018293634057045
839,0.014936440624296665
3664,0.014858920592814684
6518,0.014697672333568335
2764,0.014696268364787102
1227,0.014667106792330742
325,0.014631128869950771
6240,0.014597715809941292
411,0.014572901651263237
2661,0.014426100067794323
1715,0.014385647606104612
1875,0.014374381396919489
829,0.01424548914656043
4927,0.014214609749615192
1541,0.014147104695439339
5790,0.014136352576315403
1572,0.014095239341259003
5018,0.013843017164617777
2775,0.013814542908221483
6752,0.01379855489358306
536,0.01372611615806818
1314,0.013653302565217018
4323,0.013650162611156702
3505,0.013614825904369354
623,0.013498933520168066
1751,0.013489363715052605
1292,0.013480921741575003
7742,0.01347700972110033
3229,0.013470702804625034
6446,0.013467526063323021
832,0.01340404897928238
5374,0.013350470922887325
4971,0.013211856596171856
3997,0.013192884624004364
7000,0.013177664019167423
3550,0.013112381100654602
4717,0.013060969300568104
1766,0.013006791472434998
4161,0.012875554151833057
7071,0.01282554678618908
3751,0.01273422921076417
3617,0.012669946998357773
1386,0.01265829661861062
6273,0.012655267026275396
7922,0.012643415480852127
406,0.012425738386809826
3574,0.012396803591400385
3737,0.012296468019485474
2286,0.012222096789628267
7136,0.012177927419543266
567,0.012161647900938988
6935,0.012158163357526064
7308,0.01206900179386139
3304,0.01206253096461296
2272,0.012041527777910233
6029,0.012029318604618311
2192,0.011937892064452171
7218,0.011867046356201172
4641,0.01179319154471159
7989,0.011745644267648458
5242,0.011690802872180939
1940,0.011685782577842474
7913,0.0116440006531775
3459,0.011561851017177105
400,0.011546299327164888
4370,0.011497915722429752
7878,0.011495326645672321
6745,0.01138879545032978
6628,0.011376429349184036
6659,0.011370960157364607
7497,0.011344175320118666
6427,0.011324794497340918
5821,0.011308662593364716
2949,0.01125313900411129
7609,0.011192308738827705
1055,0.011185566894710064
7753,0.011172604281455278
5554,0.011152044869959354
6708,0.01113953860476613
2850,0.011026710737496614
6209,0.011018983088433743
6906,0.010956811252981424
6916,0.010886471718549728
2024,0.010805533267557621
675,0.0107490886002779
2287,0.010675773955881596
841,0.010578833520412445
328,0.010526361409574747
1605,0.010505958460271358
3405,0.010494135320186615
4565,0.010415066964924335
2374,0.010366370435804129
2357,0.010321293026208878
1959,0.010284916497766972
283,0.01028464175760746
2471,0.010264134965837002
555,0.010166356805711985
7651,0.0101548433303833
6950,0.01012685289606452
1231,0.010119965765625238
3807,0.01009779004380107
739,0.0100895119830966
6620,0.01006793137639761
6590,0.010054012294858694
5782,0.009954214096069336
4899,0.009905530605465174
3042,0.009905426762998104
1445,0.009883535094559193
2416,0.009798874147236347
1387,0.009795252699404955
2454,0.009778807405382395
5324,0.009731026832014322
139,0.009724328760057688
3090,0.009690798353403807
7951,0.009681257419288158
7223,0.009593473747372627
3152,0.009538337588310242
6648,0.0095324139110744
7010,0.009523587301373482
5938,0.009496123995631933
2162,0.009473985526710749
7658,0.009462100453674793
760,0.009377586655318737
7840,0.009315477684140205
2560,0.00928624626249075
4195,0.009244380053132772
6612,0.00924029853194952
916,0.009238987695425749
6393,0.009236644487828016
2927,0.00921174231916666
2568,0.009207874536514282
2276,0.009204566944390535
4043,0.009148306213319302
6780,0.009147308301180601
491,0.00908404216170311
3591,0.00903925858438015
4031,0.008982079103589058
7230,0.008974720258265734
2302,0.00896473228931427
4103,0.008960478473454714
2307,0.008900601416826248
4279,0.008867789525538683
4121,0.008846302516758442
4204,0.008842273149639368
3400,0.008800357580184937
7875,0.008759373798966408
432,0.00872601242735982
6939,0.008715523406863213
1454,0.008710198104381561
2093,0.008683818392455578
1632,0.008664282970130444
4102,0.008620264939963818
5905,0.008533020969480276
795,0.00850489130243659
3233,0.008502674754709005
1487,0.008485316298902035
437,0.008482130244374275
4786,0.008405246306210756
6634,0.008393516764044762
4843,0.008315831422805786
3972,0.008304823189973831
2685,0.00826165871694684
3476,0.00825232919305563
2956,0.008220844902098179
7290,0.008211005013436079
4326,0.008142215199768543
1718,0.008120722137391567
2571,0.008107846137136221
2511,0.008068854920566082
7478,0.008064094930887222
1974,0.008058100938796997
3884,0.008051266428083181
2406,0.008049295283854008
1181,0.008039907086640596
830,0.008037431165575981
963,0.008018855936825275
2409,0.007990958634763956
6285,0.007966550532728434
7272,0.007927798898890615
7708,0.007901131641119719
591,0.00788309657946229
1020,0.007840661332011223
5791,0.007836311124265194
1104,0.0077977837063372135
4978,0.007780652958899736
5865,0.00772183807566762
1066,0.007700829766690731
2543,0.007682242430746555
6510,0.007647071033716202
3064,0.007621468510478735
7431,0.007620552321895957
7068,0.00760277034714818
1188,0.00757393310777843
4756,0.0075714976992458105
946,0.007566782413050532
7336,0.007563114864751697
227,0.007447425276041031
2296,0.007426789961755276
2499,0.007410505088046193
5493,0.007409467361867428
4650,0.0073640302289277315
6006,0.007354695815593004
7365,0.007350238272920251
3018,0.007320702075958252
6586,0.007317801704630256
3134,0.007303636753931642
4784,0.00729909585788846
6888,0.007277100346982479
6637,0.007215613964945078
4391,0.007208582479506731
1678,0.007147578522562981
3264,0.007143801776692271
3321,0.007120323833078146
2245,0.0071150390431284904
3355,0.007111410377547145
7507,0.007102929521352053
938,0.007102710194885731
6531,0.007090910570695996
123,0.007087033707648516
4716,0.007067616330459714
4034,0.007066146470606327
2533,0.007049275562167168
3208,0.007016491610556841
978,0.007015762384980917
4427,0.006999629782512784
6315,0.006998402997851372
1118,0.006997863296419382
6990,0.006983505561947823
3727,0.0069658413995057344
5768,0.0068667500745505095
2384,0.006864834576845169
5034,0.006851833779364824
3143,0.006848823511973023
7132,0.006815358065068722
7256,0.006790348561480641
3798,0.006786145502701402
1898,0.0067774164490401745
3817,0.006749494932591915
3797,0.006704851984977722
1257,0.00669680954888463
7832,0.006693627452477813
3389,0.006681003142148256
7020,0.00663667730987072
1306,0.0065587295684963465
6355,0.0065451730042696
5925,0.0065441804472357035
6956,0.0065192715264856815
6496,0.0065063603688031435
2947,0.006488316459581256
5205,0.006485946010798216
498,0.0064778318628668785
270,0.006476596463471651
1983,0.006475639529526234
300,0.00647281389683485
6317,0.0064199455082416534
226,0.0064116541761904955
225,0.006403902545571327
7812,0.006390524096786976
5202,0.006376559613272548
5745,0.006372376345098019
5452,0.0063684917986392975
5304,0.00636743800714612
1436,0.00633330293931067
2934,0.006319240899756551
3564,0.00631915545091033
3783,0.006296971347182989
6041,0.006285781506448984
6159,0.006285273237153888
873,0.006282729795202613
2807,0.006216429406777024
3480,0.00620180182158947
3412,0.006199252093210816
1706,0.006185251288115978
2332,0.006156460847705603
7796,0.006149249849840999
2812,0.006148893386125565
3686,0.0061444868333637714
6449,0.006126807536929846
2083,0.0061151450499892235
6468,0.006111563183367252
7059,0.006100238533690572
2893,0.006090932991355658
2839,0.0060843005776405334
7407,0.006084166234359145
63,0.0060776041354984045
4548,0.006063262466341257
495,0.00605360884219408
5054,0.006046714726835489
5911,0.006046412279829383
7861,0.006021591369062662
5264,0.006008599419146776
3352,0.00600570859387517
1184,0.006005502073094249
5869,0.006002879701554775
5823,0.006002021487802267
7025,0.0059977693017572165
1939,0.005983524722978473
2076,0.005981731694191694
5420,0.005965522723272443
2051,0.005960669368505478
4233,0.0059603117406368256
699,0.005940655246376991
372,0.005935946712270379
609,0.005931839346885681
639,0.00591646577231586
896,0.0059107637498527765
3652,0.005891242064535618
4202,0.005880724173039198
5599,0.005878563970327377
5910,0.005877567455172539
3349,0.0058478235732764006
7480,0.005838215351104736
6687,0.005829719360917807
2621,0.0058226617984473705
7605,0.005807620007544756
1711,0.005803660722449422
6706,0.005799618782475591
7571,0.005788624286651611
4935,0.005788129288703203
6031,0.005783499451354146
4992,0.005752537632361054
6118,0.005747371353209019
216,0.0057359866332262754
3146,0.005729028722271323
5147,0.005701002664864063
7673,0.0056986818090081215
3451,0.00569742638617754
619,0.0056814756244421005
5001,0.005676096538081765
4941,0.005673922132700682
7674,0.0056678608525544405
7183,0.005661590024828911
5077,0.005629852879792452
7217,0.00561377452686429
778,0.005608471808955073
1754,0.005602834979072213
3874,0.005598352057859302
7600,0.005582801997661591
6169,0.0055685266852378845
2422,0.005547544453293085
2727,0.005529724759981036
4258,0.005528304958716035
6048,0.005515477852895856
500,0.0055121141485869884
5633,0.005495706805959344
7109,0.005492558237165213
475,0.00548420287668705
6397,0.005467380629852414
6519,0.005465976893901825
2480,0.005459601525217295
4947,0.0054567246697843075
4516,0.005455897655338049
2166,0.005450571188703179
5103,0.005440110806375742
1265,0.005430723074823618
1315,0.005424803122878075
2361,0.005422133486717939
3278,0.00541538861580193
4703,0.005399223184213042
1547,0.005386394681409001
5060,0.0053810253739356995
1282,0.005379638634622097
385,0.005376199726015329
3619,0.005345104495063424
1935,0.00534264650195837
5351,0.005333722569048405
5179,0.005323067307472229
1338,0.005321285920217633
3272,0.005302410805597901
5693,0.005294812610372901
1381,0.005289027700200677
1800,0.005287948530167341
39,0.0052713078912347555
7564,0.005264329025521874
1579,0.005261947168037295
4092,0.0052604079246521
3677,0.005254059098660946
2060,0.005249845329672098
492,0.005241277627646923
570,0.005217625759541988
3100,0.0052164639346301556
3442,0.00521544273942709
1965,0.005209343042224646
1138,0.005208127899095416
7562,0.005201707128435373
2149,0.005193705204874277
5708,0.005151491379365325
4125,0.005140073597431183
4453,0.005137254949659109
3219,0.00511556351557374
7359,0.0051155355758965015
4052,0.005110683850944042
5031,0.0051013147458434105
2216,0.005091732833534479
4191,0.005080332746729255
4072,0.00504671735689044
1275,0.005044295219704509
4030,0.00504270545206964
6690,0.005042484495788813
6441,0.0050405459478497505
4315,0.005034893751144409
4386,0.005028556101024151
4957,0.0050258219707757235
5364,0.005022350698709488
1420,0.005021895281970501
7390,0.0050042911898344755
1281,0.0049808460753411055
6018,0.0049726583529263735
2869,0.004971801768988371
2584,0.004964601714164019
7714,0.0049619292840361595
656,0.004961904138326645
814,0.004960563499480486
2364,0.004958936711773276
1647,0.004955896642059088
3681,0.004932379815727472
301,0.004924081265926361
650,0.004920767154544592
776,0.004890523152425885
1682,0.004886487498879433
151,0.004851241130381823
3542,0.004837054060772061
521,0.004836320411413908
3021,0.004832556704059243
7731,0.004828804638236761
621,0.004825633019208908
4667,0.004809738369658589
6078,0.004792247666046023
2608,0.00478761806152761
7839,0.004784963792189956
3741,0.0047632441855967045
7145,0.004751582397148013
7013,0.00475100171752274
2306,0.0047481488436460495
2959,0.0047430063132196665
5858,0.004737249109894037
5532,0.004725666716694832
557,0.00472435331903398
860,0.0047200273256748915
7721,0.004711391404271126
5283,0.004709599539637566
7142,0.004705032566562295
185,0.004704603925347328
3225,0.004702872131019831
5772,0.004700703080743551
4127,0.004696978256106377
324,0.004694575909525156
2720,0.0046938094310462475
3461,0.0046916501596570015
3852,0.00467354292050004
6395,0.004664981737732887
2663,0.00464910245500505
68,0.004644542699679732
6019,0.004643834196031094
7707,0.004635381046682596
2111,0.004633552394807339
5732,0.004631188930943608
6329,0.00459693418815732
4420,0.004596413346007466
6610,0.004593000281602144
320,0.004588740179315209
3213,0.004574901191517711
6685,0.004569463897496462
7788,0.004552278900519013
5387,0.004543631104752421
7078,0.004527052864432335
7995,0.0045140027068555355
4495,0.004506983794271946
413,0.004506888333708048
4505,0.004505515331402421
5236,0.004505498101934791
3217,0.004502821946516633
4956,0.0044992719776928425
5707,0.004496661247685552
575,0.004495256580412388
2131,0.004494332708418369
1996,0.004489619983360171
5847,0.004482738673686981
4845,0.004475356079638004
4214,0.004467347403988242
4561,0.0044631497003138065
7295,0.004461641423404217
415,0.004446309292688966
1697,0.00443940469995141
1241,0.004437261261045933
1894,0.004426180152222514
1841,0.004421791061758995
3492,0.004414091352373362
1588,0.004407363710924983
528,0.004402867518365383
7453,0.004378307843580842
352,0.0043738235253840685
820,0.0043646362610161304
6244,0.00436417362652719
6498,0.004363805754110217
6086,0.004362473962828517
2648,0.004359991289675236
5721,0.004354460397735238
4086,0.004350750707089901
5544,0.0043471192475408316
1873,0.004343370907008648
4769,0.004339899402111769
7341,0.004332115175202489
6343,0.004325871588662267
1475,0.004323435015976429
1133,0.0043222904205322266
3757,0.0043161187786608934
2759,0.00430255220271647
4465,0.004302449990063906
6834,0.004276622785255313
7843,0.004269625758752227
5293,0.004268357530236244
729,0.004268077667802572
4196,0.0042643132619559765
1397,0.004257135326042771
4312,0.004249976947903633
4296,0.0042422073893249035
1286,0.004240979673340917
3259,0.004235129337757826
3384,0.004235001979395747
1877,0.004227934405207634
3283,0.004226011224091053
3056,0.0042164449114352465
7816,0.004215963883325458
4187,0.004214368760585785
7419,0.004207073710858822
1804,0.004197007743641734
6682,0.004192223539575934
1566,0.004187112208455801
1320,0.004184697289019823
7654,0.004177606897428632
3154,0.0041743433102965355
3562,0.004165819380432367
5560,0.004165389109402895
3545,0.004161367891356349
852,0.004149702610448003
1308,0.004143225494772196
1811,0.0041420364286750555
730,0.00413366686552763
6845,0.004126031417399645
2820,0.004122455837205052
1391,0.004122226033359766
6261,0.004117578500881791
2749,0.00411449815146625
4840,0.004113728646188974
4774,0.0041107903234660625
1670,0.004106558160856366
1883,0.004106409382075071
4179,0.004105363041162491
3317,0.004103763494640589
6607,0.00410182261839509
5480,0.004095422104001045
7689,0.004072916693985462
1362,0.004066420719027519
4865,0.004058391321450472
568,0.004057954763993621
6430,0.004051503725349903
1236,0.00404601264744997
2930,0.00404354277998209
548,0.004039407707750797
2178,0.00403821375221014
4007,0.004030836746096611
5642,0.004027956398203969
6696,0.0040194091852754354
170,0.00401554093696177
4617,0.003976291976869106
207,0.003974630497395992
6307,0.00397043745033443
7598,0.003968634642660618
238,0.003967069089412689
7979,0.00394402677193284
6632,0.0039436230435967445
6717,0.0039427028968930244
6844,0.003930364735424519
7799,0.003929272759705782
7238,0.003923811949789524
3778,0.0039237262681126595
6864,0.0038982443511486053
2912,0.0038967232685536146
581,0.00389327818993479
7686,0.0038890005089342594
3114,0.003886390128172934
7324,0.0038806525990366936
2894,0.003863855032250285
7434,0.003860869910567999
1927,0.0038582629058510065
380,0.003855567891150713
6458,0.003847314859740436
7323,0.0038352892734110355
6770,0.003831732552498579
2558,0.0038308734074234962
7199,0.0038245142204687
7939,0.0038231676444411278
3571,0.003821972175501287
4951,0.0038197472458705306
7311,0.0038175247609615326
4497,0.0038001020438969135
4460,0.003797939629293978
7602,0.003797384211793542
418,0.0037948969984427094
658,0.0037843736354261637
7101,0.0037802946753799915
204,0.0037750238552689552
603,0.003773507894948125
344,0.003768525319173932
5488,0.00376644404605031
7554,0.0037633529864251614
560,0.00375579169485718
4018,0.00375056522898376
4551,0.003749423543922603
5453,0.003744882415048778
1439,0.0037397549021989107
3702,0.0037381217116490006
5140,0.0037375069223344326
5921,0.003722728230059147
1615,0.0037206319393590093
2666,0.0037175778998062015
2300,0.0037170143332332373
4759,0.0037146129179745913
4525,0.003711502067744732
7741,0.0037061080802232027
7474,0.003706102608703077
1200,0.003702698857523501
7756,0.0036963834427297115
7883,0.0036915852688252926
5538,0.003683903254568577
7961,0.0036818586522713304
4988,0.003677073400467634
4511,0.0036769069265574217
7342,0.003676067804917693
6220,0.00367272668518126
2877,0.0036688107065856457
3135,0.003651584032922983
5008,0.0036469739861786366
3893,0.00364681170322001
5803,0.0036427846644073725
2744,0.0036418242380023003
4888,0.003640508046373725
1755,0.0036338844802230597
1862,0.0036325491964817047
6565,0.0036086506443098187
781,0.0035981026012450457
2838,0.003595942980609834
6954,0.003592654364183545
7988,0.0035924632102251053
847,0.0035847679246217012
3282,0.003584357094950974
7962,0.0035836012102663517
4216,0.0035790628753602505
6937,0.0035780607722699642
7344,0.0035735972924157977
3896,0.003561943769454956
3392,0.0035567893646657467
1750,0.003553456859663129
4475,0.003552775480784476
3553,0.003551758360117674
1261,0.003545955289155245
5334,0.0035338299348950386
3598,0.0035334702115505934
5877,0.003533439477905631
6811,0.003532957285642624
4268,0.00350861344486475
178,0.0034895637072622776
5956,0.0034857216523960233
7283,0.003484015818685293
638,0.003475908888503909
3609,0.0034667449072003365
6621,0.0034584791865199804
632,0.0034522790228947997
1522,0.0034495419822633266
5307,0.0034402383025735617
6550,0.0034399530850350857
1492,0.0034391703084111214
1089,0.003438128507696092
1357,0.0034365735482424498
1358,0.0034353251103311777
111,0.003434418118558824
4209,0.0034336744574829936
7758,0.0034276137594133615
3437,0.0034225881099700928
6201,0.0034221175592392683
2870,0.003421531058847904
5395,0.003416792256757617
5598,0.003415454877540469
1599,0.0034131481079384685
1733,0.0034070350229740143
6806,0.003403638140298426
6537,0.0034015312558040023
2059,0.0033998367143794894
7253,0.0033986837370321155
3743,0.003398413071408868
3055,0.003396760788746178
7504,0.0033959740540012717
7184,0.003390023484826088
6141,0.0033883850555866957
33,0.0033780127996578813
4587,0.003377210581675172
2280,0.0033690553391352296
4407,0.0033638242166489363
6996,0.0033623325871303678
2479,0.003360935836099088
3333,0.003359642461873591
4417,0.003358878893777728
4861,0.0033562537282705307
5006,0.003356145811267197
4122,0.003342254552990198
6116,0.0033413496566936374
598,0.003339730901643634
404,0.0033390671014785767
2895,0.003337470698170364
241,0.003331045270897448
676,0.0033202458871528506
6151,0.0033182573970407248
2580,0.0033161030150949955
7716,0.00331551197450608
3086,0.003314899397082627
751,0.003314892528578639
7162,0.0033117353450506926
7555,0.0033016065135598183
1328,0.003293406218290329
6598,0.0032915829215198755
106,0.0032899784855544567
3472,0.0032893202733248472
1222,0.0032872012816369534
1256,0.0032782205380499363
6741,0.0032758889719843864
2730,0.0032730507664382458
313,0.0032696903217583895
7349,0.003267056541517377
6322,0.0032613439252600074
5033,0.003260705736465752
4207,0.0032599075930193067
1922,0.0032597132958471775
337,0.0032513488549739122
7492,0.0032457669731229544
3467,0.0032455786131322384
1035,0.0032399320043623447
4983,0.003236951306462288
2432,0.003232800750993192
2740,0.003225595923140645
1461,0.0032205304596573114
5814,0.0032204192830249667
5931,0.0032178532565012574
5005,0.003217127057723701
2047,0.0032170411432161927
3238,0.0032165811862796545
263,0.003213145537301898
3608,0.0032118719536811113
3977,0.003211743663996458
6083,0.0032044468680396676
6493,0.003201588406227529
7289,0.0032002488151192665
4348,0.003196739125996828
7800,0.003189990296959877
906,0.0031861448660492897
2258,0.0031840725569054484
7226,0.0031805866165086627
4881,0.003176915575750172
2517,0.003173261764459312
1498,0.0031725683948025107
7400,0.0031666919821873307
7180,0.0031665050191804767
1546,0.00316603051032871
2411,0.0031658459920436144
5082,0.0031567526748403907
6436,0.003156320657581091
2122,0.003155287471599877
135,0.0031545902602374554
5492,0.0031522084027528763
104,0.0031430377857759595
7691,0.003140154527500272
5327,0.0031384786125272512
798,0.003137346124276519
3362,0.0031260732794180512
1426,0.0031223378609865904
7024,0.003109169192612171
7062,0.003101897891610861
1868,0.0030982918106019497
3581,0.0030953988898545504
2904,0.003091774880886078
3179,0.003089286503382027
7368,0.0030861981213092804
5074,0.003085872740484774
1488,0.0030807516304776073
1068,0.0030689530540257692
5078,0.0030652491841465235
7959,0.0030543553875759244
1707,0.0030480094719678164
5246,0.0030475114472210407
5924,0.0030474528903141618
1440,0.0030450033955276012
3926,0.003034466761164367
6540,0.003034321591258049
2304,0.0030288987327367067
1510,0.0030275220051407814
7806,0.003018281888216734
1888,0.0030108424834907055
3098,0.0030010687187314034
6461,0.0029983455315232277
243,0.002997534116730094
2182,0.002996976487338543
2453,0.0029932179022580385
4527,0.0029920723754912615
875,0.002991329529322684
7058,0.0029881931841373444
5290,0.002987463027238846
4574,0.002987388987094164
6670,0.002986455336213112
7851,0.0029832978034392
7547,0.002980427350848913
3157,0.0029787159292027354
7856,0.0029701647581532598
103,0.002969868713989854
4627,0.00296626053750515
4871,0.0029590671183541417
5184,0.0029583199648186564
6000,0.0029533173656091094
3123,0.002948239678516984
6117,0.002945997752249241
398,0.0029445933178067207
3785,0.002943094470538199
7744,0.0029398136539384723
2353,0.002935193944722414
1966,0.002930537681095302
794,0.002922574058175087
5765,0.0029217946575954556
6507,0.0029206370236352086
7378,0.002918737009167671
250,0.0029097942169755697
76,0.0029070242308080196
5472,0.0029015219770371914
2154,0.002900865045376122
3858,0.0028982069343328476
6502,0.0028976837638765574
6333,0.002896325313486159
3818,0.0028961142525076866
3808,0.002891094423830509
2981,0.002887081354856491
1944,0.002885898109525442
7795,0.0028844764456152916
4247,0.0028794792015105486
5809,0.0028745855670422316
6885,0.0028707387391477823
5796,0.002870122669264674
5110,0.0028700632974505424
77,0.002869204501621425
2514,0.002865040791220963
2957,0.0028623901307582855
1169,0.0028580408543348312
6791,0.002853823360055685
2330,0.002842469373717904
6470,0.002839515800587833
3679,0.002836672472767532
855,0.0028348691994324327
7055,0.0028284928994253278
5590,0.0028249628376215696
1719,0.0028235682984814048
912,0.0028208899311721325
4962,0.0028198957443237305
2721,0.0028184280963614583
5004,0.0028182355454191566
4383,0.0028175855986773968
7759,0.0028163224924355745
7097,0.0028138053603470325
1676,0.0028125311946496367
4820,0.002809093799442053
3935,0.002808896475471556
201,0.0028052559355273843
7517,0.0028040746692568064
592,0.002799443551339209
7277,0.0027951126685366035
2116,0.002790046506561339
3168,0.0027891891077160835
7859,0.002787778154015541
3538,0.0027858467074111104
3689,0.002784186042845249
1049,0.002783626434393227
5186,0.0027819685637950897
4553,0.0027804188430309296
5880,0.0027739843353629112
3209,0.0027737198397517204
2725,0.002771714935079217
7835,0.0027715996839106083
6520,0.002771436469629407
3318,0.0027562706964090466
90,0.002751555060967803
391,0.0027511552907526493
7332,0.0027508107014000416
7115,0.0027495959075167775
1519,0.002747143036685884
1402,0.0027469894848763943
4331,0.002741887466982007
7377,0.002740909345448017
4544,0.002740569645538926
2635,0.002738520153798163
4151,0.002734532463364303
6135,0.002733820118010044
4789,0.0027284073876217008
1400,0.002722591394558549
6504,0.002720991033129394
6160,0.002718921168707311
4608,0.0027179575990885496
5557,0.0027147395303472877
3839,0.0027146012289449573
373,0.002714547445066273
7681,0.002711585839278996
3595,0.0027092720847576857
947,0.002705529797822237
4368,0.0027039836859330535
2905,0.0027038659900426865
1036,0.0026954070199280977
1789,0.002692233771085739
55,0.0026909459847956896
4051,0.00268925738055259
5875,0.0026876130141317844
5726,0.0026869585271924734
2961,0.002679014578461647
6463,0.002677114913240075
7541,0.002676226431503892
5521,0.0026746178045868874
5787,0.002672774251550436
3485,0.002669998211786151
2977,0.0026631340151652694
1088,0.0026597011601552367
1309,0.0026572744827717543
242,0.0026464840630069375
74,0.0026390645653009415
6568,0.0026385310338810086
685,0.0026379635091871023
5451,0.0026376101886853576
3051,0.0026330556720495224
3949,0.002632388612255454
291,0.002632300602272153
130,0.0026297748554497957
4082,0.002625914989039302
3501,0.0026221793377771974
2089,0.0026211339281871915
6330,0.002621038118377328
5221,0.0026204035384580493
2326,0.002614174736663699
2421,0.002610487979836762
7092,0.0026098701637238264
5541,0.002608813694678247
3592,0.002608207054436207
2620,0.002607962698675692
7282,0.002606618800200522
1107,0.0026056711794808507
1213,0.002604229375720024
4292,0.0026030363515019417
4620,0.0025988505221903324
6297,0.002594320336356759
7606,0.002594099147245288
1662,0.002592206932604313
3625,0.0025910501135513186
3888,0.0025874420534819365
6927,0.0025873451959341764
7019,0.0025864276103675365
1627,0.0025849230587482452
5517,0.0025792181259021163
649,0.00257412891369313
3409,0.0025729602202773094
7501,0.0025719148106873035
126,0.0025685180444270372
4100,0.002568500814959407
321,0.0025615853955969214
5207,0.0025587468408048153
5003,0.0025575716281309724
5580,0.0025572640588507056
663,0.002554291975684464
7394,0.002548404736444354
3113,0.0025475730653852224
4026,0.0025415291311219335
7187,0.002539786626584828
401,0.0025393093237653375
3235,0.0025392138632014394
1569,0.0025363049935549498
1603,0.002534691826440394
4744,0.002533250255510211
2028,0.0025314997183158994
2264,0.002530819154344499
2040,0.0025279935216531157
2926,0.0025278052780777216
7461,0.0025260434485971928
1070,0.0025259556714445353
3556,0.0025242174742743373
6552,0.00252219894900918
6171,0.0025174220791086555
2435,0.0025155602488666773
6776,0.0025144091341644526
5729,0.002514319494366646
311,0.0025059212930500507
4782,0.0025058442261070013
4677,0.0025025263894349337
5299,0.002498619258403778
5200,0.002498053596355021
5223,0.0024980304297059774
925,0.0024964684853330255
1491,0.002496173372492194
3569,0.0024961059680208564
6020,0.0024947812780737877
1713,0.0024944632314145565
2994,0.002494111889973283
559,0.002493471256457269
4558,0.0024917253758758307
7009,0.002490797662176192
1651,0.0024865888990461826
1728,0.0024856599047780037
576,0.00248042494058609
7350,0.0024793813936412334
1351,0.0024775417987257242
4301,0.0024750264128670096
2210,0.002472064457833767
4723,0.0024700022768229246
2653,0.0024669950362294912
2214,0.002464467310346663
806,0.0024643560172989964
6917,0.002463509445078671
5392,0.002462978009134531
7044,0.002458156202919781
6174,0.0024558567674830556
4728,0.002454879111610353
3917,0.0024511036463081837
573,0.0024509672075510025
7139,0.002450332627631724
1582,0.0024439559783786535
6500,0.0024396347580477595
2486,0.0024372590705752373
7402,0.0024371378822252154
3899,0.002431045053526759
4206,0.0024258712073788047
593,0.0024254635209217668
1364,0.0024204589426517487
7451,0.0024202638305723667
1587,0.0024201776832342148
7423,0.0024191865231841803
6459,0.0024191858246922493
5609,0.00241847918368876
7971,0.002414582180790603
3149,0.0024121522437781096
3425,0.0024101572344079614
4226,0.0024077893467620015
4508,0.002407086663879454
6419,0.0024046667385846376
2726,0.002403279417194426
2965,0.00240151584148407
6411,0.0024011111818253994
5934,0.0024007753236219287
6769,0.0024000867269933224
2188,0.0023994490038603544
2594,0.0023980895057320595
3236,0.0023980700643733144
4896,0.0023980082478374243
3825,0.002393211703747511
3735,0.002393167815171182
3618,0.0023911672178655863
512,0.0023904525442048907
7160,0.0023901048116385937
3546,0.002389373257756233
1232,0.002388880937360227
5838,0.002385049592703581
700,0.002382705104537308
5143,0.002378587843850255
3088,0.00237712892703712
2102,0.0023743240162730217
3077,0.0023731746478006244
5255,0.0023722138721495867
2697,0.002367976470850408
6553,0.0023617949336767197
2573,0.0023604780435562134
7782,0.002359654405154288
6178,0.002358856494538486
3956,0.002358506782911718
7320,0.0023584357695654035
4725,0.002351226517930627
244,0.0023493863409385085
5617,0.0023492559557780623
179,0.0023483349941670895
6186,0.0023478795774281025
7506,0.0023476601345464587
4283,0.0023459114599972963
443,0.0023375223390758038
1589,0.0023372735595330596
1156,0.002336474019102752
1998,0.0023318545427173376
2350,0.002330757910385728
4866,0.0023303611669689417
6764,0.002328441943973303
4099,0.002326600719243288
6277,0.0023224735632538795
4149,0.0023219340946525335
7393,0.002320059691555798
2098,0.002314251265488565
5505,0.00231250433716923
2135,0.002311245887540281
7021,0.002308841794729233
1101,0.002308491268195212
1648,0.0023078445810824633
1907,0.002301779459230602
2715,0.0022976172622293234
5292,0.00229653250426054
1743,0.0022951720748096704
5564,0.0022899718023836613
393,0.0022856976138427854
881,0.0022853256668895483
7849,0.002282397821545601
433,0.002278585801832378
1030,0.0022776431869715452
1300,0.002275967737659812
3092,0.0022721380228176713
1077,0.002271047909744084
5688,0.0022689856123179197
3724,0.002264468465000391
7900,0.0022639210801571608
867,0.0022617230424657464
4367,0.0022615212947130203
7919,0.0022613918408751488
718,0.0022597848437726498
5201,0.002259355620481074
7399,0.00225678738206625
7776,0.0022558774799108505
2358,0.0022546075051650405
6686,0.0022534995805472136
6270,0.0022514985175803304
6548,0.002251142170280218
1316,0.002250708406791091
1608,0.0022459436440840364
1542,0.00224500079639256
5439,0.002244523260742426
2020,0.002241766545921564
5687,0.0022412443067878485
5949,0.002239690744318068
6268,0.002238262561149895
1801,0.002237941254861653
7722,0.0022372150560840964
6175,0.0022358321584761143
279,0.0022350839572027326
5764,0.0022349499631673098
4981,0.002234429819509387
825,0.0022323589073494077
4131,0.002231716876849532
6158,0.0022314932430163026
622,0.0022259950637817383
4977,0.0022202712716534734
4478,0.0022186049027368426
3068,0.0022176651982590556
2974,0.0022150680888444185
6566,0.00221246515866369
7786,0.0022111827274784446
779,0.002210534643381834
6243,0.002208031597547233
2629,0.0022053206339478493
2797,0.0022019168827682734
5889,0.0021988891530781984
596,0.0021914709359407425
6794,0.002189017250202596
2822,0.002188986982218921
6420,0.00218853447586298
5172,0.002185929100960493
3049,0.0021845350274816155
2606,0.002181970630772412
1705,0.0021781021496281028
4146,0.0021766640711575747
1046,0.0021760071394965053
7752,0.0021756853675469756
1412,0.0021752717439085245
899,0.002173915388993919
6721,0.0021729968721047044
345,0.0021729120053350925
5376,0.002172777894884348
2599,0.002172293490730226
5737,0.0021706087281927466
4563,0.0021701972000300884
3220,0.002169389626942575
3173,0.002158015384338796
6044,0.0021565337665379047
7854,0.002155799069441855
6932,0.002154433401301503
4432,0.0021542165195569396
1995,0.002153809182345867
4023,0.0021523204632103443
7048,0.0021501374430954456
7462,0.0021495188120752573
4496,0.0021489174105226994
7500,0.002145037753507495
4711,0.0021437754621729255
2303,0.002142980694770813
5864,0.0021409833570942283
7214,0.002140388241969049
3918,0.0021397466771304607
5645,0.002135617658495903
1596,0.0021337748039513826
1893,0.0021317556966096163
298,0.0021313487086445093
5105,0.002125062048435211
6235,0.0021237655309960246
5882,0.0021202112548053265
4735,0.0021185745717957616
1347,0.00211639201734215
2866,0.0021154466085135937
7174,0.002114379429258406
3694,0.00211404578294605
1756,0.0021117774304002523
7026,0.0021115727722644806
5268,0.002107641543261707
7779,0.0021029191557317972
5922,0.0021017760736867785
5611,0.002101265825331211
3449,0.0020982574205845594
5497,0.0020977698732167482
1997,0.0020937195513397455
5533,0.002093068789690733
1273,0.0020928244339302182
2007,0.0020922996336594224
737,0.0020909246522933245
7343,0.0020880792289972305
7881,0.0020875559421256185
1976,0.002086605876684189
355,0.0020829024724662304
493,0.0020806407555937767
34,0.002079469384625554
5744,0.002078281482681632
1176,0.0020742631750181317
3887,0.0020726455841213465
2986,0.002069725305773318
4265,0.0020690830424427986
190,0.0020687554497271776
5936,0.002066957764327526
1979,0.002063710941001773
4290,0.0020627615740522742
3870,0.002062563318759203
247,0.002061614883132279
1564,0.002061332925222814
3158,0.002060615108348429
2129,0.002060339553281665
4037,0.0020567765459418297
3270,0.002056544879451394
309,0.0020564772421494126
3682,0.002052054740488529
5891,0.0020516416989266872
894,0.002050186973065138
7785,0.002044597640633583
282,0.0020431482698768377
7414,0.0020423883106559515
7664,0.002042223117314279
3616,0.0020382339134812355
4159,0.0020381073700264096
6489,0.0020331834675744176
3453,0.002028862596489489
1984,0.002028433489613235
4106,0.00202422181610018
5467,0.002022866625338793
6077,0.0020186741603538394
915,0.0020175481913611293
1764,0.002016755403019488
5478,0.0020167087204754353
4907,0.0020131911151111126
4872,0.002012333832681179
4355,0.0020108367316424847
6377,0.0020104898139834404
6196,0.0020091794431209564
792,0.002007972914725542
1111,0.002007752424106002
2690,0.0020069126039743423
1741,0.002006548224017024
3688,0.0020056450739502907
3599,0.002003270201385021
4221,0.0020025817211717367
6037,0.001998278545215726
1592,0.001998231280595064
6630,0.0019981972873210907
3276,0.0019953877199441195
5804,0.001992591773159802
1593,0.0019913559081032872
4737,0.0019911323324777186
3862,0.001990746706724167
379,0.0019891569390892982
6813,0.001989091048017144
3771,0.00198889069724828
2649,0.0019865829963237047
5331,0.001984851318411529
7467,0.001978584798052907
2128,0.0019785567419603467
983,0.001974876970052719
146,0.001972912228666246
1098,0.001970730139873922
6601,0.0019703165162354708
3044,0.0019637824734672904
2630,0.0019632295006886125
4652,0.0019630646565929055
6901,0.0019624826963990927
4443,0.0019610595190897584
1277,0.001957816886715591
6296,0.001955591607838869
5379,0.0019538700580596924
5987,0.0019518239423632622
1209,0.0019517539767548442
6977,0.0019502572249621153
858,0.0019483526702970266
6177,0.001947754411958158
577,0.0019470607512630522
5948,0.00194659479893744
4869,0.0019423372577875853
3764,0.001941263792105019
3336,0.0019398265285417438
2329,0.00193945097271353
532,0.0019369893707334995
6026,0.001936463755555451
4607,0.0019357933197170496
6731,0.0019313330412842333
435,0.0019297797698527575
518,0.0019281688146293163
6412,0.001925368793308735
4242,0.0019229164463467896
2004,0.0019227960729040205
2065,0.0019215059583075345
6712,0.0019193939515389502
7649,0.0019190736347809434
3109,0.0019171911990270019
1380,0.0019151360029354692
3873,0.0019149354193359613
3443,0.0019136139890179038
5973,0.0019135605543851852
7255,0.00191095273476094
2032,0.0019107440020889044
1598,0.0019101682119071484
1749,0.0019096090691164136
5287,0.0019086888059973717
2736,0.0019067978137172759
3120,0.0019062857027165592
929,0.001905227662064135
4661,0.0019047614187002182
3902,0.0019036417361348867
7778,0.001903350930660963
1026,0.0019009154639206827
4804,0.0019001360051333904
3833,0.0018898691050708294
1247,0.0018884810851886868
2392,0.0018874326488003135
2980,0.001886411220766604
5828,0.001883823424577713
7754,0.0018832164350897074
85,0.0018802308477461338
672,0.0018763954285532236
6410,0.001876393100246787
1045,0.001873122644610703
2776,0.0018717466737143695
3648,0.0018705331021919847
3444,0.0018676554900594056
3622,0.0018670303979888558
386,0.0018650824204087257
6561,0.0018633812433108687
1319,0.0018623515497893095
831,0.001861564815044403
3024,0.0018615531735122204
523,0.0018612425774335861
150,0.0018603260978125036
3533,0.0018594744615256786
6319,0.0018589048413559794
3894,0.0018575738067738712
5185,0.0018566851504147053
1448,0.0018525078776292503
578,0.0018524686456657946
2455,0.001850502914749086
616,0.0018474288517609239
6645,0.0018473367090336978
7427,0.0018461747094988823
6964,0.001846118364483118
2945,0.001844656653702259
3254,0.0018437636317685246
2656,0.0018436952959746122
5226,0.0018435039091855288
1136,0.0018414363730698824
6035,0.0018413909710943699
6793,0.0018407358438707888
2267,0.0018406237941235304
6528,0.0018402148270979524
1166,0.001839715929236263
2027,0.0018392946221865714
5636,0.0018375327344983816
6722,0.0018348436569795012
6310,0.0018337552901357412
7348,0.001831886824220419
1146,0.001830408873502165
6615,0.0018296409398317337
6578,0.0018291756859980524
319,0.001826763735152781
3631,0.0018251596484333277
5044,0.0018242689548060298
6456,0.0018238326883874834
678,0.0018223177175968885
7436,0.0018212281865999103
5052,0.001820614270400256
474,0.001820452162064612
674,0.0018185516819357872
1255,0.0018166688969358802
6462,0.0018149309908039868
6356,0.0018135241698473692
5520,0.0018132550176233053
6797,0.001811806985642761
7228,0.0018105219933204353
7248,0.0018104164628311992
4249,0.0018082893220707774
483,0.001808071043342352
888,0.0018075397238135338
5508,0.0018062035087496042
232,0.0018058232963085175
4970,0.0018041444127447903
1521,0.0018033214728347957
2507,0.0018022102885879576
2341,0.0018018012633547187
3914,0.0018017024849541485
6269,0.001800662837922573
6895,0.001800632569938898
1303,0.0017993688234128058
2383,0.001795964373741299
6357,0.0017948263557627797
3697,0.0017937200609594584
3721,0.001791350427083671
3729,0.001790227834135294
4890,0.0017890097806230187
1457,0.0017883284017443657
4366,0.001787730143405497
5137,0.001786926353815943
3324,0.0017867290880531073
7993,0.0017859970103017986
5984,0.0017850016010925174
7749,0.0017845268012024462
17,0.0017802108195610344
635,0.0017785723321139812
6364,0.0017747996025718749
6039,0.0017722011543810368
3016,0.0017721932381391525
6450,0.0017715438734740019
2765,0.001769468653947115
3824,0.0017691836110316217
3507,0.0017684847698546946
3841,0.0017683793557807803
1053,0.001767206471413374
4379,0.0017666143830865622
4687,0.0017663951148279011
7661,0.0017663022736087441
5770,0.0017619022983126342
37,0.0017591154319234192
7828,0.0017590534989722073
691,0.0017588019254617393
7563,0.0017537783714942634
696,0.0017528043827041984
4419,0.001752138021402061
1006,0.0017507910961285233
7755,0.00174437602981925
2963,0.0017440953524783254
4463,0.001743946981150657
5057,0.0017375878524035215
5275,0.0017374950693920255
1861,0.0017368588014505804
7287,0.0017333246069028974
1339,0.0017323894426226616
2609,0.001719578867778182
338,0.001718419836834073
4602,0.001715311431325972
4537,0.0017140742274932563
4560,0.0017130605410784483
6339,0.0017120289849117398
6197,0.0017089919419959188
1732,0.001707995601464063
1069,0.0017079930985346437
7542,0.0017075217328965664
4291,0.0017062794649973512
1742,0.0017056865035556257
5108,0.0017051001195795834
2735,0.0017042758408933878
908,0.0017027980647981167
6288,0.0017021079547703266
7513,0.001700331165920943
6467,0.001700192631687969
4445,0.001698669046163559
5245,0.0016965935355983675
6157,0.001693463884294033
1859,0.0016872211708687246
3119,0.0016867431695573032
6986,0.0016837416915223002
3558,0.0016810778761282563
4096,0.0016804260667413473
2509,0.0016801563906483352
7627,0.001679968205280602
431,0.0016796276904642582
1002,0.001679214823525399
3995,0.0016790364170446992
3529,0.001677943393588066
5109,0.001677833206485957
3816,0.0016776733682490885
5028,0.0016774212708696723
6298,0.00167401839280501
1668,0.0016694682999514043
3534,0.0016690806369297206
2041,0.0016685574082657695
7151,0.0016675274819135666
3471,0.001666925847530365
1813,0.0016649566823616624
3801,0.0016646386357024312
5145,0.001664625946432352
2444,0.0016644459683448076
296,0.001663746079429984
7457,0.0016620030510239303
6959,0.001658468332607299
7,0.001654953055549413
654,0.0016543911769986153
2668,0.0016517007607035339
210,0.0016512551810592413
3843,0.0016485663363710046
4414,0.0016483234940096736
2315,0.001647517317906022
5535,0.001646392047405243
7996,0.0016392666730098426
3632,0.001638941583223641
3033,0.001637001521885395
3934,0.00163634296040982
7204,0.0016345357871614397
3552,0.0016329463687725365
7656,0.0016299216076731682
2269,0.0016298737609758973
5504,0.0016292160144075751
4654,0.0016289068735204637
1254,0.001625563541892916
4920,0.0016233189962804317
1378,0.0016225376166403294
6396,0.0016216204967349768
223,0.0016215804498642683
1664,0.0016215567011386156
5277,0.0016178685473278165
7215,0.0016175282653421164
7592,0.0016160798259079456
6208,0.0016144643886946142
2108,0.0016139858053065836
7633,0.0016134871984831989
4351,0.0016130207804962993
3457,0.001612702733837068
7924,0.001612452499102801
5527,0.0016113730962388217
7468,0.0016112758894450963
5457,0.0016043478390201926
67,0.001602654519956559
7591,0.0016016943845897913
1667,0.0015974940033629537
7967,0.0015964147169142962
2054,0.0015937180141918361
4533,0.0015930552035570145
590,0.0015918751596473157
3988,0.00159138860180974
6080,0.0015905582695268095
3790,0.0015900826547294855
6302,0.0015897880075499415
5785,0.0015830958727747202
3975,0.0015821506967768073
2817,0.0015790649340488017
3646,0.0015780169633217156
1710,0.0015744902775622904
7921,0.0015742987743578851
2213,0.0015737583744339645
6853,0.0015729615115560591
1173,0.0015691646840423346
2223,0.0015690915752202272
5932,0.0015669262502342463
494,0.0015665609389543533
3306,0.001565776823554188
3835,0.001561228942591697
5650,0.0015611998969689012
5120,0.0015610274276696146
1637,0.001560344360768795
110,0.0015588252572342753
1217,0.0015540729509666562
4110,0.0015523303300142288
5512,0.0015511841629631817
366,0.001550477056298405
7912,0.001550201210193336
5543,0.0015501868911087513
3921,0.0015492825186811388
3846,0.001546681858599186
5717,0.001544363098219037
442,0.0015429665800184011
7304,0.0015415263478644192
276,0.001541185425594449
4585,0.0015379659598693252
6455,0.0015377103118225932
1329,0.0015376845840364695
5043,0.0015352921327576041
5014,0.0015328845474869013
53,0.0015316991484723985
1293,0.001530512236058712
7890,0.001529542321804911
4166,0.0015293541364371777
3214,0.0015292050084099174
6981,0.0015271813608705997
1186,0.0015253531746566296
3924,0.0015251166187226772
5383,0.0015234388411045074
6465,0.0015197905013337731
505,0.0015191231505014002
4891,0.0015184591757133603
7396,0.0015180683694779873
4997,0.0015179154579527676
3185,0.0015173516003414989
7662,0.0015170917031355202
4531,0.001516722550150007
4982,0.0015165561344474554
923,0.0015165210934355855
7498,0.0015157073503360152
5081,0.0015152792329899967
2747,0.0015151501866057515
738,0.0015142093179747462
3441,0.0015125222853384912
3640,0.0015113608678802848
3535,0.0015104287886060774
4124,0.0015094539267010987
2121,0.0015069444198161364
5845,0.001506623812019825
2436,0.0015058726421557367
2366,0.0015055895783007145
2240,0.0015055013936944306
3587,0.0015033690142445266
5947,0.0015029472997412086
2123,0.0015028445050120354
29,0.0015018123085610569
2823,0.0015015449607744813
6150,0.00149878318188712
2567,0.0014974576770327985
4167,0.001497301273047924
4860,0.0014962356653995812
7011,0.0014959520194679499
6121,0.0014949830947443843
6994,0.0014949595788493752
1318,0.0014932191697880626
2278,0.001492511190008372
496,0.0014910339377820492
7897,0.001490777067374438
851,0.0014891648315824568
1992,0.0014886747812852263
2446,0.001488003064878285
5605,0.0014878829824738204
5438,0.00148733431706205
7198,0.001486766675952822
5516,0.001486421562731266
4836,0.001486217137426138
2687,0.0014843381941318512
97,0.001484255539253354
2194,0.0014840830117464066
3182,0.0014832565211690962
4624,0.0014809549902565777
543,0.0014798386255279183
4040,0.0014797007897868752
1843,0.0014791317516937852
5130,0.0014787507243454456
7826,0.0014781138743273914
1201,0.0014774880255572498
4224,0.001477403100579977
7425,0.0014766876120120287
2420,0.0014733710559085011
4517,0.0014731958508491516
6856,0.0014725096407346427
5350,0.0014716404839418828
3687,0.0014709315146319568
205,0.0014707264490425587
3929,0.001470571500249207
7201,0.0014704063651151955
1124,0.0014699501916766167
2234,0.0014697398873977363
488,0.0014680209569633007
2073,0.001466817397158593
6989,0.0014660670422017574
2646,0.001465513079892844
7481,0.0014643706963397563
7559,0.0014635869301855564
4352,0.0014572030631825328
2683,0.0014565004967153072
1688,0.001455075922422111
6281,0.0014538125251419842
6028,0.0014537456445395947
3234,0.0014536086819134653
1833,0.001452334225177765
6323,0.0014519518590532243
3626,0.0014510606415569782
4342,0.0014461852260865271
4586,0.0014460323727689683
7760,0.0014445378328673542
252,0.0014442218816839159
2270,0.0014442208921536803
4709,0.0014437668723985553
7608,0.0014426112174987793
2538,0.001441976346541196
6728,0.001440476975403726
112,0.0014402024680748582
5390,0.0014370352146215737
1543,0.0014362181536853313
3248,0.0014350737910717726
7447,0.001433878147508949
122,0.001432447461411357
1207,0.0014299119939096272
4134,0.0014285926008597016
1029,0.001428543182555586
803,0.0014278350281529129
5211,0.0014276518486440182
1311,0.0014262042823247612
7524,0.0014258340233936906
487,0.001423381152562797
7783,0.0014219586737453938
6424,0.001421223976649344
3309,0.0014209327637217939
7533,0.0014207748463377357
4299,0.0014204270555637777
5258,0.00141964916838333
3639,0.0014185726176947355
7312,0.0014185033505782485
2398,0.0014178063138388097
4923,0.001416368642821908
7640,0.001416186336427927
3216,0.0014149213093332946
1260,0.0014137240359559655
1208,0.0014129729242995381
3715,0.0014126544701866806
4976,0.001412642130162567
6938,0.0014113117940723896
4910,0.001411211909726262
6263,0.0014106485177762806
3582,0.0014097861130721867
2090,0.0014085653820075095
7263,0.0014081288827583194
3110,0.001407635456416756
7511,0.0014076191582717001
7646,0.001407359610311687
2524,0.0014062043628655374
4883,0.0014059628592804074
6893,0.0014040687237866223
918,0.001402977155521512
2863,0.0014015877386555076
1444,0.0014006281271576881
69,0.0013999847578816116
6749,0.0013995582703500986
934,0.001396508072502911
2858,0.001396380946971476
2015,0.00139490986475721
1009,0.0013935536844655871
4422,0.0013923566439189017
625,0.0013880992773920298
4406,0.001387913420330733
1931,0.001387821976095438
7479,0.0013868974056094885
5218,0.0013857133453711867
7510,0.001385418581776321
3356,0.0013849784154444933
7476,0.001384829345624894
7604,0.0013844931963831186
5730,0.0013832623371854424
5369,0.001382313435897231
990,0.0013813382829539478
6369,0.0013800038723275065
3844,0.0013797851861454546
257,0.0013795137638226151
5929,0.0013768529170192778
3176,0.001375653489958495
7634,0.0013755998224951327
821,0.0013754134997725487
2055,0.001373967039398849
219,0.0013738602865487337
4499,0.001372455502860248
1019,0.0013701894786208868
1571,0.0013690376654267311
254,0.0013681580312550068
6587,0.0013634935021400452
2672,0.001362884242553264
7189,0.0013624568236991763
2832,0.0013600765378214419
1021,0.001359951391350478
982,0.0013596615754067898
7594,0.0013589135487563908
7358,0.001357903121970594
4911,0.0013571721501648426
6767,0.0013568534050136805
3909,0.0013535832986235619
1511,0.0013533037854358554
2783,0.001351610291749239
4833,0.0013511083670891821
3257,0.001350419654045254
6134,0.0013496113824658096
2294,0.0013482387294061482
1204,0.0013459534966386855
5126,0.00134462327696383
1798,0.0013437513844110072
1549,0.0013433579006232321
22,0.0013429896207526326
6347,0.0013429747195914388
3910,0.0013421261683106422
6497,0.001341563242021948
389,0.0013414263958111405
7315,0.0013402528129518032
6182,0.0013397010625340044
7720,0.0013392326654866338
7039,0.001338931790087372
4385,0.0013385304482653737
7022,0.0013382390607148409
5486,0.001337327528744936
3539,0.0013344280305318534
741,0.001334037457127124
6710,0.0013334552058950067
7303,0.0013330481015145779
1622,0.0013308021007105708
7569,0.0013305878965184093
2714,0.0013298140256665647
5454,0.0013294523814693093
5784,0.0013279082486405969
7352,0.0013278492260724306
1576,0.001326326746493578
3549,0.0013261132407933474
3573,0.0013259996194392443
1943,0.001324708922766149
3151,0.0013222791603766382
3830,0.0013219972606748343
3543,0.001321718271356076
3351,0.0013216325314715505
2515,0.0013213399215601385
5261,0.001321264251600951
1198,0.0013178182416595519
1722,0.0013167870929464698
5388,0.0013166209100745618
2045,0.0013159848749637604
1553,0.0013123893877491355
1915,0.0013123501557856798
7764,0.0013121329247951508
5749,0.0013108798884786665
4697,0.001310462597757578
1148,0.0013098218478262424
4710,0.0013097949558869004
4797,0.0013097861083224416
5620,0.0013062467915005982
5886,0.0013049477129243314
484,0.0013042842037975788
6824,0.0013037252938374877
6009,0.0013027727254666388
6187,0.0013022772036492825
7316,0.0013020922197028995
5867,0.0013019575853832066
5913,0.0013012127601541579
7895,0.0013000773615203798
6931,0.0012986024958081543
6681,0.0012975874706171453
3181,0.0012962530017830431
5943,0.0012953567784279585
3906,0.0012950903037562966
607,0.0012940673041157424
4851,0.0012912859092466533
6376,0.0012907281052321196
5134,0.001288493280299008
626,0.0012880918802693486
1087,0.0012880628928542137
5999,0.001286810846067965
6870,0.0012865031021647155
1321,0.001286209560930729
3955,0.0012860464048571885
2465,0.0012851459323428571
3468,0.0012850695056840777
4580,0.00128437380772084
4347,0.001284219732042402
7635,0.00128419348038733
2723,0.0012814574874937534
5971,0.001281195436604321
5190,0.0012808552128262818
2569,0.0012777800438925624
61,0.0012745713465847075
6524,0.0012736889766529202
6729,0.001272853754926473
7003,0.0012702992535196245
2377,0.0012701678206212819
3837,0.001270041975658387
7644,0.0012686846312135458
5547,0.0012683105887845159
3707,0.0012664563255384564
5129,0.0012661752989515662
3037,0.001263623998966068
4335,0.0012632344150915742
3013,0.0012632127618417144
6274,0.0012620182242244482
3222,0.0012612252030521631
4084,0.0012610239209607244
6479,0.0012604311341419816
268,0.0012603278737515211
5593,0.0012601097114384174
2176,0.0012589269317686558
1818,0.001256114337593317
4071,0.0012550173560157418
2155,0.0012536058202385902
6640,0.0012519134324975312
7168,0.00124883942771703
4412,0.0012485893093980849
6942,0.0012480136356316507
4688,0.0012470491928979754
3523,0.0012470166548155248
3971,0.001246974861714989
4112,0.0012463533785194159
4211,0.001246117812115699
2167,0.0012456661788746715
4308,0.0012452802620828152
4305,0.0012451829388737679
5819,0.0012445595348253846
3231,0.0012444965541362762
3280,0.0012438868870958686
3568,0.0012438770500011742
2119,0.0012431704672053456
975,0.001243003469426185
2899,0.00124220090219751
57,0.0012420436250977218
5440,0.0012420364073477685
7016,0.0012419835547916591
2013,0.0012412279611453414
3560,0.0012402269057929516
1115,0.0012399873230606318
940,0.0012398032704368234
5372,0.0012397106038406491
2603,0.001238843658939004
3323,0.0012377662933431566
1727,0.0012367279268801212
785,0.0012366293813101947
5640,0.001235981471836567
4229,0.0012354037025943398
5816,0.0012345951399765909
348,0.0012342707486823201
535,0.0012341219116933644
5285,0.001233849674463272
7216,0.00123348378110677
3945,0.001232841401360929
7732,0.0012323003029450774
339,0.001232107460964471
2526,0.0012307637371122837
5250,0.001230762922205031
5836,0.0012307337019592524
4059,0.001230176247190684
1860,0.0012293498730286956
7252,0.0012292776955291629
1194,0.0012281056842766702
4284,0.0012279424699954689
7548,0.0012278310023248196
5870,0.0012277364148758352
7896,0.0012272552703507245
2798,0.0012262404197826982
3731,0.0012259872164577246
7624,0.0012253992026671767
4742,0.0012247170088812709
7456,0.0012235785834491253
4863,0.0012229845160618424
7514,0.0012224785750731826
1885,0.0012224026722833514
7968,0.0012218718766234815
3931,0.0012211776920594275
2243,0.001221151789650321
3819,0.0012203201185911894
3340,0.0012202613870613277
6961,0.0012187193497084081
7080,0.0012171569978818297
310,0.0012170858681201935
6389,0.0012167242239229381
6490,0.001216462580487132
5709,0.0012157076853327453
2908,0.0012157069286331534
6878,0.0012154673459008336
395,0.0012153189163655043
5908,0.0012141229817643762
853,0.0012134257704019547
5368,0.0012126888614147902
520,0.0012125878711231053
5568,0.0012109754607081413
5384,0.0012106341309845448
7129,0.0012103481567464769
4218,0.0012098519946448505
446,0.0012097295839339495
5415,0.0012094659032300115
6390,0.0012083087931387126
4855,0.0012075831764377654
6207,0.0012073507532477379
1327,0.0012062509777024388
7234,0.0012048676144331694
5896,0.0012048002681694925
7660,0.0012028887867927551
3484,0.0012028789496980608
677,0.0012018392444588244
16,0.0012008054181933403
2359,0.001199998427182436
5495,0.001199621066916734
3670,0.0011983418371528387
6291,0.0011960096890106797
6513,0.0011945994920097291
844,0.0011943480931222439
3025,0.0011938188690692186
694,0.0011930406326428056
7746,0.0011926651932299137
1989,0.001191329094581306
3739,0.0011906120926141739
23,0.0011898858938366175
3279,0.0011897705844603479
3227,0.0011891218600794673
490,0.0011883660918101668
4003,0.0011881873360835016
3593,0.001185686094686389
5441,0.001184341381303966
1717,0.0011842280509881675
7784,0.0011838256614282727
4130,0.0011836012708954513
4819,0.0011830396833829582
3218,0.0011826356058008969
1523,0.001179608458187431
4288,0.0011791054857894778
3661,0.0011782649089582264
2742,0.0011778050102293491
6253,0.0011772251455113292
7683,0.001176935969851911
7873,0.0011766934185288846
5035,0.0011733578285202384
1816,0.0011728110257536173
5980,0.0011704651988111436
2978,0.001169746508821845
2910,0.0011693515116348863
3532,0.0011683476623147726
202,0.001166587695479393
4123,0.0011664993362501264
4831,0.0011657718569040298
5888,0.001164606655947864
7305,0.0011633722460828722
7446,0.0011629481450654566
1239,0.0011623493046499789
113,0.001162095693871379
1953,0.001162048487458378
3787,0.001161411521025002
870,0.0011613232782110572
6381,0.001160939282272011
1299,0.0011601703008636832
6760,0.0011591498041525483
4126,0.0011588700581341982
5106,0.0011581251164898276
5061,0.0011554601369425654
5139,0.001155299018137157
1828,0.0011542215943336487
4492,0.0011542149586603045
5546,0.0011541394051164389
7793,0.0011536712408997118
5976,0.0011533279903233051
7705,0.001152280019596219
3513,0.0011522005079314113
1669,0.0011517852544784546
4589,0.001150511670857668
7466,0.001149894786067307
4132,0.0011497592204250395
927,0.0011492811609059572
2348,0.0011491237673908472
7116,0.001148776849731803
7415,0.0011483802809379995
5460,0.0011483674170449376
4248,0.0011478488449938595
7603,0.0011457210057415068
1831,0.0011454561026766896
3357,0.0011451774626038969
7335,0.0011445105774328113
7941,0.0011438493384048343
3559,0.0011432452010922134
5610,0.0011422428069636226
5600,0.001142167835496366
1503,0.0011420482187531888
2138,0.0011414116597734392
5159,0.0011364981764927506
6835,0.001136450853664428
2277,0.0011356145842000842
2796,0.0011346809333190322
2678,0.0011337132891640067
3575,0.001133353274781257
7317,0.0011330173583701253
7153,0.0011325413943268359
43,0.001131773111410439
6782,0.0011307732784189284
502,0.0011306155938655138
1913,0.0011303104110993445
7813,0.0011298347963020205
4320,0.0011298001045361161
1652,0.0011285453219898045
1010,0.0011281755287200212
7381,0.0011275977012701333
2017,0.0011275875149294734
4729,0.0011264521162956953
4510,0.001125417766161263
4194,0.0011230789823457599
1465,0.0011230785166844726
1349,0.0011227361392229795
5995,0.0011224428890272975
3705,0.0011220151209272444
7141,0.0011196027626283467
4464,0.0011176145053468645
5657,0.0011172622325830162
5309,0.0011172462836839259
4989,0.0011156615801155567
3251,0.0011156126856803894
5841,0.0011156006366945803
198,0.0011153407394886017
3201,0.0011149923666380346
5969,0.0011145754251629114
1902,0.0011133035295642912
3829,0.0011105781304650009
910,0.0011097684036940336
5802,0.0011089969193562865
189,0.001108617929276079
7261,0.0011068567400798202
5107,0.0011063773999921978
1032,0.0011062033590860665
7105,0.001106036826968193
4000,0.001104917610064149
1502,0.0011035371571779251
931,0.001102558453567326
5203,0.001102401816751808
3641,0.0011014769552275538
3407,0.0011013487237505615
3268,0.0011009577428922057
2021,0.0011006949935108423
4847,0.0010994115727953613
587,0.0010991256567649543
3446,0.0010990723385475576
4523,0.0010989377624355257
5445,0.0010978849604725838
5801,0.0010973461903631687
4812,0.001097259169910103
7330,0.0010952242882922292
4755,0.0010946384281851351
4049,0.0010943812667392194
3127,0.001093780854716897
1250,0.0010917303734458983
6008,0.0010912643047049642
882,0.0010911913122981787
5500,0.0010911538265645504
6865,0.0010903063230216503
7465,0.001088351767975837
6891,0.0010880909394472837
3570,0.001087293610908091
3414,0.0010865044314414263
3912,0.001085579628124833
3427,0.0010853777639567852
935,0.0010851973202079535
7385,0.0010838481248356402
5705,0.001083424489479512
5442,0.0010833826381713152
5348,0.001082542003132403
5602,0.0010823322809301317
6346,0.0010822394979186356
3662,0.0010809816885739565
4741,0.001080468064174056
2140,0.0010803279583342373
4631,0.0010784358019009233
884,0.0010782851604744792
6653,0.001078183064237237
5752,0.0010780183947645128
4138,0.00107686995761469
4790,0.0010733772069215775
4354,0.0010733200469985604
4792,0.0010722389561124146
6202,0.0010719565325416625
7171,0.0010719564161263406
5328,0.0010709367925301194
6890,0.0010704768355935812
3350,0.0010691727511584759
3530,0.0010690907365642488
5165,0.0010688413167372346
2252,0.0010688104666769505
4278,0.001067945791874081
3436,0.001067216508090496
4778,0.001065888733137399
2009,0.0010649464093148708
2991,0.0010644090943969786
610,0.001063033880200237
7417,0.0010626688599586487
2402,0.0010621138499118388
6067,0.00106194888940081
7405,0.0010615743813104928
26,0.0010610512690618634
2987,0.0010579730151221156
1484,0.0010574094485491514
6137,0.0010561931994743645
2831,0.0010559791116975248
3832,0.0010558034991845489
3117,0.0010536120971664786
6105,0.0010533501044847071
7595,0.0010512418812140822
7743,0.0010510986321605742
4411,0.0010508570703677833
7192,0.00105077784974128
3703,0.0010507502011023462
288,0.0010505703976377845
6429,0.001050568069331348
1516,0.001048809674102813
2197,0.001048767240718007
3387,0.0010484124068170786
5644,0.0010478714830242097
6924,0.0010466832318343222
2191,0.0010466137900948524
417,0.001046468154527247
6416,0.0010464538936503232
5833,0.0010453915456309915
7975,0.0010446857195347548
5256,0.0010445925290696323
2535,0.0010444936924614012
5425,0.0010441457270644605
7065,0.001043942291289568
4526,0.0010430730180814862
4241,0.0010425433865748346
1034,0.001042372197844088
7032,0.00104181602364406
3805,0.0010414288844913244
2928,0.0010410438990220428
7033,0.001040342205669731
5571,0.0010398280574008822
2157,0.0010389190865680575
6600,0.001037765759974718
6222,0.0010376888676546514
2529,0.0010375960264354944
4757,0.0010360946180298924
476,0.001031461521051824
6123,0.0010307503398507833
2762,0.001029150967951864
4319,0.001028185070026666
166,0.0010278382105752826
5009,0.0010254621738567948
1725,0.0010245591984130442
7200,0.0010242033749818802
3766,0.0010240118717774749
4020,0.0010236482485197484
3383,0.0010228242026641965
4664,0.0010197297087870538
81,0.0010189712629653513
6616,0.001018228125758469
7392,0.0010160353849641979
1414,0.0010153158800676465
3961,0.0010144192492589355
6409,0.0010138378129340708
7164,0.0010117646306753159
4638,0.0010113947209902108
2921,0.0010097192716784775
2650,0.0010097087360918522
5302,0.0010090396390296519
4337,0.0010088207782246172
7077,0.0010068248957395554
4306,0.0010064308298751712
1155,0.001006282342132181
6036,0.001002732024062425
6862,0.0010023338836617768
237,0.0010018746834248304
5669,0.0010011358535848558
5071,0.001000412623398006
3960,0.0009988835081458092
1150,0.0009987036464735866
4694,0.0009972669649869204
1203,0.0009958924492821097
4327,0.0009955684072338045
6262,0.0009948283550329506
5675,0.0009946649661287665
2396,0.0009944225894287229
51,0.0009939945884980261
1142,0.0009937961003743112
3376,0.0009934264235198498
6913,0.0009931521490216255
7874,0.0009916445123963058
4955,0.0009914669790305197
4559,0.000990485365036875
3365,0.000990235130302608
7977,0.000990161206573248
6992,0.0009896521223708987
1467,0.0009896012488752604
2995,0.0009890301735140383
5273,0.0009889272041618824
5017,0.0009873466042336076
1863,0.000986097613349557
2772,0.0009857843979261816
7088,0.000984314305242151
5484,0.0009843074076343328
4001,0.000983992504188791
4692,0.0009836048702709377
4074,0.0009833102521952242
6639,0.0009828147012740374
5566,0.0009826354798860848
167,0.0009825632441788912
7886,0.0009819395490922034
4614,0.0009818192338570952
4665,0.0009814755758270621
5666,0.000980827258899808
4397,0.0009804219007492065
4733,0.000979979697149247
1921,0.0009772938792593777
2203,0.0009766827279236168
2018,0.0009762307454366237
4761,0.0009752434270922095
480,0.0009746066061779857
5238,0.0009740614332258701
7154,0.0009729964658617973
5216,0.0009727317374199629
2034,0.0009725357231218368
5224,0.0009723259427119046
7905,0.000970394816249609
4727,0.000969569809967652
926,0.0009686232369858772
4173,0.0009682820527814329
3891,0.0009676479967311025
617,0.0009674396715126932
2711,0.0009672532614786178
3723,0.0009662842494435608
3339,0.0009657722839619964
2130,0.0009654266468714923
6415,0.0009651403524912894
1985,0.000965084123890847
4718,0.0009650263818912208
1656,0.0009647203842177987
6866,0.0009644023084547371
4912,0.0009643859229981899
5171,0.0009633763111196458
1117,0.0009633052395656705
3699,0.0009630513668525964
1433,0.0009624961239751428
5894,0.0009617870673537254
7647,0.0009616404713597149
1269,0.0009615168964955956
2427,0.000961259298492223
4925,0.0009605276864022017
1518,0.0009603227954357862
6740,0.0009595020092092454
2983,0.0009591388516128063
4643,0.0009585378284100443
4441,0.0009584389044903219
6065,0.0009584358194842935
6162,0.0009579587494954467
5085,0.0009573877323418856
553,0.0009569447138346732
6579,0.0009567270171828568
7568,0.0009556991572026163
3583,0.0009554938587825745
1171,0.0009554902790114284
4814,0.0009548240341246128
3905,0.0009546091605443507
4060,0.0009543939959257841
7701,0.0009540145110804588
3789,0.0009537285659462214
5121,0.0009532436961308122
4642,0.0009526539070066065
4932,0.0009526282374281436
6594,0.0009514720004517585
3258,0.0009495702106505632
6021,0.0009494427358731627
5169,0.0009491441596765071
628,0.0009482009627390653
5102,0.000947745458688587
3710,0.0009477013372816145
6260,0.0009470623917877674
2633,0.0009466764167882502
3738,0.0009456773987039924
6038,0.000945581094129011
5232,0.0009455151448491961
3770,0.0009451963705942035
3005,0.0009444842871744186
2169,0.0009443504095543176
6190,0.0009443471790291369
5325,0.0009435118408873677
5690,0.0009429810452274978
6082,0.0009429572091903538
464,0.0009424804884474725
2808,0.0009420721908099949
6873,0.000942017650231719
7862,0.0009417134569957852
7435,0.0009414490777999163
5278,0.0009414467785973102
7443,0.0009391444909851998
3330,0.0009390250488650054
966,0.000938962388318032
7232,0.0009389068000018597
2247,0.0009384785371366888
3032,0.0009382518765050918
3621,0.0009374695655424148
6860,0.0009374500659760088
6256,0.0009371508494950831
564,0.0009370791667606682
6286,0.0009358574170619249
5117,0.0009353094501420856
5401,0.0009351250773761421
1418,0.0009346363367512822
1835,0.0009343962592538446
3474,0.0009340231772512197
6872,0.0009337464289274067
2378,0.0009335661889053881
949,0.0009324470884166658
1464,0.0009320437093265355
5076,0.0009313555201515555
5473,0.0009310326422564685
7628,0.0009294492483604699
3904,0.0009291655151173472
4713,0.0009278685320168734
6184,0.0009276896889787167
4828,0.0009263686661142856
6311,0.0009263012325391173
4350,0.0009245340770576149
304,0.0009241488005500287
3347,0.0009239471983164549
988,0.0009239033097401261
4186,0.0009237381455022842
5182,0.0009235130273737013
5463,0.0009228515264112502
6047,0.0009221226791851223
6002,0.0009219774510711432
5860,0.0009217372571583837
4870,0.0009216998005285859
7659,0.0009212449367623776
5045,0.0009208322153426707
2490,0.0009202451619785279
121,0.0009199399501085281
1745,0.0009194652084261179
4921,0.000918126868782565
4993,0.0009170814009848982
4645,0.0009167937678284943
1830,0.0009164344810415059
7637,0.0009163261856883764
3183,0.0009152602578978986
7567,0.0009149230318143964
3022,0.0009148667741101235
1565,0.0009148643875960261
275,0.000914811942493543
3769,0.0009134184801951051
5632,0.0009133487474173307
7082,0.0009131554688792676
5556,0.0009128725796472281
367,0.0009115700668189675
6543,0.0009105149074457586
6155,0.0009080940799321979
5306,0.0009078404982574284
5574,0.0009065635385923088
4129,0.0009061713353730738
2920,0.0009045889310073107
5464,0.0009037261188495904
719,0.000903484906302765
3206,0.0009034283284563571
2266,0.0009032764646690339
636,0.0009022949379868805
6589,0.0009021218284033239
519,0.0009020378929562867
7413,0.0009017648117151111
7388,0.000901319901458919
2387,0.0009004022867884487
7984,0.00090025007375516
998,0.0009002430888358504
2386,0.0009001909056678414
7702,0.0008994925592560321
1103,0.0008994372619781643
1141,0.0008993070805445313
3378,0.0008961486746557057
206,0.0008959492843132466
5624,0.0008957773679867387
7274,0.0008953093201853335
1472,0.0008948342874646187
3669,0.0008942424319684505
3895,0.0008939392864704132
2388,0.0008936995582189411
3313,0.0008936205704230815
540,0.0008927372982725501
3267,0.0008921187254600227
471,0.000891936884727329
6564,0.0008918943640310317
6714,0.0008916814113035798
2397,0.0008916007354855537
569,0.0008915631915442646
169,0.0008913418860174716
419,0.0008906339353416115
7509,0.00088868587044999
6204,0.0008886730356607586
5132,0.00088832329493016
6049,0.0008880116802174598
4775,0.0008876087958924472
549,0.0008873774495441467
6136,0.0008872465696185827
7249,0.0008867588767316192
3065,0.0008867454016581178
1583,0.0008864839910529554
4904,0.0008854842162691057
3132,0.0008850328740663826
7099,0.0008848230936564505
6746,0.0008847860735841095
6669,0.0008836172055453062
4192,0.0008832758176140487
3548,0.0008821935625746846
5252,0.0008818100322969258
4810,0.0008814190805424005
3221,0.0008802298689261079
4980,0.0008799433708190918
5119,0.0008796764304861426
7095,0.0008794349560048431
7205,0.0008790763677097857
1489,0.0008780699281487614
1301,0.0008778775227256119
2824,0.0008778309565968812
7430,0.0008764840022195131
174,0.0008764792291913182
3509,0.0008760413038544357
6128,0.0008740113698877394
3433,0.0008734789153095335
796,0.0008725355146452785
7986,0.0008719672332517803
96,0.0008713268616702408
991,0.0008711721166037023
6284,0.0008696953882463276
154,0.0008687747758813202
4390,0.0008678128069732338
3930,0.0008672008407302201
6596,0.0008657239377498627
6599,0.0008654648845549673
1917,0.0008642491884529591
7538,0.0008641355379950255
273,0.0008634490659460425
7152,0.0008633093675598502
7066,0.0008623052854090929
4838,0.0008622683817520738
5465,0.0008614755934104323
6495,0.0008605623152107
1438,0.0008600286382716149
6437,0.0008591957157477736
265,0.0008582738519180566
5760,0.0008581806032452732
3901,0.0008581537986174226
1586,0.0008576095569878817
100,0.0008573234081268311
3628,0.0008564868185203522
3413,0.0008563399023842067
4622,0.0008561693248338997
1625,0.0008558025001548231
6258,0.0008557044493500143
3262,0.0008556759858038276
5639,0.000855637073982507
3411,0.0008544093871023506
972,0.000853971519973129
8000,0.0008539101690985262
3813,0.0008534862427040935
5243,0.0008530497725587338
188,0.0008527097525075078
4763,0.00085259965271689
1591,0.0008520346600562334
3026,0.0008516699017491192
6386,0.0008516615198459476
7008,0.000851055869134143
7899,0.0008508967293892056
4183,0.0008508320606779307
5013,0.0008504213765263557
3478,0.0008500579569954425
4805,0.0008499333052895963
1731,0.0008497248054482043
2342,0.0008491829794365913
1251,0.0008487874874845147
3499,0.0008478010131511837
438,0.0008475905924569815
5225,0.000847193063236773
234,0.0008462292316835374
2703,0.0008458646479994059
1144,0.0008455900242552161
1948,0.0008452168549410999
469,0.0008448960143141448
968,0.0008448207518085837
4341,0.0008446849824395031
5901,0.0008445435378234833
5878,0.0008435418421868235
1962,0.0008421365055255592
1243,0.0008418289944529533
5779,0.0008417119097430259
5336,0.0008414580079261214
5298,0.0008408839930780232
1493,0.0008408087305724621
1677,0.0008406318665947765
7692,0.0008390886359848082
6473,0.0008383659878745675
6915,0.0008372217416763306
2699,0.0008363439992535859
266,0.0008361094514839351
7483,0.0008351204451173544
7107,0.0008350580174010247
4584,0.0008344993402715772
1657,0.0008340190106537193
4879,0.000833979866001755
4722,0.0008328780240844935
1699,0.0008325692324433476
2039,0.0008311724523082376
7084,0.0008294085564557463
7917,0.0008292946731671691
5096,0.000829192518722266
5362,0.0008290238911285996
1478,0.0008286194643005729
5607,0.0008283694041892886
1947,0.00082835165085271
3994,0.0008280172478407621
2702,0.0008265407523140311
5903,0.0008262318733613938
7584,0.0008250932733062655
732,0.000824998103780672
4185,0.0008243505726568401
354,0.0008234089182224125
866,0.0008228271035477519
4886,0.000822465808596462
468,0.0008212588727474213
7729,0.000821199151687324
427,0.0008208098588511348
6076,0.0008207024948205799
7389,0.0008202354074455798
1748,0.0008199753065127879
3911,0.0008198964060284197
4482,0.0008194707043003291
277,0.0008192413370124996
2885,0.000817806925624609
6063,0.0008176146948244423
6882,0.0008176110568456352
3716,0.000817451043985784
3515,0.0008168707718141377
5020,0.0008168270869646221
3845,0.0008156906988006085
6881,0.0008152279770001769
4063,0.0008148823399096727
827,0.0008148057386279106
6854,0.0008141571306623518
1337,0.0008138813427649438
848,0.0008135497046168894
7074,0.0008134962990880013
3046,0.0008133778173942119
2623,0.0008131260401569307
6514,0.0008130506612360477
5403,0.0008126447210088372
3319,0.0008126339234877378
6654,0.0008125243475660682
7373,0.0008120271086227149
4483,0.0008119693084154278
1177,0.0008118594123516232
766,0.0008115239907056093
6219,0.0008114795491565019
477,0.0008113293733913451
1821,0.0008112804207485169
1999,0.0008107862086035311
2555,0.000810474855825305
2627,0.0008101383864413947
917,0.0008097387908492237
4613,0.0008095162338577211
3010,0.0008094182412605733
4381,0.0008090916671790183
3144,0.0008090912306215614
541,0.0008087909664027393
1963,0.0008079058607108891
4536,0.0008075240766629577
2074,0.0008073500357568264
4189,0.0008064641442615539
811,0.0008063342538662255
4231,0.000806187279522419
6661,0.0008059459214564413
2803,0.0008055235666688532
3107,0.0008051456534303725
6698,0.000804948213044554
5945,0.0008044945425353944
835,0.0008043475972954184
693,0.0008041848777793348
1310,0.0008030884782783687
2644,0.0008029703749343753
1205,0.0008021938847377896
1100,0.0008020440873224288
7872,0.0008013106416910887
843,0.0008008189033716917
7383,0.0008007375872693956
1042,0.000800538167823106
3246,0.0007984499679878354
5366,0.0007980347727425396
3520,0.0007979555812198669
357,0.0007974539767019451
6094,0.0007973802858032286
5469,0.0007972327002789825
4758,0.0007966947741806507
5510,0.0007958329515531659
4547,0.0007955686305649579
5135,0.0007952766318339854
1446,0.0007952248561196029
5068,0.0007950696744956076
5988,0.0007941836083773524
1038,0.0007940650684759021
1113,0.0007936930633150041
7745,0.0007936055189929903
651,0.0007925925601739436
2734,0.0007924173260107636
2815,0.0007920684001874179
4440,0.0007914954330772161
2705,0.0007913591107353568
4044,0.0007913513400126249
4659,0.0007911618158686906
1145,0.0007898638723418117
6829,0.0007888925320003182
249,0.0007886545499786735
1846,0.0007885467202868313
4696,0.0007876114395912737
1680,0.0007875889423303306
5734,0.0007865665829740465
1449,0.0007865217048674822
6779,0.000786232587415725
134,0.000785293523222208
5766,0.0007850715192034841
890,0.0007848835666663945
5066,0.0007840953476261348
5041,0.0007840496255084872
2314,0.0007834704010747373
3773,0.0007833833224140108
6818,0.0007831327384337783
3508,0.0007824661151971668
6877,0.0007823975756764412
872,0.0007823087216820568
114,0.0007822930056136101
6336,0.0007820570899639279
3133,0.0007808077498339117
2042,0.0007807447400409728
7333,0.0007805301574990153
6125,0.0007803137123119086
116,0.0007800995372235775
1618,0.0007798102451488376
2758,0.0007794666744302958
2468,0.0007790429226588458
4010,0.0007788508373778313
6871,0.0007787294161971658
2698,0.0007783944602124393
2582,0.0007777112768962979
887,0.0007771364762447774
1225,0.0007767647039145231
3876,0.0007765602204017341
1172,0.0007762378081679344
1343,0.000776205153670162
2179,0.0007758515712339431
4599,0.0007746096816845238
6973,0.0007743058959022164
5800,0.0007740806904621422
4300,0.0007740467844996601
1840,0.0007733655802439898
4324,0.0007728844066150486
5968,0.000772840459831059
1865,0.0007723663584329188
2494,0.0007714192324783653
3215,0.0007712984806858003
782,0.0007694871164858341
1359,0.0007689748890697956
5759,0.0007681584102101624
955,0.0007679933332838118
6611,0.0007679606496822089
6056,0.0007669999613426626
1512,0.0007669824117328972
7918,0.0007668151811230928
1526,0.0007660078117623925
3498,0.00076576933497563
297,0.0007654512301087379
2144,0.0007645265432074666
6946,0.0007633853238075972
3256,0.0007633241184521466
453,0.0007626580481883138
6476,0.0007618626696057618
1594,0.0007612205226905644
1897,0.0007610140310134739
1312,0.0007604639686178416
6095,0.0007603255799040198
4073,0.0007596396026201546
2665,0.0007590582827106118
7894,0.0007579040830023587
4529,0.0007577193609904498
5754,0.0007574855699203908
7737,0.0007571775349788368
3604,0.0007570831512566656
3374,0.0007568207220174372
4802,0.0007562758401036263
6642,0.0007557395438198
1419,0.0007553425966762006
6154,0.0007553352043032646
1363,0.0007550723967142403
5099,0.0007550279842689633
6472,0.0007549035944975913
4862,0.0007541911909356713
1290,0.0007539683429058641
3390,0.0007536895282100886
1340,0.0007534394680988044
7503,0.0007533546013291925
5623,0.0007528532587457448
1428,0.0007526251720264554
6404,0.0007524115208070725
5795,0.0007523820386268198
1263,0.0007523579115513712
5522,0.00075211760122329
5595,0.0007511439034715295
1850,0.000750530103687197
7477,0.0007493572775274515
4077,0.000748979568015784
6149,0.0007485477544832975
4535,0.0007485311944037676
3796,0.000748331454815343
292,0.0007481591892428696
1470,0.0007478888728655875
7579,0.0007467996911145747
7777,0.0007464457012247294
4451,0.0007454197038896382
1786,0.0007451241835951805
3495,0.0007447025272995234
6517,0.0007437071762979031
7976,0.0007434995204675943
7927,0.0007432024576701224
2655,0.0007426508818753064
3348,0.0007423881907016039
6320,0.0007420577749144286
6695,0.0007418834720738232
2855,0.0007407502853311598
2745,0.0007406602380797267
2794,0.0007399837486445904
6046,0.0007394077838398516
7379,0.00073933758540079
3636,0.0007389706443063915
4712,0.0007386811776086688
5375,0.0007374470878858119
6595,0.0007374177512247115
5208,0.0007371068932116032
236,0.0007370253733824939
4150,0.0007362581673078239
1110,0.0007353826949838549
7172,0.0007350542582571507
3408,0.0007342516037169844
641,0.0007342311728280038
5581,0.000733741675503552
7648,0.000733215594664216
7029,0.0007326005143113434
5421,0.0007324396865442395
5907,0.0007316597038879991
7789,0.0007314742542803288
3740,0.0007307699706871063
1626,0.0007307098421733826
3401,0.0007305201725102961
6897,0.0007302927551791072
2955,0.0007301882142201066
944,0.0007299981953110546
222,0.0007298266864381731
3668,0.0007297932170331478
3045,0.000729543506167829
7267,0.0007272124057635665
7536,0.0007271731446962804
7081,0.0007264414743985981
3678,0.0007263145234901458
7488,0.0007258432451635599
1164,0.0007257214456330985
3613,0.0007247353496495634
1041,0.0007245801098179072
1895,0.000723825884051621
6072,0.0007237851095851511
5892,0.0007237455283757299
4135,0.0007237256795633584
203,0.0007233847281895578
141,0.0007211978081613779
6920,0.0007206649170257151
3822,0.0007203294080682099
4922,0.0007202952692750841
3673,0.0007202139822766185
6353,0.0007191835320554674
6638,0.000717782269930467
3940,0.0007160083914641291
3763,0.0007158958760555834
7166,0.0007156096689868718
4552,0.0007147279102355242
7906,0.0007144010742194951
2931,0.0007131587481126189
4089,0.0007126839773263782
4104,0.0007125634874682873
2049,0.0007120678783394396
5739,0.0007120332447811961
218,0.0007111598388291895
3288,0.0007110927253961563
7965,0.000711030064849183
3115,0.0007106863486114889
4873,0.0007100370130501688
2898,0.0007095355831552297
6062,0.000708727166056633
7050,0.0007086051045916975
416,0.0007080035284161568
4583,0.0007074686873238534
4357,0.0007072528824210167
4021,0.0007068315171636641
172,0.0007064357632771134
4745,0.0007061809592414647
4490,0.0007059967902023345
1313,0.0007057421025820076
1642,0.0007056416070554405
7769,0.0007055287424009293
4779,0.0007049645064398646
215,0.0007044972153380513
4487,0.0007041386561468244
1941,0.0007034061418380588
2282,0.0007027326209936291
5982,0.000702535267919302
271,0.000702377874404192
7974,0.0007022493809927255
5,0.0007016581075731665
4362,0.0007015541195869446
3998,0.0007011574925854802
2328,0.000700872449669987
163,0.0007007568492554128
2346,0.0007006206724327058
4512,0.0007005536463111639
3080,0.0007003877253737301
1425,0.000700329546816647
196,0.0007002971251495183
5436,0.0007002773636486381
1473,0.0006993332644924521
859,0.000699169555446133
7780,0.0006989366374909878
6970,0.0006988579116296023
7207,0.0006987877422943711
4311,0.0006981596234254539
2882,0.0006979628233239055
3792,0.0006968120578676462
5852,0.0006964376370888203
88,0.0006959706079214811
6651,0.0006958693556953222
6167,0.0006957291043363512
1776,0.0006956724100746214
148,0.000695026246830821
6914,0.0006947826477698982
5680,0.0006933559488970786
7775,0.0006930754752829671
2053,0.0006921837921254337
2311,0.0006921539315953851
2067,0.0006921121093910187
7706,0.000691574445227161
4672,0.0006914398109074682
6842,0.0006912291282787919
2434,0.0006907649803906679
4484,0.0006906886119395494
1548,0.0006904007750563323
7049,0.0006899454456288368
965,0.0006897410203237087
2773,0.0006896146514918655
3869,0.0006883844034746289
6217,0.000688105181325227
5405,0.0006873375677969307
4090,0.000687098188791424
3500,0.0006867353222332895
2206,0.0006861633737571537
3537,0.0006857953267171979
4893,0.0006853224476799369
948,0.0006849353667348623
1544,0.0006824902957305312
3836,0.000682119105476886
3194,0.0006806222372688353
5022,0.0006805761659052223
1494,0.0006796576199121773
1795,0.0006795359950046986
2651,0.0006782554846722633
4469,0.0006782044074498117
187,0.0006775839428883046
7521,0.0006774498906452209
6445,0.0006772208434995264
6266,0.0006767299200873822
5021,0.0006766337901353836
6836,0.0006766272999811918
2615,0.0006763892306480557
2770,0.0006762567500118166
5780,0.0006759501993656158
6718,0.0006757688825018704
1170,0.00067538334405981
4749,0.0006753658526577055
7245,0.0006742159894201905
2833,0.0006739252712577581
7159,0.0006736434297636151
2218,0.0006735109491273761
1476,0.0006734463095199317
714,0.0006734288472216576
5195,0.0006731811445206404
565,0.0006730412133038044
15,0.0006716794741805643
5471,0.0006713758339174092
7438,0.0006713715847581625
7491,0.0006710287998430431
5843,0.000670875801006332
6744,0.0006697237549815327
1295,0.0006692366732750088
5692,0.0006683488900307566
4944,0.0006681378581561148
7181,0.0006677188212051988
4295,0.000667260232148692
6198,0.0006669719878118485
5267,0.0006666529225185513
5555,0.0006659446808043867
2792,0.000665307801682502
7607,0.0006652805604971945
1784,0.0006650251452811062
2323,0.0006645814282819629
105,0.0006644133536610752
6434,0.0006641821237280965
5655,0.0006640547362621874
7802,0.0006639683269895613
3928,0.0006636834586970508
7464,0.000663599232211709
2062,0.0006633522280026227
5603,0.0006632737640757114
2559,0.0006631780997850001
2887,0.0006631393916904926
5978,0.000662966602249071
7955,0.0006629661365877837
2890,0.0006626609538216144
6573,0.0006623349618166685
2317,0.000661662605125457
6702,0.0006615668826270849
5065,0.0006606817187275738
6846,0.0006602882640436292
7296,0.000660272256936878
7158,0.0006601261266041547
5173,0.0006578939792234451
1606,0.0006574704602826387
1994,0.0006573334685526788
6045,0.000656870222883299
439,0.0006568508106283844
7520,0.00065659882966429
73,0.0006562599737662822
3610,0.0006558899185620248
5070,0.0006556729204021394
3395,0.0006556622392963618
6541,0.0006554987048730254
7412,0.0006550215766765177
4973,0.0006539631576742977
7459,0.0006538062589243054
6111,0.0006537713634315878
5257,0.0006536419386975467
6092,0.0006530671671498567
1744,0.0006517197762150317
392,0.0006515124696306884
4276,0.0006503509357571602
4868,0.0006499685696326196
1909,0.0006497405411209911
2209,0.0006496019777841866
2784,0.0006492824177257717
2540,0.0006482899480033666
6112,0.0006475192494690418
7321,0.0006473580724559724
3614,0.0006460139993578196
6515,0.0006458606803789735
7907,0.0006448708300013095
284,0.0006445942563004792
1815,0.0006445238250307739
1179,0.000644219690002501
1031,0.0006440083961933851
101,0.00064392841886729
1450,0.0006437534757424146
5552,0.0006435424729716033
7586,0.0006430633366107941
7270,0.0006424147868528962
7528,0.0006423274171538651
4849,0.0006422855076380074
4582,0.0006421624566428363
6558,0.0006419536657631397
1395,0.0006418747070711106
7254,0.00064185427618213
7053,0.0006417753756977618
4251,0.0006408877088688314
2126,0.0006407794426195323
5198,0.0006403845036402345
3968,0.0006401987047865987
2936,0.0006398420955520123
3651,0.0006396410753950477
2781,0.0006389344925992191
2232,0.0006388299516402185
989,0.0006386609165929258
5353,0.0006380892300512642
7663,0.0006380246486514807
823,0.0006376387609634548
4169,0.0006370246410369873
3140,0.000636874814517796
2733,0.0006364433793351054
7645,0.0006353313510771841
2604,0.0006350739859044552
7611,0.000634072523098439
1900,0.0006336085789371282
1550,0.0006334793288260698
4897,0.0006334444333333522
3847,0.0006331054028123617
12,0.0006329933530651033
7903,0.0006328760064207017
6104,0.0006327042356133461
3344,0.0006307183939497918
1734,0.0006307142321020365
748,0.0006306817813310772
5502,0.0006304035196080804
7566,0.0006299384695012122
4701,0.0006295104394666851
6223,0.0006291148602031171
1334,0.000628896988928318
733,0.0006283236434683204
3624,0.0006278374639805406
2426,0.0006273192702792585
7870,0.000627237866865471
2868,0.0006268099532462656
6051,0.0006265983683988452
3952,0.0006264433905016631
6233,0.0006262811366468668
3898,0.0006261447560973465
2180,0.0006260690570343286
4781,0.0006248638674151152
5048,0.0006248627323657274
880,0.0006242779199965298
3908,0.0006241400260478258
460,0.0006236768385861069
7069,0.0006235061737243086
7470,0.0006228639394976199
775,0.0006224736571311951
6372,0.0006219754577614367
4403,0.0006218648632057011
2795,0.0006215323519427329
4914,0.0006214867462404072
7909,0.0006213598244357854
4009,0.0006212948064785451
7286,0.0006208605191204697
5095,0.0006204910750966519
922,0.0006200865027494729
7395,0.0006197932525537908
1899,0.0006189861160237342
1905,0.0006179880874697119
2249,0.0006175685848575085
7288,0.0006169810076244175
1901,0.0006168016407173127
7222,0.0006165652303025126
3205,0.0006163243378978223
261,0.0006162377540022135
6982,0.0006160608900245279
6098,0.0006160297780297697
6091,0.0006148315442260355
378,0.0006139518227428198
4707,0.0006136082229204476
3490,0.0006134855502750725
6027,0.0006133744900580496
4322,0.0006130538531579077
5174,0.0006129486428108066
3954,0.0006127727683633566
2888,0.0006127041415311396
1258,0.0006124959327280521
6658,0.0006121915648691356
5941,0.0006121887126937509
4889,0.0006117136508692056
4325,0.0006108562229201198
7540,0.0006106823857408017
6163,0.0006106040673330426
2305,0.0006103350024204701
6785,0.0006101449544075876
2664,0.0006101306062191725
2097,0.0006095177377574146
7463,0.0006091427349019796
316,0.0006088415393605828
449,0.0006087416259106249
3385,0.0006074786651879549
1214,0.0006070125964470208
5026,0.0006069059600122273
788,0.0006065414636395872
2896,0.000606193148996681
2701,0.0006056253332644701
394,0.0006056184065528214
6247,0.000605441746301949
6839,0.0006046436901669949
4700,0.0006044047186151147
3782,0.0006034404796082526
2362,0.0006033660611137748
6471,0.0006032311357557774
6293,0.0006029564538039267
7677,0.0006029317737556994
3287,0.0006027704803273082
3695,0.0006024121539667249
5167,0.0006017893902026117
3000,0.0006009765493217856
1023,0.0006007689225953072
877,0.0006003506714478135
4405,0.000600303610553965
4591,0.0006000157445669174
1854,0.0005998060223646462
6279,0.000599483639234677
399,0.0005988762713968754
7699,0.0005987311305943877
2997,0.0005985777825117111
7212,0.0005984321760479361
2011,0.0005980618880130351
5429,0.000597989244852215
1714,0.0005978608387522399
1945,0.0005970299243927002
2522,0.0005967646720819175
1382,0.0005963932489976287
3423,0.0005959393456578255
5962,0.0005943836877122521
7636,0.0005939590046182275
7639,0.0005932224739808589
2837,0.0005928013997618109
5940,0.0005923866701778024
3458,0.0005918607930652797
4575,0.0005917891394346952
4930,0.0005917500529903919
3620,0.0005912414635531604
2313,0.0005911623884458095
2445,0.0005902771954424679
4455,0.0005893614434171468
5746,0.0005888277082704008
5909,0.0005883571575395763
1537,0.000588345224969089
4360,0.0005882316036149859
773,0.0005879985983483493
2867,0.0005879549426026642
2251,0.0005879314267076552
4876,0.0005879119853489101
6145,0.0005877800285816193
6074,0.0005874944909010082
2998,0.0005868802545592189
752,0.0005866273131687194
2531,0.0005864282720722258
5786,0.000586134847253561
4054,0.0005858829244971275
1466,0.0005853766924701631
5799,0.0005840195517521352
7455,0.0005839469376951456
5280,0.0005838584620505571
566,0.0005837135249748826
2944,0.0005832333699800074
2003,0.0005830560112372041
3163,0.0005830258596688509
2938,0.0005830196314491332
2673,0.0005829136644024402
3106,0.0005822316743433475
979,0.0005821760278195143
7884,0.0005819526559207588
7302,0.0005811092269141227
7553,0.0005809228750877082
2008,0.0005808544810861349
909,0.0005806093977298588
4145,0.0005803074454888701
2834,0.0005803065141662955
3346,0.0005796084296889603
441,0.0005794873868580908
784,0.0005793253658339381
631,0.000579095387365669
6539,0.0005789418937638402
3970,0.0005788196285720915
5075,0.0005787359841633588
7170,0.0005781239306088537
2806,0.0005780864739790559
3761,0.0005776081816293299
7337,0.0005774611490778625
5710,0.0005774545425083488
7202,0.0005772970034740865
4740,0.0005768249102402478
7444,0.0005767794791609049
1914,0.0005766625108662993
1730,0.0005760432686656713
1685,0.0005758338083978742
5281,0.0005752290599048138
2172,0.0005745161615777761
2153,0.0005744612135458738
6703,0.000573863711906597
5187,0.0005737472674809396
4493,0.0005737285246141255
3087,0.0005735457816626877
5010,0.0005733895523007959
5863,0.0005732873105444014
4075,0.0005724290967918932
4588,0.000572184711927548
4201,0.0005719851760659367
7685,0.0005719027249142528
1600,0.0005717323219869286
6348,0.0005715204169973731
1193,0.0005708727112505585
7231,0.0005706746014766395
7014,0.0005705992807634175
2741,0.0005705855146516114
1623,0.0005703757342416793
6816,0.0005700901965610683
1025,0.0005699305329471827
4592,0.0005699084722436965
7847,0.0005696311127394438
4396,0.0005690577090717852
5548,0.0005690209800377488
1500,0.0005686235963366926
1264,0.0005684661446139216
5494,0.0005681823822669685
84,0.0005678837769664824
994,0.0005676572909578681
6571,0.0005675631109625101
497,0.0005672595580108464
1367,0.000566496979445219
1736,0.0005660006136167794
4136,0.0005656484863720834
1702,0.0005656209541484714
1659,0.0005653106491081417
5150,0.0005648740043397993
1384,0.000564654590561986
6814,0.0005644978664349765
5762,0.0005641223979182541
1906,0.0005635507113765925
2185,0.0005630768719129264
5476,0.0005624933401122689
5042,0.0005623996548820287
1782,0.0005620437150355428
3294,0.0005617912975139916
2146,0.0005617335555143654
2221,0.0005616762500721961
5664,0.0005611779633909464
6775,0.0005608995852526277
6796,0.0005608004285022616
4908,0.000560783373657614
706,0.0005605079932138324
7038,0.0005601182638201863
7449,0.0005600908771157265
1011,0.0005600832810159773
4738,0.0005600624426733702
7725,0.0005599735886789858
6185,0.000559761916520074
44,0.0005596094997599721
4309,0.000559298088774085
4670,0.0005590489017777145
7351,0.0005585354520007968
7585,0.0005583772726822644
4259,0.0005580917350016534
3363,0.0005579263088293374
1968,0.0005575630930252373
3693,0.0005570198118221015
4181,0.0005569171626120806
381,0.000556823011720553
4080,0.0005563732120208442
59,0.000556080398382619
6646,0.0005558405828196555
5681,0.0005557243712246418
6255,0.0005553839146159589
2530,0.0005552558868657798
7838,0.0005552212824113667
2932,0.0005545303865801543
4213,0.0005545025633182377
467,0.0005544476443901658
7106,0.000553766411030665
2814,0.0005536384705919772
4426,0.0005535209784284234
2002,0.0005532588693313301
3504,0.0005531843053176999
1483,0.0005530067137442529
6379,0.0005528016772586852
6666,0.0005521647981368005
3565,0.0005518317630048841
3963,0.0005509796610567719
2539,0.0005494568613357842
2638,0.0005490786570589989
4628,0.0005489304603543133
4245,0.0005485287692863494
2451,0.0005483529239427298
4069,0.0005482665146701038
721,0.0005482445703819394
4730,0.0005478993989527225
1410,0.0005478553357534111
2198,0.0005478048115037382
1242,0.0005476048681885004
4165,0.0005474820209201425
6861,0.0005474481149576604
6360,0.0005469738389365375
7411,0.0005467715673148632
3285,0.0005465235444717109
5456,0.0005464716232381761
231,0.0005460879183374345
4629,0.0005459537787828594
7641,0.0005458249361254275
797,0.0005453338089864701
517,0.0005450534226838499
4753,0.0005448052252177149
5146,0.0005448031588457525
6957,0.0005444806010928005
4424,0.0005443176196422428
1324,0.0005441718967631459
3273,0.0005437430809251964
1867,0.0005429461598396301
2394,0.0005427911528386176
1228,0.0005424725823104382
1761,0.0005423574475571513
7482,0.0005419621302280575
1490,0.000541800691280514
6079,0.000541555811651051
2345,0.0005407692224252969
6216,0.0005405436386354268
2593,0.000540487002581358
2048,0.0005402906099334359
5266,0.0005390832957345992
2911,0.000538702355697751
5314,0.0005384253454394639
3774,0.0005383690004236996
3653,0.0005382639938034117
7454,0.0005379163776524365
2044,0.0005375331384129822
3167,0.0005371449806261808
1977,0.0005370484432205558
5144,0.0005370239960029721
2843,0.000536940700840205
6593,0.0005364646203815937
6580,0.0005360169161576778
5490,0.0005357931077014655
1456,0.0005355501780286431
3007,0.0005349071579985321
1259,0.0005348820704966784
353,0.0005343985394574702
1624,0.0005342836666386575
6143,0.0005342647491488606
4365,0.0005341570358723402
924,0.0005340918141882867
5540,0.0005338230403140187
7724,0.0005335496680345386
4334,0.0005331661377567798
5741,0.0005325549573171884
1666,0.0005322271317709237
6784,0.00053215998923406
6023,0.0005319803603924811
4481,0.000531869096448645
6928,0.0005316552123986185
181,0.0005314279114827514
3890,0.0005309662083163857
6334,0.0005303193465806544
5152,0.0005300090415403247
1567,0.0005298294709064066
5124,0.0005295962037052959
1434,0.0005294973088894039
5193,0.0005294268194120377
7239,0.0005284895014483482
4434,0.0005283532955218107
2373,0.0005283088830765337
3403,0.0005281737539917231
1810,0.0005281400808598846
371,0.0005280791083350778
1689,0.0005279610340949148
7781,0.0005276155716273934
120,0.0005268649547360837
1695,0.0005267054366413504
3009,0.0005266401858534664
4393,0.0005264650972094387
4382,0.0005262196937110275
2381,0.000526129559148103
7565,0.0005257330485619605
7391,0.0005256781005300581
2425,0.000525203940924257
41,0.0005251641850918531
4793,0.0005250421236269176
3605,0.0005248650559224188
1012,0.0005240137979853898
2340,0.0005239594611339271
461,0.0005237722361925989
4470,0.0005236508150119334
1460,0.0005232925177551806
6166,0.0005231457180343568
5916,0.0005225042114034295
4280,0.0005223362240940332
809,0.0005219891609158367
7678,0.0005218574951868504
5212,0.0005216765566729009
3781,0.0005216150602791458
1431,0.000521545996889472
4603,0.0005214949778746814
5810,0.0005213124095462263
5370,0.0005206398200243711
7700,0.0005200956074986607
7972,0.000519803463248536
4471,0.000519630266353488
3325,0.0005195714184083045
499,0.0005193132092244923
1700,0.0005189837247598916
7666,0.0005182013555895537
7834,0.00051819474902004
4392,0.0005167682538740337
2532,0.0005165787879377604
7811,0.0005161142034921795
3250,0.0005157825944479555
1848,0.0005157111736480147
2972,0.0005155974358785897
4842,0.0005154842510819435
5691,0.0005153950478415936
2177,0.0005136395338922739
4139,0.000513605133164674
4344,0.0005132281803525984
2851,0.0005131670914124697
4088,0.0005131144425831735
4518,0.0005129797500558197
5966,0.0005125162133481354
1373,0.0005124270101077855
3983,0.0005121836729813367
3073,0.0005120944697409868
754,0.0005112314247526228
554,0.0005111369828227907
5244,0.0005110842175781727
4376,0.0005105527816340327
7499,0.0005098169203847647
7898,0.00050941071822308
683,0.0005093583458801731
4409,0.0005091470084153116
4611,0.0005087293684482574
3851,0.0005080763658042997
1770,0.000507997814565897
5731,0.0005073316569905728
6672,0.0005073220818303525
3354,0.0005066265293862671
4829,0.000506387441419065
1360,0.0005058609531261027
2148,0.0005057881353422999
3744,0.0005055321962572634
2139,0.0005050938343629241
6327,0.0005050769832450897
4906,0.0005048842576798052
3452,0.0005048599850852042
3794,0.000504754192661494
3104,0.0005037993832957
7167,0.0005036557849962264
551,0.0005032003682572395
1211,0.0005031446344219148
3060,0.0005031333130318671
3277,0.000502735550981015
3169,0.0005025461432524025
4568,0.0005023279809392989
2751,0.0005020148819312453
7299,0.0005018566444050521
278,0.0005016571085434407
7860,0.0005010399618186057
6940,0.0005008837033528835
2551,0.0005002954858355224
1753,0.0005000880337320268
1912,0.0004996055213268846
4433,0.0004992061003576964
1033,0.000498918117955327
2437,0.0004982227110303938
6418,0.000498190347570926
7224,0.000497996574267745
5214,0.0004977060307282954
5170,0.000497391025419347
1858,0.0004972178430762142
1560,0.0004971329472027719
3419,0.0004967479035258293
86,0.0004967266286257654
6532,0.0004963803221471608
937,0.0004963113751728088
585,0.0004963059909641743
2109,0.0004961731610819697
6122,0.0004961195518262684
2333,0.0004958837234880775
1874,0.0004956883494742215
1527,0.0004955009208060801
6312,0.0004953453608322889
6488,0.00049500452587381
618,0.0004948880232404917
7830,0.0004948563873767853
4783,0.0004943551903124899
731,0.0004941649967804551
5072,0.0004937319608870894
4875,0.0004935477918479592
6884,0.0004935104225296527
3439,0.0004931399307679385
7125,0.0004927118134219199
5511,0.0004925985704176128
5343,0.0004922256048303097
7015,0.0004921108484268188
7149,0.0004920802020933479
3095,0.0004910096904495731
3396,0.0004909971612505615
5716,0.0004909802664769813
6189,0.0004907738766632974
6837,0.000490363163407892
5160,0.0004903202061541378
1497,0.0004901886568404734
6221,0.0004898199695162475
463,0.0004897001199424267
7590,0.0004896625905530527
6003,0.0004895836173091084
1453,0.0004893841105513275
7926,0.0004887350369244814
930,0.000488224730361253
3600,0.0004879796761088073
690,0.0004879643238382414
7280,0.00048784122918732464
1926,0.0004875953309237957
1823,0.000487482117023319
6734,0.00048696853627916425
7577,0.00048673272249288857
349,0.00048655475256964564
20,0.0004864629590883851
3253,0.00048638624139130116
2830,0.00048632637481205165
3946,0.00048618504661135375
1595,0.0004860935441683978
2634,0.00048602288006804883
3190,0.00048559452989138663
5112,0.0004852062847930938
6948,0.00048512952344026417
1210,0.0004849972028750926
7112,0.0004849745018873364
613,0.00048495338705834
1323,0.0004849060205742717
4766,0.00048487778985872865
4210,0.00048440697719343007
1388,0.0004843702627113089
986,0.00048388680443167686
1127,0.0004833709099330008
943,0.00048262807831633836
2667,0.00048256370064336807
1709,0.0004824373609153554
347,0.00048229246749542654
4630,0.00048225175123661757
19,0.00048210308887064457
6998,0.0004819063324248418
3942,0.0004809087549801916
542,0.00048038251406978816
2255,0.0004802767070941627
7937,0.00047998057561926544
1961,0.0004799444286618382
2853,0.0004799278103746474
5148,0.00047978226211853325
6987,0.0004790071689058095
3760,0.000478948000818491
2993,0.00047865255328360945
892,0.0004786270728800446
961,0.00047861432540230453
3177,0.0004777175490744412
7710,0.0004776548594236374
2105,0.00047737613203935325
7229,0.0004773015680257231
1072,0.0004772231332026422
5594,0.00047719068243168294
7973,0.00047703750897198915
1696,0.0004769161168951541
6755,0.0004765475168824196
7110,0.0004761435848195106
2628,0.0004759439325425774
7284,0.00047565530985593796
558,0.0004755303089041263
5183,0.00047549442388117313
7090,0.0004748257342725992
1129,0.000474313463200815
746,0.00047396319860126823
1740,0.00047344190534204245
1643,0.00047312656533904374
854,0.0004730283544631675
5361,0.00047269908827729523
6529,0.00047264517343137413
2691,0.0004725669714389369
4679,0.0004725306644104421
6452,0.00047244018060155213
2310,0.0004722788435174152
7657,0.0004722068115370348
2612,0.0004720939905382693
5577,0.00047199953405652195
384,0.0004718630516435951
6139,0.0004710934590548277
5104,0.0004709847125923261
5771,0.00047050257853697985
6572,0.0004704154562205076
769,0.0004690778296208009
6084,0.000468620186438784
1575,0.00046812460641376674
6655,0.00046772981295362115
1946,0.0004674264055211097
6138,0.00046710309106856585
7124,0.0004667062312364578
3875,0.00046665468835271895
5682,0.00046647795534227043
7833,0.0004664441221393645
2859,0.00046625538379885256
7810,0.0004661287530325353
4468,0.0004659160185838118
6103,0.0004658271209336817
1017,0.0004657144600059837
2556,0.00046537714661099017
13,0.00046507822116836905
4439,0.00046503436169587076
1245,0.00046486937208101153
5450,0.00046482407196890563
999,0.00046453486720565706
308,0.00046407773334067315
5315,0.00046407210174947977
1062,0.00046402914449572563
356,0.0004636938392650336
6828,0.0004633469070540741
3031,0.00046219326031859964
3014,0.00046181939251255244
3292,0.00046168464177753776
1015,0.0004612651828210801
6064,0.00046114102588035166
3141,0.00046073683188296854
5260,0.0004603246779879555
1394,0.00046000516158528626
7945,0.00045994360698387027
514,0.000459911156212911
2113,0.00045981525909155607
1377,0.0004592346085701138
209,0.0004591542819980532
2846,0.00045895756920799613
701,0.0004586392315104604
980,0.00045861926628276706
7403,0.00045840411621611565
6778,0.0004584027628879994
4556,0.000458220427390188
3298,0.00045808369759470224
7155,0.00045798998326063156
7869,0.0004578610969474539
5058,0.0004573693295242265
5588,0.00045708086690865457
2943,0.00045698534813709557
2557,0.0004569037846522406
6886,0.00045680717448703945
6609,0.0004560913657769561
5412,0.00045529159251600504
1956,0.0004552534664981067
7356,0.0004551912716124207
7325,0.00045510902418754995
6193,0.000455075511126779
3297,0.000454922832432203
2068,0.0004544104594970122
3137,0.00045436673099175096
2933,0.00045380665687844157
3958,0.00045360191143117845
229,0.00045350854634307325
1774,0.00045333680463954806
5086,0.0004533193277893588
1189,0.00045319691707845777
4928,0.0004531514277914539
6522,0.0004528142308117822
611,0.00045276389573700726
1369,0.0004520784714259207
7087,0.00045204246998764575
7670,0.00045194700942374766
4022,0.00045167256030254066
836,0.0004515635082498193
3658,0.00045151152880862355
191,0.00045088768820278347
4408,0.00044991105096414685
7042,0.00044969379086978734
5271,0.000449454877525568
5177,0.0004492487059906125
648,0.0004485975077841431
5509,0.0004485645185923204
2450,0.0004483294178498909
7178,0.00044832918501924723
4252,0.00044829846592620015
124,0.00044820268522016704
6153,0.00044809968676418066
3645,0.0004479991475818679
3734,0.0004479294875636697
4032,0.00044772500405088067
7694,0.0004473566368687898
7679,0.00044684988097287714
5101,0.0004468017432373017
2261,0.0004466273676371202
4188,0.00044623081339523196
7244,0.0004462262149900198
5011,0.000446011996245943
2907,0.00044564636482391506
4796,0.0004454635491129011
6501,0.0004452324646990746
5049,0.00044493042514659464
5062,0.00044453999726101756
5856,0.00044369068928062916
2458,0.00044312886893749237
6251,0.00044253995292820036
3517,0.0004425155930221081
995,0.0004422493657330051
4579,0.00044218912080395967
2704,0.0004421393241500482
574,0.0004416876472532749
6847,0.00044168171007186174
3768,0.0004413557471707463
2917,0.000440744508523494
805,0.00044062249071430415
7363,0.0004402523336466402
3075,0.00044011944555677474
2922,0.00044008251279592514
6206,0.0004396467702463269
4476,0.0004393471754156053
2005,0.00043887458741664886
3540,0.0004387742083054036
5630,0.00043875125993508846
6739,0.0004386233340483159
1202,0.0004380138707347214
162,0.0004372844268800691
2588,0.00043716821528505534
5887,0.0004366422217572108
4447,0.0004363145271781832
4457,0.0004362490290077403
5448,0.0004361300525488332
4644,0.0004357653087936342
572,0.0004354869743110612
5230,0.00043533048301469535
4657,0.00043512959382496774
7882,0.00043507706141099334
1304,0.000434747344115749
7650,0.0004346086352597922
4087,0.00043429702054709196
786,0.0004342513711890206
7340,0.00043422584712971
3089,0.0004339700535638258
7221,0.0004335256526246667
7176,0.0004333903198130429
5885,0.0004330225783633068
2227,0.0004325698537286371
7574,0.00043236889177933335
440,0.0004322579043218866
1459,0.0004322142631281167
6140,0.00043217917846050113
3111,0.0004321250889915973
3749,0.0004320428561186418
2338,0.000431132095400244
7617,0.00043106901284772903
723,0.00043101690243929625
3338,0.0004309667710913345
5262,0.0004307997733121738
2120,0.00043004909821320325
7416,0.00042952780495397747
3148,0.00042941705032717437
4298,0.00042901797860395163
6742,0.0004286706680431962
808,0.0004281076980987564
7448,0.0004278557898942381
5937,0.0004278105334378779
7601,0.0004275455139577389
1617,0.0004275324317859486
2713,0.00042697039316408336
744,0.00042649725219234824
6691,0.00042649377428460866
3130,0.0004253561928635463
153,0.00042532266525086015
361,0.00042532074439805
3611,0.0004251334466971457
2660,0.0004249991907272488
3239,0.00042489384941291064
4800,0.0004247221950208768
7047,0.00042390763701405376
3293,0.0004236763925291598
4227,0.0004235627129673958
1686,0.0004234077932778746
4431,0.0004234007210470736
5672,0.0004231959755998105
5215,0.0004231420753058046
4388,0.0004230549675412476
1262,0.00042209160164929926
2371,0.0004220797563903034
1581,0.0004219764959998429
4960,0.000421975739300251
2561,0.000421819364419207
3987,0.00042176723945885897
4550,0.00042128359200432897
5023,0.00042106109322048724
4594,0.0004208245954941958
5918,0.0004205724108032882
6403,0.0004202771233394742
5462,0.0004199992981739342
7005,0.0004198490350972861
1294,0.00041957464418374
5798,0.0004190788167761639
327,0.0004190439358353615
4163,0.00041793087439145893
4107,0.0004177390655968338
7733,0.00041728944052010775
245,0.0004170782631263137
1094,0.0004170666798017919
3062,0.0004168567102169618
6859,0.00041672233783174306
6781,0.0004166395083302632
7472,0.0004166157450526953
6936,0.00041657924884930253
6820,0.0004163620906183496
624,0.00041613823850639164
1716,0.0004158307274337858
3667,0.00041563730337657034
3029,0.00041554379276931286
3712,0.00041535316267982125
5656,0.0004153499030508101
4461,0.00041529370355419815
7823,0.00041524287371430546
1174,0.0004150876047788188
2552,0.0004147690051468089
845,0.00041469976713415235
6701,0.00041465042158961296
3432,0.00041448036790825427
6523,0.0004140946257393807
545,0.00041355616122018546
2755,0.0004132175090489909
3733,0.0004131581954425201
2215,0.0004129468579776585
952,0.00041259081626776606
3976,0.0004122668906347826
3941,0.00041166927258018404
763,0.000411512577557005
6567,0.00041149671596940607
1139,0.0004113998293178156
2159,0.00041135861829388887
2811,0.00041128683369606733
1305,0.0004111654416192323
6089,0.00041095816413871944
5339,0.0004107175045646727
1429,0.0004104890103917569
5050,0.000410272492445074
2438,0.0004097401979379356
2104,0.00040864464244805276
1904,0.00040842399175744504
4541,0.0004083729436388239
606,0.00040823896415531635
950,0.00040817617264110595
6574,0.000408164705731906
4452,0.0004081315128132701
3959,0.0004081291117472574
7671,0.0004080255894223228
6753,0.0004077322664670646
6692,0.00040704481943976134
1574,0.00040696551150176674
6004,0.0004066363617312163
1876,0.0004061762010678649
4515,0.00040598642954137176
5857,0.00040573367732577026
4794,0.00040536606684327126
1825,0.00040459657611791044
7371,0.0004041756910737604
422,0.0004035829479107633
1561,0.0004034786979900673
5391,0.00040346384048461914
5756,0.00040299835382029414
5155,0.0004026318056276068
224,0.0004025837988592684
377,0.0004023178480565548
4931,0.0004018354811705649
2000,0.000401798402890563
3554,0.0004014999431092292
507,0.0004014997830381617
6790,0.0004014676815131679
262,0.00040131821879185736
6705,0.00040122706559486687
2528,0.00040084344800561666
2075,0.0004006726812804118
6887,0.00040043468470685184
7505,0.00040018046274781227
6557,0.0003998270258307457
516,0.00039976960397325456
2031,0.0003995363658759743
4494,0.0003994225990027189
2940,0.0003994076541857794
1990,0.00039930225466378033
2186,0.00039929989725351334
3382,0.00039928476326167583
6991,0.00039921567076817155
2231,0.0003990712866652757
7113,0.0003984420618508011
4900,0.0003981258487328887
1140,0.0003980488982051611
7268,0.0003973431885242462
4726,0.000396605595597066
6192,0.0003964999777963385
4199,0.00039649358950555325
3561,0.0003964681673096493
7194,0.00039636658038944006
7575,0.0003962985356338322
3465,0.00039623279008083045
5501,0.0003960764151997864
5092,0.000395922310417518
4950,0.0003956276923418045
4423,0.00039556861156597733
7957,0.0003950581303797662
466,0.00039441655098926276
1601,0.0003944099007640034
5868,0.00039392479811795056
7560,0.000393642665585503
3585,0.00039334542816504836
902,0.00039292477595154196
3944,0.0003928846417693421
1635,0.00039236921293195337
3001,0.00039188863593153656
1507,0.00039168026705738157
7867,0.0003916574496543035
2127,0.00039163706242106855
1853,0.00039156431739684194
2347,0.00039137815474532545
5711,0.00039071035280358046
2092,0.00039066602766979486
6644,0.00039050700434017926
6032,0.00039045410812832415
7612,0.0003903459437424317
7807,0.0003901627496816218
6058,0.0003899765870301053
387,0.0003895963745890185
2475,0.00038947009306866676
3711,0.0003894452820532024
1447,0.00038921425584703684
4625,0.00038846452662255615
5797,0.0003883828758262098
3838,0.00038812113052699715
2845,0.0003881008015014231
2954,0.0003877910494338721
973,0.0003877833660226315
2778,0.000387624284485355
5898,0.0003874916583299637
6034,0.0003873773239320144
652,0.00038717829738743603
5333,0.00038716598646715283
3402,0.00038706837221980095
7709,0.00038701384619344026
3455,0.0003869958745781332
5781,0.0003866359475068748
4244,0.0003865421749651432
3615,0.0003862471639877185
4702,0.0003857113770209253
6212,0.000385534149245359
5470,0.00038518031942658126
1044,0.0003844630846288055
5358,0.000384455343009904
2563,0.00038428010884672403
6491,0.00038418029726017267
2900,0.0003838648699456826
3421,0.00038382047205232084
6851,0.0003835602692561224
850,0.0003834190429188311
1112,0.00038328897790051997
3804,0.0003831172070931643
1806,0.00038263064925558865
526,0.00038256222615018487
2520,0.00038209211197681725
2592,0.00038190779741853476
5667,0.0003816837997874245
2050,0.000381559701054357
7138,0.0003812494978774339
6361,0.00038096077332738787
4387,0.0003798238903982565
1777,0.0003796946257352829
4600,0.0003795381780946627
6115,0.0003795358497882262
7928,0.00037896087451372296
6926,0.0003788596950471401
5673,0.0003787950554396957
4699,0.0003787741588894278
2413,0.00037861100281588733
655,0.00037855940172448754
7956,0.00037831783993169665
119,0.0003780894912779331
1932,0.0003778670507017523
2152,0.0003777323290705681
3654,0.00037760354462079704
2969,0.00037741518463008106
824,0.0003770981711568311
4094,0.00037695193896070123
863,0.0003769051836570725
4945,0.00037669889570679516
7908,0.00037653253821190447
6183,0.000376452982891351
5247,0.0003760662511922419
6765,0.00037539548065979034
2369,0.00037534332659561187
7549,0.000375294650439173
6759,0.00037525246443692595
2156,0.00037523830542340875
5156,0.0003749857860384509
7165,0.0003748705639736727
4746,0.0003743877314263955
3933,0.0003737344959517941
4158,0.0003735961072379723
7580,0.00037356436951085925
804,0.00037320070259738714
1955,0.0003731894103111699
1097,0.00037307420279830694
5831,0.000372887501725927
933,0.0003728842857526615
3989,0.0003724953276105225
1331,0.00037243595579639077
2500,0.00037242009420879185
5713,0.00037234043702483177
334,0.00037197975325398147
1967,0.0003715568163897842
726,0.00037144243833608925
5625,0.0003713100159075111
6772,0.0003709505981532857
5703,0.0003708591393660754
28,0.0003706874558702111
4504,0.0003705801354954019
6521,0.0003703479596879333
2948,0.00037028209771960974
6757,0.0003695947234518826
3171,0.00036927776818629354
6176,0.00036900168925058097
6533,0.0003686209092848003
3359,0.0003686010168166831
5698,0.00036806876596529037
1287,0.00036783031828235835
4356,0.00036777717468794435
7382,0.00036771777376998216
5755,0.00036771285522263497
7868,0.0003675972984638065
2518,0.0003675561601994559
3040,0.0003673962055472657
6709,0.00036736740730702877
159,0.0003672918537631631
697,0.00036726007238030434
3991,0.00036702872603200376
667,0.00036697223549708724
1383,0.0003666226693894714
4972,0.0003665491531137377
3992,0.00036643560451921076
2211,0.00036629677924793214
2579,0.0003661878581624478
7935,0.00036612225812859833
6724,0.0003660570364445448
228,0.0003660346119431779
6812,0.00036564323818311095
1130,0.0003651719889603555
646,0.0003651174483820796
3367,0.00036487630859483033
5365,0.0003648379788501188
5757,0.0003645711112767458
5340,0.00036450584593694657
2246,0.00036434510548133403
2574,0.0003643142117653042
1842,0.00036404265847522765
1398,0.0003639736387412995
5747,0.00036384766281116754
4045,0.0003636519249994308
4222,0.00036315374018158764
5254,0.00036310384166426957
7814,0.00036296251346357167
941,0.00036282399378251284
5671,0.0003623199590947479
407,0.00036223036295268685
7034,0.00036215540603734553
6725,0.0003616248141042888
14,0.00036160185118205845
1839,0.0003615366294980049
4770,0.0003614894667407498
4513,0.00036146918137092143
2331,0.00036067709152121097
869,0.00036007560265716165
4425,0.0003600401396397501
2379,0.0003598578041419387
4616,0.0003597478644223884
3393,0.00035961950197815895
5983,0.0003591295098885894
6156,0.0003585883241612464
72,0.00035838648909702897
5750,0.0003579887852538377
5920,0.00035791401751339436
5398,0.00035763016785494983
3672,0.0003572578280000016
4522,0.00035721260064747185
6786,0.0003570520202629268
3361,0.00035690382355824113
4837,0.00035646896867547184
1972,0.00035637196560855955
4656,0.00035634211963042617
5939,0.0003563239297363907
3767,0.00035618888796307147
5652,0.00035583753196988255
2619,0.00035572945489548147
6341,0.0003556632436811924
774,0.0003554469585651532
7515,0.0003554405557224527
3404,0.0003554036229616031
6715,0.00035497144563123584
4651,0.00035482493694871664
369,0.00035438197664916515
6011,0.00035420780477579683
2325,0.0003541256592143327
7460,0.0003540003817761317
2351,0.0003537858137860894
2029,0.0003536640288075432
4593,0.0003533063718350604
1056,0.0003532888076733798
1480,0.00035328161902725697
1881,0.00035321009636390954
4830,0.00035316060530021787
46,0.00035304995253682137
3489,0.000352667280822061
6,0.00035200406273361295
5859,0.00035184365697205067
4984,0.0003517348814057186
6949,0.0003516688011586666
6997,0.0003515838907333091
4887,0.0003514112759148702
7803,0.0003510755341267213
3335,0.0003508777590468526
1451,0.0003505160129861906
1244,0.00035050603037234396
4501,0.00035047852725256234
7035,0.0003502283652778715
5986,0.0003501197206787765
3091,0.0003499578597256914
2081,0.0003499417653074488
370,0.0003498308942653239
5569,0.0003495113633107394
184,0.0003494748380035162
6869,0.0003493872791295871
4678,0.0003490859526209533
1597,0.00034886829962488264
4262,0.0003488075453788042
4683,0.0003486133209662512
713,0.000348549205227755
5483,0.00034840995795093477
459,0.0003483807813609019
4946,0.0003482866450212896
2161,0.00034763728035613894
5674,0.0003474711411399767
7380,0.0003471442323643714
10,0.0003471416130196303
4330,0.0003466847992967814
5915,0.00034651409077923745
4902,0.0003464319452177733
5100,0.00034587818663567305
93,0.00034578327904455364
504,0.0003457168349996209
6584,0.00034546677488833666
214,0.0003451988595770672
6974,0.00034515907464083284
5740,0.000345028645824641
1910,0.00034492567647248507
7858,0.000344836269505322
2746,0.00034481055627111346
2992,0.0003446685441303998
3680,0.0003446037007961422
6903,0.0003445817274041474
6292,0.00034422076714690775
816,0.00034350951318629086
48,0.0003434499813010916
7040,0.00034343414881732315
1278,0.00034324593434575945
5286,0.0003430459910305217
4198,0.0003430016658967361
6551,0.0003427838091738522
2158,0.00034262506233062595
1604,0.0003411575162317604
4369,0.00034105571103282273
2441,0.00034090295957867056
3223,0.0003407340409466997
3082,0.00034030214010272175
7440,0.00034012424293905497
5884,0.00033956384868361056
5919,0.0003394555242266506
2094,0.00033931160578504205
6697,0.0003391716891201213
5192,0.00033915313542820513
6254,0.00033872941276058555
6368,0.00033806689316406846
5815,0.0003378901747055352
7920,0.00033788447035476565
1361,0.0003377749235369265
4257,0.00033770031586755067
5381,0.0003375999513082206
165,0.0003372060164110735
2239,0.0003370820631971583
4543,0.0003367473545949906
6547,0.0003365425509400666
6438,0.0003365341981407255
108,0.000336277749738656
2753,0.00033626245567575097
7185,0.0003360404953127727
2544,0.00033588503720238805
5807,0.00033574688131920993
3322,0.0003356919769430533
5402,0.0003356353845447302
2488,0.00033552866079844534
2581,0.0003353647771291435
1123,0.0003353642678121105
3601,0.00033523087040521204
3597,0.0003348992031533271
5274,0.0003348656027810648
343,0.00033454233198426664
2643,0.0003343950811540708
3019,0.0003338295209687203
1602,0.0003336605441290885
7797,0.00033351364254485816
4378,0.00033328488643746823
4160,0.0003331826301291585
7190,0.0003331053158035502
5955,0.00033305214310530573
3709,0.0003329002356622368
686,0.0003328564343973994
2256,0.000332813011482358
7347,0.00033276314206887037
4302,0.00033276077010668814
2925,0.0003325207799207419
757,0.00033228969550691545
2160,0.0003315466165076941
2208,0.0003311201580800116
7953,0.0003309331077616662
5638,0.00033047329634428024
5294,0.0003299923409940675
810,0.00032974746136460453
1781,0.0003291874163551256
6693,0.00032917913631536067
3462,0.00032904589897952974
6947,0.00032890442525967956
736,0.0003288933221483603
7638,0.00032880966318771243
7096,0.000328734764480032
2547,0.000328575712046586
981,0.00032823035144247115
3736,0.0003280688833910972
2578,0.0003280309902038425
1185,0.0003278371295891702
6962,0.00032780892797745764
1272,0.0003276394563727081
2724,0.00032756674045231193
4566,0.00032753488630987704
3315,0.0003275173658039421
107,0.00032731384271755815
4532,0.000327210669638589
4236,0.0003269991575507447
7114,0.0003269931476097554
5641,0.00032697194546926767
4698,0.00032689722138457
5305,0.00032687764905858785
5270,0.0003267525171395391
4025,0.00032672790985088795
3497,0.0003265316190663725
6102,0.0003261198289692402
6512,0.00032601336715742946
6130,0.00032592388743069023
3868,0.000325896282447502
4416,0.00032584603468421847
6582,0.00032569613540545106
2717,0.00032560490944888443
4785,0.00032525259302929044
5091,0.00032513072073925287
6170,0.00032505807757843286
7643,0.00032492316677235067
6203,0.0003246527339797467
1165,0.00032460578950122
6033,0.00032441524672321975
2312,0.00032439472852274776
6200,0.0003241880767745897
1958,0.0003241547237848863
164,0.00032380057382397354
5178,0.0003225010877940804
98,0.0003222199738956988
4655,0.00032221143192145973
4750,0.0003216145414626226
3307,0.00032118473609443754
5584,0.0003211766597814858
6417,0.00032109321909956634
2692,0.0003208503476344049
5806,0.00032065287814475596
2010,0.000320578707032837
7148,0.0003205090179108083
6147,0.0003201883373549208
3883,0.0003201264189556241
176,0.0003197687183273956
4926,0.00031973986187949777
3486,0.00031959473562892526
7366,0.0003194283926859498
1422,0.00031895015854388475
3544,0.0003189074632246047
3426,0.0003185880050295964
5792,0.0003182748187100515
2461,0.00031819216383155435
280,0.0003181096981279552
759,0.0003177184407832101
3332,0.00031761817808728665
2195,0.00031751597998663783
4892,0.00031744595617055893
1797,0.0003172182623529807
6234,0.00031707389280200005
5735,0.0003170583804603666
2078,0.00031672127079218626
4882,0.000316563033265993
5279,0.0003162027132930234
2738,0.00031606893753632903
1499,0.0003160461055813357
5378,0.0003157032188028097
4193,0.00031563341326545924
3063,0.0003154293372062966
5751,0.00031536824826616794
4466,0.0003153666912112385
4237,0.00031520388438366354
7980,0.0003150830016238615
7966,0.00031506527739111334
2225,0.00031494873110204935
6385,0.0003146749222651124
4285,0.0003144450020045042
4058,0.0003140788903692737
2641,0.00031405541813001037
2238,0.0003140160988550633
6249,0.0003139893669867888
501,0.0003137528692604974
600,0.00031344556191470474
7539,0.0003134391881758347
3578,0.00031331460922956467
1552,0.0003132659039692953
3698,0.0003129888646071777
2367,0.00031289420439861715
897,0.00031197236967273057
3802,0.0003119373577646911
318,0.000311870506266132
5820,0.00031184185354504734
7276,0.00031160927028395236
217,0.00031156078330241144
6241,0.00031156078330241144
6132,0.00031142012448981404
6619,0.0003112621052423492
3428,0.00031077231687959284
4373,0.0003105637151747942
2368,0.00031048915116116405
24,0.0003103180933976546
4905,0.0003100441099377349
2842,0.00031003689218778163
3871,0.00030997298017609864
7857,0.0003099052846664563
1534,0.0003094525309279561
3531,0.00030913348018657416
3525,0.00030883630097378045
2700,0.0003088001103606075
7933,0.00030870456248521805
1611,0.0003086543583776802
368,0.0003086212236667052
2349,0.0003083835035795346
1568,0.0003081739123445004
2405,0.00030803510162513703
5763,0.0003076709108427167
1180,0.00030763707763981074
6363,0.000307591850287281
1790,0.0003075888816965744
2760,0.00030747565324418247
6278,0.0003074755659326911
762,0.0003073422994930297
2212,0.00030702806543558836
5377,0.00030695280293002725
2046,0.0003067186917178333
5323,0.0003062452597077936
2840,0.00030612693808507174
1482,0.00030600464378949255
4053,0.000305943816783838
3377,0.0003058572474401444
3745,0.00030573876574635506
2275,0.0003056363348150626
1630,0.0003055064589716494
3800,0.0003054986445931718
6469,0.0003053682157769799
2023,0.00030485098250210285
1330,0.0003045190969714895
2862,0.00030437805980909616
5056,0.0003038524591829628
30,0.00030346564017236233
1799,0.0003032038948731497
3199,0.00030314507603179663
4353,0.00030292649171315134
2265,0.00030229905678424984
7950,0.0003019462455995381
3247,0.0003017816343344748
2915,0.0003015122056240216
1268,0.0003014658868778497
833,0.0003012301749549806
4686,0.00030102161690592766
5002,0.0003007824852829799
5912,0.00030047399923205376
5506,0.00030033123039174825
2271,0.0003002913435921073
1114,0.0003002778539666906
5844,0.0003001109143951908
4924,0.00029993853240739554
2929,0.00029991293558850884
5788,0.00029955852369312197
2562,0.0002993865200551227
3966,0.00029935721249785274
1409,0.00029933557379990816
2095,0.0002993166563101113
2827,0.00029928190633654594
3266,0.00029923819238319993
342,0.0002990673528984189
7121,0.00029900095250923187
7987,0.00029875281325075775
158,0.0002986962645081803
7406,0.00029811861168127507
5115,0.0002978905540658161
2503,0.0002974336821353063
5572,0.000297398742986843
2284,0.00029711759998463094
1802,0.0002970160567201674
3460,0.00029686941707041115
5459,0.00029683577304240316
5093,0.0002967735199490562
6662,0.00029677072598133236
2504,0.00029675260884687304
6199,0.0002967471373267472
6941,0.00029672912205569446
5168,0.00029669146169908345
211,0.00029664380417671055
2613,0.00029663962777704
3776,0.00029638803971465677
7386,0.00029606294992845505
89,0.00029585868469439447
2217,0.0002956471435027197
4826,0.00029530278698075563
4172,0.0002950560301542282
5240,0.0002948427281808108
7573,0.00029465201077982783
125,0.0002943608269561082
4567,0.0002942192368209362
6300,0.00029415529570542276
1838,0.00029399507911875844
1771,0.00029394977900665253
7734,0.0002931018534582108
580,0.00029293252737261355
2826,0.0002929060283349827
5684,0.00029262242605909705
155,0.00029253907268866897
1886,0.0002923407300841063
6855,0.0002923153806477785
1508,0.0002922490966739133
1152,0.0002920357510447502
2235,0.0002919698308687657
4853,0.0002917649981100112
7086,0.00029159065161366016
458,0.000291506657958962
1701,0.00029146266751922667
1437,0.00029143352003302425
537,0.0002913602511398494
4844,0.00029135651129763573
2019,0.0002912620402639732
3192,0.00029121442639734596
682,0.00029120103863533586
5928,0.0002910634648287669
5209,0.00029055440973024815
2553,0.0002903694985434413
5229,0.0002902407431975007
716,0.00029008804995100945
688,0.0002899433602578938
4217,0.00028993148589506745
5311,0.00028982559160795063
4918,0.00028928936808370054
5668,0.0002888211020035669
4894,0.00028879372985102236
5825,0.00028870702954009175
1936,0.0002885820431401953
6852,0.0002883879351429641
6050,0.0002880774991353974
529,0.000287821632809937
1280,0.00028760205896105617
584,0.0002874905039789155
2110,0.00028742666472680867
363,0.0002871371107175946
605,0.0002870603930205107
7442,0.00028667836159002036
7588,0.0002863635018002242
6257,0.0002861843822756782
2835,0.00028609389846678823
6367,0.0002860086824512109
506,0.000285949427052401
2356,0.0002854627527995035
5985,0.0002854596823453903
4636,0.0002853851910913363
3445,0.0002853563491953537
6388,0.0002851306926459074
3430,0.0002850393211701885
5125,0.00028500032203737646
6129,0.00028445177304092795
1908,0.000284130364889279
5846,0.0002840941888280213
6554,0.0002838371437974274
2219,0.0002837330393958837
2669,0.00028354476671665907
4540,0.00028340100834611803
4626,0.00028318283148109913
3170,0.00028299010591581464
6795,0.00028285200824029744
3720,0.00028279281104914844
2689,0.0002825268602464348
771,0.00028248449962120503
5663,0.0002824357943609357
6099,0.0002824074763339013
3164,0.000282277338556014
7208,0.0002822762471623719
1805,0.0002819889923557639
1090,0.00028196501079946756
3017,0.00028190785087645054
7931,0.0002816762134898454
2173,0.00028161442605778575
6382,0.00028147042030468583
4557,0.0002813687751768157
7808,0.00028133823070675135
3860,0.0002809956349665299
1937,0.0002809860452543944
815,0.00028095071320421994
614,0.000280833977740258
2393,0.00028070175903849304
6107,0.0002806893899105489
4824,0.0002806829725159332
4358,0.0002806816337397322
4486,0.0002803925744956359
1590,0.00028011074755340815
6689,0.00028004898922517896
4477,0.0002798660279950127
156,0.0002798418281599879
6194,0.00027973196120001376
2430,0.00027969363145530224
3892,0.0002795648615574464
2415,0.0002793842868413776
4115,0.0002792890300042927
3704,0.0002792100567603484
1132,0.00027918987325392663
5485,0.0002791850274661556
5418,0.00027912657242268324
465,0.00027900724671781063
7294,0.00027863144350703806
2443,0.00027856166707351804
447,0.0002782901865430176
6663,0.0002780690701911226
2260,0.0002779702190309763
1063,0.00027777622744906694
79,0.0002774179301923141
812,0.000276872975518927
2498,0.00027686532121151686
195,0.0002768092235783115
2707,0.0002763253578450531
7156,0.00027607567608356476
4576,0.00027602909540291876
4343,0.00027586810756474733
5204,0.00027563454932533205
4174,0.0002753952285274863
2343,0.0002752971922745928
144,0.0002751740685198456
1621,0.00027512473752722144
2187,0.0002749473205767572
7516,0.00027453563234303147
5122,0.0002745249221334234
7137,0.00027449683693703264
1788,0.00027422670973464847
846,0.00027422496350482106
4846,0.00027407132438383996
2787,0.00027382088592275977
3879,0.00027369704912416637
6980,0.0002733611036092043
4791,0.00027323684480506927
2220,0.0002732270222622901
4915,0.0002729646657826379
6530,0.0002729129046201706
7534,0.0002726011007325724
3334,0.0002725403319345787
3450,0.00027233100263401866
6549,0.00027212200802750885
5123,0.0002720580669119954
2677,0.00027202622732147574
2163,0.00027183689235243946
7738,0.00027158402372151613
6282,0.00027129543013870716
2939,0.00027122534811496735
4304,0.0002711655688472092
6635,0.0002708945539779961
5643,0.0002704287617234513
6180,0.0002703762147575617
1216,0.0002698453172342852
5944,0.00026979533140547574
5317,0.000269563402980566
2732,0.0002693465939955786
4454,0.00026905600680038333
2816,0.00026851055736187845
7850,0.0002680248726392165
7772,0.0002679900062503293
7251,0.00026782519125845283
6699,0.000267790092038922
7243,0.00026771823468152434
7593,0.00026747651281766593
547,0.0002674454590305686
5777,0.00026714359410107136
3240,0.00026701435854192823
6001,0.00026667282509151846
2739,0.0002665256033651531
2512,0.00026646628975868225
5946,0.0002663229824975133
6109,0.00026608066400513053
5883,0.00026555743534117937
695,0.0002655223070178181
3101,0.00026549590984359384
5133,0.00026535510551184416
5176,0.00026528318994678557
7902,0.0002650668320711702
1794,0.00026504423294682056
5769,0.00026491617609281093
7879,0.0002646940993145108
692,0.00026453426107764244
2605,0.0002642953477334231
2418,0.0002640762540977448
5338,0.0002637429133756086
5849,0.00026351654378231615
1628,0.000263419104157947
5528,0.0002632591058500111
7227,0.00026318854361306876
680,0.000263051493675448
6509,0.00026296604482922703
3866,0.0002628983784234151
5265,0.0002628068905323744
7375,0.000262652785750106
220,0.00026255406555719674
5367,0.0002623648178996518
6570,0.0002623548934934661
7618,0.00026220924337394536
197,0.0002622064930619672
1126,0.00026183115551248193
3753,0.0002614552358863875
5507,0.00026139615511056036
420,0.00026121255359612405
2082,0.0002610956289572641
3880,0.0002610726369312033
7621,0.0002609057119116187
7543,0.0002608906652312726
4520,0.0002608828654047102
5979,0.0002608350769151002
1336,0.0002600349544081837
2071,0.0002599674480734393
2836,0.0002598604769445956
6399,0.00025974391610361636
4823,0.0002596488920971751
2061,0.00025964035012293607
6750,0.0002595373953226954
2487,0.0002594405668787658
2960,0.00025936574093066156
936,0.00025929012917913496
583,0.00025919910694938153
4704,0.0002591787779238075
7045,0.00025898151216097176
5097,0.00025879114400595427
4339,0.0002586699847597629
2339,0.00025866673968266696
5562,0.00025852787075564265
2141,0.0002584571047918871
3854,0.0002583733876235783
4963,0.00025834616099018604
4858,0.00025808480859268457
2408,0.00025808397913351655
3936,0.000257816951489076
1892,0.0002577916893642396
1022,0.000257753737969324
3732,0.00025761561118997633
1147,0.0002573875681264326
251,0.0002572143421275541
1536,0.000257197956671007
5136,0.0002569362986832857
2654,0.0002560569118941203
2481,0.0002558782434789464
2521,0.00025584902323316783
383,0.0002550957724452019
5149,0.00025507976533845067
615,0.0002550399658503011
4153,0.00025499101320747286
4208,0.0002548663760535419
790,0.00025478612224105746
5053,0.00025465268117841333
3204,0.00025458939489908516
5583,0.0002545223105698824
4363,0.0002545064489822835
5189,0.0002536063111620024
142,0.0002533892256906256
5854,0.00025320502754766494
3059,0.00025296639068983495
4436,0.0002527558826841414
7073,0.00025256231310777366
1982,0.0002525134914321825
698,0.0002524535666452721
5742,0.00025205424753949046
6245,0.000251931807724759
1752,0.0002518717956263572
4798,0.00025159060896839947
783,0.00025152940361294895
1267,0.00025133692543022335
6259,0.00025131614529527724
1675,0.00025129225105047226
4581,0.0002512560458853841
3779,0.0002510824706405401
4597,0.00025100681523326784
1004,0.0002508687903173268
5222,0.0002508119068806991
891,0.00025079121405724436
4148,0.0002507476892787963
1120,0.00025068291870411485
5621,0.0002506012824596837
7669,0.0002505700977053493
4435,0.00025056595040950924
6526,0.0002505590091459453
710,0.00025037076557055116
3438,0.00025032737175934017
5217,0.00025031376571860164
5481,0.0002502351417206228
6508,0.00025015596474986523
7910,0.00025015439314302057
3187,0.0002500560804037377
7774,0.00025001906033139676
7880,0.00024999069137265906
5722,0.0002499486436136067
1430,0.0002499416295904666
5550,0.0002495209046173841
4940,0.00024934842076618224
3186,0.00024925633624661714
6318,0.00024917576229199767
65,0.00024916522670537233
1644,0.000249097851337865
7735,0.00024908459454309195
4799,0.0002488872705725953
1980,0.00024882826255634427
874,0.0002487698075128719
7888,0.0002486041921656579
4966,0.0002481870978954248
7404,0.0002478964306646958
5024,0.0002477244852343574
7981,0.00024769510491751134
629,0.0002476153604220599
3674,0.0002475110813975334
5952,0.00024747735005803406
715,0.00024712666345294565
1332,0.00024702934024389833
6562,0.000246938579948619
4142,0.0002465330471750349
7629,0.0002465158177074045
5811,0.0002462961128912866
789,0.0002462443080730736
2086,0.00024590604880359024
2902,0.00024587118241470307
1556,0.0002457702357787639
1747,0.00024571618996560574
3331,0.0002454125205986202
2686,0.00024490884970873594
2596,0.0002448735758662224
5037,0.000244840863160789
3488,0.0002447379083605483
7684,0.0002447156439302489
290,0.0002446276193950325
1229,0.0002442142431391403
2598,0.0002438201627228409
1375,0.00024323869729414582
4178,0.00024323323304997757
5613,0.00024268811830552295
7632,0.0002426635765004903
7668,0.0002425488637527451
1047,0.00024229697010014206
4384,0.0002420270539005287
7712,0.00024188365932786837
3831,0.00024157375446520746
1335,0.00024149197270162404
4164,0.00024146914074663073
1684,0.0002413755573797971
2233,0.00024123888579197228
3174,0.00024115516862366349
6457,0.00024089743965305388
6535,0.0002403537801001221
7723,0.00024026018218137324
5733,0.0002402226673439145
3372,0.0002400212688371539
4205,0.0002399946897639893
2880,0.00023994177900021896
3923,0.00023949594469740987
2344,0.00023945684370119125
5308,0.00023932800104375929
1650,0.00023913010954856873
2601,0.00023900310043245554
2143,0.00023881719243945554
856,0.0002386834894423373
7300,0.00023864494141889736
6680,0.0002385885309195146
6588,0.00023854155733715743
6213,0.00023830679128877819
7739,0.00023798968322807923
3172,0.00023776093439664692
7871,0.00023770409461576492
3603,0.00023767749371472746
6371,0.00023765062360325828
1882,0.00023763845092616975
1551,0.00023751339176669717
3487,0.00023732824047328904
3675,0.0002373207244090736
1975,0.00023730391694698483
599,0.00023726215295027941
3881,0.00023720605531707406
2137,0.00023695931304246187
668,0.00023645999317523092
1577,0.0002364392566960305
3327,0.00023643251915927976
6246,0.00023626974143553525
6165,0.00023622813750989735
1681,0.00023583193978993222
3429,0.0002357791454414837
3067,0.00023535959917353466
5702,0.00023504658020101488
707,0.0002347643458051607
5419,0.00023466692073270679
6583,0.00023445656552212313
6643,0.00023444267571903765
5166,0.00023422648519044742
7938,0.00023391552531393245
861,0.00023353021970251575
4147,0.000233423343161121
6454,0.0002333024749532342
3849,0.00023317672457778826
5199,0.00023315192811423913
1325,0.00023306351067731157
2849,0.00023280393361346796
3978,0.0002326151734450832
4485,0.00023252120445249602
5974,0.0002324533779756166
7246,0.00023245138436323032
1760,0.0002322325381101109
6090,0.00023215807595988736
6306,0.0002321264983038418
6402,0.0002318186598131433
3589,0.00023167181643657386
1376,0.00023161739227361977
4256,0.00023151341156335548
2769,0.00023149301705416292
5000,0.00023129081819206476
7527,0.0002312137366971001
7613,0.00023108500317903236
6597,0.00023100039106793702
964,0.00023094753123586997
1724,0.00023094045172911137
5116,0.00023075659555615857
2372,0.00023074505588738248
6679,0.00023065788991516456
1993,0.00023038379003992304
5025,0.00022977816115599126
5251,0.00022956212342251092
1942,0.00022955268650548533
6030,0.00022939782502362505
7836,0.0002292834542458877
3788,0.00022909413382876664
6484,0.00022907566017238423
4705,0.0002290366537636146
2207,0.00022895404254086316
426,0.00022895127767696977
5180,0.00022866739891469479
883,0.0002284610236529261
750,0.00022845336934551597
6344,0.00022830324451206252
987,0.00022811206872574985
2828,0.00022811084636487067
4952,0.00022797680867370218
2534,0.00022770326177123934
2696,0.00022752207587473094
180,0.0002274454600410536
4253,0.00022743555018678308
3919,0.000227026961511001
3422,0.00022699458349961787
3855,0.00022693249775329605
4684,0.00022687899036100134
4578,0.00022659013484371826
997,0.0002261882327729836
3649,0.00022618112416239455
7104,0.00022604457626584917
5873,0.0002253805723739788
4573,0.0002250351826660335
3008,0.00022483581415144727
664,0.0002248128512292169
2810,0.00022449046082329005
1008,0.0002243795315735042
160,0.00022417909349314868
7846,0.00022415520652430132
4647,0.00022414381965063512
5489,0.00022403229377232492
2883,0.0002234309067716822
7193,0.00022333126253215596
3730,0.0002233140403404832
4549,0.00022302772413240746
3310,0.00022287160390987992
2637,0.00022279945551417768
5219,0.0002227472432423383
7424,0.0002225816569989547
2025,0.0002224260533694178
6413,0.00022225567954592407
2226,0.00022207945585250854
6850,0.0002219408197561279
3981,0.00022189991432242095
2309,0.00022174196783453226
7036,0.00022170183365233243
1219,0.0002216222565039061
6172,0.00022135312610771507
2841,0.00022134316532174125
7502,0.00022115473984740674
1007,0.00022113930754130706
5862,0.00022109289420768619
56,0.00022106957476353273
2844,0.00022082002396928146
331,0.00022065528901293874
3099,0.00022052586427889764
3967,0.00022026388614904135
4739,0.0002202219402533956
5423,0.0002199745358666405
6362,0.00021994645794620737
4359,0.00021986638603266329
1285,0.0002197609792347066
5458,0.00021972924878355116
1108,0.0002196716668549925
3676,0.00021963378821965307
3700,0.00021945012122159824
1531,0.00021940267470199615
6013,0.0002193815671489574
4884,0.00021916814148426056
1952,0.00021895227837376297
382,0.0002188846847275272
4604,0.00021878458210267127
7432,0.00021862637368030846
362,0.0002184949698857963
4462,0.00021843934518983588
907,0.00021800026297569275
571,0.00021779711096314713
4719,0.00021769847080577165
5284,0.00021758410730399191
5181,0.00021751999156549573
1704,0.00021743858815170825
7827,0.00021743203978985548
6624,0.0002172115709981881
2541,0.00021715101320296526
305,0.00021696090698242188
2229,0.00021679716155631468
7240,0.0002166524645872414
7127,0.0002165669429814443
6875,0.0002165601763408631
9,0.0002155401889467612
7258,0.00021537646534852684
4200,0.00021518516587093472
5542,0.00021515579283004627
6226,0.00021513987303478643
1341,0.00021502967865671962
4913,0.0002149345018551685
7220,0.0002146486658602953
5651,0.00021463967277668417
6309,0.00021441504213726148
717,0.00021437948453240097
1408,0.00021392008056864142
2236,0.0002137613046215847
993,0.00021373771596699953
2676,0.00021373647905420512
2966,0.0002137347692041658
2230,0.00021342661057133228
7787,0.00021296850172802806
876,0.0002128282212652266
3623,0.00021265012037474662
7676,0.0002125475657521747
4695,0.0002124787715729326
5697,0.00021240109344944358
4281,0.00021226091485004872
1379,0.0002122155565302819
127,0.00021150043903617188
3690,0.00021123253827681765
1920,0.00021116696007084101
6773,0.00021113932598382235
4995,0.0002109104534611106
2975,0.0002108342741848901
7293,0.00021076992561575025
52,0.0002106194442603737
7322,0.00021020565327489749
4943,0.00021001500863349065
5822,0.00020981421403121203
2124,0.00020978088286938146
4979,0.00020969131583115086
7314,0.00020960250549251214
1199,0.0002088883484248072
2244,0.0002086528402287513
3180,0.00020862126984866336
3271,0.000208618730539456
4959,0.0002085821470245719
5426,0.00020853687601629645
35,0.0002082607607007958
6804,0.0002082319260807708
374,0.00020807575492653996
4176,0.00020800992206204683
4168,0.00020778318139491603
1081,0.00020771619892911986
1003,0.00020738535386044532
2622,0.00020737342856591567
4752,0.00020718449377454817
4,0.00020713389676529914
1366,0.00020701249013654888
3590,0.00020653779210988432
3094,0.0002062798521365039
7120,0.00020616933761630207
5614,0.00020605426834663376
7736,0.00020590466738212854
4852,0.0002057281744782813
7281,0.00020565043087117374
7060,0.00020562764257192612
5235,0.00020535880321403965
3159,0.00020533703354885802
2469,0.00020526426669675857
5573,0.000205208474653773
3275,0.00020510717877186835
4538,0.0002050913535640575
2389,0.00020503411360550672
637,0.00020488652808126062
1538,0.00020485566346906126
2710,0.00020480570674408227
6299,0.00020479108934523538
4380,0.00020466434943955392
5597,0.0002045550209004432
5631,0.00020434868929442018
3041,0.00020432543533388525
6325,0.00020413660968188196
6248,0.000204122879949864
2756,0.00020399297500262037
6405,0.00020374156156321988
140,0.00020361967472126707
3230,0.0002034855933743529
2058,0.00020307346858317032
1039,0.00020297437731642276
5853,0.00020295309514040127
1370,0.00020286627113819122
1128,0.00020269097876735032
6054,0.0002023843553615734
2909,0.00020207080524414778
3289,0.0002018542800215073
3660,0.000201796370674856
705,0.00020175839017610997
3416,0.00020149561169091612
6239,0.00020130978373344988
3036,0.00020125076844124123
7537,0.0002011782198678702
450,0.00020083234267076477
2681,0.0002006628637900576
6057,0.0002005381611525081
11,0.00020041938114445657
3302,0.00020032735483255237
2786,0.0002002932014875114
6391,0.00020012526510981843
6351,0.00019999912910861894
2645,0.00019972329755546525
1406,0.0001996265782508999
3889,0.00019949676789110526
5154,0.0001992964680539444
5513,0.00019925607921322808
6264,0.00019918603356927633
414,0.00019895273726433516
7942,0.00019871492986567318
660,0.00019861364125972614
3717,0.0001983634865609929
5767,0.00019820013403659686
2181,0.0001981967216124758
4401,0.00019765029719565064
5876,0.00019761612929869443
7297,0.0001975908235181123
4773,0.00019750154751818627
7098,0.00019722517026821151
5926,0.00019716526003321633
2976,0.00019712926587089896
5960,0.0001968032229342498
1125,0.00019656742369988933
4996,0.0001962983951671049
3391,0.00019628032168839127
2224,0.0001962224196176976
4474,0.00019620402599684894
3366,0.0001962023161468096
1918,0.00019596270431065932
5337,0.00019574302132241428
7820,0.00019562338275136426
7765,0.00019544772658264264
4848,0.00019539622007869184
4055,0.00019514932500896975
7376,0.00019493048603180796
6766,0.00019449168030405417
3184,0.0001944391115102917
7210,0.00019441993936197832
4606,0.0001944158211699687
1212,0.0001942664457601495
735,0.00019406080537009984
6985,0.00019383589824428782
4864,0.00019362979946890846
7930,0.00019356956181582063
4014,0.00019335420802235603
1978,0.00019335165416123345
6444,0.00019333165982970968
1924,0.00019318631530040875
7233,0.00019309783965582028
4615,0.00019282841094536707
740,0.00019279396656202152
834,0.0001920835202326998
7241,0.00019175101624568924
5407,0.00019155909831169993
1847,0.00019147357670590281
7748,0.00019136680202791467
7949,0.00019125356629956514
7762,0.0001911672661663033
2117,0.00019094523304374889
6373,0.00019087587133981287
4170,0.00019071604765485972
3027,0.00019053190044360235
3759,0.00019050818082178012
2289,0.0001904632299556397
511,0.0001902109434013255
3308,0.00019016875739907846
5914,0.00019005705689778551
1808,0.0001897121110232547
6486,0.0001894790184451267
5296,0.00018941235612146556
1504,0.00018921063747256994
137,0.00018914727843366563
2946,0.0001891392021207139
3153,0.00018909470236394554
3116,0.00018894275854108855
2829,0.00018893233209382743
6879,0.00018859506235457957
921,0.00018852355424314737
7963,0.00018851901404559612
7237,0.00018842264398699626
5526,0.00018833194189937785
7329,0.00018798401288222522
7824,0.00018783727864501998
6191,0.00018774097407003865
1099,0.0001877143295132555
294,0.00018771046597976238
1884,0.00018735834601102397
1773,0.00018731362069956958
2709,0.00018690885190153494
7583,0.0001868187027866952
2809,0.0001865798549260944
6889,0.00018654503219295293
3131,0.00018651282880455256
4316,0.00018651138816494495
5036,0.00018646621174411848
6538,0.00018633020226843655
7027,0.0001863201177911833
2101,0.000186162069439888
3371,0.0001856487651821226
2763,0.00018556002760306
7763,0.00018552516849013045
145,0.00018547243234934285
905,0.00018543497571954504
5893,0.00018509641813579947
4539,0.00018497322889743373
6919,0.00018493241805117577
430,0.00018472420197213069
4175,0.0001844802754931152
5427,0.00018419805564917624
5498,0.00018408103642286733
1307,0.00018404648290015757
4399,0.00018400375120108947
1954,0.0001835868606576696
3842,0.000183423631824553
2550,0.00018333781918045133
1106,0.00018330203602090478
702,0.00018318510410608724
4002,0.00018302881653653458
5972,0.0001829084358178079
2694,0.00018264149548485875
7360,0.00018238801567349583
7094,0.00018238576740259305
4238,0.00018216365424450487
5347,0.0001818948658183217
129,0.00018161442130804062
724,0.0001816006188164465
7526,0.00018159262253902853
3118,0.0001815915893530473
1535,0.00018157197337131947
5067,0.00018111657846020535
3547,0.00018106441712006927
3655,0.00018070813530357555
2322,0.0001806325963116251
2788,0.00018058717250823975
1960,0.00018058028217637911
6830,0.00018050092330668122
3399,0.00018046351033262908
4646,0.0001804558269213885
7852,0.0001804226340027526
5654,0.0001803137201932259
4314,0.00018021243158727884
4555,0.00018010337225859985
7318,0.00017987703176913783
5977,0.00017975418450077996
6478,0.0001797291261027567
4998,0.00017966834275284782
2170,0.0001796191863832064
272,0.00017959842807613313
3522,0.00017935511277755722
7002,0.00017934870265889913
2204,0.00017916081560542807
6400,0.0001788092777132988
1417,0.00017857721104519442
5400,0.00017853979079518467
2892,0.0001783174739102833
977,0.0001782746912795119
3243,0.00017805249080993235
2026,0.00017750047118170187
764,0.00017749724793247879
1270,0.0001774673437466845
7235,0.00017734069842845201
6704,0.00017727531667333096
6229,0.00017722635675454512
2519,0.00017712853878038004
561,0.00017698550800560042
2200,0.0001769625669112429
5084,0.00017693304107524455
132,0.0001767484427546151
4706,0.00017646887135924771
2457,0.00017644272156758234
4916,0.00017638995632296428
445,0.00017619357822695747
2874,0.0001754885888658464
4117,0.00017546528397360817
5342,0.0001754548429744318
2614,0.00017486221622675657
1013,0.00017453787586418912
1389,0.00017427364946343005
2439,0.00017418182687833905
7529,0.00017379883502144367
7420,0.00017379061318933964
2767,0.0001737886923365295
4162,0.00017309411487076432
7023,0.0001730224903440103
1374,0.00017290152027271688
6751,0.00017288255912717432
1864,0.00017286294314544648
2460,0.00017285568173974752
3232,0.00017278365703532472
5567,0.00017273482808377594
4772,0.00017244882474187762
1803,0.00017239696899196133
6321,0.00017235654377145693
3993,0.0001719714346108958
6126,0.00017191794177051634
7576,0.0001716959523037076
4313,0.00017163242591777816
2301,0.00017147932521766052
5360,0.00017137239774456248
2941,0.00017130708874901757
5592,0.00017125932208728045
4788,0.00017106321320170537
2575,0.00017099875549320132
4097,0.00017099257820518687
5393,0.00017089113680412993
5231,0.0001708004201645963
5326,0.00017060404206858948
3252,0.0001705991817289032
2881,0.00017052415932994336
1052,0.00017051749455276877
5399,0.00017047704750439152
1024,0.00017040032253134996
3588,0.00017036664939951152
3207,0.00017032815958373249
5191,0.00017031222523655742
4986,0.00017028860020218417
2805,0.00017016111814882606
6108,0.00017011877207551152
7426,0.00016996175691019744
4898,0.00016983801469905302
5295,0.0001694781385594979
787,0.00016945549577940255
2631,0.00016936078463913873
451,0.0001692866935627535
2779,0.00016923974180826917
2791,0.00016921044152695686
6592,0.00016917062748689204
4909,0.00016909095575101674
7486,0.00016903498908504844
4267,0.0001689986529527232
3521,0.00016894377768039703
295,0.00016880947805475444
984,0.00016879620670806617
4364,0.00016858114395290613
1964,0.00016853251872817054
3828,0.0001684782182564959
4795,0.00016838409646879882
7891,0.00016836925351526588
2417,0.00016831783432280645
3368,0.00016827888612169772
3948,0.0001679555934970267
6585,0.00016785405023256317
6843,0.00016741086437832564
5434,0.00016738615522626787
4569,0.0001672845901339315
1636,0.00016712013893993571
2428,0.00016707548638805747
2865,0.00016694198711775243
5404,0.000166924117365852
7401,0.00016683925787219778
4228,0.00016679193504387513
3943,0.00016675381630193442
5063,0.00016665449948050082
473,0.00016651309852022678
4038,0.00016634288476780057
3950,0.0001663373113842681
6265,0.000166186953720171
6905,0.00016548248822800815
5335,0.0001653605286264792
7331,0.00016519684868399054
7570,0.00016519579367013648
7219,0.00016511941066710278
6603,0.00016490568668814376
2014,0.00016483762010466307
444,0.00016467677778564394
7923,0.00016463883366668597
7490,0.00016443197091575712
6525,0.00016433985729236156
4768,0.00016387180221499875
3840,0.00016386507923016325
563,0.00016384143236791715
436,0.00016346850316040218
7954,0.00016346429765690118
601,0.0001634363507037051
6900,0.00016334620886482298
3482,0.00016333624807884917
4234,0.00016329834033967927
5175,0.00016324204625561833
2257,0.00016321916336892173
6664,0.0001630823826417327
1405,0.00016297564434353262
4318,0.00016288957704091445
2390,0.00016286504978779703
6433,0.00016273841902147979
6370,0.00016268070612568408
2335,0.00016256877279374748
7770,0.00016244995640590787
3291,0.00016236356168519706
7994,0.0001623410062165931
1645,0.00016226312436629087
5714,0.00016218831297010183
351,0.00016214136849157512
6649,0.0001619556060177274
3714,0.00016168542788363993
6408,0.0001615532164578326
5990,0.0001613964923308231
60,0.00016138667706400156
4133,0.0001611526677152142
5616,0.00016111544391606003
4190,0.00016107888950500637
1119,0.00016105529357446358
1159,0.0001610469989827834
7682,0.0001610456602065824
1080,0.00016087700350908563
1826,0.00016085917741293088
5015,0.00016074593440862373
627,0.0001607193480595015
6676,0.00016071342543000355
7052,0.0001606687146704644
7901,0.00016051495913416147
709,0.00016050570411607623
412,0.0001604923454578966
3713,0.00016045047232182696
7550,0.00016044650692492723
3343,0.00016041323397075757
3706,0.00016012978448998183
5832,0.0001599466777406633
7056,0.00015993916895240545
1827,0.0001599335519131273
136,0.00015990796237019822
3518,0.00015988346422091126
3015,0.00015988191444193944
94,0.00015986813377821818
4255,0.00015983566117938608
1074,0.00015979759336914867
5523,0.00015941152378218248
3853,0.00015938296564854681
5461,0.0001593713677721098
7866,0.0001593632623553276
4019,0.00015929593791952357
3193,0.0001591357504366897
1452,0.00015911877562757581
1365,0.00015905249892966822
5678,0.00015905172767816111
4765,0.00015902400627965108
1746,0.00015894719399511814
4666,0.0001589216262800619
3469,0.0001588556551723741
7410,0.00015867281763348728
6406,0.00015860062558203936
6921,0.00015854790399316698
1284,0.0001584559358889237
7070,0.00015843559958739206
2513,0.00015842635912122205
3755,0.00015823337162146345
5363,0.0001581058168085292
2318,0.00015803652058821172
5151,0.00015802036796230823
2142,0.00015778917440911755
3284,0.00015751622413517907
5646,0.00015744777920190245
1889,0.00015743648691568524
7100,0.00015736617933725938
4108,0.00015735252236481756
4715,0.00015730127051938325
3867,0.0001572905166540295
457,0.00015727501886431128
5851,0.00015715491463197395
1162,0.0001569677551742643
5157,0.00015680018259445205
27,0.00015650300338165835
360,0.00015646516112610698
755,0.00015645206440240145
7150,0.00015643610822735354
3719,0.00015632611757609993
7266,0.0001562976249260828
4137,0.00015624410298187286
2136,0.00015609030378982425
3069,0.00015604157670168206
2602,0.00015590255497954786
3066,0.0001557128271088004
4720,0.0001555899070808664
6907,0.00015558612358290702
131,0.00015547624207101762
2199,0.0001553510082885623
4349,0.00015525739581789821
2780,0.00015517379506491125
424,0.000155163201270625
3301,0.00015513383550569415
1215,0.00015492931561311707
5113,0.0001548264190205373
602,0.0001548165819258429
6124,0.00015480489673791453
5706,0.0001547603460494429
3074,0.00015458707639481872
5582,0.00015455030370503664
4197,0.0001545235063531436
2103,0.00015441374125657603
3999,0.00015440088463947177
6075,0.00015438083210028708
7512,0.00015435391833307222
6677,0.0001542847021482885
7429,0.00015424727462232113
4601,0.00015393719513667747
6792,0.00015383103163912892
2320,0.00015377000090666115
2542,0.0001537283751531504
5357,0.0001536928248242475
7085,0.00015358074597315863
4078,0.00015342803089879453
1851,0.00015341521793743595
3342,0.00015326143329730257
7006,0.0001527499480289407
6133,0.00015274633187800646
6211,0.00015255012112902477
6808,0.0001524877006886527
1237,0.00015248665295075625
969,0.00015212294238153845
3494,0.000152040331158787
2174,0.00015189978876151145
708,0.00015186706878012046
3071,0.00015164150681812316
6283,0.00015140495816012844
3982,0.00015129536768654361
5346,0.00015113025438040495
6237,0.00015111069660633802
5356,0.00015109033847693354
956,0.00015104578051250428
2274,0.00015078183059813455
5738,0.0001506234912085347
4079,0.00015035671822261065
2988,0.00015027141489554197
7757,0.00015006260946393013
4171,0.0001499003847129643
1807,0.00014984871813794598
2190,0.0001497923512943089
1613,0.00014940487744752318
7825,0.0001493305098847486
3142,0.00014931763871572912
3314,0.00014931363693904132
2919,0.00014923526032362133
5040,0.00014898739027557895
3466,0.0001489198548370041
3274,0.0001489117494202219
3586,0.00014880375965731218
6294,0.00014872416795697063
6188,0.00014847800048300996
1252,0.00014829294377705082
4809,0.00014824703976046294
1540,0.00014823673700448126
4272,0.0001481144572608173
5019,0.00014783407823415473
2572,0.00014719793398398906
2489,0.00014719640603289008
1694,0.00014718499733135104
6763,0.00014717128942720592
3105,0.00014712800475535914
6242,0.00014712589472765103
2151,0.0001470733041060157
7103,0.0001470567294745706
722,0.00014685381029266864
3440,0.00014679272135253996
3083,0.00014653929974883795
1288,0.00014645152987213805
6487,0.00014625131734646857
3002,0.0001461706342524849
2291,0.00014614772953791544
2145,0.00014598290727008134
221,0.0001459298364352435
6560,0.00014580617425963283
1837,0.00014560361159965396
7043,0.00014554723748005927
1372,0.0001453128134016879
5291,0.00014518822717946023
4570,0.00014506359002552927
2189,0.00014496509538730606
6868,0.0001445604721084237
2088,0.00014434971672017127
1836,0.00014430598093895242
3907,0.00014413359895115718
5220,0.00014411768643185496
4215,0.00014401388398255222
5259,0.00014396799815585837
6499,0.00014390704745892435
1758,0.0001439034749637358
7615,0.00014383357483893633
4091,0.00014383048983290792
128,0.0001436494931112975
7936,0.00014362988440552726
2,0.00014355877647176385
5371,0.00014350921264849603
6971,0.0001431935088476166
3900,0.00014311827544588596
5812,0.00014296818699222058
7250,0.00014287309750216082
5591,0.0001427682873327285
7997,0.00014244085468817502
4827,0.00014239235315471888
6332,0.00014229000953491777
4895,0.00014216975978342816
2237,0.000142016913741827
5303,0.00014189857029123232
1131,0.0001418373649357818
4857,0.00014166054461384192
456,0.00014163352170726284
4346,0.00014158350677462295
4834,0.00014157247642287984
240,0.0001415598817402497
396,0.00014155550888972357
5689,0.0001414217913406901
269,0.00014120887499302626
3752,0.00014108896721154451
1971,0.0001408165117027238
7469,0.00014073265629122034
4413,0.00014051546895643696
5837,0.00014046183787286282
3973,0.0001401334593538195
2856,0.0001400653854943812
4808,0.00014004895638208836
4609,0.00013988899445394054
954,0.0001398746098857373
7191,0.00013977968774270266
5619,0.00013970006693853065
3503,0.00013964444951852784
7285,0.00013949463027529418
1427,0.00013944445527158678
1084,0.00013941869838163257
3004,0.0001390906545566395
4317,0.00013908458640798926
5210,0.00013905730156693608
3663,0.0001390275137964636
7370,0.00013898007455281913
5007,0.00013896710152039304
3380,0.0001389469762216322
336,0.0001389394237776287
5530,0.0001388638629578054
4680,0.000138752548082266
932,0.00013858014426659793
6485,0.00013848582602804527
510,0.0001384679926559329
182,0.00013841393229085952
6675,0.00013815410784445703
5332,0.00013811198732582852
6331,0.00013809720985591412
2586,0.00013798074360238388
6295,0.00013797918654745445
3456,0.00013792859681416303
2754,0.00013773630053037778
6667,0.00013769423821941018
478,0.00013766289339400828
4821,0.00013740002759732306
2821,0.00013705435412703082
213,0.00013697819667868316
7982,0.00013672845670953393
7163,0.00013653528731083497
6374,0.0001364928757539019
6960,0.00013647125888383016
5634,0.0001363765768473968
4939,0.00013603489787783474
4239,0.00013572004536399618
7587,0.00013571396993938833
390,0.00013555357145378366
7715,0.00013554315955843776
7057,0.00013552272139349952
6904,0.0001352449762634933
58,0.00013523658708436415
6768,0.00013496860628947616
6626,0.00013496164319803938
1619,0.00013468151882989332
1720,0.0001345466880593449
3834,0.00013442437921185046
7093,0.00013432788546197116
6276,0.00013430443505058065
6168,0.00013409461826086044
893,0.00013408885570243
3048,0.0001340142553090118
7319,0.00013399039016803727
2618,0.00013397570728557184
5080,0.00013395759742707014
3125,0.00013393804692896083
4065,0.00013393106928560883
7768,0.00013390076492214575
4747,0.00013380780728766695
5994,0.00013380022573983297
4637,0.00013375154958339408
1163,0.00013341238081920892
3136,0.00013336083065951243
3848,0.00013327110355021432
7544,0.00013326542102731764
2671,0.00013307804329087958
3965,0.00013298953126650304
4024,0.00013289489288581535
7130,0.00013271877105580643
6494,0.00013262168795336038
6483,0.000132601177028846
6719,0.000132518689497374
7102,0.00013236518861958757
1455,0.00013227875751908869
6426,0.00013214797218097374
2508,0.00013205283175921068
7855,0.0001319896400673315
7518,0.0001319193179369904
6747,0.0001318799186265096
7067,0.00013187751756049693
2193,0.0001318002978223376
5761,0.00013176806533010677
4903,0.00013175563799450174
3326,0.00013174364721635357
1226,0.00013171701721148565
6569,0.0001316805137321353
7487,0.00013164690608391538
5662,0.00013164145639166236
2967,0.00013155007763998583
7817,0.00013146737910574302
1075,0.00013122731616022065
7727,0.0001311671221628785
895,0.00013109840074321255
8,0.00013101912918500602
1078,0.00013037474127486348
7655,0.00013028788816882297
5313,0.0001301386728300713
3827,0.0001301213342230767
6650,0.00012994375720154494
5927,0.00012977822188986465
4015,0.00012972272816114128
230,0.00012950188829563558
5196,0.0001293834429816343
3986,0.00012934942060383037
5827,0.00012909107317682356
903,0.00012909036013297737
4011,0.00012894106475869194
1721,0.00012892906670458615
3415,0.00012874635285697877
7599,0.00012858894478995353
2712,0.0001284962781937793
246,0.00012848941696574911
2250,0.0001284306781599298
5039,0.00012834363587899134
7292,0.00012828248873120174
4120,0.00012828153558075428
5051,0.0001280216602026485
7822,0.0001279511343454942
2876,0.00012786241131834686
403,0.00012772814079653472
3435,0.00012759168748743832
7552,0.0001274163405469153
818,0.0001274027381441556
6010,0.00012738376972265542
3969,0.00012724805856123567
7279,0.00012701233936240897
7626,0.00012696190970018506
1610,0.00012669961142819375
2466,0.00012669854186242446
6988,0.00012662829976761714
2066,0.00012650097778532654
1083,0.00012649840937228873
2084,0.00012636739120353013
1890,0.00012633662845473737
4028,0.000126313156215474
6617,0.00012627061369130388
7247,0.0001259768396266736
6326,0.0001259147175005637
1346,0.0001256933028344065
4936,0.00012540850730147213
992,0.00012538691953523085
5089,0.000125347803987097
3311,0.00012525319471023977
4917,0.00012523107579909265
2168,0.0001250624336535111
4674,0.00012502947356551886
1691,0.0001249544438906014
957,0.00012459821300581098
533,0.0001244063168996945
2030,0.00012427048932295293
7925,0.00012407258327584714
4332,0.00012398449325701222
6146,0.0001239545235875994
5408,0.0001239212288055569
2106,0.00012389494804665446
168,0.0001237302421941422
4967,0.0001236678144778125
7439,0.00012343719572527334
2114,0.00012338902524788864
485,0.00012335038627497852
4361,0.0001233280054293573
6252,0.00012315183266764507
868,0.00012293001782381907
6345,0.00012289528240216896
838,0.00012288111975067295
6131,0.00012281068484298885
6492,0.00012277877976885065
7354,0.0001227778266184032
3191,0.00012271402374608442
7182,0.00012269362559891306
6665,0.00012262343079783022
7798,0.00012241171498317271
3885,0.00012235591930220835
4590,0.00012219279960845597
6375,0.0001221305356011726
1655,0.0001221144266310148
7831,0.00012204196536913514
1253,0.00012198822878417559
5233,0.00012189663902972825
6641,0.00012185383820906281
7848,0.00012183799844933674
2485,0.00012180288103991188
2036,0.00012173890718258917
3594,0.00012166060332674533
7128,0.00012151657574577257
7522,0.000121448261779733
7328,0.00012131733456044458
4264,0.00012115449135308154
7887,0.00012112849071854725
5098,0.0001211200979014393
7122,0.00012102729306207038
5477,0.00012098209117539227
807,0.00012094713383703493
1973,0.00012049671931890771
4260,0.00012048764983774163
6407,0.00012036069529131055
1468,0.00012019666246487759
6762,0.0001201356208184734
7369,0.00012000500646536238
539,0.00011999224807368591
3627,0.00011983959484496154
4480,0.00011958074173890054
7773,0.00011956659000134096
3020,0.0001195634322357364
6354,0.00011948263272643089
1154,0.00011945225560339168
6972,0.00011944552898057736
2319,0.00011939671821892262
4880,0.00011934633948840201
4736,0.00011934088979614899
777,0.00011916480434592813
2456,0.00011899856326635927
4437,0.00011899424498551525
1462,0.0001189152171718888
2501,0.00011890833047800697
7809,0.00011877890938194469
2079,0.00011877092401846312
6337,0.0001187089983432088
5963,0.00011863000690937042
3260,0.00011855840057251044
3212,0.00011850117152789608
3577,0.00011849730799440295
5701,0.00011843508764286526
2923,0.00011840815204777755
6983,0.00011836846533697098
4389,0.0001183491840492934
5975,0.00011807379632955417
4878,0.00011774732047342695
5194,0.00011746924792532809
2147,0.00011735468433471397
3964,0.0001171512485598214
5627,0.00011713397543644533
6205,0.00011694258500938304
3748,0.00011691292820614763
4081,0.00011682428157655522
3381,0.00011671009269775823
2610,0.00011660171730909497
7801,0.00011657857248792425
6880,0.00011655746857286431
1421,0.0001164514833362773
3872,0.00011643748803180642
6995,0.00011643745165201835
5164,0.0001163611414085608
7698,0.0001161751315521542
1584,0.00011612492380663753
1925,0.00011602024460444227
3023,0.00011597634147619829
2196,0.00011589607311179861
4182,0.00011587189874262549
2670,0.00011571304276003502
1151,0.00011569915295694955
3810,0.00011558003461686894
1234,0.00011541952335392125
1558,0.00011524524597916752
7346,0.0001152377953985706
2897,0.00011504196299938485
326,0.00011501030166982673
3320,0.00011497826926643029
1981,0.00011487417214084417
4395,0.00011482192348921672
2857,0.00011471558173070662
5158,0.00011460242603789084
6015,0.00011447155702626333
1762,0.00011442553659435362
1296,0.00011442063987487927
4333,0.00011424641343182884
7877,0.00011413176252972335
3665,0.00011404411634430289
1390,0.00011401033407310024
7275,0.00011385917241568677
2906,0.00011373731831554323
6152,0.00011364908277755603
4841,0.00011340351193211973
1679,0.00011335396993672475
976,0.00011333221118547954
6896,0.00011328624896123074
6754,0.00011308074681437574
6805,0.00011306188753223978
7135,0.00011298378376523033
285,0.00011271578841842711
2903,0.00011217470819246955
974,0.00011215137419640087
5446,0.00011208643991267309
5059,0.00011201258894288912
4449,0.00011197628919035196
4623,0.000111621728137834
3061,0.00011158894267282449
6179,0.00011154906678711995
3882,0.00011152770821354352
7126,0.00011152741353726014
1218,0.00011150390128022991
6005,0.0001114118167606648
1073,0.00011116867244709283
7690,0.00011106711463071406
4564,0.00011101285417680629
7696,0.00011101095515186898
3979,0.00011094303044956177
4473,0.00011091931810369715
3202,0.00011056345829274505
3052,0.00011055545837734826
645,0.00011037271906388924
3078,0.00011033321061404422
1415,0.00011022927719750442
5549,0.00011016776625183411
1723,0.00011015541167580523
5491,0.00011002818064298481
2254,0.00010993811156367883
1135,0.00010989453221554868
7704,0.00010964668399537914
5064,0.00010962574378936552
7450,0.00010937897604890168
758,0.00010925986498477869
3527,0.00010918254338321276
4653,0.0001090968944481574
7958,0.00010870133701246232
6394,0.00010860932161449455
4219,0.0001085863659682218
3584,0.00010853538697119802
2864,0.00010853014828171581
7815,0.00010802415636135265
879,0.0001078786954167299
1690,0.0001078503264579922
2022,0.00010784492769744247
5069,0.0001077618871931918
6511,0.0001077570123015903
6267,0.0001077257256838493
4813,0.00010771408778964542
2248,0.00010748780550784431
4415,0.00010744558676378801
1515,0.00010738474884419702
2860,0.00010738158380263485
4111,0.00010737352931755595
1486,0.00010714554809965193
2463,0.00010712198854889721
2984,0.00010708320769481361
5435,0.00010704700980568305
5482,0.00010693640433601104
6827,0.00010689720511436462
2478,0.00010686304085538723
653,0.0001068101919372566
3034,0.00010669687617337331
1829,0.00010659972758730873
5413,0.0001064547905116342
2380,0.0001063759918906726
2399,0.00010637247032718733
5826,0.00010622172339935787
1233,0.00010621807450661436
5874,0.000106028495792998
7298,0.00010601908797980286
4012,0.00010584579285932705
1345,0.00010571369421086274
2937,0.00010568859943305142
6975,0.00010566357377683744
3145,0.00010562448733253404
3464,0.0001055498214554973
4681,0.00010544348697294481
1206,0.00010539313007029705
6761,0.0001053196974680759
7493,0.00010530807048780844
7458,0.00010528720667934977
7697,0.00010528421262279153
3524,0.00010512610970181413
3417,0.00010507171100471169
7054,0.00010501606448087841
2554,0.00010501226643100381
4776,0.00010497830589883961
5090,0.00010489128180779517
7790,0.00010477509204065427
2589,0.00010476606985321268
768,0.00010472175199538469
2473,0.00010471271161804907
7327,0.00010468527398188598
2502,0.00010447722888784483
2072,0.00010442984785186127
5704,0.00010437392484163865
1692,0.00010434185605845414
2295,0.00010422104242024943
4919,0.00010421819752082229
1834,0.00010411921539343894
253,0.00010410794857307337
1673,0.00010409306196379475
1401,0.00010387100701336749
642,0.00010380867024650797
4220,0.00010375920101068914
586,0.00010375124838901684
4446,0.00010373103214078583
2467,0.00010340382868889719
4949,0.00010338559877709486
6022,0.0001033450935210567
5839,0.00010328436110285111
2069,0.00010323530295863748
958,0.00010314926475984976
5773,0.00010303743329131976
3886,0.00010300967915100046
712,0.00010290216596331447
6230,0.0001027993748721201
2782,0.00010276183456880972
3121,0.0001026109530357644
7118,0.00010246012971037999
4119,0.0001024281227728352
6730,0.00010240064875688404
1403,0.00010239750554319471
7985,0.00010237141032121144
2761,0.00010222835771855898
3053,0.000102196769148577
3475,0.00010214478970738128
6748,0.00010207757077296264
7767,0.00010206951992586255
6214,0.00010203804049524479
5608,0.00010203404235653579
4070,0.00010187253792537376
3195,0.00010173697955906391
6726,0.00010171495523536578
2626,0.00010149355512112379
3630,0.00010144619955099188
3684,0.00010140813901671208
1609,0.00010131956514669582
6656,0.00010125065455213189
4635,0.0001011536041914951
1352,0.00010078078048536554
6085,0.00010077745173475705
2577,0.00010057251711259596
4634,0.00010055944221676327
4639,0.00010053301957668737
2590,0.00010047525938716717
6442,0.00010043587099062279
36,0.00010037655010819435
3050,0.0001003321995085571
4061,0.00010016524902312085
5917,0.0001000686279439833
1529,9.992633567890152e-05
5951,9.99202711682301e-05
2112,9.98192626866512e-05
335,9.969830352929421e-05
3756,9.95912378130015e-05
4016,9.948501974577084e-05
1792,9.946749196387827e-05
1496,9.943417535396293e-05
5923,9.938538278220221e-05
7805,9.93050380202476e-05
7345,9.921535092871636e-05
3076,9.902594683808275e-05
1018,9.898163989419118e-05
1266,9.882618542178534e-05
1879,9.873450835584663e-05
7291,9.867990593193099e-05
4554,9.86074264801573e-05
7999,9.858783960225992e-05
161,9.835691889747977e-05
1658,9.812532880459912e-05
2447,9.81200355454348e-05
7140,9.808822505874559e-05
900,9.798789324122481e-05
1612,9.789961768547073e-05
6516,9.780836626305245e-05
2495,9.778276216820814e-05
1672,9.772535850061104e-05
7665,9.760664761415683e-05
671,9.758077067090198e-05
6684,9.747288640937768e-05
4085,9.743125337990932e-05
6482,9.741714166011661e-05
525,9.734426930663176e-05
4751,9.724761184770614e-05
315,9.720500383991748e-05
2107,9.695799235487357e-05
7278,9.692109961179085e-05
6563,9.685446639196016e-05
171,9.68352469499223e-05
5808,9.646365651860833e-05
1393,9.6383155323565e-05
1054,9.631483771954663e-05
2600,9.627344115870073e-05
2400,9.626882820157334e-05
4610,9.619402408134192e-05
6577,9.616398892831057e-05
7688,9.615729140932672e-05
6605,9.600056000635959e-05
1326,9.592316200723872e-05
62,9.583354403730482e-05
6925,9.564551510266028e-05
3938,9.563383719068952e-05
3165,9.56337753450498e-05
4246,9.548144953441806e-05
1102,9.525176938041113e-05
1814,9.517632861388847e-05
5389,9.512744145467877e-05
3316,9.51220172282774e-05
1158,9.510794552625157e-05
4929,9.498836152488366e-05
6144,9.494645564700477e-05
5783,9.477457933826372e-05
2419,9.476935520069674e-05
7990,9.470543591305614e-05
6142,9.46702239161823e-05
4230,9.459688590141013e-05
3821,9.455660983803682e-05
99,9.448047785554081e-05
6475,9.447980846744031e-05
2914,9.441348811378703e-05
5344,9.438335837330669e-05
1224,9.427236363990232e-05
1442,9.426241012988612e-05
7397,9.404347292729653e-05
7713,9.40022655413486e-05
2222,9.399900227435865e-05
21,9.397949543199502e-05
1167,9.394631342729554e-05
5637,9.393651998834684e-05
3160,9.386297460878268e-05
960,9.375175795867108e-05
4266,9.369941471959464e-05
6414,9.369869076181203e-05
7051,9.367581878905185e-05
5570,9.358249371871352e-05
1559,9.357230374007486e-05
6447,9.350193431600928e-05
1230,9.337599112768658e-05
2990,9.336891162092797e-05
1441,9.330334069090895e-05
1779,9.329318709205836e-05
725,9.305731509812176e-05
5872,9.30170645006001e-05
2497,9.297545329900458e-05
4105,9.296772986999713e-05
2962,9.296462303609587e-05
5725,9.29359121073503e-05
1093,9.293347102357075e-05
4155,9.291429159929976e-05
3747,9.29091329453513e-05
6874,9.287977809435688e-05
6053,9.283111648983322e-05
7489,9.279704681830481e-05
5855,9.277633944293484e-05
421,9.275186312152073e-05
3526,9.270808004657738e-05
4039,9.268516441807151e-05
7273,9.250549555872567e-05
2989,9.249553841073066e-05
4822,9.247173147741705e-05
5649,9.227023110724986e-05
6335,9.225062967743725e-05
2785,9.219936328008771e-05
6290,9.214813326252624e-05
6943,9.210519056068733e-05
7819,9.205524111166596e-05
5628,9.198853149428032e-05
7494,9.194242738885805e-05
1739,9.19214216992259e-05
2662,9.188534750137478e-05
2412,9.186329043586738e-05
813,9.178820255328901e-05
4854,9.174250226351433e-05
1342,9.167089228867553e-05
3555,9.136525477515534e-05
408,9.134953143075109e-05
2283,9.13492331164889e-05
2228,9.134689753409475e-05
91,9.12157520360779e-05
6738,9.116825458477251e-05
25,9.114639033214189e-05
5942,9.106169454753399e-05
2184,9.10610324353911e-05
3823,9.089238665183075e-05
6867,9.077474533114582e-05
4901,9.075550042325631e-05
425,9.065641279448755e-05
3312,9.054764814209193e-05
2951,9.037995914695784e-05
3398,9.018239143188111e-05
5341,9.018127457238734e-05
3780,9.013266026158817e-05
5276,9.00705526873935e-05
2790,9.002815932035446e-05
1809,9.002098522614688e-05
6657,8.997650002129376e-05
2403,8.992822404252365e-05
1844,8.984700980363414e-05
1638,8.972420619102195e-05
410,8.957416503108107e-05
1930,8.946415982791223e-05
7804,8.93096876097843e-05
728,8.924334906623699e-05
7623,8.921558764996007e-05
4633,8.904776404961012e-05
7572,8.898859232431278e-05
5447,8.885084389476106e-05
5322,8.884600902092643e-05
1240,8.88260874489788e-05
4502,8.879240340320393e-05
1355,8.83510074345395e-05
5900,8.816590343485586e-05
749,8.812637679511681e-05
6055,8.802822776488028e-05
7508,8.796987822279334e-05
5612,8.794342284090817e-05
4534,8.725471707293764e-05
2241,8.662716936669312e-05
3473,8.65836045704782e-05
5758,8.65645743033383e-05
865,8.654185148770921e-05
670,8.647909635328688e-05
5027,8.644516128697433e-05
612,8.63979512359947e-05
6432,8.637632345198654e-05
1368,8.636919665150344e-05
7452,8.634383630123921e-05
5515,8.633558172732592e-05
3659,8.621451706858352e-05
3286,8.617449930170551e-05
2516,8.613691170467064e-05
4177,8.613401223556139e-05
1532,8.611301382188685e-05
2624,8.610700024291873e-05
1348,8.605795665062033e-05
6909,8.590862853452563e-05
2316,8.575528772780672e-05
350,8.567151235183701e-05
4491,8.56109727465082e-05
6713,8.555228487239219e-05
6066,8.553028965252452e-05
2674,8.5524585301755e-05
5012,8.545826131012291e-05
1631,8.53879755595699e-05
5700,8.537506801076233e-05
5835,8.501549018546939e-05
4006,8.49305943120271e-05
3070,8.485865328111686e-05
2077,8.468935629935004e-05
4472,8.457756848656572e-05
434,8.45586764626205e-05
7046,8.439346129307523e-05
4066,8.43043380882591e-05
4801,8.42438057588879e-05
2337,8.42298504721839e-05
2395,8.420861922786571e-05
6481,8.408040957874618e-05
1765,8.397314741159789e-05
1079,8.396669363719411e-05
2878,8.391529263462871e-05
1817,8.390144284931011e-05
6024,8.379229257116094e-05
1919,8.344735033460893e-05
7687,8.34233287605457e-05
302,8.336978498846292e-05
6694,8.323997099068947e-05
6660,8.307793905260041e-05
4942,8.30661301733926e-05
7374,8.30239150673151e-05
5818,8.298656393890269e-05
2585,8.290388723253272e-05
5539,8.286715819849633e-05
4839,8.273901403299533e-05
1353,8.273375351564027e-05
7157,8.262732080766e-05
4235,8.262162009486929e-05
1949,8.260260437964462e-05
6575,8.254971908172593e-05
5382,8.246340439654887e-05
5111,8.233974585891701e-05
3096,8.221811731345952e-05
7196,8.206061465898529e-05
6736,8.19878769107163e-05
1528,8.183211684809066e-05
2448,8.174823960871436e-05
1235,8.152469308697619e-05
5118,8.146645268425345e-05
7892,8.143030208884738e-05
4953,8.140254067257047e-05
1849,8.135899042827077e-05
2431,8.128318950184621e-05
4157,8.12724101706408e-05
3085,8.120484562823549e-05
2134,8.094680015346967e-05
482,8.085694571491331e-05
6303,8.076067751972005e-05
7362,8.074723882600665e-05
2080,8.073844583122991e-05
7916,8.06397438282147e-05
3161,8.058948878897354e-05
7519,8.050179167184979e-05
6627,8.032114783418365e-05
1735,8.023635382414795e-05
920,8.003633411135525e-05
2982,7.988049401319586e-05
5618,7.975642074598e-05
3418,7.965873010107316e-05
7978,7.964580436237156e-05
1585,7.964513497427106e-05
1870,7.958413698361255e-05
7695,7.95491723692976e-05
6789,7.940939394757152e-05
4803,7.938850831124e-05
753,7.935220855870284e-05
5161,7.918696428532712e-05
4542,7.913362787803635e-05
5778,7.906388054834679e-05
2570,7.894727605162188e-05
3786,7.894637747085653e-05
2743,7.887317042332143e-05
6096,7.87187964306213e-05
6636,7.870818808441982e-05
6275,7.862030906835571e-05
772,7.854883006075397e-05
3431,7.847283632145263e-05
6623,7.831501352484338e-05
1911,7.824800559319556e-05
5695,7.819540769560263e-05
7309,7.815257777110673e-05
6608,7.813785850885324e-05
2789,7.81340386311058e-05
6014,7.808332884451374e-05
5248,7.799344530212693e-05
1819,7.7980243077036e-05
1533,7.78943212935701e-05
5475,7.787547292537056e-05
1928,7.774065306875855e-05
3035,7.772833851049654e-05
6966,7.770728916511871e-05
1663,7.765068949083798e-05
293,7.763794928905554e-05
4689,7.759681466268376e-05
2657,7.759598520351574e-05
3551,7.758696665405296e-05
3491,7.753504542051814e-05
4143,7.753500904073007e-05
4777,7.748592179268599e-05
6304,7.73759420553688e-05
4029,7.734893733868375e-05
4336,7.714969251537696e-05
5032,7.69982325437013e-05
996,7.674775406485423e-05
5474,7.674488006159663e-05
7257,7.648459359188564e-05
2175,7.637344242539257e-05
2382,7.633199857082218e-05
5142,7.622344492119737e-05
5576,7.616034054080956e-05
5030,7.611633918713778e-05
7596,7.610896864207461e-05
4261,7.598220690852031e-05
4764,7.545829794253223e-05
4937,7.529195136157796e-05
5712,7.529129652539268e-05
6831,7.527459456468932e-05
5699,7.522851228713989e-05
4402,7.521417865063995e-05
4990,7.512647425755858e-05
2259,7.51109400880523e-05
4093,7.508471389883198e-05
1757,7.501309664803557e-05
2091,7.498334525735117e-05
5318,7.49813552829437e-05
5449,7.49711980461143e-05
3369,7.489747076760978e-05
1554,7.470216223737225e-05
2476,7.467091199941933e-05
2472,7.463035944965668e-05
6944,7.461266068276018e-05
4675,7.446319068549201e-05
5319,7.433684368152171e-05
2871,7.420437759719789e-05
534,7.392969200736843e-05
2879,7.390646715066396e-05
3210,7.38787384761963e-05
1344,7.385241406154819e-05
951,7.37540831323713e-05
31,7.370992534561083e-05
3300,7.366762292804196e-05
7771,7.35387766326312e-05
7631,7.349251245614141e-05
1050,7.348362487391569e-05
2800,7.334967813221738e-05
3856,7.329359505092725e-05
307,7.328112042159773e-05
4509,7.322795136133209e-05
3030,7.313704190892167e-05
2099,7.30703686713241e-05
4885,7.306183033506386e-05
306,7.30157335055992e-05
579,7.299973731278442e-05
4428,7.297390402527526e-05
3122,7.280442514456809e-05
340,7.276835822267458e-05
7211,7.273674418684095e-05
7864,7.25733843864873e-05
4507,7.256841854541562e-05
3878,7.253722287714481e-05
70,7.240569539135322e-05
7384,7.233052747324109e-05
7338,7.23163211659994e-05
7123,7.224838191177696e-05
5736,7.217464008135721e-05
2352,7.216647281893529e-05
4098,7.212888885987923e-05
4418,7.196540536824614e-05
6678,7.178262967499904e-05
4669,7.177816223702393e-05
6534,7.177278530434705e-05
2549,7.169813397922553e-05
2292,7.168210504460149e-05
429,7.166690556914546e-05
604,7.165580609580502e-05
4521,7.165535862441175e-05
388,7.152380931074731e-05
3394,7.135283885872923e-05
550,7.122382521629333e-05
1845,7.121296948753297e-05
5989,7.120756708900444e-05
3996,7.107576311682351e-05
2804,7.097867637639865e-05
3360,7.093233580235392e-05
1545,7.085477409418672e-05
5723,7.064446617732756e-05
7496,7.051096690702252e-05
5953,7.04485246387776e-05
5992,7.044030644465238e-05
1674,7.037246177787893e-05
1385,7.034816007944755e-05
4572,7.021866622380912e-05
194,7.00473137840163e-05
3290,6.999542529229075e-05
455,6.99340962455608e-05
1392,6.991832196945325e-05
138,6.987103552091867e-05
2043,6.983069761190563e-05
7821,6.982363993301988e-05
4232,6.973883137106895e-05
3541,6.955061326152645e-05
6466,6.954443597351201e-05
7173,6.947919246158563e-05
589,6.93615984346252e-05
7143,6.925109846633859e-05
4035,6.912010212545283e-05
4519,6.908241994096898e-05
286,6.90458036842756e-05
5138,6.902571476530284e-05
3962,6.890075383125804e-05
4874,6.886880146339536e-05
5503,6.876117549836636e-05
1238,6.87148203724064e-05
4974,6.849797864560969e-05
5587,6.849046621937305e-05
6929,6.839427805971354e-05
5906,6.831571226939559e-05
7475,6.831473729107529e-05
644,6.827441757195629e-05
2404,6.823616786277853e-05
2281,6.803868745919317e-05
2847,6.797043897677213e-05
3811,6.793110878788866e-05
6477,6.766930528101511e-05
1791,6.765444049960934e-05
765,6.759027746738866e-05
7911,6.757084338460118e-05
4277,6.749600288458169e-05
6097,6.735741408192553e-05
3915,6.728490552632138e-05
5959,6.725704224663787e-05
3746,6.722532998537645e-05
2566,6.720868987031281e-05
7445,6.714896153425798e-05
3637,6.714081973768771e-05
7841,6.704800762236118e-05
3806,6.689020665362477e-05
54,6.672568997601047e-05
7998,6.66859486955218e-05
2718,6.667961861239746e-05
1950,6.644238965236582e-05
2336,6.625892638112418e-05
95,6.607195609831251e-05
1157,6.602314533665776e-05
6622,6.59772522340063e-05
448,6.594562000827864e-05
1903,6.590290286112577e-05
3777,6.589735494344495e-05
4240,6.589228360098787e-05
6352,6.58721946820151e-05
4444,6.574884901056066e-05
4662,6.568368917214684e-05
4046,6.556222433573566e-05
4934,6.550352918566205e-05
1987,6.540125832543708e-05
6671,6.533427949761972e-05
3990,6.532919724122621e-05
5991,6.512493928312324e-05
3299,6.49811299808789e-05
6783,6.45636027911678e-05
489,6.455035691033117e-05
7188,6.448271960834973e-05
1137,6.447025953093544e-05
6876,6.44259707769379e-05
1934,6.437163392547518e-05
6231,6.428365304600447e-05
5241,6.425182073144242e-05
4184,6.416505129891448e-05
4825,6.406366082956083e-05
2496,6.40254293102771e-05
4375,6.401744394679554e-05
4109,6.401143036782742e-05
7271,6.383761501638219e-05
3728,6.380793274729513e-05
2729,6.376558303600177e-05
886,6.375673547154292e-05
588,6.369972106767818e-05
745,6.348312672344036e-05
2037,6.339215906336904e-05
5529,6.337755621643737e-05
770,6.335446596494876e-05
1693,6.333785495371558e-05
1085,6.330685573630035e-05
5352,6.317562656477094e-05
4859,6.312705954769626e-05
7064,6.312121149676386e-05
971,6.2991697632242e-05
4448,6.297693107626401e-05
7169,6.287188443820924e-05
3725,6.28276429779362e-05
3567,6.275324994930997e-05
4180,6.267833668971434e-05
7063,6.262124952627346e-05
183,6.25969041720964e-05
5935,6.258362554945052e-05
3006,6.252901948755607e-05
6815,6.250003207242116e-05
3434,6.243660027394071e-05
6040,6.242507515707985e-05
1769,6.242220115382224e-05
4114,6.232847954379395e-05
3566,6.226102414075285e-05
7236,6.215878238435835e-05
6215,6.204536475706846e-05
819,6.195393507368863e-05
582,6.184157246025279e-05
7730,6.160906559671275e-05
945,6.16076504229568e-05
6228,6.159178155940026e-05
2299,6.154196853458416e-05
5694,6.151976413093507e-05
1469,6.14977707300568e-05
2818,6.148769898572937e-05
7242,6.141712401586119e-05
6674,6.13730662735179e-05
7146,6.133681017672643e-05
6732,6.132810995040927e-05
1517,6.125919026089832e-05
2035,6.121493424871005e-05
1640,6.113042218203191e-05
2537,6.108557499828748e-05
7133,6.092735202400945e-05
2768,6.090741226216778e-05
6735,6.082172330934554e-05
1248,6.075075907574501e-05
6967,6.066359310352709e-05
509,6.0615466281888075e-05
6576,6.0570528148673475e-05
3477,6.0516562371049076e-05
970,6.040554217179306e-05
2253,6.039118852640968e-05
7558,6.037472849129699e-05
2564,6.034697071299888e-05
3685,6.023819514666684e-05
5397,6.023102832841687e-05
647,6.021475564921275e-05
6934,6.018542808305938e-05
6668,6.015587678120937e-05
3696,6.010716242599301e-05
6799,6.010212564433459e-05
3150,6.0095253502367996e-05
3379,6.0020936871296726e-05
2298,5.993670674797613e-05
2433,5.993203740217723e-05
6161,5.992791193420999e-05
4832,5.985653115203604e-05
5433,5.980144123896025e-05
7206,5.965903073956724e-05
5950,5.951835373707581e-05
4274,5.9486728787305765e-05
3386,5.9428524764371105e-05
3448,5.941830386291258e-05
6902,5.919822069699876e-05
1195,5.8869160056929104e-05
2632,5.8862655350822024e-05
3877,5.8750736570800655e-05
6232,5.86960741202347e-05
1289,5.8695753978099674e-05
6614,5.857829819433391e-05
734,5.852276626683306e-05
6863,5.8467438066145405e-05
7675,5.8462477682041936e-05
255,5.83299024583539e-05
2854,5.831581074744463e-05
3178,5.819754551339429e-05
6120,5.816084012622014e-05
6181,5.812050585518591e-05
4690,5.8069716033060104e-05
2695,5.806092667626217e-05
7969,5.800501639896538e-05
2611,5.798439815407619e-05
3303,5.7704775827005506e-05
6384,5.766286631114781e-05
299,5.759156556450762e-05
1641,5.749718184233643e-05
1887,5.747605064243544e-05
5206,5.741199311160017e-05
2640,5.732715180783998e-05
5163,5.7239452871726826e-05
4850,5.723538197344169e-05
6378,5.7155824833898805e-05
6148,5.7153443776769564e-05
3557,5.706834235752467e-05
2583,5.706207957700826e-05
5329,5.7051272960961796e-05
2875,5.703002534573898e-05
2748,5.698387394659221e-05
3084,5.6858629250200465e-05
2545,5.6852530178730376e-05
7421,5.684153984475415e-05
4673,5.684045572706964e-05
4459,5.662812509399373e-05
1729,5.662714465870522e-05
4660,5.6530530855525285e-05
4693,5.6509052228648216e-05
2675,5.6242030041175894e-05
3189,5.620693264063448e-05
5227,5.615903501166031e-05
594,5.612807217403315e-05
7313,5.605745536740869e-05
4372,5.602755845757201e-05
720,5.595189577434212e-05
3937,5.5723288824083284e-05
1276,5.559939017985016e-05
1986,5.550688183575403e-05
6817,5.5460868679801933e-05
1061,5.541141581488773e-05
3242,5.531786518986337e-05
7531,5.525766573555302e-05
5653,5.525054621102754e-05
1086,5.512710595212411e-05
2442,5.511736526386812e-05
1105,5.5061384045984596e-05
3108,5.489670729730278e-05
1573,5.486686495714821e-05
6101,5.4713171266485006e-05
3750,5.453476660477463e-05
3536,5.4513740906259045e-05
5748,5.447362855193205e-05
2616,5.4440988606074825e-05
7616,5.4370924772229046e-05
2819,5.4343279771273956e-05
6316,5.408459219324868e-05
2607,5.395436892285943e-05
904,5.390957812778652e-05
405,5.3789250159752555e-05
1785,5.377537490858231e-05
7932,5.367357880459167e-05
3447,5.3661196943721734e-05
267,5.353769665816799e-05
83,5.3492038205149584e-05
2639,5.344734017853625e-05
4721,5.339589733921457e-05
3341,5.335483183444012e-05
4595,5.33372767677065e-05
6952,5.308741674525663e-05
6625,5.303533544065431e-05
862,5.3019872211734764e-05
6068,5.2948658776585944e-05
6788,5.294577204040252e-05
157,5.293793401506264e-05
7485,5.290690933179576e-05
5153,5.286331179377157e-05
4225,5.2845256504951976e-05
799,5.282898018776905e-05
842,5.278967182675842e-05
6807,5.278189928503707e-05
2038,5.2671963203465566e-05
3162,5.266429434414022e-05
6007,5.2619612688431516e-05
4685,5.25960567756556e-05
3337,5.2580215196940117e-05
5720,5.255003088677768e-05
2757,5.249026253295597e-05
3512,5.241009421297349e-05
6771,5.239629535935819e-05
470,5.237510413280688e-05
4731,5.2358464017743245e-05
3864,5.2283645345596597e-05
3224,5.220072125666775e-05
1820,5.211192728893366e-05
6910,5.1960239943582565e-05
152,5.193529432290234e-05
6923,5.1915445510530844e-05
7589,5.1851629905286245e-05
5665,5.1844514018739574e-05
2370,5.184139445191249e-05
3093,5.1815710321534425e-05
1168,5.181322012504097e-05
5904,5.1561914006015286e-05
7532,5.1544231610023417e-05
333,5.153615347808227e-05
1530,5.152370977157261e-05
657,5.149627941136714e-05
3563,5.1404344048933126e-05
1485,5.135956052981783e-05
5622,5.0909020501421764e-05
3815,5.0900418500532396e-05
7889,5.0894914238597266e-05
2407,5.0783404731191695e-05
2658,5.074881482869387e-05
608,5.0710801588138565e-05
2924,5.069677717983723e-05
3765,5.064302240498364e-05
2625,5.043695273343474e-05
5430,5.0385056965751573e-05
767,5.030074134992901e-05
7177,5.020867320126854e-05
4571,5.019781747250818e-05
235,5.006540959584527e-05
1495,5.001922727387864e-05
4780,5.000560304324608e-05
7030,4.995503513782751e-05
2242,4.994325354346074e-05
1297,4.981234815204516e-05
2996,4.9750698963180184e-05
6883,4.9743506679078564e-05
1283,4.972586248186417e-05
885,4.968876237398945e-05
2385,4.964834442944266e-05
3305,4.961233207723126e-05
1726,4.961012746207416e-05
3957,4.958605859428644e-05
7437,4.956900193064939e-05
5794,4.948058813170064e-05
1058,4.93821735290112e-05
4118,4.9376923925592564e-05
1929,4.929693022859283e-05
2165,4.916801299259532e-05
4640,4.9123620556201786e-05
3345,4.911748328595422e-05
6899,4.911474388791248e-05
4076,4.90134898427641e-05
6428,4.897109465673566e-05
2376,4.87995203002356e-05
4811,4.878360414295457e-05
6392,4.8675559810362756e-05
6803,4.860616536461748e-05
5589,4.86034041387029e-05
3638,4.85440014017513e-05
5029,4.8539930503466167e-05
6969,4.851028643315658e-05
1796,4.850257755606435e-05
1149,4.8227590013993904e-05
4954,4.812564657186158e-05
233,4.809525307791773e-05
6383,4.7982857722672634e-05
5055,4.796697248821147e-05
4008,4.7833640564931557e-05
6802,4.7772829930181615e-05
2505,4.771989188157022e-05
508,4.7672987420810387e-05
1562,4.766816709889099e-05
681,4.764692494063638e-05
6774,4.752539280161727e-05
2493,4.736447772302199e-05
1969,4.733399509859737e-05
6387,4.7304956751759164e-05
6857,4.7280625949497335e-05
2401,4.722139419754967e-05
6933,4.7182373236864805e-05
742,4.7123507101787254e-05
192,4.7007868488435633e-05
7334,4.700303543359041e-05
5083,4.686253305408172e-05
4994,4.685150815930683e-05
7225,4.678993718698621e-05
6480,4.6771054257988e-05
6629,4.676138087233994e-05
7630,4.667736720875837e-05
6743,4.6654813559143804e-05
7310,4.6642086090287194e-05
6527,4.661724960897118e-05
4400,4.652545067074243e-05
264,4.6390701754717156e-05
3510,4.6171726353350095e-05
5310,4.6158178520272486e-05
5724,4.614308272721246e-05
1501,4.612654993252363e-05
2360,4.604166133503895e-05
3607,4.602481931215152e-05
4621,4.599034218699671e-05
1424,4.598415216605645e-05
727,4.5968674385221675e-05
1708,4.5956254325574264e-05
1880,4.5869615860283375e-05
5466,4.5808867071173154e-05
6777,4.5772969315294176e-05
2391,4.574940066959243e-05
7625,4.569885095406789e-05
7364,4.5690750994253904e-05
538,4.5668031816603616e-05
7614,4.564744631352369e-05
780,4.552829886961263e-05
4514,4.549887671601027e-05
6460,4.548557262751274e-05
303,4.541961243376136e-05
1878,4.5339147618506104e-05
6912,4.5319731725612655e-05
7259,4.5252883865032345e-05
7863,4.5244045395520516e-05
2001,4.5183482143329456e-05
7844,4.512791565502994e-05
6716,4.506817276705988e-05
7761,4.5020960897090845e-05
3920,4.494310815061908e-05
5996,4.489162893150933e-05
5575,4.484143209992908e-05
6700,4.466924838197883e-05
4243,4.447974788490683e-05
3397,4.4385647925082594e-05
1,4.420458026288543e-05
3650,4.4155925934319384e-05
3057,4.413795250002295e-05
4289,4.4088155846111476e-05
5131,4.406615153129678e-05
6106,4.4064696339773946e-05
4004,4.400186844577547e-05
1649,4.396909935167059e-05
6787,4.3965181248495355e-05
3166,4.389160130813252e-05
7134,4.386824002722278e-05
7948,4.38627594121499e-05
4748,4.3847814595210366e-05
4969,4.3711559555958956e-05
1471,4.354940938355867e-05
7361,4.335225276008714e-05
4991,4.3308733438607305e-05
3058,4.322799577494152e-05
3200,4.3207104681641795e-05
4329,4.311072734708432e-05
7061,4.3057378206867725e-05
2801,4.297518898965791e-05
177,4.294351310818456e-05
1822,4.288260424800683e-05
3913,4.286204421077855e-05
6822,4.28547864430584e-05
6613,4.2757874325616285e-05
6380,4.270113640814088e-05
871,4.267559233994689e-05
7004,4.263976188667584e-05
5321,4.26189144491218e-05
2708,4.259452362020966e-05
7551,4.254455052432604e-05
530,4.242041723045986e-05
5997,4.2351724914624356e-05
118,4.233710023981985e-05
397,4.223104770062491e-05
4762,4.222733878123108e-05
6440,4.2227165977237746e-05
5871,4.216303022985812e-05
633,4.215953413222451e-05
1607,4.214173350192141e-05
7264,4.213279862597119e-05
3863,4.2090950955753215e-05
3947,4.2065665184054524e-05
175,4.194360371911898e-05
4530,4.1853723814710975e-05
2652,4.184875069768168e-05
6061,4.1821949707809836e-05
5965,4.171740874880925e-05
7893,4.1663291995064355e-05
2693,4.153565350861754e-05
6688,4.152453584538307e-05
2057,4.1507362766424194e-05
2576,4.14730475313263e-05
1192,4.141604222240858e-05
2719,4.140074452152476e-05
6733,4.138967597100418e-05
7992,4.135349990974646e-05
4269,4.133969559916295e-05
1060,4.1153569327434525e-05
5775,4.112064743821975e-05
1570,4.1078488720813766e-05
3602,4.1065022742259316e-05
4293,4.103788887732662e-05
1957,4.067396730533801e-05
6238,4.066961628268473e-05
6819,4.055302815686446e-05
7262,4.0354238080908544e-05
1291,4.0264885683427565e-05
3454,4.019559492007829e-05
3809,4.017350511276163e-05
50,4.01116740249563e-05
1660,3.9976235711947083e-05
4467,3.986100637121126e-05
7428,3.9813377952668816e-05
761,3.979627763328608e-05
2506,3.967707925767172e-05
1933,3.967580232711043e-05
2774,3.966977965319529e-05
260,3.966539225075394e-05
6894,3.955662214139011e-05
5866,3.953518171329051e-05
364,3.95072693208931e-05
2587,3.941092472814489e-05
7357,3.933969492209144e-05
1988,3.929159720428288e-05
2464,3.925879536836874e-05
2290,3.9238659155671485e-05
7934,3.921617826563306e-05
878,3.916565219697077e-05
1322,3.904903132934123e-05
1435,3.9011507396935485e-05
2777,3.90021286875708e-05
1298,3.8931028029765e-05
3353,3.891669257427566e-05
5676,3.888713945343625e-05
4047,3.887690036208369e-05
4328,3.887062302965205e-05
7037,3.8760028473916464e-05
6963,3.867531268042512e-05
3124,3.8656922697555274e-05
2424,3.8645130189252086e-05
5288,3.863391430058982e-05
6968,3.85848088626517e-05
689,3.856775947497226e-05
1869,3.852098780043889e-05
7750,3.8512942410307005e-05
5850,3.838461088889744e-05
1416,3.8318416045513004e-05
2636,3.828102308034431e-05
5289,3.827535510936286e-05
5578,3.826221109193284e-05
332,3.799561636697035e-05
1646,3.799144360527862e-05
4964,3.792998904827982e-05
3483,3.78520035155816e-05
4489,3.779242615564726e-05
6017,3.7757165046059527e-05
817,3.775368531933054e-05
1221,3.774563447223045e-05
3139,3.772269337787293e-05
6271,3.76883072021883e-05
1092,3.7649164369213395e-05
1191,3.760705476452131e-05
3147,3.759315950446762e-05
6173,3.7457788494066335e-05
7012,3.741500586329494e-05
5658,3.7350742786657065e-05
6453,3.734171514224727e-05
4036,3.7334213629947044e-05
522,3.7303265344235115e-05
4598,3.730014032043982e-05
7307,3.720773383975029e-05
6350,3.720140921359416e-05
3922,3.708781696332153e-05
7680,3.70653324353043e-05
4546,3.704870141518768e-05
4017,3.685995216073934e-05
1661,3.6854265999863856e-05
1040,3.6829766031587496e-05
2268,3.682081114675384e-05
409,3.6677181924460456e-05
2087,3.6618304875446483e-05
4033,3.6569206713465974e-05
365,3.6566734706866555e-05
2205,3.65399791917298e-05
6443,3.6512983569991775e-05
7865,3.648471101769246e-05
3,3.6466526580625214e-05
3803,3.646409459179267e-05
1161,3.6454821383813396e-05
3028,3.6418234230950475e-05
5719,3.6296614780439995e-05
2889,3.628968261182308e-05
2799,3.627590922405943e-05
5774,3.621851828938816e-05
515,3.620742972998414e-05
2449,3.614316119637806e-05
849,3.608794213505462e-05
5596,3.597891191020608e-05
562,3.577366078388877e-05
7001,3.575946902856231e-05
7147,3.567172825569287e-05
147,3.5655191823025234e-05
5957,3.5652832593768835e-05
2642,3.5619610571302474e-05
5414,3.552228372427635e-05
2414,3.551050031092018e-05
4596,3.55052288796287e-05
7667,3.548120366758667e-05
1866,3.5480550650390796e-05
49,3.545081381162163e-05
1095,3.532190385158174e-05
5432,3.52138486050535e-05
1076,3.511900104058441e-05
6210,3.507162909954786e-05
6838,3.493359145068098e-05
3666,3.492259202175774e-05
2273,3.488792572170496e-05
3269,3.4881388273788616e-05
6823,3.486573950794991e-05
2474,3.479702354525216e-05
2985,3.4730619518086314e-05
1787,3.472682146821171e-05
3496,3.4718626920948736e-05
1520,3.468166869424749e-05
7620,3.451835800660774e-05
6707,3.451445809332654e-05
6425,3.444871435931418e-05
2363,3.439562351559289e-05
4410,3.4374486858723685e-05
102,3.436147562752012e-05
2334,3.4320371923968196e-05
1857,3.423899397603236e-05
1481,3.4192318707937375e-05
6555,3.4130056519643404e-05
7179,3.408797238080297e-05
3081,3.406729592825286e-05
2452,3.406412179174367e-05
7408,3.401354842935689e-05
4877,3.38988484145375e-05
5531,3.3752656236174516e-05
2410,3.363110045029316e-05
5269,3.3570902814972214e-05
4056,3.35599688696675e-05
3155,3.352027488290332e-05
4975,3.3487393011455424e-05
6464,3.346556331962347e-05
4064,3.337713314977009e-05
5635,3.332555934321135e-05
2886,3.326927617308684e-05
3281,3.32609979523113e-05
5793,3.325967372802552e-05
4250,3.31633236783091e-05
6840,3.3156304198200814e-05
3643,3.30801194650121e-05
6305,3.2916193958953954e-05
6328,3.2821373679325916e-05
3156,3.2803967769723386e-05
595,3.277705764048733e-05
2999,3.271847344876733e-05
634,3.2639743949403055e-05
7610,3.262626523792278e-05
6918,3.2612324503134005e-05
3516,3.244960680603981e-05
1683,3.237665987398941e-05
2523,3.2335592550225556e-05
6758,3.231989103369415e-05
3054,3.2186018870561384e-05
2263,3.216682125639636e-05
1223,3.2154075597645715e-05
6069,3.213875606888905e-05
1350,3.211469083908014e-05
4371,3.206415203749202e-05
2470,3.1914878491079435e-05
7853,3.181596548529342e-05
3718,3.178446968377102e-05
5428,3.1703752028988674e-05
359,3.1703069907962345e-05
7652,3.16497471430921e-05
2591,3.1608531571691856e-05
4734,3.1599352951161563e-05
2861,3.1564413802698255e-05
5127,3.1535199013887905e-05
3470,3.152933277306147e-05
3388,3.151499549858272e-05
7111,3.1480563848163e-05
4817,3.146714698232245e-05
3762,3.1330982892541215e-05
452,3.130518052785192e-05
3420,3.1285562727134675e-05
7197,3.115764775429852e-05
1399,3.1142413718043827e-05
1772,3.112450031039771e-05
2052,3.10978721245192e-05
703,3.103768722212408e-05
3826,3.1035864594741724e-05
4856,3.103302697127219e-05
1043,3.102161099377554e-05
5188,3.071808896493167e-05
6119,3.067416491830954e-05
2262,3.0614155548391864e-05
6798,3.056443529203534e-05
3657,3.0488273296214174e-05
323,3.0443432478932664e-05
4404,3.037218084500637e-05
2308,3.0284397325885948e-05
1143,3.0282611987786368e-05
7693,3.0242002139857505e-05
3772,3.020957410626579e-05
3329,3.0186389267328195e-05
6127,3.0059854907449335e-05
2201,3.0058625270612538e-05
7355,3.004155860253377e-05
3072,3.0014620278961957e-05
7711,2.9946357244625688e-05
5954,2.9936536520835944e-05
1737,2.9845293283869978e-05
5359,2.9662373890460003e-05
3722,2.9575439839391038e-05
3237,2.952615795948077e-05
256,2.9506491955544334e-05
1923,2.949010468000779e-05
7203,2.9473234462784603e-05
898,2.9418586564133875e-05
7876,2.9417842597467825e-05
3196,2.9415419703582302e-05
1563,2.9272780011524446e-05
4042,2.9137806450307835e-05
802,2.9067900868540164e-05
1463,2.9029544748482294e-05
5213,2.8996410037507303e-05
2525,2.895311172324e-05
4961,2.8931077395100147e-05
2901,2.8911174013046548e-05
2100,2.8795006073778495e-05
1891,2.8726926757371984e-05
6618,2.867405510187382e-05
1197,2.8661355827352963e-05
2952,2.8533915610751137e-05
1027,2.8423975891200826e-05
7545,2.8346651561150793e-05
2935,2.8319467674009502e-05
3692,2.829521781677613e-05
3103,2.8098826078348793e-05
2118,2.809170928230742e-05
2884,2.8083745746698696e-05
5718,2.7954893084825017e-05
7947,2.793242128973361e-05
5047,2.7920069442188833e-05
2722,2.790277540043462e-05
7161,2.7895544917555526e-05
7031,2.785683136607986e-05
3656,2.7841456358146388e-05
3126,2.7788540137407836e-05
3754,2.7758786018239334e-05
3364,2.7695248718373477e-05
4438,2.7544675504032057e-05
4212,2.750643943727482e-05
527,2.749355735431891e-05
901,2.745961865002755e-05
793,2.7298748136672657e-05
3951,2.7281894290354103e-05
1477,2.7271194994682446e-05
4503,2.7256159228272736e-05
620,2.7248949663771782e-05
330,2.713460798986489e-05
6908,2.701295306906104e-05
4528,2.7005558877135627e-05
2482,2.6868228815146722e-05
5813,2.6780579901242163e-05
7144,2.6773736863106024e-05
2132,2.668011893547373e-05
4338,2.664830935827922e-05
840,2.6628980776877142e-05
822,2.660635163920233e-05
2462,2.6560224796412513e-05
6503,2.6551806513452902e-05
2813,2.6452247766428627e-05
7441,2.638815567479469e-05
1474,2.6384530428913422e-05
3927,2.6354849978815764e-05
38,2.635437522258144e-05
4968,2.6248460017086472e-05
5228,2.6243345928378403e-05
6930,2.619166116346605e-05
4286,2.613350352476118e-05
7372,2.6123670977540314e-05
953,2.610629417176824e-05
6505,2.602236781967804e-05
6581,2.5868557713693008e-05
5197,2.5858446861093398e-05
4985,2.575600956333801e-05
2510,2.5727576030476484e-05
5677,2.5691871087474283e-05
2033,2.568113268353045e-05
6313,2.554863294790266e-05
5443,2.5431344511162024e-05
6110,2.5305975213996135e-05
5355,2.5253659259760752e-05
7186,2.5239934984711e-05
4048,2.5228144295397215e-05
7915,2.5205323254340328e-05
5930,2.515878622944001e-05
3953,2.49116737904842e-05
3642,2.4858944925654214e-05
7578,2.4826375010889024e-05
6546,2.4776522877800744e-05
1396,2.477280213497579e-05
6711,2.474283246556297e-05
3939,2.4723649403313175e-05
6506,2.4694834792171605e-05
7108,2.4554148694733158e-05
5114,2.450127522024559e-05
358,2.4470507923979312e-05
1832,2.440573098283494e-05
5824,2.4335622583748773e-05
2684,2.4320835109392647e-05
200,2.416967981844209e-05
6898,2.4156119252438657e-05
1614,2.4074142856989056e-05
4545,2.4064195713435765e-05
1671,2.4061728254309855e-05
7535,2.4050402316788677e-05
2752,2.3837222215661313e-05
1783,2.3611850338056684e-05
3519,2.3591860554006416e-05
6016,2.350022623431869e-05
4682,2.3390779460896738e-05
5301,2.3310678443522193e-05
1793,2.330887218704447e-05
4140,2.3235574190039188e-05
7791,2.315090659976704e-05
5320,2.314977245987393e-05
6342,2.30744499276625e-05
4958,2.307364411535673e-05
7418,2.3054241864883807e-05
2321,2.30297682719538e-05
2872,2.297265837114537e-05
7960,2.293867146363482e-05
3758,2.284981655975571e-05
687,2.2815851480118e-05
3726,2.2729897864337545e-05
7353,2.2674458705296274e-05
3265,2.2632569198322017e-05
1051,2.2604395780945197e-05
5141,2.2527465262101032e-05
2682,2.2375761545845307e-05
7940,2.236773980257567e-05
6093,2.229975234513404e-05
3903,2.222533294116147e-05
6401,2.2104562958702445e-05
1557,2.2021828954166267e-05
6448,2.198218680860009e-05
3775,2.1972797185298987e-05
1896,2.1916017431067303e-05
7083,2.1875241145608015e-05
3576,2.181365925935097e-05
1196,2.1741632735938765e-05
6113,2.1685033971152734e-05
4999,2.161852717108559e-05
1183,2.1600987565761898e-05
47,2.153005698346533e-05
4321,2.148779731214745e-05
669,2.143261008313857e-05
4612,2.1430067135952413e-05
5431,2.138493800885044e-05
2546,2.1223866497166455e-05
5524,2.11971628232277e-05
7409,2.117331314366311e-05
2429,2.111411959049292e-05
4041,2.1086260858282913e-05
4223,2.106867941620294e-05
5579,2.1008472685934976e-05
7530,2.0955038053216413e-05
3241,2.0869717445748392e-05
6756,2.068101821350865e-05
1134,2.0620537725335453e-05
3859,2.0539234355965164e-05
7387,2.049478189292131e-05
5409,2.044706343440339e-05
7484,2.0296401089581195e-05
3683,2.0292733097448945e-05
5964,2.0223223145876545e-05
486,2.020853389694821e-05
7944,2.0181244508421514e-05
259,2.0110175682930276e-05
5437,2.0008223145850934e-05
5297,1.993537080124952e-05
5386,1.985783728741808e-05
6978,1.973700273083523e-05
4806,1.973229973373236e-05
962,1.972004884009948e-05
4203,1.9690815861395095e-05
4732,1.9654874449770432e-05
2766,1.9637254808912985e-05
2731,1.9625405911938287e-05
7970,1.9603310647653416e-05
6683,1.954627805389464e-05
3245,1.9541967049008235e-05
4254,1.9417951989453286e-05
4867,1.941519440151751e-05
1279,1.9379109289729968e-05
3635,1.9358979443495627e-05
6087,1.9344997781445272e-05
7306,1.929291738633765e-05
4506,1.925546985148685e-05
544,1.9213728592148982e-05
1423,1.920386785059236e-05
1413,1.9175044144503772e-05
173,1.9040415281779133e-05
2716,1.901119321701117e-05
4948,1.8975287275679875e-05
5696,1.8927937162516173e-05
5424,1.8913476196757983e-05
3038,1.8870319763664156e-05
4303,1.8858248949982226e-05
5840,1.884319044620497e-05
2171,1.8829089640348684e-05
1065,1.882841570477467e-05
1071,1.8822275706043e-05
2279,1.8557437215349637e-05
7719,1.854304446169408e-05
7041,1.850163516792236e-05
1404,1.844233338488266e-05
1513,1.8426050701236818e-05
6591,1.8234956769447308e-05
64,1.8208375877293292e-05
6042,1.8170022485719528e-05
7091,1.8156190890294965e-05
1000,1.8138667655875906e-05
6012,1.8132209333998617e-05
4429,1.8009528503171168e-05
7561,1.800098834792152e-05
2491,1.7932696209754795e-05
3479,1.7904311789607164e-05
4987,1.789023826859193e-05
6559,1.78791942744283e-05
5234,1.786281973181758e-05
3644,1.7832418052421417e-05
1096,1.781909668352455e-05
837,1.7810743884183466e-05
4005,1.777719171514036e-05
7131,1.771338065736927e-05
1153,1.7696757822704967e-05
6810,1.7644779291003942e-05
239,1.763162981660571e-05
1014,1.762453575793188e-05
7195,1.7610517716093455e-05
4152,1.7521308109280653e-05
4562,1.7520330402476247e-05
6114,1.750241244735662e-05
7076,1.7421247321181e-05
5272,1.734944453346543e-05
3671,1.7304109860560857e-05
6993,1.7286186448473018e-05
2647,1.7284523892158177e-05
6287,1.7244576156372204e-05
4648,1.722423894534586e-05
665,1.7203079551109113e-05
1812,1.719586543913465e-05
1249,1.719511692499509e-05
1371,1.699396307230927e-05
5282,1.682742640696233e-05
6727,1.6713411241653375e-05
3112,1.66770014402573e-05
7495,1.662685099290684e-05
6164,1.6613002117082942e-05
5753,1.6570491425227374e-05
3039,1.6526407307537738e-05
6073,1.642557526793098e-05
2659,1.641579729039222e-05
6060,1.640647042222554e-05
2793,1.6386610695917625e-05
3812,1.634470208955463e-05
1028,1.633378997212276e-05
5897,1.6285281162708998e-05
826,1.6249396139755845e-05
454,1.6187693290703464e-05
5670,1.6061610040196683e-05
7546,1.6006535588530824e-05
208,1.592230000824202e-05
109,1.590360716363648e-05
1759,1.587429051141953e-05
2477,1.5829888980078977e-05
1767,1.5813231584616005e-05
4708,1.581193555466598e-05
5902,1.580852494953433e-05
2848,1.575775422679726e-05
928,1.5742511095595546e-05
6673,1.5671020264562685e-05
2056,1.566392347740475e-05
800,1.5637371689081192e-05
7740,1.5583981621603016e-05
3249,1.557731957291253e-05
4663,1.5465259821212385e-05
6604,1.5464993339264765e-05
3691,1.5432598956977017e-05
7842,1.5393480680359062e-05
1432,1.538383548904676e-05
4275,1.5378963780676713e-05
7433,1.5326481388910906e-05
4273,1.5305453416658565e-05
6652,1.527848280602484e-05
942,1.5248107956722379e-05
7885,1.5244264432112686e-05
7728,1.512961307525984e-05
4116,1.5129051917028846e-05
2802,1.5032876035547815e-05
3742,1.4906171600159723e-05
4062,1.4830828604317503e-05
1443,1.4816412658547051e-05
4027,1.4772813756280812e-05
4144,1.4713250493514352e-05
3295,1.4702522094012238e-05
2548,1.4686287613585591e-05
2327,1.4630002624471672e-05
1271,1.4587699297408108e-05
287,1.4536879916704493e-05
4156,1.4528774954669643e-05
3925,1.4415988971450133e-05
7326,1.4359737178892829e-05
6451,1.4354261111293454e-05
4767,1.426727158104768e-05
3633,1.4256004760682117e-05
679,1.4252742403186858e-05
2597,1.423775438524899e-05
5525,1.4220786397345364e-05
6324,1.4196506981534185e-05
2440,1.4093934169068234e-05
1187,1.4078456842980813e-05
6955,1.4039934285392519e-05
552,1.3962439879833255e-05
3861,1.3951296295999782e-05
5545,1.3871996088710148e-05
7265,1.3845847206539474e-05
6289,1.3761673017143039e-05
6359,1.370157633573399e-05
2970,1.367065397062106e-05
1411,1.3657908311870415e-05
4398,1.3644530554302037e-05
2063,1.3541462976718321e-05
5406,1.3500640761776594e-05
3514,1.3422421488940017e-05
3370,1.3374352420214564e-05
7751,1.332694500888465e-05
747,1.3261257663543802e-05
7339,1.3222804682300193e-05
3528,1.3205742561694933e-05
1121,1.3160594789951574e-05
3328,1.3117882645019563e-05
3255,1.311373125645332e-05
4128,1.3113336535752751e-05
6435,1.3095243502903031e-05
2297,1.3051607311354019e-05
2979,1.303171438848949e-05
5396,1.3003035292058485e-05
5626,1.30020425785915e-05
117,1.2881102520623244e-05
3097,1.2830430932808667e-05
479,1.2829875686293235e-05
4787,1.2809454347006977e-05
329,1.2769196018780349e-05
5073,1.2697894362645457e-05
5518,1.26468994494644e-05
5416,1.2516823062469484e-05
2085,1.2495382179622538e-05
82,1.248087028216105e-05
6398,1.2424991837178823e-05
2483,1.2330955541983712e-05
801,1.2280262126296293e-05
4421,1.2164667623437708e-05
6545,1.2091024927940452e-05
5679,1.205087664857274e-05
643,1.2012517800030764e-05
6723,1.1993531188636553e-05
1639,1.197606798086781e-05
6647,1.1884121704497375e-05
4141,1.1883171737281373e-05
889,1.1879958037752658e-05
6892,1.1874718893523095e-05
6801,1.1781527064158581e-05
5563,1.1640883258223766e-05
2150,1.1603094208112452e-05
4377,1.1552832802408375e-05
2324,1.1411118066462222e-05
1578,1.1403913504182128e-05
1698,1.138785273724352e-05
7904,1.1372726021363633e-05
40,1.1370305401214864e-05
472,1.1358763913449366e-05
6052,1.134799822466448e-05
2825,1.1306886790407589e-05
3980,1.1238661045354092e-05
919,1.1237148100917693e-05
3814,1.1232172255404294e-05
7260,1.1224158242839621e-05
5743,1.1223879937460879e-05
7792,1.1221110980841331e-05
1856,1.1212252502446063e-05
2202,1.117707552111824e-05
7794,1.1154689673276152e-05
597,1.107462639993173e-05
4297,1.0963130989694037e-05
1855,1.0962066426145611e-05
5088,1.0932852092082612e-05
5087,1.086669090000214e-05
80,1.0846307759493357e-05
3795,1.0829939128598198e-05
791,1.0766626019176329e-05
1633,1.0607746389723616e-05
4050,1.0583568837319035e-05
2595,1.0579247373243561e-05
7837,1.0533844033489004e-05
5686,1.0436637239763513e-05
1246,1.0431314876768738e-05
1653,1.0426728294987697e-05
4771,1.0401770850876346e-05
5551,1.0395441222499358e-05
7717,1.0337600997445406e-05
2771,1.0177887816098519e-05
1620,1.0160830242966767e-05
3984,1.010420237435028e-05
4307,1.0015457974077435e-05
2365,1.0003923762269551e-05
6225,9.996442713600118e-06
4500,9.925294307322474e-06
4649,9.84461439657025e-06
5647,9.792056516744196e-06
828,9.78481966740219e-06
3850,9.776453680387931e-06
1274,9.633607533032773e-06
2527,9.62968670137343e-06
1555,9.610681900085183e-06
2484,9.594131824997021e-06
1654,9.408107416675193e-06
5038,9.333454727311619e-06
5519,9.273926480091177e-06
939,9.271366252505686e-06
1824,9.147399850917282e-06
6849,9.13207622943446e-06
2354,9.127794328378513e-06
4724,9.117495210375637e-06
985,9.06335071704234e-06
481,8.980824532045517e-06
6227,8.970101134764263e-06
423,8.956219971878454e-06
2183,8.945279660110828e-06
1005,8.941068244894268e-06
6832,8.877015716279857e-06
3897,8.848790002957685e-06
7301,8.844961939757923e-06
7523,8.834637810650747e-06
4271,8.82456379258656e-06
7072,8.660254934511613e-06
133,8.630521733721253e-06
346,8.62196338857757e-06
2375,8.595141025580233e-06
959,8.557932687836e-06
7213,8.526818874088349e-06
7829,8.511415217071772e-06
32,8.509850431437371e-06
3197,8.470147804473527e-06
6474,8.457462172373198e-06
7525,8.420187441515736e-06
630,8.415207048528828e-06
6958,8.414192052441649e-06
2133,8.348409664904466e-06
5422,8.320853339682799e-06
7983,8.278871518996311e-06
5998,8.267968041764107e-06
6025,8.26504583528731e-06
6841,8.203870493161958e-06
3634,8.200505362765398e-06
5316,8.191300366888754e-06
115,8.17185627965955e-06
5487,8.10669098427752e-06
4743,8.084487944870489e-06
7703,8.07764490673435e-06
5629,8.058366347540868e-06
6922,8.022399924811907e-06
1505,7.94718198449118e-06
3244,7.878899396018824e-06
1665,7.846185326343402e-06
7117,7.808031114109326e-06
7726,7.806082521710778e-06
7422,7.738916792732198e-06
1712,7.670429567951942e-06
5890,7.670199011045042e-06
4818,7.666226338187698e-06
4067,7.582469606859377e-06
7089,7.544263098679949e-06
1116,7.4134536589554045e-06
4270,7.374906090262812e-06
5553,7.3090570822387235e-06
4340,7.267943601618754e-06
7582,7.177370662247995e-06
7209,7.161482244555373e-06
6088,7.056013600958977e-06
666,7.039762522254023e-06
375,6.968944717300474e-06
4450,6.961779718039907e-06
2706,6.958927542655147e-06
66,6.829196763646905e-06
4057,6.7860826220567105e-06
4154,6.711371042911196e-06
2971,6.686550023005111e-06
5728,6.641987056354992e-06
4282,6.59266697766725e-06
5958,6.5410035858803894e-06
4676,6.54072960060148e-06
2750,6.536763066833373e-06
3138,6.532954330396024e-06
3481,6.462043984356569e-06
1057,6.443056918215007e-06
1458,6.4153928178711794e-06
258,6.387980647559743e-06
5237,6.370102710206993e-06
5981,6.3648033119534375e-06
5394,6.35289052297594e-06
4807,6.35166952633881e-06
6423,6.331220447464148e-06
4430,6.293159231063328e-06
2680,6.238244623091305e-06
3506,6.202172471603262e-06
3003,6.164045316836564e-06
3580,6.158123824206996e-06
7845,6.110280310167582e-06
1525,6.096455535953282e-06
4619,5.996238769512274e-06
1333,5.915884685236961e-06
6821,5.893361958442256e-06
314,5.853851689607836e-06
2459,5.852418553331518e-06
6272,5.8425696352060186e-06
911,5.838979859618121e-06
4760,5.744494956161361e-06
7929,5.6943108575069346e-06
531,5.659567250404507e-06
6314,5.621373247777228e-06
2913,5.588544127022033e-06
5079,5.562357728194911e-06
5128,5.559403007282526e-06
2492,5.549052502828999e-06
1059,5.5324121603916865e-06
1916,5.503190550371073e-06
3373,5.468108611239586e-06
3012,5.439463620859897e-06
5345,5.41291819899925e-06
1514,5.312339681040612e-06
149,5.307496394379996e-06
2964,5.301819328451529e-06
2012,5.277836407913128e-06
3129,5.276675437926315e-06
5861,5.239441179583082e-06
3511,5.153297706783633e-06
2536,5.092378387416829e-06
2916,5.072561179986224e-06
2942,5.023141511628637e-06
5993,4.9878208301379345e-06
1539,4.986368367099203e-06
5249,4.958716090186499e-06
6858,4.906243020741385e-06
289,4.829265662920079e-06
1317,4.750737389258575e-06
6340,4.727890427602688e-06
4287,4.697629265137948e-06
1302,4.6867914988979464e-06
1778,4.5884928567829775e-06
7269,4.532872480922379e-06
6081,4.451285349205136e-06
913,4.43009548689588e-06
3410,4.402597369335126e-06
5660,4.343999989941949e-06
5715,4.3248246583971195e-06
5879,4.299295596865704e-06
5659,4.199390787107404e-06
4835,4.190335403109202e-06
5899,4.0272514070238685e-06
6999,4.0114487092068885e-06
914,4.009222493550624e-06
743,4.004317815997638e-06
143,3.989754077338148e-06
5727,3.808854103226622e-06
5312,3.7969659842929104e-06
1479,3.744543846551096e-06
661,3.6871686006634263e-06
1634,3.6191877370583825e-06
3375,3.6080425616091816e-06
2096,3.566472059901571e-06
6059,3.536124836500676e-06
1616,3.533320409587759e-06
7946,3.5174612094124313e-06
1091,3.4434330018484616e-06
6976,3.4117344966944074e-06
7747,3.39962161888252e-06
711,3.3056913935070042e-06
6366,3.280232249380788e-06
1871,3.205598773092788e-06
3784,3.1870931707089767e-06
3188,3.1707616017229157e-06
673,3.045959260816744e-06
1524,2.9754413617411046e-06
5496,2.9372888548095943e-06
6945,2.8673089218500536e-06
341,2.8473828024289105e-06
6984,2.8457991447794484e-06
7556,2.812738443935814e-06
6633,2.796569333440857e-06
4456,2.7537078040040797e-06
1175,2.7044661692343652e-06
462,2.685764798115997e-06
3799,2.604508836157038e-06
6536,2.5860394998744596e-06
6218,2.5751983230293263e-06
5805,2.556880417614593e-06
2125,2.4893237196010887e-06
2423,2.4869751769074355e-06
3128,2.4407610226262477e-06
5455,2.439584704916342e-06
1182,2.383796186222753e-06
4618,2.329670905965031e-06
6301,2.287459892613697e-06
7991,2.2871063265483826e-06
6071,2.2852744905321742e-06
6833,2.2427791463996982e-06
1852,2.225284106316394e-06
2164,2.2109383053248166e-06
1970,2.200619178438501e-06
1407,2.1407702206488466e-06
5559,2.1126602405274753e-06
3629,2.0980073713872116e-06
1580,2.070423875011329e-06
7619,2.063855959022476e-06
6951,2.060394422187528e-06
6422,1.990700866372208e-06
3463,1.956650066858856e-06
402,1.8493749962544825e-06
3974,1.8439142763782002e-06
3079,1.7942081171895552e-06
6431,1.7263896552321967e-06
7653,1.6983636896839016e-06
3820,1.6423318243141694e-06
6606,1.6328406218235614e-06
5615,1.5710380125710799e-06
6825,1.5598848221998196e-06
1122,1.5559633084194502e-06
3857,1.51911513057712e-06
5685,1.5063448586261075e-06
6542,1.4802303667238448e-06
7642,1.3915734484726272e-06
5349,1.3151470739103388e-06
4394,1.2840587828577554e-06
4632,1.2713270507447305e-06
4310,1.159530825134425e-06
3579,1.1375536814739462e-06
6439,1.0968950050482817e-06
1780,9.748790148478292e-07
1768,9.059656633780833e-07
5661,8.584642898767925e-07
5534,8.409621159444214e-07
556,8.283182069135364e-07
7017,8.146114112150826e-07
5385,7.466053091320646e-07
6911,7.361191478594264e-07
5683,7.353633293405437e-07
4668,6.843395681244147e-07
5162,5.627098289551213e-07
3047,5.442202564154286e-07
3572,5.296662379805639e-07
6365,4.653729632764225e-07
5263,4.061525089582574e-07
6602,3.9001135121452535e-07
7367,3.868227764769472e-07
5479,3.419524006176289e-07
3198,2.975399979732174e-07
4083,2.965537788668371e-07
5961,2.4694867306607193e-07
6720,2.457147729728604e-07
5933,1.507731752781183e-07
6070,1.3840055146374652e-07
71,1.2109222780054552e-07
4479,8.273772778011335e-08
4671,7.786143996213468e-08
5848,6.36214210203434e-08
281,6.187826429027155e-08
4577,-1.4805702448938973e-05
7964,-3.14470653393073e-05
5776,-3.676213964354247e-05
5253,-4.3674721382558346e-05
1160,-0.00013066087558399886
4938,-0.00018064246978610754
1354,-0.00019114077440463006
6826,-0.00022522984363604337
1738,-0.00023490830790251493
2737,-0.0003116675070486963
4095,-0.00034441740717738867
2070,-0.00048360531218349934
5417,-0.0006770257896278054
2953,-0.0007175331702455878
3226,-0.0007566472049802542
5094,-0.0007752515375614166
1775,-0.0007801726460456848
6250,-0.0008601653389632702
6953,-0.0008717307064216584
5606,-0.0008747262763790786
2355,-0.0009323497069999576
6737,-0.0009379503317177296
2688,-0.0009753704362083226
2968,-0.0009794604848138988
6043,-0.0010149367153644562
5881,-0.0010883249342441559
2891,-0.0010958226630464196
2973,-0.0011177189880982041
2617,-0.0011909006861969829
376,-0.0012076337588950992
4658,-0.0014344636001624167
2285,-0.001437086146324873
2679,-0.0016911053098738194
4498,-0.00202341191470623
2006,-0.0021086344495415688
2918,-0.002337890211492777
2064,-0.0023679002188146114
5016,-0.0026870518922805786
1048,-0.002917036763392389
7581,-0.0029744767816737294
5514,-0.0031810232903808355
7028,-0.003310619853436947
3175,-0.0035382526693865657
1951,-0.0041191300842911005
1037,-0.00421936484053731
7175,-0.004283722257241607
704,-0.004505917429924011
5300,-0.004577253013849258
2950,-0.004656730219721794
5468,-0.004703044891357422
4933,-0.0047038516495376825
3296,-0.00482410634867847
5648,-0.004917720099911094
1178,-0.0051572120282799006
6349,-0.005706187337636948
4605,-0.006053006974980235
756,-0.006079188548028469
5817,-0.006528712809085846
5380,-0.006682496052235365
5354,-0.006926979403942823
4294,-0.007169891614466906
662,-0.007839164696633816
248,-0.007984221447259188
524,-0.008023735135793686
1687,-0.0081382617354393
4013,-0.008174736052751541
5536,-0.008544547483325005
3701,-0.008937126956880093
3011,-0.009342992678284645
322,-0.009721796959638596
2873,-0.010329600423574448
6308,-0.010850193910300732
3791,-0.011241650208830833
3932,-0.011295781470835209
1872,-0.011764615774154663
4113,-0.0119929532520473
1220,-0.012449556961655617
3708,-0.01265968568623066
7818,-0.01324414648115635
4068,-0.013531400822103024
4442,-0.014010615646839142
2958,-0.014764111489057541
5970,-0.015813762322068214
2115,-0.01640546601265669
3916,-0.01644605863839388
3043,-0.016683734953403473
3865,-0.01678510010242462
3596,-0.02075819857418537
7622,-0.02142946608364582
7471,-0.022523388266563416
18,-0.022605666890740395
2852,-0.02299417369067669
5967,-0.023136244155466557
7079,-0.024281959980726242
6848,-0.0274630356580019
1506,-0.0285129826515913
3793,-0.030592501163482666
4816,-0.03306408226490021
5601,-0.03669707104563713
3647,-0.037647686898708344
7075,-0.0411488376557827
6195,-0.04217251017689705
6800,-0.044197842478752136
6979,-0.04451722279191017
7119,-0.04497834853827953
7473,-0.0457184761762619
3203,-0.0472390353679657
2288,-0.04874897561967373
6236,-0.053691763430833817
5046,-0.05483046919107437
5561,-0.05592076852917671
7718,-0.058709487318992615
4374,-0.059759752824902534
1356,-0.06808461248874664
6358,-0.06996319442987442
5895,-0.07034890353679657
1064,-0.07404715940356255
4345,-0.08248277753591537
1703,-0.09012638404965401
5834,-0.09402740374207497
312,-0.10892626643180847
1067,-0.11146881431341171
4488,-0.1153617836534977
546,-0.11648067086935043
317,-0.11892130970954895
7398,-0.11938434094190598
1016,-0.12205518037080765
513,-0.14258085936307907
1991,-0.15638133883476257
4691,-0.15902800858020782
3358,-0.16088485717773438
6421,-0.16098248958587646
7018,-0.1846449077129364
3211,-0.2017778977751732
3502,-0.21572322398424149
2565,-0.22993696480989456
3493,-0.23515509814023972
1763,-0.24028754979372025
87,-0.24040594696998596
6224,-0.24210619181394577
4714,-0.25028448551893234
4458,-0.2607508599758148
5830,-0.27529439330101013
45,-0.27562567591667175
864,-0.2912798672914505
6809,-0.304765984416008
1629,-0.3145914524793625
193,-0.32707564532756805
186,-0.3728724420070648
5373,-0.5232609510421753
7952,-0.6029099225997925
