Train_ID,Score
1257,0.0001012458887998946
193,8.621335291536525e-05
2288,8.111135321087204e-05
5053,8.046213770285249e-05
5046,7.598115917062387e-05
4816,7.263856969075277e-05
1775,7.169431046349928e-05
3382,6.963329724385403e-05
6848,6.884423783048987e-05
2918,6.879919237690046e-05
2115,6.762702105334029e-05
5373,6.678881618427113e-05
3296,6.668439891654998e-05
6557,6.657679841737263e-05
5834,6.335876969387755e-05
7718,6.17738605797058e-05
4345,5.890976535738446e-05
3606,5.519617479876615e-05
3985,5.4429297961178236e-05
7818,5.401037560659461e-05
3203,5.37297146365745e-05
1220,5.3458807087736204e-05
5895,5.266378320811782e-05
3261,5.095216147310566e-05
983,4.910827010462526e-05
6736,4.9044932893593796e-05
428,4.826316762773786e-05
1896,4.8004254495026544e-05
2006,4.78085275972262e-05
1487,4.622369306162e-05
5354,4.5333879825193435e-05
7622,4.527074815996457e-05
5561,4.486953912419267e-05
3389,4.462704964680597e-05
1738,4.4435162635636516e-05
78,4.429914952197578e-05
5967,4.427384556038305e-05
5468,4.319424260756932e-05
7079,4.314528086979408e-05
1991,4.228743273415603e-05
6717,4.2217583541059867e-05
5970,4.216123852529563e-05
4374,4.1928347854991443e-05
4938,4.183191776974127e-05
6157,4.1419174522161484e-05
7368,4.1307184801553376e-05
225,4.1123385017272085e-05
4195,4.0867489587981254e-05
7075,4.0831851947586983e-05
6906,4.04668171540834e-05
1940,4.040975545649417e-05
2070,3.967536031268537e-05
4744,3.91322719224263e-05
7478,3.890680818585679e-05
3228,3.8801355913165025e-05
2374,3.82594189431984e-05
1687,3.824710256594699e-05
475,3.8192980355233885e-05
6100,3.8182181015145034e-05
7020,3.709117117978167e-05
3647,3.6680248740594834e-05
3405,3.658425521280151e-05
7471,3.583762372727506e-05
1020,3.561222001735587e-05
503,3.5404667869443074e-05
7597,3.402378024475183e-05
5601,3.352280691615306e-05
967,3.3511463698232546e-05
4442,3.324053886899492e-05
3701,3.321324766147882e-05
18,3.3125299523817375e-05
2737,3.300535354355816e-05
5410,3.233568168070633e-05
7398,3.139801629004069e-05
1107,3.1194507755571976e-05
3011,3.059348637179937e-05
5488,3.007391933351755e-05
7059,2.9869013815186918e-05
248,2.9851646104361862e-05
4658,2.972805577883264e-05
5745,2.9241472475405317e-05
5147,2.922578096331563e-05
6631,2.9192583497206215e-05
5726,2.8981010473216884e-05
3664,2.8833383112214506e-05
4691,2.849156408046838e-05
5829,2.802818562486209e-05
5817,2.7430904992797878e-05
3708,2.6809237169800326e-05
6338,2.6784989131556358e-05
2775,2.6728229386208113e-05
841,2.638539626786951e-05
5094,2.6244963009958155e-05
5585,2.6157671527471393e-05
2293,2.6072044420288876e-05
6950,2.6064959456562065e-05
7557,2.5717542484926526e-05
1275,2.5583194656064734e-05
7109,2.5565849682607222e-05
1387,2.5558028937666677e-05
2272,2.526916523493128e-05
5514,2.5233868655050173e-05
2968,2.522558679629583e-05
4605,2.5031940822373144e-05
7672,2.4854436560417525e-05
4703,2.466578735038638e-05
3626,2.4653354557813145e-05
1001,2.455985486449208e-05
7753,2.4529051188437734e-05
274,2.444133770040935e-05
860,2.4363119337067474e-05
75,2.3867920390330255e-05
6708,2.364355077588698e-05
10,2.362723262194777e-05
3400,2.3559397050121333e-05
3175,2.3313285055337474e-05
832,2.3058903025230393e-05
704,2.290537304361351e-05
6240,2.2884112695464864e-05
4013,2.2756287762604188e-05
6393,2.265030434500659e-05
623,2.2511901988764293e-05
7240,2.2447188712249044e-05
1509,2.1757407012046315e-05
4641,2.173529537685681e-05
2685,2.1682403712475207e-05
3550,2.1431894310808275e-05
3596,2.134302121703513e-05
2749,2.1306149392330553e-05
6556,2.1071453375043347e-05
5776,2.083636627503438e-05
1118,2.0733395103889052e-05
5444,2.0613870219676755e-05
6208,2.0519750250969082e-05
4294,2.047226735157892e-05
4498,2.0383176888572052e-05
6628,2.0250073248462286e-05
3152,2.0240014237060677e-05
3134,2.0226189008099027e-05
398,2.002862856897991e-05
1037,1.9947850887547247e-05
5845,1.9749985767703038e-05
4933,1.9464360775600653e-05
2648,1.937026718223933e-05
4113,1.9248587705078535e-05
656,1.9049136426474433e-05
6349,1.902011445054086e-05
7766,1.8958255168399774e-05
4121,1.8748499314824585e-05
5768,1.8731112504610792e-05
7691,1.864012847363483e-05
406,1.8549997548689134e-05
45,1.8490003640181385e-05
2511,1.8442286091158167e-05
6307,1.8357612134423107e-05
4420,1.8088739125232678e-05
3793,1.80473016371252e-05
7473,1.8036268556897994e-05
7832,1.7891852621687576e-05
7602,1.7741438568918966e-05
5411,1.7676984498393722e-05
3321,1.7594586097402498e-05
2850,1.7309999748249538e-05
3737,1.6880123894225108e-05
178,1.660232010181062e-05
1160,1.658850578678539e-05
2947,1.6531206711078994e-05
5905,1.6219602002820466e-05
6935,1.6133913049998228e-05
2471,1.6000307368813083e-05
7018,1.6000067262211815e-05
7175,1.596901438460918e-05
376,1.5944982806104235e-05
325,1.5861421161389444e-05
739,1.583906851010397e-05
6317,1.5768304365337826e-05
946,1.5590330804116093e-05
6939,1.5465394426428247e-05
7742,1.5442436051671393e-05
6029,1.5409901607199572e-05
2131,1.5392394743685145e-05
7952,1.5384339803858893e-05
521,1.5268034985638224e-05
7218,1.521376361779403e-05
2064,1.5167531728366157e-05
2764,1.5126588095881743e-05
4458,1.5109040305105736e-05
312,1.4973711586208083e-05
328,1.4837132312095491e-05
6809,1.4827316590526607e-05
186,1.469346898375079e-05
317,1.4679223568236921e-05
567,1.4637417280027876e-05
4716,1.4612522136303596e-05
513,1.4597635527024977e-05
3424,1.4517157524096547e-05
3591,1.4389195712283254e-05
1082,1.4361432931764284e-05
3797,1.4310343431134243e-05
7922,1.430329893992166e-05
6421,1.402210864398512e-05
3476,1.4015653050591936e-05
4971,1.3999209841131233e-05
1706,1.3959247098682681e-05
6634,1.3883089195587672e-05
3997,1.3850818959326716e-05
864,1.383194330628612e-05
4804,1.3808526546199573e-05
2565,1.3805191883875523e-05
6979,1.3792328900308348e-05
2981,1.3788112028123578e-05
1178,1.3575770026363898e-05
5606,1.3425767065200489e-05
1761,1.3373408819461474e-05
4561,1.3370225588005269e-05
6965,1.3306409073265968e-05
39,1.3284347915032413e-05
3225,1.3254422810859978e-05
42,1.3175366348150419e-05
4102,1.3147770914656576e-05
737,1.2970518582733348e-05
963,1.2920724202558631e-05
1064,1.2820534720958676e-05
3102,1.2808336123271147e-05
5894,1.27851249089872e-05
3505,1.2783316378772724e-05
4574,1.2781640180037357e-05
5604,1.2779252756445203e-05
5330,1.2747824257530738e-05
6330,1.2628316198970424e-05
1200,1.25926762848394e-05
1541,1.2498123851401033e-05
4548,1.246177180291852e-05
4620,1.2426377907104325e-05
2728,1.2404290828271769e-05
6637,1.2232171684445348e-05
7010,1.2211574812681647e-05
5537,1.2173080449429108e-05
795,1.216019018102088e-05
5642,1.215218753713998e-05
3263,1.1944835478061577e-05
1678,1.1833541975647677e-05
6195,1.181263451144332e-05
4432,1.1751463262044126e-05
123,1.1744337371055735e-05
6086,1.1722475392161869e-05
1188,1.1710744729498401e-05
5236,1.1693104625010164e-05
5374,1.1676595477183582e-05
2560,1.166154788734275e-05
684,1.154624351329403e-05
5789,1.1544430890353397e-05
640,1.1437550710979849e-05
4263,1.1407538750063395e-05
3564,1.1378256658645114e-05
7230,1.1319222721795086e-05
1281,1.1251235719100805e-05
6740,1.119396301874076e-05
6273,1.1123787771794014e-05
1983,1.1036186151613947e-05
2891,1.096772894015885e-05
3874,1.0846757504623383e-05
5925,1.0827064215845894e-05
2584,1.08165513665881e-05
6446,1.0754204140539514e-05
7180,1.0721011221903609e-05
6510,1.0716375072661322e-05
3574,1.0694949651224306e-05
1605,1.0643363111739745e-05
3817,1.0544260021561058e-05
2286,1.0533084605413023e-05
5963,1.0528883649385534e-05
6450,1.0450232821312966e-05
3090,1.0371853022661526e-05
1938,1.0358400686527602e-05
5558,1.025316942104837e-05
7708,1.0145558917429298e-05
3146,1.0091612239193637e-05
7749,1.0051601293525891e-05
978,9.997329925681697e-06
3839,9.980462436942616e-06
5821,9.972026418836322e-06
938,9.906305876938859e-06
5791,9.788500392460264e-06
7562,9.752825462783221e-06
1227,9.484824659011792e-06
5264,9.431551916350145e-06
6586,9.412683084519813e-06
3278,9.330833108833758e-06
4497,9.326765393780079e-06
839,9.271803719457239e-06
7007,9.242065061698668e-06
5538,9.228402177541284e-06
4291,9.139403573499294e-06
4445,9.133177172770957e-06
3264,9.075002708414104e-06
2416,9.071152817341499e-06
7861,9.069166935660178e-06
7654,8.997635632113088e-06
3051,8.985475687950384e-06
2568,8.805017387203407e-06
1959,8.721732228877954e-06
2178,8.713826446182793e-06
4191,8.610423719801474e-06
432,8.55216603667941e-06
1632,8.500152944179717e-06
1381,8.431180503976066e-06
5034,8.414494004682638e-06
3972,8.377665380976396e-06
3333,8.300576155306771e-06
6048,8.297527529066429e-06
4204,8.250147857324919e-06
7256,8.223059921874665e-06
1111,8.12456846688292e-06
5633,8.123226507450454e-06
4511,8.119275662465952e-06
2024,8.049691132328007e-06
3120,8.034411166590871e-06
1445,8.024155249586329e-06
5554,7.962669315020321e-06
7199,7.912485671113245e-06
2956,7.864292456361e-06
7378,7.800553248671349e-06
3042,7.777829296173877e-06
5082,7.677146641071886e-06
7013,7.669511660424178e-06
7951,7.651801297470229e-06
6826,7.6250266829447355e-06
1306,7.5785430908581475e-06
6498,7.57853649702156e-06
7914,7.574506525998004e-06
2945,7.559963250969304e-06
7555,7.559959612990497e-06
7272,7.531707979069324e-06
3807,7.529454705945682e-06
591,7.502859261876438e-06
6752,7.494010787922889e-06
4957,7.479402029275661e-06
3409,7.441363777616061e-06
7554,7.4389097335370025e-06
2285,7.432536222040653e-06
4292,7.337738907153835e-06
7341,7.2241120960825356e-06
7497,7.127571052478743e-06
372,7.061865744617535e-06
498,7.007493195487768e-06
3143,6.986140988374245e-06
5184,6.906883982082945e-06
5060,6.900071639392991e-06
5054,6.86012231199129e-06
2927,6.843716164439684e-06
5765,6.836227612438961e-06
7427,6.820608632551739e-06
68,6.738506044712267e-06
3556,6.731806934112683e-06
1862,6.726150559188682e-06
185,6.691829185001552e-06
4843,6.634572855546139e-06
270,6.61472040519584e-06
2957,6.603946076211287e-06
575,6.588694986930932e-06
7183,6.588512405869551e-06
820,6.537314902743674e-06
492,6.509239938168321e-06
126,6.50200126983691e-06
6397,6.483717243099818e-06
896,6.451689387176884e-06
3151,6.436968988055014e-06
1265,6.427990683732787e-06
2720,6.38279789200169e-06
7290,6.3749871515028644e-06
7605,6.370901928676176e-06
7759,6.2911676650401205e-06
7359,6.2571241414843826e-06
619,6.242775043574511e-06
3485,6.176703209348489e-06
1719,6.128799213911407e-06
3884,6.126549578766571e-06
3609,6.121982778495294e-06
7875,6.068185484764399e-06
5782,6.0515633322211215e-06
1965,6.010718152538175e-06
1711,5.982282573313569e-06
4992,5.95870619690686e-06
6811,5.9426411098684184e-06
2192,5.888578925805632e-06
3149,5.867896106792614e-06
7092,5.851708692716784e-06
2608,5.710832965633017e-06
2646,5.692775403076666e-06
6315,5.682930805051001e-06
4283,5.653799689753214e-06
4978,5.651370429404778e-06
6177,5.639268692902988e-06
4617,5.606945705949329e-06
415,5.589646661974257e-06
216,5.52232859263313e-06
5708,5.4814465784147615e-06
411,5.47954755347746e-06
6956,5.472154498420423e-06
2533,5.439812639451702e-06
5008,5.429130396805704e-06
5842,5.4076026572147384e-06
1944,5.4045945034886245e-06
7142,5.383811640058411e-06
2820,5.36494576408586e-06
6895,5.361986268326291e-06
6610,5.340049483493203e-06
1875,5.3380417739390396e-06
7078,5.330074372977833e-06
4136,5.327550752554089e-06
7964,5.273142960504629e-06
555,5.2710292948177084e-06
6548,5.25606083101593e-06
5934,5.2390125802048715e-06
5891,5.235246590018505e-06
3785,5.2164825774525525e-06
391,5.2064669944229536e-06
5809,5.205820798437344e-06
2453,5.205509069128311e-06
4348,5.191491482037236e-06
5304,5.162294655747246e-06
2083,5.113376801091363e-06
3459,5.113251290822518e-06
7238,5.1082852223771624e-06
559,5.105894160806201e-06
268,5.09222718392266e-06
3538,5.0805360842787195e-06
4861,5.078954245618661e-06
5467,5.032801482229843e-06
1898,5.0308740355831105e-06
7261,5.024595793656772e-06
1615,5.0147409638157114e-06
1804,5.01453996548662e-06
7919,5.003291107641417e-06
7019,4.990077286493033e-06
2894,4.975855972588761e-06
1066,4.975151341568562e-06
3652,4.969433348378516e-06
3272,4.962429784427513e-06
5103,4.9506238610774744e-06
3317,4.925046596326865e-06
2838,4.912866415907047e-06
5858,4.874729484072304e-06
3217,4.874550768363406e-06
3545,4.856918167206459e-06
2421,4.856653504248243e-06
5221,4.849222477787407e-06
90,4.843424449063605e-06
491,4.833713319385424e-06
244,4.8277406676788814e-06
7097,4.8243339278997155e-06
1320,4.7556163735862356e-06
3852,4.7197008825605735e-06
2727,4.6953066430432955e-06
6502,4.656461214835872e-06
7344,4.613775672623888e-06
6806,4.579208052746253e-06
7055,4.528389354163664e-06
5729,4.526385964709334e-06
3677,4.467880899028387e-06
2330,4.465513939067023e-06
1286,4.453424253370031e-06
3769,4.389916284708306e-06
6263,4.319635536376154e-06
3234,4.250265192240477e-06
2797,4.22917810283252e-06
1088,4.225132670399034e-06
581,4.218565209157532e-06
6520,4.212046178508899e-06
6531,4.210714678265504e-06
7365,4.2050235151691595e-06
4756,4.192974756733747e-06
3168,4.181420081295073e-06
2093,4.171159616817022e-06
1184,4.166068720223848e-06
6078,4.145885895923129e-06
3492,4.1393766423425404e-06
1593,4.137641894885746e-06
5061,4.125911573282792e-06
7961,4.124405904804007e-06
847,4.105847892788006e-06
3220,4.079820200786344e-06
5031,4.0440841075906064e-06
7402,4.041101874463493e-06
4460,3.990848881585407e-06
76,3.98894212594314e-06
223,3.985609055234818e-06
7342,3.966193389715045e-06
2517,3.9500869206676725e-06
1070,3.9255064621102065e-06
7689,3.8784719436080195e-06
3808,3.864815766974061e-06
3283,3.864505742967594e-06
4976,3.847077778118546e-06
3226,3.835960342257749e-06
7184,3.8343050619005226e-06
4367,3.807236907960032e-06
7324,3.8068209278208087e-06
5610,3.8052933177823434e-06
685,3.7824192986590788e-06
7343,3.771789806705783e-06
113,3.750298787963402e-06
6994,3.7467599440788035e-06
6436,3.74195792574028e-06
1002,3.721896291608573e-06
1996,3.692037125802017e-06
4463,3.690651737997541e-06
2135,3.6542910493153613e-06
1754,3.6533778029479436e-06
934,3.6346370961837238e-06
3442,3.6338910831545945e-06
4759,3.6285813393988064e-06
6824,3.6277244817028986e-06
5864,3.6201408875058405e-06
373,3.6020237530465238e-06
7959,3.5809831615551957e-06
4214,3.568715669644007e-06
5896,3.5590743436841876e-06
5838,3.4629100582606043e-06
1308,3.461358346612542e-06
379,3.4588081234687706e-06
1133,3.4070385481754784e-06
825,3.3951009754673578e-06
3542,3.3950998385989806e-06
3846,3.3886955179696088e-06
6706,3.3739248692654655e-06
2776,3.363740802342363e-06
5784,3.3604944746912224e-06
7993,3.3338952789563336e-06
6794,3.330522304167971e-06
2267,3.311970317554369e-06
2869,3.288594257355726e-06
794,3.273114543844713e-06
570,3.2715563520469004e-06
6343,3.2540709753448027e-06
5675,3.2506993647984928e-06
650,3.234061750845285e-06
378,3.2265804748021765e-06
6268,3.222021064175351e-06
7826,3.201006165909348e-06
2264,3.1958081763150403e-06
5590,3.169624051224673e-06
3173,3.1500768500336562e-06
252,3.138228635179985e-06
1282,3.13618954805861e-06
3213,3.133588052151026e-06
1241,3.1226028340824996e-06
4465,3.1206573112285696e-06
7431,3.120358542219037e-06
2703,3.115947265541763e-06
2280,3.1152602559814113e-06
7937,3.111225510110671e-06
2629,3.1035633583087474e-06
2326,3.092769588874944e-06
3468,3.0832495667709736e-06
1426,3.0770933108215104e-06
5732,3.076481334574055e-06
1261,3.0629139473603573e-06
7414,3.0607493499701377e-06
3975,3.059893174395256e-06
1046,3.046622850888525e-06
925,3.0279232987595606e-06
3214,3.0090255904724472e-06
1311,3.0044210461710463e-06
5764,2.973289383589872e-06
7330,2.942514583992306e-06
7289,2.9366705120992265e-06
7317,2.9266407182149123e-06
2895,2.917175834227237e-06
7311,2.9142772746126866e-06
2961,2.8885876872664085e-06
7881,2.882210992538603e-06
5006,2.874772007999127e-06
5707,2.869580157494056e-06
3918,2.8662642534982297e-06
6696,2.862821929738857e-06
7800,2.850186547220801e-06
6449,2.8435897547751665e-06
990,2.840899128386809e-06
6632,2.8299060659264796e-06
4023,2.815345851558959e-06
7547,2.803239908644173e-06
4484,2.787194489428657e-06
3618,2.7813891847472405e-06
5390,2.780695922410814e-06
6463,2.780541990432539e-06
5143,2.7672363103192765e-06
4151,2.7616276838671183e-06
7350,2.761562427622266e-06
4516,2.7600538032857003e-06
1439,2.753547960310243e-06
5480,2.745000188042468e-06
5285,2.735072030191077e-06
6270,2.7098994905827567e-06
7598,2.7065430003858637e-06
5439,2.703932182157587e-06
906,2.6950554001814453e-06
6537,2.685361323528923e-06
1922,2.6559262096270686e-06
106,2.649020302669669e-06
5292,2.640247430463205e-06
2635,2.63488664131728e-06
1169,2.623045588734385e-06
6937,2.6135489861189853e-06
4866,2.6114163347301655e-06
5564,2.610137471492635e-06
300,2.6097657155332854e-06
3562,2.606648649816634e-06
6035,2.596267222543247e-06
1569,2.587208996374102e-06
1069,2.5820999098868924e-06
5327,2.5801268748182338e-06
3625,2.579542865532858e-06
2020,2.5792547830860713e-06
4207,2.573121037130477e-06
1236,2.5644553716119844e-06
7009,2.5476504106336506e-06
6196,2.5462668418185785e-06
6083,2.537821274017915e-06
401,2.5296066041846643e-06
1351,2.5229736593246344e-06
1436,2.5188811605403316e-06
1798,2.512168407520221e-06
7504,2.5118570192717016e-06
4580,2.497505988685589e-06
418,2.4920925625337986e-06
337,2.4911431637519854e-06
1049,2.4742361119933776e-06
6587,2.4688756639079656e-06
4860,2.466327259753598e-06
2974,2.4626058348076185e-06
5497,2.4439106027784874e-06
4527,2.425569164188346e-06
1713,2.411382411082741e-06
1357,2.3949917249410646e-06
7681,2.3887472480055294e-06
2214,2.3710554160061292e-06
2315,2.368509740335867e-06
548,2.3659815724386135e-06
73,2.365076738897187e-06
3910,2.3621627178727067e-06
1861,2.352130763938476e-06
4187,2.3466398033633595e-06
592,2.3079232960299123e-06
6160,2.306541887264757e-06
6376,2.302827169842203e-06
5186,2.2909026711204206e-06
6186,2.2839086568637867e-06
5976,2.2775898287363816e-06
3425,2.274666826451721e-06
6552,2.273186510137748e-06
3238,2.253577690680686e-06
7569,2.2452222765423357e-06
674,2.2417842728827964e-06
1328,2.2390373715097667e-06
5921,2.236609361716546e-06
7394,2.2227363842830528e-06
6298,2.215000677097123e-06
1299,2.2105721200205153e-06
7778,2.2097699456935516e-06
6497,2.2093946654422325e-06
1277,2.2039236000637175e-06
4206,2.203775579801004e-06
3824,2.2007908455634606e-06
1608,2.1999696855345974e-06
6262,2.1984312752465485e-06
3330,2.1937657948001288e-06
1491,2.1913075443080743e-06
2300,2.187563609368226e-06
502,2.1653290787071455e-06
7706,2.1626749457936967e-06
3924,2.1613595890812576e-06
6566,2.160274334528367e-06
2216,2.1585510694421828e-06
5108,2.140121523552807e-06
6598,2.1336925328796497e-06
6171,2.1281496174196946e-06
1728,2.126758545273333e-06
2649,2.12449231185019e-06
7154,2.1195976387389237e-06
5969,2.1174582798266783e-06
5159,2.1087257664476056e-06
2015,2.106547299263184e-06
2032,2.0990311213608948e-06
4112,2.092404542963777e-06
7924,2.0805518943234347e-06
6357,2.073748191833147e-06
1440,2.06184586204472e-06
4426,2.055139361800684e-06
3661,2.0530148958641803e-06
5172,2.0511902221187484e-06
1651,2.0483166736084968e-06
6813,2.0403970211191336e-06
4955,2.0398612150529516e-06
110,2.036372166003275e-06
6645,2.036083060374949e-06
5580,2.033157443293021e-06
1026,2.031019107562315e-06
6977,2.030736595770577e-06
1207,2.030169412137184e-06
5387,2.0234344901837176e-06
6630,2.0210421780575416e-06
590,1.9999092728539836e-06
1068,1.9964626289947773e-06
2396,1.992759962377022e-06
6080,1.991983594962221e-06
4096,1.988098233596247e-06
4475,1.9827286905638175e-06
7758,1.978179170691874e-06
1813,1.9750057163037127e-06
3123,1.97484268937842e-06
5533,1.974042675101373e-06
2102,1.96483165382233e-06
5278,1.9598544440668775e-06
5028,1.9589131170505425e-06
1943,1.95224686194706e-06
3444,1.9478424064800492e-06
1571,1.943956704053562e-06
5617,1.942949211297673e-06
3222,1.935688999310514e-06
694,1.9314082919663633e-06
3613,1.930150688167487e-06
7856,1.9298905726827797e-06
298,1.9122742287436267e-06
3546,1.912111997626198e-06
2717,1.9029114355362253e-06
4508,1.9003957163477025e-06
7476,1.8996221911038447e-06
678,1.8973157125401485e-06
3862,1.8828641827894899e-06
7033,1.875718226074241e-06
1214,1.875391603789467e-06
910,1.8753051449493796e-06
355,1.8738421090347401e-06
1985,1.8611787595546048e-06
5139,1.8575764215711388e-06
4563,1.8460201545167365e-06
738,1.8423539813738898e-06
389,1.8388403759672656e-06
7899,1.8354238591200556e-06
6856,1.8350507389186532e-06
1247,1.8329700424146722e-06
7011,1.8258925251757319e-06
3558,1.824469222810876e-06
7510,1.8208717733614321e-06
741,1.8009821474151977e-06
4352,1.79517439846677e-06
3632,1.7945921513273788e-06
2823,1.7900358670885907e-06
649,1.7842577904048085e-06
1523,1.778650130290771e-06
1742,1.77563333636499e-06
6390,1.7739093891577795e-06
7198,1.7718009530653944e-06
1319,1.7705712593851786e-06
7400,1.7703385992717813e-06
7782,1.768582649219752e-06
1476,1.7642749412516423e-06
5478,1.762579472597281e-06
190,1.7586817193659954e-06
2358,1.7578254301042762e-06
4265,1.7578086612957122e-06
7996,1.751678155414993e-06
6026,1.7471760429543792e-06
4060,1.742405800086999e-06
2912,1.7422983091819333e-06
3045,1.7345140008728777e-06
55,1.7256482465199952e-06
7039,1.720886587008863e-06
5787,1.7180248050863156e-06
2073,1.716285737529688e-06
5541,1.7062907318177167e-06
1232,1.704578721728467e-06
5211,1.7011969362101809e-06
6594,1.6977755876723677e-06
7282,1.6967417195701273e-06
1397,1.6947423659985361e-06
4510,1.693371075361938e-06
4735,1.6860404912222293e-06
6500,1.684450353423017e-06
4419,1.683534776475426e-06
7513,1.6827530089358333e-06
3569,1.682647791767522e-06
5730,1.6801172364466765e-06
1217,1.6762382983870339e-06
7705,1.675977728154976e-06
4881,1.673323254181014e-06
2524,1.6728808418520202e-06
4414,1.6705563439245452e-06
3044,1.6577290011809964e-06
2411,1.6498574382239894e-06
7348,1.6433982068519981e-06
6355,1.6385412777708552e-06
1795,1.6302612948493334e-06
5547,1.6284826642731787e-06
4026,1.628161498956615e-06
4709,1.6250771750492277e-06
1030,1.6227934338530758e-06
2479,1.6169205423466337e-06
4020,1.616515362456994e-06
6839,1.6151381601048342e-06
6791,1.6149801354004012e-06
257,1.6093896419988596e-06
2822,1.607327135388914e-06
7455,1.6023839748413593e-06
4166,1.594623256551131e-06
2814,1.5929435903672129e-06
3539,1.5916356232992257e-06
3280,1.587034716976632e-06
5836,1.5844879044379923e-06
7603,1.5823135299797286e-06
6816,1.5768143271088775e-06
672,1.5765137959533604e-06
301,1.5750889019727765e-06
1815,1.570145286677871e-06
3640,1.5681342802054132e-06
1707,1.5660127701266902e-06
6420,1.5652211118322157e-06
4226,1.563465332310443e-06
607,1.5625013816134015e-06
7725,1.55256276457294e-06
3387,1.5499484220526938e-06
2182,1.549698367853125e-06
1543,1.549166313452588e-06
1321,1.5447433838744473e-06
1239,1.5427874586748658e-06
7595,1.535133037577907e-06
6302,1.5350022977145272e-06
2569,1.531805992271984e-06
1166,1.5298699054255849e-06
7303,1.5245967688315432e-06
7022,1.5213623782983632e-06
1021,1.5193657532108773e-06
5464,1.5101554708962794e-06
146,1.5088865552570496e-06
7467,1.5037877005852351e-06
3474,1.4984501603976241e-06
5238,1.4973805377849203e-06
2435,1.4964508636694518e-06
3697,1.4943423707336478e-06
805,1.4767159655093565e-06
2515,1.474332862017036e-06
313,1.4657158544650883e-06
676,1.4656454254691198e-06
7383,1.460691237298306e-06
6402,1.4575688851437008e-06
6333,1.4573981843568617e-06
5129,1.4570034636562923e-06
3995,1.4542553117280477e-06
5290,1.4456434200837975e-06
1598,1.444032136532769e-06
2402,1.443773669507209e-06
7021,1.4428876511374256e-06
5223,1.4412893278858974e-06
4365,1.4293575532065006e-06
4638,1.4286314353739726e-06
5516,1.4278305116022239e-06
5201,1.4241570056583441e-06
2420,1.4067080087443173e-06
1725,1.404457179887686e-06
2359,1.4041373219697562e-06
3182,1.4021923675500148e-06
5886,1.3923986443842296e-06
5556,1.3919637353865255e-06
5650,1.3887490695196902e-06
3504,1.3880396636523074e-06
26,1.3867588677385356e-06
5245,1.3854518101652502e-06
994,1.3835571053277818e-06
6490,1.3792489426123211e-06
3533,1.3778157494925836e-06
4009,1.3623974268739403e-06
5737,1.359560883429367e-06
3216,1.3555983287005802e-06
2898,1.351706089280924e-06
5187,1.3494279755832395e-06
929,1.3473010653797246e-06
191,1.341386280273582e-06
6946,1.3385077863858896e-06
2377,1.3384130852500675e-06
3288,1.3383607893047156e-06
2711,1.3360288448893698e-06
7263,1.3357333159547125e-06
446,1.3356607269088272e-06
3841,1.3312853184288542e-06
5749,1.3301825561029545e-06
4354,1.3293315532791894e-06
3599,1.3273887589093647e-06
7635,1.3242393492873816e-06
4406,1.3233081972430227e-06
4537,1.318532895311364e-06
4713,1.3175404660614731e-06
1968,1.3161071592548979e-06
7425,1.3154447628949129e-06
6364,1.3125082318765635e-06
1144,1.3055805538897403e-06
4652,1.3001676393287198e-06
7048,1.2983394412913185e-06
5457,1.2951169310326804e-06
3662,1.2936672533214733e-06
43,1.2887647926618229e-06
4672,1.288756152462156e-06
5110,1.2825453836740053e-06
4911,1.2719072515210428e-06
4335,1.2714086778942146e-06
5913,1.2690837820628076e-06
6829,1.2662383710448921e-06
7786,1.2652905070353881e-06
5185,1.2638392377084529e-06
4492,1.2587477158376714e-06
7216,1.2554746149362472e-06
3646,1.2519967071966676e-06
1688,1.2476834285735094e-06
5940,1.246159968104621e-06
6860,1.24577729820885e-06
276,1.245760984147637e-06
3457,1.2416310823937238e-06
998,1.240820779457863e-06
112,1.236810021509882e-06
986,1.2312513035794836e-06
4980,1.2207784152451495e-06
321,1.218204204178619e-06
1833,1.201857457999722e-06
2436,1.1961125778725545e-06
6455,1.193620846606791e-06
488,1.1803191455328488e-06
417,1.1787809057750565e-06
172,1.178660227196815e-06
6865,1.1783262152675889e-06
1926,1.1781443163272343e-06
989,1.1771948038585833e-06
3813,1.1754456750168174e-06
5095,1.1729580364772119e-06
2074,1.1723893180715095e-06
3738,1.171636483832117e-06
6269,1.1701151265697263e-06
7746,1.1608967724896502e-06
1503,1.1595117825891066e-06
1895,1.1550179692676465e-06
1115,1.1446850862739666e-06
1072,1.1405934969843656e-06
6095,1.1394468515391054e-06
1953,1.137438630394172e-06
3575,1.1310345371384756e-06
7351,1.1296875754851499e-06
2213,1.1266889146099857e-06
3513,1.1250489251324325e-06
7483,1.1246821713939426e-06
4870,1.123274728342949e-06
5640,1.123061963426153e-06
169,1.1216847610739933e-06
1303,1.1185755965925637e-06
5081,1.1130524626423721e-06
4305,1.1109528941233293e-06
610,1.108006927097449e-06
2623,1.1071023209296982e-06
5145,1.1063035572078661e-06
3819,1.1022036119356926e-06
7088,1.1008344813490112e-06
543,1.098766517770855e-06
1472,1.0942047197204374e-06
2978,1.0911899153143167e-06
7890,1.0896803814830491e-06
6336,1.0883921390814066e-06
5224,1.0860534871426353e-06
2931,1.0836786259460496e-06
3760,1.0834999102371512e-06
848,1.0821933642546355e-06
3934,1.0798420362334582e-06
549,1.079774733625527e-06
4248,1.0710848528105998e-06
6782,1.0658811220309872e-06
7447,1.0609040828057914e-06
7793,1.0607125204842305e-06
593,1.057999440945423e-06
6266,1.0572624660198926e-06
1103,1.057198971921025e-06
2215,1.0547664714977145e-06
1668,1.052280879321188e-06
1378,1.0495521109987749e-06
1591,1.0490589374967385e-06
7305,1.048402850756247e-06
6873,1.0473675615685352e-06
6381,1.0470260463080194e-06
85,1.040154415932193e-06
7358,1.039555684201332e-06
296,1.0356684470025357e-06
2490,1.0345544296797016e-06
4451,1.0335306797060184e-06
2123,1.0316737188986735e-06
7430,1.0296619734617707e-06
5669,1.0295518109160184e-06
4150,1.0281698337166745e-06
1744,1.0229780400550226e-06
1255,1.0212427810074587e-06
7548,1.020274396523746e-06
3739,1.0180154959016363e-06
5216,1.0178251841352903e-06
3215,1.0168814696953632e-06
44,1.0156771850233781e-06
5456,1.0140910262634861e-06
6616,1.013132191474142e-06
3679,1.0127738505616435e-06
3351,1.011227084291022e-06
3573,1.010414450774988e-06
7363,1.0103045156029111e-06
5022,1.0080383390231873e-06
523,1.0078740615426796e-06
7664,1.0063608897326048e-06
7965,1.0039833000519138e-06
1748,1.0027179655480722e-06
6479,1.0023102845480025e-06
2609,1.0014196050178725e-06
2155,9.979984838537348e-07
5657,9.979943627058674e-07
5275,9.957594784282264e-07
578,9.955704172170954e-07
5717,9.922975436893466e-07
3306,9.890157457448367e-07
7941,9.887230589811224e-07
5754,9.877975912786496e-07
7412,9.821604294302233e-07
5620,9.821088724493166e-07
3104,9.804518299461051e-07
1731,9.766205266714678e-07
7608,9.750471576808195e-07
766,9.748080458393815e-07
1339,9.738866424413573e-07
2353,9.729213843456819e-07
3235,9.72772681961942e-07
6155,9.724388405629725e-07
551,9.719819900055882e-07
7745,9.66632626386854e-07
2690,9.612572000605724e-07
6596,9.60184365794703e-07
3489,9.596867585059954e-07
2538,9.59129266675518e-07
6253,9.567814061028912e-07
7883,9.56338965352188e-07
3583,9.539332666008704e-07
1373,9.505583307145571e-07
6386,9.501457896021748e-07
7803,9.495655604041531e-07
3905,9.426691747194127e-07
3158,9.388687089995074e-07
3413,9.357297585665947e-07
2555,9.330949808372679e-07
4069,9.327717123142065e-07
3484,9.298927352574538e-07
5218,9.292747904510179e-07
474,9.271116425679793e-07
7080,9.269784584375884e-07
205,9.261820537176391e-07
6204,9.241176144314522e-07
2559,9.233567368482909e-07
3279,9.217141041517607e-07
3465,9.195767916025943e-07
2251,9.1917382860629e-07
616,9.171800172680378e-07
3356,9.167181076463748e-07
6970,9.109979828281212e-07
5135,9.098755526792957e-07
6746,9.089209811463661e-07
4973,9.07042476683273e-07
4001,9.054451766132843e-07
6731,9.027617693391221e-07
4851,9.021624407523632e-07
4758,9.001556691146106e-07
3789,8.978950916116446e-07
6928,8.973673288892314e-07
1727,8.969187490492914e-07
7968,8.962389017597161e-07
1901,8.943572993302951e-07
6037,8.868678946782893e-07
1117,8.825084023555974e-07
2011,8.810749250187655e-07
5697,8.80216703080805e-07
7074,8.793372217041906e-07
5132,8.782852205513336e-07
2633,8.775584774411982e-07
1583,8.756208274007804e-07
67,8.746548871840787e-07
6115,8.690504955666256e-07
6749,8.688791979238886e-07
3348,8.67051909381189e-07
3251,8.664277970638068e-07
1863,8.652935150621488e-07
3873,8.6436884316754e-07
1388,8.61779938077234e-07
3046,8.596158806994936e-07
4783,8.568882776671671e-07
1009,8.564505833419389e-07
5362,8.55515338571422e-07
988,8.540739031559497e-07
3446,8.538764291188272e-07
949,8.522538905708643e-07
4194,8.519328389411385e-07
2090,8.508669964157889e-07
3710,8.4917340359425e-07
3523,8.479072164391255e-07
2426,8.459249727366114e-07
5690,8.449278539046645e-07
1618,8.43741304379364e-07
553,8.42952516677542e-07
1466,8.428619366895873e-07
2758,8.424388511230063e-07
4185,8.409525378283433e-07
7396,8.370496118459414e-07
1010,8.333116454650735e-07
3740,8.332494019214209e-07
7637,8.330380580900965e-07
505,8.28742059866272e-07
5671,8.285940396035585e-07
4464,8.281018608613522e-07
636,8.263821484888467e-07
2387,8.244151388225873e-07
7701,8.234571851062356e-07
3604,8.20804984869028e-07
6539,8.175338166438451e-07
763,8.17306585076949e-07
4741,8.129655100219679e-07
1201,8.113478600080271e-07
535,8.111000511235034e-07
2266,8.108274016649375e-07
682,8.102210529159493e-07
2561,8.071726540492818e-07
6311,8.046487494084431e-07
3971,8.03679085947806e-07
2539,7.995234625468584e-07
2687,7.986334935594641e-07
304,7.983565524227743e-07
651,7.977958489391312e-07
234,7.97708139543829e-07
796,7.975391156378464e-07
3960,7.964269457261253e-07
3908,7.914362356586935e-07
7918,7.895636144894524e-07
5941,7.893555675764219e-07
7533,7.889795199389482e-07
4930,7.853262786738924e-07
7105,7.84870280767791e-07
6698,7.829910941836715e-07
3628,7.694124803947489e-07
1295,7.689893948281679e-07
7692,7.68909501402959e-07
5595,7.656769014374731e-07
5510,7.652386386780563e-07
5107,7.635045164988696e-07
6136,7.628289608874184e-07
419,7.602457117172889e-07
2067,7.598624733873294e-07
3144,7.587572383727093e-07
6300,7.586146466564969e-07
4922,7.559818868685397e-07
4490,7.558791139672394e-07
3744,7.545671678599319e-07
4844,7.536236523719708e-07
3019,7.534194992331322e-07
3449,7.531928929438436e-07
6609,7.514636024552601e-07
5425,7.514346407333505e-07
7171,7.507371719839284e-07
7352,7.470500236195221e-07
5190,7.46806875895345e-07
1656,7.461500786121178e-07
5013,7.414603828692634e-07
4173,7.410748708025494e-07
5230,7.409543343328551e-07
3401,7.382759008578432e-07
4441,7.36874824269762e-07
6718,7.33597772750727e-07
4134,7.334332963182533e-07
5762,7.332724294428772e-07
3601,7.327670914492046e-07
4517,7.320516033360036e-07
748,7.318863026739564e-07
7900,7.312302159334649e-07
1243,7.301325695152627e-07
7873,7.294790691503295e-07
2851,7.286770369319129e-07
3703,7.26773521364521e-07
2425,7.26758202063138e-07
6284,7.26257326277846e-07
3192,7.25871018403268e-07
931,7.25113864064042e-07
5800,7.240348622872261e-07
1459,7.229071457004466e-07
1511,7.226367415569257e-07
3453,7.209696377685759e-07
8000,7.197518812063208e-07
23,7.1962767833611e-07
7521,7.188536415014823e-07
339,7.166831892391201e-07
7813,7.152312377911585e-07
2803,7.138513353766029e-07
733,7.13155003495558e-07
2834,7.111959803296486e-07
3928,7.092328928592906e-07
605,7.051718000639084e-07
5667,7.040510467959393e-07
4932,7.023490979918279e-07
7764,7.019673660124681e-07
1565,6.98175369961973e-07
975,6.970422248286923e-07
4469,6.970184642796085e-07
5003,6.96173316327986e-07
262,6.958080689400958e-07
882,6.948205566459364e-07
3868,6.94094211439733e-07
5880,6.935266014806984e-07
6348,6.927200502104824e-07
2547,6.927115521193628e-07
7403,6.908276759531873e-07
2394,6.883952039515862e-07
4063,6.853279614915664e-07
6363,6.844312565590371e-07
6293,6.830234440258209e-07
7699,6.826145977356646e-07
5734,6.821509828114358e-07
5262,6.812672097566974e-07
1176,6.801040797199676e-07
844,6.779729915251664e-07
5403,6.755595336471742e-07
933,6.75335655841991e-07
6472,6.724411605318892e-07
2882,6.710787658903428e-07
6198,6.708575597258459e-07
5978,6.69082083959438e-07
464,6.679862281089299e-07
3904,6.67262554543413e-07
7520,6.655070876604441e-07
5170,6.653908428688737e-07
2920,6.642445100624172e-07
6104,6.640880201302934e-07
7082,6.636394971337722e-07
5150,6.635159195411688e-07
6886,6.613458651827386e-07
3532,6.603195004117879e-07
5020,6.598983475214482e-07
5273,6.596025059479871e-07
5174,6.571318067472021e-07
1312,6.552811555593507e-07
6047,6.550820046413719e-07
1642,6.546562758558139e-07
19,6.537053991451103e-07
6635,6.515724066957773e-07
2138,6.483053027750429e-07
1846,6.477843612628931e-07
3073,6.473554776675883e-07
3699,6.446304325891106e-07
2247,6.41690917291271e-07
809,6.414563529233419e-07
6147,6.376683643338765e-07
438,6.364682292314683e-07
119,6.360990312259673e-07
5982,6.353450316964881e-07
6216,6.333389706014714e-07
4172,6.331951567517535e-07
3966,6.293628302955767e-07
3509,6.261705323140632e-07
7099,6.219524379957875e-07
361,6.214597760845209e-07
7729,6.203682687555556e-07
1709,6.155602818580519e-07
2049,6.152034472961532e-07
277,6.150393119241926e-07
5429,6.132502790023864e-07
6219,6.110067261033691e-07
2519,6.09943754170672e-07
6286,6.091451041356777e-07
4411,6.077553393879498e-07
1854,6.057939572201576e-07
4733,6.050192951079225e-07
6233,6.044629685675318e-07
5786,6.039847448846558e-07
6989,6.038992808043986e-07
2000,6.025698837675009e-07
6669,6.021098784003698e-07
1657,6.009092032854824e-07
7567,6.001562553592521e-07
1805,5.9972524013574e-07
5923,5.993710203711089e-07
3954,5.97646589994838e-07
114,5.964172657968447e-07
5841,5.951388004632463e-07
3427,5.934724640610511e-07
1994,5.902260511447821e-07
5096,5.89984551879752e-07
5065,5.892025285447744e-07
5085,5.876299553619901e-07
566,5.875008355360478e-07
4049,5.873242230336473e-07
2888,5.867778156698478e-07
3895,5.865373111646477e-07
4242,5.838303422933677e-07
3498,5.832727651977621e-07
7810,5.812107133351674e-07
1004,5.806452634260495e-07
3992,5.803885869681835e-07
7814,5.802850466807286e-07
5421,5.788624548586085e-07
1550,5.788097610093246e-07
6145,5.78368741344093e-07
2855,5.778044567250618e-07
6558,5.775915212780092e-07
6056,5.76430750243162e-07
1899,5.753890945925377e-07
7192,5.75298116700651e-07
4686,5.73755670529863e-07
4742,5.709422055133473e-07
4241,5.705519470211584e-07
2741,5.704546310880687e-07
7315,5.703157341940823e-07
5892,5.698123572983604e-07
249,5.695005711459089e-07
4471,5.68595766026192e-07
2309,5.681326911144424e-07
6869,5.670361815646174e-07
6260,5.664988691478356e-07
3344,5.66147718927823e-07
4566,5.654666779264517e-07
4879,5.648406045111187e-07
6593,5.642885128054331e-07
1382,5.636148614485137e-07
999,5.6069950460369e-07
5070,5.603835688816616e-07
3433,5.603176589374925e-07
4810,5.602068995358422e-07
4775,5.600292922736116e-07
1714,5.600123529347911e-07
2792,5.600086296908557e-07
142,5.575495265475183e-07
366,5.574393355800566e-07
7906,5.568784899878665e-07
3239,5.549964043893851e-07
1666,5.538107643587864e-07
116,5.492563275311113e-07
2588,5.49145170225529e-07
2940,5.485820793182938e-07
4481,5.483833831476659e-07
5522,5.480556808379333e-07
189,5.479941194153071e-07
476,5.474188355947263e-07
6187,5.473362136854121e-07
1882,5.470505186622177e-07
7321,5.461973273668264e-07
4779,5.453030951230176e-07
5574,5.449526554457407e-07
4403,5.449305433558038e-07
7316,5.441644077563978e-07
5298,5.428229314929922e-07
7775,5.421973128250102e-07
1110,5.418054342953837e-07
308,5.415898840510636e-07
6595,5.390211867961625e-07
6254,5.382078427373926e-07
5920,5.381406253945897e-07
5171,5.339936421933089e-07
7435,5.326821224116429e-07
1489,5.317059503795463e-07
3390,5.315306168540701e-07
5375,5.308428114858543e-07
2529,5.302824490627245e-07
440,5.302761962866498e-07
5577,5.271689644814614e-07
180,5.262879199108284e-07
5465,5.260472448753717e-07
7505,5.257647615053429e-07
2218,5.256060546798835e-07
1258,5.250193453321117e-07
4722,5.24651881050886e-07
7955,5.232425053236511e-07
7956,5.219476406637114e-07
5021,5.212773714902141e-07
6064,5.183287612453569e-07
7536,5.165847767329979e-07
6023,5.160762839295785e-07
6091,5.154363407200435e-07
1782,5.152679705133778e-07
965,5.142330792295979e-07
1850,5.124168751535763e-07
2275,5.121597439483594e-07
2528,5.117700823120686e-07
7884,5.104955391743715e-07
105,5.102091904518602e-07
266,5.097454618407937e-07
726,5.087996157726593e-07
890,5.078726985630055e-07
1395,5.073390525467403e-07
6193,5.023252072078321e-07
2582,5.007183858651842e-07
236,5.00590658703004e-07
7222,5.002230523132312e-07
7490,4.990907029878144e-07
134,4.990399702364812e-07
4409,4.988119712834305e-07
4630,4.976238301424019e-07
5436,4.974867238161096e-07
7833,4.973380782757886e-07
7584,4.971395810571266e-07
4749,4.968195241872309e-07
1450,4.967730546923121e-07
5509,4.96653257187063e-07
4494,4.962023751886591e-07
1349,4.959962467410151e-07
5469,4.90664945118624e-07
215,4.887213549409353e-07
1189,4.886952069682593e-07
447,4.885254725195409e-07
6251,4.872896397500881e-07
5121,4.868764307275342e-07
5075,4.846005197123304e-07
4526,4.83112330584845e-07
4515,4.816587306777365e-07
648,4.815378957800931e-07
2437,4.800777446689608e-07
7110,4.795441839178238e-07
7874,4.788397802713007e-07
516,4.78761876365752e-07
4522,4.781046953894474e-07
6526,4.780767710599321e-07
7529,4.763390109019383e-07
7974,4.7608915565433563e-07
5370,4.7597440300251037e-07
7966,4.7471449704517e-07
2932,4.745534312178279e-07
3963,4.721927950868121e-07
3734,4.7140872538875556e-07
7830,4.7133320890679897e-07
1914,4.7061357122402114e-07
4670,4.7049465479176433e-07
5441,4.701606997059571e-07
6584,4.688274941599957e-07
1429,4.67944033744061e-07
2068,4.673978111213728e-07
1781,4.6691897637174407e-07
4476,4.6677882892254274e-07
1695,4.66120511077861e-07
1033,4.660396655253862e-07
7443,4.651582230508211e-07
6987,4.643233637580124e-07
710,4.6428358757566457e-07
7670,4.642661224352196e-07
3346,4.6180549873042764e-07
5459,4.611317336866705e-07
3911,4.609237720387682e-07
5183,4.6036497280965705e-07
3961,4.6008807430553134e-07
6655,4.594513711708714e-07
1537,4.593159133037261e-07
7149,4.5880545940235606e-07
15,4.5803309944858484e-07
6223,4.575420291530463e-07
3190,4.5754073596526723e-07
1313,4.5686078919970896e-07
4904,4.5644057422578044e-07
4015,4.552434234028624e-07
88,4.5494556388803176e-07
2029,4.530561739102268e-07
5148,4.526282282313332e-07
4455,4.5080690824761405e-07
4664,4.5036782125862374e-07
1958,4.503175006220772e-07
1600,4.475255366287456e-07
2169,4.4670630927612365e-07
7694,4.465574363621272e-07
3931,4.4643128660482034e-07
2003,4.4626236217482074e-07
4022,4.4582357361377944e-07
3698,4.457413496083973e-07
1012,4.443445931201495e-07
614,4.442987062702741e-07
3959,4.442199923460066e-07
4763,4.439916096998786e-07
2845,4.438823424379734e-07
5281,4.427607507295761e-07
224,4.422415429417015e-07
1990,4.420372903268799e-07
5916,4.4182468172948575e-07
1428,4.404727178553003e-07
2094,4.3957604134448047e-07
2010,4.392495611682534e-07
7155,4.3918892345118365e-07
3167,4.3879208533326164e-07
5062,4.3830672780131863e-07
955,4.3755778733611805e-07
2328,4.3678790007106727e-07
3605,4.3660165260916983e-07
4796,4.357816010269744e-07
251,4.3571752428306354e-07
1881,4.3501709967586066e-07
4045,4.3470515720400726e-07
5214,4.3389820802985923e-07
7566,4.335267647093133e-07
6282,4.335120138421189e-07
5266,4.3318685527538037e-07
5741,4.327719977936795e-07
3919,4.3229988477833103e-07
206,4.322763800246321e-07
6828,4.3224520140938694e-07
4115,4.314538557537162e-07
2371,4.3108137504077604e-07
7748,4.308659526941483e-07
499,4.3069691457731096e-07
1337,4.290850910138033e-07
347,4.2802757604931685e-07
7528,4.2802233224392694e-07
5353,4.264024653366505e-07
2863,4.258198913476008e-07
4110,4.2503947383920604e-07
3130,4.2418749046646553e-07
3221,4.228061101230196e-07
5780,4.2270538358479826e-07
1617,4.217278899432131e-07
3007,4.2166726643699803e-07
4183,4.2163884472756763e-07
4251,4.215698510279253e-07
1139,4.2156389667979965e-07
2186,4.210792639014471e-07
3009,4.2046625026159745e-07
7267,4.189995763681509e-07
4334,4.1772963754738157e-07
2638,4.1762325508898357e-07
2260,4.15381165908002e-07
6418,4.1527204075464397e-07
6997,4.138160960565074e-07
7781,4.1324723554225784e-07
7933,4.131327671075269e-07
5212,4.1303805176085007e-07
7034,4.1297661823591625e-07
7860,4.127313530943866e-07
3831,4.1249285231970134e-07
6523,4.1166677533510665e-07
5279,4.1142521922665765e-07
6199,4.114173464131454e-07
1606,4.1131873729227664e-07
1736,4.1013313989424205e-07
1242,4.099956640857272e-07
7268,4.0970959958031017e-07
7720,4.092222383178523e-07
3089,4.091267840067303e-07
6129,4.0807742607285036e-07
2120,4.0756953012532904e-07
3719,4.064333580799939e-07
5041,4.0631373110500135e-07
278,4.0602432704872626e-07
5071,4.0562676417721377e-07
1997,4.0480485097305063e-07
1904,4.0466849782205827e-07
7170,4.0430229830690223e-07
1305,4.0317642913123564e-07
2314,3.9975394372504525e-07
3250,3.9950660379872716e-07
7165,3.9874558410701866e-07
7607,3.9805374285606376e-07
4625,3.976932276827938e-07
1906,3.9742404567277845e-07
5798,3.97087205783464e-07
3008,3.948237718987002e-07
1823,3.938157533411868e-07
3285,3.9367641591070424e-07
1419,3.9364633153127215e-07
2356,3.930953340613996e-07
5849,3.9277293240047584e-07
7666,3.925708966789898e-07
3515,3.912456918442331e-07
7221,3.90963123209076e-07
7846,3.9078207692000433e-07
4518,3.90570875197227e-07
6846,3.89815667745097e-07
7460,3.8935279178531346e-07
3022,3.8741561070310127e-07
624,3.86831416676614e-07
545,3.8592915529989114e-07
5002,3.857474979440667e-07
6551,3.857137613749728e-07
1304,3.856646912936412e-07
7678,3.85614555398206e-07
4945,3.849400087574395e-07
580,3.848027603226001e-07
5257,3.840566193957784e-07
7685,3.8381401168408047e-07
2843,3.836045436855784e-07
698,3.830038366459121e-07
4695,3.826423409236668e-07
2530,3.824337113655929e-07
5594,3.8224951026677445e-07
1643,3.819936154059178e-07
4794,3.807364805652469e-07
6724,3.8064045781993627e-07
2909,3.8041477523620415e-07
4800,3.803492205634029e-07
6452,3.799236765189562e-07
3172,3.795093874714439e-07
6344,3.7892387183546816e-07
6785,3.779182691232563e-07
221,3.7775996020172897e-07
7181,3.769957999111284e-07
5779,3.7664212015897647e-07
1120,3.761136895263917e-07
7148,3.75952453168793e-07
2713,3.758932649589042e-07
4158,3.7570438848888443e-07
2938,3.7527298957229505e-07
6781,3.7501884264656837e-07
467,3.745961691947741e-07
2346,3.740859426670795e-07
458,3.7368765504197654e-07
4830,3.736373201945753e-07
5280,3.724605193156094e-07
5502,3.722956165574942e-07
6189,3.7215731651940587e-07
744,3.7178298839535273e-07
6491,3.716473315762414e-07
7224,3.711884488666328e-07
4454,3.7102452665749297e-07
571,3.7062096680529066e-07
3101,3.70430939256039e-07
2119,3.7008044273534324e-07
4257,3.700084221236466e-07
5662,3.698952184549853e-07
3095,3.696141988029922e-07
5365,3.694453880598303e-07
2969,3.6921360901942535e-07
2557,3.6819578497215844e-07
4616,3.6801856140300515e-07
5193,3.677641586818936e-07
5915,3.677246809274948e-07
7543,3.676920954376328e-07
850,3.671286776807392e-07
7671,3.6680769710528693e-07
30,3.6645418788339157e-07
600,3.662374297164206e-07
655,3.661830447754255e-07
6871,3.652327222880558e-07
1696,3.6431207206533145e-07
4393,3.637004653000986e-07
7869,3.634591934087439e-07
948,3.612891532611684e-07
7005,3.611270784631415e-07
6511,3.603598486279225e-07
7125,3.582886449748912e-07
808,3.5792375285836897e-07
6759,3.579150131827191e-07
7040,3.569908528788801e-07
3177,3.569285951243728e-07
2187,3.566315882608251e-07
5756,3.5630351646886993e-07
164,3.561397932116961e-07
6327,3.552494831637887e-07
2733,3.551195391082729e-07
2310,3.550343166125458e-07
4940,3.545710285379755e-07
6138,3.5437886936051655e-07
6567,3.543612763223791e-07
7340,3.5423521183020057e-07
5381,3.539490904813647e-07
1977,3.535648858132845e-07
6734,3.523256140169906e-07
2833,3.5221020766584843e-07
6784,3.5190622327263554e-07
3403,3.5149462007666443e-07
7867,3.5145154697602266e-07
7518,3.513325879112017e-07
6248,3.5120483232731203e-07
7084,3.509815940105909e-07
3307,3.5091841255052714e-07
1552,3.508068715518675e-07
4087,3.4970815931956167e-07
5155,3.496432015026585e-07
4745,3.494160694117454e-07
5471,3.4889123412540357e-07
5485,3.484927333374799e-07
2960,3.484586130753087e-07
5412,3.482192170167764e-07
4309,3.4761445988351625e-07
7127,3.474868890407379e-07
686,3.460124560206168e-07
6146,3.4600172682530683e-07
4416,3.4528821402091125e-07
2362,3.449844570013738e-07
2540,3.4354725642060657e-07
7015,3.434928856904662e-07
2206,3.422892120852339e-07
3942,3.4201491416752106e-07
1602,3.418242471298072e-07
5692,3.4145840288601903e-07
4054,3.413161806520293e-07
3500,3.406771611480508e-07
6192,3.403792447898013e-07
5050,3.392829910353612e-07
6947,3.3915898711711634e-07
5347,3.3886490768963995e-07
3651,3.3873030247377756e-07
1590,3.386317359854729e-07
3274,3.3809781996296806e-07
5023,3.373905030912283e-07
7643,3.3708616342664754e-07
5909,3.368093501876501e-07
7208,3.365363738794258e-07
214,3.361381430977417e-07
2827,3.3554459832885186e-07
4550,3.3545447308824805e-07
1624,3.350368587007324e-07
6866,3.3471289384578995e-07
5797,3.3388698739145184e-07
7190,3.334522773457138e-07
3432,3.3321039438760636e-07
7577,3.3132444343664247e-07
5603,3.312354692752706e-07
7527,3.3107251340425137e-07
3435,3.3064696935980464e-07
14,3.3023080447946995e-07
6139,3.300003044159894e-07
2975,3.2956363327230065e-07
7645,3.2927798088167037e-07
2553,3.292715575753391e-07
6522,3.2883252742976765e-07
7245,3.287339467306083e-07
3247,3.287107688265678e-07
2368,3.284715717200015e-07
2669,3.277404232449044e-07
3455,3.2676538808118494e-07
558,3.255203750995861e-07
3781,3.24716523891766e-07
7432,3.2471284328039474e-07
2255,3.2462462229432276e-07
2289,3.245019257747117e-07
3720,3.2385874249030167e-07
3106,3.237815775491981e-07
6485,3.2356931001231715e-07
3881,3.2345687372981047e-07
4679,3.2340068401026656e-07
7472,3.221187512281176e-07
1123,3.2187011811402044e-07
1912,3.216360937585705e-07
60,3.2141899453108635e-07
3704,3.207295122820142e-07
4359,3.203013818620093e-07
529,3.20134986964149e-07
6385,3.198397138248765e-07
1975,3.1942759903813567e-07
2619,3.192107413951817e-07
6697,3.1905253194963734e-07
6861,3.182868937301464e-07
5716,3.182769887644099e-07
1272,3.177778182816837e-07
6156,3.177196674641891e-07
5176,3.174520912807566e-07
6804,3.1713796033727704e-07
1431,3.170942761698825e-07
125,3.1708513859030063e-07
6790,3.170304410105018e-07
1840,3.168957221078017e-07
774,3.163263073702183e-07
4139,3.1571920544593013e-07
759,3.149805962721075e-07
3419,3.147945903947402e-07
717,3.142540805356475e-07
1932,3.1419027379797626e-07
4468,3.14051121108605e-07
3469,3.140356170661107e-07
646,3.138823956305714e-07
2487,3.133417152412221e-07
1967,3.130232357761997e-07
1628,3.125214789179154e-07
3883,3.125175993545781e-07
3059,3.124600169712721e-07
6098,3.12309580863257e-07
2592,3.1226701935338497e-07
3717,3.1225205532336986e-07
5115,3.1178839776657696e-07
7424,3.117028910537556e-07
2461,3.1099790476218914e-07
5792,3.0963758490543114e-07
5681,3.089108560061504e-07
6194,3.088715629928629e-07
816,3.084166024791557e-07
1162,3.082891026906509e-07
547,3.077533818895972e-07
507,3.0763141012357664e-07
4593,3.0737257361579395e-07
3736,3.069885252671156e-07
2082,3.057552930840757e-07
2563,3.0463957045867573e-07
5484,3.041680400883706e-07
6512,3.041557761207514e-07
2236,3.039715181785141e-07
2418,3.039396574422426e-07
4690,3.0374292236956535e-07
6054,3.036683722257294e-07
4228,3.0345852053415e-07
7404,3.016784404508144e-07
7038,3.016098588659588e-07
5274,3.0150708596465847e-07
7550,3.0026188824194833e-07
2868,2.999261710101564e-07
585,2.998843058321654e-07
4298,2.9967063142066763e-07
7294,2.991088763337757e-07
6851,2.986956246786576e-07
4378,2.984009768169926e-07
5857,2.9789050870476785e-07
2665,2.9655365096914466e-07
7280,2.96463866789054e-07
3347,2.962471654655019e-07
1044,2.958640976657989e-07
2933,2.9584047922526224e-07
5944,2.9529185496812715e-07
6974,2.942920218629297e-07
6903,2.9297437720288144e-07
3460,2.9191861017352494e-07
5490,2.9160460712773784e-07
5691,2.914827774702644e-07
1797,2.911353931267513e-07
7081,2.883661238683999e-07
5235,2.879018126122901e-07
6487,2.8751728109455144e-07
863,2.8712148036902363e-07
3273,2.869081185963296e-07
107,2.8598459778095275e-07
3768,2.857688912172307e-07
3223,2.8566937260166014e-07
7227,2.856314722521347e-07
1244,2.8523088246856787e-07
902,2.842570410166445e-07
1536,2.8416920372364984e-07
6033,2.824366021059177e-07
5573,2.8181312927699764e-07
3371,2.8180470224015153e-07
1753,2.812764137161139e-07
466,2.810750459047995e-07
6739,2.809192523045567e-07
1577,2.804901555464312e-07
517,2.801787957196211e-07
5750,2.7983145400867215e-07
4730,2.7977343108887e-07
3588,2.7905171862130373e-07
4330,2.7883524467142706e-07
387,2.784710062542217e-07
977,2.7817776526717353e-07
407,2.7782292022493493e-07
4644,2.773432612457327e-07
2142,2.771516278698982e-07
5621,2.7687372039508773e-07
2344,2.7683427106239833e-07
5000,2.7656170686896075e-07
3099,2.7635913113499555e-07
6547,2.762614741413927e-07
995,2.760374115950981e-07
2874,2.7602251861935656e-07
48,2.7556949078189064e-07
4217,2.750265082340775e-07
705,2.750215628566366e-07
5542,2.749896168552368e-07
4952,2.7445071282272693e-07
1165,2.743945088923283e-07
6532,2.7397332758027915e-07
6469,2.7357714316167403e-07
3788,2.7350741049758653e-07
4895,2.7245847888934804e-07
1704,2.724543435306259e-07
4946,2.7234904109718627e-07
629,2.71835205012394e-07
6847,2.7171176952833775e-07
383,2.71367511572862e-07
5125,2.711584983217108e-07
5914,2.7088091769655875e-07
4611,2.703853141383661e-07
664,2.7028215754398843e-07
4504,2.7021926030101895e-07
7928,2.701006849292753e-07
7973,2.699462413602305e-07
6859,2.6953871667956264e-07
7522,2.694086589372091e-07
5646,2.6939019903693406e-07
6034,2.689875913119977e-07
3402,2.6890781157362653e-07
3131,2.688391731453521e-07
5146,2.684718936052377e-07
3880,2.6840170619379933e-07
4570,2.682647419760542e-07
2840,2.681960040717968e-07
2944,2.6764340077534143e-07
2019,2.661868307995974e-07
7963,2.6472909553376667e-07
4174,2.6468421765457606e-07
5391,2.6402872776998265e-07
4358,2.639509943946905e-07
950,2.639112892666162e-07
4382,2.635430575992359e-07
2811,2.634877915852485e-07
3334,2.616528007592933e-07
3294,2.607930298381689e-07
13,2.6069000114148366e-07
159,2.601705659799336e-07
861,2.6016698484454537e-07
7618,2.5985109175508114e-07
430,2.5965394456761715e-07
2551,2.59622765952372e-07
3164,2.593585861632164e-07
1807,2.5922074087247893e-07
1494,2.587154455113705e-07
4824,2.586595400089209e-07
2862,2.5863511154966545e-07
1601,2.586020855233073e-07
6388,2.5855413809949823e-07
4846,2.5852210683297017e-07
1884,2.5838964745616977e-07
2637,2.5789429969336197e-07
1808,2.576367847950678e-07
2220,2.5758001243048056e-07
1288,2.5723869612193084e-07
1331,2.5716467177971936e-07
416,2.5637464773353713e-07
6312,2.5624810007229826e-07
2707,2.551647924065037e-07
6246,2.5471737785665027e-07
7391,2.5299004846601747e-07
6530,2.522062629850552e-07
7128,2.518530806128183e-07
3169,2.517107162702814e-07
5498,2.5157831373689987e-07
4600,2.5127964420335047e-07
2755,2.512293804102228e-07
6588,2.511192604970347e-07
59,2.5039352635758405e-07
6521,2.5031863515323494e-07
7235,2.497387470157264e-07
6109,2.496040565347357e-07
7246,2.493463284736208e-07
5222,2.490145760702944e-07
4781,2.4867020442798093e-07
3361,2.479697087665045e-07
3804,2.479187912740599e-07
6850,2.4762294970059884e-07
2696,2.47547745857446e-07
5883,2.472542348641582e-07
6773,2.470329576453878e-07
3946,2.4649482099903253e-07
7118,2.46433671691193e-07
1630,2.459217398609326e-07
331,2.4588683800175204e-07
4160,2.4499570372427115e-07
6382,2.4489874306254933e-07
4163,2.4456944913708867e-07
4387,2.4437788681552775e-07
3892,2.4377318652568647e-07
2521,2.4323985314822494e-07
6689,2.423799969619722e-07
1377,2.421074185576799e-07
7857,2.4194286396550524e-07
4425,2.4157700551086236e-07
3266,2.4144645749402116e-07
7470,2.4130764586516307e-07
4011,2.412849511301829e-07
7987,2.411759325582352e-07
2441,2.4116144459185307e-07
2962,2.411315733752417e-07
7972,2.4099389861476084e-07
4178,2.408758774663511e-07
4603,2.4044766888664526e-07
7096,2.3982326524674136e-07
7712,2.3958889983077825e-07
4770,2.389992772577898e-07
7070,2.3876743426853864e-07
5807,2.3870643417467363e-07
5458,2.3823478301210343e-07
1159,2.3797202430841935e-07
1017,2.3762260781268196e-07
1097,2.37557912896591e-07
6030,2.375226202389058e-07
4255,2.373720136006341e-07
6998,2.3718844488485047e-07
5854,2.3690618888849713e-07
2816,2.362612434581024e-07
5175,2.3578775198984658e-07
5166,2.354349177835502e-07
5583,2.349823517988625e-07
2739,2.346382359519339e-07
2760,2.3418715500156395e-07
3675,2.3335816479175264e-07
2520,2.332990476361374e-07
1556,2.3300044205143422e-07
3518,2.3289604911269635e-07
4434,2.328714572286117e-07
4908,2.3284690087166382e-07
5960,2.3238290225435776e-07
2954,2.322202874438517e-07
4704,2.3200389875910332e-07
4199,2.3113193492463324e-07
6090,2.306087907300025e-07
7442,2.3035688201389348e-07
2211,2.2995947546178286e-07
1090,2.292829464067836e-07
2598,2.2823827805495966e-07
7534,2.280008715160875e-07
7185,2.2758992912486065e-07
1972,2.2723436643445893e-07
7297,2.2692547219094195e-07
1361,2.267558159019245e-07
4701,2.262644400730096e-07
2408,2.2595540372094547e-07
4939,2.256774251918614e-07
5986,2.2450691972153436e-07
2248,2.2438825197923506e-07
1621,2.2379762043556184e-07
6230,2.2367495233766022e-07
4788,2.2352446649165358e-07
5086,2.2297889756828226e-07
1892,2.2257936649339172e-07
93,2.225038713277172e-07
789,2.2232741514471854e-07
7319,2.2204255145652496e-07
4684,2.2138040378649748e-07
7347,2.2131406041125956e-07
1063,2.2083938233663503e-07
2581,2.196178598978804e-07
856,2.195665445015038e-07
2552,2.192867469830162e-07
1982,2.1915847270292943e-07
3979,2.1906257785531125e-07
713,2.1889224655069484e-07
7426,2.1886965839712502e-07
7823,2.188063632502235e-07
5378,2.1834621577454527e-07
3277,2.1734410182716601e-07
7583,2.170540298607193e-07
342,2.1661243465587177e-07
5652,2.164391474934746e-07
6264,2.161786341048355e-07
1451,2.1582426512622988e-07
2612,2.152848708192323e-07
2512,2.151559144181192e-07
2369,2.1445909226258664e-07
692,2.1377699255253901e-07
5233,2.1370039604562407e-07
956,2.1365847402421423e-07
7908,2.129613747570147e-07
2681,2.1247393533485592e-07
7981,2.1231537772337106e-07
4316,2.1129530125563178e-07
2173,2.1106934866566007e-07
2844,2.1073899603152313e-07
3838,2.1072379752240522e-07
4916,2.1057474697272482e-07
3036,2.1056797550045303e-07
2322,2.105228347204502e-07
6705,2.1049800125183538e-07
7763,2.097026055025708e-07
3105,2.092924447083533e-07
5994,2.09177294152596e-07
5337,2.0842840342538693e-07
7723,2.0836273506574798e-07
6525,2.082928318714039e-07
1480,2.0817286383589817e-07
900,2.0812131396041877e-07
2915,2.0795020816422038e-07
716,2.075317624417039e-07
5363,2.057698083035575e-07
1366,2.0573229164710938e-07
6442,2.0566618275097426e-07
5952,2.0531756206310092e-07
4256,2.046377929332266e-07
4198,2.0367213693361919e-07
7733,2.0315745530297136e-07
6444,2.0299900427289685e-07
2088,2.018326412667193e-07
7735,2.016646192259941e-07
4984,2.00969694219566e-07
1799,2.0082698881651595e-07
7251,2.000668999357913e-07
3714,2.0000032918687793e-07
993,1.9996647893094632e-07
6980,1.993387428456117e-07
2902,1.9931517414306654e-07
5158,1.9869113998538523e-07
1074,1.9840820186800556e-07
5946,1.9819508167984168e-07
707,1.980356358899371e-07
688,1.9784760496577292e-07
5419,1.9763288605645357e-07
290,1.9740610923690838e-07
5613,1.9724069488802343e-07
6627,1.959123068218105e-07
6331,1.9539015028158246e-07
2631,1.9507164239485064e-07
7035,1.9495244885092688e-07
3377,1.9442347110043556e-07
4014,1.9415868734995456e-07
5332,1.9405091222779447e-07
7539,1.939746070434012e-07
1942,1.937250715400296e-07
3885,1.934716493678934e-07
5846,1.92966652434734e-07
6643,1.927468460394266e-07
1993,1.9271146101118575e-07
2892,1.9202124690309574e-07
3524,1.9199248413315217e-07
4332,1.919615257861551e-07
4595,1.9167329412539402e-07
3335,1.914093203936318e-07
465,1.913998843861009e-07
735,1.909735303229354e-07
724,1.9074847301681075e-07
3191,1.9068296097657367e-07
3889,1.903652631085606e-07
4986,1.9035864795569069e-07
6406,1.9003169882125803e-07
7279,1.898872810102148e-07
6259,1.8929732448214054e-07
4236,1.8927652689626484e-07
5357,1.8879359942047813e-07
3445,1.8872586338147812e-07
156,1.8871369178441455e-07
4193,1.8853838668064782e-07
5191,1.8843458349238063e-07
6188,1.8818208502580092e-07
2105,1.8771530818639803e-07
7067,1.8738608531521095e-07
7822,1.8732815476596443e-07
6191,1.869560364298195e-07
7688,1.8687108394033203e-07
4604,1.866099736957949e-07
2534,1.862758765014405e-07
5751,1.8624025699409685e-07
5344,1.8619309827272446e-07
6509,1.8611780205901596e-07
1531,1.860502578665546e-07
3052,1.8557920355988244e-07
2458,1.8510697685769628e-07
7824,1.849291848543544e-07
4260,1.845315722448504e-07
2235,1.8435963511365117e-07
4597,1.8432548642977054e-07
5758,1.842278223307403e-07
2181,1.8406472435117394e-07
7325,1.8371606103073645e-07
3193,1.8327313711097304e-07
445,1.825538191724263e-07
2443,1.8234661069982394e-07
1694,1.820199457824856e-07
6172,1.8169476589946498e-07
6679,1.816623012018681e-07
5769,1.814753929352264e-07
1284,1.8140456603532584e-07
4578,1.8123287759408413e-07
7045,1.8038337401549143e-07
3503,1.8025657766429504e-07
7085,1.8023833092684072e-07
771,1.7988505618404815e-07
7493,1.797295965388912e-07
2787,1.7938992868948844e-07
4142,1.7913744443376345e-07
182,1.7906772598053067e-07
6786,1.7901342630466388e-07
5154,1.787544050557699e-07
4473,1.783620717787926e-07
2457,1.7823580122922067e-07
7086,1.7764617865623222e-07
363,1.7720001466159374e-07
1636,1.77015728297647e-07
89,1.7698597076787337e-07
5837,1.7677133712368231e-07
2769,1.7645856331682808e-07
5461,1.7639515448308885e-07
3597,1.75812537861475e-07
3159,1.7518446782105457e-07
3700,1.7435969823509367e-07
1307,1.7412131114724616e-07
7573,1.739622348395642e-07
2170,1.7388619255598314e-07
6896,1.736477770464262e-07
4314,1.735511290235081e-07
1389,1.7286090780999075e-07
5977,1.721217159911248e-07
1876,1.7208176927852037e-07
5673,1.7202489743795013e-07
382,1.717361044484278e-07
5684,1.717299369374814e-07
4821,1.7147466735423222e-07
8,1.7146022912584158e-07
3482,1.7141159958100616e-07
6585,1.7119614881266898e-07
874,1.7114607686607997e-07
6142,1.709578754116592e-07
644,1.7074076197332033e-07
4705,1.7065803348259578e-07
1924,1.704109422462352e-07
1372,1.70376821984064e-07
3368,1.7029799437295878e-07
941,1.7024547815935875e-07
1790,1.7021254450355627e-07
4176,1.7016379416645577e-07
4395,1.7007105412858436e-07
4109,1.7004873598125414e-07
7043,1.6990317419640633e-07
2058,1.6984287753984972e-07
7448,1.6979832651031757e-07
3048,1.69787227832785e-07
7258,1.691454443175644e-07
4401,1.6878442465895205e-07
4959,1.686792714394869e-07
5400,1.6861552865066187e-07
4339,1.6856281348509583e-07
6905,1.6825291737632142e-07
3230,1.681688104326895e-07
2372,1.6810897562891114e-07
1644,1.6807783254080277e-07
2826,1.6780860789822327e-07
7930,1.6750787779074017e-07
2254,1.671540843517505e-07
4085,1.6705941163763782e-07
4486,1.6698930949132773e-07
3067,1.66764131392938e-07
5435,1.666964450919295e-07
1099,1.6665080693201162e-07
5149,1.6584495909910402e-07
5638,1.6579891592982676e-07
2463,1.657755461792476e-07
7866,1.6554915305277973e-07
2923,1.6550058745679053e-07
1007,1.6473226338575842e-07
128,1.6451699025310518e-07
2415,1.644994256366772e-07
3170,1.6419583914739633e-07
4764,1.6377660472244315e-07
272,1.634383082205204e-07
6704,1.6341473951797525e-07
3810,1.6324064944228667e-07
1398,1.6311791029011147e-07
1844,1.630841381938808e-07
62,1.6270229963311067e-07
1130,1.6267912883449753e-07
5876,1.6240151978763606e-07
4363,1.617454188362899e-07
5628,1.6148393200410283e-07
1078,1.6111940226437582e-07
5180,1.6090369570065377e-07
6133,1.6072969089009348e-07
2023,1.6067443908696077e-07
2230,1.606223989369937e-07
1650,1.6048855400185857e-07
3331,1.604385602149705e-07
6972,1.5988620560847266e-07
2473,1.5983759737991932e-07
1538,1.590641645066171e-07
3416,1.5862508462305414e-07
1215,1.5832991806519203e-07
5356,1.580341191242951e-07
6875,1.5786039142540176e-07
4238,1.5780843654056298e-07
2500,1.5760483051963092e-07
4318,1.574062125087039e-07
3713,1.5727039937019072e-07
5733,1.5709541401065508e-07
3706,1.570484045032572e-07
895,1.5686040910622978e-07
4569,1.564325629033192e-07
964,1.5638170935972084e-07
2025,1.559855817845346e-07
846,1.5588980772918148e-07
6295,1.5583655255113626e-07
129,1.5560443245021816e-07
1803,1.553743800286611e-07
6750,1.5501156269692729e-07
2503,1.5469269243340023e-07
6408,1.5460752678109202e-07
5308,1.5451935553301155e-07
7880,1.541680205718876e-07
3522,1.5385001717049818e-07
6483,1.5347428217182824e-07
4752,1.5321761281938961e-07
7182,1.5309523604400965e-07
1879,1.528553141838529e-07
7910,1.5283173127045302e-07
7247,1.5267665531837338e-07
1405,1.5266198261087993e-07
3291,1.5252823004630045e-07
3547,1.5228806660161354e-07
3431,1.5176485845813659e-07
2204,1.5142228448894457e-07
4507,1.513882281756196e-07
3314,1.5135439923597005e-07
2367,1.5131057296002837e-07
5322,1.5127979224871524e-07
145,1.5112132700778602e-07
1655,1.5083017501638096e-07
4917,1.5010332532483517e-07
4200,1.4998797581711187e-07
1499,1.499267341387167e-07
755,1.4989145569188622e-07
7682,1.4982807527985642e-07
6242,1.4976473750039077e-07
7157,1.4974858686400694e-07
3142,1.4963427474867785e-07
6321,1.494366159704441e-07
3623,1.4899821110248013e-07
7739,1.4896478006676261e-07
6983,1.4890786559362823e-07
4462,1.4882118648529286e-07
362,1.479099864809541e-07
7331,1.4790310842727195e-07
6413,1.478553883771383e-07
6292,1.476727220506291e-07
5900,1.476147701851005e-07
1394,1.4692318472953048e-07
4304,1.4642683510146526e-07
3184,1.4635008227514845e-07
2257,1.4629998190685e-07
1540,1.4621498678479838e-07
4795,1.4613605969771015e-07
7765,1.4612749055231689e-07
3207,1.460911391859554e-07
2577,1.4602123599161132e-07
3900,1.4578056095615466e-07
2208,1.4572519546618423e-07
4,1.4530433389836617e-07
5494,1.4523516256303992e-07
3827,1.4518075630576277e-07
702,1.450095297172993e-07
2143,1.4469548403894805e-07
6763,1.443750861085391e-07
3823,1.4433091877208426e-07
976,1.4406602133476554e-07
6391,1.4394186820254617e-07
3015,1.4372231760262366e-07
3965,1.4362019129521286e-07
627,1.4340010778823853e-07
997,1.433643816994845e-07
3004,1.432253711186604e-07
160,1.430935157031854e-07
6170,1.430362672749652e-07
5426,1.4283554605754034e-07
3160,1.426989371111631e-07
7836,1.4248333002342406e-07
7220,1.4223106603594715e-07
6677,1.4154719707448749e-07
1233,1.4151913063642496e-07
7298,1.4151400051787277e-07
7233,1.4122398539484493e-07
5738,1.411187469102515e-07
7848,1.4103351020366972e-07
4637,1.4092661615450197e-07
5942,1.4085534161267788e-07
5627,1.4080308829989008e-07
3310,1.4070712950342568e-07
6229,1.4060616138067417e-07
5220,1.403103837560593e-07
709,1.3986038993607508e-07
7346,1.3980226043486255e-07
6499,1.3939519760697294e-07
2190,1.393378923353339e-07
4972,1.3930436182363337e-07
7322,1.392410950984413e-07
2460,1.3922374364483403e-07
6375,1.3919665775574686e-07
4436,1.3862565850786268e-07
5393,1.3856303837656014e-07
35,1.3855259339834447e-07
7140,1.3843255430856516e-07
7676,1.3842347357240214e-07
3027,1.3841035695350001e-07
2601,1.3833427203735482e-07
4848,1.3827031608570906e-07
5404,1.381712166903526e-07
563,1.3809444965318107e-07
945,1.3791203201662938e-07
3981,1.376781995077181e-07
4934,1.375773308609496e-07
2789,1.3755300187767716e-07
3232,1.3744570992457739e-07
3391,1.3703764523143036e-07
4998,1.369920710203587e-07
601,1.3685548339026354e-07
5196,1.3650794983277592e-07
1442,1.3621023242649244e-07
7327,1.3603631288106044e-07
1559,1.3602807058532562e-07
2439,1.3595983006098322e-07
1219,1.3590884861969244e-07
7458,1.3581460223122122e-07
1374,1.355559717808319e-07
1726,1.3548974919785906e-07
3590,1.3508901730574507e-07
2349,1.3479606764121854e-07
708,1.347500244719413e-07
5851,1.3462732795233023e-07
5342,1.3448507729663106e-07
6719,1.3435877121992235e-07
2390,1.3415208854894445e-07
7300,1.3411099786253544e-07
6904,1.3404064702626783e-07
2754,1.3351301930697446e-07
1417,1.3310503987895572e-07
444,1.3301966816925415e-07
670,1.3266522103094758e-07
1752,1.3259043640800883e-07
1773,1.3245465169120507e-07
7103,1.3222778250110423e-07
1870,1.3204353876972164e-07
6283,1.3182145153223246e-07
2864,1.3135590393176244e-07
6126,1.3134070542264453e-07
6843,1.3118378916487927e-07
974,1.3079678495842018e-07
1455,1.306539303413956e-07
2951,1.3062349069059564e-07
478,1.3050085101440345e-07
749,1.3024688882978808e-07
1195,1.302349375009726e-07
3840,1.3019887745713277e-07
2225,1.3017925937219843e-07
6569,1.2992133235911751e-07
5489,1.2939668181388697e-07
742,1.292948041964337e-07
4680,1.2929262993566226e-07
2883,1.2872700239086043e-07
4564,1.286909281361659e-07
5634,1.2868748200389746e-07
390,1.2867636911551017e-07
7599,1.2867534593397068e-07
7978,1.2855883113616073e-07
5037,1.2853068653839728e-07
7990,1.283827231191026e-07
295,1.282846682215677e-07
5113,1.2823535655570595e-07
7318,1.2785376668489334e-07
4281,1.2780900959796782e-07
5812,1.2776851576745685e-07
2200,1.2761417167439504e-07
6457,1.2734402332625905e-07
734,1.2730098575275406e-07
4834,1.270711180723083e-07
1346,1.2706944119145192e-07
6432,1.270610638925973e-07
7122,1.2703323903906494e-07
2937,1.2699680240757516e-07
6535,1.2698853879555827e-07
6867,1.2692133566361008e-07
6563,1.2683109673616855e-07
3342,1.2671328875057952e-07
5700,1.2670191296138e-07
879,1.2658895798267622e-07
2605,1.2612442645831834e-07
2585,1.2589823938924383e-07
2467,1.257838349033591e-07
2318,1.2568705898274857e-07
5523,1.255100841035528e-07
2084,1.2545382332973531e-07
1128,1.2512464309111238e-07
1229,1.251095227416954e-07
4995,1.2504242619115757e-07
3041,1.2501303103817918e-07
6022,1.2500888146860234e-07
1619,1.2487826595020124e-07
3659,1.2486865585970008e-07
5194,1.24572714810256e-07
4375,1.2457171294499858e-07
9,1.2452832720555307e-07
3180,1.2451443609506896e-07
1545,1.2416116845770375e-07
4400,1.2413701711011527e-07
3486,1.2381428149410567e-07
7698,1.236964308759525e-07
2828,1.2354427525451683e-07
4177,1.2270457716567762e-07
1403,1.2268111504454282e-07
2763,1.2267775417740268e-07
7798,1.2264221282975996e-07
5295,1.2255835457608555e-07
2761,1.223215804202482e-07
434,1.2175773989042682e-07
537,1.2117157410784785e-07
6099,1.2097389401333203e-07
7526,1.2053782327825502e-07
1723,1.203551747153142e-07
7027,1.2019022932463486e-07
5040,1.201541408590856e-07
5990,1.1964386814611316e-07
1018,1.1958044510151922e-07
6880,1.195430101574857e-07
3187,1.194927499170717e-07
5761,1.193415215539062e-07
2141,1.1890779916257088e-07
7292,1.1884558048791405e-07
6909,1.1874803362843522e-07
7052,1.1848245407009017e-07
7494,1.181195266042323e-07
6554,1.1803480148842027e-07
4078,1.1801544275158449e-07
4205,1.1777207120644562e-07
6671,1.1757696682934693e-07
2677,1.1742475791720608e-07
5036,1.1719188819370174e-07
1341,1.1688935686038349e-07
7219,1.167618215447419e-07
457,1.1609625261144174e-07
4246,1.1569566282787491e-07
4943,1.1553237655448356e-07
3527,1.154102520217748e-07
2849,1.1520322473757005e-07
7237,1.1501261099056137e-07
3083,1.1482293515996389e-07
4731,1.1476802086463067e-07
1708,1.1474008942968794e-07
6761,1.1471814431729399e-07
3828,1.1471521688122266e-07
7173,1.1438330105306704e-07
4949,1.143196435293703e-07
3430,1.1426184443052989e-07
1206,1.1416891965154718e-07
4909,1.1413134970439387e-07
2,1.1413119693770568e-07
7626,1.1378018527352651e-07
7684,1.1375477981800941e-07
5515,1.1374988062584634e-07
7587,1.1356317486388434e-07
740,1.1350849149494024e-07
2114,1.1318573456264858e-07
6754,1.1295470869754354e-07
3202,1.1289651169477111e-07
4808,1.1263837151886946e-07
4197,1.1246916997720291e-07
1486,1.1245924724789802e-07
7621,1.1242044806181184e-07
2712,1.1235420060984325e-07
4230,1.1231939822664572e-07
6664,1.1214921258329014e-07
1973,1.1205895233956653e-07
3289,1.1184892656501688e-07
3360,1.1165042579364126e-07
907,1.1135495370240278e-07
6766,1.111482355042881e-07
4854,1.1096970808921469e-07
2175,1.1094081386886501e-07
6205,1.1087420759281486e-07
5259,1.1078392603280918e-07
6085,1.1061920801580527e-07
7512,1.1028726376594022e-07
6665,1.1004344457887782e-07
1584,1.0981955966826717e-07
2881,1.0946466844075076e-07
4590,1.0931091409815963e-07
3199,1.0901420210984725e-07
642,1.0897692348521559e-07
1779,1.0859405463747862e-07
1102,1.082400693519503e-07
2670,1.0811962170009792e-07
7126,1.0779462655818861e-07
7191,1.0744305711796187e-07
7757,1.0730702015848692e-07
5678,1.0720525978058504e-07
3821,1.0682752460411393e-07
992,1.0669445771327446e-07
2136,1.0645260317687644e-07
2014,1.0624617630128341e-07
7855,1.0600253830261863e-07
1390,1.0580522413761173e-07
1515,1.0580101061918867e-07
2600,1.0573888076237381e-07
1355,1.0571884700993905e-07
4555,1.055760066037692e-07
5313,1.0547596573928786e-07
403,1.0519298498934404e-07
6762,1.0516575343899603e-07
4437,1.0514144577200568e-07
6351,1.0478793299739664e-07
905,1.0460455612815167e-07
7916,1.0450952458995744e-07
6684,1.044937611993646e-07
4751,1.0440382069987209e-07
7997,1.0425897301047371e-07
6657,1.041913364474567e-07
4852,1.0410524708959201e-07
3555,1.0403870476238808e-07
2281,1.0389263138677052e-07
1131,1.0387805815526008e-07
1960,1.0375116943350804e-07
1691,1.0352677293212764e-07
668,1.0338155931322035e-07
4669,1.0316550458355778e-07
5164,1.0272281159018348e-07
7891,1.0253998183884505e-07
712,1.0238191805456154e-07
3343,1.023620832540928e-07
5575,1.0226831292925453e-07
7690,1.0226120750189693e-07
5413,1.022192499533503e-07
2590,1.0204845324324197e-07
6407,1.0192694688271331e-07
4979,1.0179961407175142e-07
4623,1.0145997109134441e-07
865,1.0143017448172031e-07
5872,1.0135000039213082e-07
5482,1.0113265247468917e-07
971,1.0075006073861914e-07
6124,1.0071357792185154e-07
5927,1.0045240017575452e-07
6214,1.0041514286740494e-07
5397,1.0038984044058452e-07
2103,1.0034703734618233e-07
6726,1.001807490297324e-07
233,9.970081649157692e-08
1658,9.95442448470385e-08
21,9.948903922918362e-08
3454,9.935069655853113e-08
70,9.923034838266176e-08
5885,9.893909336256002e-08
4317,9.892293917346251e-08
408,9.882910845249171e-08
5210,9.880050555466369e-08
6700,9.87436763466576e-08
6373,9.872886863604435e-08
893,9.867174455280292e-08
307,9.836243464178551e-08
5576,9.800378464319692e-08
3589,9.799493483342303e-08
4024,9.789231469881088e-08
3567,9.747499518653058e-08
6481,9.734979045106229e-08
7093,9.734185013599017e-08
2860,9.724966076873898e-08
396,9.722435478920488e-08
1930,9.718415938664293e-08
5649,9.717297544398207e-08
5572,9.69892468560829e-08
4097,9.689688340586144e-08
5118,9.688685054243251e-08
5333,9.68535545098348e-08
4267,9.670093703562088e-08
3094,9.659460786792806e-08
4446,9.655875388148161e-08
4239,9.644580956091886e-08
5276,9.62013970706721e-08
4520,9.615305884835834e-08
2572,9.609135886989861e-08
2501,9.585190241523378e-08
602,9.581131621416716e-08
6560,9.551756008363554e-08
5027,9.538127443420308e-08
2788,9.526040045670925e-08
4803,9.510628373732288e-08
147,9.507377285444818e-08
2228,9.48053653360148e-08
2989,9.471857964626906e-08
2879,9.460340777422971e-08
4182,9.458560512598524e-08
3195,9.441383497232891e-08
3982,9.435312620098557e-08
95,9.404688938730033e-08
5319,9.36675483842464e-08
2662,9.320905647314248e-08
448,9.31082517752202e-08
2134,9.279778723225718e-08
4480,9.267083100894524e-08
5695,9.26455996363984e-08
6900,9.254586075257976e-08
5777,9.242147314125759e-08
4157,9.241925624792202e-08
5612,9.227545660905889e-08
4046,9.220384100672163e-08
4384,9.202954487363968e-08
1692,9.201622930277154e-08
5926,9.189262684117239e-08
772,9.171356296633348e-08
2079,9.162728531464381e-08
1485,9.145252377606994e-08
3271,9.128182654194461e-08
2066,9.110891951991107e-08
3800,9.110000220857728e-08
5389,9.095297315298012e-08
647,9.09195776443994e-08
246,9.06860648797192e-08
7242,9.063579042845049e-08
4277,9.062181405283809e-08
6144,9.059487382501175e-08
7369,9.058978278631002e-08
3494,9.022886615639436e-08
1253,8.998553724381964e-08
7257,8.979474230841333e-08
534,8.937941231579316e-08
230,8.924261152287727e-08
7285,8.912885363088208e-08
4666,8.910383542115596e-08
4415,8.88343691940463e-08
2729,8.872061130205111e-08
2903,8.857609046231119e-08
2069,8.853904276406865e-08
6290,8.849832511259592e-08
1765,8.847795740507536e-08
6252,8.839974441343657e-08
5163,8.838332021809947e-08
1673,8.820390107189269e-08
1735,8.814335927809225e-08
957,8.813358931547555e-08
903,8.786578220565389e-08
335,8.786009075834045e-08
3448,8.782399874007751e-08
4653,8.757339031717493e-08
5111,8.681526253440097e-08
2570,8.640099835588444e-08
5618,8.633809045477392e-08
5567,8.63163407416323e-08
2401,8.622302516414493e-08
5012,8.614650326421724e-08
3950,8.606644286146548e-08
306,8.582223998132577e-08
1919,8.566507858631667e-08
7439,8.56085478062596e-08
758,8.552299846087408e-08
6693,8.551724306471442e-08
7831,8.51080201869081e-08
1890,8.468872891853607e-08
1554,8.46185557179524e-08
594,8.461798017833644e-08
2914,8.4545924039503e-08
920,8.443966237337008e-08
6345,8.439017662453807e-08
5446,8.436233400743731e-08
6575,8.433192277834678e-08
6316,8.426543018913435e-08
3748,8.407327811710275e-08
6747,8.404646933968252e-08
5064,8.387752714611452e-08
7309,8.371928927886074e-08
1441,8.348881053166224e-08
2493,8.343869950522276e-08
2456,8.332018808232533e-08
4402,8.32725817190294e-08
1054,8.32300663944352e-08
6096,8.319187472238809e-08
2800,8.318657407357932e-08
1532,8.314847832480154e-08
2241,8.306450283157574e-08
1083,8.297075382301955e-08
5720,8.293680409110493e-08
3806,8.288728636784981e-08
4990,8.286426478321118e-08
255,8.284105490474758e-08
6694,8.281454810799005e-08
315,8.274054863477431e-08
1640,8.273509521927735e-08
2554,8.27118782353864e-08
2030,8.270821894029723e-08
3165,8.266082929253571e-08
7374,8.2560681846644e-08
6827,8.250367855566765e-08
4428,8.231285164583824e-08
168,8.187158329064914e-08
2857,8.184373001540735e-08
6934,8.167214105014864e-08
2399,8.15291478772906e-08
6623,8.138254870004857e-08
5975,8.109257976229856e-08
1869,8.105881121878156e-08
286,8.102916737584565e-08
1631,8.096488102182775e-08
7211,8.085420688530576e-08
6676,8.082777469553548e-08
7695,8.071504709050714e-08
2985,8.064311174393879e-08
3999,8.054476197116855e-08
3630,8.053706679334027e-08
7250,8.048636601643011e-08
7163,8.031444664879928e-08
7364,8.02436872504586e-08
3290,7.997617146315861e-08
2809,7.992711914539541e-08
6148,7.983581085113656e-08
645,7.959917169841901e-08
1297,7.953637393143254e-08
2878,7.942261959215102e-08
7397,7.910760047025178e-08
2037,7.897815379465101e-08
1234,7.877751073692707e-08
777,7.876506558091023e-08
1058,7.854560379882969e-08
5826,7.806696089573961e-08
7697,7.790443490307553e-08
6447,7.784820965639483e-08
4448,7.758988829209557e-08
6378,7.753029152013369e-08
2622,7.737744311953065e-08
3684,7.718753991525773e-08
5653,7.716923633438455e-08
7713,7.714612237919027e-08
7146,7.710161753493594e-08
6617,7.698371007336391e-08
1638,7.694954717862856e-08
6005,7.684302971711077e-08
753,7.653614630953598e-08
293,7.622533715334612e-08
2022,7.605867224924623e-08
6007,7.579189542639142e-08
780,7.575331650855333e-08
4554,7.566348969589853e-08
2743,7.545997249280845e-08
6925,7.536683455100501e-08
2403,7.532699797252462e-08
1345,7.525455814061388e-08
1792,7.513524735713872e-08
728,7.512186783742436e-08
7123,7.506174171112434e-08
6944,7.500526777448613e-08
4502,7.498778131775907e-08
4878,7.495001241863974e-08
2222,7.484568698146177e-08
4776,7.46744603929983e-08
2610,7.452115724504438e-08
1820,7.435054172333366e-08
3145,7.434342208512135e-08
4734,7.417220260208524e-08
7589,7.404666035881746e-08
7551,7.391648892962621e-08
1368,7.373554211653754e-08
7054,7.350272213102471e-08
7445,7.332530316261909e-08
4184,7.328863205202651e-08
5408,7.328508644377507e-08
4880,7.32687084337158e-08
1785,7.308879546030767e-08
4811,7.305681037905742e-08
5449,7.295637161064406e-08
5818,7.271142976605915e-08
1085,7.24492856818415e-08
3200,7.222649145433024e-08
1832,7.19363768553194e-08
6774,7.187635020500238e-08
4542,7.18713195624332e-08
6868,7.184918615621427e-08
4509,7.180709005183417e-08
1849,7.17647701264923e-08
4521,7.17588193310803e-08
1392,7.16811783263438e-08
4413,7.136565827181585e-08
589,7.120893741330292e-08
5530,7.108240396291876e-08
7225,7.103901111804589e-08
2419,7.096235776771209e-08
4801,7.095744791740799e-08
4929,7.087507114533764e-08
2625,7.085230890879757e-08
2196,7.080807407078282e-08
4662,7.079018615741006e-08
3398,7.063407636564989e-08
2541,7.05930673916555e-08
5951,7.056516082570852e-08
4472,7.043975713827422e-08
2657,7.025072790156628e-08
7421,7.02360445359318e-08
5529,7.020579317895681e-08
5959,7.01159521554473e-08
2624,6.991215784069027e-08
5069,6.981081313028881e-08
6267,6.979530553508084e-08
7864,6.960991427718e-08
768,6.937285590424835e-08
2147,6.920702944057666e-08
2400,6.905285232505776e-08
303,6.891905712791413e-08
4919,6.865035828695909e-08
4004,6.857533918491754e-08
4361,6.8500419558859e-08
2583,6.839609056896734e-08
3584,6.820455311640217e-08
7892,6.802780561088184e-08
2611,6.797025520199895e-08
1971,6.79391263247453e-08
138,6.792348372641754e-08
3034,6.791241702330808e-08
1528,6.789251472127944e-08
4313,6.787375639305537e-08
7143,6.772674865374029e-08
6414,6.743260527741768e-08
510,6.731970358941908e-08
2412,6.721835887901761e-08
171,6.700041410567792e-08
671,6.682186182160876e-08
2790,6.669473862075392e-08
2626,6.663948681762122e-08
1520,6.656611262201295e-08
4055,6.654293116525878e-08
7623,6.643741912171208e-08
3594,6.64117081328186e-08
1266,6.630707360955057e-08
767,6.630233784221673e-08
5736,6.60803927132747e-08
4105,6.579119116167931e-08
4274,6.566995125467656e-08
6874,6.564209797943477e-08
3028,6.555423937015803e-08
5570,6.54100205110808e-08
3969,6.532042107210145e-08
3856,6.509283068112381e-08
3057,6.506093441771554e-08
4491,6.496956928003783e-08
4418,6.486044767939347e-08
2984,6.475507063896657e-08
2112,6.474949287849086e-08
2077,6.46235278622953e-08
3746,6.45472937321756e-08
3551,6.416305353695861e-08
1060,6.410808950363389e-08
4120,6.410792963151835e-08
7801,6.4080889927709e-08
1093,6.403120877962465e-08
6876,6.384166795214696e-08
6777,6.38108090811329e-08
6668,6.380657069371409e-08
4289,6.372958694100817e-08
7790,6.364773952327596e-08
1796,6.35698391704409e-08
1348,6.346071046436919e-08
2695,6.309541689120124e-08
3242,6.279892517113694e-08
1092,6.239616112679869e-08
5321,6.238278871251168e-08
6743,6.237137739617538e-08
1814,6.228766835647548e-08
7821,6.22767224456311e-08
7196,6.222082760132253e-08
885,6.217421244514298e-08
5032,6.212459169319118e-08
3536,6.205203106901536e-08
7489,6.200316349236346e-08
1690,6.19204705287757e-08
7889,6.172767541556823e-08
5778,6.17238100630857e-08
7064,6.161053178743714e-08
6053,6.144636088833977e-08
6807,6.144418307485466e-08
4633,6.139351427236761e-08
1817,6.138454722304232e-08
3353,6.10590333849359e-08
3116,6.09929386996555e-08
4070,6.091344673109234e-08
4780,6.08529546752834e-08
2382,6.061502944021413e-08
2449,6.054100509800264e-08
1950,6.036957955757316e-08
6228,6.006364827726429e-08
7614,5.9970453492042e-08
7948,5.987515194760817e-08
3566,5.987442008859034e-08
2316,5.985882012282673e-08
4610,5.980567152619187e-08
4832,5.963964255784049e-08
2080,5.963206461956361e-08
4016,5.959481796935506e-08
2395,5.949524606307932e-08
1819,5.9306387356627965e-08
5839,5.925954305041614e-08
7932,5.907285682837937e-08
3326,5.9070977442843287e-08
2352,5.8944628733570426e-08
5991,5.881569542509624e-08
3224,5.876524156178675e-08
6181,5.8734727303999534e-08
4762,5.862500174202978e-08
2871,5.860525398304617e-08
6238,5.8480278397610164e-08
5039,5.847501327593818e-08
6387,5.8390412505104905e-08
350,5.834228922196871e-08
6534,5.816617942855373e-08
6707,5.803249791824783e-08
4029,5.800462155036712e-08
6303,5.7939265829531905e-08
1079,5.785406287373007e-08
6101,5.784687573395786e-08
6173,5.781736334142806e-08
2298,5.771705247070713e-08
5433,5.7607689285532615e-08
7630,5.7577420164989235e-08
6161,5.7495437744137234e-08
4235,5.7487230975539205e-08
3563,5.7456668756117324e-08
1154,5.7129975417069545e-08
1151,5.7040317358314496e-08
364,5.7009673426478e-08
4660,5.6588138619417805e-08
2001,5.656768209405527e-08
2990,5.615154741178685e-08
6527,5.606058728346852e-08
4093,5.604034214456988e-08
6335,5.5861331560436156e-08
5699,5.580813144945296e-08
25,5.5789213249113345e-08
7051,5.574682404585474e-08
3728,5.563445171219428e-08
6995,5.547212644785304e-08
6464,5.540771397249955e-08
4039,5.525757806879028e-08
6674,5.510463196856108e-08
2718,5.505685507500857e-08
4036,5.4870866961209686e-08
5142,5.4700267426710525e-08
183,5.469719432937836e-08
689,5.461403773665552e-08
7620,5.459706997612557e-08
2299,5.456032603490257e-08
2035,5.445216544330833e-08
4953,5.437781780415207e-08
7030,5.4343514577226415e-08
1969,5.42275060411157e-08
5793,5.415581227907751e-08
1585,5.407864733797396e-08
1226,5.391353852246539e-08
7911,5.383244250367625e-08
7675,5.3671207922434405e-08
2506,5.362874588854538e-08
5723,5.3628228968705116e-08
1987,5.3565086588491795e-08
2259,5.353673060426445e-08
4225,5.3534547461708826e-08
4937,5.342773334859885e-08
4459,5.337783015590958e-08
2652,5.3290845514197827e-08
7133,5.3236648867027725e-08
6466,5.3236380637144975e-08
3210,5.311990669554234e-08
6787,5.2981427245413215e-08
1573,5.292911531284972e-08
3020,5.291835236675979e-08
5996,5.2860883670291514e-08
1399,5.2846962361741134e-08
3122,5.281155779357505e-08
1,5.2810353423637935e-08
582,5.274875647387489e-08
6577,5.2485763291088006e-08
904,5.246937284653086e-08
2056,5.2305004771824315e-08
1674,5.219813203893864e-08
2591,5.2063647615341324e-08
4721,5.187935059325355e-08
2404,5.1806974710189024e-08
588,5.1741396944748885e-08
6608,5.1571152681617605e-08
4232,5.1542839329954404e-08
2496,5.1436982673180864e-08
482,5.1161261893639676e-08
6815,5.106703326873685e-08
3541,5.09950393023928e-08
5127,5.098271138592736e-08
1061,5.0537355633650805e-08
6831,5.0525271078072365e-08
799,5.046463513735944e-08
1570,5.0437956033988485e-08
3557,5.027709271132608e-08
4240,5.0230154258201765e-08
7428,5.015532344998519e-08
1393,5.0136474527562314e-08
7121,5.006593717382657e-08
5954,4.9938412516326025e-08
7236,4.978964796009677e-08
6352,4.9729871776094114e-08
7485,4.960287824928855e-08
3,4.958588917247653e-08
7496,4.9513865008066205e-08
3386,4.940657660768011e-08
5227,4.9155840287085084e-08
7259,4.913352036339802e-08
886,4.898083005855369e-08
3477,4.8892623283336434e-08
1401,4.878761572513213e-08
5248,4.8680345088314425e-08
522,4.866857850061024e-08
2117,4.861489699692356e-08
7998,4.8594927193335025e-08
1857,4.8562435850385555e-08
6688,4.85424518359423e-08
7408,4.8518653983364857e-08
3302,4.850149792900993e-08
970,4.8496564986066915e-08
765,4.826599209195592e-08
1562,4.817871257500883e-08
6392,4.810588372095026e-08
509,4.800070030341885e-08
2334,4.79376467410475e-08
6789,4.786929608258106e-08
2854,4.7853166762479304e-08
2636,4.784826046488888e-08
7452,4.7833736971369945e-08
3161,4.782838303185599e-08
5950,4.764466510209786e-08
2607,4.75586041659426e-08
5475,4.754529214778813e-08
3085,4.7522146218170747e-08
842,4.739025172284528e-08
6460,4.734005187856383e-08
4143,4.730985203593718e-08
7610,4.721036539478973e-08
5665,4.705307254937452e-08
1350,4.697088762384283e-08
720,4.6947290499588235e-08
5153,4.6927086216896896e-08
5589,4.660545016577089e-08
2447,4.6460099767386964e-08
299,4.6250223206811825e-08
2407,4.622324922820553e-08
7271,4.608284065454882e-08
157,4.60230573651188e-08
4017,4.6013626686658426e-08
819,4.5879074761501215e-08
5352,4.568553535477804e-08
7195,4.5638273604708957e-08
2768,4.5427157147059916e-08
6798,4.542095588533357e-08
1192,4.5387496427906626e-08
6732,4.5321332464709485e-08
1641,4.5250779123762186e-08
745,4.520493845916462e-08
54,4.5199097797876675e-08
3473,4.509093720628243e-08
3369,4.4977083391017914e-08
2674,4.4968841095283096e-08
3878,4.484718196806625e-08
4410,4.484451920916399e-08
770,4.4761101491985755e-08
6097,4.471511516612736e-08
3058,4.453613300370307e-08
849,4.4527054043896896e-08
2642,4.44853327508099e-08
1845,4.440190437549063e-08
7206,4.430920341746969e-08
6716,4.424561872440336e-08
3299,4.421239907514973e-08
3638,4.4175544999802696e-08
5029,4.406742881712944e-08
4571,4.404763664922484e-08
793,4.402249764723365e-08
6923,4.3958893414242084e-08
1880,4.3944327288159e-08
3126,4.3865858501135335e-08
6863,4.3847020236853496e-08
3765,4.37923954876851e-08
6453,4.3766995361238514e-08
3512,4.369604234000235e-08
2748,4.36812612747417e-08
5503,4.3643421321348796e-08
5622,4.3596035226300955e-08
4261,4.350437876610158e-08
3475,4.329056224605665e-08
7693,4.327111113866522e-08
2038,4.324910918285241e-08
681,4.31770317277369e-08
4269,4.301722711375078e-08
5989,4.295440447776855e-08
6802,4.285174348694909e-08
7441,4.2846069803204045e-08
4954,4.281590726407103e-08
4572,4.273664622189699e-08
2774,4.271999287652761e-08
1235,4.230715688890996e-08
2360,4.230635752833223e-08
4250,4.2270583477943546e-08
3108,4.220784077801909e-08
1221,4.21423465013504e-08
4328,4.2037990866106156e-08
1385,4.191506342010598e-08
3096,4.1765655822700865e-08
6840,4.176110479647832e-08
7680,4.165730516092481e-08
6910,4.150065180397178e-08
4530,4.1486680757429895e-08
6748,4.1459639277263705e-08
1660,4.1442405063207843e-08
3726,4.117072904818997e-08
6179,4.106611761756085e-08
2505,4.102498252223086e-08
1646,4.102115269688511e-08
1757,4.100067840795418e-08
50,4.099494255171976e-08
7532,4.084324523034866e-08
3754,4.078907167581747e-08
1988,4.0709375426217775e-08
2847,4.0707542225959514e-08
1435,4.068628634001925e-08
302,4.063120329078629e-08
2819,4.0623183039656396e-08
7475,4.057232061427385e-08
4047,4.0285602409539933e-08
3249,4.024827227055994e-08
7418,4.0181463489830094e-08
102,4.010152743205708e-08
2632,4.006893128405409e-08
3650,4.005440423782147e-08
4859,4.0041664206569294e-08
7730,3.995471331563749e-08
2884,3.988719399217189e-08
7844,3.985916130488931e-08
5935,3.9767392934209056e-08
4673,3.9754983305329006e-08
5055,3.963674188867117e-08
1986,3.95736829972293e-08
6114,3.951500460175339e-08
1298,3.940183468387204e-08
1137,3.9302125998119664e-08
4064,3.925756786316015e-08
3666,3.91337806604497e-08
4035,3.886032651223559e-08
1424,3.8854025774526235e-08
1416,3.8837978166839093e-08
7625,3.879623378111319e-08
4098,3.8707028693352186e-08
4372,3.8691185366701575e-08
1289,3.862082031957925e-08
405,3.845621598941307e-08
5718,3.8339344143878407e-08
3803,3.8228872512036105e-08
1291,3.819106098035263e-08
6215,3.788079006028511e-08
49,3.783378765831458e-08
4994,3.7682411857531406e-08
2385,3.7672462482873925e-08
5432,3.755589617071564e-08
6443,3.7269035857434574e-08
3696,3.717494756472206e-08
3470,3.7133503383302013e-08
1105,3.7058544677393e-08
1793,3.7057354518310603e-08
2091,3.6850467566296174e-08
508,3.672581705416178e-08
1822,3.664886349952212e-08
6822,3.6629336008786595e-08
359,3.658031211273283e-08
2693,3.6577944229065906e-08
1791,3.657330971407191e-08
6629,3.642943013915101e-08
3937,3.632558609467651e-08
2722,3.6250929369430196e-08
4180,3.604153775427221e-08
6232,3.603396692142269e-08
1322,3.601041242973224e-08
175,3.600323950081474e-08
6613,3.5968636069583226e-08
7384,3.5962631983466053e-08
1168,3.5889771154984373e-08
4528,3.578818841276643e-08
2263,3.5727310887523345e-08
5724,3.5706728240825214e-08
6210,3.5693602740138886e-08
6040,3.5598560543803615e-08
7357,3.558986882978843e-08
2545,3.556110961255854e-08
7652,3.5510856477571906e-08
5269,3.545617133227097e-08
489,3.5428938005566124e-08
5748,3.539031823152072e-08
2205,3.533127035382222e-08
4877,3.52317446328243e-08
4748,3.5221400906948475e-08
4975,3.515767765804867e-08
6758,3.515358315553385e-08
3112,3.5147714072536473e-08
4612,3.481120458559417e-08
5774,3.481046739750582e-08
5359,3.4732575926454956e-08
2757,3.463218334331941e-08
1887,3.4608445886874506e-08
3643,3.455213182235184e-08
3750,3.442693774502459e-08
2107,3.428234052194057e-08
657,3.4185676511810925e-08
5131,3.4006134796982224e-08
152,3.397543402172687e-08
634,3.3959597800503616e-08
878,3.3799542720203135e-08
3826,3.3746136551826567e-08
6069,3.366627154832713e-08
2132,3.365614098527203e-08
7147,3.361106770682909e-08
118,3.3547259192800993e-08
3996,3.347293109356997e-08
1161,3.3470687554881806e-08
1787,3.345184751424313e-08
6068,3.337845200235279e-08
4033,3.337832410466035e-08
256,3.3350465500348037e-08
3811,3.3322066883556545e-08
7750,3.317969898830597e-08
5213,3.3131890120330354e-08
5997,3.296188566537239e-08
264,3.2797526472450045e-08
1076,3.2776316771787606e-08
3657,3.274799453834021e-08
2804,3.270610804406715e-08
3245,3.261784797814471e-08
2924,3.23455076056689e-08
840,3.230924683350622e-08
3103,3.223523314943577e-08
1529,3.215700594694226e-08
5289,3.208237586704854e-08
2566,3.1971593372759344e-08
6012,3.189517983059886e-08
6733,3.185894570378878e-08
2057,3.1779691767042095e-08
5206,3.176368501556226e-08
4514,3.176105067836943e-08
1474,3.176051421860393e-08
5964,3.171137841206928e-08
4961,3.168679185705514e-08
2308,3.1634385777579155e-08
7992,3.157768801997918e-08
1563,3.131662396071988e-08
3576,3.1083128959608075e-08
4489,3.098970324799666e-08
703,3.0962437946868704e-08
3084,3.0808097406520574e-08
530,3.078788068933136e-08
871,3.0698235065074186e-08
2682,3.06846832387464e-08
2999,3.067536624712375e-08
7667,3.06092786672707e-08
1517,3.052393005020804e-08
3920,3.051473029813678e-08
822,3.039744989052906e-08
6912,3.018064376192342e-08
3809,3.012738680752136e-08
1607,3.011160742971697e-08
6555,3.004671889073052e-08
7083,2.997660875081465e-08
2118,2.9888711949865865e-08
4243,2.9845262261574135e-08
260,2.9823755909319516e-08
3166,2.977144131222076e-08
4596,2.972286594626894e-08
6271,2.9716773042309796e-08
3496,2.9674845691829432e-08
3139,2.966667800308187e-08
6929,2.9661175737771828e-08
2336,2.9633555165275993e-08
727,2.9468953499645067e-08
1783,2.941175747395164e-08
5320,2.932813991662897e-08
1557,2.9257714473374108e-08
7134,2.9244981547549287e-08
2587,2.920859643040785e-08
2886,2.9049743055509225e-08
4041,2.902632711965225e-08
6113,2.899268203293559e-08
1683,2.8969539656031884e-08
6799,2.894603667868978e-08
7740,2.8875860813570853e-08
3602,2.879367944075284e-08
515,2.874838855859707e-08
1191,2.8714883804070723e-08
2482,2.8693608378205226e-08
486,2.8667815676897135e-08
7262,2.8655887440720562e-08
3913,2.8644778105046953e-08
1866,2.855190839312627e-08
2766,2.852302571909604e-08
3379,2.8421417219703926e-08
595,2.836275836415325e-08
3607,2.8244595995374766e-08
3718,2.8211864844251977e-08
3156,2.7990473938643845e-08
7865,2.790104236538582e-08
4598,2.7834597737808053e-08
3947,2.7745644892718246e-08
7004,2.772303098197426e-08
7310,2.768953599741053e-08
2708,2.7578125560978606e-08
5431,2.748484106973592e-08
1095,2.7386505507820402e-08
4817,2.735843196433052e-08
2262,2.732072967859267e-08
7108,2.7189145157535677e-08
1353,2.706977131339272e-08
5719,2.7001724411945816e-08
7960,2.6986845647059e-08
4856,2.677643795578888e-08
2952,2.6754342741242e-08
4948,2.662398479458261e-08
7934,2.651517583274199e-08
3269,2.6350985393719384e-08
2595,2.6322701351944033e-08
3990,2.6319058932244843e-08
358,2.630135487180496e-08
6908,2.6282927834131442e-08
7719,2.6271393060994797e-08
6305,2.624327777311919e-08
1923,2.6205023928582705e-08
1477,2.6187243484798728e-08
1661,2.6170866362917877e-08
6451,2.610460558827299e-08
452,2.6095650085267152e-08
5775,2.6088055271600297e-08
5531,2.6056999224977062e-08
901,2.583421743196368e-08
3683,2.5824163252252674e-08
7031,2.5667008074492514e-08
4506,2.5636894385172582e-08
7161,2.561515621835042e-08
3097,2.5559708127786962e-08
6440,2.5500255240729075e-08
6016,2.5466304620636038e-08
6918,2.534768128725773e-08
330,2.5302052009124054e-08
4048,2.5231418732118982e-08
817,2.5219915045227026e-08
1071,2.5206180254144783e-08
6110,2.5129342162699686e-08
7197,2.4779081009285164e-08
6093,2.4652369923217066e-08
7111,2.452230773997144e-08
6448,2.4390640618321413e-08
2901,2.431591816787204e-08
4806,2.4297457379418574e-08
2848,2.4235526474569724e-08
7944,2.4112225993633274e-08
7545,2.3964688899980047e-08
4212,2.3946330252044845e-08
562,2.389608777519925e-08
4371,2.3878568455870663e-08
2052,2.385417641193044e-08
7484,2.3808542692904666e-08
5047,2.3775014845739406e-08
4329,2.3703782936479456e-08
898,2.3698726536736103e-08
7131,2.368422613585608e-08
3903,2.360650697141864e-08
5579,2.3572574114893996e-08
1051,2.3534079574005773e-08
1000,2.350980210508169e-08
38,2.3386401259983813e-08
5813,2.331452808590484e-08
409,2.308412305751517e-08
6503,2.3080499289562795e-08
4042,2.3021655692900822e-08
6087,2.2944075972475275e-08
2935,2.2740430871692752e-08
7012,2.2658232623484764e-08
4254,2.2561643220342376e-08
4546,2.255259801131615e-08
1481,2.2549588862830205e-08
7437,2.2526480236706448e-08
7061,2.2488436890455432e-08
4682,2.248556718598138e-08
6313,2.2459749615677538e-08
6328,2.238730001380418e-08
7915,2.2343984440453823e-08
4562,2.2313290770625827e-08
6106,2.2306965163920722e-08
6963,2.2278902278571877e-08
2290,2.2267260035846448e-08
6898,2.216604588767268e-08
3178,2.2152648604389924e-08
3483,2.2144145184199715e-08
64,2.2059015059028297e-08
208,2.2024580381696524e-08
5437,2.1933555416353556e-08
837,2.1890590673478982e-08
7307,2.1861708887627174e-08
6727,2.184925218529088e-08
953,2.18435634025127e-08
2731,2.1728044252711243e-08
6127,2.1693881357975897e-08
2327,2.164319123920677e-08
3196,2.1640490288632463e-08
6883,2.1465476507387393e-08
3927,2.1439682917900882e-08
5424,2.1417901230336156e-08
6119,2.1387660531502206e-08
2684,2.1242412273636546e-08
3281,2.1171013386833692e-08
2452,2.1152578355554397e-08
2462,2.11483675016666e-08
5824,2.1043589981672994e-08
7186,2.0947184431463484e-08
4027,2.09194759293041e-08
6042,2.0897246599815844e-08
6559,2.0875560835520446e-08
7530,2.083808325892278e-08
4968,2.0674061573799918e-08
3516,2.0625741115054552e-08
3758,2.0576922388215735e-08
7037,2.054856107491787e-08
1767,2.05019761168046e-08
7177,2.04746681831125e-08
1812,2.044015623425821e-08
5545,2.0351741625290742e-08
2872,2.030284651510783e-08
2546,2.0288254631850577e-08
544,2.028241041784895e-08
6823,2.0275917833600943e-08
5301,2.0183799520623324e-08
5443,2.017362810136092e-08
7578,2.0164368841335545e-08
7041,2.0117604471181494e-08
3147,2.0051495575046374e-08
2658,2.002316357163636e-08
3859,2.0012925538992477e-08
2201,1.991662479383649e-08
942,1.9876747359148794e-08
630,1.984163056079069e-08
3812,1.9801131401209204e-08
7265,1.978722075079986e-08
6930,1.9775302284585905e-08
4321,1.9747927737512327e-08
454,1.973607499650143e-08
2597,1.965506690737584e-08
5696,1.9634789794054086e-08
4708,1.9530444816950876e-08
7387,1.944853345037245e-08
6993,1.941495497703727e-08
3762,1.936327009843808e-08
7409,1.9362031089542597e-08
1197,1.9325701039463183e-08
2429,1.9303961984462603e-08
6289,1.923490167143882e-08
4303,1.9152586183679432e-08
5743,1.9116541238872742e-08
4286,1.9116540350694322e-08
6505,1.9019120500729514e-08
1371,1.900695778545014e-08
2527,1.897043677701049e-08
2752,1.888881318024005e-08
7179,1.883316080864006e-08
6506,1.8827842396262895e-08
4545,1.8728973039117136e-08
6673,1.8720943018024627e-08
2477,1.8714439775635583e-08
7751,1.8688171010694532e-08
3939,1.8661171274914068e-08
1423,1.8580106342369618e-08
323,1.8415820868256105e-08
3925,1.834321050608878e-08
2659,1.833184359867346e-08
962,1.829004592224237e-08
1096,1.826099271795556e-08
4338,1.808632976718627e-08
259,1.8047755290240275e-08
665,1.8043762040065303e-08
3329,1.801346893870459e-08
1578,1.7967426657605756e-08
4223,1.7923632356087182e-08
7353,1.789905557103566e-08
4438,1.7871232493860134e-08
3633,1.7856655709636016e-08
6832,1.773191993237333e-08
3054,1.7619628422949063e-08
4958,1.757666101553923e-08
7885,1.7469399260505725e-08
4297,1.7461641022009644e-08
6401,1.7447978173379397e-08
1183,1.7407817409775816e-08
527,1.740191457599849e-08
2510,1.7310058275654683e-08
7339,1.7200306956510758e-08
6342,1.7156455811573323e-08
5414,1.7093721993433064e-08
5297,1.7050891365499865e-08
4987,1.69890679302398e-08
5670,1.6896690269163628e-08
1891,1.6831261717698e-08
3692,1.6808085590014343e-08
5753,1.678158678686259e-08
826,1.6778378686410633e-08
3877,1.677240302200289e-08
3328,1.6699528870844915e-08
4732,1.668989213499117e-08
4867,1.6586924722616914e-08
4307,1.638816904403484e-08
3642,1.636192692444638e-08
5386,1.6333480346020224e-08
1671,1.6316533013593926e-08
1065,1.6298878691145546e-08
2483,1.6227892807307853e-08
4152,1.622674439261118e-08
1929,1.6123210322405157e-08
1443,1.5920713636319306e-08
5861,1.5899510152905805e-08
5396,1.5847915868505424e-08
5406,1.580459318972771e-08
5578,1.578075270458612e-08
3635,1.57331871974975e-08
939,1.57082462592939e-08
5114,1.5689241905647577e-08
5234,1.5658947916108445e-08
5088,1.5606294034853363e-08
5524,1.5588159207879926e-08
7893,1.5575929879219075e-08
1698,1.5562754640541243e-08
4649,1.5544330711492194e-08
3039,1.547446970562305e-08
6581,1.5460714486437155e-08
3519,1.5452277679628423e-08
3775,1.5370652306501142e-08
4156,1.516496084263963e-08
5073,1.5083681859096032e-08
2033,1.5075054982105485e-08
7717,1.5058080116148176e-08
1153,1.5043305268136464e-08
6652,1.5029327116167224e-08
5237,1.5000950259747015e-08
4767,1.4976072826300424e-08
5897,1.494101198318276e-08
2889,1.4919916857536464e-08
2365,1.4897454825302248e-08
6591,1.4797978398206624e-08
1856,1.4787795876713972e-08
1513,1.4771309508887498e-08
4056,1.4732513431425787e-08
1404,1.4700730854855237e-08
7535,1.4631865496994578e-08
6546,1.461864940210944e-08
4771,1.44196743434577e-08
7495,1.4379231139116655e-08
5282,1.4332289133278664e-08
889,1.4186389840631364e-08
2861,1.413969297203721e-08
5272,1.3936439113848564e-08
4203,1.3899218664903401e-08
5038,1.3851469304881903e-08
80,1.3825821376656222e-08
1134,1.376928748797468e-08
7546,1.3621139771657909e-08
7117,1.3489529493426744e-08
3295,1.3472811311032729e-08
2802,1.3423489875208361e-08
3656,1.3420863975710517e-08
7144,1.3404336751676738e-08
4648,1.3403095522335207e-08
2716,1.3388299358041422e-08
5626,1.3387499553374482e-08
6821,1.3220919914402884e-08
2171,1.3090508232949105e-08
6683,1.305320607158933e-08
1116,1.3021708600291504e-08
3479,1.3002123377958696e-08
5422,1.2880152944205747e-08
6604,1.2820693839898922e-08
2647,1.2809429961180285e-08
6052,1.2791678383194949e-08
1824,1.2777760627358248e-08
7791,1.2576658381391326e-08
6647,1.2564719042984507e-08
6545,1.255079107309598e-08
2970,1.2453767350706357e-08
6359,1.2433906348974233e-08
6164,1.242052904970592e-08
4116,1.2319902431556784e-08
2750,1.2292828532878275e-08
6955,1.222229029096411e-08
6025,1.2150949135758538e-08
5890,1.2114249603456528e-08
6435,1.211320732608101e-08
919,1.2098286372719258e-08
5553,1.2051108555510837e-08
5518,1.2034111485093035e-08
287,1.2029464535601164e-08
3528,1.1953900980188337e-08
1014,1.1950133327331969e-08
7326,1.193786580699907e-08
1187,1.1716311476561714e-08
7306,1.1643707775732537e-08
3742,1.15832472502575e-08
239,1.155276851960707e-08
7433,1.1543523470436412e-08
4273,1.1529202925686377e-08
6287,1.1527789389731424e-08
472,1.1526337218015215e-08
7422,1.1505090213859148e-08
1249,1.1390156373636273e-08
1271,1.133750515691645e-08
3671,1.1124422716335403e-08
6841,1.104884450597865e-08
479,1.1023508328378284e-08
5141,1.100521629382456e-08
6423,1.0989483101297992e-08
7076,1.0960803820125875e-08
5487,1.0874583455944276e-08
6225,1.086441203668187e-08
6801,1.0843271169846957e-08
2440,1.0842085007567448e-08
2706,1.0819706908193893e-08
5993,1.0662907445890824e-08
801,1.0662781768644436e-08
5416,1.0655191839958889e-08
2324,1.0651597381894362e-08
6324,1.0536703509700374e-08
1432,1.0491837620918432e-08
2771,1.0472318567877892e-08
2063,1.039454478046764e-08
2297,1.0371774550321788e-08
6314,1.0352972701355156e-08
173,1.034464025551074e-08
7582,1.0344527012762228e-08
2183,1.0310888587383715e-08
82,1.0296023589262404e-08
4275,1.0271829609109773e-08
346,1.0201470335147178e-08
2979,1.0196196775780209e-08
1633,1.0108510917206104e-08
5660,1.0038225362052344e-08
3514,1.0020698493207192e-08
4377,9.98199123358745e-09
679,9.969925329755824e-09
6978,9.817119561716936e-09
3506,9.813645007739069e-09
5686,9.765263264682744e-09
5228,9.744880458129046e-09
4421,9.728686745091863e-09
2825,9.716514703939083e-09
5679,9.630313435593507e-09
1196,9.580966686684178e-09
4050,9.485815244403284e-09
4128,9.472070239269215e-09
6474,9.335495043671926e-09
1653,9.311364568276304e-09
5428,9.0655705164977e-09
643,8.99854768476871e-09
3373,8.952956154217873e-09
2085,8.920336469486756e-09
40,8.82551720593483e-09
115,8.789733829672741e-09
4282,8.745914215069206e-09
7842,8.73177619098442e-09
3244,8.712236265751017e-09
481,8.679505114628228e-09
7726,8.650136607002423e-09
2484,8.644918114697475e-09
2150,8.633925574486057e-09
329,8.620962610450533e-09
1712,8.609289281480415e-09
6958,8.563880715684036e-09
7983,8.524117411923271e-09
7523,8.477100799098025e-09
3265,8.440133036913267e-09
4398,8.420483421645031e-09
1274,8.40529157386527e-09
7213,8.404707152465107e-09
7525,8.361531467215855e-09
4270,8.3197848610439e-09
5551,8.294709363809716e-09
7260,8.272938334386026e-09
7829,8.22044432524649e-09
5525,8.155886632721376e-09
143,8.143924645764855e-09
6849,8.031024734123093e-09
3197,8.027783771069608e-09
3634,7.998934847819328e-09
4500,7.947666968988187e-09
3691,7.895421649806167e-09
133,7.854332739754e-09
7728,7.823472980561519e-09
4271,7.813477864715423e-09
7845,7.715680094833033e-09
1654,7.674332280771523e-09
5563,7.635238663539212e-09
3850,7.579820771042023e-09
7072,7.526919754141659e-09
4724,7.484683317571239e-09
2964,7.449932226677447e-09
2942,7.367670029623241e-09
6922,7.359089781999728e-09
2375,7.257543011007783e-09
5840,7.231209631086699e-09
552,7.230846588157647e-09
1555,7.205178675917523e-09
2916,7.205050112091271e-09
1525,7.179450811634069e-09
4067,7.145547709086486e-09
531,7.145317226786574e-09
1639,7.1406951462904544e-09
117,7.1312349358976235e-09
1057,7.108247546128155e-09
791,7.0403334273549945e-09
6398,7.018331471542183e-09
7929,7.001173862875021e-09
32,6.969132160250524e-09
3861,6.967453058948081e-09
1620,6.9247745315692555e-09
5728,6.831498922110768e-09
3984,6.7697016881140826e-09
911,6.658417373017755e-09
4141,6.566160726251269e-09
2525,6.552593134756535e-09
3003,6.5405449944933025e-09
1505,6.53148823914762e-09
3012,6.487071102512232e-09
5981,6.481448266981715e-09
3511,6.47947917542524e-09
3370,6.469294211441934e-09
7837,6.382444350805372e-09
2012,6.2355032248717635e-09
423,6.184275758158719e-09
3138,6.117951256712217e-09
4743,6.066166902130021e-09
959,6.046478429055924e-09
1665,6.025273613374793e-09
4062,5.992181417724396e-09
66,5.980839379304825e-09
3980,5.9344094083257914e-09
3897,5.9163538512763125e-09
5249,5.879436049127662e-09
3481,5.872745623136666e-09
2354,5.744706488286511e-09
4429,5.667244895590784e-09
3410,5.646320522245674e-09
5394,5.643257861009943e-09
5316,5.63620150551003e-09
1333,5.630062194228458e-09
6227,5.6217226429566836e-09
2680,5.557678317558157e-09
5087,5.479657616547229e-09
7209,5.431462613003646e-09
2536,5.4263753490602085e-09
666,5.396063151863473e-09
1458,5.3266830946085975e-09
4340,5.265933467057948e-09
828,5.140526226909969e-09
4619,5.1266910716663006e-09
4450,5.097243516161143e-09
7703,5.088393706387251e-09
375,5.056204788189689e-09
5079,4.999505698322082e-09
2459,4.978641721109511e-09
1916,4.9696018411538034e-09
1059,4.94057195155051e-09
258,4.922007468266543e-09
6858,4.908749406951074e-09
3799,4.8962813803399285e-09
4430,4.882495074909343e-09
4835,4.851359980406755e-09
4760,4.741291359522393e-09
6825,4.695628108564165e-09
7556,4.675879239357528e-09
4676,4.651314000625462e-09
5629,4.643120554703728e-09
743,4.632641381618896e-09
3375,4.536151898548724e-09
1175,4.5034747042649315e-09
3188,4.462564096030519e-09
5647,4.344069104433856e-09
1005,4.341236481408828e-09
6999,4.3370138591569685e-09
5715,4.301138556428441e-09
1524,4.2664543009607314e-09
5659,4.2469354699647965e-09
1479,4.220896521189843e-09
6272,4.196630376540611e-09
7792,4.180247703544637e-09
4807,4.176601509087163e-09
5519,4.130291664239394e-09
6301,4.0601864093048334e-09
3580,3.92789134551208e-09
2096,3.9189540501638476e-09
2133,3.894032207796272e-09
7089,3.831644779239696e-09
3857,3.7942347042019264e-09
4818,3.762361533432568e-09
5899,3.7218377268999348e-09
5128,3.7139996633683836e-09
3784,3.7109636474852437e-09
711,3.6693622584849095e-09
7747,3.5977235635087368e-09
1778,3.5195381054009545e-09
7269,3.496164580063521e-09
6073,3.4721621133826375e-09
1539,3.462802378173535e-09
4154,3.3759369744146284e-09
5879,3.327112030326873e-09
661,3.255419711578611e-09
6340,3.251757196842675e-09
1091,3.245454238687273e-09
6633,3.1764020302915696e-09
6984,3.147826999061465e-09
4057,3.1446638626420054e-09
1514,3.123435066143543e-09
314,3.107048063277773e-09
5345,3.08927861070174e-09
4287,3.0831751596238632e-09
3128,3.05007141765401e-09
5496,3.032621709309069e-09
913,2.9674999124651436e-09
289,2.950477528962381e-09
6431,2.9186844052730976e-09
3129,2.7111959344239267e-09
6976,2.6674562558781645e-09
402,2.615613503564873e-09
673,2.5176655205072507e-09
1970,2.4636919171427962e-09
1634,2.4452455615886493e-09
1302,2.4031154843839886e-09
1871,2.3852005925917297e-09
4618,2.3791626446723058e-09
6059,2.3673223381592834e-09
1182,2.3627244605251008e-09
4632,2.337607885039006e-09
7642,2.333458315462167e-09
1852,2.2808244182215276e-09
4456,2.2752304484896513e-09
6945,2.2533824806103553e-09
6081,2.251837716293892e-09
2164,2.2489172746276154e-09
1616,2.2474432315178205e-09
5805,2.1642743153194033e-09
2125,2.154433298429126e-09
6833,2.1540429440136677e-09
1580,2.0870757344582103e-09
7619,2.0504715703140164e-09
3463,2.0487674889935192e-09
3629,2.044154623348504e-09
5615,2.0260808586414214e-09
5685,2.0113508636399047e-09
2423,2.0095994868185585e-09
7946,1.995490994666227e-09
6218,1.9554793340148535e-09
5312,1.950450134735604e-09
6071,1.915112624040205e-09
7991,1.8619016328713656e-09
5349,1.8581711724863226e-09
462,1.6764288846005115e-09
3974,1.6729838070439484e-09
6951,1.6660941515311833e-09
7017,1.6629421728531213e-09
6422,1.662509796496181e-09
5559,1.576606623032717e-09
6366,1.5310003265156524e-09
5455,1.4958922989194434e-09
5727,1.4631006406418123e-09
1780,1.3809131615971637e-09
3820,1.3060991177482606e-09
5534,1.3027125489450953e-09
6439,1.2875766564057756e-09
3572,1.1296309443409314e-09
1122,1.0733664512763141e-09
341,1.0702571051623977e-09
3079,1.0677388417867917e-09
7653,1.0473845679648264e-09
3579,1.0097739311376586e-09
6606,1.0001208750054502e-09
1768,9.344303664171605e-10
4668,9.215053164979281e-10
6365,8.935875372984015e-10
4310,8.847808596890161e-10
6536,7.722514572261474e-10
6911,6.672876695645868e-10
4394,6.61916438327026e-10
556,6.450535661173262e-10
5385,6.264022633928334e-10
6542,6.194096069389587e-10
5479,5.858991070084585e-10
5661,5.831594651617422e-10
3047,5.350480614119135e-10
5162,4.489464355827977e-10
5683,4.48443684963884e-10
4083,3.994660019435159e-10
6720,3.252941527254194e-10
7367,3.19748352795024e-10
5263,3.1595012717211546e-10
6602,3.0762466185496606e-10
71,2.5494183153451644e-10
3198,2.126290601922598e-10
6070,1.784457720477306e-10
5961,1.697791213173261e-10
5933,1.5833300642809078e-10
4479,9.15047482230591e-11
5848,8.63658831951053e-11
4671,7.765008774862636e-11
281,7.568678322966704e-11
1407,-3.119318345290445e-11
914,-1.0141404035990398e-10
1317,-1.1961306251029313e-10
2913,-2.0754147012080892e-10
2492,-2.2375769292981573e-10
3255,-2.5453751606452357e-10
5958,-2.906844487338134e-10
5998,-3.221667654873528e-10
2491,-3.247154073404701e-10
7301,-3.383497787501355e-10
109,-3.445402296797795e-10
6088,-3.4480424071503535e-10
985,-3.50248927083463e-10
1855,-3.566547890354599e-10
2971,-3.5940814213653027e-10
6060,-3.5976770174084294e-10
6892,-3.7375733064060057e-10
1246,-3.8065993412939036e-10
3814,-3.8347650055392535e-10
597,-3.859148833829096e-10
4144,-3.916090507427583e-10
1121,-4.0397339640119156e-10
2321,-4.121630536868537e-10
7970,-4.2541427325293313e-10
3795,-4.326174973812158e-10
3038,-4.591662883246528e-10
2548,-4.6262355057891114e-10
928,-4.731722375028724e-10
800,-5.060534769008029e-10
6810,-5.194972230171402e-10
6723,-5.231224065038731e-10
2279,-5.447895468080333e-10
7794,-5.452013562834424e-10
5902,-5.474135311711592e-10
7091,-5.606836384064451e-10
200,-5.887847986940642e-10
4503,-5.976422412512505e-10
5197,-6.003754160488484e-10
2470,-6.049641343430778e-10
4005,-6.332544211229418e-10
1223,-6.543012798232439e-10
1411,-6.570247956805275e-10
5409,-6.673475105856141e-10
1279,-6.694629295367349e-10
2523,-6.70673599989513e-10
4787,-6.817250930435392e-10
2414,-6.823943077272077e-10
6838,-6.905129523726572e-10
3815,-6.985505229817335e-10
7904,-7.049088535104886e-10
2363,-7.250633704547482e-10
2202,-7.373987531700266e-10
3644,-7.497442666704046e-10
6024,-7.861961637267711e-10
3072,-8.21125195615835e-10
177,-8.271312246233009e-10
2391,-8.369930026841388e-10
332,-8.455199596024698e-10
6788,-8.624241876198369e-10
2410,-9.033437886607487e-10
1028,-9.072941009602431e-10
3510,-9.495617070420792e-10
3722,-9.58552848207006e-10
3388,-9.672808110039455e-10
3420,-9.771636833022512e-10
4969,-9.854591032087967e-10
1143,-9.86637549438285e-10
1614,-1.0005221096065497e-09
5355,-1.0017522367178344e-09
1027,-1.007776417871753e-09
4404,-1.0149344698007212e-09
1737,-1.042058717093397e-09
5288,-1.0441877362765695e-09
4140,-1.0470099787163178e-09
620,-1.0471719602556107e-09
1463,-1.0537287709055931e-09
1413,-1.0596651334182638e-09
5310,-1.060565080202025e-09
687,-1.065259047638989e-09
7264,-1.0723038013082942e-09
2474,-1.072711586225239e-09
6756,-1.0769748981509508e-09
2799,-1.0826220475657067e-09
7372,-1.083090672704401e-09
6857,-1.084493939096376e-09
5596,-1.0896017421657689e-09
7863,-1.0983780551754307e-09
7947,-1.1078098993699825e-09
5635,-1.1134945188118195e-09
6350,-1.1200259608656893e-09
2576,-1.1418958001385704e-09
3434,-1.1457473858556e-09
3915,-1.1543923039702975e-09
2813,-1.154737860886712e-09
2268,-1.1698028656859094e-09
4964,-1.172563490747791e-09
2719,-1.1804001665005615e-09
7561,-1.2002935312338536e-09
1396,-1.212016209617417e-09
1050,-1.2123264059304972e-09
5850,-1.2216994083047439e-09
1759,-1.233975088776873e-09
6480,-1.2407818106296986e-09
3953,-1.246286962519605e-09
4693,-1.2501534252251645e-09
6618,-1.2597691223525942e-09
538,-1.2957365180810143e-09
3957,-1.3142320565151522e-09
1495,-1.3176829072314433e-09
7853,-1.3375194285458747e-09
1043,-1.342513045177185e-09
7940,-1.3457324143928417e-09
7616,-1.3476222360253587e-09
2273,-1.3747714633360886e-09
3922,-1.3830164236061648e-09
6968,-1.3965938960858182e-09
4621,-1.3996587222564472e-09
6061,-1.41120914953774e-09
3237,-1.4225274291845835e-09
4663,-1.4261667402593048e-09
4999,-1.4274005311065707e-09
333,-1.4275952087139387e-09
6425,-1.436470498106246e-09
2793,-1.4380762136667613e-09
1283,-1.442522157280024e-09
7876,-1.4448072738204587e-09
5466,-1.4540884607505689e-09
951,-1.45492529135538e-09
1471,-1.4598220410277918e-09
3241,-1.4599854658570166e-09
83,-1.4626760913571957e-09
6933,-1.4933944081363393e-09
1149,-1.4951614391023327e-09
5083,-1.5006518250260115e-09
6614,-1.5051779822528033e-09
3864,-1.5091857208382464e-09
5677,-1.5201380709761736e-09
1772,-1.5208202475136545e-09
5866,-1.547256212042214e-09
3081,-1.572171670627398e-09
3341,-1.580226949293717e-09
5188,-1.5803507391609628e-09
2564,-1.5880389225841895e-09
2099,-1.5965828104036461e-09
761,-1.6027075777635957e-09
3337,-1.619929579366186e-09
7711,-1.6250557566266366e-09
4985,-1.6389034573904837e-09
3006,-1.6415886427978421e-09
3777,-1.646295322288438e-09
2777,-1.6478300390865286e-09
1649,-1.6512359812814736e-09
192,-1.6534586477767732e-09
3780,-1.653926662292804e-09
6952,-1.6579793093995931e-09
6894,-1.6603275421189778e-09
6817,-1.6605548047721186e-09
3155,-1.6606320762946325e-09
4467,-1.660992010599216e-09
1693,-1.6776081634972684e-09
747,-1.6856058770997606e-09
1957,-1.7193644286095378e-09
267,-1.7236740923465277e-09
2537,-1.7389280571045163e-09
1276,-1.7435154431311162e-09
2424,-1.7481203706815052e-09
802,-1.7584176892349035e-09
5965,-1.763288681733144e-09
5430,-1.7730875101484855e-09
2818,-1.7809151375836052e-09
6819,-1.7875103064390885e-09
4850,-1.7895424586633624e-09
4076,-1.8036951932032252e-09
6967,-1.805566973711592e-09
470,-1.809995930912578e-09
4991,-1.810244620870094e-09
7355,-1.8278017988038187e-09
235,-1.8424180514564625e-09
3162,-1.8513228727812248e-09
7572,-1.8777877031084245e-09
47,-1.881816924509394e-09
397,-1.8863012263281576e-09
1933,-1.895175905097801e-09
2242,-1.89973303754698e-09
608,-1.9022715624927855e-09
6711,-1.9205863566185144e-09
3951,-1.931427684453979e-09
6625,-1.9356128921899085e-09
5871,-1.942691563172616e-09
4114,-1.9733514822206644e-09
5637,-1.9770257653206613e-09
2476,-1.9791971950233744e-09
2464,-1.9863481970361363e-09
7001,-1.998908927269838e-09
6383,-2.0014064849860347e-09
1809,-2.0035070269486255e-09
1469,-2.0180479509690485e-09
5904,-2.0232563402444725e-09
6428,-2.0266783806732747e-09
6969,-2.0284560697803045e-09
2466,-2.038283208882774e-09
7665,-2.0503407860417155e-09
6771,-2.094690976228719e-09
669,-2.1268387051520676e-09
6384,-2.129194265343415e-09
7805,-2.1340115230472634e-09
7278,-2.1352302148613944e-09
2100,-2.1428160357217507e-09
4293,-2.1539967587358433e-09
6899,-2.169384449857148e-09
2616,-2.1740854672103183e-09
1679,-2.1762293078708694e-09
7531,-2.195780224312216e-09
6477,-2.2007691224956716e-09
3300,-2.205794435994335e-09
3364,-2.209638916284007e-09
6768,-2.2144495126497077e-09
5930,-2.247439012670327e-09
31,-2.2624966344864106e-09
1158,-2.2702609792091266e-09
633,-2.2799709897824982e-09
3447,-2.303568114037091e-09
6966,-2.308396696015791e-09
2433,-2.313007896326269e-09
5318,-2.323222059175123e-09
2639,-2.3299658868936035e-09
2875,-2.33580332853478e-09
1769,-2.3377825231207794e-09
7841,-2.3704198603979876e-09
5382,-2.3711155261452177e-09
7046,-2.3816001393228703e-09
1530,-2.3898028000957083e-09
451,-2.3932908987944757e-09
3303,-2.3999793263840274e-09
365,-2.4008189880575515e-09
3637,-2.402527510270147e-09
2283,-2.4034584322762953e-09
2516,-2.403890198010572e-09
6492,-2.4087143390971733e-09
7169,-2.41159692215831e-09
7767,-2.412112731775551e-09
2442,-2.4136332932300775e-09
1501,-2.415070810002362e-09
7704,-2.446062130623261e-09
5059,-2.447722913245798e-09
5835,-2.4510375951081187e-09
2996,-2.4593741487777265e-09
3772,-2.46047482388434e-09
2640,-2.4608659554559154e-09
3124,-2.463701020971598e-09
36,-2.4666226838832017e-09
5694,-2.496499562631982e-09
3962,-2.4990105540467766e-09
4444,-2.5057448338472454e-09
4841,-2.509439878117803e-09
3030,-2.516326147450343e-09
6066,-2.5166625450268043e-09
3093,-2.5282140825311217e-09
3189,-2.534500609385759e-09
7969,-2.5367654643559945e-09
4685,-2.541713506332144e-09
4974,-2.5487196797513434e-09
3886,-2.5522053359594565e-09
2370,-2.5625097599402125e-09
7804,-2.6172801703694404e-09
7361,-2.6232216399080244e-09
2087,-2.6278865750128944e-09
6304,-2.6426425492331873e-09
3526,-2.646452168519886e-09
3756,-2.648605113009239e-09
1721,-2.6512084749796827e-09
3418,-2.6731362678944492e-09
5587,-2.6846341816266772e-09
1903,-2.6987860834992716e-09
2448,-2.699112822135419e-09
6902,-2.7031660243537203e-09
7999,-2.712495117407343e-09
1167,-2.7139074321169687e-09
1672,-2.7158295612395023e-09
960,-2.720282221702064e-09
6482,-2.7208501007791597e-09
6678,-2.7266086055632854e-09
3725,-2.730611181611664e-09
7203,-2.742389204613005e-09
6380,-2.7448202599700267e-09
7596,-2.767159945626929e-09
1157,-2.787953867766646e-09
1040,-2.79365863775638e-09
3150,-2.813705157755919e-09
2233,-2.82654943895011e-09
2472,-2.8382884931232866e-09
2675,-2.841351487425925e-09
6738,-2.8648894367933053e-09
2801,-2.8876068203231853e-09
3863,-2.8894155956749046e-09
525,-2.8902664706009773e-09
5874,-2.8962257037079553e-09
5725,-2.903024487466155e-09
4689,-2.9298069526006998e-09
6017,-2.9311172378143624e-09
1344,-2.9366540310604705e-09
4266,-2.9368880660740615e-09
7362,-2.9526958655878843e-09
653,-2.9527451594901777e-09
3685,-2.954346767225502e-09
7958,-2.9664211087521153e-09
4640,-2.9679074753374834e-09
3305,-2.970192536366767e-09
5957,-2.9790180322564197e-09
7188,-2.9882095686772914e-09
5608,-2.99287128413539e-09
7715,-2.998592929515098e-09
4219,-3.005874993355917e-09
3938,-3.0149975849269595e-09
3872,-3.0171408704759983e-09
5906,-3.0255807859091988e-09
1238,-3.038901907892466e-09
7825,-3.0519664573347427e-09
99,-3.056944697377162e-09
5992,-3.0676403639517957e-09
2174,-3.06827896423556e-09
1086,-3.0727678179687246e-09
194,-3.088135969164796e-09
7328,-3.119116742666961e-09
5329,-3.139336568480644e-09
1729,-3.1436230285564193e-09
7727,-3.1492412011502324e-09
5917,-3.156183314700911e-09
6751,-3.1622633400729683e-09
5090,-3.164023487656209e-09
4333,-3.1650365661661795e-09
6576,-3.1695277513676956e-09
2320,-3.1824540780434063e-09
5658,-3.228363576468496e-09
3786,-3.234331025225856e-09
2549,-3.2365985447313506e-09
6730,-3.239416512812454e-09
4874,-3.248601609939783e-09
2542,-3.2555357298846843e-09
1609,-3.2651311654419146e-09
1326,-3.2769500446505617e-09
7313,-3.2781319880825777e-09
6975,-3.287030092558041e-09
4634,-3.3039004865287325e-09
2292,-3.3126816845197027e-09
5597,-3.3167881774431862e-09
5474,-3.330992037753333e-09
612,-3.361199096829637e-09
4675,-3.364410861017575e-09
4137,-3.3712375113736925e-09
360,-3.410581594920359e-09
2199,-3.4301917972712204e-09
604,-3.4344487254145406e-09
4901,-3.43732375895911e-09
6494,-3.44031514387666e-09
340,-3.502227508000999e-09
6626,-3.5191675129553346e-09
2982,-3.5306109147370535e-09
7063,-3.5360283590080144e-09
1415,-3.5392602182326982e-09
7668,-3.5471963144573238e-09
5855,-3.5498086692342667e-09
7006,-3.555595373683218e-09
7291,-3.5599877490355425e-09
6660,-3.5794096575614276e-09
2168,-3.5951867038974683e-09
6326,-3.606923870691503e-09
5447,-3.6069957021211962e-09
2165,-3.618358945800537e-09
1934,-3.6289617977303124e-09
1163,-3.645882373781717e-09
3577,-3.6914103995755454e-09
6603,-3.695921568791505e-09
7615,-3.6968679228976953e-09
7687,-3.736117970554176e-09
4885,-3.744440646435976e-09
4006,-3.746807530902174e-09
7761,-3.798116710029831e-09
4942,-3.80796005838846e-09
3070,-3.861531983062605e-09
996,-3.8730989526669646e-09
5808,-3.8763541265751655e-09
1834,-3.8792348222571604e-09
2513,-3.889749744523385e-09
6168,-3.890368471815009e-09
1829,-3.8927037149250054e-09
2618,-3.892722144627214e-09
6010,-3.9173901900113606e-09
2497,-3.919221391868177e-09
5007,-3.924156555257241e-09
4892,-3.9251148997720975e-09
2291,-3.926860170366808e-09
5549,-3.931917014199371e-09
2782,-3.961126537888049e-09
5080,-3.968521955499682e-09
4065,-3.9820888808606014e-09
2502,-3.985099805703385e-09
4681,-3.98890609432101e-09
2043,-3.989881536270445e-09
6792,-4.0099092935008684e-09
1949,-4.0167211778907586e-09
7487,-4.022984612106484e-09
6120,-4.027489231006598e-09
3312,-4.050502599994843e-09
7809,-4.0604586359904715e-09
2785,-4.063952951938177e-09
5676,-4.06588318568879e-09
7558,-4.090700889136656e-09
5706,-4.100279005214702e-09
1024,-4.102753248247382e-09
7137,-4.111728291178451e-09
6713,-4.113477558576051e-09
2431,-4.123663188693172e-09
1135,-4.12772704905251e-09
3627,-4.13407952315481e-09
6636,-4.139516729395609e-09
4736,-4.154032673397978e-09
6960,-4.15975898171439e-09
2295,-4.160048971968422e-09
2253,-4.163229538889368e-09
3078,-4.164910194504046e-09
7519,-4.165390032895289e-09
2821,-4.16587386808942e-09
1911,-4.169617318083851e-09
6014,-4.169699252543069e-09
1075,-4.1756766933076506e-09
3035,-4.184269819518249e-09
7370,-4.188591029574695e-09
4449,-4.194625979891953e-09
410,-4.201448966512089e-09
6667,-4.206110126858675e-09
4813,-4.213415838449919e-09
6275,-4.215363613724321e-09
4857,-4.225087169018593e-09
4839,-4.255361396587887e-09
2189,-4.25695034778073e-09
6805,-4.2639927144705325e-09
4155,-4.268914111094091e-09
4008,-4.292529220961683e-09
6475,-4.295403366327832e-09
4061,-4.3109731340251756e-09
6299,-4.313971624370083e-09
1533,-4.317553869981339e-09
6400,-4.318213120413361e-09
91,-4.318898572108765e-09
3867,-4.3202854627111265e-09
5794,-4.323165603281609e-09
5030,-4.332824765640453e-09
1252,-4.3514334358008e-09
4118,-4.356755178847038e-09
579,-4.370142248077968e-09
7773,-4.381080609405785e-09
485,-4.386922380916758e-09
3487,-4.388340801853019e-09
2508,-4.395888097974421e-09
5067,-4.413066578834446e-09
7982,-4.41573488885183e-09
5783,-4.426377486765887e-09
3286,-4.43671965832948e-09
3993,-4.449274726425756e-09
473,-4.474417059086022e-09
6237,-4.492662020183502e-09
1645,-4.493753369416709e-09
388,-4.496121253083629e-09
1612,-4.497733296915385e-09
4967,-4.507839879153153e-09
4162,-4.5190302611075595e-09
813,-4.5192285469397575e-09
5089,-4.524685071061185e-09
1240,-4.530728681118035e-09
936,-4.5347159360886735e-09
7954,-4.5399584092109535e-09
1230,-4.545380738463223e-09
7888,-4.55597737314406e-09
6650,-4.557426880325011e-09
3907,-4.5610080157132415e-09
2835,-4.561937272384853e-09
2250,-4.5665111692017035e-09
7273,-4.585125834566384e-09
3943,-4.585610557938935e-09
1237,-4.589395086185277e-09
2906,-4.603579739637098e-09
5832,-4.605245518263246e-09
5704,-4.606468984036383e-09
3125,-4.612568549333673e-09
3050,-4.6272403686487e-09
4066,-4.6413068943707e-09
7338,-4.6478902948621226e-09
1827,-4.674550746486261e-09
5539,-4.675184461788717e-09
456,-4.690590138523021e-09
3212,-4.701258271566644e-09
6783,-4.709152179316334e-09
4825,-4.724099333941467e-09
6165,-4.728400782028075e-09
3964,-4.735879466366555e-09
1218,-4.745613679801863e-09
4898,-4.7524755242278616e-09
1851,-4.759550309429983e-09
725,-4.7673529568470485e-09
2495,-4.76942285665416e-09
5138,-4.787374052739324e-09
3491,-4.791015806304699e-09
1981,-4.8060107005198915e-09
1199,-4.8085848636247874e-09
1224,-4.818179855092808e-09
1504,-4.832358069251086e-09
4220,-4.848183632333303e-09
5241,-4.857152013926225e-09
2237,-4.860494229319556e-09
2072,-4.868343506103656e-09
3076,-4.909004314157528e-09
3381,-4.9145085778690145e-09
3394,-4.948118581538097e-09
7631,-4.948200293952709e-09
5477,-4.9572981275503025e-09
2124,-4.969031186519146e-09
2897,-4.970352573963055e-09
326,-4.971782541218772e-09
161,-4.994520796941515e-09
429,-5.008507386605743e-09
1826,-5.00869390407388e-09
3747,-5.032897876233733e-09
6641,-5.034886951804651e-09
506,-5.082862353233963e-09
3316,-5.106278733180147e-09
2489,-5.112214207514398e-09
5015,-5.1147814872365416e-09
6735,-5.1202642126213505e-09
1739,-5.121713719802301e-09
1342,-5.203392383634764e-09
6075,-5.211864051446469e-09
4108,-5.234767952444486e-09
3663,-5.2564994579284985e-09
891,-5.258517621342662e-09
7469,-5.2761008895174655e-09
7877,-5.290888172027053e-09
1864,-5.295228033830313e-09
2967,-5.2964932439891754e-09
1925,-5.311224793302927e-09
3345,-5.316714180025883e-09
7820,-5.329924057662083e-09
1663,-5.330534680325627e-09
1296,-5.339200637166641e-09
722,-5.360057730996459e-09
3848,-5.368094635471721e-09
3973,-5.377750467161491e-09
2919,-5.393751889570808e-09
4389,-5.396668667501103e-09
2478,-5.4174096320025455e-09
3415,-5.434496852529946e-09
6605,-5.441626038660274e-09
2710,-5.45413691988017e-09
7552,-5.461421981323156e-09
6988,-5.466156638433972e-09
2337,-5.478898223998385e-09
6337,-5.4951343475551084e-09
1720,-5.506066713678592e-09
5161,-5.521629375948578e-09
5788,-5.52239320938952e-09
6516,-5.525505164527544e-09
6624,-5.542894809806853e-09
7771,-5.556460180855538e-09
6371,-5.568215888374084e-09
1878,-5.593713714446835e-09
1978,-5.594015473064928e-09
5953,-5.5997457781842286e-09
3665,-5.623860488412902e-09
4809,-5.6406428416977406e-09
4253,-5.648906231670026e-09
4539,-5.670685476744097e-09
6015,-5.6749764887342735e-09
7135,-5.6852154095565766e-09
2145,-5.713813866492501e-09
3071,-5.71778491220698e-09
7266,-5.742080144699457e-09
2586,-5.760534493859382e-09
3676,-5.779204448330688e-09
6332,-5.779225542568156e-09
5701,-5.791021440160193e-09
3121,-5.793470814197121e-09
4646,-5.808792558070763e-09
1558,-5.823658444370494e-09
5616,-5.830153693153761e-09
2469,-5.838129757407273e-09
586,-5.859349672121539e-09
3061,-5.867902830303251e-09
6394,-5.8868716568127866e-09
2988,-5.905482103329973e-09
6919,-5.906622302376263e-09
3327,-5.910085310034674e-09
5591,-5.936064306766298e-09
7345,-5.943777914296788e-09
4827,-5.953925574786467e-09
5712,-5.953930015678566e-09
425,-5.970888228290505e-09
3752,-5.979783113119197e-09
7576,-5.999295282776984e-09
7508,-6.0150837644101784e-09
3882,-6.025087317951261e-09
4822,-6.0439970805958865e-09
3834,-6.045976164159583e-09
7925,-6.080723258250487e-09
5123,-6.127834017988221e-09
6971,-6.135719488042923e-09
4606,-6.152740095188847e-09
5098,-6.1587976940558065e-09
4635,-6.159455612220199e-09
7100,-6.1642770887715415e-09
3759,-6.190444157283537e-09
4903,-6.196746005215914e-09
3380,-6.207995895124441e-09
1610,-6.226296145328547e-09
3456,-6.2368978870352976e-09
7130,-6.2507830023150746e-09
6374,-6.2589313731820084e-09
4768,-6.2665521660676404e-09
6562,-6.272109720484309e-09
4823,-6.273058295036549e-09
2405,-6.2951779344899705e-09
2779,-6.313668032831288e-09
4170,-6.315576506210618e-09
4474,-6.324298418292074e-09
7696,-6.347331993339367e-09
5654,-6.367907312565535e-09
1352,-6.381151607115498e-09
4936,-6.3853331511154465e-09
5051,-6.392715468095389e-09
6592,-6.401277952150508e-09
1248,-6.40923869532628e-09
1106,-6.4471437077884275e-09
2274,-6.456128964771324e-09
2193,-6.462792967454334e-09
3417,-6.491115644990941e-09
6108,-6.491723603119226e-09
1408,-6.503858340778379e-09
5418,-6.5107665925268066e-09
5231,-6.518689366075137e-09
3063,-6.527426599234332e-09
987,-6.540747721217599e-09
3397,-6.576307054473318e-09
211,-6.585697320815598e-09
838,-6.62382526606109e-09
412,-6.6424525879682506e-09
5722,-6.646622141559533e-09
2550,-6.648046113610917e-09
6265,-6.65527966070556e-09
3923,-6.671659891210879e-09
7901,-6.6941101550810345e-09
2709,-6.702353783083481e-09
5063,-6.714982569988592e-09
4133,-6.736068147716878e-09
5157,-6.742088443090211e-09
6354,-6.746730951689983e-09
1365,-6.748869019190806e-09
4346,-6.771241123360028e-09
4336,-6.775866978614431e-09
4028,-6.78210576587901e-09
750,-6.782377548475438e-09
5335,-6.791451623300304e-09
6622,-6.796525564567446e-09
1675,-6.818036801803373e-09
2829,-6.822051146215813e-09
5341,-6.83513601273944e-09
511,-6.855078282796967e-09
1746,-6.8565397803865835e-09
958,-6.874159019787385e-09
637,-6.87519485786936e-09
5893,-6.881915926015836e-09
2876,-6.893480897218751e-09
4399,-6.925875428720474e-09
136,-6.928454920895888e-09
220,-6.933029927935763e-09
4601,-6.95968171982031e-09
5513,-6.964725463021182e-09
1482,-6.972229682489228e-09
4081,-6.9969219307353114e-09
7104,-6.9989269935177845e-09
5844,-7.004947510935722e-09
1336,-7.030888760084508e-09
868,-7.034442806030938e-09
4747,-7.042540550727949e-09
660,-7.058943873872181e-09
7060,-7.0933490192715e-09
4549,-7.1227346243318834e-09
7942,-7.128033496783814e-09
7570,-7.172135108035604e-09
3690,-7.176478078463333e-09
5291,-7.189284056963174e-09
4111,-7.204023599882703e-09
6852,-7.2068830903049275e-09
6176,-7.211277353036394e-09
4075,-7.2125843075809826e-09
2485,-7.222299647224872e-09
1684,-7.234458587745962e-09
550,-7.238710519885672e-09
3053,-7.2939847495234744e-09
680,-7.294311155092714e-09
7193,-7.296809378942726e-09
3260,-7.307059401995275e-09
7329,-7.369817867086681e-09
6055,-7.379319599820633e-09
3074,-7.394820311645844e-09
1952,-7.422293002434799e-09
3066,-7.429499682132246e-09
1936,-7.4326487187192924e-09
6943,-7.457361173024424e-09
5434,-7.458597739429251e-09
6656,-7.464501461384998e-09
3069,-7.466417928370106e-09
421,-7.473713647954128e-09
426,-7.478286434547954e-09
2786,-7.497529264099967e-09
5767,-7.508502930519967e-09
2791,-7.544193714181802e-09
2184,-7.545439384415431e-09
253,-7.55786611073006e-09
285,-7.577095395561173e-09
7150,-7.611359098547155e-09
4234,-7.61999174869743e-09
455,-7.625629905305686e-09
6907,-7.643517596633842e-09
7736,-7.645811317402718e-09
4715,-7.64783258944135e-09
6478,-7.650950983872917e-09
4639,-7.656026479452294e-09
7002,-7.663634171706235e-09
4349,-7.66578089894665e-09
213,-7.696736137319249e-09
422,-7.700919013586827e-09
2224,-7.720861283644354e-09
7655,-7.748040431465597e-09
3855,-7.763779841241103e-09
7429,-7.775757815409179e-09
818,-7.779095145821202e-09
1081,-7.796138845606038e-09
7938,-7.802638091192193e-09
1080,-7.803044876908416e-09
6278,-7.817151814748513e-09
3986,-7.825026848706784e-09
2036,-7.82578135627432e-09
3660,-7.866038487236438e-09
5296,-7.868651064057985e-09
5427,-7.877656749144535e-09
4208,-7.894247477935323e-09
4777,-7.907144716767789e-09
4719,-7.910733845761797e-09
3853,-7.916573174782116e-09
176,-7.921367561891657e-09
1114,-7.934871870673987e-09
7936,-7.94223797839777e-09
2614,-7.943573798741e-09
2575,-7.951207026124507e-09
2966,-7.956709069389944e-09
2380,-7.956760139649077e-09
1132,-7.973847360176478e-09
4380,-7.982706051734567e-09
4534,-7.987689620847505e-09
94,-7.994952255785392e-09
4785,-7.995421213990994e-09
7819,-8.001798335044441e-09
6325,-8.016725061565921e-09
7734,-8.059018785644412e-09
2946,-8.081151747774129e-09
377,-8.081550539884574e-09
7994,-8.10330558209671e-09
3603,-8.128484996205998e-09
4168,-8.146765484440266e-09
3001,-8.155485620164882e-09
6234,-8.183267841133102e-09
4706,-8.222915681699305e-09
27,-8.228566716894647e-09
1421,-8.245224059066913e-09
2393,-8.266454631922215e-09
3023,-8.273218998766652e-09
984,-8.285744979019682e-09
932,-8.29052160256083e-09
7815,-8.293443265472433e-09
7241,-8.295449660522536e-09
1462,-8.341547896861812e-09
6231,-8.344531732262794e-09
7376,-8.35541325017175e-09
5399,-8.363752357354315e-09
4918,-8.381801475110251e-09
1762,-8.383190142069452e-09
5168,-8.44189962379005e-09
1928,-8.442657239982054e-09
2641,-8.450008692761912e-09
6597,-8.463394873814423e-09
4519,-8.487550662295007e-09
5151,-8.488582281529489e-09
5025,-8.488596048294994e-09
7360,-8.508787452399247e-09
2239,-8.520335104122978e-09
2767,-8.520347094531644e-09
5481,-8.551580776838819e-09
2805,-8.573453502691564e-09
5614,-8.576656718162212e-09
3674,-8.604747137042068e-09
6107,-8.615694824243292e-09
5204,-8.616597657606917e-09
561,-8.62692495218198e-09
240,-8.636448889376425e-09
1452,-8.6376470420646e-09
7056,-8.639963411383178e-09
4720,-8.655791639000654e-09
6433,-8.677460971995288e-09
4190,-8.697992548434286e-09
1980,-8.698887832281343e-09
5592,-8.715820953852926e-09
1918,-8.716823263199558e-09
7770,-8.757029767991753e-09
132,-8.75890338036811e-09
6152,-8.776992466152933e-09
4557,-8.78514816449183e-09
7440,-8.805607354389622e-09
4698,-8.815523422356364e-09
4609,-8.835411957619499e-09
6013,-8.838346055028978e-09
2343,-8.85119311178073e-09
4773,-8.851866795112073e-09
2676,-8.872508949764324e-09
3488,-8.894657010927176e-09
4079,-8.899224912539694e-09
7985,-8.903019654837863e-09
5972,-8.907817594661083e-09
6803,-8.913679128141894e-09
5703,-8.927681705017676e-09
7953,-8.93145868374745e-09
5955,-8.944655682796565e-09
3002,-8.966007492006156e-09
2335,-8.993520594913207e-09
4264,-8.999104572637862e-09
5822,-9.006991597004799e-09
6662,-9.032451231405503e-09
3422,-9.071695394879953e-09
7210,-9.15013398383735e-09
6318,-9.172092418907596e-09
2925,-9.175439075193026e-09
4012,-9.179768500899854e-09
137,-9.183006355328871e-09
6649,-9.187163030333068e-09
369,-9.194024652714461e-09
7293,-9.195054939681313e-09
7276,-9.227961506041993e-09
4171,-9.239749854117463e-09
2046,-9.242196341574527e-09
618,-9.245012755343396e-09
5491,-9.246296173159863e-09
1535,-9.252516086633022e-09
3136,-9.283853241726092e-09
6830,-9.33308541561928e-09
4117,-9.365795250459996e-09
294,-9.407106205117088e-09
4765,-9.408516632447572e-09
374,-9.423743119185701e-09
6549,-9.461468941651674e-09
1836,-9.475417339643855e-09
6131,-9.48260003852397e-09
7817,-9.505052300795569e-09
3779,-9.510212617414027e-09
7738,-9.510982224014697e-09
1409,-9.531490263725573e-09
5056,-9.53813161785888e-09
5019,-9.546609724964128e-09
6211,-9.555499946856116e-09
2645,-9.559772529144084e-09
539,-9.566866410182229e-09
1806,-9.592654670598222e-09
7768,-9.594000260904068e-09
5702,-9.601158090788431e-09
7102,-9.654168575679023e-09
5371,-9.661083932854808e-09
533,-9.670551026630392e-09
1954,-9.687161295346414e-09
4148,-9.693147617895193e-09
5582,-9.694596236897723e-09
5084,-9.700258374323312e-09
812,-9.708983839118446e-09
4222,-9.712648019188919e-09
6417,-9.713736481842261e-09
4647,-9.715355187012165e-09
3978,-9.715670046261948e-09
2686,-9.739733464186884e-09
3153,-9.743497564329573e-09
3753,-9.75333902530906e-09
2880,-9.778550857930668e-09
5773,-9.78094405468255e-09
2413,-9.783989174394492e-09
5199,-9.83307080204554e-09
4540,-9.844912884915402e-09
7073,-9.866201189367985e-09
1008,-9.871521822191198e-09
436,-9.872519246556521e-09
6574,-9.88004567048506e-09
4019,-9.963278202462789e-09
3308,-9.975082981839023e-09
7613,-1.000633975678511e-08
5674,-1.0044225895455838e-08
2244,-1.006296956873598e-08
3240,-1.0063158306650166e-08
4364,-1.0074354683808906e-08
2301,-1.008734695773228e-08
5367,-1.0166669284217278e-08
6982,-1.0172610753755862e-08
1268,-1.017374362533019e-08
5116,-1.0199817435108116e-08
1964,-1.0200354783052035e-08
5136,-1.021861173455818e-08
501,-1.0262163119278966e-08
6245,-1.0271263839456424e-08
969,-1.0274546546895635e-08
2865,-1.0291687502217428e-08
4175,-1.0295717167707608e-08
6486,-1.0300049257949695e-08
3354,-1.0308453646246107e-08
7120,-1.0310243769851013e-08
7420,-1.03362256531625e-08
4924,-1.0337761757739372e-08
5862,-1.0339017642024828e-08
7156,-1.035005947613854e-08
5189,-1.040671726570963e-08
6306,-1.0454392906922294e-08
5757,-1.0473928835352808e-08
5873,-1.0497719582502896e-08
5853,-1.0512320791633556e-08
1604,-1.0521275406460973e-08
7923,-1.05333683997344e-08
5338,-1.054420906143605e-08
599,-1.0603702804701243e-08
584,-1.0636367342442554e-08
6426,-1.0658331106583319e-08
2976,-1.06641642183547e-08
131,-1.0664846339381029e-08
6405,-1.0673912420600118e-08
1910,-1.0722119636596972e-08
4884,-1.0752264412161594e-08
4615,-1.076557465395922e-08
3860,-1.0796234128918059e-08
5714,-1.0810543127348637e-08
5974,-1.0811825656986684e-08
1760,-1.0814604323172716e-08
11,-1.0898110858192922e-08
7023,-1.0904942726597255e-08
343,-1.0910404579789201e-08
2339,-1.0913304926418732e-08
3466,-1.0927159177498424e-08
3767,-1.0960022223116539e-08
6180,-1.0963001173536213e-08
5806,-1.0975582220851265e-08
4913,-1.098415847167189e-08
701,-1.099351631950185e-08
79,-1.1067027294586751e-08
3649,-1.1101962904547236e-08
3359,-1.1103119312849685e-08
4091,-1.1134400068613104e-08
7762,-1.1147752054796456e-08
459,-1.1158954649204134e-08
5668,-1.1163160174021414e-08
3141,-1.1168409308481841e-08
424,-1.1187122783695713e-08
4674,-1.1205983696527255e-08
5091,-1.1216139128578106e-08
3521,-1.1242645925335637e-08
5303,-1.124408921526765e-08
3243,-1.1246027220579435e-08
5209,-1.1246775954987243e-08
7098,-1.124805493191161e-08
7902,-1.1250706144494416e-08
5265,-1.1313901371323709e-08
5317,-1.1321085846560663e-08
2562,-1.132820370841614e-08
2417,-1.1371264818649252e-08
3745,-1.1440976166454675e-08
5217,-1.1514272202362008e-08
3186,-1.1515339792822488e-08
6484,-1.156337248175987e-08
351,-1.1575598257707043e-08
6985,-1.1615331363401538e-08
5643,-1.1626504203832155e-08
1280,-1.167127416934477e-08
804,-1.173027097678414e-08
2163,-1.1740760363920799e-08
6533,-1.1742023353633613e-08
7774,-1.1764771379318972e-08
5619,-1.1772231189866034e-08
3458,-1.1787885778602458e-08
6,-1.1822717471687838e-08
5247,-1.184486420058306e-08
2841,-1.186195586200256e-08
3366,-1.1862888893432455e-08
6538,-1.1896332363647844e-08
7401,-1.1906465591238202e-08
715,-1.193976162383592e-08
1747,-1.1958162460246058e-08
3429,-1.198197052687533e-08
5742,-1.1988031012322153e-08
7871,-1.2014532924098376e-08
65,-1.2026018403332728e-08
5093,-1.2026596607483953e-08
7502,-1.2032405294348791e-08
2700,-1.2037836949474467e-08
4655,-1.2043345876122658e-08
1611,-1.2055322073933894e-08
7459,-1.2070654253903967e-08
24,-1.2083207767688009e-08
4119,-1.2090879408788169e-08
7515,-1.20987526663896e-08
3440,-1.209999744844481e-08
2389,-1.2155248363399096e-08
5198,-1.2179143027424288e-08
7375,-1.219640743954642e-08
450,-1.2206313737550545e-08
2504,-1.2249164793587397e-08
1837,-1.2252404424373253e-08
2159,-1.2288111417291248e-08
1185,-1.230054280654258e-08
6050,-1.2303351226705672e-08
5323,-1.232385571370287e-08
4373,-1.2325376275157396e-08
7356,-1.2345309663430726e-08
5641,-1.2364359314176454e-08
7772,-1.237091939998436e-08
2628,-1.2422996409355846e-08
197,-1.2425612982980283e-08
414,-1.2430590778933492e-08
2778,-1.2437819663091432e-08
5271,-1.2460176446182913e-08
6183,-1.2475926514099456e-08
652,-1.2486233380570866e-08
5326,-1.2504927315859504e-08
2810,-1.250814074538198e-08
4581,-1.2522794801128612e-08
6570,-1.2531296000872771e-08
1369,-1.254317849586073e-08
3464,-1.2565584128765295e-08
7827,-1.2588925457635014e-08
4626,-1.2632288992620033e-08
155,-1.26546315648568e-08
3297,-1.265696969454666e-08
2284,-1.2660752890525373e-08
2106,-1.2674863381079149e-08
2856,-1.2682344507908283e-08
2061,-1.2688761596990616e-08
2738,-1.2697683793305714e-08
4302,-1.2718914810250226e-08
2917,-1.2736803611801406e-08
5588,-1.2773435642543518e-08
3301,-1.2775308810830666e-08
2249,-1.2779993507905374e-08
7380,-1.2811540273105493e-08
420,-1.2813516026000116e-08
583,-1.2840259522306496e-08
7879,-1.2862618525844027e-08
2948,-1.2871203658448849e-08
4245,-1.2880894573186197e-08
3174,-1.2883202060720578e-08
7957,-1.2887261036098607e-08
7416,-1.2902066082176589e-08
6226,-1.2908018653945419e-08
1039,-1.2921215652994533e-08
3711,-1.2929743054002074e-08
6583,-1.2966915541312574e-08
7057,-1.2995752918243397e-08
1802,-1.3022988021305082e-08
305,-1.3046667302063497e-08
4678,-1.3080918126462393e-08
124,-1.3090188044628803e-08
3396,-1.3090479811239675e-08
2379,-1.312384334539729e-08
5887,-1.3124484166127104e-08
1379,-1.3148897082260191e-08
4651,-1.3160859069216713e-08
5763,-1.318245823611619e-08
3315,-1.3191133518830611e-08
4272,-1.3195828429957146e-08
3399,-1.3198411252801634e-08
2488,-1.3200394555212824e-08
4702,-1.3220889272247405e-08
5747,-1.322134846049039e-08
6003,-1.3297562606595648e-08
2101,-1.3303028456590482e-08
6370,-1.3318596003841776e-08
1427,-1.338575916776108e-08
1228,-1.3402705167919748e-08
4573,-1.34062556611525e-08
6508,-1.3423869127393573e-08
1839,-1.345838507305075e-08
4252,-1.346516587119595e-08
6921,-1.3471465720726883e-08
5192,-1.34974218468642e-08
7679,-1.3551574973291736e-08
807,-1.355893886056947e-08
3393,-1.3561641587500617e-08
4575,-1.3588808300823985e-08
4579,-1.3611256566292695e-08
461,-1.3613026261793948e-08
6699,-1.3624088968100523e-08
3776,-1.3634183115840415e-08
6362,-1.3647078578316041e-08
6962,-1.3665050424549463e-08
3755,-1.3690985234404707e-08
7882,-1.3699348766493813e-08
3450,-1.3731779713310743e-08
2071,-1.3741691340385387e-08
5983,-1.3743802540489014e-08
4513,-1.3748029825677577e-08
2900,-1.3764423378859192e-08
4538,-1.3791665143259024e-08
6001,-1.3867981429882548e-08
98,-1.3889865702054749e-08
6111,-1.391518811288961e-08
7158,-1.393277893058098e-08
1125,-1.3941746423995482e-08
7590,-1.3989325697849608e-08
7296,-1.4002845105665074e-08
4435,-1.4024703620663104e-08
6808,-1.402779536974208e-08
526,-1.4033673778612865e-08
4858,-1.4046202867490365e-08
4739,-1.405498650797199e-08
845,-1.4065040243593785e-08
3439,-1.4065598907819776e-08
1681,-1.4115023816430039e-08
6772,-1.416116601760109e-08
892,-1.4215743249224033e-08
1794,-1.4219374122603767e-08
4169,-1.4223523248091396e-08
7354,-1.423281492662909e-08
4699,-1.4246047008725782e-08
4237,-1.4279025073449247e-08
4636,-1.4296685613146565e-08
2753,-1.429912899197916e-08
1047,-1.4301984041509286e-08
7008,-1.430934526425176e-08
7537,-1.4351713595317506e-08
2643,-1.4361836608856038e-08
4966,-1.4406191350957442e-08
4791,-1.4419216931571555e-08
2151,-1.4432067985126196e-08
195,-1.4436712714172018e-08
5244,-1.4510912027532186e-08
5528,-1.4515304513906813e-08
6778,-1.4531530201367104e-08
2589,-1.4562342443014131e-08
5284,-1.4608506404556465e-08
5507,-1.4612931753532621e-08
56,-1.4731540876056215e-08
2050,-1.479890565647679e-08
2139,-1.4802999714902398e-08
1180,-1.4808036574720518e-08
7386,-1.4815591420358487e-08
1216,-1.4826862404504482e-08
5407,-1.4839493633900247e-08
6644,-1.4866776254507386e-08
4931,-1.4892298061397469e-08
3586,-1.4894772970563963e-08
2212,-1.4896897937433096e-08
783,-1.489881018557071e-08
5919,-1.4928172920036786e-08
1574,-1.4958008165422143e-08
5398,-1.495836965403896e-08
2256,-1.5017407761774848e-08
1788,-1.502996127555889e-08
1127,-1.5069344438956023e-08
158,-1.5109710815863764e-08
7677,-1.512440928053138e-08
2219,-1.512900116296123e-08
1285,-1.5159577593237827e-08
769,-1.517503456227587e-08
5672,-1.522739845327692e-08
5097,-1.523074555365156e-08
6241,-1.528938753381226e-08
7549,-1.5291097277270183e-08
4164,-1.5327819014032684e-08
4369,-1.533005011822297e-08
5937,-1.535167637456425e-08
7632,-1.536370008992094e-08
1955,-1.5371596440161284e-08
4864,-1.537755611735747e-08
5042,-1.537839322551804e-08
1724,-1.541603023014204e-08
3983,-1.5431385946840237e-08
7176,-1.5499226790893772e-08
572,-1.550554173945784e-08
4285,-1.5543205833523643e-08
2438,-1.5573144551694895e-08
1202,-1.5580281953475605e-08
6438,-1.5580964074501935e-08
5526,-1.5584376455990423e-08
2031,-1.5601286484923094e-08
5884,-1.5625547078457203e-08
7949,-1.5644179285345672e-08
4657,-1.565872409514668e-08
1210,-1.5673879083522024e-08
3842,-1.5696334898507303e-08
6341,-1.5700882372016167e-08
4058,-1.571352381546376e-08
3544,-1.5717141366167198e-08
5100,-1.5732280367330986e-08
6058,-1.5738198300141448e-08
4392,-1.5803661490565446e-08
6367,-1.5900697647452944e-08
7275,-1.5903982131248995e-08
4905,-1.5906758576988977e-08
384,-1.596154941552186e-08
7090,-1.5966615585227828e-08
981,-1.597170484757271e-08
5584,-1.5977610345885296e-08
4963,-1.598260546131769e-08
3284,-1.598393417623356e-08
4683,-1.5996026725417778e-08
4227,-1.6006319825123683e-08
2574,-1.6028199212314576e-08
810,-1.6034981342727406e-08
2232,-1.603974020270016e-08
2694,-1.6120894841265e-08
2144,-1.6152895909726794e-08
4025,-1.6169332539561765e-08
1575,-1.620082912268117e-08
3311,-1.624422640844614e-08
3936,-1.6317692974610054e-08
7709,-1.6370974798007865e-08
7850,-1.6379599898641573e-08
2836,-1.6389487100809674e-08
7657,-1.6415636849842485e-08
4259,-1.641775337901663e-08
2673,-1.641858560219589e-08
2704,-1.6419615000984322e-08
6403,-1.642936542367579e-08
4408,-1.6458801432861492e-08
6294,-1.646076608352587e-08
46,-1.6491393139972388e-08
2972,-1.650545744524834e-08
897,-1.651419623271977e-08
3967,-1.6523516777056102e-08
1497,-1.6540245617591154e-08
5251,-1.6543257430612357e-08
7094,-1.6569805971755613e-08
1716,-1.6572059280406393e-08
1508,-1.661611026548826e-08
1129,-1.6636391819702112e-08
2842,-1.665742566103745e-08
2475,-1.6687155657280073e-08
823,-1.6756269261009038e-08
695,-1.6773749500487156e-08
3171,-1.6781813272359614e-08
2890,-1.679648686803148e-08
5569,-1.6799819313462194e-08
4431,-1.680824368577305e-08
1259,-1.681245276330401e-08
6889,-1.6829790006056555e-08
1437,-1.6831929627869613e-08
7410,-1.685024120234857e-08
4080,-1.6856988693803032e-08
1453,-1.686448403148688e-08
2692,-1.6981946515670643e-08
334,-1.6991537066246565e-08
3111,-1.701512974960906e-08
869,-1.704389163137421e-08
7281,-1.7127754325940714e-08
615,-1.7155791454115388e-08
7575,-1.7157008258550377e-08
6084,-1.722636078227424e-08
5024,-1.727479403967891e-08
2075,-1.727751897107055e-08
7244,-1.7282738795643127e-08
3948,-1.7291743148462047e-08
6926,-1.73085847876564e-08
7858,-1.7323385392842283e-08
2596,-1.7342042468726504e-08
1551,-1.734865850977485e-08
2992,-1.7349645275999137e-08
1119,-1.7378699368464368e-08
1941,-1.7381601935539948e-08
4915,-1.7428528842344804e-08
7540,-1.7456315504205122e-08
3332,-1.746582789508011e-08
6573,-1.7519274919663985e-08
368,-1.7543975161515846e-08
6515,-1.7546494923692535e-08
1430,-1.7555861653306692e-08
961,-1.755859102559043e-08
3658,-1.7566490484455244e-08
2081,-1.758845247223917e-08
1152,-1.7590024548042038e-08
7629,-1.759227430397914e-08
1838,-1.7627924897567482e-08
6103,-1.7641203164942e-08
2221,-1.7644244287851052e-08
2198,-1.765781121321197e-08
2780,-1.7681148101189592e-08
5305,-1.7722488365734534e-08
58,-1.7738010171797214e-08
7231,-1.7786022432630944e-08
5450,-1.7846113919972595e-08
6132,-1.7856601530752414e-08
2498,-1.785946057708543e-08
4053,-1.7861371048866204e-08
6057,-1.7883721170619538e-08
6399,-1.7898321047482568e-08
4894,-1.7901681914622714e-08
4576,-1.7935036566996132e-08
1961,-1.8009423286002857e-08
5550,-1.8039481908260768e-08
7887,-1.8063245121879845e-08
1325,-1.8065919427101562e-08
7648,-1.8068450735597708e-08
6185,-1.808476302045392e-08
1758,-1.808739646946833e-08
4485,-1.811832550657755e-08
5177,-1.8131964374390463e-08
7945,-1.8168009319197154e-08
3732,-1.816961869849365e-08
52,-1.817267492043584e-08
5346,-1.8235656540355194e-08
631,-1.8298053738874387e-08
4433,-1.8342719343422687e-08
4926,-1.8383947697486747e-08
2544,-1.8384008093619286e-08
2689,-1.840239249872866e-08
4753,-1.8411141944341125e-08
72,-1.8415439839714054e-08
4535,-1.8470348805976755e-08
1335,-1.849100339512688e-08
2226,-1.8537473778224012e-08
5859,-1.8590217365499484e-08
1770,-1.859091192102369e-08
7920,-1.8591402195511364e-08
3554,-1.8610233354365846e-08
2331,-1.8610404772800848e-08
514,-1.867431187463353e-08
2815,-1.8733797624292947e-08
1406,-1.8749954477925712e-08
4452,-1.8756852071533103e-08
349,-1.879589905939838e-08
3933,-1.8839448223673116e-08
3585,-1.886896239255975e-08
1937,-1.8869256379616672e-08
371,-1.887823586343984e-08
5215,-1.8883787866741386e-08
1025,-1.8891134878629146e-08
3730,-1.890228418233164e-08
4582,-1.8918677291424046e-08
162,-1.8922111877373027e-08
3958,-1.8922864164494513e-08
7382,-1.8929869227690688e-08
1867,-1.900050161651734e-08
1084,-1.9007531548709267e-08
1560,-1.9036832554775174e-08
7314,-1.9037238452312977e-08
909,-1.905588931094826e-08
1771,-1.906978219778921e-08
4038,-1.9070175660829136e-08
4501,-1.9096423997666534e-08
3733,-1.9121742411698506e-08
1777,-1.9159558384274078e-08
4153,-1.9241552351445534e-08
1013,-1.9277663909633702e-08
937,-1.932672155646742e-08
1270,-1.9380723692563606e-08
2229,-1.9386888538974745e-08
5448,-1.9392009775742736e-08
3395,-1.9412150109587856e-08
2265,-1.9424745367757623e-08
723,-1.944038974244222e-08
5810,-1.944975380752112e-08
3531,-1.9482611968157926e-08
497,-1.948437944321313e-08
7229,-1.9484606816888572e-08
1635,-1.9488989977389792e-08
6249,-1.9493755942789903e-08
5630,-1.9502423675987757e-08
4552,-1.952797390458727e-08
4343,-1.953097061857534e-08
1889,-1.9543748841499564e-08
3782,-1.955755912774748e-08
606,-1.957601458713043e-08
7802,-1.9582194532574704e-08
5470,-1.961837270414435e-08
7042,-1.965746765364429e-08
4826,-1.9673052520374767e-08
5122,-1.9709285759006434e-08
357,-1.9733269240873597e-08
5939,-1.9740094003850572e-08
3252,-1.9803085393732545e-08
3693,-1.9811222884413837e-08
7585,-1.9811967177929546e-08
3426,-1.9842003595726965e-08
2127,-1.98556433517183e-08
3060,-1.9876930323903252e-08
2053,-1.989710529670674e-08
6166,-1.993516285381247e-08
1810,-1.994733800358972e-08
2005,-1.9975702869601264e-08
2110,-1.9976210019478913e-08
2830,-2.0031125202990552e-08
5735,-2.0060026528767594e-08
7641,-2.009952027037798e-08
1623,-2.0113624543682818e-08
6011,-2.01594660964588e-08
3163,-2.0207974849029142e-08
4165,-2.0210315199165052e-08
7789,-2.0248966947633562e-08
5405,-2.0261698985279963e-08
6897,-2.026588941106411e-08
3017,-2.029825907357008e-08
7112,-2.0300994663102756e-08
217,-2.0319681937053247e-08
5820,-2.033602441997573e-08
2177,-2.036122292992104e-08
3428,-2.0378745801963305e-08
973,-2.046056302162924e-08
3148,-2.0483302165530404e-08
954,-2.0499616226743456e-08
2002,-2.0530633193516223e-08
1073,-2.0549759227606046e-08
952,-2.058887460520964e-08
2859,-2.0592120009155224e-08
5144,-2.0666951705550218e-08
4376,-2.0700390734873508e-08
2936,-2.0722943361306534e-08
2340,-2.074472860158494e-08
5698,-2.080005145899122e-08
1613,-2.080882133270734e-08
7194,-2.081844741042005e-08
5260,-2.085582639921313e-08
2156,-2.0864839633816246e-08
2246,-2.0895560837175253e-08
3672,-2.093748197040668e-08
5010,-2.0938296430017544e-08
3298,-2.0961096858229666e-08
4829,-2.0977029890900667e-08
1946,-2.098723594912144e-08
7950,-2.101617369021369e-08
3275,-2.1017050322313935e-08
4457,-2.10510968656763e-08
1323,-2.105538943197871e-08
1581,-2.1066250077694804e-08
7114,-2.1080765577607963e-08
7371,-2.1091304702736124e-08
2312,-2.1094996860426818e-08
6742,-2.1106825620620384e-08
4423,-2.111074781652178e-08
5548,-2.113672348258433e-08
5755,-2.1152490425890846e-08
5682,-2.1199496380575056e-08
1553,-2.1223018009663974e-08
7797,-2.1252250625991564e-08
7406,-2.1297974939216147e-08
4950,-2.1313733000738466e-08
7898,-2.1326211907535253e-08
2746,-2.1349129575298775e-08
2381,-2.135216625731573e-08
3898,-2.1362633439991896e-08
706,-2.136552446074802e-08
1561,-2.138199128864926e-08
2097,-2.1404270356129018e-08
449,-2.1406773242915733e-08
3854,-2.1462101429392533e-08
245,-2.1465681676602344e-08
2732,-2.148903277543468e-08
4032,-2.1517619686051148e-08
6701,-2.1541021411053407e-08
2655,-2.1544042105858807e-08
5506,-2.158253753492545e-08
4944,-2.1585282894420743e-08
7302,-2.1663770333191223e-08
7650,-2.167320367618686e-08
265,-2.1679260164830794e-08
5639,-2.1709764652655394e-08
7036,-2.1718204123999385e-08
3749,-2.177259883495708e-08
2428,-2.1811021433393307e-08
6991,-2.1835313113172106e-08
4568,-2.1900383728734596e-08
5219,-2.1911453984557738e-08
4356,-2.1971503727513664e-08
3890,-2.1974855712869612e-08
6663,-2.2032717872377816e-08
2651,-2.2108919139895988e-08
504,-2.2114980069432022e-08
1468,-2.2149691858430742e-08
3497,-2.2204002192438566e-08
284,-2.2213235695289768e-08
1031,-2.2225028928346546e-08
4772,-2.2226750218123925e-08
2998,-2.2255412623906068e-08
7669,-2.2286348766442643e-08
5072,-2.234674845169593e-08
3578,-2.2363176199746704e-08
1470,-2.2384359255056552e-08
2724,-2.2427151691317704e-08
7087,-2.2434608837329506e-08
732,-2.2446789316177274e-08
108,-2.2446953629184918e-08
3062,-2.2494644369430716e-08
5868,-2.2501343899250514e-08
5112,-2.2519498266149185e-08
4090,-2.2561120971431592e-08
7568,-2.2592713477820325e-08
2109,-2.2620145756491183e-08
7113,-2.2673546595797234e-08
6949,-2.26767866706723e-08
2373,-2.272242305423333e-08
4147,-2.273732313540222e-08
6638,-2.2754459649831915e-08
181,-2.2754721662465727e-08
921,-2.2759873985478407e-08
20,-2.279404753835479e-08
3322,-2.2796201371022562e-08
4439,-2.2833575918923543e-08
5689,-2.2836864843611693e-08
5511,-2.286198785839133e-08
1003,-2.2863187787436345e-08
2282,-2.2930745302573996e-08
2846,-2.2965854107326322e-08
86,-2.2965993551338215e-08
1496,-2.2973875246634634e-08
2104,-2.2987024728138294e-08
4213,-2.2987613590430556e-08
5011,-2.3029679496744393e-08
5811,-2.3052864506212245e-08
7586,-2.3053553732665932e-08
2305,-2.3053758013702463e-08
2522,-2.3082598055168546e-08
6666,-2.3119913983293827e-08
6051,-2.319676362105838e-08
1858,-2.3209429045323304e-08
2351,-2.3284220773689412e-08
3952,-2.337017868114799e-08
5361,-2.3378407654206512e-08
3851,-2.3385293701494447e-08
5607,-2.3453889497204727e-08
1015,-2.349437355775308e-08
6122,-2.3531653958741572e-08
613,-2.3609608490460232e-08
2078,-2.365925588776463e-08
4181,-2.3679203486892675e-08
5229,-2.375889529560027e-08
3517,-2.3762955159156718e-08
7014,-2.3766823176174512e-08
2148,-2.3792857462012762e-08
4210,-2.3795933223880184e-08
4906,-2.3836826734680017e-08
5863,-2.389001529934376e-08
6915,-2.3937797521966786e-08
2180,-2.400016629877655e-08
6334,-2.4017895228212183e-08
6680,-2.404379451093064e-08
7565,-2.4048906865914432e-08
1507,-2.411229527155001e-08
1193,-2.4137930765277815e-08
5501,-2.4140740073619327e-08
2347,-2.4149685806662546e-08
4276,-2.4184927838177828e-08
2867,-2.4229803052833176e-08
2929,-2.4236848972236658e-08
5026,-2.4245662366695342e-08
5711,-2.425733924837914e-08
1022,-2.4261401776470848e-08
1140,-2.4304880774650428e-08
1905,-2.4340007342971148e-08
4696,-2.4342027948875966e-08
4447,-2.4362051043169686e-08
4599,-2.4420196531593774e-08
2172,-2.4445609980716654e-08
6063,-2.4499394513100015e-08
7509,-2.4507913920501778e-08
7617,-2.462158654736868e-08
3620,-2.463257509077721e-08
5552,-2.4642381468709118e-08
6140,-2.470593862824444e-08
6476,-2.4712636381707398e-08
5651,-2.4743981974495455e-08
7178,-2.4756627858835145e-08
6212,-2.4769654771716887e-08
6571,-2.4849214241839945e-08
2113,-2.4860300484874642e-08
2042,-2.4878750615187073e-08
7700,-2.4917607532870534e-08
4362,-2.5014907478748682e-08
4262,-2.502602658438491e-08
980,-2.5035043371701704e-08
6940,-2.5035065576162197e-08
6353,-2.5057022234875603e-08
1422,-2.510293750646042e-08
6112,-2.5118318980332788e-08
4837,-2.514162300570888e-08
3987,-2.5142576021153218e-08
7980,-2.5232416156484305e-08
7931,-2.5239790701903075e-08
6346,-2.5289637939351906e-08
4746,-2.5320352037283556e-08
1595,-2.5335170406037832e-08
6941,-2.5405320513982588e-08
966,-2.5410751725019054e-08
2207,-2.5421342364495558e-08
6814,-2.5421999616526136e-08
3998,-2.5460860975101696e-08
2578,-2.5520153101865617e-08
7444,-2.552790157039908e-08
757,-2.554804812149314e-08
2602,-2.5715936047276955e-08
1179,-2.5735784170421994e-08
2451,-2.5770601652652658e-08
854,-2.580133617868796e-08
2152,-2.5801472069986175e-08
280,-2.5813239545868782e-08
7516,-2.588501502032159e-08
3875,-2.590598580098913e-08
7243,-2.5910027900977184e-08
4244,-2.5949231208244328e-08
2160,-2.5993641905586173e-08
5962,-2.601826309955868e-08
1483,-2.6035674949298482e-08
6361,-2.6052273227605838e-08
218,-2.6077080939046482e-08
6651,-2.6131521835282e-08
784,-2.6148036624817905e-08
327,-2.6148307519235914e-08
6257,-2.6149838738831477e-08
788,-2.616084771034366e-08
3645,-2.6267334085616767e-08
2044,-2.6282302556523973e-08
7454,-2.633071183311131e-08
5663,-2.6341005820995633e-08
2008,-2.6348548232135727e-08
5985,-2.635645124371422e-08
7411,-2.63951287493569e-08
2634,-2.6417115606136576e-08
5760,-2.6430722499526382e-08
2671,-2.644136376517281e-08
5710,-2.6469519909255723e-08
2579,-2.6491155935559618e-08
4311,-2.6496769223172123e-08
1056,-2.6602749336746e-08
6206,-2.6607041014869992e-08
2781,-2.6614115355982904e-08
2430,-2.6624188187440723e-08
4405,-2.6652283047212677e-08
4470,-2.6661049368215117e-08
3014,-2.6711876266460877e-08
4996,-2.672071897080741e-08
887,-2.6840251798887493e-08
1568,-2.6884398707238688e-08
6125,-2.6902123195782224e-08
775,-2.693429657085744e-08
6404,-2.697182477362503e-08
6661,-2.70151589987222e-08
6837,-2.705161428195879e-08
2993,-2.7083805420602403e-08
2158,-2.7132112556671473e-08
7926,-2.7152365689175895e-08
5631,-2.7164298366244566e-08
4887,-2.733631276896631e-08
754,-2.739767790416181e-08
6755,-2.740499649434014e-08
1171,-2.7413890713035016e-08
5133,-2.74583618065094e-08
4842,-2.7484529319110607e-08
7463,-2.7493451071336494e-08
6072,-2.7505626221113744e-08
3478,-2.7508854749669354e-08
876,-2.75483467149229e-08
6309,-2.755175287916245e-08
7395,-2.756273964621414e-08
5058,-2.756827566230413e-08
1567,-2.7580522754533376e-08
318,-2.759701356325195e-08
7486,-2.7611441133501557e-08
1359,-2.7638694888310056e-08
6517,-2.768343865255929e-08
2664,-2.7716270167843504e-08
1094,-2.772777030202178e-08
3615,-2.7764163412768994e-08
1730,-2.776989305175448e-08
7124,-2.7790522771908854e-08
6184,-2.7796405177582528e-08
834,-2.7887542053406378e-08
6102,-2.7996433615840033e-08
3774,-2.8010706643044614e-08
3000,-2.8042429711661043e-08
1294,-2.8071151625397306e-08
5156,-2.8113869454671203e-08
4002,-2.813902266751711e-08
7164,-2.8246473604554012e-08
1821,-2.8277090891037915e-08
2481,-2.8281673003505148e-08
6877,-2.837881218908933e-08
463,-2.841924029439724e-08
797,-2.854251235362426e-08
1853,-2.862011339033188e-08
5731,-2.8645844807329013e-08
5852,-2.8696957699025916e-08
1490,-2.8721336420289845e-08
2137,-2.873799509472974e-08
3991,-2.8750454461601294e-08
7769,-2.8750651637210467e-08
2238,-2.875304350169472e-08
3293,-2.8800838158815623e-08
6914,-2.8842832122677464e-08
3654,-2.8863719414573552e-08
2325,-2.8885690284141674e-08
3680,-2.893608108678336e-08
5402,-2.894857864532696e-08
6725,-2.9076550944751034e-08
4591,-2.9110485577632517e-08
1023,-2.9135128976065516e-08
1177,-2.9147214419822376e-08
1734,-2.9179202165607876e-08
3955,-2.9230410980574106e-08
399,-2.9251362221316413e-08
6658,-2.9375506471751578e-08
7593,-2.9381980404252772e-08
1205,-2.9401318712984903e-08
4360,-2.9405212487176868e-08
5562,-2.941060017747077e-08
1917,-2.960329670287365e-08
6702,-2.9611361362924526e-08
2911,-2.967521162133835e-08
2313,-2.968619838839004e-08
3082,-2.97063946774756e-08
5358,-2.9821359603943165e-08
2604,-2.982538127582757e-08
6757,-2.987754044170288e-08
7482,-2.991487946246707e-08
7834,-2.993377012927567e-08
3287,-2.994417869217614e-08
6957,-3.0062720313139835e-08
5173,-3.0074836843141384e-08
4819,-3.0096929393153005e-08
5555,-3.010271765191419e-08
4466,-3.012005134195306e-08
3837,-3.0143757712153274e-08
736,-3.0158480157638223e-08
2153,-3.01721669870858e-08
7450,-3.018111804919954e-08
1776,-3.0226539493583005e-08
5815,-3.0263738182156885e-08
3944,-3.027722605963845e-08
7847,-3.032488571363956e-08
1278,-3.0361393399402914e-08
1448,-3.0366517300706164e-08
3367,-3.0390358674026174e-08
12,-3.04015994601059e-08
6795,-3.040473472992744e-08
5104,-3.0445628240727274e-08
2796,-3.055729980161459e-08
6646,-3.0561812636165087e-08
787,-3.056740460749552e-08
1848,-3.0661338357163004e-08
5167,-3.066738685220116e-08
1324,-3.067962595082463e-08
6753,-3.068729981237084e-08
4325,-3.07356877726761e-08
6765,-3.075438570476763e-08
4793,-3.077618604407917e-08
5267,-3.078772969900001e-08
6434,-3.0800217487580994e-08
6002,-3.0805015427404214e-08
6074,-3.0832767450306164e-08
7288,-3.08735934595461e-08
2907,-3.087530942025296e-08
3611,-3.087660616074572e-08
1886,-3.088882571944396e-08
2837,-3.0896535108126955e-08
7787,-3.092249123426427e-08
764,-3.096713285799524e-08
3040,-3.097490974823813e-08
3540,-3.097553680220244e-08
1425,-3.100174517101095e-08
127,-3.101138013050786e-08
2018,-3.1154867130567254e-08
6580,-3.116255520296818e-08
2146,-3.116737445907347e-08
3385,-3.117951585807077e-08
1267,-3.118411662228482e-08
1164,-3.121625269386641e-08
5945,-3.133869697080627e-08
4107,-3.137502702088568e-08
3621,-3.138215021181168e-08
4726,-3.144749882721953e-08
2705,-3.144783811137586e-08
7413,-3.145669857929079e-08
1686,-3.1614597162388236e-08
815,-3.1678160539172495e-08
6639,-3.174751661561004e-08
3565,-3.179732654956524e-08
1332,-3.1842716907704016e-08
7872,-3.1864573202256e-08
6818,-3.187727237730087e-08
6167,-3.188850072888272e-08
3653,-3.1907468667213834e-08
4583,-3.192027442366907e-08
4483,-3.192684694397485e-08
721,-3.193268405254912e-08
187,-3.203228438053429e-08
6855,-3.203989784594796e-08
7106,-3.205905940717457e-08
7611,-3.208111110097889e-08
5901,-3.211151877735574e-08
3010,-3.21244293388645e-08
3871,-3.2141631578497254e-08
2045,-3.22164250832202e-08
7636,-3.230016076827269e-08
7159,-3.2390271798021786e-08
4135,-3.2548614470329085e-08
2261,-3.2587090359470494e-08
1340,-3.2666461535768576e-08
1434,-3.2685594675285756e-08
7337,-3.277968829706879e-08
5311,-3.27820739443041e-08
3137,-3.27829621227238e-08
1500,-3.278986326904487e-08
5918,-3.282659299941315e-08
2130,-3.2876224409505994e-08
6872,-3.28785780823182e-08
924,-3.295647843515326e-08
3080,-3.295774675393659e-08
5377,-3.296964301569005e-08
231,-3.3015842504369175e-08
7724,-3.3025672863118416e-08
7574,-3.304327655939687e-08
4089,-3.3050408632107064e-08
5979,-3.305649265428201e-08
5360,-3.3077037997486514e-08
6143,-3.309517460081679e-08
7366,-3.318082697489899e-08
519,-3.3191927428788404e-08
1343,-3.319992636363622e-08
880,-3.32675167413754e-08
2896,-3.3348307226788165e-08
5286,-3.3416634792615696e-08
4536,-3.354427136059712e-08
935,-3.368985268537017e-08
6067,-3.373089718650135e-08
1467,-3.378095314587881e-08
2701,-3.379156510163739e-08
6094,-3.380680979603312e-08
6836,-3.398304926349738e-08
7777,-3.404837833898e-08
2217,-3.405516757482019e-08
697,-3.4056160558293413e-08
6529,-3.4100171575346394e-08
4875,-3.412191595941749e-08
877,-3.413836857646402e-08
5624,-3.41735475473115e-08
7379,-3.418602645410829e-08
843,-3.424194083834209e-08
3204,-3.427836148262031e-08
439,-3.427990691307059e-08
833,-3.434234230326183e-08
4077,-3.43663035806685e-08
5254,-3.441721219132887e-08
4129,-3.4478954802352746e-08
101,-3.450060326315452e-08
261,-3.454997532514881e-08
5462,-3.4599322518147346e-08
1478,-3.470590925758188e-08
3404,-3.473265230979905e-08
3452,-3.4766255652129985e-08
4738,-3.480613663953136e-08
297,-3.483110511126597e-08
41,-3.483267896342568e-08
6514,-3.4906234347431564e-08
3075,-3.490634270519877e-08
6213,-3.4972281071077305e-08
1367,-3.5032821088520905e-08
6445,-3.503310530561521e-08
2660,-3.5113407292897136e-08
2021,-3.5161008327122545e-08
7286,-3.5172503132230304e-08
1548,-3.525281400129643e-08
1449,-3.527251557500222e-08
5623,-3.528274561404032e-08
5827,-3.529084580122799e-08
4145,-3.5326571889982006e-08
2795,-3.537124548813608e-08
6046,-3.538181836404419e-08
228,-3.545744675648166e-08
4288,-3.5549748034213735e-08
972,-3.558151639992957e-08
3091,-3.5606852577529935e-08
4750,-3.573568463366428e-08
7284,-3.576515084091625e-08
292,-3.580739260655719e-08
7270,-3.589020280969635e-08
1211,-3.597305919811333e-08
2209,-3.604023390835209e-08
7069,-3.606017173751752e-08
4876,-3.6094547795073595e-08
3669,-3.618358590529169e-08
4882,-3.619220478867646e-08
7488,-3.624386657463674e-08
4588,-3.6282619575445096e-08
5831,-3.6312096440838104e-08
4130,-3.6313274165422627e-08
7808,-3.6339310227617716e-08
7205,-3.6345262799386546e-08
4547,-3.6384538049105686e-08
3421,-3.641405399434916e-08
5740,-3.645069668323231e-08
1680,-3.649649116255205e-08
4295,-3.651526370163083e-08
4192,-3.656516156524958e-08
835,-3.656635882975934e-08
3561,-3.6642456180402405e-08
203,-3.664773728928594e-08
7663,-3.667147119301717e-08
5656,-3.6687769267018666e-08
1052,-3.670684023404647e-08
1108,-3.6714107309876454e-08
2227,-3.675033610761602e-08
154,-3.67517056787392e-08
7544,-3.679109816800974e-08
471,-3.68064387856748e-08
7852,-3.681572913194486e-08
2613,-3.68204826628471e-08
3849,-3.685033256317638e-08
1689,-3.685075178339048e-08
540,-3.6873771591672266e-08
5092,-3.688196770212926e-08
1042,-3.691265604288674e-08
120,-3.6926284252558617e-08
3600,-3.696797179486566e-08
1262,-3.697389416856822e-08
4396,-3.700043293974886e-08
6796,-3.7085337467601676e-08
1264,-3.708671414415221e-08
140,-3.711262763772538e-08
3525,-3.713861040921529e-08
2943,-3.7145083453538064e-08
3655,-3.7186570267522256e-08
7894,-3.7323815149648e-08
3320,-3.732961495472864e-08
1447,-3.748529131542e-08
3115,-3.748860599728232e-08
4319,-3.7540988984119394e-08
5252,-3.7566428190416445e-08
392,-3.757034505724732e-08
354,-3.7577210676431605e-08
3411,-3.760899858207267e-08
4914,-3.7624360516019806e-08
4280,-3.763749845120401e-08
7601,-3.763808820167469e-08
7639,-3.766778888802946e-08
5581,-3.7678564268617265e-08
6942,-3.769592638036556e-08
3901,-3.7709128264395986e-08
7239,-3.772152368242132e-08
4201,-3.7773757455283885e-08
3118,-3.779210899779173e-08
6948,-3.780706947509316e-08
1847,-3.793367575610773e-08
4541,-3.806210813195321e-08
1126,-3.81097127188923e-08
1290,-3.831483219585152e-08
2941,-3.833689632415371e-08
7917,-3.8345273623008325e-08
3792,-3.848863983080264e-08
3378,-3.849562801860884e-08
5912,-3.851374685837072e-08
6572,-3.85340790387545e-08
3194,-3.855139318886813e-08
4828,-3.857859276479303e-08
6163,-3.86106648875284e-08
7392,-3.865953779325082e-08
1516,-3.871903864194337e-08
1659,-3.876411192038631e-08
2092,-3.8766980736681944e-08
1597,-3.878802168344464e-08
5124,-3.8804360613653444e-08
5017,-3.884375487928082e-08
1363,-3.8895340281897006e-08
51,-3.901948097961849e-08
3847,-3.903782008762846e-08
6049,-3.904061074422316e-08
3945,-3.90516810000463e-08
1170,-3.9113277949809344e-08
2995,-3.917438462508471e-08
5664,-3.9182223687816986e-08
3610,-3.922459690386404e-08
3761,-3.9268856610874536e-08
574,-3.931471859175417e-08
2323,-3.9505097859660054e-08
6279,-3.956464666998727e-08
3624,-3.9731739676085454e-08
4740,-3.975023155078361e-08
2955,-3.9774707971673706e-08
3976,-3.977508988839418e-08
4993,-3.983281260389049e-08
229,-3.993596386919762e-08
7580,-3.995092967556957e-08
782,-3.9973270915538706e-08
7168,-3.9991519429349864e-08
1740,-4.0044472626732386e-08
6992,-4.006226284047898e-08
5270,-4.0091357789151516e-08
2062,-4.0107059007254975e-08
2699,-4.011459253661087e-08
1909,-4.017895349761602e-08
5770,-4.020578359131832e-08
7588,-4.024793298640361e-08
2126,-4.0385710775581174e-08
5181,-4.055265634406169e-08
3292,-4.0568513881567014e-08
5119,-4.057681479707753e-08
4088,-4.064779091095261e-08
7903,-4.06630924487672e-08
7172,-4.068599857021127e-08
3029,-4.075684678639391e-08
3140,-4.08522371486697e-08
441,-4.085866045500097e-08
2784,-4.0869668538334736e-08
5049,-4.097072192621454e-08
3438,-4.101963568814426e-08
188,-4.114388474363295e-08
5102,-4.11849683246146e-08
1225,-4.1217688817596354e-08
163,-4.1339331957601644e-08
4902,-4.135920939063453e-08
1702,-4.140096976357199e-08
1334,-4.140581566502988e-08
4482,-4.151023169640666e-08
7129,-4.152356325448636e-08
7912,-4.156699695556654e-08
4073,-4.15855971880319e-08
7935,-4.1587858490288454e-08
4094,-4.1782472592899467e-08
693,-4.188515845271468e-08
7234,-4.191431557387659e-08
6320,-4.1937406436431957e-08
1825,-4.1955033225349325e-08
3338,-4.1971500053250566e-08
6891,-4.1993981625410015e-08
2450,-4.213609905434623e-08
3636,-4.2164410629652593e-08
4873,-4.2242037423534384e-08
5483,-4.225324978790468e-08
7499,-4.233623052130042e-08
2858,-4.2377450881758705e-08
6973,-4.240652806686285e-08
4324,-4.2481232753743825e-08
554,-4.253745444771084e-08
3520,-4.2713770298519194e-08
4512,-4.2737909211609804e-08
7838,-4.278110310451666e-08
1245,-4.283133669957806e-08
4188,-4.283841015251255e-08
28,-4.2857502435822425e-08
5878,-4.286922639096247e-08
786,-4.290008348561969e-08
4350,-4.2926192378445194e-08
4886,-4.300803269075004e-08
4897,-4.309461054674557e-08
5339,-4.316034463158758e-08
2338,-4.32857447663082e-08
5328,-4.33888764916901e-08
7612,-4.346437165736461e-08
6239,-4.3519971626437837e-08
2939,-4.3530080873210864e-08
165,-4.354854610255643e-08
2179,-4.3581019681937505e-08
477,-4.3604917010497957e-08
7016,-4.3688716644396663e-08
2185,-4.375353057639586e-08
1113,-4.379464613180062e-08
5232,-4.3808100258502236e-08
1360,-4.38294645022097e-08
1145,-4.385746166235549e-08
7909,-4.387279872730687e-08
968,-4.4113294350722754e-08
468,-4.415709042859817e-08
4755,-4.41789715921459e-08
3206,-4.4225190620750254e-08
5571,-4.4272045585103115e-08
3822,-4.439779210940742e-08
3319,-4.4477740601678306e-08
7659,-4.4486663242082614e-08
356,-4.455626978483451e-08
2853,-4.464128444681137e-08
4440,-4.468452985406657e-08
930,-4.470511427712154e-08
6579,-4.4751658379027504e-08
5816,-4.4757427986041876e-08
7249,-4.47596022468133e-08
4344,-4.4759737249933096e-08
469,-4.481043625048642e-08
542,-4.482109616787966e-08
1512,-4.49852883832591e-08
1874,-4.499036521110611e-08
1784,-4.501178629823244e-08
6812,-4.507685247290283e-08
564,-4.511959517117248e-08
3970,-4.520403074081969e-08
4889,-4.520787477702015e-08
4847,-4.524007835016164e-08
5117,-4.5275983850956436e-08
4327,-4.52906121495289e-08
6714,-4.5314546781582976e-08
381,-4.534305730885535e-08
2667,-4.537945130778098e-08
5343,-4.546676990457854e-08
6589,-4.550753729404278e-08
6691,-4.556098254226981e-08
3560,-4.574931189438303e-08
2556,-4.577663936800036e-08
3796,-4.5802034165376426e-08
6541,-4.580501666850978e-08
1526,-4.593169578015477e-08
5366,-4.599939273930431e-08
5048,-4.630073568989701e-08
5460,-4.630731531563015e-08
148,-4.631550609701662e-08
6437,-4.6428258571040715e-08
5476,-4.6520401753014085e-08
565,-4.6568771949750953e-08
6703,-4.657278296349432e-08
2885,-4.669810316215717e-08
1310,-4.6763650729531037e-08
7905,-4.67645868695854e-08
5799,-4.6960169086673886e-08
7538,-4.6982593815414475e-08
1034,-4.703484890455911e-08
922,-4.7059867114285225e-08
541,-4.706006251353756e-08
4928,-4.7067217678886664e-08
7299,-4.713220747021296e-08
2434,-4.713299084357914e-08
174,-4.7133642766539197e-08
5302,-4.71980783345316e-08
6488,-4.721828261722294e-08
2157,-4.7244984813232804e-08
2026,-4.729372626854911e-08
1902,-4.760444483054016e-08
1842,-4.780581619456825e-08
153,-4.7889679777313177e-08
1685,-4.7891553833778744e-08
690,-4.797790786881251e-08
353,-4.804460473906147e-08
4925,-4.818477883361538e-08
4694,-4.839676215340205e-08
6369,-4.8398975494023944e-08
6672,-4.840295808605788e-08
3794,-4.84792561650238e-08
5442,-4.852154233958572e-08
3836,-4.862751268319698e-08
1699,-4.8644592354207816e-08
4868,-4.867964342736286e-08
5240,-4.876741144244079e-08
746,-4.882462789623787e-08
1100,-4.886003246440396e-08
4799,-4.889792748485888e-08
6409,-4.8904823302109435e-08
2231,-4.896261884823616e-08
790,-4.9083480391232115e-08
6454,-4.9182107275669296e-08
4805,-4.9276328795144764e-08
5336,-4.932435793136847e-08
336,-4.950075727094827e-08
6276,-4.953114896011357e-08
6288,-4.955093579894765e-08
991,-4.9682359559710676e-08
4729,-4.968282318884576e-08
5833,-4.9720091155336377e-08
3639,-4.9859981032795986e-08
4642,-4.9883118080629174e-08
1900,-5.0054934419563324e-08
719,-5.018226900688205e-08
2887,-5.0217209945913055e-08
6820,-5.028565119857831e-08
4390,-5.033469285820047e-08
2627,-5.034472216891572e-08
1544,-5.0366363524290136e-08
6247,-5.050313944821028e-08
394,-5.050559792607601e-08
7503,-5.0640190707440524e-08
943,-5.072320163890254e-08
273,-5.078040921091542e-08
6217,-5.0784782601454026e-08
2806,-5.082414133994462e-08
1831,-5.1020935032397574e-08
4893,-5.1082155394510664e-08
7784,-5.11697706429004e-08
5625,-5.117532353438037e-08
3668,-5.121801827101535e-08
3866,-5.144283932168037e-08
6582,-5.1603262107846604e-08
836,-5.160819505078962e-08
316,-5.165414762586806e-08
2086,-5.1949765378367374e-08
587,-5.1995197480891875e-08
7252,-5.208557851688056e-08
6619,-5.212819331745777e-08
370,-5.22308933881277e-08
2345,-5.230069177741825e-08
2269,-5.2309003351069805e-08
5804,-5.238522327033479e-08
4308,-5.2415568774222265e-08
2427,-5.250721812899428e-08
7907,-5.251847490228556e-08
1622,-5.25258929684469e-08
7895,-5.254640988994197e-08
2017,-5.2565262365078524e-08
4126,-5.2585249932235456e-08
1146,-5.259444435523619e-08
7049,-5.2620057644503504e-08
275,-5.275336079080262e-08
184,-5.279380843603576e-08
3005,-5.279420101089727e-08
6543,-5.282357307123675e-08
872,-5.283451365301062e-08
2397,-5.30346042637575e-08
2252,-5.303620653762664e-08
1263,-5.3061659954778406e-08
6775,-5.3082574780205505e-08
3940,-5.309064299297006e-08
4493,-5.309306772005584e-08
6389,-5.322522866890722e-08
4337,-5.364547916997253e-08
1484,-5.365190602901748e-08
3845,-5.3686960654886207e-08
3766,-5.368890398926851e-08
3462,-5.390062085552927e-08
3787,-5.397175506516305e-08
4300,-5.4060929954857784e-08
3267,-5.412216630418243e-08
5759,-5.412844750196655e-08
2468,-5.427337157470902e-08
4424,-5.4303853858073126e-08
2987,-5.433358651885101e-08
683,-5.439855321753839e-08
3256,-5.443686568185058e-08
7381,-5.445423312266939e-08
6360,-5.452816509432523e-08
1376,-5.4627140144702935e-08
4322,-5.4632794288522746e-08
6709,-5.4637387947309435e-08
4629,-5.4663216175754314e-08
4381,-5.466763930428442e-08
3110,-5.468431751864955e-08
3117,-5.471144426394403e-08
4397,-5.4783610536901506e-08
1456,-5.4845695984795384e-08
1999,-5.489132348657222e-08
3026,-5.491290266945725e-08
6203,-5.503300926079646e-08
7886,-5.511594203255754e-08
6890,-5.512362477588795e-08
5445,-5.5134131926593e-08
5566,-5.529359370370912e-08
1433,-5.535914127108299e-08
944,-5.538085368073098e-08
7415,-5.542558056959024e-08
6082,-5.55053158990404e-08
6887,-5.551108728241161e-08
6065,-5.5518624364481184e-08
859,-5.555370030663198e-08
7975,-5.575596162543661e-08
3374,-5.583146744925216e-08
3712,-5.593758345412425e-08
7560,-5.615596698760328e-08
7254,-5.621030751967737e-08
6045,-5.621617304996107e-08
4628,-5.623900456441788e-08
6471,-5.636305999701108e-08
5860,-5.63871722647491e-08
4477,-5.642507794334506e-08
6767,-5.6613702170693614e-08
6854,-5.6792835323449253e-08
6882,-5.697900284928892e-08
7202,-5.7000155706532496e-08
6036,-5.7040473677716363e-08
2756,-5.713452999600577e-08
6578,-5.713913964200401e-08
4543,-5.72114373653676e-08
4231,-5.7220550075953724e-08
4836,-5.725823726265844e-08
84,-5.738948161138069e-08
2831,-5.745637565723882e-08
6092,-5.747818576651298e-08
2745,-5.749056875004044e-08
3325,-5.74985516976767e-08
2808,-5.752287002280809e-08
5,-5.76613441438667e-08
3548,-5.768728073007878e-08
3707,-5.7697819855206944e-08
2386,-5.770277766714571e-08
1502,-5.772939815074096e-08
4790,-5.778748857210303e-08
2317,-5.7796682995103765e-08
5766,-5.788713153265235e-08
1818,-5.789083346030566e-08
5225,-5.7907637796006384e-08
7066,-5.7981267786999524e-08
4021,-5.809068959194974e-08
7737,-5.839113015326802e-08
6105,-5.840928629652353e-08
97,-5.842608530315374e-08
6881,-5.8427824356499514e-08
803,-5.879839370948048e-08
5348,-5.8872597463732745e-08
1816,-5.9059813040107656e-08
2203,-5.9118722361972686e-08
2644,-5.912394485108052e-08
4833,-5.9304134936155606e-08
2243,-5.931762636635085e-08
3423,-5.9336951352406686e-08
3372,-5.937371838626859e-08
4532,-5.942147396353903e-08
3031,-5.961106630536506e-08
2535,-5.962178306617716e-08
3829,-5.966056981776546e-08
926,-5.966862559603214e-08
7077,-5.981307715785533e-08
1947,-5.983212680860106e-08
3930,-5.986538553770515e-08
5325,-5.990729334826028e-08
1465,-6.011116227000457e-08
222,-6.021535270406275e-08
824,-6.022405329986213e-08
6154,-6.02455436649052e-08
2824,-6.026110987988886e-08
4567,-6.03301231194564e-08
6182,-6.037677735548641e-08
569,-6.041291200631349e-08
4320,-6.06514340972808e-08
6879,-6.091226012472362e-08
7811,-6.092922788525357e-08
5423,-6.106929717475396e-08
4891,-6.110384376256661e-08
3414,-6.114466799544971e-08
3248,-6.11498887082007e-08
1897,-6.116245288012578e-08
1414,-6.132060548225127e-08
4883,-6.134782282174456e-08
3119,-6.146236586346276e-08
5980,-6.147346454099534e-08
7760,-6.151788412012138e-08
5801,-6.155593368362133e-08
3218,-6.157303644727108e-08
6653,-6.158598608863031e-08
6150,-6.160386689657571e-08
5309,-6.162991539326867e-08
3695,-6.169610244910473e-08
6038,-6.177910449878254e-08
3065,-6.189660339828151e-08
827,-6.192473023247658e-08
7977,-6.196034973982023e-08
4707,-6.20536155793161e-08
3709,-6.213388559217492e-08
6611,-6.223355342171999e-08
1527,-6.224441406743608e-08
7138,-6.227016768889371e-08
5898,-6.235082139482984e-08
5666,-6.23886684536501e-08
2095,-6.241648975446878e-08
4989,-6.252133033513019e-08
5099,-6.286347797868075e-08
5106,-6.2885607832186e-08
1155,-6.289184639740597e-08
1648,-6.302040134187337e-08
5463,-6.314211731250907e-08
6600,-6.314409262131448e-08
5009,-6.32849115334011e-08
1473,-6.329641166757938e-08
144,-6.335430313697543e-08
3770,-6.35297183748662e-08
3537,-6.35519992187028e-08
1418,-6.360868809451858e-08
7389,-6.365800686580769e-08
3891,-6.366074600805405e-08
1717,-6.393308638052986e-08
4798,-6.394854779046e-08
7274,-6.408336261642944e-08
762,-6.41123456546211e-08
3231,-6.416806286324572e-08
4665,-6.428138021874474e-08
1865,-6.43379145515155e-08
7647,-6.43452047199844e-08
3441,-6.438258992602641e-08
5546,-6.440280486685879e-08
4074,-6.444028599617013e-08
4802,-6.445981881597618e-08
5066,-6.448086864452307e-08
7553,-6.452819079072469e-08
1032,-6.461586110617645e-08
1945,-6.477731062659586e-08
1446,-6.511207573112188e-08
4589,-6.518126127730284e-08
5315,-6.52315925719904e-08
7047,-6.525891649289406e-08
5401,-6.543059072328106e-08
5101,-6.544589581380933e-08
5948,-6.557928955430725e-08
4010,-6.56384884223371e-08
7628,-6.566269661334445e-08
4831,-6.570273569650453e-08
1410,-6.574504141099169e-08
628,-6.57483916199908e-08
5568,-6.596564361416313e-08
4284,-6.607778502143447e-08
6835,-6.609485936337478e-08
2108,-6.618530790092336e-08
3989,-6.620930292910998e-08
3673,-6.634406801708792e-08
6379,-6.642487448971224e-08
2161,-6.666828511470158e-08
6281,-6.676090080759423e-08
1464,-6.710965649858736e-08
4189,-6.715427502967941e-08
3107,-6.718383360748703e-08
2531,-6.71862174783655e-08
2518,-6.722597944985864e-08
5256,-6.732517476848443e-08
254,-6.7533321157498e-08
6008,-6.759852411164502e-08
3408,-6.765174020983977e-08
61,-6.770551053136842e-08
1908,-6.774865113357009e-08
7373,-6.77967122442169e-08
7465,-6.781604255934326e-08
4186,-6.7946164250543e-08
1835,-6.795458062924808e-08
2388,-6.795961127181727e-08
5340,-6.827112031260185e-08
2691,-6.830566334770083e-08
7167,-6.852409129010084e-08
6936,-6.855834655539184e-08
395,-6.85694132585013e-08
6692,-6.860498658056713e-08
5795,-6.870734381436705e-08
2392,-6.87606771521132e-08
4853,-6.882841319111321e-08
4982,-6.88415866534342e-08
3037,-6.888185311026973e-08
5752,-6.905989735628282e-08
1174,-6.907544758405493e-08
1370,-6.918717332382585e-08
1198,-6.930832441298662e-08
4044,-6.940761210216806e-08
3262,-6.943340125076247e-08
2333,-6.958405762702569e-08
5076,-6.967958654513495e-08
915,-6.97032405128084e-08
2197,-6.97392046333789e-08
1626,-6.987887601894727e-08
520,-6.99299498307937e-08
6128,-6.996052093199978e-08
6027,-6.996373969059277e-08
1250,-6.999765744808428e-08
5593,-7.006778446339013e-08
6495,-7.016355851874323e-08
3802,-7.041165162036123e-08
1212,-7.044783245646613e-08
348,-7.047175998309285e-08
6416,-7.055627193608416e-08
4645,-7.062720186468141e-08
7107,-7.075314911730857e-08
5705,-7.147021818809662e-08
7868,-7.16416614920945e-08
4224,-7.169924742811418e-08
4812,-7.170327975813962e-08
3383,-7.181376560083663e-08
7189,-7.188139505842628e-08
4631,-7.19508221891374e-08
1701,-7.219826869686585e-08
7095,-7.239958321747508e-08
1534,-7.272144841863337e-08
7743,-7.272427993143538e-08
7385,-7.275845348431176e-08
6681,-7.291965076205997e-08
6089,-7.296850768057084e-08
1625,-7.302218563154383e-08
6564,-7.312188543551201e-08
2910,-7.324235795636014e-08
5928,-7.330309870212659e-08
5943,-7.335986396128646e-08
2817,-7.337270702123533e-08
1637,-7.35042817723297e-08
1203,-7.351263064947489e-08
1948,-7.365526144553769e-08
5294,-7.384100442209274e-08
5014,-7.38546681589014e-08
6640,-7.386607592252403e-08
4643,-7.393045464709758e-08
5473,-7.393092360530318e-08
1460,-7.393893497464887e-08
2195,-7.402762847164013e-08
4778,-7.408679891796055e-08
4218,-7.431536630519986e-08
6274,-7.443092897574388e-08
6149,-7.45050812156478e-08
310,-7.471857799146164e-08
3587,-7.502759302724371e-08
5802,-7.514614708270528e-08
4529,-7.528585399541043e-08
4688,-7.528621637220567e-08
7559,-7.546843505679135e-08
2654,-7.588013772874547e-08
3407,-7.58957838797869e-08
1402,-7.616849018177163e-08
4855,-7.6196414511287e-08
6372,-7.620019459864125e-08
2991,-7.622551834174374e-08
480,-7.623170361625853e-08
4229,-7.632374376953521e-08
5644,-7.636745635863917e-08
6130,-7.64330607694319e-08
2009,-7.64438041755966e-08
6162,-7.647020083823008e-08
2772,-7.677142477291454e-08
7207,-7.695960846376693e-08
7026,-7.700458937165422e-08
5440,-7.716232630627928e-08
7984,-7.729889617280605e-08
7807,-7.765110865420866e-08
6760,-7.772712962150763e-08
5372,-7.777077826176537e-08
3495,-7.792833400799282e-08
7656,-7.797091328143324e-08
2223,-7.81596867227563e-08
5888,-7.821865821711071e-08
5929,-7.856036887687878e-08
4559,-7.883886610215995e-08
2465,-7.889687481110741e-08
141,-7.906956156489287e-08
3773,-7.907226873271611e-08
5636,-7.912244726071549e-08
6654,-7.925384437612593e-08
641,-7.938820445474448e-08
1384,-7.951223324198509e-08
5178,-7.971527793415589e-08
6368,-7.976469618142801e-08
2702,-7.97703627597457e-08
4912,-7.977623184274307e-08
1194,-7.984964156548813e-08
2751,-8.017146768679595e-08
5771,-8.025186204463353e-08
4341,-8.029660492070434e-08
4700,-8.033747178615158e-08
3678,-8.037865129040256e-08
5415,-8.048862554232983e-08
3715,-8.06041633438781e-08
927,-8.069349632933154e-08
5388,-8.073707746802938e-08
4487,-8.076515811694662e-08
7477,-8.093327608094114e-08
2770,-8.095129544472002e-08
5680,-8.104715121248773e-08
5535,-8.109314819648716e-08
5508,-8.119544148144087e-08
4385,-8.125175554596353e-08
7029,-8.134010798244162e-08
4592,-8.167989662410946e-08
5152,-8.176343513355278e-08
5605,-8.183644339965213e-08
1375,-8.197600109838277e-08
611,-8.214184532562285e-08
4132,-8.227753411915728e-08
2311,-8.240433757578103e-08
2630,-8.269248041870014e-08
4712,-8.286761499221029e-08
57,-8.297785214494979e-08
5947,-8.313415378324862e-08
4797,-8.329596568046327e-08
4084,-8.341932655753226e-08
1652,-8.353869773713996e-08
2048,-8.360745340496578e-08
3309,-8.364343884181835e-08
237,-8.39012770370573e-08
7152,-8.411929997009793e-08
6076,-8.443142007763527e-08
4977,-8.443787535838965e-08
209,-8.453050170942333e-08
7050,-8.45745482536131e-08
6721,-8.480804680743859e-08
4523,-8.481374891289306e-08
5137,-8.488606795253872e-08
5966,-8.488703784337304e-08
81,-8.519693395214745e-08
2656,-8.520595429217792e-08
1172,-8.521541516870457e-08
5120,-8.523047156927532e-08
496,-8.524977346269225e-08
6729,-8.532074957656732e-08
3687,-8.560125408507702e-08
367,-8.571494447551231e-08
5825,-8.572843057663704e-08
2794,-8.578290078276041e-08
7333,-8.587392485992495e-08
982,-8.60685673842454e-08
4123,-8.628309089431241e-08
2509,-8.636880366452715e-08
7405,-8.643540638786362e-08
5243,-8.645717741728731e-08
1147,-8.653301719618867e-08
4863,-8.655790395550866e-08
4159,-8.697004716395895e-08
4766,-8.739305101812533e-08
1493,-8.768203585418632e-08
7166,-8.76970389640519e-08
7927,-8.774467730177093e-08
1204,-8.781630000953555e-08
7438,-8.800260076213817e-08
2899,-8.800872208780675e-08
4761,-8.830399167436553e-08
3731,-8.854931721202774e-08
7683,-8.859457523158198e-08
5495,-8.888549629659792e-08
923,-8.888606828350021e-08
5988,-8.89231230871701e-08
5045,-8.911658966326286e-08
752,-8.924964234324761e-08
1301,-8.929545458613575e-08
6221,-8.932629924629509e-08
2366,-8.941253426542062e-08
1029,-8.950293661769138e-08
2615,-8.966036801894006e-08
1860,-8.996082812018358e-08
3705,-9.000779144230364e-08
4167,-9.027295533314827e-08
7116,-9.052516602992e-08
7524,-9.057861660721755e-08
345,-9.069005102446681e-08
3339,-9.069128381611335e-08
6222,-9.080125096261327e-08
3805,-9.096081399206923e-08
2762,-9.109666976314656e-08
7896,-9.124999067466888e-08
150,-9.126560485128721e-08
196,-9.127130695674168e-08
5505,-9.131797895634008e-08
4814,-9.142013368546031e-08
866,-9.149976065714327e-08
2921,-9.182442894939413e-08
4037,-9.189617600213751e-08
1664,-9.203535000779084e-08
5999,-9.243405330039423e-08
7646,-9.268053702271573e-08
1251,-9.284881130611211e-08
3257,-9.333678363532272e-08
4003,-9.339892059756494e-08
4718,-9.398928213499858e-08
7971,-9.418139867989339e-08
4353,-9.449493632018857e-08
5376,-9.454344862547259e-08
6134,-9.460018546292304e-08
3350,-9.467477468660945e-08
1038,-9.481334473093739e-08
6347,-9.485708574175078e-08
5369,-9.495383679336555e-08
3436,-9.527217059712711e-08
4351,-9.534180733794528e-08
4461,-9.544687173956845e-08
5512,-9.558540270404592e-08
1677,-9.561982494687982e-08
4792,-9.564810810047675e-08
5438,-9.568760717115765e-08
2034,-9.60324726406725e-08
7151,-9.615943241669811e-08
5384,-9.623848029605142e-08
7604,-9.641425080531008e-08
5043,-9.649630072772197e-08
1383,-9.66939950330925e-08
4659,-9.676229240085377e-08
4687,-9.714867488241907e-08
3357,-9.716154281136369e-08
883,-9.723073546297201e-08
1150,-9.732665162687226e-08
4584,-9.734037575981347e-08
3688,-9.753142649060464e-08
6256,-9.753967233905314e-08
2742,-9.756691454754218e-08
2065,-9.768615427674376e-08
3246,-9.793083322051643e-08
3641,-9.837220460440221e-08
4215,-9.858831262476997e-08
6121,-9.860682226303652e-08
7456,-9.884251284120182e-08
3582,-9.891292407360197e-08
121,-9.904841746788406e-08
2039,-9.924059440891142e-08
7174,-9.930042921268978e-08
2734,-9.98482931890976e-08
3570,-1.0032268704662783e-07
5517,-1.006508902889891e-07
2167,-1.014470853988314e-07
1705,-1.0163569186261157e-07
6524,-1.0166371211539627e-07
3024,-1.0228099966980153e-07
3092,-1.024092242118968e-07
7638,-1.025639875251727e-07
3721,-1.0264274408200436e-07
3176,-1.0318220233784814e-07
1732,-1.0328118094093952e-07
4556,-1.0342757761350185e-07
2240,-1.0362053970425222e-07
1330,-1.0397334904155286e-07
3667,-1.0400462713278102e-07
5126,-1.042874799850324e-07
4871,-1.0435182318246916e-07
3365,-1.0498716562779009e-07
6769,-1.0542010642211608e-07
7976,-1.0563532271135045e-07
198,-1.0572511754958214e-07
5500,-1.0576362541314666e-07
2234,-1.0580977516383427e-07
6553,-1.060744203584818e-07
4138,-1.062374970217661e-07
6842,-1.063962677960717e-07
1329,-1.0657138815872713e-07
6710,-1.0677890571741955e-07
7053,-1.0699353225618324e-07
5936,-1.0703378094945037e-07
2698,-1.0703676167622689e-07
3921,-1.0716863485527028e-07
1963,-1.0761699442696226e-07
3236,-1.0767546498868796e-07
3443,-1.0768727065624262e-07
5160,-1.0782617820837004e-07
5903,-1.0790745363919996e-07
2191,-1.0798846972193132e-07
6291,-1.0830230579017552e-07
219,-1.0836626884724865e-07
5781,-1.085821104140905e-07
5057,-1.090152821348056e-07
3013,-1.0916333792465593e-07
1518,-1.0921353776893739e-07
6728,-1.0951524131996848e-07
16,-1.0966473595885873e-07
1438,-1.097516495462969e-07
2494,-1.1006380873368471e-07
4388,-1.1026890334164818e-07
6323,-1.1045429459954903e-07
319,-1.1083177398063526e-07
4104,-1.1095298901864226e-07
167,-1.1099019303628666e-07
3313,-1.110550584826342e-07
442,-1.1166109104010502e-07
3830,-1.1173079172976941e-07
4711,-1.1204194905189979e-07
1209,-1.1248828002408118e-07
3833,-1.1306999780913429e-07
5856,-1.1312118530781845e-07
1011,-1.1316931747273884e-07
3181,-1.1326567062042159e-07
6473,-1.1346307360327046e-07
3087,-1.1351238171641853e-07
6009,-1.135766218851586e-07
4000,-1.1382246611901792e-07
3801,-1.1406713440464955e-07
5261,-1.1419895074027409e-07
3490,-1.1427824020415756e-07
2176,-1.145381069989071e-07
3318,-1.1461128224254935e-07
7304,-1.1474873673478214e-07
6243,-1.1505380470566706e-07
5314,-1.1516371500874811e-07
6456,-1.1531340859960437e-07
1907,-1.156406632674134e-07
6920,-1.160228073615599e-07
7921,-1.1611062689098617e-07
3552,-1.1619284379094097e-07
1700,-1.1630371687942898e-07
3535,-1.1648874576053458e-07
979,-1.1651248499333633e-07
3530,-1.170275609752025e-07
1921,-1.1739365390894818e-07
3183,-1.1759005502653963e-07
2445,-1.1761913398800061e-07
1749,-1.181500621783016e-07
940,-1.1832802471190007e-07
5195,-1.1877201089305345e-07
2089,-1.1915330588863071e-07
6931,-1.1930342225241475e-07
3185,-1.1935682664443448e-07
490,-1.19510012552837e-07
3253,-1.1956349510455766e-07
3049,-1.1982264425114408e-07
7644,-1.1992222681556086e-07
858,-1.1995551574273122e-07
2866,-1.200712347326771e-07
811,-1.2023718909404124e-07
4921,-1.2037234142781017e-07
1722,-1.2062639953569487e-07
7492,-1.2102442070727193e-07
4602,-1.211069928785946e-07
3549,-1.2120088044298427e-07
5334,-1.2235287982775844e-07
6642,-1.229554555948198e-07
577,-1.2300380802798827e-07
2980,-1.2302717777856742e-07
1287,-1.230576316402221e-07
5877,-1.2328798959515552e-07
5203,-1.234906363833943e-07
1710,-1.2368069945978277e-07
3559,-1.2390800918637979e-07
2378,-1.2453698161607463e-07
1756,-1.2497712020831386e-07
2747,-1.2528732185046465e-07
3507,-1.254760988445014e-07
37,-1.259147666132776e-07
821,-1.2642312441357717e-07
6715,-1.2658334469506372e-07
5600,-1.2667613447092663e-07
7634,-1.2741346466782488e-07
7785,-1.2741576682628875e-07
7967,-1.2746716038236627e-07
1830,-1.2770496482517046e-07
3763,-1.2799922899375815e-07
2027,-1.2842345142871636e-07
2599,-1.284769552967191e-07
288,-1.2856333597710545e-07
7062,-1.288116209252621e-07
2129,-1.289220250555445e-07
2683,-1.2894437873001152e-07
5984,-1.2899728574211622e-07
1521,-1.2916308378407848e-07
7201,-1.2918953729013083e-07
870,-1.2935952042880672e-07
6504,-1.2960740036760399e-07
3016,-1.2962059869892073e-07
731,-1.2971577234566212e-07
5207,-1.2975280583304993e-07
5165,-1.2983233688146356e-07
5169,-1.3014954447498894e-07
3205,-1.304333068219421e-07
5379,-1.3053877268021097e-07
7754,-1.309526354020818e-07
4221,-1.31263639957524e-07
5602,-1.3129825759961022e-07
6712,-1.313715642936586e-07
6020,-1.3147088395726314e-07
2041,-1.3162896550511505e-07
1269,-1.317309994419702e-07
2832,-1.3227133166537897e-07
1745,-1.326102676557639e-07
6419,-1.330063881255228e-07
917,-1.3346858906970738e-07
1062,-1.335678945224572e-07
2532,-1.3363333550842071e-07
2668,-1.3376578777979375e-07
4737,-1.3432399725843425e-07
484,-1.3447939295474498e-07
2965,-1.3456043745918578e-07
1915,-1.346495537291048e-07
3025,-1.347085287761729e-07
5882,-1.3473179194534168e-07
6853,-1.348628728692347e-07
4355,-1.35419071511933e-07
2121,-1.3566995704650253e-07
1843,-1.3617803773513515e-07
5035,-1.3634386419880684e-07
2765,-1.366502999644581e-07
4499,-1.3676775267867924e-07
1859,-1.3726475600606136e-07
7752,-1.374134654952286e-07
3689,-1.3764948647576603e-07
4838,-1.3794493725072243e-07
2714,-1.3842537072150662e-07
6884,-1.398796598550689e-07
7141,-1.3995666847677057e-07
1041,-1.4075058629714476e-07
1962,-1.4082689148153804e-07
1087,-1.4083501298500778e-07
1316,-1.4091922651005007e-07
5870,-1.4152418970070357e-07
2342,-1.4215220289770514e-07
1931,-1.4218040433888746e-07
4862,-1.4271775228280603e-07
6410,-1.4282001359333663e-07
5182,-1.4338272080749448e-07
232,-1.4353226163166255e-07
1136,-1.4387921254410685e-07
894,-1.4419929783571206e-07
7065,-1.451485758252602e-07
3534,-1.4558894179117488e-07
5709,-1.4590898445021594e-07
6981,-1.4599670805637288e-07
7579,-1.4609999254844297e-07
3363,-1.4660093938800856e-07
7162,-1.4680566096103576e-07
4366,-1.4716129470571104e-07
3735,-1.4721004504281154e-07
3968,-1.4726628450034696e-07
4962,-1.4771337220054193e-07
5277,-1.4778567702933287e-07
3729,-1.481639770872789e-07
5258,-1.4816674109852102e-07
7732,-1.4831095285217089e-07
6339,-1.4832538397513417e-07
6878,-1.4910153822711436e-07
3941,-1.4932011538348888e-07
7702,-1.498229522667316e-07
7003,-1.4990617103194381e-07
6004,-1.5002004971620408e-07
7,-1.5026002131435234e-07
2303,-1.5057455726719127e-07
4923,-1.5077631587701035e-07
7514,-1.5114698470597432e-07
3935,-1.512360086053377e-07
1112,-1.516201990625632e-07
1992,-1.5211800530323671e-07
4278,-1.5218714111142617e-07
6501,-1.5293890243128772e-07
4910,-1.5324319235787698e-07
2455,-1.5361806759983665e-07
3723,-1.5369700179235224e-07
6077,-1.53726404050758e-07
3109,-1.5405497322262818e-07
4677,-1.546978580790892e-07
2606,-1.549764334640713e-07
1576,-1.5499080063818838e-07
7660,-1.554296176209391e-07
393,-1.5546997644833027e-07
1995,-1.558503228693553e-07
3929,-1.5649373352744078e-07
7312,-1.56969974796084e-07
6255,-1.5777482076373417e-07
2593,-1.5791640350926173e-07
6550,-1.5805069608632039e-07
4920,-1.581177926368582e-07
3133,-1.5844292278188732e-07
851,-1.5850765322511506e-07
2603,-1.5861390778582063e-07
4727,-1.5949811427162786e-07
1774,-1.5959629706685519e-07
3340,-1.596085468236197e-07
3816,-1.6002503144818547e-07
5134,-1.603709236519535e-07
2348,-1.6049750684032915e-07
3614,-1.6082869080946693e-07
7828,-1.6088122123392168e-07
6032,-1.6208296216291274e-07
7449,-1.6234355371125275e-07
5785,-1.6263332724975044e-07
6123,-1.6355520671140766e-07
773,-1.6369318700526492e-07
1956,-1.6375088307540864e-07
5875,-1.6393859425534174e-07
6028,-1.6404259639557495e-07
22,-1.6509700628830615e-07
427,-1.6545014602797892e-07
2055,-1.6609274666734564e-07
1966,-1.6658006529723934e-07
4290,-1.6669594771201446e-07
1222,-1.6705389782600832e-07
6938,-1.6740249009217223e-07
714,-1.695307361160303e-07
2567,-1.696033677944797e-07
1913,-1.700618810218657e-07
2697,-1.7043165456698262e-07
3499,-1.7059661416851668e-07
1592,-1.7061432089349182e-07
3894,-1.7114520289851498e-07
7479,-1.7306125954519302e-07
1362,-1.7359203496880582e-07
17,-1.7401436025465955e-07
5130,-1.7420470754814232e-07
6197,-1.742550352901162e-07
7153,-1.7447088396238541e-07
6961,-1.7451627343234577e-07
122,-1.749241533843815e-07
1989,-1.7506126681610112e-07
4347,-1.754404834741763e-07
1101,-1.7544451225148805e-07
677,-1.7618451408907276e-07
3258,-1.7689330178427554e-07
443,-1.7733025714505857e-07
7511,-1.7770160809504887e-07
7795,-1.777598370722444e-07
7466,-1.7868335078219388e-07
3227,-1.7877162861168472e-07
6797,-1.7883982650346297e-07
7255,-1.7892216419568285e-07
6722,-1.7940919860848226e-07
4106,-1.8057773587543124e-07
6924,-1.8087037290115404e-07
2926,-1.8102501542216487e-07
1300,-1.8123735401331942e-07
598,-1.816579100477611e-07
5632,-1.81977611646289e-07
5540,-1.828813793736117e-07
5557,-1.8299007109590093e-07
4040,-1.834048148907641e-07
3543,-1.837830865270007e-07
5486,-1.8415782676584058e-07
6158,-1.8430420567483452e-07
6079,-1.8464790230154904e-07
1273,-1.8509850008285866e-07
7423,-1.8553906500073936e-07
166,-1.8611748942021222e-07
1006,-1.8621512509753302e-07
7986,-1.8726535699897795e-07
282,-1.8801583223648777e-07
5968,-1.8872300699968036e-07
3568,-1.8908203713863259e-07
518,-1.8929368650333345e-07
1098,-1.8945413415849544e-07
5044,-1.9053570810001474e-07
2278,-1.916543439506313e-07
7649,-1.9375710991198503e-07
4594,-1.9416284402495876e-07
7335,-1.9544287965800322e-07
4306,-1.955023591904137e-07
617,-1.958829258796868e-07
4124,-1.9625472447160064e-07
5739,-1.9649353077966225e-07
4443,-1.9706752141246398e-07
5932,-1.9714375554258368e-07
2908,-1.9757629843297764e-07
3132,-1.980621178176989e-07
5867,-1.9874931211916191e-07
7633,-1.9903003334320601e-07
7722,-1.9988544863736024e-07
5109,-1.999535470531555e-07
6862,-2.001075714019862e-07
7606,-2.0063312433649116e-07
7160,-2.01288543166811e-07
5995,-2.0173214210217338e-07
7498,-2.0189197158515526e-07
3501,-2.0205917650173433e-07
3835,-2.0212270612773864e-07
6870,-2.0237148135038296e-07
1142,-2.0291317071041703e-07
908,-2.029760537425318e-07
1741,-2.0310396564582334e-07
2294,-2.0321520821653394e-07
1893,-2.0325445149182997e-07
3529,-2.0377808596094837e-07
4585,-2.048316858349608e-07
667,-2.0498267616630983e-07
5368,-2.051876037967304e-07
4299,-2.0522538335399076e-07
5687,-2.0534842803954234e-07
4723,-2.0845576642614105e-07
4997,-2.08861564487961e-07
247,-2.1036433395238419e-07
483,-2.104427778704121e-07
4624,-2.1056371224403847e-07
7215,-2.1115451431796828e-07
3914,-2.1228067481615653e-07
729,-2.1284959217382493e-07
4211,-2.1388643745012814e-07
5520,-2.1395261029510948e-07
7446,-2.161764243169273e-07
7491,-2.169922765915544e-07
5828,-2.1725271182049255e-07
2194,-2.1809348282886276e-07
291,-2.1983363751587603e-07
3909,-2.2011221290085814e-07
4613,-2.2014852874008284e-07
2678,-2.2066458882363804e-07
4099,-2.217860881614797e-07
2258,-2.21828038604599e-07
2650,-2.225397537358731e-07
4368,-2.2284589107357533e-07
1594,-2.2336792682153828e-07
460,-2.2352408990400363e-07
2526,-2.2386409881391955e-07
5299,-2.2465573579211195e-07
7457,-2.264211502733815e-07
3616,-2.2644949382311097e-07
3832,-2.2798064946982777e-07
2004,-2.2945114608319273e-07
2928,-2.306816426767e-07
1492,-2.316020655257489e-07
5268,-2.3309836905127668e-07
33,-2.3357356582209832e-07
4935,-2.3425448603120458e-07
1868,-2.3520991021541704e-07
3825,-2.3571134022404294e-07
74,-2.3929324299842847e-07
7436,-2.397824871991361e-07
431,-2.408622492566792e-07
1603,-2.412189417100308e-07
7451,-2.4205876059113507e-07
1670,-2.427781993219469e-07
2594,-2.42799799821114e-07
785,-2.4464111447741743e-07
4122,-2.459479446770274e-07
5987,-2.4619205873932515e-07
1885,-2.461926840169326e-07
4725,-2.463323482970736e-07
7563,-2.464760910925179e-07
487,-2.469056639142764e-07
3032,-2.4707640022825217e-07
311,-2.4717043345390266e-07
5451,-2.472724673907578e-07
7277,-2.472864153446608e-07
4131,-2.477670761891204e-07
855,-2.490347270622806e-07
7024,-2.491966597517603e-07
884,-2.492939472631406e-07
4622,-2.498610029988413e-07
5819,-2.504065719222126e-07
596,-2.5119045687915786e-07
1461,-2.514366315153893e-07
5004,-2.5161604355616873e-07
2558,-2.5364914790770854e-07
918,-2.547020869769767e-07
1488,-2.547809714315008e-07
4907,-2.5498022182546265e-07
2350,-2.557964506877397e-07
5068,-2.5601690367693664e-07
5907,-2.571230339754038e-07
867,-2.576921076524741e-07
7594,-2.580956817155311e-07
2870,-2.5832258643276873e-07
7862,-2.5913632839547063e-07
1412,-2.601858852813166e-07
2983,-2.6045729839552223e-07
3876,-2.608864235753572e-07
7640,-2.6092554605838814e-07
7388,-2.6113998785604053e-07
1338,-2.619452885710416e-07
831,-2.624605599521601e-07
2486,-2.6265195174346445e-07
899,-2.6375960260338616e-07
433,-2.6394498320314597e-07
3127,-2.639897758172083e-07
2140,-2.639948633031963e-07
6412,-2.6427157706621074e-07
1391,-2.6456689283804735e-07
7854,-2.6503990113724285e-07
227,-2.650942576565285e-07
5077,-2.6515084528000443e-07
4100,-2.666807858986431e-07
6913,-2.670725933739959e-07
7816,-2.6723807877715444e-07
4030,-2.6800171326613054e-07
2154,-2.6844838885153877e-07
6670,-2.686908970872537e-07
3902,-2.693000453746208e-07
6901,-2.699104300063482e-07
691,-2.710797701865886e-07
4654,-2.721731391375215e-07
243,-2.7251616074863705e-07
1186,-2.72916096832887e-07
7468,-2.7385655698708433e-07
5843,-2.747476770537105e-07
2725,-2.749767702425743e-07
453,-2.7531092428034754e-07
3336,-2.7539385882846545e-07
3201,-2.75564332241629e-07
7500,-2.758516046696968e-07
6695,-2.7628666998680274e-07
1124,-2.764743527450264e-07
3956,-2.77341300147782e-07
6429,-2.7773984356826986e-07
2383,-2.7782658662545145e-07
6116,-2.7826958159948845e-07
6153,-2.79180042639382e-07
6235,-2.799216076709854e-07
7253,-2.802745200369827e-07
6932,-2.8075496061319427e-07
2098,-2.8251346861907223e-07
1358,-2.8328750545369985e-07
130,-2.837272887745712e-07
2715,-2.880127709659064e-07
1327,-2.8827588494095835e-07
6200,-2.8834840293257e-07
7481,-2.89420412968866e-07
3033,-2.895815782721911e-07
6776,-2.9013864377702703e-07
5350,-2.906668896685005e-07
5744,-2.9324154127152724e-07
5543,-2.948539474800782e-07
626,-2.9545748247983283e-07
7624,-2.962633658398772e-07
2277,-2.981005167157491e-07
3702,-2.982972659992811e-07
6540,-2.989811775933049e-07
3771,-2.9898636455527594e-07
625,-3.011279687825663e-07
3682,-3.0321216115680727e-07
6513,-3.0355587909980386e-07
881,-3.0462788913609984e-07
888,-3.048588439469313e-07
3077,-3.0493991687308153e-07
3844,-3.060811053501311e-07
4412,-3.0729246702776436e-07
696,-3.123473391042353e-07
6685,-3.1267542510704516e-07
1254,-3.132035288899715e-07
5306,-3.136335209319441e-07
7541,-3.137080568649253e-07
528,-3.166176298918799e-07
3467,-3.174246359094468e-07
6686,-3.1773436148796463e-07
6561,-3.18603866844569e-07
5949,-3.198901481482608e-07
3471,-3.226195275374266e-07
6793,-3.239506440877449e-07
1498,-3.239689050360539e-07
4728,-3.268928594479803e-07
6258,-3.270558153189995e-07
7662,-3.2868250343653926e-07
7228,-3.3262418241974956e-07
3384,-3.3475392058335274e-07
1260,-3.3482869810086413e-07
6764,-3.3528891663081595e-07
201,-3.3638386298662226e-07
135,-3.372777683807726e-07
6599,-3.3845208236016333e-07
6141,-3.3918021813406085e-07
1364,-3.3958403378164803e-07
5383,-3.3965041268402274e-07
603,-3.40445623692176e-07
100,-3.4068226284489356e-07
1587,-3.408212876365724e-07
7542,-3.414812681512558e-07
3376,-3.4268919080204796e-07
4840,-3.430510702173706e-07
1156,-3.434742552599346e-07
4544,-3.451245760288657e-07
1444,-3.455817960684726e-07
663,-3.4577487895148806e-07
2773,-3.4798857484474865e-07
4757,-3.487304951477199e-07
2116,-3.4898459944088245e-07
3323,-3.501905467828692e-07
3888,-3.5276474363854504e-07
3917,-3.532998675837007e-07
2341,-3.556890249001299e-07
2798,-3.560875398989083e-07
3157,-3.5683683563547675e-07
6021,-3.5988178126444836e-07
5074,-3.6205936737587763e-07
6893,-3.627463058819558e-07
3977,-3.634187493162244e-07
7686,-3.647922426353034e-07
1811,-3.649305710951012e-07
4782,-3.663693206590324e-07
6917,-3.7064066304992593e-07
7806,-3.718901666616148e-07
5504,-3.719757160070003e-07
6459,-3.7201856173396664e-07
1400,-3.72088351241473e-07
7835,-3.7363183480465523e-07
4981,-3.7406205422030325e-07
862,-3.782207613767241e-07
4820,-3.7905259375747846e-07
7139,-3.808654156500779e-07
7032,-3.852226910794343e-07
2364,-3.8539830882200476e-07
1582,-3.8735774410270096e-07
5598,-3.894529641002009e-07
1380,-3.8948216740664066e-07
3681,-3.9149873032329197e-07
3508,-3.9170878096683737e-07
2013,-3.9339784052572213e-07
6885,-3.9445360755507863e-07
3282,-3.9570907972574787e-07
1935,-3.9800781337362423e-07
204,-3.997068063199549e-07
3472,-4.0101789977597946e-07
4018,-4.045290751264474e-07
4127,-4.0579510596217006e-07
4386,-4.06822110221583e-07
6135,-4.0996636130330444e-07
4312,-4.1001514716754173e-07
4607,-4.102066384348291e-07
4774,-4.111811051643599e-07
1662,-4.11282044865402e-07
5105,-4.133437840891929e-07
1564,-4.135646634040313e-07
3276,-4.1589169086364564e-07
7849,-4.1768177538870077e-07
4059,-4.1936709749279544e-07
250,-4.207650476928393e-07
6137,-4.209682060718478e-07
5527,-4.212857191987496e-07
7417,-4.218144624701381e-07
6039,-4.232926755776134e-07
3741,-4.237570578879968e-07
5971,-4.2458142957002565e-07
493,-4.2578004411097936e-07
4692,-4.2593558191583725e-07
1920,-4.275993745750384e-07
7462,-4.293377457997849e-07
7870,-4.304574474645051e-07
4661,-4.3050694387147814e-07
4007,-4.3066214061582286e-07
1667,-4.3078618716663186e-07
5331,-4.3121964665715495e-07
3553,-4.3232915913904435e-07
6117,-4.335882834993754e-07
873,-4.3488471135333384e-07
576,-4.3579663611126307e-07
1542,-4.363639902749128e-07
4422,-4.3677883354575897e-07
778,-4.3734026178299246e-07
5693,-4.379948279620294e-07
7506,-4.404389102319328e-07
6528,-4.422615802468499e-07
494,-4.443527927833202e-07
1457,-4.4671546106656024e-07
5908,-4.471473999956288e-07
1318,-4.4847176638995734e-07
3631,-4.511933298090298e-07
6202,-4.5199990950095525e-07
4656,-4.5200317799753975e-07
2783,-4.524217160906119e-07
2620,-4.524525110127797e-07
3055,-4.549600163272771e-07
5865,-4.5505998969019856e-07
7287,-4.593526199414555e-07
7101,-4.594040348138151e-07
7517,-4.6056595692789415e-07
1293,-4.641407542749221e-07
5078,-4.64713338033107e-07
4956,-4.658084407083152e-07
7721,-4.6785572749286075e-07
1586,-4.688272383646108e-07
2507,-4.6948051135586866e-07
3843,-4.7007141290578147e-07
4769,-4.72477267976501e-07
6493,-4.727240252577758e-07
3858,-4.759603200454876e-07
6220,-4.768282906297827e-07
7661,-4.772738435576684e-07
7214,-4.77279655797247e-07
6489,-4.788815033407445e-07
4342,-4.803842017508941e-07
2054,-4.851091546242969e-07
1035,-4.885424118583614e-07
2839,-4.921161860238499e-07
852,-4.925769303554262e-07
632,-4.94367725423217e-07
3818,-4.946330705024593e-07
4301,-4.960215278515534e-07
2398,-5.020694402446679e-07
53,-5.02423063153401e-07
779,-5.042592476911523e-07
4710,-5.048025855103333e-07
6377,-5.071734108241799e-07
2444,-5.075809497157024e-07
792,-5.09980566221202e-07
3219,-5.156189502031339e-07
242,-5.184558915516391e-07
2986,-5.188938416722522e-07
3068,-5.217160037318536e-07
5452,-5.221936021371221e-07
279,-5.269502310056851e-07
3622,-5.369048636794105e-07
6467,-5.399288625085319e-07
5492,-5.405331933161506e-07
7204,-5.439395920348034e-07
4478,-5.466022798827908e-07
3259,-5.474819886330806e-07
6470,-5.480245306443976e-07
435,-5.495622872331296e-07
1998,-5.507135938387364e-07
4082,-5.513413441349257e-07
7897,-5.550419928113115e-07
3362,-5.552646484829893e-07
2930,-5.573351131715754e-07
34,-5.586609574947943e-07
7788,-5.588092903963116e-07
3988,-5.596712924216263e-07
3412,-5.599122516741772e-07
2893,-5.609096831449278e-07
3270,-5.609225297575904e-07
6006,-5.619698129066819e-07
4608,-5.651064043377119e-07
3254,-5.651675110129872e-07
1045,-5.700930501006951e-07
5924,-5.72990131786355e-07
320,-5.732156296289759e-07
3716,-5.736883679219318e-07
2977,-5.767462027961301e-07
5609,-5.771319138148101e-07
3670,-5.777709191079339e-07
3887,-5.779059506494377e-07
5922,-5.784633287930774e-07
2963,-5.806451497392118e-07
7320,-5.81456731651997e-07
1599,-5.841946801865561e-07
6319,-5.864068839400716e-07
4970,-5.90674090972243e-07
4531,-5.936578020282468e-07
1789,-5.990001454847516e-07
5293,-5.995547098791576e-07
7058,-6.01689578161313e-07
338,-6.032518058418646e-07
7248,-6.043802045496705e-07
1589,-6.092081719089038e-07
6178,-6.136334320672177e-07
3724,-6.148576972009323e-07
1510,-6.151907996354566e-07
5472,-6.170225219648273e-07
1546,-6.212065670752054e-07
2905,-6.26055026486938e-07
3906,-6.269440291362116e-07
271,-6.297728987192386e-07
4391,-6.301530675045797e-07
6424,-6.310285982635833e-07
7851,-6.324809476154769e-07
4558,-6.3330810462503e-07
69,-6.348530519062479e-07
1475,-6.447769465012243e-07
6297,-6.44851610331898e-07
1800,-6.452039826854161e-07
3595,-6.471589131251676e-07
6565,-6.473271412232862e-07
7323,-6.475475231582095e-07
4258,-6.514864310247503e-07
1547,-6.562321175351826e-07
6779,-6.590758232505323e-07
6568,-6.611265632727736e-07
4869,-6.670965717603394e-07
4071,-6.705711257382063e-07
6031,-6.76812334177157e-07
5911,-6.788087318909675e-07
6175,-6.805399266340828e-07
5645,-6.871598543511936e-07
4577,-6.88260684000852e-07
6458,-7.029135815628251e-07
352,-7.039950844500709e-07
6277,-7.066358875817969e-07
6151,-7.080818988924875e-07
2128,-7.155322236940265e-07
2735,-7.16606649575624e-07
1979,-7.17765431090811e-07
6329,-7.19674829952055e-07
3355,-7.208776651168591e-07
4667,-7.250173723605258e-07
7843,-7.271944184594759e-07
5889,-7.32564586769513e-07
263,-7.391173539872398e-07
3648,-7.44380685091528e-07
512,-7.451464227870019e-07
5307,-7.509628403568058e-07
5713,-7.51565352175021e-07
6744,-7.533870984843816e-07
104,-7.540651836279721e-07
500,-7.540870683442336e-07
7349,-7.560639687653747e-07
6845,-7.561185100257717e-07
5395,-7.597697049277485e-07
4495,-7.643976402960106e-07
3021,-7.647458915016614e-07
2329,-7.683892704335449e-07
5226,-7.685163438964082e-07
2726,-7.689345693506766e-07
4650,-7.715066203672905e-07
1627,-7.737530722806696e-07
6741,-7.78170374360343e-07
7939,-7.791334724061016e-07
6461,-7.812472233581502e-07
4586,-7.829404182757571e-07
3086,-7.832254027562158e-07
6190,-7.832445874100813e-07
7419,-7.853706733840227e-07
3912,-7.894373652561626e-07
947,-7.938016040043294e-07
1697,-7.984597800714255e-07
1743,-8.02054358928217e-07
4379,-8.088682648121903e-07
2571,-8.120236714148632e-07
77,-8.218277400828811e-07
2759,-8.284012551484921e-07
5420,-8.317019251080637e-07
6607,-8.322201381361083e-07
1053,-8.358465208857524e-07
111,-8.426984550169436e-07
3480,-8.445166486126254e-07
4051,-8.475119273043674e-07
7731,-8.499343664425396e-07
210,-8.57651173191698e-07
6415,-8.60941099745105e-07
6996,-8.620211815468792e-07
1077,-8.637435939817806e-07
2361,-8.66331731685932e-07
3571,-8.692252606579132e-07
3896,-8.701009051037545e-07
5931,-8.732712615255878e-07
4784,-8.756578893098776e-07
7501,-8.762291372477193e-07
495,-8.830568276607664e-07
6621,-8.904248716135044e-07
3056,-8.904912931484432e-07
1877,-8.911613917916839e-07
6261,-8.932615003232058e-07
6041,-8.9702160721572e-07
2122,-8.970773137662036e-07
6682,-9.003483967262582e-07
2514,-9.022045333040296e-07
6519,-9.043518502949155e-07
7627,-9.147799460151873e-07
29,-9.179546509585634e-07
5033,-9.195071584144898e-07
6356,-9.212705833760992e-07
4149,-9.244052137091785e-07
7407,-9.26406301005045e-07
5847,-9.297849032918748e-07
7592,-9.329556291959307e-07
5200,-9.376060461363522e-07
1939,-9.443843964618281e-07
4202,-9.525971904622565e-07
6396,-9.548448929308506e-07
5202,-9.591137768438784e-07
238,-9.594979246685398e-07
3608,-9.6073688382603e-07
2270,-9.666121059126453e-07
1522,-9.71576923802786e-07
3694,-9.78375283011701e-07
4627,-9.79332469341898e-07
1733,-9.982898632188153e-07
3764,-1.0057071904157056e-06
3949,-1.0110708785759925e-06
241,-1.0260006320095272e-06
1596,-1.0278692457177385e-06
2672,-1.04378364085278e-06
912,-1.0437977948640764e-06
5453,-1.050571825089719e-06
806,-1.0506707894819556e-06
4496,-1.0618532542139292e-06
7434,-1.0705279578360205e-06
5250,-1.0766221976155066e-06
4086,-1.0858999530682922e-06
103,-1.088787712433259e-06
635,-1.0947708233288722e-06
7988,-1.0947719601972494e-06
5454,-1.1008291949110571e-06
6044,-1.1121927059321024e-06
5956,-1.1150064551657124e-06
7779,-1.1194066473763087e-06
7399,-1.1238331012464187e-06
568,-1.12548815422997e-06
609,-1.127576581438916e-06
1801,-1.140184963333013e-06
1148,-1.1422299053265306e-06
7716,-1.1505813404255605e-06
4560,-1.1511751836223993e-06
3209,-1.1540567470547103e-06
7651,-1.1573310985113494e-06
1883,-1.1575858138712647e-06
5052,-1.159585110599437e-06
1213,-1.1635278269750415e-06
4331,-1.1648256759144715e-06
2446,-1.1673926110233879e-06
1089,-1.1750734643101168e-06
7115,-1.1824492958112387e-06
4296,-1.1827250432361325e-06
5688,-1.2045468906762835e-06
4125,-1.2144823244852887e-06
3593,-1.218105808220571e-06
385,-1.219080957071128e-06
1566,-1.2374116522551049e-06
5721,-1.2546438483695965e-06
7674,-1.2561752100737067e-06
3451,-1.257319809155888e-06
2653,-1.2611473039214616e-06
7707,-1.2783462466359197e-06
1676,-1.2867826626461465e-06
6864,-1.290617944960104e-06
2166,-1.2988212461095827e-06
2904,-1.3042096043136553e-06
6169,-1.3148240327609528e-06
6620,-1.3227846693553147e-06
830,-1.324944889802282e-06
5287,-1.325325911238906e-06
1315,-1.3296356087266759e-06
7461,-1.338226638836204e-06
6462,-1.3495194934876054e-06
3592,-1.358029521725257e-06
1141,-1.3613846476800973e-06
7025,-1.3614408089779317e-06
4383,-1.3649627703671285e-06
2296,-1.3658562352247827e-06
5392,-1.3759753301201272e-06
2060,-1.3840636938766693e-06
7217,-1.3850771551915386e-06
6687,-1.3866259109818202e-06
7332,-1.3985423947815434e-06
4407,-1.4046416936253081e-06
1750,-1.4077016885494231e-06
638,-1.4087404451856855e-06
2422,-1.4104104479883972e-06
4960,-1.4206138985173311e-06
309,-1.4215090118341323e-06
3598,-1.4231329714675667e-06
5283,-1.424623064849584e-06
2040,-1.4331718034554797e-06
557,-1.4467244682236924e-06
3179,-1.4475476746156346e-06
573,-1.4699351709168695e-06
2580,-1.4711927178723272e-06
4427,-1.4715808447363088e-06
2744,-1.4766270055588393e-06
654,-1.4870247468934394e-06
1104,-1.4920269109097717e-06
1786,-1.5045149552861403e-06
1420,-1.5098206063157704e-06
1764,-1.5113033100533357e-06
1669,-1.5274223414962762e-06
437,-1.5387703911073913e-06
179,-1.5470232597181166e-06
6322,-1.550819035855966e-06
7393,-1.555360654492688e-06
5746,-1.567085234910337e-06
2666,-1.5695526371928281e-06
7377,-1.5724530726402008e-06
7187,-1.5779182831465732e-06
6062,-1.5784171409904957e-06
6844,-1.5867987599449407e-06
1036,-1.5894214016043406e-06
4551,-1.5899744880698563e-06
344,-1.5950390661600977e-06
3135,-1.5987274082363001e-06
2949,-1.602060251570947e-06
2376,-1.644741416839679e-06
4357,-1.6591477560723433e-06
6964,-1.6641059801258962e-06
2007,-1.665130639594281e-06
798,-1.677467082572548e-06
3100,-1.6788068251116783e-06
3113,-1.6912469504859473e-06
5005,-1.691659576863458e-06
7913,-1.7115171431214549e-06
776,-1.7299462342634797e-06
1454,-1.7303393065049022e-06
170,-1.7367684108648973e-06
781,-1.7694252392175258e-06
5803,-1.77740571416507e-06
2051,-1.783352615802869e-06
380,-1.7848005313680915e-06
1347,-1.7947702417586697e-06
4525,-1.7970177168535884e-06
814,-1.8065015296997444e-06
2302,-1.8252048903377727e-06
4587,-1.8258572254126193e-06
5255,-1.8285537635165383e-06
5790,-1.8300468127563363e-06
1309,-1.8504241552363965e-06
3233,-1.8631010334502207e-06
6465,-1.8647521642378706e-06
916,-1.8715995224738435e-06
4279,-1.8781955759550328e-06
4092,-1.879799242487934e-06
2480,-1.8885024246628745e-06
2304,-1.8933025671685755e-06
6395,-1.909521301968198e-06
1984,-1.9119852368021384e-06
875,-1.9359777070349082e-06
1841,-1.9417047383285535e-06
2076,-1.948617182279122e-06
700,-1.958985194505658e-06
7283,-1.9627491383289453e-06
4789,-1.9704881992765877e-06
4052,-1.97163274151535e-06
6174,-1.977230454031087e-06
1873,-1.990357532122289e-06
3461,-2.008717387980141e-06
3154,-2.0242974869688624e-06
7799,-2.0254773289707373e-06
4249,-2.027220034506172e-06
3114,-2.0406608882694854e-06
7044,-2.065861394839885e-06
4315,-2.0805957774427952e-06
4865,-2.083802428387571e-06
3743,-2.0998483023504377e-06
1519,-2.107790010086319e-06
4988,-2.118681436513725e-06
5796,-2.166771309930482e-06
7564,-2.1676916048818384e-06
5814,-2.1883602130401414e-06
3783,-2.1984226350468816e-06
7744,-2.2010746079104138e-06
7658,-2.21428479107999e-06
3617,-2.2250940219237236e-06
4553,-2.262148314002843e-06
6427,-2.2719427761330735e-06
6888,-2.2833334014649154e-06
7995,-2.2880019514559535e-06
6430,-2.2970749569140025e-06
7232,-2.2983924736763583e-06
2730,-2.3043033934300183e-06
92,-2.3102485329218325e-06
4890,-2.3425726567438687e-06
3088,-2.360433427384123e-06
7474,-2.397049456703826e-06
413,-2.4059254428721033e-06
4209,-2.411506898170046e-06
2028,-2.4424934963462874e-06
7609,-2.4625728656246793e-06
2807,-2.4837913770170417e-06
3392,-2.5036733859451488e-06
1976,-2.504383019186207e-06
6518,-2.5208577199009596e-06
3581,-2.542714128139778e-06
7714,-2.5493559405731503e-06
6986,-2.552674573053082e-06
7591,-2.5614647256588796e-06
2406,-2.5693129828141537e-06
4326,-2.5842912236839766e-06
5560,-2.598522314656293e-06
207,-2.6069805016959435e-06
7756,-2.635148007357202e-06
1138,-2.669389914444764e-06
5205,-2.6710069960245164e-06
5246,-2.746844415923988e-06
3324,-2.7965568278887076e-06
151,-2.7995188247587066e-06
3926,-2.806518409670389e-06
2934,-2.812578713928815e-06
4941,-2.814010144902568e-06
6927,-2.844654204636754e-06
6990,-2.8574739872055943e-06
1173,-2.8723150080622872e-06
1256,-2.9049384693280444e-06
2149,-2.925964508904144e-06
2994,-2.9449397516145837e-06
3437,-2.9594507395813707e-06
3619,-2.960843289656623e-06
7200,-2.9821976568200625e-06
751,-2.997497858814313e-06
4845,-3.002688004016818e-06
4872,-3.014967660419643e-06
5018,-3.0185831292328658e-06
6244,-3.073729658353841e-06
404,-3.1181781423583743e-06
730,-3.1772278816788457e-06
4031,-3.184766114827653e-06
6000,-3.1999062457543914e-06
6590,-3.2609742675049347e-06
5179,-3.276410097896587e-06
3208,-3.2869224924070295e-06
2409,-3.348426162119722e-06
5140,-3.3769121046134387e-06
1549,-3.3891407156261266e-06
6285,-3.399501224521373e-06
699,-3.4609885233294335e-06
4247,-3.477968789411534e-06
6612,-3.491563916213636e-06
5973,-3.5161403957317816e-06
3349,-3.537278075782524e-06
7812,-3.5380439840082545e-06
1755,-3.556799924808729e-06
2188,-3.6233062701285235e-06
4786,-3.634846507338807e-06
6296,-3.6891825629936648e-06
4417,-3.7361019167292397e-06
2812,-3.80234951080638e-06
7212,-3.819242238023435e-06
149,-3.832495281130832e-06
6834,-3.841627403744496e-06
226,-3.871750323014567e-06
4505,-3.9764222492522094e-06
5772,-3.984155000580358e-06
139,-3.984724116889993e-06
6201,-4.0209051803685725e-06
7979,-4.064251925228746e-06
3757,-4.067622739967192e-06
7136,-4.09178642257757e-06
4043,-4.0918773720477475e-06
6118,-4.098076715308707e-06
3790,-4.103704441149603e-06
3751,-4.113717523068772e-06
6507,-4.1266412154072896e-06
4034,-4.129145281694946e-06
4697,-4.13179714087164e-06
4533,-4.1460773445578525e-06
5521,-4.1630239593359875e-06
1231,-4.1874613998516e-06
2306,-4.1905100260919426e-06
3869,-4.312260216465802e-06
5611,-4.341571639088215e-06
4899,-4.400908437673934e-06
7600,-4.407231244840659e-06
658,-4.552418658931856e-06
6159,-4.564116352412384e-06
7776,-4.573847263600328e-06
4896,-4.577016625262331e-06
3893,-4.635372761185863e-06
4565,-4.659724481825833e-06
2319,-4.666703716793563e-06
1208,-4.710565690402291e-06
7336,-4.777967888003332e-06
7480,-4.843740953219822e-06
4146,-4.861775096287602e-06
2047,-4.886414672000683e-06
3229,-4.905094783680397e-06
3018,-4.956726797900046e-06
2736,-5.058823035142268e-06
5823,-5.083136784378439e-06
6770,-5.112297003506683e-06
1715,-5.1323168008821085e-06
6601,-5.249394689599285e-06
3098,-5.283868858896312e-06
2162,-5.293739832268329e-06
1751,-5.3103053687664215e-06
400,-5.370975486584939e-06
4216,-5.372040959628066e-06
1386,-5.404599505709484e-06
536,-5.423971515483572e-06
760,-5.452063078337233e-06
5208,-5.51213042854215e-06
6468,-5.611288088402944e-06
7223,-5.627251994155813e-06
4370,-5.700549536413746e-06
1974,-5.771441237811814e-06
2573,-5.7898917020793306e-06
2210,-5.869787173651275e-06
2276,-6.014028258505277e-06
1888,-6.027896915838937e-06
7226,-6.039865411366918e-06
532,-6.09377411819878e-06
4453,-6.100713108025957e-06
2332,-6.105804004619131e-06
6690,-6.123484581621597e-06
4233,-6.148919965198729e-06
4161,-6.166094863147009e-06
3994,-6.185215625009732e-06
5364,-6.241616574698128e-06
4179,-6.298575499386061e-06
2721,-6.3580446294508874e-06
1647,-6.429602080970653e-06
3686,-6.4906982970569516e-06
5239,-6.497237791336374e-06
3352,-6.512203071906697e-06
7132,-6.524452601297526e-06
7334,-6.526893002956058e-06
1828,-6.5559331687836675e-06
5910,-6.5750502926675836e-06
6648,-6.620006388402544e-06
4103,-6.673733196294052e-06
5938,-6.686523875032435e-06
4983,-6.73236195325444e-06
2454,-6.8352321704878705e-06
63,-6.84417091179057e-06
324,-6.847862096037716e-06
560,-6.948037253096118e-06
3406,-7.070257652230794e-06
6411,-7.100345555954846e-06
622,-7.1156741796585266e-06
3064,-7.14977431925945e-06
6737,-7.226630486911745e-06
2307,-7.263659881573403e-06
3727,-7.612735771544976e-06
6018,-7.78621006247704e-06
212,-7.804525012033992e-06
4614,-7.851181635487592e-06
5599,-8.136384622048354e-06
5565,-8.200308911909815e-06
6441,-8.215180969273206e-06
7780,-8.230165349232266e-06
2621,-8.38131472846726e-06
1894,-8.417646768066334e-06
5001,-8.475503364024917e-06
6959,-8.531331786798546e-06
5586,-8.765958227741066e-06
6544,-8.849253845255589e-06
7068,-8.938387964008143e-06
1109,-9.131238130066777e-06
2357,-9.160065928881522e-06
5499,-9.250958100892603e-06
5532,-9.25445965549443e-06
4900,-9.620856417313917e-06
1354,-9.666973255662015e-06
96,-9.69565235209302e-06
1718,-9.720757134346059e-06
4717,-9.730805231811246e-06
2959,-9.893848073261324e-06
829,-1.000663178274408e-05
386,-1.0013768587668892e-05
4849,-1.0024435141531285e-05
6019,-1.0139530786545947e-05
3268,-1.0166131232836051e-05
4101,-1.0175763691222528e-05
5253,-1.0287987151968991e-05
1766,-1.0485689017514233e-05
4323,-1.0675756584532792e-05
2688,-1.0705700333346613e-05
1927,-1.100578310797573e-05
2499,-1.101162024497171e-05
6250,-1.109768481910578e-05
2059,-1.122144931287039e-05
1572,-1.1303757673886139e-05
7071,-1.1335960152791813e-05
5242,-1.151075002780999e-05
7755,-1.1602326594584156e-05
6675,-1.1606860880419845e-05
6745,-1.1673440894810483e-05
675,-1.1746051313821226e-05
2543,-1.2035779036523309e-05
1314,-1.2151439023000421e-05
639,-1.2247188806213671e-05
5351,-1.2333533049968537e-05
4947,-1.2377208349789726e-05
6954,-1.239523226104211e-05
7840,-1.2442906609066995e-05
659,-1.2634236099984264e-05
2016,-1.2756566320604179e-05
1048,-1.2833046639570966e-05
2953,-1.3194293842389015e-05
7796,-1.3367515748541337e-05
6615,-1.3454000054480275e-05
7962,-1.3455990028887754e-05
857,-1.3618604498333298e-05
6780,-1.3724565633310704e-05
7878,-1.3964689969725441e-05
5417,-1.4011492567078676e-05
7710,-1.4122422271611867e-05
2740,-1.423095682184794e-05
5881,-1.4252846995077562e-05
5544,-1.4325395568448585e-05
6280,-1.4464418200077489e-05
202,-1.455294523111661e-05
1292,-1.477189516663202e-05
4524,-1.4806470971961971e-05
1682,-1.5097965388122248e-05
199,-1.527019367131288e-05
2287,-1.533129488962004e-05
4951,-1.5390690350614022e-05
2111,-1.5844514564378187e-05
4815,-1.5998753042367753e-05
7943,-1.6355670595658012e-05
3778,-1.6379644875996746e-05
1588,-1.6453102944069542e-05
662,-1.6754484931880143e-05
3899,-1.684438484517159e-05
2973,-1.686007180978777e-05
2873,-1.6992313248920254e-05
7989,-1.704031092231162e-05
2997,-1.73503012774745e-05
7453,-1.7416818081983365e-05
2271,-1.7473047591920476e-05
7859,-1.7557296814629808e-05
6209,-1.7837926861830056e-05
6496,-1.81047053047223e-05
283,-1.8297671886102762e-05
6207,-1.875289399322355e-05
7673,-1.910126047732774e-05
3798,-1.9362343664397486e-05
2245,-2.0102233975194395e-05
2384,-2.0127617972320877e-05
7295,-2.0596886315615848e-05
3870,-2.113772734446684e-05
7390,-2.1141141587577295e-05
5869,-2.1717332856496796e-05
3304,-2.1739590010838583e-05
7000,-2.1893559278396424e-05
2723,-2.2019782591087278e-05
4754,-2.2260913283389527e-05
1181,-2.2751140932086855e-05
7145,-2.2868250198371243e-05
7839,-2.420274086034624e-05
7581,-2.4316464077855926e-05
7464,-2.5322405235783663e-05
3612,-2.5343218112539034e-05
4072,-2.5552965780661907e-05
4196,-2.5682005798444152e-05
2679,-2.574119389464613e-05
4068,-2.6309856366424356e-05
7507,-2.7014863917429466e-05
5493,-2.74939629889559e-05
5536,-2.766975467238808e-05
5324,-2.840876368281897e-05
756,-2.984356979141012e-05
7308,-2.9952205295558088e-05
4095,-3.0475345738523174e-05
1055,-3.0876212804287206e-05
4965,-3.114970877504675e-05
6916,-3.1357156331068836e-05
6659,-3.17167941830121e-05
7028,-3.228587593184784e-05
6043,-3.282635043433402e-05
6236,-3.304485107946675e-05
4268,-3.3097305276896805e-05
2958,-3.319580719107762e-05
2922,-3.3692635042825714e-05
853,-3.5704033507499844e-05
4888,-3.584639125620015e-05
3932,-3.63660255970899e-05
7783,-3.678532084450126e-05
2661,-3.691384154080879e-05
2877,-3.718042717082426e-05
5016,-3.753001510631293e-05
6953,-3.851684959954582e-05
718,-3.89460055885138e-05
7741,-3.971125261159614e-05
3879,-4.3064545025117695e-05
1190,-4.404249557410367e-05
3916,-4.4681555664283223e-05
5300,-4.520675793173723e-05
1579,-4.539616929832846e-05
4927,-4.5851384129491635e-05
6310,-4.68520065624034e-05
2432,-4.7238345359801315e-05
1951,-4.802170951734297e-05
2950,-4.809931124327704e-05
2355,-4.908391565550119e-05
1506,-4.929084752802737e-05
269,-4.9314745410811156e-05
2663,-4.9991835112450644e-05
1019,-5.019342097511981e-05
524,-5.038000745116733e-05
5380,-5.067149322712794e-05
7571,-5.3408570238389075e-05
1872,-5.7129636843455955e-05
621,-6.48285677016247e-05
3791,-6.691551971016452e-05
3043,-6.761966142221354e-05
6800,-7.259778794832528e-05
5655,-7.689752237638459e-05
1016,-7.794349585310556e-05
322,-7.988407378434204e-05
5648,-8.293795690406114e-05
2852,-8.457497460767627e-05
1703,-9.414915257366374e-05
6308,-9.6239924459951e-05
2617,-9.854800737230107e-05
6358,-0.00010681123967515305
1356,-0.00010868571553146467
3865,-0.00011603831080719829
546,-0.00011613453534664586
7119,-0.00012039783177897334
3211,-0.0001718094281386584
3358,-0.0001809672758099623
5830,-0.00018589765386423096
1067,-0.00018950010417029262
6224,-0.00021324147382983938
1763,-0.00023489596787840128
3493,-0.00023654747201362625
87,-0.000247942705755122
3502,-0.0002486995217623189
4714,-0.0002511678321752697
4488,-0.00025524807278998196
1629,-0.0002934376534540206
