Train_ID,Score
193,8.512961358064786e-05
1257,8.10287929198239e-05
4345,7.776748316246085e-05
7718,6.95333001203835e-05
5373,6.884829417685978e-05
1020,6.824002775829285e-05
3296,6.606895476579666e-05
3606,6.096903598518111e-05
5053,6.091975956223905e-05
475,5.8955296481144615e-05
2115,5.855937888554763e-05
6557,5.779770071967505e-05
1487,5.334297748049721e-05
4816,5.326524296833668e-05
5046,5.14977473358158e-05
3011,5.09000092279166e-05
3701,5.0440890845493414e-05
7059,5.040722135163378e-05
1220,4.858676220464986e-05
3203,4.8250392865156755e-05
1001,4.673465991800185e-05
5967,4.525622171058785e-05
225,4.499969509197399e-05
5354,4.464540870685596e-05
5561,4.454794543562457e-05
3382,4.34736066381447e-05
5410,4.300824548408855e-05
4374,4.2730716813821346e-05
983,4.234182051732205e-05
1275,4.212305066175759e-05
2947,4.132818321522791e-05
6848,4.0682942199055105e-05
2288,4.0373915908276103e-05
7075,4.016686762042809e-05
7398,3.94469407183351e-05
1775,3.9166014175862074e-05
5468,3.87673298973823e-05
7079,3.825070780294482e-05
2918,3.7250782042974606e-05
7478,3.712449142767582e-05
7622,3.707458199642133e-05
7597,3.6730614738189615e-05
841,3.6634777643484995e-05
6631,3.520980499160942e-05
2006,3.50306090695085e-05
6208,3.4999657145817764e-05
5776,3.4517539461376145e-05
5601,3.393394945305772e-05
5970,3.393269798834808e-05
6736,3.350744736962952e-05
1940,3.336666304676328e-05
5834,3.2960948374238797e-05
2968,3.244528852519579e-05
521,3.231483424315229e-05
6393,3.2182833820115775e-05
328,3.176030077156611e-05
7109,3.1672983823227696e-05
1991,3.1515761293121614e-05
3664,3.074528831348289e-05
78,3.0441606213571504e-05
428,3.0383404009626247e-05
5444,3.0203985261323396e-05
4744,3.0020784834050573e-05
4620,2.9814993467880413e-05
5905,2.926533397840103e-05
4938,2.9251767955429386e-05
3228,2.8923150239279494e-05
3985,2.8696855224552564e-05
2070,2.8599372853932437e-05
6717,2.822888836817583e-05
5514,2.7929909265367314e-05
5726,2.7795501409855206e-05
656,2.7604480237641837e-05
5845,2.7143915758642834e-05
7818,2.704223425098462e-05
7471,2.6753448764793575e-05
7557,2.6742159207060467e-05
5606,2.663695704541169e-05
3708,2.6546738808974624e-05
1738,2.618067810544744e-05
4933,2.6179177439189516e-05
4121,2.5581814043107443e-05
248,2.5224347155017313e-05
376,2.5079099941649474e-05
3261,2.4807523004710674e-05
18,2.4720339752093423e-05
4013,2.4710234356462024e-05
3647,2.458593007759191e-05
503,2.4564797058701515e-05
6708,2.412791218375787e-05
946,2.387868516962044e-05
4102,2.3867879463068675e-05
832,2.3602438886882737e-05
6338,2.352999126742361e-05
6086,2.3336828235187568e-05
1509,2.280834178236546e-05
6950,2.268628122692462e-05
6100,2.2557775082532316e-05
6349,2.250772467959905e-05
3152,2.2295918824966066e-05
5488,2.2230778085940983e-05
860,2.1970132365822792e-05
1118,2.1967570319247898e-05
1107,2.1947464119875804e-05
7018,2.1942143575870432e-05
406,2.17215929296799e-05
274,2.1581517103186343e-05
5895,2.1485851902980357e-05
4195,2.145847520296229e-05
5060,2.1363128325901926e-05
4658,2.1348287191358395e-05
2685,2.109308752551442e-05
3505,2.0988156393286772e-05
5094,2.0690278688562103e-05
2511,2.061238046735525e-05
325,2.0602159565896727e-05
2471,2.0466879504965618e-05
5745,2.0262370526324958e-05
10,2.0215056792949326e-05
6628,2.018733084696578e-05
6556,2.0074072381248698e-05
3424,2.0000979930046014e-05
7473,1.9846153918479104e-05
3405,1.9597020582295954e-05
5585,1.951506328623509e-05
4641,1.948892168002203e-05
45,1.9203988813387696e-05
7290,1.9199478629161604e-05
4574,1.9164472178090364e-05
3272,1.9140109543513972e-05
2293,1.9054394215345383e-05
1037,1.893457829282852e-05
3389,1.8655400708667003e-05
7672,1.8634304069564678e-05
7753,1.8471631847205572e-05
3626,1.838399202824803e-05
3737,1.835048351495061e-05
1687,1.8196449673268944e-05
6157,1.8130899661628064e-05
6317,1.811709807952866e-05
5925,1.7918013327289373e-05
2737,1.7914037925947923e-05
3596,1.7724616554914974e-05
4294,1.7696104805509094e-05
6906,1.756167876010295e-05
6965,1.7541748093208298e-05
1896,1.752927346387878e-05
7368,1.7408451640221756e-05
4442,1.7328361536783632e-05
5374,1.7280818610743154e-05
4548,1.724991943774512e-05
5330,1.7230705452675465e-05
2416,1.715717644401593e-05
967,1.7030146409524605e-05
6979,1.692817750154063e-05
7218,1.6686551134625915e-05
2775,1.6639290151942987e-05
4605,1.6584270269959234e-05
5008,1.650233934924472e-05
5236,1.6359500477847178e-05
4458,1.628527206776198e-05
4691,1.6163521650014445e-05
864,1.6055046216933988e-05
5829,1.604087265150156e-05
3476,1.5671948858653195e-05
7708,1.5579006685584318e-05
2749,1.5567839000141248e-05
1200,1.5455947504960932e-05
7952,1.538188189442735e-05
1227,1.5297951904358342e-05
1938,1.5283060747606214e-05
7256,1.5176932720351033e-05
1082,1.514443829364609e-05
5147,1.5082973277458223e-05
3225,1.5062694274092792e-05
684,1.485550183133455e-05
6610,1.4793838545301696e-05
186,1.4766883850825252e-05
513,1.475263707106933e-05
6634,1.4749562069482636e-05
6824,1.469893231842434e-05
4113,1.4607283446821384e-05
1064,1.4559713235939853e-05
704,1.4557299437001348e-05
7175,1.4479932815447683e-05
7240,1.4429228940571193e-05
6450,1.419361160515109e-05
1387,1.4148655282042455e-05
2720,1.4096678569330834e-05
963,1.4096061477175681e-05
2272,1.4090324384596897e-05
6548,1.4051886864763219e-05
7010,1.3993197171657812e-05
244,1.3914968349126866e-05
7766,1.3874641808797605e-05
6048,1.3767594737146283e-05
7742,1.3743811905442271e-05
6510,1.3595812106359517e-05
5963,1.3442060662782751e-05
619,1.3376017250266159e-05
6752,1.3286895409692079e-05
1178,1.3206691619416233e-05
5031,1.3203590697230538e-05
75,1.3112913165969076e-05
7691,1.3063359801890329e-05
2957,1.2996630175621249e-05
2285,1.2993915788683807e-05
3175,1.2931202945765108e-05
623,1.2626898751477711e-05
1761,1.2607723419932881e-05
3102,1.2518469702627044e-05
1983,1.238362256117398e-05
2560,1.2245749530848116e-05
7832,1.2136839359300211e-05
5285,1.2125525245210156e-05
3797,1.1915795312233968e-05
7230,1.1896695468749385e-05
7602,1.1895331226696726e-05
5411,1.1883556453540223e-05
739,1.1560228813323192e-05
737,1.1503631412779214e-05
5789,1.1398396509321174e-05
2764,1.1291284408798674e-05
2820,1.1270514733041637e-05
2135,1.1244612323935144e-05
6273,1.118643695008359e-05
312,1.100005738408072e-05
7922,1.0990902865160024e-05
1875,1.0922825367742917e-05
5768,1.0905063390964642e-05
2374,1.0828917766048107e-05
2083,1.0803097666212125e-05
6809,1.0664922228897922e-05
7092,1.058666975950473e-05
2565,1.057900044543203e-05
1445,1.0561501767369919e-05
4498,1.0555299468251178e-05
4420,1.0516941983951256e-05
839,1.0492422461538808e-05
3442,1.0452326932863798e-05
3264,1.0382584150647745e-05
6421,1.0351972377975471e-05
7020,1.0338062566006556e-05
317,1.0286697033734526e-05
3972,1.027106281981105e-05
7261,1.0154884876101278e-05
6586,9.977502941183047e-06
6195,9.792388937057694e-06
39,9.785470865608659e-06
4957,9.757764019013848e-06
7654,9.7489155450603e-06
847,9.671113730291836e-06
7180,9.624861377233174e-06
3677,9.541556210024282e-06
3134,9.41853477343102e-06
7914,9.372136901220074e-06
4703,9.333864454674767e-06
5791,9.317100648331689e-06
5541,9.267148470826214e-06
3574,9.26075927054626e-06
126,9.219688308803597e-06
1605,9.190294804284349e-06
6939,9.174384103971533e-06
2629,9.097373549593613e-06
3997,9.0635094238678e-06
3278,9.053330359165557e-06
492,9.052488167071715e-06
1678,9.041450539370999e-06
5858,9.015621344587998e-06
3591,8.94694312592037e-06
6240,8.865011295711156e-06
4759,8.76818148753955e-06
1160,8.696841632627184e-06
7343,8.660535968374461e-06
1632,8.63759942149045e-06
4291,8.594407063355902e-06
4263,8.552488907298539e-06
6397,8.531037110515172e-06
1959,8.527129921276355e-06
123,8.5266915448301e-06
6446,8.456990144622978e-06
4804,8.392668860324193e-06
5558,8.359251751244301e-06
820,8.353299563168548e-06
4432,8.351216365554137e-06
42,8.29728742246516e-06
1426,8.28880729386583e-06
3793,8.13354563433677e-06
6307,8.06056823421386e-06
2981,8.034787697397405e-06
2648,8.014130344236037e-06
6268,8.003276434465079e-06
2945,7.971209015522618e-06
3333,7.957652542245341e-06
3785,7.95025425759377e-06
2264,7.918866231193533e-06
3173,7.915322385088075e-06
7013,7.853311672079144e-06
1541,7.848791938158683e-06
555,7.840781563572818e-06
2131,7.800568255333928e-06
1944,7.763502253510524e-06
1188,7.739885404589586e-06
6498,7.737749456282472e-06
6263,7.699932666582754e-06
491,7.666500778213958e-06
1593,7.581641511933412e-06
3409,7.577456017315853e-06
5891,7.5439147622091696e-06
4463,7.443185722877388e-06
4716,7.388162430288503e-06
6376,7.367743592112674e-06
5817,7.353826504186145e-06
4992,7.353808541665785e-06
3459,7.293743692571297e-06
2286,7.287942707989714e-06
925,7.254604497575201e-06
7555,7.196450496849138e-06
3321,7.174567372203455e-06
1719,7.156060064517078e-06
6935,7.11372899786511e-06
2178,7.030652341200039e-06
1706,7.026533239695709e-06
7964,7.000895948294783e-06
3263,6.97249015502166e-06
2850,6.899518666614313e-06
4191,6.86685757500527e-06
372,6.860496341687394e-06
5537,6.840774631200475e-06
978,6.827327297287411e-06
6531,6.821164333814522e-06
5054,6.7758669501927216e-06
6436,6.749955218765535e-06
3808,6.719464636262273e-06
2956,6.718694748997223e-06
7183,6.6696800331556005e-06
7759,6.5948470364673994e-06
3564,6.5826025092974305e-06
5894,6.561967893503606e-06
6740,6.55609869681939e-06
2015,6.542342362081399e-06
1861,6.517940846606507e-06
4497,6.50682841296657e-06
3151,6.481623358922661e-06
6330,6.479986723206821e-06
567,6.4789758198458e-06
432,6.432585905713495e-06
4151,6.3557931753166486e-06
1523,6.348386705212761e-06
2533,6.339696255963645e-06
398,6.292607167779352e-06
5143,6.278568207562785e-06
6343,6.246064913284499e-06
7272,6.239778485905845e-06
6994,6.210986612131819e-06
3400,6.1982482293387875e-06
7378,6.193821036504232e-06
2728,6.101366807342856e-06
1381,6.067251433705678e-06
3910,6.0660347571683815e-06
216,6.061975227567018e-06
4843,6.015391136315884e-06
7007,6.009178605381749e-06
7749,6.004645911161788e-06
3884,5.997211246722145e-06
7142,5.972609869786538e-06
3874,5.925452342125936e-06
3652,5.92534388488275e-06
7758,5.90933859712095e-06
7359,5.896219363421551e-06
4023,5.89006299378525e-06
4561,5.8837688357016305e-06
7019,5.882663572265301e-06
1068,5.824932259201887e-06
3550,5.81511767450138e-06
3120,5.7907950576918665e-06
3533,5.785274424852105e-06
4971,5.7723689224076224e-06
270,5.764635943705798e-06
3143,5.763116860180162e-06
6315,5.718813554267399e-06
190,5.6640130878804484e-06
5554,5.616956968879094e-06
2453,5.615557711280417e-06
2064,5.572534519160399e-06
6794,5.570602979787509e-06
640,5.5011628319334704e-06
2568,5.473606961459154e-06
6826,5.452846153275459e-06
4508,5.45109469385352e-06
3538,5.416571639216272e-06
3146,5.364161779652932e-06
5224,5.327077815309167e-06
7324,5.301132659951691e-06
4511,5.289306727718213e-06
6177,5.275702960716444e-06
5264,5.2506436531984946e-06
2024,5.210636345509556e-06
2267,5.183894245419651e-06
5538,5.1612894367281115e-06
1286,5.128573548063287e-06
938,5.123408527651918e-06
113,5.120973810335272e-06
2894,5.115601652505575e-06
418,5.105169066155213e-06
3226,5.083224323243485e-06
6696,5.046916157880332e-06
5864,5.027592123951763e-06
7497,5.022355026085279e-06
7009,4.969129349774448e-06
5547,4.960828619005042e-06
5969,4.929160013489309e-06
1965,4.9045004288927885e-06
5782,4.88379168928077e-06
2895,4.873487796430709e-06
7951,4.863561343881884e-06
5604,4.825963969778968e-06
7861,4.803578576684231e-06
2584,4.786684257851448e-06
7598,4.7840544539212715e-06
4292,4.768783583131153e-06
1111,4.761743184644729e-06
4866,4.698194743468775e-06
2838,4.695939878729405e-06
1265,4.692074980994221e-06
5304,4.675978061641217e-06
2608,4.653344149119221e-06
3123,4.6332779675140046e-06
5842,4.602176431944827e-06
185,4.564987193589332e-06
7937,4.561400373859215e-06
1236,4.553008466245956e-06
4861,4.536407004707144e-06
3090,4.513167823461117e-06
2093,4.493342885325546e-06
178,4.465880692805513e-06
5480,4.421809080668027e-06
559,4.418172238729312e-06
498,4.404633045851369e-06
2359,4.384731028039823e-06
5784,4.379671963761211e-06
3852,4.3771267428383e-06
6029,4.372749117464991e-06
7800,4.358778369351057e-06
6449,4.3493409975781105e-06
795,4.254970008332748e-06
4204,4.249944595358102e-06
417,4.2076012505276594e-06
4527,4.16450779994193e-06
55,4.1628536564530805e-06
415,4.152257133682724e-06
4354,4.122450945942546e-06
6078,4.090297807124443e-06
5838,4.077417543157935e-06
3492,4.065631856065011e-06
4749,4.0560476008977275e-06
570,4.038797669636551e-06
1066,4.0254692521557445e-06
6632,3.995084625785239e-06
5564,3.992012807430001e-06
5132,3.989692686445778e-06
300,3.9791934796085116e-06
6186,3.969120939473214e-06
268,3.963663402828388e-06
6552,3.954751264245715e-06
1898,3.9512785861006705e-06
7826,3.896809175785165e-06
6357,3.873259174724808e-06
3817,3.863209713017568e-06
7993,3.858820491586812e-06
3918,3.831724370684242e-06
676,3.773492039726989e-06
6269,3.770001967495773e-06
373,3.764701659747516e-06
2192,3.7610529943776783e-06
6537,3.748237759282347e-06
5556,3.729599143298401e-06
2330,3.721127654898737e-06
1320,3.7127989571672515e-06
7554,3.712527927746123e-06
7344,3.7070187772769714e-06
4265,3.705241169882356e-06
5103,3.6849583011644427e-06
4756,3.676003643704462e-06
5896,3.6465055472945096e-06
3425,3.6319326000011642e-06
3995,3.5052403291047085e-06
4735,3.496712224659859e-06
5387,3.4919814879685873e-06
401,3.4875745313911466e-06
825,3.487573621896445e-06
1306,3.4731452842606814e-06
5836,3.46244871707313e-06
3609,3.458848368609324e-06
7603,3.4588287007863983e-06
169,3.4460515507817036e-06
5708,3.430077526900277e-06
1491,3.422873191993858e-06
7289,3.4216357107652584e-06
1088,3.4093683325409074e-06
3220,3.3884693948493805e-06
2814,3.360065761626174e-06
7330,3.314666059850424e-06
7055,3.3025639822881203e-06
337,3.2942879215625e-06
5034,3.2461068713018904e-06
678,3.2410391668236116e-06
2421,3.2003445085138083e-06
581,3.1883890869721654e-06
5184,3.1521738037554314e-06
252,3.125662601632939e-06
5467,3.116675884484721e-06
1021,3.114600076514762e-06
2891,3.083770479861414e-06
7414,3.0778378459217492e-06
7961,3.0763188760829507e-06
7341,3.074085725529585e-06
5390,3.065530563617358e-06
6160,3.061335746679106e-06
7562,3.0416285881074145e-06
4207,3.028661012649536e-06
5159,3.0248817211031565e-06
7959,3.016963773916359e-06
223,3.0093974601186346e-06
1328,3.009091415151488e-06
5221,2.990340590258711e-06
1261,2.979790451718145e-06
4426,2.975458755827276e-06
1707,2.9751215606665937e-06
1996,2.9747809549007798e-06
6270,2.971474259538809e-06
3556,2.967906084450078e-06
411,2.962190819744137e-06
5821,2.9573802748927847e-06
3168,2.957291485472524e-06
896,2.9321713554963935e-06
3283,2.927542141151207e-06
3846,2.9219737598396023e-06
3532,2.914361971306789e-06
3545,2.912087325057655e-06
1184,2.903863446590549e-06
5642,2.8937814704477205e-06
575,2.893658688662981e-06
1815,2.8768712354576564e-06
1002,2.875680138458847e-06
591,2.8695737910311436e-06
4860,2.85759097096161e-06
2280,2.8306035346759018e-06
4136,2.8274193937249947e-06
6977,2.8125078870289144e-06
3824,2.795657337628654e-06
3474,2.7844384931086097e-06
2869,2.761515588645125e-06
3042,2.757151150944992e-06
7311,2.725792001001537e-06
2623,2.7211092401557835e-06
7706,2.7097623842564644e-06
4206,2.6906857328867773e-06
6587,2.6833208721654955e-06
4976,2.6777308903547237e-06
7199,2.675503083082731e-06
2479,2.65386984210636e-06
7430,2.653860519785667e-06
5690,2.649566795298597e-06
4460,2.6350198822910897e-06
4617,2.6341509737903834e-06
5650,2.589010364317801e-06
2569,2.587427843536716e-06
5497,2.586834511930647e-06
7394,2.5841098931778106e-06
6813,2.578061526037345e-06
7402,2.5493252451269655e-06
1943,2.5486318691037013e-06
1169,2.5415557729502325e-06
68,2.5390348810105934e-06
1439,2.53615144174546e-06
6630,2.5347479777337867e-06
2213,2.5308403337476193e-06
191,2.5299940489276196e-06
3613,2.5258493678848026e-06
6566,2.5154961349471705e-06
5006,2.5096925355683197e-06
6502,2.5087983885896392e-06
4283,2.5083338641707087e-06
488,2.505972929611744e-06
1543,2.495120611456514e-06
2326,2.49250615524943e-06
6856,2.491953637218103e-06
1311,2.4823285684760776e-06
7778,2.4804334088912583e-06
5707,2.4691639737284277e-06
1026,2.4677192413946614e-06
1711,2.4629631525385776e-06
5675,2.459511279084836e-06
2517,2.452923354212544e-06
3044,2.450231704642647e-06
5028,2.440849925733346e-06
90,2.428096195217222e-06
4516,2.427910430924385e-06
106,2.422695729364932e-06
6806,2.4123874027282e-06
3807,2.4021303488552803e-06
5749,2.3918892111396417e-06
6463,2.3841480469855014e-06
694,2.3712418624199927e-06
2515,2.367134584346786e-06
5061,2.3627467271580826e-06
1615,2.3627369500900386e-06
636,2.3551904178020777e-06
5439,2.353014110667573e-06
2315,2.3494028482673457e-06
5590,2.346014298382215e-06
313,2.3314088366532815e-06
3149,2.3248795741892536e-06
593,2.3156286488301703e-06
1308,2.30765795095067e-06
7427,2.301887207067921e-06
1795,2.300482265127357e-06
4465,2.2998001441010274e-06
7605,2.291717692060047e-06
1255,2.291332975801197e-06
76,2.289951794409717e-06
7088,2.2884304371473263e-06
2646,2.2810390873928554e-06
4096,2.2710423763783183e-06
2727,2.259602069898392e-06
1436,2.2480454617834766e-06
6937,2.245550035695487e-06
3484,2.2454821646533674e-06
7919,2.238077968286234e-06
2776,2.2251070959100616e-06
4911,2.222732973677921e-06
7547,2.2187898593983846e-06
391,2.202985342592001e-06
1798,2.202511950599728e-06
1489,2.197596245423483e-06
6839,2.196873424509249e-06
5809,2.195282377215335e-06
3542,2.181884724450356e-06
1046,2.1716382434533443e-06
2309,2.1675416519428836e-06
6637,2.1521400412893854e-06
1862,2.1456539798236918e-06
1049,2.1390733309090137e-06
3051,2.1337991711334325e-06
7184,2.1322684915503487e-06
7348,2.1272699086694047e-06
4367,2.1250566533126403e-06
1571,2.1181385818636045e-06
4445,2.1133753307367442e-06
3646,2.0995580598537344e-06
5290,2.0943107301718555e-06
2300,2.093123725899204e-06
6171,2.0795113186977687e-06
5082,2.0767539581356687e-06
7078,2.0674283405242022e-06
6298,2.064955310743244e-06
4563,2.0557979496516054e-06
4348,2.055218260466063e-06
1569,2.0529739686026005e-06
4484,2.051733190455707e-06
2358,2.051103365374729e-06
6035,2.0397326352394884e-06
7504,2.0356760614959057e-06
505,2.030866426139255e-06
5238,2.028637936746236e-06
1713,2.0284898027966847e-06
3632,2.0219210909999674e-06
378,2.020332658503321e-06
474,2.0100715119042434e-06
6828,2.007059379138809e-06
5886,2.004549060075078e-06
3975,1.9876738406310324e-06
7383,1.9875953398695856e-06
1166,1.9842229903588304e-06
2961,1.9824747141683474e-06
6300,1.9740551806535223e-06
545,1.957335712177155e-06
7608,1.9558874555514194e-06
1239,1.954213303179131e-06
1207,1.946193890489667e-06
5610,1.9402468751650304e-06
73,1.9233115722272487e-06
3330,1.920194222293503e-06
3485,1.919845431075373e-06
3839,1.919514375003928e-06
5441,1.9145571741319145e-06
3509,1.913185542434803e-06
794,1.9092697698397387e-06
4475,1.9086788256572618e-06
5729,1.9061869807046605e-06
650,1.9020170043404505e-06
2703,1.9002459339390043e-06
523,1.8905246861322667e-06
7513,1.889321424641821e-06
6811,1.8877858565247152e-06
6262,1.884670837171143e-06
7595,1.8830398857971886e-06
7431,1.8740854557108833e-06
7097,1.870847086138383e-06
6956,1.8607827882988204e-06
5022,1.8572099520497432e-06
2822,1.8559159116193769e-06
7365,1.8474512444299762e-06
1303,1.8449526919539494e-06
2102,1.8262063008478435e-06
5765,1.8218896684629726e-06
6136,1.8169055806538381e-06
5003,1.813384528759343e-06
3216,1.8098217537954042e-06
1319,1.8039753513221513e-06
5617,1.80349189804474e-06
7681,1.7990090555031202e-06
5640,1.788929068879952e-06
3599,1.7883377836369618e-06
1922,1.7710130464365648e-06
296,1.7657475268606504e-06
1282,1.7610114468880056e-06
5921,1.7502184164186474e-06
6083,1.7419138771401776e-06
7856,1.7379190921928966e-06
7021,1.736050592171523e-06
1754,1.7322908547612315e-06
5425,1.7308589121967088e-06
1281,1.7296424061896687e-06
6420,1.7227654893758881e-06
2387,1.6925215504670632e-06
2912,1.6868114016688196e-06
5021,1.6786945593594282e-06
3539,1.6701470144653285e-06
1850,1.6645239497847797e-06
2138,1.6618384393041197e-06
2216,1.651598154239764e-06
7875,1.6486419553984888e-06
6336,1.6478114162055135e-06
2411,1.6462220173707465e-06
6355,1.6368767319363542e-06
2974,1.6345832136721583e-06
685,1.6328704646184633e-06
7192,1.6252078012257698e-06
4510,1.6121777548505634e-06
674,1.5931909729260951e-06
2396,1.5921025351417484e-06
2797,1.5898920082690893e-06
3215,1.586638973094523e-06
6598,1.5864849274294102e-06
2649,1.5759770803924766e-06
6594,1.5695656543357472e-06
3213,1.5675356053179712e-06
4537,1.566266405461647e-06
4352,1.5625089986315288e-06
6645,1.554877485432371e-06
890,1.5547799989690247e-06
4406,1.5384628113679355e-06
7900,1.538238393550273e-06
1651,1.532998908260197e-06
3468,1.5325160234169743e-06
2635,1.521551553196332e-06
6026,1.5188419979494938e-06
6895,1.518472743100574e-06
3573,1.511589857727813e-06
7548,1.5114554230422073e-06
2214,1.49105648006298e-06
4001,1.4853557672722673e-06
1440,1.4843842564005172e-06
5915,1.484346341840137e-06
4026,1.47866330735269e-06
2717,1.476774116326851e-06
3238,1.4748198964298354e-06
8000,1.4740168126081699e-06
1247,1.4738241702616506e-06
2377,1.4719844898536394e-06
2823,1.4696288417326286e-06
2927,1.468461960030254e-06
906,1.4653222137894772e-06
672,1.4653052744506567e-06
4978,1.4615866348322015e-06
934,1.4535153241013177e-06
3217,1.4499930784950266e-06
5292,1.4352516473081778e-06
4580,1.4289377077147947e-06
304,1.424838217189972e-06
738,1.4212637324817479e-06
592,1.4207330991666822e-06
5730,1.4093350841903884e-06
438,1.4074536238695146e-06
3288,1.404460419962561e-06
2426,1.4009312963025877e-06
3625,1.4000700048200088e-06
4335,1.3994345522405638e-06
4932,1.3984254110255279e-06
6253,1.3921791151005891e-06
7238,1.3891989851799735e-06
4492,1.3852286429028027e-06
110,1.3804337868350558e-06
5732,1.3802223293168936e-06
3444,1.3777450931229396e-06
6155,1.3722740845878434e-06
7941,1.36187401267307e-06
4781,1.3564296068580006e-06
5185,1.356000268515345e-06
2073,1.3544849934987724e-06
3235,1.3536052279050637e-06
1277,1.3488082117874e-06
2690,1.3436788321996573e-06
3924,1.3386608657128818e-06
276,1.337345395313605e-06
4672,1.3360892126002e-06
5478,1.3326873045116372e-06
1804,1.328700363956159e-06
1133,1.324651691447798e-06
119,1.3179168263377505e-06
6520,1.3170351849112194e-06
7358,1.312783297180431e-06
7881,1.3097707665110647e-06
1232,1.3085428918202524e-06
7048,1.302713371842401e-06
339,1.3023697533753875e-06
986,1.2946310334882583e-06
7483,1.2939045745952171e-06
3317,1.2931296851093066e-06
6472,1.2892048175672244e-06
2538,1.2888140190625563e-06
3679,1.2858936315751635e-06
3562,1.2705374956567539e-06
5095,1.263969465981063e-06
2490,1.2604452876985306e-06
1299,1.2576306289702188e-06
5717,1.2574256516018067e-06
7447,1.2470590036173235e-06
4112,1.2466519478948612e-06
5764,1.2441839203347627e-06
3769,1.2381067335809348e-06
6749,1.2366435839794576e-06
5081,1.2337608268353506e-06
4185,1.2333302947808988e-06
6080,1.2328966931818286e-06
5533,1.2303541438996035e-06
7350,1.2299253739911364e-06
1070,1.2202380048620398e-06
1968,1.218831016558397e-06
3280,1.2139508385189401e-06
5121,1.207808054459747e-06
2011,1.204183604386344e-06
7099,1.2023465956190194e-06
5620,1.1999758271485916e-06
3504,1.198434461002762e-06
543,1.1935345582969603e-06
989,1.1933594237234502e-06
3661,1.1865790270348953e-06
1728,1.1831945698759228e-06
7884,1.1799773460552387e-06
548,1.1790291409852216e-06
1511,1.174017711491615e-06
2420,1.164753200555424e-06
4758,1.163048182206694e-06
933,1.1626690366028924e-06
5187,1.1623363320723001e-06
1321,1.1599706795095699e-06
6293,1.1583156833694375e-06
3351,1.1562558484001784e-06
5595,1.1537838418007595e-06
3558,1.152440120222309e-06
4214,1.151914091224171e-06
998,1.1518141604938137e-06
2758,1.1455460935394512e-06
2402,1.142899463957292e-06
5186,1.1406598332541762e-06
4464,1.1354802609275794e-06
796,1.1353610602782283e-06
4879,1.1333469274177332e-06
7425,1.1312909009575378e-06
5841,1.1298399726911157e-06
5976,1.1296149864392646e-06
1176,1.1293466286588227e-06
4652,1.1238710158067988e-06
43,1.1229495271436463e-06
1357,1.1228057132939284e-06
3546,1.120739057114406e-06
7924,1.119746741551353e-06
5108,1.1184264963048918e-06
5211,1.1161679367432953e-06
2032,1.1126819572382374e-06
2182,1.109435061152908e-06
7351,1.1093164289377455e-06
2425,1.1085594451287761e-06
4049,1.1081549473601626e-06
4851,1.1075882753175392e-06
3960,1.1063318652304588e-06
1608,1.1040127105843567e-06
1657,1.099171186069725e-06
7476,1.0991711292263062e-06
3104,1.0984871323671541e-06
3513,1.0967795560645754e-06
1985,1.096065886940778e-06
6284,1.093083085379476e-06
5139,1.0908013905464031e-06
6302,1.0865891226785607e-06
4741,1.0851867386918457e-06
3523,1.079968342310167e-06
6616,1.07936142512699e-06
3234,1.078396053344477e-06
7699,1.0758527650978067e-06
2529,1.0737638262980909e-06
7720,1.072395320989017e-06
1503,1.0686314340091485e-06
2266,1.0678016337806184e-06
7814,1.0668005074876419e-06
6989,1.0647547128428414e-06
6490,1.0592665375952492e-06
5457,1.0592202670522965e-06
1899,1.0535658816479554e-06
1727,1.053218909419229e-06
6782,1.049915965722903e-06
2314,1.0480221135367174e-06
6530,1.0452721426190692e-06
7154,1.0424986953694315e-06
4881,1.0392896570010635e-06
578,1.032623003993649e-06
6609,1.0318030945200007e-06
2074,1.0305107025487814e-06
1459,1.0281883078278042e-06
5129,1.0279015896230703e-06
3575,1.0244710324514017e-06
2711,1.024098423840769e-06
1813,1.0233989655716869e-06
4309,1.0163180945710337e-06
4194,1.0150563412025804e-06
3862,1.0138434731743473e-06
6551,1.0050664513983065e-06
7317,1.0047856449091341e-06
705,9.991836691369826e-07
4522,9.98459086076764e-07
3662,9.978326716009178e-07
2978,9.97360928067792e-07
590,9.959836688722135e-07
2155,9.920673278429604e-07
234,9.900825261865975e-07
6497,9.886196608022146e-07
4134,9.868784900390892e-07
3992,9.851725621956575e-07
1846,9.815850035010953e-07
4419,9.81334437710757e-07
2898,9.779666925169295e-07
7105,9.773635838428163e-07
2328,9.74190186298074e-07
1688,9.727080509946973e-07
7873,9.724160747737187e-07
7869,9.69430459463183e-07
301,9.651757864048705e-07
4305,9.649573939896072e-07
5245,9.636585787120566e-07
4930,9.62515542823894e-07
1241,9.606134199202643e-07
1349,9.589783189767331e-07
5574,9.563230207731976e-07
5275,9.554167945680092e-07
929,9.54887241277902e-07
3046,9.509400626939168e-07
1010,9.506211995358171e-07
4365,9.498613167124859e-07
5880,9.494453934166813e-07
5308,9.415172428361984e-07
1782,9.404430443282763e-07
2346,9.394790083661064e-07
4810,9.354382939363859e-07
446,9.322219227669848e-07
5913,9.320734761786298e-07
741,9.302589489834645e-07
965,9.273821603983379e-07
7282,9.267641587484832e-07
2687,9.252358381672821e-07
3934,9.232647641965741e-07
7867,9.225859116668289e-07
6706,9.181937912217109e-07
4722,9.159483056464524e-07
6865,9.122233564085036e-07
2932,9.11912621859301e-07
5657,9.051529445969209e-07
1901,9.030640626406239e-07
5230,9.029740226651484e-07
3158,9.009587529362761e-07
2855,9.005731840261433e-07
5070,9.004445757909707e-07
1591,8.989595130515227e-07
3738,8.960675756952696e-07
7968,8.931869786010793e-07
4713,8.917222658055834e-07
3346,8.903530499537737e-07
5754,8.894692484773259e-07
7149,8.861355524913961e-07
5201,8.850467168031173e-07
3819,8.760510468164284e-07
7973,8.759767808896868e-07
7216,8.75976468250883e-07
5062,8.719510162791266e-07
649,8.716738477687613e-07
6381,8.7129419057419e-07
6095,8.711436407793371e-07
3651,8.709704104603588e-07
4481,8.662588584229525e-07
3604,8.657371779463574e-07
3583,8.638492374757334e-07
7267,8.618221727374475e-07
549,8.610920474438899e-07
1731,8.604164918324386e-07
5737,8.551563155378972e-07
206,8.538269469227089e-07
93,8.517863534507342e-07
5669,8.502772743668174e-07
7412,8.482699058731669e-07
2561,8.48030936140276e-07
1863,8.478949951040704e-07
5281,8.445958030733891e-07
2215,8.439039334007248e-07
6946,8.431908327111159e-07
5327,8.428129376625293e-07
3739,8.426929412053141e-07
2528,8.415094043812132e-07
2609,8.406622669099306e-07
5149,8.388950902826764e-07
2741,8.385279954836733e-07
535,8.372942943424277e-07
5464,8.348270625901932e-07
651,8.334168342116755e-07
1742,8.326288138960081e-07
4469,8.324813620674831e-07
7400,8.289196102850838e-07
7782,8.281696182166343e-07
2090,8.275282539216278e-07
7746,8.252041254763753e-07
7222,8.223310601351841e-07
7510,8.209341615383892e-07
3427,8.207267114812566e-07
7263,8.197165470846812e-07
7493,8.196924170533748e-07
5573,8.181718271771388e-07
7011,8.169367049504217e-07
3182,8.134191489261866e-07
3099,8.078908990682976e-07
7165,8.072706236816884e-07
948,8.069923751463648e-07
1030,8.068258239291026e-07
6669,8.064648113759176e-07
5065,8.044106039051258e-07
5135,8.043310515404301e-07
6266,8.034098470943718e-07
848,8.029811340293236e-07
7316,8.028233651202754e-07
236,8.027017202039133e-07
7689,8.004977303244232e-07
975,7.990152823822427e-07
6254,7.93191873071919e-07
5262,7.900372906988196e-07
4173,7.885603565682686e-07
2792,7.873365461819049e-07
5075,7.830186348201096e-07
464,7.807197732745408e-07
1990,7.785864681864041e-07
7666,7.769984904371086e-07
4570,7.767955878534849e-07
7813,7.753706370294822e-07
1072,7.729762785402272e-07
6903,7.701026731865568e-07
607,7.699656805471022e-07
7342,7.695618364778056e-07
6455,7.676937912037829e-07
6697,7.639249588464736e-07
553,7.636093641849584e-07
7705,7.633771019754931e-07
1748,7.621484314768168e-07
5798,7.617005053361936e-07
1295,7.599544744607556e-07
4251,7.591840471832256e-07
116,7.577905591915624e-07
6860,7.564363500023319e-07
7729,7.553309444574552e-07
5577,7.521273346355883e-07
5110,7.520118288084632e-07
7022,7.515918127865007e-07
4183,7.504579571104841e-07
3022,7.472985430467816e-07
5274,7.469956528893817e-07
3892,7.467828027074574e-07
2206,7.461051723112178e-07
3838,7.445063374689198e-07
7664,7.430215873682755e-07
2436,7.40206019145262e-07
5779,7.394361034585017e-07
3868,7.370508114945551e-07
4468,7.369839067905559e-07
1833,7.365074168319552e-07
7899,7.358074185503938e-07
379,7.357955098541424e-07
5977,7.345404924308241e-07
4745,7.344556252064649e-07
6698,7.337574174925976e-07
1012,7.335983127632062e-07
1476,7.312170851037081e-07
3449,7.305169447135995e-07
3841,7.281856824192801e-07
5941,7.273782500760717e-07
249,7.270326705111074e-07
517,7.252215539210738e-07
4166,7.238885473270784e-07
277,7.231933523144107e-07
1565,7.217667246095516e-07
5934,7.210940111690434e-07
2851,7.199639355803811e-07
6386,7.179324370554241e-07
5849,7.173089784373587e-07
5762,7.158906782933627e-07
3959,7.142012066196912e-07
3740,7.127993058020365e-07
5096,7.127270009732456e-07
6816,7.121301450752071e-07
4844,7.111664785952598e-07
1217,7.109538273653015e-07
5071,7.101789663011004e-07
4241,7.060821474169643e-07
2713,7.046426446777332e-07
1214,7.038240994461376e-07
3908,7.033662825506326e-07
2353,6.995628325512371e-07
7303,6.983387663694884e-07
1953,6.940686603229551e-07
112,6.939252727988787e-07
2834,6.912765968536405e-07
4158,6.902504026129463e-07
4382,6.894581190408644e-07
4020,6.892889246046252e-07
5216,6.882540333208453e-07
4403,6.850287093129737e-07
4670,6.834994792370708e-07
6333,6.833863039901189e-07
3348,6.818425219989876e-07
3045,6.800572691645357e-07
5516,6.790058648675767e-07
5273,6.779034151804808e-07
4980,6.761978568192717e-07
1069,6.736586044553405e-07
6187,6.733857276230992e-07
6829,6.73254106686727e-07
3433,6.717330620631401e-07
6204,6.711207447551715e-07
5403,6.691603005037905e-07
5190,6.689684255434258e-07
6286,6.685309017484542e-07
6593,6.653610000739718e-07
7918,6.653199875472637e-07
215,6.644168593084032e-07
1304,6.629803124269529e-07
5681,6.618608665576176e-07
4257,6.618556653847918e-07
7040,6.606431384170719e-07
3101,6.602641633435269e-07
5471,6.597335016067518e-07
2524,6.585688936411316e-07
3214,6.582891103334987e-07
4616,6.578299576176505e-07
1994,6.569678134837886e-07
7082,6.552948264015868e-07
7635,6.547791713273909e-07
389,6.533514920192829e-07
6491,6.522669764308375e-07
4870,6.520482145333517e-07
1312,6.519293265228043e-07
416,6.507831074031856e-07
6037,6.47664307962259e-07
1243,6.466685249506554e-07
6196,6.463166073444881e-07
1480,6.461260966261761e-07
7435,6.46079200805616e-07
3905,6.449847944622888e-07
146,6.407412911357824e-07
7637,6.396282969944878e-07
5175,6.381539776612044e-07
1882,6.361062219184532e-07
5172,6.352618981964042e-07
7170,6.331441113616165e-07
7996,6.330365920348413e-07
2888,6.329388781978196e-07
7039,6.31129154271548e-07
6746,6.296342007772182e-07
7692,6.285135327743774e-07
1395,6.27368592631683e-07
1744,6.260863756324397e-07
1472,6.23221666273821e-07
3881,6.207363298926794e-07
3387,6.193567969603464e-07
4248,6.174285260840406e-07
7321,6.173597739689285e-07
6539,6.163830335026432e-07
502,6.136910144505237e-07
2049,6.114852340033394e-07
6189,6.101471683450654e-07
419,6.099938900661073e-07
4009,6.079913248413504e-07
5171,6.078882393012464e-07
1709,6.063377497866895e-07
7185,6.057947530280217e-07
6731,6.042929214800097e-07
7171,6.037386697244074e-07
3697,6.028131736002251e-07
3569,6.02182467446255e-07
5170,6.021448371029692e-07
1373,6.004568149364786e-07
7775,6.004062527154019e-07
7084,5.997658263368066e-07
5000,5.993653928726417e-07
4490,5.984693984828482e-07
2369,5.975533667879063e-07
3524,5.974247301310243e-07
7352,5.956583208899247e-07
7694,5.948641046416014e-07
1807,5.945391876593931e-07
5542,5.929443886998342e-07
4226,5.886569169888389e-07
3347,5.883932487904531e-07
366,5.85618522563891e-07
5347,5.827970710470254e-07
7701,5.827147049330961e-07
5050,5.825034747886093e-07
5633,5.813116104036453e-07
3446,5.786277483821323e-07
4984,5.786139070096397e-07
7198,5.784448546819476e-07
355,5.775299882770923e-07
7534,5.773156885879871e-07
1189,5.769022948243219e-07
7155,5.741341055909288e-07
1378,5.72882754568127e-07
6418,5.718253532904782e-07
2218,5.695523555004911e-07
1696,5.668071594300272e-07
7443,5.648925593959575e-07
2020,5.642891380830406e-07
298,5.633477826449962e-07
5218,5.633317528008774e-07
2619,5.620218246349395e-07
6311,5.611021549611905e-07
105,5.610413040813e-07
882,5.60080820832809e-07
1600,5.585735607382958e-07
4414,5.579180992754118e-07
2931,5.5651256047895e-07
6193,5.530314126644953e-07
816,5.530250462015829e-07
3618,5.52721360236319e-07
3911,5.525629944713728e-07
3515,5.520864760910627e-07
3734,5.520864760910627e-07
3401,5.507652645064809e-07
1258,5.503157183284202e-07
5370,5.497876429672033e-07
1895,5.490956880294107e-07
2938,5.490194041612995e-07
4779,5.486024861056649e-07
1201,5.480336540131248e-07
6987,5.478742082232202e-07
3931,5.478092930388812e-07
733,5.475428679346805e-07
910,5.472105044646014e-07
5085,5.462460421767901e-07
5280,5.457101792671892e-07
2969,5.456387555113906e-07
1397,5.451968831948761e-07
3106,5.441673636141786e-07
5792,5.439553660835372e-07
7533,5.439177925836702e-07
7224,5.436097296751541e-07
2733,5.428638303328626e-07
995,5.42710523632195e-07
3007,5.424632547601504e-07
6147,5.421558739726606e-07
4063,5.417157638021308e-07
5174,5.400093812113482e-07
1139,5.398043185778079e-07
7793,5.395581865741406e-07
7764,5.382761401051539e-07
3963,5.366517257243686e-07
4955,5.363083346310304e-07
5365,5.352948448944517e-07
3813,5.343137559066236e-07
1388,5.342589020074229e-07
7505,5.334132993084495e-07
4515,5.332572072802577e-07
4517,5.322912102201371e-07
3192,5.321326739249344e-07
1781,5.311994186740776e-07
5671,5.30948113919294e-07
7470,5.301174041960621e-07
3831,5.292972673487384e-07
6402,5.283834241254226e-07
805,5.274694387935597e-07
5278,5.273297460917092e-07
6635,5.271270424600516e-07
2755,5.266979883344902e-07
7455,5.266641096568492e-07
6521,5.266458344976854e-07
1537,5.263232480956503e-07
7396,5.260195621303865e-07
4069,5.241674898570636e-07
3435,5.233437434526422e-07
3605,5.22779060929679e-07
5510,5.216869283231063e-07
4763,5.206978244132188e-07
5107,5.205056368140504e-07
3402,5.194838763600274e-07
5148,5.192716230340011e-07
1494,5.190754563955124e-07
6469,5.184390090562374e-07
1854,5.180389166525856e-07
7080,5.179496156415553e-07
7890,5.165098571069393e-07
7607,5.16047919063567e-07
5279,5.158181011211127e-07
6348,5.155506244136632e-07
3895,5.151507309619774e-07
2863,5.147750243850169e-07
7315,5.133400122758758e-07
856,5.123637834003603e-07
2581,5.121102617522411e-07
4441,5.114542318551685e-07
809,5.113351733143645e-07
7221,5.11156912352817e-07
4471,5.111366192522837e-07
2729,5.111020868753258e-07
1242,5.11084010668128e-07
3144,5.103082116875157e-07
205,5.099401221286826e-07
7883,5.096746633626026e-07
1305,5.087236445433518e-07
3251,5.084660870124935e-07
3306,5.060085186414653e-07
610,5.054880318766664e-07
5697,5.032647152347636e-07
6363,5.027168299420737e-07
1668,5.00544103942957e-07
6980,5.003328453767608e-07
726,4.990754121081409e-07
6139,4.983679104952898e-07
3390,4.973435920874181e-07
6525,4.972607428044284e-07
7432,4.96336156174948e-07
4187,4.950167920014792e-07
580,4.947046647885145e-07
6138,4.936085531426215e-07
2598,4.930710133521643e-07
3744,4.925378505049594e-07
2803,4.903298531644396e-07
7148,4.902754540125898e-07
7127,4.900221881598554e-07
1009,4.89007931037122e-07
5940,4.888026410299062e-07
1115,4.876350203630864e-07
1725,4.868549581260595e-07
7472,4.868204825925204e-07
5023,4.860659146288526e-07
5145,4.859002729062922e-07
4742,4.856170505718183e-07
6859,4.841883765038801e-07
7067,4.841732277327537e-07
4973,4.841714087433502e-07
1618,4.838959881681149e-07
5362,4.837942810809182e-07
5086,4.834698188460607e-07
6216,4.833104014778655e-07
5214,4.823163237688277e-07
1881,4.820565493446338e-07
5419,4.812918632524088e-07
3009,4.802964497230278e-07
863,4.799735791038984e-07
5013,4.785037788224145e-07
7467,4.784959060089022e-07
7569,4.784836562521377e-07
5691,4.784681522096434e-07
6734,4.7603738551060815e-07
2874,4.755604834372207e-07
6886,4.7528692448395304e-07
347,4.7476729037043697e-07
686,4.745311912301986e-07
5193,4.7421875137843017e-07
7305,4.737858745329504e-07
5787,4.723201243450603e-07
6442,4.717320365443811e-07
5176,4.681228489289424e-07
4709,4.679191647483094e-07
6500,4.673225646456558e-07
551,4.6714339418940654e-07
2235,4.6662339059366786e-07
1799,4.6657899588353757e-07
2371,4.651840868064028e-07
1823,4.636998482965282e-07
2123,4.6366147898879717e-07
6584,4.6311686219269177e-07
6390,4.6300627332129807e-07
5020,4.6246408658134897e-07
507,4.620495559493065e-07
3008,4.6199575365335477e-07
5459,4.6168266010226944e-07
4733,4.6126629626996873e-07
4178,4.6124313257678295e-07
7810,4.590564657291907e-07
6523,4.5855789210236253e-07
1601,4.5849940022435476e-07
6054,4.5784418034600094e-07
3498,4.575260135197823e-07
766,4.575242371629429e-07
6444,4.571242726569835e-07
5800,4.5630187628376007e-07
7181,4.5569480278118135e-07
2547,4.5549680294243444e-07
5456,4.5527468728323583e-07
5166,4.5439774964961543e-07
614,4.528726833541441e-07
5627,4.523252528088051e-07
2669,4.5223893607726495e-07
4908,4.522388792338461e-07
6526,4.520567102872519e-07
7670,4.51552637059649e-07
5857,4.5134891024645185e-07
3465,4.5098657608377835e-07
3413,4.494616803185636e-07
6861,4.4909819507665816e-07
5854,4.489591560741246e-07
1914,4.459867568584741e-07
5154,4.446340682306982e-07
3736,4.443603813797381e-07
2933,4.440476146783112e-07
5191,4.435125333657197e-07
4494,4.43483727963212e-07
7033,4.4339260796277813e-07
3601,4.427725173172803e-07
4644,4.4268705323702306e-07
6104,4.4232612594896636e-07
7965,4.421589210323873e-07
4060,4.419588037762878e-07
7403,4.413765140043324e-07
7930,4.412514869045481e-07
1975,4.411262324310883e-07
7038,4.392886978621391e-07
6655,4.3855753517618723e-07
1643,4.3745393440985936e-07
3457,4.372278397113405e-07
3095,4.3718890196942084e-07
1753,4.356023310947421e-07
5146,4.338129002690039e-07
6091,4.337905750162463e-07
2119,4.310484484904009e-07
6718,4.2978744829724747e-07
3710,4.287270627401085e-07
3247,4.277320613255142e-07
5756,4.2748078499244e-07
3640,4.2737629257771914e-07
1583,4.266452151568956e-07
26,4.2659368659769825e-07
7857,4.258313879290654e-07
3403,4.248918372695698e-07
6375,4.247912528398956e-07
3015,4.2268285938007466e-07
2003,4.2261115140718175e-07
3164,4.2211121353830094e-07
3518,4.216510660626227e-07
692,4.2158444557571784e-07
1377,4.21287694507555e-07
2435,4.2081884998879104e-07
3445,4.202568959499331e-07
4334,4.199688987682748e-07
6056,4.165515576914913e-07
6791,4.1650156390460324e-07
4150,4.148260046576979e-07
2441,4.139849494322334e-07
7490,4.138156413091565e-07
5716,4.119524987800105e-07
3966,4.118247147744114e-07
4045,4.1055773181142285e-07
949,4.0886180840971065e-07
1982,4.0739389817190386e-07
1450,4.07234566068837e-07
3277,4.0646060028848296e-07
1337,4.0641515397510375e-07
7645,4.0629558384353004e-07
1906,4.060281071360805e-07
1602,4.058184401856124e-07
2588,4.0564471248671907e-07
5353,4.0512185250918265e-07
1313,4.0421780056476564e-07
1144,4.0417312163754104e-07
6142,4.0412272994672094e-07
6763,3.986391305943471e-07
6512,3.9842333876549674e-07
4022,3.9783665783943434e-07
3285,3.974252962279934e-07
4600,3.9733691892251954e-07
4794,3.9725438227833365e-07
6452,3.965986650200648e-07
1656,3.95317073298429e-07
4788,3.9499028048339824e-07
321,3.947284028527065e-07
1339,3.9407764518273325e-07
6479,3.9287996855819074e-07
2169,3.925664060488998e-07
1244,3.9023962017381564e-07
7045,3.8988599726508255e-07
748,3.8924622458580416e-07
664,3.8846296490646637e-07
6871,3.882737047433693e-07
710,3.8755439391024993e-07
2251,3.844278069209395e-07
3073,3.8427262438744947e-07
6846,3.839758733192866e-07
4783,3.8395029378079926e-07
3760,3.8311662819978665e-07
6385,3.8260539270140725e-07
5421,3.821795644398662e-07
2845,3.8196338891793857e-07
7830,3.817447833398546e-07
6532,3.817347646872804e-07
516,3.797510004233118e-07
4193,3.796361198737941e-07
7955,3.7945211772694165e-07
2390,3.7902633209796477e-07
6034,3.788706237628503e-07
3232,3.788557449979635e-07
48,3.7733832414232893e-07
7725,3.7574777422832994e-07
387,3.755562829610426e-07
44,3.753770982939386e-07
7250,3.751699324539004e-07
4566,3.741523073585995e-07
6558,3.7383217943443015e-07
5150,3.731925488636989e-07
13,3.7244895167987124e-07
4330,3.7222599758024444e-07
605,3.7162044463912025e-07
1642,3.716122591868043e-07
262,3.707235691763344e-07
931,3.7065768765387475e-07
125,3.696205794767593e-07
15,3.694359520522994e-07
1977,3.685635903138973e-07
1351,3.6799077918203693e-07
6522,3.67586153515731e-07
7081,3.6709909068122215e-07
142,3.6543841019920364e-07
3279,3.6526837732253625e-07
4695,3.6462839148043713e-07
7757,3.6440796691294963e-07
6223,3.637508854126281e-07
5115,3.6326079566606495e-07
2000,3.626604296869118e-07
2975,3.6191713093103317e-07
1538,3.618016108930533e-07
2633,3.617905690589396e-07
7874,3.6117424428994127e-07
6567,3.5909651785459573e-07
5381,3.5834250411426183e-07
3190,3.5823155997150025e-07
430,3.58170495928789e-07
2368,3.5797010866644996e-07
1103,3.5742324655529956e-07
1590,3.5606198878213036e-07
4242,3.558258185876184e-07
529,3.5576769619183324e-07
6781,3.555542207323015e-07
5180,3.549110942913103e-07
4603,3.5399531839175324e-07
5223,3.5318963398367487e-07
774,3.5275991194794187e-07
1017,3.525872926957163e-07
2960,3.522194447214133e-07
6364,3.50189509390475e-07
6388,3.501813807815779e-07
1714,3.5015293065043807e-07
4455,3.5002652509774634e-07
2539,3.4968317663697235e-07
214,3.496650151646463e-07
988,3.493717599667434e-07
5738,3.4936273607399926e-07
6199,3.4916884317226504e-07
7906,3.490116711191149e-07
465,3.4896928013949946e-07
2460,3.4888178390701796e-07
164,3.4879886356975476e-07
5485,3.4608120813572896e-07
331,3.4545170990440965e-07
5391,3.4514825131282123e-07
23,3.448371330705413e-07
3344,3.4456103037427965e-07
2563,3.442956142407638e-07
3453,3.437867803768313e-07
3500,3.4350460964560625e-07
467,3.433311519529525e-07
1117,3.417270164618458e-07
4945,3.4150234284879843e-07
5594,3.3951218370020797e-07
4198,3.3949021371881827e-07
4393,3.391634493254969e-07
3781,3.3911132391040155e-07
6970,3.3864232307223574e-07
4409,3.381112492206739e-07
5583,3.373259147565477e-07
6219,3.367600669434978e-07
7781,3.365853444847744e-07
6724,3.363925884514174e-07
3223,3.359425875260058e-07
257,3.351323982769827e-07
1736,3.349703945332294e-07
4701,3.34868573759195e-07
5978,3.3434459112413606e-07
771,3.3423700074308726e-07
6198,3.3276279509664164e-07
2310,3.326095310285382e-07
7550,3.3258969267535576e-07
30,3.323075219441307e-07
850,3.31973041056699e-07
7070,3.3175696501075436e-07
5356,3.310048413140976e-07
6596,3.3061810711387807e-07
5603,3.306146965087464e-07
308,3.3052339176720125e-07
4401,3.296742505654038e-07
1099,3.296453598977678e-07
3971,3.294827450872617e-07
3273,3.2917392900344566e-07
655,3.286567533677953e-07
3105,3.280508877878674e-07
19,3.280016471762792e-07
7015,3.279571529901659e-07
2962,3.260421124196e-07
1419,3.259774103980817e-07
7074,3.2536574678943e-07
976,3.2493822743617784e-07
5257,3.2433193553060846e-07
2540,3.2421283435724035e-07
4550,3.235652457078686e-07
5750,3.235456915717805e-07
4730,3.233942891256447e-07
4015,3.2324987842002884e-07
6047,3.2312696873759705e-07
1531,3.222663451651897e-07
182,3.218780335600968e-07
5797,3.2172924591122865e-07
2551,3.2168344432648155e-07
3789,3.2130540716934775e-07
6487,3.211907539935055e-07
3419,3.2065479160792165e-07
7733,3.205531129424344e-07
5036,3.20183687563258e-07
3169,3.195474818085131e-07
2142,3.190997972524201e-07
2439,3.1875123340796563e-07
5378,3.1677706147092977e-07
7442,3.166844635416055e-07
4298,3.165521889059164e-07
7043,3.162074051488162e-07
2461,3.158989301255133e-07
1912,3.15841262477079e-07
1556,3.155879539917805e-07
1550,3.152197223244002e-07
7567,3.1515723719621747e-07
7528,3.1457476268315077e-07
3713,3.14137793111513e-07
6873,3.130461010414365e-07
6851,3.127977379335789e-07
4704,3.12767895138677e-07
134,3.122499379060173e-07
4163,3.121776046555169e-07
3965,3.1124730526244093e-07
5037,3.110146877816078e-07
7526,3.098691934155795e-07
7005,3.0928666205909394e-07
844,3.0915674642528757e-07
5786,3.078969399439302e-07
7786,3.077072960877558e-07
1628,3.0755194302400923e-07
7034,3.0692797281517414e-07
2143,3.0636820724794234e-07
3700,3.0622817348557874e-07
2247,3.055368580362483e-07
5484,3.054634021282254e-07
6064,3.0544848073077446e-07
7618,3.052177959261826e-07
3840,3.050343195809546e-07
4564,3.0347044344125607e-07
85,3.033051143574994e-07
2289,3.0230714287426963e-07
648,3.016091767449325e-07
2010,3.0106340886959515e-07
5509,2.995911501102455e-07
7956,2.9941094226160203e-07
3361,2.9915472055108694e-07
2555,2.9890674113630666e-07
7297,2.9879643648200727e-07
3720,2.9810558999088244e-07
7978,2.9778684051962045e-07
2665,2.9723540251325176e-07
2204,2.970899970478058e-07
6843,2.9679202384613745e-07
7424,2.9678838586733036e-07
6588,2.9666387035831576e-07
5522,2.966042416119308e-07
5429,2.9642586696354556e-07
7529,2.9625179820413905e-07
6251,2.9597882189591473e-07
627,2.956184204094825e-07
7824,2.9523381783747027e-07
440,2.952134821043728e-07
7391,2.9504582244044286e-07
5994,2.9488221287010674e-07
2362,2.947505777228798e-07
1554,2.9474445284449757e-07
88,2.942643675396539e-07
2503,2.9315818039776786e-07
3239,2.911111778303166e-07
2067,2.9101046550294996e-07
3130,2.9041274274277384e-07
4378,2.8986437428102363e-07
1552,2.898163842246504e-07
5741,2.8942091034878104e-07
5436,2.893117709845683e-07
2487,2.885592635948342e-07
7280,2.8813246899517253e-07
1272,2.8731135159887344e-07
1382,2.860731740383926e-07
3371,2.853143996617291e-07
2458,2.851630256373028e-07
6282,2.8480515368300985e-07
5266,2.8422138598216407e-07
7972,2.8397683138337015e-07
5404,2.837201833472136e-07
2530,2.8368833682179684e-07
5638,2.8356382131278224e-07
278,2.827852654263552e-07
224,2.8244404859378847e-07
189,2.823296654241858e-07
6485,2.819119941932513e-07
1007,2.8184268785480526e-07
5155,2.816150868056866e-07
6866,2.813781350141653e-07
6804,2.81072175312147e-07
6679,2.8100181737045204e-07
7566,2.8085693770663056e-07
7685,2.807458230336124e-07
361,2.8067407242815534e-07
5580,2.7980291861240403e-07
5233,2.794821796214819e-07
698,2.7887645615010115e-07
808,2.7750782294333476e-07
6547,2.7730148133287e-07
7803,2.7621777576314344e-07
7460,2.7613610598109517e-07
682,2.7612728104031703e-07
1993,2.761062916079027e-07
717,2.7543714509192796e-07
763,2.75309602670859e-07
67,2.751822449909014e-07
1624,2.7512986378042115e-07
999,2.750184080468898e-07
6292,2.742091567142779e-07
476,2.738527768997301e-07
7363,2.727888954723312e-07
3202,2.725139580661562e-07
3954,2.715742937198229e-07
2029,2.7154398196671536e-07
2553,2.709855522198268e-07
7584,2.709279982582302e-07
3221,2.7028798399442167e-07
4770,2.702099806128899e-07
6156,2.6997975055564893e-07
6264,2.6960717036672577e-07
5982,2.689298241875804e-07
1165,2.687173861204428e-07
7426,2.684901119209826e-07
6233,2.683069766362678e-07
3027,2.681379953628493e-07
2275,2.675590593526067e-07
2187,2.670442427188391e-07
5892,2.643879213337641e-07
4690,2.6426297949910804e-07
2882,2.6420485710332287e-07
2909,2.64012342654496e-07
3919,2.6387745322153933e-07
7928,2.635757709867903e-07
5734,2.6316283197047596e-07
2954,2.630947335546807e-07
4917,2.630762878652604e-07
1606,2.6277935205598624e-07
3250,2.622923886974604e-07
4217,2.6186447144027625e-07
6928,2.615932572780366e-07
6643,2.612759715248103e-07
6145,2.6123835539237916e-07
499,2.6083917248342914e-07
4569,2.6060361335566995e-07
735,2.6043598211344943e-07
1226,2.6043423417831946e-07
3900,2.59757740650457e-07
2862,2.592965415715298e-07
6188,2.5926750879534666e-07
2833,2.59073189567971e-07
5212,2.5883927889935876e-07
5916,2.584160370133759e-07
7027,2.58118888041281e-07
1451,2.5736322584180016e-07
6595,2.571442365706389e-07
2582,2.5714410867294646e-07
295,2.5711214846069197e-07
2638,2.569409076613738e-07
1997,2.566540473480927e-07
7577,2.564225951573462e-07
7110,2.5595839758807415e-07
5914,2.55041427976721e-07
7833,2.547434689859074e-07
4087,2.545753261529171e-07
4824,2.540473360568285e-07
3810,2.539792802735974e-07
5502,2.5382843205079553e-07
688,2.5358762911764643e-07
4752,2.534979302026841e-07
7690,2.532033249735832e-07
7448,2.531660072691011e-07
6413,2.5275166137816996e-07
4318,2.5269612535794295e-07
4904,2.5175721418690955e-07
6896,2.513335175535758e-07
5920,2.499282061307895e-07
7191,2.497759652442255e-07
1536,2.497105953125356e-07
4174,2.4935057751918066e-07
7745,2.493020190286188e-07
2088,2.4898271533402294e-07
1044,2.4776110763014003e-07
3019,2.476933929074221e-07
6109,2.4640446838475327e-07
1063,2.4632505102317737e-07
3274,2.4583646052178665e-07
5952,2.457892236407133e-07
1455,2.455354888297734e-07
1130,2.452875094149931e-07
3486,2.451267278047453e-07
4384,2.4502411122284684e-07
7300,2.449781817404073e-07
3335,2.4477834870140214e-07
6867,2.446865039473778e-07
5653,2.446159470537168e-07
4358,2.440421695837358e-07
1797,2.4376177520935016e-07
4846,2.4339290405350766e-07
3942,2.4272310383821605e-07
3904,2.425518914606073e-07
4895,2.418969700102025e-07
4172,2.415694098090171e-07
716,2.4140074117440236e-07
6671,2.4138334708823095e-07
172,2.4120988229014984e-07
6098,2.411974833194108e-07
3289,2.407868748832698e-07
457,2.405685535222801e-07
2186,2.4031385237321956e-07
4664,2.4022268974022154e-07
2902,2.4013303345782333e-07
3699,2.4011397670165024e-07
3950,2.3966052253854286e-07
4139,2.394711771103175e-07
4014,2.3926918402139563e-07
1033,2.3872952681358584e-07
5375,2.3836423679313157e-07
5458,2.3799091053433585e-07
266,2.3779991664696354e-07
7643,2.3775668012149254e-07
6295,2.376964403083548e-07
7963,2.3724305009409363e-07
6344,2.3693397110946535e-07
7966,2.3649912606060752e-07
1429,2.3584930630704548e-07
964,2.3429468853919388e-07
7676,2.3372190582904295e-07
2637,2.330891817337033e-07
466,2.321786283232541e-07
902,2.318377241294911e-07
1431,2.313394134034752e-07
3368,2.3067669019383175e-07
6146,2.3040647079142218e-07
4848,2.3036124474629105e-07
6023,2.3007044092082651e-07
2068,2.2919200404203366e-07
1817,2.2912347930059695e-07
2094,2.2881572192545718e-07
6784,2.2873445004734094e-07
7237,2.2867361337830516e-07
6327,2.2762187512626042e-07
363,2.2757716067189904e-07
5909,2.2740731253634294e-07
7331,2.2726955961616113e-07
5125,2.2724567827481224e-07
107,2.2668558585792198e-07
571,2.2528813303779316e-07
1331,2.2528487875206338e-07
3360,2.2492869788948155e-07
1123,2.2411951761114324e-07
5400,2.237510727809422e-07
7404,2.2357180995413728e-07
1773,2.232081470765479e-07
4228,2.2306623037593454e-07
2892,2.229454736379921e-07
458,2.2279334643826587e-07
1790,2.227829511980417e-07
4526,2.2215184003471222e-07
724,2.2192112680841092e-07
7543,2.217259122971882e-07
5426,2.214007963630138e-07
1162,2.211300795806892e-07
1942,2.2105835739694157e-07
2418,2.2091735729645734e-07
1779,2.2033435698176618e-07
6090,2.2016838840954733e-07
6407,2.1995428056698074e-07
3804,2.1994754462184574e-07
7748,2.1979884223810586e-07
642,2.197957371663506e-07
629,2.1974393149548632e-07
3469,2.1969518826381318e-07
6191,2.1959410645422395e-07
2181,2.1917814763128263e-07
3828,2.1907807479237817e-07
4230,2.1887902335038234e-07
3982,2.185926959441531e-07
1892,2.1828346064012294e-07
3048,2.1786243564747565e-07
1417,2.173646009850927e-07
3004,2.1728283883248878e-07
5780,2.171758808344748e-07
4679,2.1691182894301164e-07
6260,2.168054038520495e-07
7258,2.165033663459326e-07
6030,2.1549484330307678e-07
5183,2.1536073546712942e-07
6534,2.1524324722577148e-07
6229,2.1508727598984478e-07
4830,2.148158699810665e-07
6312,2.1394750149283936e-07
1805,2.1374980718746883e-07
7527,2.1362969704341594e-07
2322,2.1340394340541025e-07
3177,2.1330714616851765e-07
3883,2.1318140852599754e-07
251,2.1228778024351413e-07
646,2.1217182677446544e-07
977,2.121570190638522e-07
5041,2.120618489698245e-07
3222,2.119331412586689e-07
3961,2.1079134882029393e-07
60,2.1062882638034353e-07
4332,2.1020380813752126e-07
7682,2.1002583849849543e-07
5332,2.0892366592306644e-07
1120,2.0866714578460233e-07
3067,2.0768994346553882e-07
5652,2.0748084494925934e-07
2557,2.0736775496743576e-07
5812,2.0700711189647336e-07
7327,2.0672106160191106e-07
1666,2.06569474414664e-07
759,2.0654697863164984e-07
5295,2.0614159979004398e-07
2844,2.0579122406161332e-07
5313,2.0562837477200446e-07
2760,2.0554892898871913e-07
7190,2.0544818823964306e-07
3460,2.0458813310142432e-07
2437,2.0439476600131457e-07
4387,2.0428126390470425e-07
4796,2.0420021940026345e-07
6585,2.0362666219853054e-07
4395,2.03596151493457e-07
7836,2.0352241136833982e-07
4625,2.0342005058182622e-07
5883,2.0335126293957728e-07
6759,2.0311387061155983e-07
3946,2.025386578452526e-07
994,2.022959790792811e-07
7233,2.013899660369134e-07
3880,2.0100080888596494e-07
3307,2.0022491042936963e-07
1971,2.00138842387787e-07
2019,1.9994389788280387e-07
1972,1.999039582756268e-07
7292,1.994820948425513e-07
4078,1.9944241813618646e-07
6693,1.99204826856203e-07
1655,1.989193947338208e-07
447,1.9879621504514944e-07
5461,1.98731868294999e-07
5194,1.9807409046279645e-07
6246,1.9797503370000413e-07
4638,1.9748589608070688e-07
2500,1.9658400418620658e-07
1932,1.9652554072990824e-07
4110,1.9605940337896754e-07
2944,1.959598634471149e-07
1577,1.9595270117633845e-07
2512,1.9591370659099994e-07
7678,1.958195809947938e-07
4604,1.9538215667580516e-07
7521,1.9530071426743234e-07
4821,1.9516097893301776e-07
7599,1.947285213077521e-07
1403,1.9466635592380044e-07
3703,1.9458519062709456e-07
1884,1.9425667119321588e-07
7860,1.9419678665144602e-07
5039,1.9419398711306712e-07
3020,1.9380077276309748e-07
7671,1.9370929038586837e-07
6511,1.933195008518851e-07
1958,1.929782982301731e-07
3522,1.9268340878397794e-07
2069,1.9267997686256422e-07
2170,1.9250843763529701e-07
6790,1.9236972548242193e-07
2624,1.922952890254237e-07
1372,1.9226726521992532e-07
5490,1.9208405177550958e-07
5946,1.9129310402377087e-07
3199,1.9119888605700908e-07
1973,1.9090835223778413e-07
4939,1.9051341837439395e-07
6033,1.9049927146852497e-07
4281,1.9016869856613994e-07
4705,1.8977208782189336e-07
1110,1.894392411827539e-07
1704,1.8936518841883299e-07
128,1.893272951747349e-07
5498,1.88319525307179e-07
1695,1.8781835109393796e-07
4200,1.873136454833002e-07
6115,1.8720163552643498e-07
4990,1.8703445903156535e-07
4611,1.864030565457142e-07
585,1.861773526457e-07
4630,1.8604944074240848e-07
1284,1.8541615531830757e-07
5700,1.8525227574173186e-07
582,1.8516413291536082e-07
7712,1.8431230586202219e-07
600,1.8377623689502798e-07
5027,1.8358507958282644e-07
7539,1.832231859566491e-07
956,1.8320481132150235e-07
1389,1.8293540193781155e-07
3489,1.8247185806785637e-07
6406,1.8240717736262013e-07
6252,1.8227059683795233e-07
2058,1.8224190512228233e-07
7730,1.8165844295481293e-07
1151,1.8160904602382288e-07
7085,1.8158783632316045e-07
6869,1.8154028680328338e-07
7096,1.8144939417652495e-07
6773,1.8133542312170903e-07
4878,1.8086596753619233e-07
7695,1.8069695784106443e-07
35,1.8060546835840796e-07
4176,1.8059651551993738e-07
2211,1.8048213945576208e-07
2826,1.8040725535684032e-07
8,1.8029912496331235e-07
2559,1.8026818793259736e-07
2696,1.8022280556806436e-07
4922,1.801982634219712e-07
3356,1.7968175569649247e-07
4109,1.7939883889539487e-07
7698,1.7914530303642096e-07
6126,1.7893334813834372e-07
2681,1.7884679692770078e-07
6408,1.783104224273302e-07
3342,1.778569185262313e-07
4359,1.7770166493846773e-07
941,1.7761549031547474e-07
5465,1.7748804026496146e-07
2120,1.7746759084502628e-07
5164,1.7728024204188841e-07
4425,1.7670900831490144e-07
768,1.766126871416418e-07
5235,1.7650591388473913e-07
3416,1.7572362054352197e-07
4684,1.7561565357482323e-07
3391,1.754662548592023e-07
3999,1.7470945579134423e-07
2230,1.7450816613973075e-07
2787,1.7428428833454745e-07
4451,1.737825812142546e-07
5662,1.7375661798268993e-07
3547,1.7314290801095922e-07
4476,1.7289625731109481e-07
5494,1.7279548103488196e-07
5851,1.727362644032837e-07
114,1.7242621197510744e-07
624,1.7234464877446953e-07
221,1.720191704634999e-07
1617,1.7196615686998484e-07
3059,1.7188963852277084e-07
5158,1.7167442933896382e-07
6704,1.7152883202697922e-07
2173,1.7148089881402484e-07
4597,1.7146535924439377e-07
6172,1.714324753265828e-07
1904,1.7142890129662192e-07
6382,1.712301980205666e-07
7298,1.711001047510763e-07
7908,1.7109416461380533e-07
5761,1.7089347892351725e-07
7340,1.708278460910151e-07
1598,1.7065027435592128e-07
7735,1.7016427023008873e-07
7997,1.700744505228613e-07
3131,1.698287874773996e-07
2356,1.6969050875559333e-07
2592,1.6950813375160578e-07
2827,1.6947420533597324e-07
7623,1.6947237924114233e-07
1004,1.693683486791997e-07
5876,1.6930723489849697e-07
2631,1.6913149636366143e-07
156,1.687897963620344e-07
1726,1.6834677296628797e-07
3294,1.6828310833716387e-07
744,1.6821843473735498e-07
2105,1.680907502077389e-07
4454,1.680180830021527e-07
3167,1.6799793201016655e-07
7458,1.6795015511661404e-07
272,1.678357506307293e-07
3589,1.6735387475819152e-07
5337,1.6734806962404036e-07
1630,1.669959175387703e-07
3628,1.6670963987053256e-07
2084,1.6668746383174948e-07
1673,1.663904356519197e-07
2920,1.662287800741069e-07
7227,1.6612315789643617e-07
5412,1.661151571852315e-07
7236,1.6578554351553976e-07
702,1.655496788544042e-07
3597,1.653092596143324e-07
2521,1.6488894516442087e-07
1926,1.6463243923681148e-07
4801,1.6425926219199027e-07
957,1.6386773182830439e-07
3675,1.6380504064272827e-07
3588,1.6363406984964968e-07
7522,1.6335441443970922e-07
990,1.631641737276368e-07
14,1.6314783124471433e-07
2840,1.6309095229871673e-07
3334,1.6286276149912737e-07
3266,1.6283013337670127e-07
7763,1.6281776993309904e-07
3719,1.6220111831444228e-07
1540,1.6170253758218678e-07
4795,1.6150575987694538e-07
2712,1.609041930805688e-07
893,1.607584465546097e-07
5846,1.6068523223111697e-07
7206,1.5996633351278433e-07
7246,1.5993536095493255e-07
616,1.5992718260804395e-07
4256,1.5990259782938665e-07
4160,1.5974570999333082e-07
4610,1.5962677224479194e-07
1584,1.5935184904947164e-07
1636,1.5926105589869621e-07
3041,1.5885461124298672e-07
905,1.5875679792998199e-07
6133,1.587189402130207e-07
2601,1.586164941613788e-07
6192,1.58266175276367e-07
7536,1.5824611665493649e-07
2236,1.576032246930481e-07
5621,1.5733397873418653e-07
2200,1.5722184798505623e-07
6689,1.572210308609101e-07
290,1.5705865052950685e-07
1090,1.5685395737818908e-07
3885,1.5676342002279853e-07
2868,1.567249299228024e-07
5393,1.565072054177108e-07
5678,1.5639937345213184e-07
3310,1.5604337022523396e-07
1499,1.5594228131021737e-07
3590,1.5565608180168056e-07
1366,1.5543423614872154e-07
7626,1.553245425611749e-07
2493,1.553084203465005e-07
2739,1.548961279240757e-07
4304,1.5486883597759515e-07
2257,1.5460085478480323e-07
6909,1.5392993191198912e-07
1691,1.538130263156745e-07
1840,1.5377112561054673e-07
3873,1.537665710316105e-07
2443,1.5336986081138093e-07
390,1.533424835997721e-07
335,1.529908217889897e-07
246,1.5266531505631065e-07
670,1.5262636310353628e-07
5357,1.5235789874168404e-07
4024,1.5226673610868602e-07
5758,1.5183521639983155e-07
4246,1.5168136258125742e-07
3527,1.5084130922105032e-07
7688,1.507313101001273e-07
4260,1.5063941560811145e-07
4751,1.5044371082240104e-07
7126,1.5036767564424736e-07
3555,1.5034528644264356e-07
4011,1.5021615240584651e-07
1674,1.5015623233693987e-07
4555,1.499559942885753e-07
2552,1.4958998661995793e-07
3036,1.4935376668745448e-07
5344,1.4918830970600538e-07
4520,1.4909252854522492e-07
5220,1.4899346467700525e-07
594,1.4889467081502517e-07
6785,1.4880449583642985e-07
3455,1.4822345661968939e-07
1808,1.481721909613043e-07
5960,1.480876434811762e-07
7520,1.4795539726719653e-07
7245,1.4758359156985534e-07
4637,1.4723481456258014e-07
2590,1.4720961161174273e-07
4800,1.4718437313376853e-07
3704,1.466995058763132e-07
2519,1.461440461980601e-07
5002,1.4520996671762987e-07
4115,1.4459645569786517e-07
4039,1.4448632157382235e-07
997,1.4412771776051159e-07
7118,1.4346392163133714e-07
4105,1.4329026498671737e-07
1559,1.432789815680735e-07
5634,1.4314162655182372e-07
3314,1.4312531249061067e-07
6316,1.429882559023099e-07
4972,1.4296641381861264e-07
6847,1.425991413839256e-07
3821,1.422268027795326e-07
1658,1.4215177657206368e-07
566,1.4211161669663852e-07
5389,1.4180846363842647e-07
5298,1.4150014493452545e-07
4,1.4093368605472278e-07
6904,1.4081052768233349e-07
2066,1.4068863407601384e-07
4054,1.4043168050648092e-07
160,1.401576810167171e-07
3482,1.3992188740985512e-07
2035,1.3939278176167136e-07
5649,1.393731494658823e-07
2255,1.392445128090003e-07
478,1.3920264052558196e-07
7512,1.3899992978849696e-07
4808,1.3892547201521666e-07
563,1.3892491779188276e-07
5111,1.3860689307421126e-07
6974,1.38423430939838e-07
7086,1.3838710799518594e-07
7128,1.3831124334728884e-07
7916,1.3827659017806582e-07
1950,1.3820466904235218e-07
6242,1.380647844939631e-07
3768,1.3734434389789385e-07
396,1.37127230459555e-07
7684,1.3710784685372346e-07
2022,1.370904456621247e-07
5612,1.368749806829328e-07
971,1.367638233773505e-07
7346,1.3665452058830851e-07
5944,1.3665287212916155e-07
6766,1.3659241915320308e-07
6983,1.3658971198537984e-07
6761,1.3637661311349802e-07
1752,1.363211623583993e-07
7621,1.3620378069845174e-07
1428,1.3607648696734032e-07
1159,1.3596743286825586e-07
6997,1.3595131775900882e-07
1405,1.3585645319835749e-07
4239,1.3554402755744377e-07
5807,1.3551172628467612e-07
734,1.3473962923171712e-07
4236,1.3451619196303e-07
2940,1.34326953116215e-07
6876,1.3430700818162222e-07
6750,1.3418276978427457e-07
4205,1.3412500265985727e-07
4593,1.3399053244711467e-07
5113,1.3396476106208866e-07
62,1.3383592545324063e-07
4448,1.3341138327405133e-07
5646,1.3327554881925607e-07
4762,1.3310414459510866e-07
1960,1.3290331679627343e-07
6170,1.328759040575278e-07
6684,1.326725893591174e-07
4363,1.3246343399941907e-07
1345,1.323287079912916e-07
3594,1.3230620510285007e-07
2023,1.320305216268025e-07
4764,1.3139887045099385e-07
7981,1.3136261856061537e-07
2208,1.311769324274792e-07
7790,1.3108376606396632e-07
7268,1.3073400140228841e-07
6554,1.3067788984244544e-07
5975,1.3062328463320227e-07
3979,1.3057907466418328e-07
145,1.3052503078370137e-07
1097,1.302143246562082e-07
1061,1.3008660459945531e-07
2541,1.2990493303277617e-07
7933,1.2948751759722654e-07
789,1.2941256954945857e-07
1288,1.2912653346575098e-07
4680,1.2905385915473744e-07
7052,1.290077946691781e-07
4943,1.2885357136838138e-07
3714,1.287481410372493e-07
6457,1.2863070963931023e-07
1018,1.285814121843032e-07
7822,1.2841938712426781e-07
2903,1.2833069717999024e-07
2849,1.2787631931132637e-07
7990,1.2785963576789072e-07
1967,1.2717353570224077e-07
6560,1.2666282600548584e-07
7910,1.264932194544599e-07
2467,1.2645009661582662e-07
7974,1.2626752265987307e-07
1723,1.2618207989589791e-07
6483,1.261119635387331e-07
4852,1.258846538121361e-07
2951,1.2569475416057685e-07
6623,1.2539702254343865e-07
383,1.2528307991033216e-07
1206,1.2484942857327042e-07
3430,1.2463063825407517e-07
6351,1.245844458708234e-07
5751,1.2433650908860727e-07
4317,1.241062079770927e-07
3623,1.2395627635441997e-07
89,1.23666318074811e-07
4504,1.23473562041454e-07
7987,1.231395785339373e-07
7489,1.2312738562059167e-07
2394,1.2295734563849692e-07
2878,1.2276127847599128e-07
2809,1.2249587655333016e-07
1441,1.2236169766310923e-07
2761,1.2225930134945884e-07
3981,1.2215929956482796e-07
7765,1.220097232135231e-07
5885,1.2175802055480744e-07
2254,1.2116758796310023e-07
2082,1.205076287646989e-07
4686,1.2040528218904e-07
2190,1.202846746650721e-07
1253,1.201349029145149e-07
6676,1.2010313099608538e-07
2534,1.1969472168971151e-07
6668,1.194588143960118e-07
4184,1.1922958265131456e-07
5363,1.192005996131229e-07
7208,1.191553522517097e-07
3659,1.1887802031651518e-07
3290,1.186977627298802e-07
2520,1.1836186430969065e-07
7821,1.1820530332329326e-07
7163,1.181908189096248e-07
1374,1.1801117949516993e-07
4518,1.1768569052605926e-07
1876,1.1764004881342771e-07
2884,1.174970165607192e-07
709,1.1725855131317076e-07
4142,1.1682661238410219e-07
6905,1.167813792335437e-07
159,1.1677812494781392e-07
589,1.1656677756377576e-07
4480,1.1656047149699589e-07
4199,1.1634293528572925e-07
6194,1.1599375682180835e-07
408,1.1573262526098915e-07
2591,1.1554939050029134e-07
2585,1.1529855470371331e-07
2677,1.1479568229333381e-07
2447,1.1412945255528939e-07
3503,1.1412659617349163e-07
558,1.1401566268887109e-07
4411,1.1397952093261665e-07
5837,1.1394457644087197e-07
6719,1.1391291820928018e-07
7892,1.137095502201646e-07
713,1.132766946909669e-07
5769,1.132529163783147e-07
1690,1.1311900038890599e-07
4660,1.131143392285594e-07
2612,1.1301769831106867e-07
3928,1.126598156986347e-07
5469,1.1263810151262987e-07
1844,1.1247224307453507e-07
1930,1.1212695483209245e-07
1644,1.1208106798221706e-07
1621,1.118700723168331e-07
5222,1.1180202363902936e-07
3717,1.1156768664477568e-07
2415,1.1121446874540197e-07
2344,1.1116232201402454e-07
6259,1.1110093112165487e-07
5996,1.1096043195379934e-07
588,1.1024962986994069e-07
1341,1.1014770961992326e-07
2248,1.0996117438821784e-07
2136,1.099295587891902e-07
2222,1.0938332195564726e-07
1266,1.0917135995214267e-07
7157,1.0907639946822201e-07
955,1.0878514800083394e-07
5012,1.0860060228878865e-07
7518,1.0838738262464176e-07
4428,1.0837127817353576e-07
6509,1.0822069995697348e-07
1785,1.0816448536843382e-07
4946,1.0814396489422506e-07
7318,1.0798917315923973e-07
4986,1.0777001335782188e-07
4097,1.0749683454491787e-07
2114,1.0737483790990154e-07
2473,1.071225632642836e-07
6464,1.0700167152322138e-07
1234,1.068871071652211e-07
6743,1.068099173551218e-07
4472,1.0675664441350818e-07
5673,1.066353263468045e-07
7325,1.0621182156000941e-07
6875,1.060950509668146e-07
4949,1.0590975918489676e-07
6923,1.058962268984942e-07
5793,1.0582019172034052e-07
6129,1.0565139163531967e-07
2583,1.0563352859094266e-07
522,1.0522027338311091e-07
445,1.0519438475853349e-07
6099,1.0517314663616162e-07
7384,1.0502250091803944e-07
1532,1.0500669134216878e-07
2788,1.0486692048061741e-07
5900,1.0482152745794338e-07
1650,1.047167828005513e-07
6535,1.0428689023456172e-07
5818,1.0419619300705563e-07
861,1.0407210737639616e-07
59,1.0405707584482116e-07
2915,1.0402117567309688e-07
3108,1.0364816560581858e-07
1792,1.0364111702187984e-07
6481,1.0305539888122439e-07
2352,1.0302615649493418e-07
3454,1.0298013819465268e-07
5839,1.0283702067681588e-07
1814,1.0267181593803798e-07
5778,1.0257359761567386e-07
6900,1.0248679060964605e-07
7723,1.0232421132627678e-07
4035,1.0230995428628376e-07
4775,1.02238875143712e-07
129,1.0199167732594105e-07
5127,1.0184687937453418e-07
5733,1.0178988318898519e-07
3889,1.016982444923542e-07
1401,1.0169042496954717e-07
5684,1.0157494756413143e-07
3142,1.0149999951636346e-07
7064,1.0148113460672903e-07
7051,1.0125341276534527e-07
4623,1.0116070825461065e-07
6205,1.0107345715937299e-07
1399,1.0103756764578975e-07
7279,1.00967760374715e-07
712,1.0086880308790569e-07
7322,1.0078300860527634e-07
3089,1.0061573618713737e-07
4437,1.0047835630189184e-07
5692,1.0026388608253001e-07
6705,1.0016302098847518e-07
3800,1.0014522899837175e-07
2769,1.0010413831196274e-07
7801,1.0001252448432751e-07
2566,9.999298100638043e-08
2220,9.998440475555981e-08
5575,9.949655677132796e-08
4916,9.935910583180885e-08
5613,9.934549183299168e-08
4436,9.934202438444117e-08
755,9.925476973648983e-08
70,9.921604515739091e-08
6786,9.911411780194612e-08
4316,9.891579111354076e-08
992,9.855058991092847e-08
6627,9.853159355088792e-08
770,9.834008452003218e-08
2816,9.830824154732909e-08
6868,9.830189640069875e-08
6739,9.829910041503354e-08
3788,9.811877532683866e-08
407,9.79254082267289e-08
342,9.78523253536423e-08
4666,9.770196385261443e-08
6998,9.762972652538338e-08
2610,9.761498986904371e-08
2260,9.75749046006058e-08
950,9.705740922072437e-08
5515,9.69925473270905e-08
974,9.678291945647288e-08
1394,9.666251088447098e-08
6391,9.664552536037263e-08
230,9.649971843828098e-08
2857,9.639207831924068e-08
6563,9.626904073911646e-08
6085,9.624388397355688e-08
7823,9.598080907835538e-08
5667,9.594422323289109e-08
4434,9.543071399775727e-08
7347,9.53245766766031e-08
1393,9.522537425254995e-08
7866,9.507785492246512e-08
7846,9.489557939446058e-08
601,9.473489015476844e-08
5435,9.464174510753764e-08
2860,9.449061622035515e-08
5342,9.433676950720837e-08
2103,9.411185430963087e-08
7143,9.410207724158681e-08
1,9.40068076715761e-08
5990,9.371900233645647e-08
3827,9.35407378221953e-08
6331,9.350130270036061e-08
4269,9.347835927542292e-08
6345,9.299133196805087e-08
4177,9.286313940037871e-08
3630,9.272598688880862e-08
3271,9.262613787086593e-08
4313,9.259234445835318e-08
7583,9.2585167976722e-08
7004,9.246724630429526e-08
6815,9.242224763283957e-08
5413,9.229251674014449e-08
7247,9.221803765058212e-08
6230,9.220626395745057e-08
7103,9.21884790727745e-08
4413,9.212455154283816e-08
3207,9.210596729758436e-08
749,9.194815930868572e-08
4339,9.187753491346484e-08
3160,9.180728710589392e-08
777,9.169722403612468e-08
405,9.161524161527268e-08
444,9.131791856020754e-08
50,9.105950837806631e-08
2642,9.10188049374483e-08
4375,9.101105646891483e-08
2038,9.058205563405863e-08
1398,9.036047288191185e-08
5446,9.035182557681765e-08
742,9.01323140567456e-08
2385,9.000704892514477e-08
2743,8.967995057673761e-08
5589,8.964293130020451e-08
547,8.952206798085172e-08
6972,8.926808803266795e-08
25,8.893820080402293e-08
3765,8.893431413525832e-08
5040,8.875716517309229e-08
4934,8.87016753381431e-08
4811,8.865551137660077e-08
3448,8.831745645920819e-08
6499,8.806905782421381e-08
6290,8.802090434301135e-08
7798,8.794077643869969e-08
3823,8.790946282033474e-08
3230,8.776534343724052e-08
2625,8.761788095057454e-08
147,8.738510004491218e-08
7219,8.702152598516477e-08
2316,8.69310596840478e-08
4979,8.678193097466647e-08
7587,8.672821749655668e-08
382,8.671574391883041e-08
95,8.650932770137842e-08
1442,8.639959503398131e-08
1619,8.638544812811233e-08
5720,8.623875658031466e-08
5227,8.576030197104956e-08
362,8.571571541438061e-08
1660,8.557636377304334e-08
1233,8.553749353268358e-08
7891,8.551804597800583e-08
2605,8.535629092421004e-08
7182,8.532566653229878e-08
707,8.469475432093532e-08
2037,8.466578549359838e-08
1435,8.457137923301161e-08
3696,8.455835853737881e-08
7285,8.453273281361362e-08
4776,8.441080012744351e-08
7713,8.424454378541668e-08
364,8.42154648239557e-08
6378,8.409514151708208e-08
2457,8.398352235872153e-08
993,8.395598527499715e-08
645,8.388894912059186e-08
4232,8.353736191679673e-08
2811,8.343412361000446e-08
5927,8.328762746145912e-08
1466,8.324527556169414e-08
7848,8.297632447806791e-08
2401,8.293602959952295e-08
2707,8.289148922813183e-08
4578,8.285828201337608e-08
3551,8.27809891745801e-08
644,8.276889573721746e-08
4940,8.254943040242324e-08
1879,8.253951477854571e-08
3052,8.253916305989151e-08
758,8.247198834965275e-08
895,8.230868075997932e-08
2800,8.21137327022825e-08
7573,8.207763713130589e-08
4669,8.203332768630389e-08
3377,8.178071908560014e-08
168,8.155531361353496e-08
5951,8.153262598398214e-08
5248,8.114317395779835e-08
3557,8.099184256593617e-08
7739,8.041940446901208e-08
3291,8.040029442213381e-08
2141,8.034781018295689e-08
3475,8.033108045424342e-08
3191,8.029217823946055e-08
2577,8.019667419034704e-08
1168,8.004219154145176e-08
1083,7.987955186194995e-08
2225,7.978490401683302e-08
2828,7.965917703245395e-08
7111,7.947022595544695e-08
4633,7.942599822285956e-08
2622,7.911491906043011e-08
5530,7.90468810407674e-08
6577,7.875385676925362e-08
5942,7.850526984043427e-08
3650,7.837263282794993e-08
5695,7.831201642716223e-08
4182,7.821907388461113e-08
2241,7.802194090800185e-08
2318,7.7871977310906e-08
4046,7.781352096003502e-08
5572,7.771426524527669e-08
3326,7.762947262790476e-08
4255,7.74252804092157e-08
4314,7.73821113853046e-08
102,7.734199414244358e-08
6214,7.732472440125093e-08
3584,7.728946371798884e-08
1128,7.721444106323361e-08
5055,7.712734273468413e-08
286,7.693311943057779e-08
6460,7.686844227805523e-08
7125,7.684715797040553e-08
2117,7.680354485728458e-08
3512,7.675210156321555e-08
2501,7.669470036830717e-08
4225,7.664937839990671e-08
3193,7.636218768425351e-08
3083,7.62523555408734e-08
2112,7.609218499737835e-08
7235,7.570942273105175e-08
2570,7.566045567841684e-08
4856,7.553941827609378e-08
2652,7.552655034714917e-08
293,7.552282355050011e-08
4446,7.537311219607545e-08
2674,7.519330935679136e-08
4462,7.49914974562671e-08
6700,7.4629479485111e-08
255,7.454218220459552e-08
5503,7.436862148324508e-08
1289,7.430362103377774e-08
3184,7.4292568541523e-08
2196,7.429130732816702e-08
5118,7.416939951099266e-08
849,7.408937818809136e-08
1361,7.405537161275788e-08
6726,7.367430754356974e-08
4952,7.354998743380747e-08
865,7.338256935440768e-08
6575,7.310703509233463e-08
728,7.265859025551435e-08
534,7.263694357106942e-08
2864,7.262281087605515e-08
3057,7.257553491513136e-08
3398,7.250133648994961e-08
5196,7.249338551673645e-08
510,7.248899436262946e-08
3161,7.243870214779236e-08
7998,7.239341570652869e-08
6995,7.237126098402769e-08
448,7.228974396866761e-08
3180,7.221318298888946e-08
5959,7.156074843805982e-08
874,7.149360570224417e-08
7911,7.13654486617088e-08
3856,7.125599665869231e-08
6569,7.094789111761202e-08
1229,7.066977758540816e-08
5032,7.061780493700098e-08
2408,7.054759265656685e-08
7932,7.052225825532332e-08
945,7.03970925997055e-08
4909,7.037518301444834e-08
6414,7.01193378915832e-08
6758,6.985903056033749e-08
5826,6.983812639305143e-08
4277,6.970516253090864e-08
879,6.968882004798616e-08
1890,6.961939646998871e-08
885,6.958031661952191e-08
3432,6.943453456642601e-08
2360,6.903965399374101e-08
2879,6.902651605855681e-08
7374,6.897395721239263e-08
1058,6.886962111707362e-08
4673,6.88576413665487e-08
7294,6.878453362446635e-08
2399,6.870876489983857e-08
1924,6.865538892952827e-08
2400,6.861048262862823e-08
6789,6.859086809640758e-08
2001,6.851778522332097e-08
1092,6.824599907417905e-08
5872,6.816946651611033e-08
537,6.806042662788059e-08
180,6.802840246677988e-08
256,6.79771190448264e-08
708,6.785725759073102e-08
7630,6.783864847648147e-08
3937,6.749447578613399e-08
7421,6.743356806282463e-08
1640,6.741615976579851e-08
1054,6.705378297056086e-08
1485,6.700814836335667e-08
9,6.697178989156782e-08
7257,6.691323051200015e-08
3698,6.684152253910725e-08
2228,6.678005348703664e-08
4274,6.667155361128607e-08
2281,6.664464535788284e-08
5618,6.65925661280653e-08
6747,6.643951877549625e-08
900,6.64099317759792e-08
5926,6.639366745275765e-08
4937,6.628422966059588e-08
7123,6.616513914536881e-08
4507,6.616053838115477e-08
7035,6.608104996530528e-08
4400,6.59052332707688e-08
903,6.581921141446401e-08
7242,6.575246658258038e-08
767,6.574522615210299e-08
2754,6.568615518176557e-08
6124,6.545223740772599e-08
7146,6.52746621199185e-08
6267,6.490341775133857e-08
6005,6.472362201748183e-08
2695,6.46598117270969e-08
6546,6.458516210727794e-08
3353,6.43779998199534e-08
5997,6.43292494828529e-08
1192,6.427046272960979e-08
3567,6.426987653185279e-08
2336,6.424404119798055e-08
4120,6.416949815957196e-08
6448,6.413458208953671e-08
2763,6.40163690945883e-08
4832,6.392703966184854e-08
7680,6.38448298673211e-08
1787,6.372701477630471e-08
4491,6.344280478742803e-08
2367,6.342743930076722e-08
5576,6.330159862955043e-08
4653,6.325290868858247e-08
2412,6.315775280540947e-08
5628,6.313256761814046e-08
5259,6.311654487944907e-08
4197,6.298967036855174e-08
2682,6.295519838772634e-08
3750,6.254283491102797e-08
359,6.2455299598696e-08
171,6.242827410574137e-08
7319,6.237086935811931e-08
1219,6.21982572113211e-08
307,6.210477110357715e-08
1694,6.208799163687218e-08
7220,6.206359515203985e-08
3170,6.195282509224853e-08
1078,6.193936741283323e-08
5523,6.167793742406502e-08
183,6.157566545539339e-08
1880,6.147380204879482e-08
7251,6.14195592163469e-08
2449,6.140185959679911e-08
7122,6.127793028554152e-08
1486,6.124059126477732e-08
2881,6.120394857589417e-08
4085,6.118051665282564e-08
2463,6.10499171216361e-08
2382,6.104205851897859e-08
4571,6.093526039308017e-08
3343,6.090769133493268e-08
5986,6.086511206149225e-08
6732,6.084026438202272e-08
4250,6.059029189486864e-08
1585,6.044043132646948e-08
3563,6.036388811025972e-08
1986,6.010498410091714e-08
6754,6.010268194245327e-08
7309,6.005438635270366e-08
4880,5.985722673074179e-08
7844,5.976911054972334e-08
3684,5.969080874024257e-08
3431,5.951183013053196e-08
1085,5.9433066468272955e-08
6453,5.924304780080547e-08
3281,5.912034239941022e-08
6802,5.9114491079981235e-08
1570,5.9045419220637996e-08
6947,5.9039884092726425e-08
6880,5.8899168209336494e-08
3200,5.867947372450999e-08
3809,5.8637397160055116e-08
846,5.8611126618757226e-08
6613,5.860304774785163e-08
7093,5.834503191692875e-08
4995,5.827304505601205e-08
1692,5.814187886699074e-08
4486,5.8122781254610345e-08
1355,5.791232382534872e-08
1969,5.7641605266667284e-08
819,5.7634942152162694e-08
2014,5.7604724545967656e-08
7211,5.759789800663384e-08
3302,5.757923737803594e-08
3159,5.7488509952463573e-08
2636,5.740146846733296e-08
4070,5.7323859437019564e-08
6831,5.707759065387563e-08
7589,5.7075562054365037e-08
6883,5.707542882760208e-08
1102,5.698517924201951e-08
6827,5.6979247986532755e-08
2883,5.6938581849408365e-08
1215,5.6916663382367005e-08
6874,5.6822326399696976e-08
907,5.679124193136431e-08
2372,5.640307598753225e-08
7880,5.615796894176128e-08
2456,5.608161934844702e-08
5665,5.602599806309172e-08
1765,5.602537278548425e-08
2419,5.592603358195447e-08
4235,5.592366569828755e-08
3165,5.591179430552984e-08
4062,5.573251371515653e-08
4682,5.561965821243575e-08
264,5.546110770637824e-08
6934,5.5232948881211996e-08
6850,5.497533983600533e-08
2030,5.493369847897611e-08
6925,5.492065113799072e-08
1074,5.4822445250124474e-08
3084,5.480811360314419e-08
5142,5.4800166182644716e-08
4662,5.4647994573997494e-08
1195,5.463466834498831e-08
3969,5.460677954260973e-08
5736,5.450832318842913e-08
3210,5.44895257803546e-08
5333,5.448110940164952e-08
4238,5.4219711387304415e-08
5408,5.408590908473343e-08
7855,5.4009985817060624e-08
1849,5.393070168224767e-08
4528,5.3898796537055205e-08
1708,5.388812418516409e-08
6106,5.3489351614643965e-08
668,5.348264942028891e-08
740,5.339542674676068e-08
1757,5.337536101990281e-08
1368,5.333048846978272e-08
2587,5.3257265264505804e-08
4047,5.3144772138580265e-08
4033,5.3120778886750486e-08
4415,5.303184558158591e-08
7408,5.29791090997378e-08
2,5.296162441936758e-08
3576,5.2816215401207955e-08
3602,5.2786212734190485e-08
3116,5.270622338571229e-08
3369,5.2496698543791354e-08
3172,5.2477954426422e-08
2843,5.2444065090639924e-08
6447,5.232421607104243e-08
2107,5.227723853806765e-08
2611,5.222271859395278e-08
1221,5.22113445811101e-08
1929,5.218926624195319e-08
5989,5.214259601871163e-08
671,5.210145381795428e-08
2118,5.203857611491003e-08
2056,5.192373997431332e-08
7697,5.1822466318185434e-08
6688,5.171504469103638e-08
5475,5.1639871045949803e-08
7195,5.1624999386490344e-08
6665,5.1534367884187304e-08
3,5.149943405058366e-08
4721,5.1397117672991044e-08
7889,5.130847569034813e-08
6432,5.123811064322581e-08
482,5.113947487700443e-08
2789,5.101454370048941e-08
4004,5.0984414912136344e-08
5449,5.092409871565451e-08
1869,5.0819323860196164e-08
720,5.0808662166446084e-08
7831,5.0787306804522814e-08
4731,5.072852715670706e-08
6762,5.0617652291862214e-08
1390,5.061609442691406e-08
1822,5.0594014311400315e-08
6694,5.05937567396586e-08
3683,5.049102291820873e-08
2985,5.043530748594094e-08
1515,5.042988071579657e-08
2718,5.039445127863473e-08
1832,5.0349452607179046e-08
175,5.030765137803428e-08
602,5.028211447211106e-08
2871,5.013825266075855e-08
2914,5.011849957270442e-08
6503,5.0084461022947835e-08
509,4.974916478772684e-08
3126,4.972103795353178e-08
3726,4.970065958787018e-08
904,4.962636346306226e-08
306,4.962172006628407e-08
7173,4.9461412743312394e-08
6387,4.941346887221698e-08
3224,4.9372765431598964e-08
3878,4.9295106663294064e-08
5276,4.928025632011668e-08
2334,4.924845953269141e-08
21,4.9011088520956037e-08
7439,4.9004812652242435e-08
3242,4.89499427658302e-08
6629,4.89255338465e-08
2658,4.8849647882320824e-08
4098,4.883959370260982e-08
6271,4.881671955558886e-08
1298,4.8804976060523586e-08
745,4.879344217556536e-08
7675,4.8687539333513996e-08
5489,4.841538725486316e-08
7750,4.8297584598344656e-08
1385,4.827841593169069e-08
2923,4.822569543705413e-08
5396,4.804911313271987e-08
5210,4.7845793105238954e-08
6555,4.781185758417905e-08
7041,4.778925699611136e-08
1060,4.7442034301070635e-08
4372,4.7254637536298105e-08
7030,4.7229642419210904e-08
7437,4.7074912856714946e-08
5567,4.706740774906848e-08
1154,4.7003828385072666e-08
6912,4.699738020974564e-08
2290,4.6978978929246296e-08
2748,4.696195610165432e-08
5813,4.688207866365701e-08
2819,4.686867072223322e-08
1987,4.671630726704734e-08
6110,4.671589870497428e-08
1735,4.669744235741291e-08
1671,4.669590225603315e-08
4261,4.667400865798754e-08
2970,4.660982355630949e-08
3331,4.6588757740551046e-08
1051,4.650243923265407e-08
4418,4.648565266052174e-08
233,4.637754535963268e-08
7475,4.632815908678367e-08
4748,4.621283267169929e-08
3103,4.6210889337316985e-08
7441,4.620951088440961e-08
5570,4.6166729106289495e-08
3249,4.600428304968318e-08
7948,4.589648483488418e-08
5289,4.550273402514904e-08
3386,4.5432610562556874e-08
1638,4.5147587002247747e-08
6707,4.5102511947447965e-08
403,4.5028352602116684e-08
3145,4.4998790471595385e-08
4998,4.491267624473494e-08
6007,4.4881735661306266e-08
2937,4.4879072902404005e-08
6683,4.4775671170782516e-08
6335,4.474440729040907e-08
3748,4.470114411958548e-08
2134,4.4664044906994604e-08
3762,4.4575095614618476e-08
6823,4.449573509646143e-08
970,4.4443090985168965e-08
4919,4.4317356895362536e-08
6215,4.403404929576027e-08
4506,4.392785868390092e-08
2757,4.387682750461863e-08
886,4.3868759291854076e-08
2025,4.3706213759264756e-08
7196,4.3696800844372774e-08
4029,4.367038641817089e-08
6674,4.341821480124963e-08
4590,4.341215209535676e-08
3473,4.3377955449841465e-08
4595,4.328147795717996e-08
1350,4.327367797429815e-08
5206,4.3268631344517416e-08
1235,4.322790303490365e-08
5064,4.3204748223502065e-08
2395,4.318713742179625e-08
5482,4.3079319667072014e-08
4803,4.306794920694301e-08
7353,4.303890577261882e-08
5923,4.2969761082645164e-08
6657,4.2731363336656614e-08
1416,4.273062970128194e-08
901,4.267412023750694e-08
1297,4.261911712433175e-08
2482,4.2579207715220946e-08
6777,4.255678121012352e-08
2506,4.253177721125212e-08
2407,4.248393992156707e-08
3806,4.2413258682927335e-08
681,4.2280744239064916e-08
753,4.2265790867190844e-08
6807,4.221177185570468e-08
7369,4.219214488898615e-08
5723,4.21848298515215e-08
5531,4.210243531588276e-08
2752,4.203637971045282e-08
6840,4.202017223065013e-08
6053,4.197928404892082e-08
3642,4.195916680771461e-08
772,4.193752189962652e-08
657,4.1823264851359454e-08
6321,4.182218660275794e-08
7418,4.179215729038788e-08
2554,4.178293622203455e-08
489,4.173466727763753e-08
2505,4.15956016297514e-08
2999,4.145275589451103e-08
6179,4.1429638386603074e-08
3122,4.129883279802016e-08
1545,4.1252462779084453e-08
4954,4.124383323755865e-08
4267,4.119059582308182e-08
1891,4.105441320234604e-08
2298,4.100948203245025e-08
727,4.0967323755580765e-08
6677,4.094429328915794e-08
2365,4.0832231817944376e-08
3706,4.071869419419727e-08
4961,4.066805026070597e-08
5029,4.0654196453715485e-08
2804,4.0569521075894954e-08
303,4.0523584488028064e-08
3718,4.0441149096182016e-08
5724,4.04043589696812e-08
2057,4.0377647891887136e-08
3166,4.035216072395542e-08
486,4.033609002362937e-08
1793,4.0155752500936615e-08
1137,4.013720023010592e-08
5991,3.990514230167719e-08
1079,3.989704033813268e-08
1819,3.981856444568166e-08
7259,3.978781037972112e-08
6799,3.976637685809692e-08
2572,3.970773576611464e-08
7610,3.970311546197536e-08
793,3.956601268839677e-08
5352,3.9353155401045115e-08
4734,3.933115522158914e-08
5153,3.929102732058709e-08
6283,3.919735114266132e-08
350,3.9052112654758275e-08
6466,3.905043399754504e-08
1796,3.9003543506055394e-08
3494,3.895852884738815e-08
6863,3.889426913872285e-08
6822,3.875378595807888e-08
6401,3.871672404898163e-08
647,3.8700099125321685e-08
6527,3.8566696503039566e-08
2872,3.8290329129608836e-08
2349,3.8253606504667914e-08
5272,3.823481620202074e-08
4612,3.8073670438620866e-08
1573,3.8000836255491777e-08
3195,3.793358693826576e-08
4854,3.793119063288941e-08
1641,3.774275647572267e-08
2924,3.7444637612793485e-08
1845,3.73619073457121e-08
118,3.729318365230938e-08
7428,3.7170407196640554e-08
1392,3.7164063826367055e-08
3638,3.7136754116318116e-08
4521,3.712509411002429e-08
6918,3.711511809001422e-08
842,3.698580997024692e-08
3666,3.682755611578159e-08
6342,3.675395277014104e-08
4572,3.672669990351096e-08
6716,3.671018156126138e-08
6787,3.665529746399443e-08
1346,3.660844605235525e-08
1307,3.649793534066248e-08
5578,3.6495755750820535e-08
4438,3.647625845815128e-08
5047,3.63012038206989e-08
1528,3.628657196941276e-08
5320,3.626273326062801e-08
898,3.6247818968604406e-08
1474,3.6211744713909866e-08
3299,3.6203479325536136e-08
7445,3.6095109123834845e-08
703,3.608688992073894e-08
4500,3.592189479206809e-08
6042,3.590451136403772e-08
4361,3.587783581338044e-08
7578,3.582669449997411e-08
4143,3.5767145689646895e-08
6733,3.569367024169878e-08
3633,3.568957041011345e-08
6181,3.567753559252651e-08
5718,3.56484282093561e-08
920,3.5486220184566264e-08
4877,3.539596349355634e-08
7179,3.5373014739548125e-08
3657,3.535375725505219e-08
2790,3.531702574832707e-08
2327,3.5231112249789476e-08
4286,3.4963928641218445e-08
3803,3.467613574059669e-08
6898,3.45411699242959e-08
7197,3.453344099568767e-08
7693,3.4493297107474064e-08
3477,3.442412577214782e-08
4542,3.437496154390374e-08
6097,3.433531503560516e-08
7140,3.42499077987668e-08
2662,3.419770955304102e-08
7652,3.416415061963107e-08
3328,3.4004207449811474e-08
2722,3.3688678513499326e-08
1557,3.3665100929169967e-08
4416,3.362735512268955e-08
1563,3.361761713449596e-08
1093,3.355737554500138e-08
5748,3.351833122167136e-08
2080,3.3439706115245826e-08
6910,3.341740040241348e-08
7054,3.335431486561902e-08
4240,3.334631415441436e-08
1095,3.3113522590610955e-08
5269,3.3089502693428585e-08
4708,3.304612228305359e-08
6232,3.299541795342975e-08
54,3.297498984977665e-08
4596,3.2967005125783544e-08
3758,3.292291594902963e-08
4254,3.291880190658958e-08
4328,3.2913625602759566e-08
1348,3.2652749837325246e-08
5397,3.262560710481921e-08
515,3.2570385499752774e-08
2183,3.2529182902862885e-08
4473,3.2442340369698286e-08
6608,3.236674039897025e-08
5069,3.234600320922709e-08
7934,3.23000168833687e-08
4994,3.2107806191561394e-08
4598,3.201491161064496e-08
6324,3.2001830518879615e-08
2889,3.19990345332144e-08
5319,3.1943420353286456e-08
530,3.1867038785549084e-08
1161,3.184234742548142e-08
4929,3.18326396353541e-08
4157,3.1760141183667656e-08
1371,3.172951323904272e-08
7620,3.155357930495484e-08
1857,3.1472181305503e-08
1866,3.139894211301453e-08
3094,3.137103732342439e-08
2626,3.1340309902816443e-08
7495,3.13378958338717e-08
6798,3.130977432874715e-08
3811,3.130177717025617e-08
1183,3.1238302611313884e-08
4502,3.1138043254941294e-08
1076,3.09405852050304e-08
1870,3.092542932847664e-08
3097,3.089978228842938e-08
5321,3.076383059408272e-08
64,3.072103282875105e-08
7740,3.0410880924591766e-08
434,3.027462636140399e-08
2802,3.0215968394031734e-08
4859,3.0205805856553525e-08
6016,3.0188868294089843e-08
2766,3.0188125776930974e-08
6022,3.008551985317354e-08
1919,3.0032802911250656e-08
6748,2.9974871473825715e-08
3028,2.996591597081988e-08
4055,2.991668512919432e-08
5088,2.9910568244417846e-08
1481,2.9757790009909968e-08
481,2.9697668324502047e-08
1520,2.9598579587286622e-08
1322,2.9518780308990245e-08
82,2.9320837313662196e-08
7364,2.928413156411125e-08
4509,2.9283610203378885e-08
5529,2.9261329359542287e-08
7134,2.90963733107219e-08
2259,2.908900231801681e-08
6096,2.905864260327462e-08
4953,2.8968472065571405e-08
2079,2.8842543464691062e-08
6352,2.8785246186657787e-08
7864,2.8729798096094328e-08
3295,2.870112414399273e-08
7397,2.8555970033039557e-08
7485,2.8527281870083243e-08
7792,2.8518949868328036e-08
4017,2.849323088582878e-08
7133,2.8483794878297886e-08
2990,2.8423341014160997e-08
3096,2.818520350444942e-08
2901,2.796439524388461e-08
1096,2.793714770632505e-08
2496,2.7910204813963446e-08
2708,2.7791051238068576e-08
6040,2.7648123790413592e-08
5432,2.759931927442949e-08
3496,2.7545552505614523e-08
6451,2.752734928890277e-08
6774,2.7514056810673537e-08
6248,2.750587402289284e-08
562,2.7448993300538405e-08
4546,2.7425318016582878e-08
4289,2.7407224933995167e-08
4959,2.736139492753864e-08
452,2.733204418348123e-08
1820,2.723590242226237e-08
5163,2.713704017054397e-08
7310,2.7100734101281887e-08
6093,2.707519186628815e-08
2545,2.7017574844023784e-08
4554,2.6965349064766997e-08
3245,2.693942402487437e-08
3085,2.691748068883726e-08
3746,2.691273603971922e-08
6228,2.681239230639676e-08
1187,2.677290567021373e-08
6161,2.667880849571702e-08
2670,2.6637857253319908e-08
6944,2.661682607651983e-08
1065,2.6587016144219433e-08
1698,2.655270225915274e-08
1887,2.6485333926018484e-08
4016,2.642329377522401e-08
822,2.631245887840805e-08
2989,2.6203014868997343e-08
4649,2.6169484357296824e-08
6127,2.6123126772858996e-08
66,2.6109326256573695e-08
7530,2.6035982259031698e-08
7177,2.595100490054847e-08
260,2.5744668619154254e-08
2133,2.5666061276297114e-08
2147,2.5634312450506513e-08
3812,2.5600622066690448e-08
780,2.5586682994571674e-08
3479,2.548220390252709e-08
4817,2.537815824155132e-08
3996,2.525758091564967e-08
3990,2.5129555325520414e-08
6591,2.511405217120455e-08
689,2.5067922848620583e-08
38,2.4885235205829304e-08
1353,2.4851372515399817e-08
6238,2.481845751134415e-08
7271,2.4784730712212877e-08
871,2.4747091487142825e-08
5406,2.4708054269240165e-08
7265,2.452343217385078e-08
6289,2.4439418488952924e-08
6908,2.4301565204609687e-08
157,2.4280964794343163e-08
5359,2.421764655480274e-08
302,2.4202321924349235e-08
7339,2.414315858345617e-08
4048,2.400386200918092e-08
1923,2.3947666072388074e-08
358,2.3831288942233186e-08
5437,2.3780550861829397e-08
962,2.3631717027683408e-08
1105,2.3625142731020787e-08
4410,2.3609071142516314e-08
330,2.3594350473388204e-08
7551,2.35041399676561e-08
6144,2.347073557729118e-08
1000,2.3448773589507255e-08
2886,2.341842808561978e-08
1424,2.3319216779782437e-08
2299,2.328470394274973e-08
4514,2.322356973394335e-08
4732,2.317487357572645e-08
4987,2.3169672402900687e-08
7960,2.304624491245022e-08
2984,2.2996244020134782e-08
2262,2.298209089701686e-08
2847,2.297560097730411e-08
1131,2.2943877908687682e-08
6101,2.2879206085235637e-08
6617,2.2797352450254493e-08
765,2.27970371469155e-08
5433,2.2789520492949578e-08
1291,2.2744834460297625e-08
6210,2.2725251902500077e-08
6958,2.270252519309679e-08
4948,2.2647354214200277e-08
6664,2.2638852570366907e-08
4834,2.238706020563086e-08
4321,2.2330059579189765e-08
3541,2.2325729709393727e-08
4338,2.228970341633385e-08
6313,2.227480688787864e-08
2440,2.2146039668768935e-08
4093,2.2064774896080053e-08
6305,2.2038443958649623e-08
315,2.2014543077375492e-08
1607,2.198012971632579e-08
2861,2.1909086989069237e-08
6993,2.1856200405068194e-08
5579,2.177905233935462e-08
3903,2.1768642888275735e-08
3754,2.1718442155815865e-08
2597,2.1686815898647183e-08
3379,2.155842704354427e-08
4545,2.1516541437449632e-08
4402,2.1490134116675108e-08
5993,2.1330501809302405e-08
7717,2.132527221476721e-08
2935,2.129284304430712e-08
4303,2.1267948291381344e-08
3927,2.1263348415345718e-08
919,2.110059149629251e-08
2132,2.1056979271349974e-08
6068,2.10388382271276e-08
7532,2.0968217384620402e-08
5545,2.0913060616578605e-08
1683,2.0829946656419907e-08
2171,2.075299132542341e-08
7719,2.0732212391294524e-08
6647,2.0665342326253722e-08
7992,2.0635053665785108e-08
3156,2.062379511613699e-08
2600,2.056669057282079e-08
6930,2.0528148070297902e-08
799,2.0486712770662052e-08
3635,2.0446811355157024e-08
2308,2.0293677849281266e-08
5950,2.0276001322372394e-08
3196,2.0263344779891668e-08
1578,2.0157563618283802e-08
508,2.0079458096233793e-08
3536,2.0074645057377438e-08
953,2.002375509846388e-08
1631,1.998510690270905e-08
6673,1.994340337319045e-08
2205,1.9924231153822802e-08
7147,1.987089959243349e-08
5322,1.9843217735626695e-08
7012,1.982510333675691e-08
3607,1.980227448683536e-08
2404,1.9768227055294574e-08
3058,1.974374352897712e-08
1197,1.969463969686558e-08
4459,1.964582363456202e-08
3850,1.9439304388413348e-08
7842,1.940296012747922e-08
6359,1.93773015411125e-08
2768,1.9347475621600552e-08
4064,1.9250905758383396e-08
2510,1.9209128510055962e-08
3947,1.9182756716418226e-08
2052,1.911826696954222e-08
2659,1.9081911162288634e-08
7144,1.9070952816946374e-08
3147,1.8967735826436183e-08
837,1.8933199896764563e-08
7225,1.8825789815934968e-08
5228,1.8810961677218074e-08
3514,1.880812749988081e-08
2403,1.876337307749054e-08
299,1.8750392349886624e-08
5131,1.872134625102717e-08
6955,1.864410226204427e-08
6148,1.858347165040186e-08
6929,1.8504383803019664e-08
1477,1.8436083770723144e-08
5622,1.8324265660396577e-08
7944,1.827295470491208e-08
817,1.8241870236579416e-08
6113,1.820791695195112e-08
208,1.819923944879065e-08
2201,1.8191808948131438e-08
6604,1.8171681048784194e-08
2647,1.8123434308847663e-08
5777,1.8058437412094008e-08
2706,1.7991204970257968e-08
4036,1.7989996159428756e-08
6392,1.797917192902787e-08
3920,1.794943838007157e-08
5431,1.7916662820027796e-08
7452,1.769468660484108e-08
4042,1.764851820240665e-08
5775,1.7589670164852578e-08
4530,1.7489540482529264e-08
2429,1.7426988740965044e-08
7614,1.7277584696273607e-08
5114,1.7261502449628097e-08
3516,1.7219146997149437e-08
4243,1.718214726054157e-08
7494,1.715827657733371e-08
2854,1.712714592372322e-08
3139,1.7077396385900556e-08
5719,1.698767349012087e-08
1517,1.6984507134054638e-08
4116,1.697502227671066e-08
5213,1.6949424974654903e-08
5524,1.6938142444189452e-08
826,1.677053518278626e-08
3826,1.6726335871908304e-08
5954,1.6669319258255655e-08
3269,1.6668646907191942e-08
3939,1.6648741052449623e-08
7307,1.6637321742507538e-08
2063,1.6613215692018457e-08
5861,1.660666182345949e-08
3742,1.655092329855279e-08
5743,1.6527298640767185e-08
6328,1.6478642450579173e-08
6373,1.6476940700727027e-08
3692,1.631954216207987e-08
2657,1.6309281924975494e-08
5282,1.6266037405898714e-08
2693,1.6264753988082248e-08
7496,1.62307713935661e-08
4041,1.6205061292851042e-08
4371,1.618415890192182e-08
5774,1.612388267346887e-08
6443,1.602300159220249e-08
3197,1.5977052569837724e-08
1646,1.593900655905145e-08
7131,1.5793022001275858e-08
409,1.5786421059260647e-08
828,1.5776651984822365e-08
7357,1.573866548199021e-08
5443,1.571722751947391e-08
7865,1.570457452970686e-08
2952,1.5631376193425695e-08
1513,1.5628234706355215e-08
2263,1.557632955950794e-08
2077,1.5570944533749298e-08
7031,1.5565686517504673e-08
7625,1.5474246772839706e-08
152,1.528887949575619e-08
2175,1.5135098063723262e-08
5626,1.5132386010918708e-08
595,1.5131156771985843e-08
7983,1.5079506532345022e-08
138,1.5071086600926265e-08
5518,1.5067480152453072e-08
2731,1.495964685460649e-08
3913,1.4907837631028542e-08
1803,1.4895662925340503e-08
4429,1.4862332697873626e-08
4223,1.4748501087069599e-08
1153,1.4714283125272232e-08
4329,1.4682986826386468e-08
6052,1.4477594234563185e-08
1274,1.4399852865665252e-08
6727,1.4383683133445402e-08
7213,1.426482976185639e-08
7387,1.4264200487446033e-08
117,1.4261740677312673e-08
287,1.4250989721631413e-08
1191,1.423672379985419e-08
643,1.4215149946039674e-08
4398,1.4214053489780554e-08
3178,1.417730777220072e-08
1988,1.4176695817269547e-08
5670,1.4146971594186653e-08
7545,1.4110554502622108e-08
7523,1.4108014756430975e-08
4767,1.4106891654819265e-08
4806,1.4031154460525386e-08
5699,1.4022646155353868e-08
7076,1.4017743854566334e-08
3470,1.3951102495468604e-08
665,1.3742353033308063e-08
7535,1.3716485725012717e-08
1661,1.3655714781179995e-08
5424,1.3628562278711343e-08
2091,1.3564018352951734e-08
329,1.3537194476498371e-08
2452,1.3461086911803477e-08
4275,1.3429853673585512e-08
7161,1.3404849674714114e-08
3566,1.3399017007031944e-08
4968,1.3373845586528432e-08
2525,1.3316075797575877e-08
3925,1.3258304232266482e-08
878,1.3252252184514646e-08
3054,1.3251427954941164e-08
6314,1.3243274477048317e-08
7929,1.3164861201175881e-08
7186,1.3056940417754959e-08
6398,1.3049744840287758e-08
5414,1.303416130582491e-08
239,1.2992141584788897e-08
4743,1.2987405817455056e-08
2527,1.290650608609667e-08
544,1.288414264166704e-08
2607,1.2859610265536503e-08
2848,1.2822312989158036e-08
7484,1.2791086412278219e-08
454,1.2789635572829638e-08
2774,1.2754675093873402e-08
115,1.2749393984989865e-08
6225,1.26965424840364e-08
5038,1.2668184723452214e-08
1196,1.2603583510184535e-08
2546,1.258286586036661e-08
942,1.252916659311154e-08
3728,1.2480549926863205e-08
5935,1.236460711595555e-08
7433,1.2296183182769482e-08
2595,1.2288745576682913e-08
2150,1.2238948077225587e-08
7751,1.2199797616574415e-08
6303,1.2153478223808634e-08
6087,1.2125385140393519e-08
552,1.2123299697464063e-08
1014,1.2089377499080456e-08
5073,1.2020485939956416e-08
2483,1.1997799642671225e-08
80,1.1964460977509361e-08
7121,1.1890987305918088e-08
5660,1.1855194603782593e-08
259,1.1783429343381613e-08
4152,1.17502958474347e-08
3112,1.1646359432404552e-08
6505,1.1616437145534064e-08
479,1.149412520717874e-08
5824,1.1420766998782028e-08
7829,1.1394980958812084e-08
1791,1.1389967191632877e-08
3187,1.1338218808276679e-08
40,1.124793858053863e-08
7306,1.1084719364617968e-08
5297,1.1061765281539238e-08
1562,1.093383472650089e-08
2684,1.091461410140937e-08
679,1.0881133771789564e-08
5234,1.0853358212159492e-08
3775,1.0727127630616451e-08
1783,1.0716332710103416e-08
5301,1.063507859555557e-08
4203,1.0564898733633754e-08
7061,1.0555951668322905e-08
5496,1.0552656082296608e-08
7326,1.0551027607164087e-08
3012,1.0369975100843476e-08
6025,1.033190510923987e-08
6435,1.026419438332482e-08
3859,1.0235321923346419e-08
5551,1.022622564406106e-08
2462,1.0219014079382305e-08
2012,1.0178305753782979e-08
1271,1.0159275642962484e-08
5679,1.0137533035248225e-08
5696,1.0059541644125147e-08
2632,1.0046673715180532e-08
1423,1.003574912061822e-08
1812,1.003107019670324e-08
959,9.878166284948975e-09
7667,9.862325622833623e-09
1767,9.837923808930782e-09
4297,9.598116523790168e-09
5386,9.58673496143092e-09
3370,9.549956381249558e-09
634,9.47090006420126e-09
7885,9.466726957896299e-09
6963,9.434000247665608e-09
346,9.430575431679245e-09
4619,9.429143243977478e-09
7117,9.391466271324589e-09
4562,9.322919769516602e-09
5840,9.312949966755468e-09
5428,9.256340138819041e-09
3375,9.237758114011285e-09
2825,9.236702958048681e-09
4307,9.218804386534885e-09
6821,9.138014789300541e-09
7582,9.125584288227628e-09
4648,9.111031928910052e-09
1633,9.092869568405604e-09
6559,9.076330798052368e-09
6440,9.05126462669159e-09
6012,8.976816623373907e-09
7791,8.947185214935871e-09
133,8.921934302463796e-09
4212,8.909005533297432e-09
6069,8.90747031689898e-09
7083,8.883345170573875e-09
5890,8.856266831003268e-09
2916,8.853287880583594e-09
2477,8.822931274465873e-09
4975,8.756034564072479e-09
5141,8.744084123435414e-09
3984,8.66812666089345e-09
7915,8.663619599502681e-09
5237,8.623294078802246e-09
6423,8.61940296914554e-09
6119,8.60577609174129e-09
5981,8.531365836006444e-09
6858,8.507293980386521e-09
2716,8.4971398806033e-09
1116,8.494365655309366e-09
5686,8.465916856437161e-09
7703,8.453150179832392e-09
2680,8.43310399289976e-09
4154,8.414843488679935e-09
4489,8.249581462393962e-09
2484,8.184810162958911e-09
5753,8.153201225269413e-09
1712,8.136390228230539e-09
3861,8.105735194163799e-09
7409,8.062069678516082e-09
7108,7.954330971671197e-09
49,7.923969036482958e-09
7893,7.919091160601965e-09
1249,7.90625342972362e-09
4050,7.867637652481108e-09
7037,7.826959080858842e-09
4867,7.823688807917506e-09
1856,7.808011570631379e-09
3643,7.800329271390183e-09
4287,7.794536571736899e-09
939,7.7719626290218e-09
4067,7.722780637209326e-09
323,7.716708605443046e-09
4421,7.715906136240847e-09
7845,7.702280591104227e-09
3039,7.701214777000587e-09
1302,7.59973151076565e-09
6801,7.53039852696702e-09
1555,7.48155670748929e-09
6173,7.471206764364524e-09
4771,7.446978367298129e-09
1525,7.3961174962278164e-09
4430,7.395230205986536e-09
1665,7.359624021319178e-09
5416,7.339320706734043e-09
7262,7.286402814443704e-09
7728,7.2615435886547175e-09
7422,7.258862400050248e-09
3519,7.250781530743211e-09
5897,7.240473554048776e-09
423,7.214471686722845e-09
2324,7.180473549084354e-09
7072,7.101579768686861e-09
1432,7.099628218654175e-09
5087,7.051450756634381e-09
5964,7.009321345563535e-09
1404,6.961445198072624e-09
5525,6.957723064360266e-09
2750,6.955516607121126e-09
6114,6.900926718955702e-09
1524,6.842524102879111e-09
801,6.83943035539869e-09
1443,6.805304764156972e-09
1529,6.514970563031852e-09
2033,6.43463726746063e-09
6581,6.356951187669324e-09
472,6.338211289147466e-09
5519,6.29030783017015e-09
5316,6.156204879204097e-09
889,6.152706566453503e-09
6922,6.112283568171506e-09
666,6.056024570710861e-09
2085,5.988712636906257e-09
4780,5.96823790388612e-09
4056,5.9373448380029e-09
6984,5.891337861996249e-09
3897,5.8750284637199e-09
4027,5.8390647872386126e-09
32,5.806308989164677e-09
7726,5.796072288788423e-09
2979,5.787679224766862e-09
173,5.775768752158683e-09
6832,5.74017766652446e-09
3580,5.736329189431899e-09
6164,5.725651508470264e-09
5422,5.656394463926517e-09
7260,5.654544388278282e-09
375,5.529235957979495e-09
6506,5.491510135513522e-09
5079,5.468203001512961e-09
258,5.464936947419119e-09
1175,5.452870821542888e-09
791,5.432897909329881e-09
527,5.385746737474051e-09
3691,5.3733466565120125e-09
1654,5.351634468908628e-09
143,5.325828666968846e-09
1620,5.2687731955103345e-09
3634,5.235990752083808e-09
3188,5.2269701900087284e-09
630,5.2001656314359934e-09
1824,5.158084848133626e-09
5128,5.150808002341023e-09
1134,5.104961786628337e-09
3656,5.065503794199344e-09
1091,5.029801908307263e-09
4724,4.998558900126682e-09
3483,4.979101131397101e-09
7209,4.973534473151631e-09
3799,4.91746776631885e-09
289,4.913137896522812e-09
3506,4.9060377982357295e-09
840,4.836087530435407e-09
4958,4.731942171432024e-09
4282,4.731708358463038e-09
6545,4.700630995557731e-09
2942,4.70024774656963e-09
1458,4.686103283191301e-09
4340,4.557451749320762e-09
5394,4.551968135757534e-09
2297,4.507187068014673e-09
7546,4.483092785889653e-09
913,4.404522080392326e-09
3410,4.397512576304052e-09
4270,4.375682705060058e-09
1059,4.363114314287486e-09
1057,4.297544986542334e-09
6652,4.258706720605687e-09
6301,4.253385199604054e-09
4156,4.210742865495831e-09
3528,4.205520598432599e-09
5629,4.165498168617887e-09
3629,4.142282516994555e-09
5345,4.141341047869673e-09
7525,4.070501713471231e-09
3138,4.041824208655953e-09
3877,3.9592704670354806e-09
4180,3.950355154103136e-09
6978,3.9287844089130886e-09
3481,3.910619161828777e-09
6366,3.850863183885167e-09
1071,3.850856966636229e-09
2459,3.8211425135159516e-09
1182,3.785505020559299e-09
3784,3.784698776598816e-09
1539,3.756738253812841e-09
6059,3.74457020946295e-09
1505,3.7066416602726804e-09
3671,3.704366702272921e-09
4128,3.6687578530703036e-09
6227,3.667851133926092e-09
3980,3.6591444319000743e-09
4807,3.6150877846807816e-09
1653,3.592648178951663e-09
4760,3.5898986006088762e-09
4141,3.5884584193013325e-09
5249,3.5407783371965706e-09
3329,3.5228108208329445e-09
1639,3.507103718547455e-09
6272,3.49336115590404e-09
7089,3.438593076943164e-09
5879,3.433949569142669e-09
2096,3.3817834088623044e-09
3244,3.3763930540331444e-09
1778,3.366892875611427e-09
4456,3.3350764372386266e-09
3511,3.3072838911962776e-09
5553,3.248826763169177e-09
402,3.2039345621015514e-09
3034,3.1824063384533474e-09
5647,3.1649167731018224e-09
5563,3.123115099867846e-09
1634,3.1161502267451624e-09
3373,3.0872600031983666e-09
743,3.0717653975997905e-09
5487,3.042550433818292e-09
6999,2.9533950840487933e-09
7556,2.9343050211849686e-09
4632,2.892119543851379e-09
2771,2.8456197398440963e-09
6849,2.8438381649564803e-09
1970,2.8383297934198026e-09
5805,2.8329821821770906e-09
2964,2.7571647187585313e-09
5559,2.6972121203172605e-09
7837,2.670981880115164e-09
2125,2.5429397476628424e-09
531,2.5298835248932505e-09
661,2.5215654009258515e-09
1005,2.5214283994046127e-09
2536,2.5185019625340033e-09
1479,2.516045038980508e-09
4676,2.485059269474732e-09
1852,2.4825483890822397e-09
1916,2.471812643456417e-09
6081,2.466002513301646e-09
5899,2.4518651553506743e-09
5727,2.3976701735151096e-09
4450,2.3780172275778e-09
5349,2.373711893710606e-09
6073,2.362454232240907e-09
6340,2.358140016589516e-09
5728,2.2864901083607947e-09
314,2.2263795251831198e-09
3820,2.200258863993554e-09
4271,2.17704942961916e-09
1580,2.1526765925372615e-09
7653,2.147880429070881e-09
7946,2.112054753311554e-09
6951,2.0902851671777967e-09
1333,2.0869515005017547e-09
911,2.0545369849855888e-09
6218,2.023678002949225e-09
7017,2.013598399130956e-09
1871,1.982260466881769e-09
2164,1.9011987539840902e-09
6474,1.888143918993279e-09
5455,1.863117049527574e-09
3003,1.8315124972190233e-09
2375,1.8255665312771896e-09
1514,1.8195458473257986e-09
6071,1.7732832979788782e-09
3129,1.7540506269675404e-09
711,1.6435098282308047e-09
7269,1.5715408974159573e-09
4818,1.55764900977573e-09
2354,1.4986720753284999e-09
5534,1.4891078925494128e-09
4377,1.4332526276916724e-09
5385,1.410672911816846e-09
6841,1.3703331802616958e-09
673,1.342857769426331e-09
4057,1.3224241701692563e-09
3265,1.2978796926077507e-09
7991,1.2740694055324298e-09
5659,1.249038317219231e-09
7642,1.2489780321089938e-09
6287,1.1979081615542952e-09
3128,1.1731761118127793e-09
5685,1.1563062174424488e-09
6536,1.1356058871037078e-09
5162,1.1265630650569847e-09
4273,1.081782441403334e-09
4310,1.0785105586386123e-09
6976,1.0721425969251186e-09
4083,1.0589086274492843e-09
341,1.0469297651027887e-09
6833,1.040247388228721e-09
462,1.0275499340295369e-09
5715,1.0205524203499294e-09
5263,1.0189775689894986e-09
6606,1.005893313088535e-09
3079,1.0043934017822664e-09
6825,9.51864365106303e-10
1768,9.46377531896303e-10
6911,9.222347330251068e-10
3974,9.2063706658152e-10
3047,9.113022003681692e-10
6542,8.814458885009202e-10
3857,8.762520709026944e-10
3579,8.604003065570964e-10
6431,7.524506018263821e-10
7747,7.249649769391908e-10
6633,7.174209004645604e-10
6422,7.101808030540724e-10
4835,6.906731853106862e-10
6945,6.872062086049624e-10
7619,6.651874051577522e-10
6365,5.982073170152091e-10
3463,5.953169623929e-10
3572,5.716963291657606e-10
5615,5.669981983924544e-10
6439,5.511776035582727e-10
4618,5.321650342615669e-10
556,5.068797603868802e-10
4668,4.589365415474944e-10
1780,4.5155786054795755e-10
5479,4.511258727690759e-10
2423,4.41096062453461e-10
7367,4.0960460023775624e-10
4394,4.069194842193369e-10
5683,3.924230662644135e-10
3198,3.8711750471875916e-10
1616,3.1270430689289697e-10
5312,2.5161360495129514e-10
6720,2.2759019668860958e-10
5933,2.0704885028699493e-10
5961,1.8330570394908818e-10
6070,1.7497216869832855e-10
6602,1.7321157008698407e-10
71,1.692870219005549e-10
1122,1.6712320416445436e-10
4479,1.4034827466868904e-10
5661,1.347792918937607e-10
5848,7.48434057784575e-11
281,6.18303255817132e-11
4671,6.025457563452186e-11
1317,-4.002433454108889e-11
914,-5.278158118904308e-11
1407,-1.0302369721215676e-10
1855,-1.3924117414632065e-10
2492,-1.4147605309489109e-10
5310,-1.7753376546636446e-10
2913,-1.9306440474098352e-10
985,-2.1215777745720032e-10
6060,-2.2397905752313818e-10
2813,-2.360577844306988e-10
3255,-2.372449597887183e-10
6088,-2.558320499890243e-10
5998,-2.775106117125503e-10
7301,-2.988790326341473e-10
1121,-3.004313742227538e-10
928,-3.05375169595834e-10
200,-3.115614155557722e-10
6810,-3.306373369538207e-10
5902,-3.647779855953104e-10
5197,-3.687588706613454e-10
6892,-3.858849351168203e-10
2202,-3.8872964569502955e-10
2363,-3.896414718651542e-10
3337,-3.9212232072483033e-10
3795,-4.099618144959294e-10
1246,-4.2050499193813096e-10
83,-4.3182628306492887e-10
7794,-4.3302288144086987e-10
5958,-4.377430917745784e-10
6618,-4.3943426675241426e-10
3038,-4.4039787094884986e-10
2491,-4.4274522936760263e-10
3388,-4.472533454702443e-10
800,-4.4855870406923515e-10
2548,-4.840601808275835e-10
2414,-4.975475587087885e-10
3915,-5.451837314929264e-10
5866,-5.57181800697748e-10
2268,-5.611305864405836e-10
2474,-5.666792035619039e-10
2470,-5.673607417211457e-10
1413,-5.701383254397285e-10
3814,-5.740691533251407e-10
597,-5.968884553286813e-10
687,-6.003468000503887e-10
761,-6.094233728770604e-10
7841,-6.194190993458193e-10
4467,-6.361300930457503e-10
6024,-6.43966241442584e-10
1223,-6.494673965296016e-10
6838,-6.57479903853897e-10
2321,-6.750382475217975e-10
109,-6.942446895141785e-10
1043,-6.967325050233342e-10
6967,-6.981877853640128e-10
7942,-7.021276893226513e-10
2424,-7.06384950532879e-10
3420,-7.075257046906813e-10
6756,-7.334237106526587e-10
1411,-7.34042382433131e-10
2410,-7.508837995828799e-10
2818,-7.525302048172477e-10
4969,-7.567247106710084e-10
7372,-7.707434690473747e-10
2466,-7.806001678378749e-10
669,-7.902619392208265e-10
5188,-7.908011467883114e-10
6857,-8.245108762405806e-10
2472,-8.307921017802755e-10
3364,-8.342592172638774e-10
3006,-8.418234442864048e-10
5090,-8.47367814804656e-10
6723,-8.488610370172012e-10
5904,-8.643706583821853e-10
5637,-8.692806197085901e-10
1028,-8.69742555753561e-10
6350,-8.749614643921433e-10
7863,-8.885218116816418e-10
3951,-8.935423234657236e-10
2370,-8.960892028397893e-10
3072,-8.993431555026632e-10
6817,-9.043699122912585e-10
3922,-9.134398515353581e-10
620,-9.164605740963339e-10
1143,-9.250612775790756e-10
7940,-9.435568992799404e-10
2719,-9.461088579243437e-10
4991,-9.468875128426646e-10
3434,-9.540455647716328e-10
4144,-9.586302862629736e-10
5355,-9.593630889703775e-10
333,-9.68874092066585e-10
4985,-9.805452005906545e-10
7091,-9.93884807787282e-10
1149,-1.0098203384600879e-09
604,-1.0194443622602023e-09
7711,-1.0210602918725442e-09
1276,-1.0279147533154287e-09
6603,-1.0369076153260437e-09
1158,-1.0475280642907592e-09
3510,-1.0487003487824609e-09
538,-1.0562122287893771e-09
2971,-1.0603641298345678e-09
747,-1.0735218824997617e-09
7876,-1.0760221047512175e-09
3722,-1.0804740990799644e-09
3237,-1.0857355015048142e-09
4005,-1.086116141468807e-09
7264,-1.1048361114873728e-09
5871,-1.1117980980301923e-09
1649,-1.1254114862246922e-09
6899,-1.1444463154930418e-09
4114,-1.1608833894172221e-09
3953,-1.1609485595087676e-09
1672,-1.1690425294474949e-09
802,-1.174101649237258e-09
3685,-1.176212571785129e-09
1279,-1.1776003505659105e-09
3124,-1.1841814751001323e-09
1729,-1.1845468494975364e-09
7278,-1.1931790000474507e-09
5430,-1.1999210514090919e-09
1772,-1.2097180479564429e-09
2199,-1.2175863095542638e-09
6425,-1.2203830168644458e-09
7596,-1.2213164368723994e-09
2793,-1.223735446309604e-09
3150,-1.2306648478066506e-09
2476,-1.243018576957411e-09
3780,-1.2667061843885108e-09
6614,-1.2731965481904695e-09
3212,-1.2846255170728682e-09
5466,-1.2870854382285302e-09
5850,-1.297915774856051e-09
3303,-1.2985371666829337e-09
3864,-1.3008232269129394e-09
2099,-1.3027015022260002e-09
4787,-1.3066404624950678e-09
2537,-1.308538499777967e-09
6933,-1.311521724556286e-09
1344,-1.3120462494242702e-09
1693,-1.3206824522882243e-09
7958,-1.327184806498849e-09
5434,-1.327335297229837e-09
2640,-1.3373352980572406e-09
2777,-1.3378164687161131e-09
4999,-1.3408798515968101e-09
3241,-1.3416379673891754e-09
5596,-1.3523552278016382e-09
4137,-1.357711443272791e-09
2576,-1.3623944195018112e-09
2165,-1.364385049384964e-09
5677,-1.3852075042564138e-09
2391,-1.3890444905406696e-09
3772,-1.390606518825166e-09
4621,-1.4138989978818017e-09
633,-1.4158297867439273e-09
6326,-1.4178608287451766e-09
2523,-1.4399080816573928e-09
1495,-1.4451629337663974e-09
5080,-1.447043818103566e-09
6894,-1.4562610006763066e-09
4693,-1.4605905374054373e-09
7561,-1.4634312650585457e-09
1614,-1.463716758909328e-09
7970,-1.4646309720589556e-09
3644,-1.4674562676120217e-09
2320,-1.4860759289803127e-09
2875,-1.4907871048741583e-09
470,-1.5110424023134783e-09
4885,-1.5294042143843e-09
177,-1.531674731491961e-09
6819,-1.5438322287231188e-09
7804,-1.547262706846908e-09
3155,-1.5511953388447353e-09
5409,-1.556167472660519e-09
2564,-1.5596018920760457e-09
7853,-1.560779339104812e-09
6952,-1.5690018728697908e-09
397,-1.5690201360385458e-09
1737,-1.569401608669807e-09
7001,-1.572242003256008e-09
6304,-1.5736336123062244e-09
2279,-1.5738719216784602e-09
3341,-1.575436447964762e-09
7355,-1.5981995726832565e-09
6902,-1.6062984276032921e-09
7704,-1.619403389163665e-09
267,-1.636852875464001e-09
3491,-1.637327662340482e-09
3815,-1.6380825584860759e-09
3418,-1.642965985482192e-09
451,-1.6556598314565463e-09
3189,-1.6563467264418819e-09
1471,-1.666823790102967e-09
6384,-1.6715879791462385e-09
6480,-1.6733353036535448e-09
1352,-1.6766744104224074e-09
6966,-1.6918416667621727e-09
5608,-1.6996669627289407e-09
6354,-1.7058124357482995e-09
6751,-1.7076957625761224e-09
1501,-1.7568266841294644e-09
4503,-1.7587463152501925e-09
4293,-1.7722394107799744e-09
1396,-1.7727543877299468e-09
4008,-1.7814014707795423e-09
4663,-1.7822701647851602e-09
2799,-1.7849446920514822e-09
7328,-1.7891209624920634e-09
5635,-1.7932803575426703e-09
3962,-1.7954120412611019e-09
1957,-1.8025505532648367e-09
4850,-1.8070759888466625e-09
6237,-1.809737915081655e-09
7046,-1.814442707193109e-09
4964,-1.8162811254995859e-09
2675,-1.826583440056595e-09
194,-1.8344405994241697e-09
2710,-1.8349993746724635e-09
7063,-1.8506078891533662e-09
7947,-1.8582285710166957e-09
5059,-1.895318235689558e-09
7508,-1.8976918925162067e-09
47,-1.912581870655572e-09
7576,-1.9229640102480516e-09
6061,-1.933596949221794e-09
6975,-1.9371597659301187e-09
3162,-1.941117377946e-09
608,-1.9637194093036214e-09
4857,-1.964929108311253e-09
5835,-1.969949758873213e-09
5694,-1.9710221788038496e-09
7169,-1.975335117698762e-09
1933,-1.976876884413059e-09
4155,-1.980056674177888e-09
6969,-1.9889493385605306e-09
550,-2.0054256033574802e-09
1157,-2.0061512451263752e-09
2145,-2.008517019369549e-09
7715,-2.019959977062058e-09
4874,-2.0409499645879237e-09
3447,-2.041199431701557e-09
1721,-2.04430727901439e-09
4389,-2.051362524291278e-09
1027,-2.0672316081160602e-09
365,-2.068163862389838e-09
5161,-2.068211157890687e-09
4974,-2.0752053409012206e-09
5083,-2.0766693920037937e-09
6482,-2.0821131485604383e-09
4404,-2.095406737012695e-09
3381,-2.1144247464022214e-09
653,-2.1255249782470287e-09
6299,-2.1263184546427283e-09
4634,-2.128867415684965e-09
4901,-2.1298288688242906e-09
3777,-2.1422588147856914e-09
1759,-2.143254129727268e-09
332,-2.1458450571998355e-09
5965,-2.1461880050921422e-09
5382,-2.1527063465143215e-09
7156,-2.185987835190417e-09
7665,-2.1889027257415705e-09
1610,-2.18963036591191e-09
7904,-2.1921442439065686e-09
3756,-2.209826877042076e-09
99,-2.2102213392827252e-09
2639,-2.225250206322471e-09
3035,-2.2252526488131252e-09
3345,-2.2267216959193092e-09
4076,-2.226829387552698e-09
7266,-2.280534538989798e-09
1167,-2.287594558225692e-09
3855,-2.289203160366071e-09
6383,-2.296223322595381e-09
6516,-2.322135705945527e-09
2469,-2.3430326567819293e-09
161,-2.3582628072560397e-09
1240,-2.3693250694734047e-09
2442,-2.3710862162573676e-09
6492,-2.3763173651047964e-09
7291,-2.3881816524351507e-09
7150,-2.3964233930584555e-09
1827,-2.4193116399118253e-09
2464,-2.421878586567061e-09
7923,-2.426077783113101e-09
5614,-2.4581242596966035e-09
5447,-2.4698183498372828e-09
5399,-2.4873160198168875e-09
4557,-2.488696360103404e-09
525,-2.4906412487979424e-09
4399,-2.492478889948302e-09
3050,-2.5026053451782104e-09
6380,-2.521583275516548e-09
6622,-2.5303809048082826e-09
5957,-2.540522014982116e-09
7767,-2.542262511617821e-09
5992,-2.548698252446968e-09
4220,-2.550542221868568e-09
414,-2.5629228739276755e-09
2072,-2.5744724130305485e-09
91,-2.581706404214401e-09
4444,-2.5905380063306893e-09
7616,-2.5992020757925616e-09
4333,-2.6097842775740787e-09
1469,-2.6229245442266347e-09
3627,-2.647450259019024e-09
2897,-2.6553074183865988e-09
1530,-2.6662025920387578e-09
1237,-2.6732561719811088e-09
1463,-2.6770254901720136e-09
3487,-2.6857491786103083e-09
2233,-2.693952727561566e-09
6678,-2.6993919322038096e-09
1769,-2.702463364201435e-09
6176,-2.704497736871758e-09
1834,-2.713353985939193e-09
5844,-2.717444935740332e-09
6788,-2.7239391853228767e-09
5209,-2.7422887294292764e-09
2100,-2.7465489882416705e-09
5157,-2.7582903738831988e-09
2448,-2.7584005080072416e-09
7361,-2.7628961341008562e-09
36,-2.7635891353128272e-09
360,-2.764440232283505e-09
1504,-2.764721118708735e-09
7429,-2.7666487989463917e-09
6576,-2.774093510460318e-09
2801,-2.779265817487442e-09
3872,-2.7820873382822242e-09
6625,-2.78986744817189e-09
3786,-2.8032404175704073e-09
1326,-2.808687282751521e-09
192,-2.826857636861746e-09
426,-2.8269960816729167e-09
7130,-2.8298275944749207e-09
2273,-2.8427991072277337e-09
5917,-2.864363413124238e-09
2043,-2.887852512678535e-09
2880,-2.906236251654093e-09
2516,-2.9266935541727435e-09
6371,-2.9337752227576175e-09
7338,-2.9371629572949587e-09
5591,-2.943217336515147e-09
6165,-2.9607749585380816e-09
4266,-2.963699508029549e-09
2996,-2.979965052496425e-09
6982,-2.9905523613038554e-09
1224,-3.011306426436988e-09
5007,-3.018775451835154e-09
6265,-3.0204796441779536e-09
6805,-3.0317296451087827e-09
5783,-3.0326237077105134e-09
5097,-3.05518765841839e-09
6783,-3.0790792138191136e-09
213,-3.091308098390755e-09
5893,-3.0970414011122216e-09
526,-3.097570533405758e-09
4720,-3.1032351133220004e-09
7370,-3.1088018825897734e-09
5855,-3.1240960929324046e-09
539,-3.138894921761448e-09
4140,-3.148508231909375e-09
5811,-3.1601884442622463e-09
2087,-3.192205388913294e-09
7440,-3.194797315586584e-09
5138,-3.2032464458708887e-09
2785,-3.2121136861462674e-09
94,-3.2124574111946913e-09
1720,-3.22745530301205e-09
388,-3.2389118054254595e-09
5539,-3.2474949396288366e-09
7102,-3.247786706239708e-09
7999,-3.2487618151222364e-09
4549,-3.2597465837724826e-09
326,-3.2630205204497997e-09
6711,-3.280193783261609e-09
7572,-3.290622774265728e-09
2628,-3.2962993445906363e-09
6968,-3.305400175790396e-09
5972,-3.3145364231046415e-09
5019,-3.316997232438723e-09
4822,-3.32626970411809e-09
1342,-3.352262911704429e-09
6907,-3.358893829741305e-09
3886,-3.363681666535001e-09
1050,-3.3642554297941274e-09
4839,-3.3730302995138572e-09
5168,-3.3741260896391623e-09
3397,-3.4064155940427554e-09
7938,-3.4082840993931995e-09
6960,-3.4136631299475084e-09
412,-3.4200129395145495e-09
3315,-3.4205047683144585e-09
6066,-3.4207495724913883e-09
6713,-3.4255078773526293e-09
1024,-3.4280251970386644e-09
2616,-3.429462935855554e-09
7487,-3.445048024630637e-09
4768,-3.4498470746768817e-09
1611,-3.4591648434556532e-09
6771,-3.4788240066419007e-09
4118,-3.486553823428551e-09
3125,-3.488730082601421e-09
6562,-3.4942434501417097e-09
2865,-3.500524425881224e-09
3081,-3.5033219658586745e-09
1851,-3.511543944512141e-09
7668,-3.5208254089980073e-09
5507,-3.547121263380859e-09
5291,-3.5541891652002278e-09
6428,-3.5568780143435674e-09
4075,-3.559696981625393e-09
960,-3.566845596658652e-09
4827,-3.5781038132398635e-09
1238,-3.579278429199917e-09
4640,-3.6033773742616404e-09
7825,-3.6278470227912862e-09
340,-3.6322163055046985e-09
1533,-3.638179535414565e-09
4470,-3.6416044624232313e-09
1336,-3.6569032246802635e-09
984,-3.6624918653416216e-09
6075,-3.6658994728711036e-09
3964,-3.671794202020351e-09
6015,-3.671905890456628e-09
1878,-3.6791056867713223e-09
3023,-3.68279984286346e-09
6477,-3.68430341790571e-09
1829,-3.707478546388643e-09
2513,-3.7091973936753675e-09
7819,-3.71047881309039e-09
4609,-3.7106614447779407e-09
5704,-3.72443620388907e-09
6400,-3.736273290755321e-09
7631,-3.748279686632827e-09
6650,-3.753660937633185e-09
2982,-3.75675579533663e-09
2508,-3.761915445821273e-09
3300,-3.786408520056739e-09
6120,-3.787861468929066e-09
7629,-3.7918681528026354e-09
6533,-3.79805986661097e-09
6626,-3.803066306318215e-09
3603,-3.804127568507454e-09
2782,-3.809039528235303e-09
6014,-3.809323523285002e-09
4898,-3.810472826160094e-09
1086,-3.823895089460905e-09
5582,-3.829797590171324e-09
7073,-3.853993790770005e-09
421,-3.8586009942775945e-09
6624,-3.859445429910124e-09
7531,-3.8729806028925395e-09
2967,-3.882214549832952e-09
1770,-3.882863364168543e-09
7805,-3.888724009470934e-09
240,-3.940150872239201e-09
2738,-3.940589854423138e-09
4162,-3.950684890341449e-09
5326,-3.9742928947816836e-09
722,-3.994988784228326e-09
2189,-4.014856669343203e-09
932,-4.02191369097693e-09
506,-4.02346866934522e-09
5703,-4.028667621724935e-09
5597,-4.046134538526758e-09
813,-4.049394375371662e-09
7276,-4.049587110088737e-09
4219,-4.057043145877515e-09
845,-4.0612464502487455e-09
7502,-4.071055492715914e-09
1230,-4.076661896945666e-09
4349,-4.080657922678199e-09
2393,-4.150261023738722e-09
2433,-4.155676247563633e-09
5906,-4.187963753565782e-09
4813,-4.215170879007246e-09
2242,-4.219809612848735e-09
4606,-4.226674787943807e-09
3779,-4.234951056503178e-09
2835,-4.245857221363281e-09
1911,-4.256577756933666e-09
1784,-4.261401898020267e-09
6405,-4.280606535900233e-09
6738,-4.3016497031089784e-09
5116,-4.301837996933955e-09
4685,-4.303203127165034e-09
3676,-4.3052750253735894e-09
2295,-4.3133692173569216e-09
3061,-4.3241445979447235e-09
3121,-4.352465943213701e-09
7985,-4.375492412833637e-09
1936,-4.377094242613566e-09
2549,-4.38285807646821e-09
6057,-4.38540448399749e-09
5089,-4.404988152018063e-09
6988,-4.422849197993628e-09
7120,-4.443242218599153e-09
6649,-4.444687284888005e-09
2919,-4.454369539885761e-09
7203,-4.454438817802497e-09
7815,-4.454658419916768e-09
1040,-4.463164726686841e-09
3745,-4.463289737799414e-09
5955,-4.467304970390273e-09
2495,-4.481136794964868e-09
5241,-4.493444061282048e-09
7982,-4.50805437424151e-09
2478,-4.523983410109622e-09
5123,-4.526922170455805e-09
7229,-4.5273822468772096e-09
2821,-4.538319275937397e-09
6275,-4.544001619422033e-09
6484,-4.548234233681114e-09
5676,-4.549870480374807e-09
3867,-4.550782417567234e-09
4539,-4.555948729390025e-09
2168,-4.560755773042047e-09
7615,-4.5840038431776975e-09
5722,-4.595901881288e-09
4892,-4.596898861564114e-09
612,-4.61986404687309e-09
3093,-4.6336294801108124e-09
5477,-4.648688101127618e-09
1746,-4.661732333488544e-09
818,-4.671490749785789e-09
5616,-4.688617716297472e-09
1283,-4.702615186147341e-09
7901,-4.70322381040944e-09
3938,-4.720518198553236e-09
7925,-4.7230230837413956e-09
6306,-4.726483204819942e-09
1075,-4.72732031298051e-09
1663,-4.729823199767225e-09
7809,-4.7465196217899575e-09
1836,-4.747127579918242e-09
1609,-4.747736426224947e-09
3986,-4.754757476632676e-09
2475,-4.772076511727619e-09
5474,-4.781982143597929e-09
1980,-4.790077001715076e-09
5587,-4.8329458213203225e-09
3707,-4.855619462063032e-09
1934,-4.866300917782951e-09
5808,-4.879817883107762e-09
3526,-4.886372195755939e-09
5133,-4.936369535357699e-09
725,-4.940630127237e-09
4601,-4.940921005669452e-09
1285,-4.978109036102296e-09
5930,-4.995236668747793e-09
5658,-4.99924635022353e-09
3070,-5.005234449129148e-09
2791,-5.008661485561561e-09
1415,-5.029384686494609e-09
3030,-5.030337923983552e-09
2335,-5.0498023540512804e-09
5288,-5.0972270848603785e-09
4747,-5.100113220635194e-09
1645,-5.105444511599444e-09
4967,-5.10957365307263e-09
1675,-5.1109343424116105e-09
1955,-5.116290058282402e-09
4449,-5.130477820358692e-09
4698,-5.141682191123209e-09
6889,-5.151731929942116e-09
6168,-5.154747073632393e-09
3725,-5.162801297586839e-09
2614,-5.1718322957583496e-09
4474,-5.1723687555238484e-09
5549,-5.174777495398075e-09
485,-5.178579121078997e-09
7773,-5.179061179916289e-09
2767,-5.1891682062432665e-09
6592,-5.202018815708698e-09
137,-5.21782794749015e-09
2805,-5.225707200295915e-09
5098,-5.236677536046841e-09
6605,-5.251702184239093e-09
7056,-5.256538981868175e-09
3456,-5.257360324861793e-09
1978,-5.261788560417813e-09
6010,-5.27177745901497e-09
3286,-5.272328129635184e-09
5093,-5.3109909803339406e-09
3399,-5.319505280709791e-09
3439,-5.325305085790433e-09
1918,-5.325820451318464e-09
7954,-5.336189268234648e-09
561,-5.345302866999191e-09
3076,-5.3470752270357025e-09
1612,-5.347974729730254e-09
3957,-5.348811615846216e-09
7552,-5.354667598211904e-09
6017,-5.360068167092891e-09
7273,-5.377245759774496e-09
2676,-5.3790512044571415e-09
1864,-5.381800560755323e-09
5763,-5.391521007425126e-09
579,-5.3993127746565506e-09
5329,-5.4054263287639515e-09
4736,-5.419905857451113e-09
7360,-5.42962874661157e-09
1248,-5.439379613392248e-09
5318,-5.444611650418096e-09
7313,-5.4499900148385905e-09
7738,-5.452684082030146e-09
6475,-5.4735929122529114e-09
2966,-5.478636211364574e-09
6478,-5.489068977126976e-09
7362,-5.5083764216590225e-09
1788,-5.541405334597016e-09
891,-5.551677340065453e-09
1739,-5.555595317119355e-09
5725,-5.5617577210398395e-09
5051,-5.571282546412704e-09
2405,-5.575465866769491e-09
3882,-5.579629647201045e-09
5091,-5.581386908204422e-09
5303,-5.5909286089672605e-09
4065,-5.5914202157225645e-09
7762,-5.596976437871604e-09
5513,-5.604190889130223e-09
3440,-5.617923459766416e-09
3759,-5.623367105300758e-09
4942,-5.626905164035634e-09
3415,-5.629497978887343e-09
4689,-5.634386512909373e-09
2292,-5.6357083444424916e-09
4208,-5.646343392839981e-09
1604,-5.678505887729557e-09
7401,-5.679737125063866e-09
4006,-5.695370397518218e-09
2709,-5.702492256176583e-09
3074,-5.723326701456699e-09
7570,-5.723469032048456e-09
5491,-5.72547009802804e-09
7879,-5.728790997139299e-09
4675,-5.751542575538338e-09
1954,-5.752362808308931e-09
6971,-5.759198895560758e-09
6656,-5.779086986734683e-09
4540,-5.801096047974852e-09
6494,-5.8052525009344436e-09
5030,-5.808407754770428e-09
3730,-5.822549109524289e-09
701,-5.849331019547321e-09
3660,-5.865291585749333e-09
2253,-5.868356467431113e-09
533,-5.88047877059239e-09
3674,-5.9011509012663055e-09
1408,-5.91414095474363e-09
3327,-5.931045654605782e-09
7771,-5.9316338507642286e-09
1758,-5.932225377591749e-09
7877,-5.9688227693754925e-09
3394,-5.975847816586111e-09
6486,-6.001241725783757e-09
2174,-6.002171648589183e-09
7679,-6.008973763016456e-09
7193,-6.034844179936272e-09
7727,-6.037730759800297e-09
6768,-6.040850042410284e-09
3776,-6.067347291249803e-09
7902,-6.071247726779916e-09
6325,-6.0770894982908885e-09
7980,-6.090501214472965e-09
5953,-6.106830818808362e-09
3863,-6.134521779443958e-09
3663,-6.148255016213966e-09
4408,-6.160273624544743e-09
2917,-6.175196354263335e-09
4681,-6.184391443397885e-09
1199,-6.193881407767776e-09
4364,-6.1947984519861166e-09
1558,-6.2266769518259935e-09
343,-6.234248672853937e-09
2502,-6.2498826114421036e-09
4028,-6.253236817244101e-09
833,-6.254126772020641e-09
235,-6.255770568230901e-09
3834,-6.257620199789926e-09
4346,-6.270249208739642e-09
7241,-6.277369957174983e-09
6211,-6.300631794076139e-09
7761,-6.302615762621144e-09
4809,-6.307456557053115e-09
1252,-6.341261515885321e-09
6245,-6.348158221314293e-09
2438,-6.362970150775027e-09
6337,-6.3804341809969856e-09
1949,-6.380460382260367e-09
7100,-6.3826586238491245e-09
2596,-6.383087836070445e-09
5794,-6.391743134770422e-09
7450,-6.396881024883783e-09
2224,-6.414783371155863e-09
5192,-6.420244780258599e-09
7519,-6.433841459596579e-09
2704,-6.448007461301586e-09
1452,-6.452339995632883e-09
6636,-6.473870772794044e-09
4936,-6.487779646846548e-09
2542,-6.499706328710886e-09
3752,-6.533455998436466e-09
5247,-6.551276854338539e-09
3848,-6.5589527142861925e-09
1259,-6.561741150434841e-09
7188,-6.562162369050384e-09
4615,-6.568911636861685e-09
6660,-6.57105925228052e-09
958,-6.571140076516713e-09
4133,-6.575504363226514e-09
637,-6.580289202418044e-09
5706,-6.592509205205488e-09
4825,-6.633284144186291e-09
6667,-6.653555484348317e-09
4380,-6.66656396752785e-09
4582,-6.669309104978538e-09
4234,-6.671017294124226e-09
3973,-6.690925813401805e-09
3853,-6.69425648247568e-09
7817,-6.7063807840384015e-09
3450,-6.763247295538122e-09
7137,-6.780988215382422e-09
1296,-6.782575390218426e-09
3755,-6.822905795900169e-09
4066,-6.827874265979972e-09
599,-6.835021659767904e-09
1809,-6.8359551352870085e-09
369,-6.8394794272563786e-09
838,-6.842754363134418e-09
2337,-6.853357659153403e-09
4369,-6.8914003392706036e-09
715,-6.894063542262074e-09
2124,-6.896854420901377e-09
6641,-6.899700588647306e-09
3153,-6.9315539974468265e-09
936,-6.933779328477385e-09
7329,-6.933889018512218e-09
2265,-6.9544641156937814e-09
4081,-6.961616394463022e-09
1623,-6.9621881593207036e-09
4025,-6.97779367619944e-09
7558,-6.999801405171979e-09
5641,-7.0328489698567864e-09
136,-7.07963510038212e-09
1794,-7.0935426421669945e-09
5873,-7.1025287873283105e-09
7158,-7.108531763222459e-09
2301,-7.151066849786503e-09
2237,-7.158438952714619e-09
318,-7.164147053373426e-09
6394,-7.1835053461200005e-09
5588,-7.1983292659894005e-09
2061,-7.227329401615634e-09
1874,-7.2359800373789085e-09
7768,-7.249090661076707e-09
2618,-7.257427547813222e-09
461,-7.260419820909192e-09
3066,-7.270779978085784e-09
5702,-7.274369773213607e-09
7354,-7.278660563159178e-09
4012,-7.2957706542808864e-09
4635,-7.300432702805892e-09
5592,-7.303049498474934e-09
6294,-7.307309202175816e-09
3001,-7.318260664135323e-09
7687,-7.323065931430506e-09
5025,-7.336065088736632e-09
1409,-7.347669583879224e-09
455,-7.413015978841031e-09
1838,-7.4273764916199525e-09
31,-7.446497196639257e-09
3923,-7.453782924216057e-09
5654,-7.465705165188297e-09
5712,-7.469304952323341e-09
3301,-7.488311304371109e-09
3305,-7.512459987424336e-09
7006,-7.522883649357937e-09
5427,-7.530511769715531e-09
7772,-7.546638425282026e-09
1903,-7.555588599217344e-09
3284,-7.558287551390208e-09
3053,-7.56294671333535e-09
3943,-7.563423665146729e-09
5156,-7.576470117953704e-09
5407,-7.58003704248722e-09
2249,-7.581106409304539e-09
3907,-7.603905061159821e-09
5562,-7.604004981232038e-09
7135,-7.608805141501307e-09
7696,-7.617737551868231e-09
2246,-7.626789200188e-09
812,-7.631977716471283e-09
6426,-7.64057883628766e-09
3071,-7.649628486205984e-09
3665,-7.70144392703287e-09
5260,-7.723260475600568e-09
294,-7.724711981182963e-09
5822,-7.728846895815877e-09
4108,-7.734919371671367e-09
501,-7.768512944039685e-09
1905,-7.780747601771054e-09
5919,-7.812254843031496e-09
1047,-7.812522628825036e-09
2836,-7.813278024570991e-09
586,-7.819862091196228e-09
5136,-7.821451486478281e-09
4777,-7.880507357782562e-09
3993,-7.889631392643537e-09
868,-7.915001987157666e-09
2071,-7.92088616918818e-09
2075,-7.960580639121417e-09
7176,-8.042345012171381e-09
7882,-8.048711919173002e-09
6231,-8.056279199308847e-09
2810,-8.057207345757433e-09
2184,-8.071816104404661e-09
5674,-8.083109293011148e-09
4210,-8.094136916270145e-09
2078,-8.09530886769494e-09
220,-8.114158678296235e-09
4091,-8.141103791103887e-09
7376,-8.148730579193852e-09
7112,-8.183727029376087e-09
131,-8.193830947078595e-09
750,-8.204842139036828e-09
7770,-8.216273883476788e-09
5084,-8.22930212862616e-09
5341,-8.233808745927718e-09
3978,-8.235109927312578e-09
6001,-8.245922167304798e-09
1080,-8.260492734279978e-09
7994,-8.277853957849857e-09
5937,-8.299982034998266e-09
5788,-8.309706700515562e-09
450,-8.3212952084466e-09
2925,-8.322819766704015e-09
7734,-8.331703327257856e-09
1981,-8.349731128731719e-09
2692,-8.350181879279717e-09
660,-8.360512726568459e-09
3690,-8.382893046388062e-09
5015,-8.391007888519653e-09
3136,-8.393786110616475e-09
1421,-8.428580500208227e-09
3378,-8.431403575315244e-09
1202,-8.456155775604657e-09
1280,-8.511543470035576e-09
1365,-8.5147320305623e-09
680,-8.539248419481282e-09
6812,-8.568560083688226e-09
7888,-8.569664089463913e-09
79,-8.581322319400897e-09
422,-8.587459632281025e-09
2347,-8.591863664975108e-09
2159,-8.612755397763294e-09
5701,-8.62506066567903e-09
1689,-8.628572079061314e-09
456,-8.630757442062986e-09
1446,-8.654008620823106e-09
4053,-8.660954176065161e-09
1681,-8.667583983879013e-09
6180,-8.687162100784462e-09
4823,-8.695853814799648e-09
6152,-8.696196207580442e-09
1535,-8.708896270803734e-09
473,-8.71065486407474e-09
1427,-8.714651666963391e-09
921,-8.716630972571693e-09
3174,-8.722873090505345e-09
5714,-8.72655947503631e-09
429,-8.740681067820333e-09
3312,-8.746529278624848e-09
176,-8.74729222388737e-09
6549,-8.751206870272199e-09
2291,-8.765792092191305e-09
6644,-8.784450056253945e-09
1964,-8.814583729588321e-09
3672,-8.828018316364705e-09
2284,-8.84545148238658e-09
6943,-8.846448018573483e-09
1462,-8.8467508874146e-09
3637,-8.863935807568168e-09
2250,-8.871409384880735e-09
2976,-8.915092220007637e-09
4237,-8.916180682660979e-09
1163,-8.916433369421384e-09
253,-8.922285577028788e-09
5625,-8.967548481564336e-09
584,-9.003704004584279e-09
5199,-9.022682156967221e-09
3320,-9.024780034394553e-09
5231,-9.031368541911888e-09
3163,-9.046341009621983e-09
6131,-9.059671235434053e-09
7936,-9.072008033683687e-09
2139,-9.078489071612239e-09
1747,-9.09361919099183e-09
3958,-9.132941958256424e-09
5757,-9.141820189739747e-09
2489,-9.15090447861644e-09
1952,-9.165999959037663e-09
4785,-9.170616266374054e-09
3438,-9.182406390806364e-09
1039,-9.213212415204453e-09
5853,-9.221002184034433e-09
7917,-9.238134701661238e-09
6433,-9.25113274874434e-09
5296,-9.25862320144688e-09
7098,-9.275705092903763e-09
4252,-9.284643720519625e-09
3577,-9.295546554710654e-09
2239,-9.361492914194969e-09
410,-9.376942333716443e-09
4719,-9.390786370744308e-09
5405,-9.399413247734856e-09
4894,-9.403661849205491e-09
5423,-9.428736902350465e-09
1081,-9.448483773155658e-09
3243,-9.46503320164993e-09
2841,-9.50415968148377e-09
6778,-9.512693743829459e-09
6163,-9.520641164328936e-09
2163,-9.523897670504766e-09
2339,-9.539000700442557e-09
7655,-9.562754144099017e-09
4534,-9.58605594902906e-09
4766,-9.591961891430856e-09
6108,-9.623961183535812e-09
4148,-9.63907087481175e-09
5862,-9.645940934888131e-09
2896,-9.646544008035107e-09
377,-9.659394173411329e-09
4706,-9.674959056127364e-09
2941,-9.679777868143447e-09
3316,-9.693585489856105e-09
2778,-9.705757975098095e-09
2148,-9.710297455001182e-09
3186,-9.717723958857505e-09
4019,-9.730500849514101e-09
4913,-9.736333961285482e-09
7969,-9.773061915296921e-09
6792,-9.78657199723898e-09
5112,-9.787684440709654e-09
6962,-9.791535582337474e-09
127,-9.803552192266807e-09
1031,-9.820793511750026e-09
5742,-9.836158998410838e-09
3565,-9.83949766109049e-09
334,-9.860346317225321e-09
5643,-9.88670834090044e-09
7920,-9.902665798477983e-09
2645,-9.905094078277443e-09
2830,-9.9364982908412e-09
6699,-9.95104354473142e-09
1760,-9.961388602874877e-09
4651,-9.964426617159461e-09
2498,-9.981798498870376e-09
1119,-1.000619009872139e-08
2497,-1.0009709505709452e-08
2550,-1.001851135384868e-08
4513,-1.002662930460474e-08
4573,-1.0032479291766094e-08
2562,-1.0039300057940181e-08
4841,-1.0042992659720085e-08
3359,-1.0043589959707333e-08
3521,-1.0060457356075858e-08
7613,-1.0066984579282234e-08
5418,-1.0069356459752044e-08
1185,-1.0077594758683972e-08
3554,-1.0090261959305735e-08
436,-1.0101312675203644e-08
6334,-1.0138537120951696e-08
5189,-1.0146602669180993e-08
4702,-1.0146774975794415e-08
1106,-1.0159747265703345e-08
1837,-1.0170746023163701e-08
2829,-1.0215012835601556e-08
211,-1.0215421397674618e-08
7002,-1.0227537483586957e-08
4924,-1.0236869574242746e-08
2485,-1.0242630743562131e-08
4581,-1.0257271032543258e-08
4903,-1.0257670712832123e-08
4088,-1.0305046149738928e-08
2283,-1.038634245276171e-08
4858,-1.0392995797303684e-08
7356,-1.040624519887956e-08
937,-1.0422776863805439e-08
6985,-1.0435204256253883e-08
6055,-1.044196462629543e-08
5584,-1.0463807598171115e-08
2106,-1.0466268740572104e-08
3385,-1.0471431721725821e-08
7601,-1.0477664513786067e-08
27,-1.047887199234765e-08
3354,-1.048888131904846e-08
2036,-1.052572606852209e-08
1228,-1.0552757334636453e-08
7087,-1.056064569127102e-08
3396,-1.0579353393325164e-08
2988,-1.0583250720230808e-08
6332,-1.0584505272248634e-08
987,-1.0598395050465115e-08
5056,-1.0639406244905558e-08
2686,-1.0668552707926438e-08
7586,-1.0683726348048594e-08
6508,-1.0701072472585338e-08
3767,-1.0728294697059937e-08
5481,-1.0754491075459782e-08
7736,-1.0766013858187762e-08
2431,-1.0768107738812205e-08
3069,-1.077896305545778e-08
7657,-1.0783555826066049e-08
2946,-1.0827258201118184e-08
4646,-1.0890133239627175e-08
1684,-1.0894579904885404e-08
2948,-1.091837775746285e-08
1961,-1.0935668370848362e-08
4647,-1.0998782329352252e-08
5806,-1.1000739874589271e-08
1848,-1.101765745303851e-08
7700,-1.1020572010522756e-08
2575,-1.1038844505151246e-08
384,-1.104256330819453e-08
2867,-1.1081432216286657e-08
5398,-1.1086720430597552e-08
4657,-1.10954916365813e-08
5305,-1.1165965485560037e-08
2050,-1.1200347316275838e-08
1947,-1.1208315608968178e-08
4165,-1.1209488004482182e-08
2244,-1.1217922146755654e-08
229,-1.1224169149670615e-08
3464,-1.1225614215959467e-08
618,-1.1233578067759709e-08
6341,-1.1239539965401946e-08
7296,-1.1245519182523367e-08
4944,-1.1295826940482812e-08
7986,-1.13081526365022e-08
5569,-1.131312954427699e-08
2906,-1.1318056714060276e-08
5731,-1.1325060000899612e-08
6662,-1.1329039040219868e-08
5773,-1.1335602678741452e-08
7820,-1.1360375307134518e-08
3422,-1.1388048726246325e-08
1910,-1.1400394406280157e-08
6084,-1.1402389699100013e-08
4739,-1.142070082948976e-08
316,-1.1424160284434492e-08
3955,-1.145198114116397e-08
6573,-1.1509215358529445e-08
4111,-1.1516621434282115e-08
3761,-1.1544903255611416e-08
7834,-1.1549725620341178e-08
4842,-1.1561547275107387e-08
4639,-1.1579428527142e-08
1762,-1.1589976978143568e-08
5698,-1.1624013751543316e-08
6957,-1.1637890207083501e-08
1497,-1.1643091823998475e-08
6063,-1.1664873067473991e-08
3429,-1.1670276300890237e-08
7410,-1.1673184641125545e-08
6370,-1.1676094757717692e-08
1925,-1.1685701295505169e-08
1839,-1.170047880805214e-08
1826,-1.170610675060857e-08
3586,-1.1728563453772267e-08
4678,-1.1731473570364415e-08
3002,-1.1764815788239957e-08
4773,-1.1765895813198313e-08
3753,-1.1787262721441039e-08
218,-1.179546238461171e-08
3017,-1.1800598276323626e-08
5217,-1.1806676525338844e-08
6476,-1.182389608445078e-08
2343,-1.1827682833143172e-08
542,-1.1830745716423507e-08
4715,-1.1845027181323076e-08
6921,-1.1861299942239611e-08
4213,-1.1884777162407545e-08
2972,-1.1886235995461902e-08
1802,-1.1908065644661292e-08
4272,-1.1916518882770788e-08
4215,-1.193099441465506e-08
7382,-1.1937416832807912e-08
3293,-1.197933485741487e-08
394,-1.198140786584645e-08
2413,-1.1997218773984741e-08
5668,-1.2001861282584514e-08
6574,-1.2014263361947997e-08
1701,-1.2018477324460264e-08
5271,-1.2022645101694707e-08
3458,-1.204967459145223e-08
804,-1.2085480616264022e-08
5672,-1.2095540569134755e-08
7060,-1.2097515877940168e-08
6814,-1.210787736738439e-08
7463,-1.2131391002867531e-08
3890,-1.214226319490308e-08
1125,-1.2148966721525767e-08
7827,-1.218180623041576e-08
1114,-1.2183747344352014e-08
3866,-1.2187396869478562e-08
3649,-1.2199440124760486e-08
4079,-1.2217916456336297e-08
2008,-1.2222475920253828e-08
5367,-1.2243635438835554e-08
775,-1.2266805349270271e-08
1574,-1.2276722305415433e-08
951,-1.2292894258081333e-08
4599,-1.2310717778518665e-08
124,-1.2338636778963519e-08
2504,-1.2340740873639788e-08
5874,-1.23675127916556e-08
7850,-1.2420714234906427e-08
6206,-1.2431920826116993e-08
24,-1.2443203356582444e-08
4457,-1.2455443343384331e-08
2643,-1.2481548683496158e-08
4376,-1.2487160638841033e-08
1478,-1.2492727741175713e-08
5361,-1.2495250167887662e-08
7380,-1.2520472658650306e-08
996,-1.2569800311723611e-08
5735,-1.2616842681723028e-08
12,-1.2620259060014405e-08
6051,-1.262895032994038e-08
7416,-1.2634308266257221e-08
4966,-1.2640628987981017e-08
3426,-1.2653017300578995e-08
4117,-1.265406668338187e-08
1073,-1.2689507222773955e-08
2389,-1.271410576819676e-08
5100,-1.2723961884120172e-08
2193,-1.2794494352874608e-08
284,-1.2843291319342143e-08
4222,-1.2843652363869751e-08
4819,-1.2843851759924974e-08
6125,-1.2902515944546167e-08
2158,-1.295158291725329e-08
184,-1.2965817752785824e-08
6013,-1.2992863229754903e-08
6583,-1.3015524213955132e-08
5252,-1.30219293126288e-08
5063,-1.3023473854900658e-08
5486,-1.304008456770589e-08
1595,-1.3102888996030515e-08
2101,-1.3109653806964161e-08
3936,-1.3124958897492434e-08
2753,-1.3144689336996862e-08
2699,-1.3151020272772485e-08
1379,-1.316350228819374e-08
4538,-1.3164075607363657e-08
65,-1.3170194268496971e-08
4772,-1.3189172420879913e-08
3478,-1.3195986525715853e-08
511,-1.3197620774008101e-08
4642,-1.3201717052879758e-08
4791,-1.3244220831154507e-08
5550,-1.3268459664317334e-08
2673,-1.3278912192049575e-08
3240,-1.3293788736490342e-08
2026,-1.3313803837178284e-08
1842,-1.3394901632324263e-08
6374,-1.3422087441483654e-08
1889,-1.3433357981540439e-08
2613,-1.344440292427862e-08
2232,-1.3517519992234384e-08
2048,-1.3525768949307349e-08
368,-1.3544799060127843e-08
6570,-1.355846190875809e-08
7871,-1.3613156379932434e-08
5863,-1.3617368121998652e-08
4696,-1.364429813577317e-08
4765,-1.3648695507129105e-08
5024,-1.3651655361712756e-08
2042,-1.3658614683720316e-08
2274,-1.3662460052188408e-08
6318,-1.36688482754721e-08
4906,-1.3683703503630795e-08
155,-1.3694020584154032e-08
6368,-1.37037980962873e-08
5470,-1.3704078760667926e-08
5832,-1.3826404021699545e-08
5747,-1.3897819339803164e-08
4552,-1.3904030371492127e-08
2630,-1.3916752195086701e-08
5251,-1.3922035080327078e-08
4485,-1.3925713027163056e-08
5571,-1.3999387427077181e-08
7945,-1.4007450754860429e-08
2885,-1.401337179629536e-08
3537,-1.4039755580341762e-08
6103,-1.4063532116637134e-08
897,-1.4071106502200337e-08
3322,-1.4084150734561263e-08
732,-1.4135785875168949e-08
3987,-1.4145889348782248e-08
4655,-1.4163770156727651e-08
2589,-1.4171664286521946e-08
4089,-1.4222112820760913e-08
5939,-1.4250838287210854e-08
7593,-1.4263836778383165e-08
5323,-1.4313638718732591e-08
6369,-1.431935858775546e-08
1581,-1.4336395182112938e-08
3860,-1.4352419253071957e-08
1218,-1.4365005629457528e-08
1129,-1.4366937861609586e-08
981,-1.4375227230800647e-08
1437,-1.4398921166502987e-08
6166,-1.4419630822715135e-08
7549,-1.4422869121233362e-08
7375,-1.444775366010731e-08
5177,-1.4451510654822641e-08
6417,-1.4459775155017951e-08
5511,-1.4468537479217503e-08
7286,-1.4492969935275823e-08
4576,-1.4496361444571448e-08
7774,-1.450447095763252e-08
7371,-1.4540809889496131e-08
2724,-1.4553632965430552e-08
7274,-1.4560294303578303e-08
7469,-1.4583355856245817e-08
4431,-1.4586874375055459e-08
7281,-1.4589613961391024e-08
7172,-1.4592983710315366e-08
6213,-1.4598874109594817e-08
1937,-1.4625868516304763e-08
6107,-1.4677366433346606e-08
1023,-1.4760233923993837e-08
459,-1.4765240585745687e-08
6651,-1.4859659280830328e-08
3948,-1.4859785402165926e-08
4541,-1.4877878484753637e-08
2859,-1.488340650723785e-08
2586,-1.4901232692210442e-08
497,-1.4927754588001108e-08
5067,-1.4930817027192234e-08
1561,-1.493998214030512e-08
4311,-1.494859969142226e-08
3063,-1.495328172396171e-08
5528,-1.4968304373752517e-08
3393,-1.4976722972903644e-08
4153,-1.4976979656466938e-08
7159,-1.4984481211399725e-08
5859,-1.5036077272156945e-08
4931,-1.505110613919669e-08
3787,-1.506763780412257e-08
6183,-1.5070846348663736e-08
7909,-1.5086814464382314e-08
2779,-1.5100977357462853e-08
4164,-1.5108641449046445e-08
2156,-1.5144426601665373e-08
5198,-1.51792018954211e-08
583,-1.5239576711678637e-08
1810,-1.5261703012470207e-08
2221,-1.5288091681497917e-08
7420,-1.5357702665141915e-08
5181,-1.5399012731620587e-08
5810,-1.5410517306690963e-08
1180,-1.5434060252061954e-08
1527,-1.5450876134082137e-08
3517,-1.548712091903326e-08
2641,-1.550686956619529e-08
6701,-1.5525749574862857e-08
5010,-1.5541455233858414e-08
7737,-1.5551115950529493e-08
2217,-1.556741402453099e-08
4636,-1.5570238431905636e-08
2786,-1.559270401685353e-08
6597,-1.5609121994941688e-08
2110,-1.566198992719592e-08
6076,-1.5664719299479657e-08
7314,-1.5685360565953488e-08
6515,-1.5701838940174184e-08
4837,-1.5790688756567306e-08
3544,-1.5836628008969456e-08
6855,-1.5852238632874105e-08
4227,-1.5901798988693372e-08
2104,-1.5922217322383858e-08
20,-1.594101828317207e-08
4873,-1.5947906106816845e-08
3137,-1.597149967835776e-08
807,-1.597277066167635e-08
7789,-1.598396437429983e-08
1152,-1.5995405000523988e-08
1334,-1.6005602176960565e-08
969,-1.602051646898417e-08
2846,-1.6089442667066578e-08
3366,-1.609017274972757e-08
7677,-1.616967004736125e-08
2700,-1.617136557996446e-08
6353,-1.6177503781023006e-08
6249,-1.6226699983690196e-08
1430,-1.627904921974732e-08
7724,-1.6307998507159027e-08
6808,-1.6359976484636718e-08
1858,-1.6407958547404178e-08
4168,-1.6420101722758318e-08
5552,-1.6497501142964666e-08
7023,-1.651363490395852e-08
4829,-1.6542353264981102e-08
7293,-1.6552744064313174e-08
7887,-1.6556684911961383e-08
98,-1.6567410554557682e-08
2046,-1.657843373692458e-08
4336,-1.6588845852538725e-08
2380,-1.6631884314222134e-08
2655,-1.6641447331267045e-08
449,-1.6641842570663812e-08
7953,-1.6681642733828994e-08
4915,-1.6696620086520397e-08
305,-1.6721154239007774e-08
3260,-1.6741732444813806e-08
2842,-1.6761870114123667e-08
6735,-1.6768768595909478e-08
4683,-1.680611116938735e-08
1941,-1.6849376116567782e-08
5651,-1.6875818964479095e-08
7802,-1.6878093589411947e-08
5151,-1.6905415733958762e-08
5286,-1.6926816392981436e-08
1084,-1.695147933133967e-08
217,-1.6953944914632757e-08
1267,-1.6956905213305618e-08
285,-1.6978205508166866e-08
3319,-1.698702067898239e-08
5887,-1.6987454110051203e-08
424,-1.702018970206609e-08
2574,-1.704536334301565e-08
5,-1.706932462042232e-08
6399,-1.7101857707757517e-08
1553,-1.7104918370591804e-08
6102,-1.713354080834506e-08
4038,-1.7156032150467126e-08
2664,-1.720371045621505e-08
7957,-1.721658993147912e-08
4285,-1.7244809136229833e-08
7069,-1.730642829045337e-08
7459,-1.733859367192281e-08
1008,-1.745617161930113e-08
4826,-1.752992773162987e-08
3747,-1.7540536134674767e-08
1140,-1.7575155553117838e-08
3653,-1.7651258232831424e-08
6239,-1.7666710760977367e-08
4699,-1.767351243131543e-08
7057,-1.7701670351755183e-08
7231,-1.7733182922086144e-08
2544,-1.774252744723981e-08
572,-1.7758115866683966e-08
706,-1.776438196543495e-08
6852,-1.7766081938930256e-08
6765,-1.777362612642719e-08
4519,-1.7785108497037072e-08
2345,-1.779124492173878e-08
6058,-1.7831990106742523e-08
3488,-1.7840732446927632e-08
4175,-1.786555792193667e-08
4170,-1.7881561120702827e-08
4918,-1.788184533779713e-08
5820,-1.7908227789575903e-08
615,-1.791102643977638e-08
5884,-1.7911244043489205e-08
3311,-1.7916044647847684e-08
7949,-1.7941008678690196e-08
1483,-1.798006366016125e-08
5974,-1.8009276736563606e-08
5219,-1.8011149904850754e-08
6320,-1.8047372485341384e-08
6836,-1.8082612740499826e-08
5265,-1.8106781851656706e-08
2226,-1.811573913101938e-08
7113,-1.812214378560384e-08
2604,-1.814820649315152e-08
5831,-1.817154426930756e-08
613,-1.820293782373028e-08
1999,-1.8208767826877192e-08
3141,-1.8231529175238848e-08
351,-1.823578621440447e-08
7606,-1.8246496757967634e-08
7537,-1.825332063276619e-08
7540,-1.8277495072993588e-08
3732,-1.8285462921596718e-08
5760,-1.831800489071611e-08
195,-1.833503393555702e-08
5284,-1.8356089093174432e-08
1325,-1.8385709843471432e-08
3308,-1.839795071845174e-08
4466,-1.8430311499173513e-08
6725,-1.843354446862122e-08
1210,-1.8500017517908418e-08
6367,-1.8537280155328517e-08
6112,-1.859046516727858e-08
1022,-1.863551268854735e-08
7612,-1.8638560916883762e-08
5740,-1.865026622027699e-08
1635,-1.866637688863193e-08
46,-1.8671370227707484e-08
3654,-1.869083909866731e-08
3383,-1.8693517844781127e-08
1335,-1.8733034679030425e-08
4575,-1.8773501864188802e-08
3842,-1.8790810685231918e-08
1126,-1.879423550121828e-08
1268,-1.8818069769110934e-08
2417,-1.8825392800181362e-08
5215,-1.884571965149462e-08
1211,-1.8855590866451166e-08
2151,-1.8867316597948047e-08
1867,-1.8874784402100886e-08
5689,-1.8877095442348946e-08
6772,-1.891126100161955e-08
3497,-1.8929611655948975e-08
7243,-1.8952414748696356e-08
228,-1.8984543714850588e-08
3854,-1.9040679255510895e-08
6278,-1.9078148838502784e-08
371,-1.908222113655711e-08
3561,-1.9171686460595083e-08
1453,-1.920705727798122e-08
3374,-1.9213820756647237e-08
1946,-1.9263461048524277e-08
5852,-1.9277338836332092e-08
4928,-1.9302971665524638e-08
7872,-1.9305978149475322e-08
4753,-1.9324309263879513e-08
6775,-1.9352524027738127e-08
7648,-1.935308269196412e-08
7669,-1.937887450509379e-08
2579,-1.938245652866044e-08
7345,-1.9393841199644157e-08
4135,-1.939436966580388e-08
5204,-1.9421223740323512e-08
5827,-1.945117666934948e-08
7270,-1.9468392231658527e-08
2305,-1.9473401557945635e-08
1155,-1.9479596602423044e-08
1806,-1.957290418630464e-08
4325,-1.9649181837166907e-08
1132,-1.968211016389887e-08
2152,-1.9691238861696547e-08
2373,-1.970302321296913e-08
7094,-1.9707740328556156e-08
6111,-1.977409880282721e-08
2338,-1.9776388526793198e-08
810,-1.9784069493766765e-08
4626,-1.979572328281165e-08
3171,-1.9863808375930603e-08
3875,-1.98682625907054e-08
7509,-1.9907734127855292e-08
3380,-1.9938111606165876e-08
7178,-1.9944031315333177e-08
7659,-1.9987100863261276e-08
3645,-1.9991150956855108e-08
4501,-2.0034245373778958e-08
6184,-2.003483601242806e-08
4181,-2.003841181874577e-08
3693,-2.0043916748591073e-08
4884,-2.004806809452475e-08
1323,-2.0092397079451985e-08
5315,-2.0157998825709456e-08
6639,-2.01590513171368e-08
1560,-2.0164612202222543e-08
7575,-2.017860101233282e-08
420,-2.018322309282894e-08
6049,-2.018674472026305e-08
6089,-2.0190461746949495e-08
3983,-2.0205738415768337e-08
7787,-2.024049905458014e-08
2428,-2.0265297884236588e-08
4893,-2.0271044398612048e-08
7275,-2.028869516834675e-08
6666,-2.0367225239681375e-08
2900,-2.0374714360116286e-08
961,-2.0402346478931577e-08
5240,-2.040408109138525e-08
1369,-2.0442015191690643e-08
6241,-2.0455570570732107e-08
5623,-2.0481305540442918e-08
3835,-2.0514663745530015e-08
4567,-2.0524817401224027e-08
3658,-2.0565635416858186e-08
6074,-2.062509807387869e-08
3417,-2.0657538790658236e-08
6837,-2.07063415302855e-08
1613,-2.0709530978990642e-08
3968,-2.0716191428959974e-08
5377,-2.0808383460746427e-08
1777,-2.082579175777255e-08
4452,-2.0834810321446184e-08
2531,-2.0964617597485358e-08
3148,-2.1007251049809383e-08
973,-2.100870943877453e-08
6919,-2.1034257891017205e-08
824,-2.1039649134024785e-08
6437,-2.1097487312715657e-08
1716,-2.1120034610078164e-08
7124,-2.115419750481351e-08
58,-2.1157474883182203e-08
5607,-2.1158797380849137e-08
4276,-2.1163179653171937e-08
514,-2.1211235434748232e-08
140,-2.122540276872087e-08
5244,-2.1241477021760602e-08
4058,-2.1256721716156335e-08
1551,-2.1296200358733586e-08
310,-2.131854692777324e-08
784,-2.1332418498332117e-08
7444,-2.1332835942189377e-08
5270,-2.1342668077295457e-08
6755,-2.1360128776848342e-08
2671,-2.1414934714414358e-08
4568,-2.142461674736751e-08
1771,-2.1425757168458404e-08
4897,-2.144934185821512e-08
6942,-2.1575273123630723e-08
1597,-2.1575627506820183e-08
187,-2.1596357591135984e-08
2858,-2.1619553258744872e-08
4535,-2.1666726190971985e-08
5639,-2.1695894858453357e-08
5663,-2.1764828161963123e-08
4145,-2.178245761541575e-08
425,-2.1864010157912617e-08
3711,-2.187155168087429e-08
4483,-2.197065196440917e-08
7302,-2.2026629409310772e-08
3952,-2.2070598681978026e-08
7641,-2.2101342089797527e-08
7632,-2.21076978945689e-08
2992,-2.2152645939854665e-08
1847,-2.2191983362063183e-08
3531,-2.2206584127104634e-08
6991,-2.223532824530139e-08
7808,-2.227746787042406e-08
757,-2.2293924928362685e-08
197,-2.2347127703881142e-08
4529,-2.240812246867563e-08
7777,-2.241087049270618e-08
6915,-2.2412316447173453e-08
1359,-2.241732666163898e-08
5371,-2.2421732026600694e-08
2615,-2.2422492307327957e-08
1831,-2.252235642430378e-08
5026,-2.2551693845684895e-08
4996,-2.256474118667029e-08
7164,-2.2575237679234306e-08
4864,-2.258488329687225e-08
4750,-2.2585275871733757e-08
374,-2.2671415855768373e-08
4950,-2.270554944061587e-08
1025,-2.2708762870138344e-08
5104,-2.271766241790374e-08
5338,-2.2728563919827138e-08
880,-2.2847944869397452e-08
5624,-2.285416655922745e-08
606,-2.2856972314855284e-08
1164,-2.285748479380345e-08
4740,-2.288695366559068e-08
6709,-2.2917030939595406e-08
1410,-2.2937197918793117e-08
6680,-2.294752654563581e-08
1270,-2.2947866717970555e-08
721,-2.2969961044339016e-08
6346,-2.3010273686452365e-08
7454,-2.30272902967954e-08
1194,-2.3084520961447197e-08
6646,-2.3086681899542327e-08
6940,-2.3117823211293853e-08
7090,-2.3149307359915383e-08
2815,-2.3151941697108214e-08
815,-2.3153236661244136e-08
2062,-2.315328551105722e-08
2331,-2.3192284537287833e-08
5450,-2.3224123957277243e-08
6360,-2.3235339874361216e-08
3060,-2.3261819137587736e-08
4687,-2.326693326892837e-08
7104,-2.3320147590766283e-08
7036,-2.3405526405895216e-08
7385,-2.3410303029436363e-08
7931,-2.3411252492167023e-08
3111,-2.3458494702310873e-08
5042,-2.346249861062688e-08
695,-2.346412752984861e-08
7406,-2.3481709909844994e-08
5011,-2.3483073263719234e-08
1575,-2.349635064291533e-08
5710,-2.3512948921222687e-08
5317,-2.357662420848783e-08
7574,-2.3579927344030693e-08
5619,-2.3593894837858898e-08
2689,-2.3636998136566945e-08
7288,-2.366571383305427e-08
2313,-2.3675491789276748e-08
5335,-2.369648832711846e-08
797,-2.3709917584824325e-08
876,-2.3714834540555785e-08
1594,-2.3715610808494603e-08
3332,-2.372639862358028e-08
6,-2.3778452984402065e-08
7858,-2.3822414263463543e-08
6936,-2.383800001837244e-08
5901,-2.3838736318282372e-08
3774,-2.3840749818759832e-08
5878,-2.3846724594989155e-08
5144,-2.3876776999998128e-08
3830,-2.388793518548482e-08
2034,-2.3916602032159062e-08
5631,-2.3975154306299373e-08
1821,-2.3980010865898294e-08
5402,-2.3984803476650995e-08
7366,-2.3986193475877826e-08
280,-2.402234411391646e-08
943,-2.4090889283456818e-08
5506,-2.4134326537250672e-08
786,-2.4174236834539897e-08
3668,-2.4188188341156547e-08
1490,-2.4211087357173255e-08
7049,-2.42363054070438e-08
1034,-2.4390958586195666e-08
2198,-2.4390963915266184e-08
7008,-2.440317725671548e-08
1147,-2.451422176363849e-08
1384,-2.452452463330701e-08
3428,-2.454282821418019e-08
2742,-2.4604029924546467e-08
7709,-2.4632622164233453e-08
2366,-2.464228554543979e-08
1056,-2.4665887110586482e-08
6897,-2.4714903013034473e-08
2044,-2.4746875659786838e-08
4129,-2.476143734497782e-08
5346,-2.478397664873455e-08
783,-2.490396067145184e-08
4847,-2.493364625877348e-08
6803,-2.4964906586433244e-08
441,-2.4996710479285866e-08
3585,-2.501147466915654e-08
174,-2.503002427545198e-08
2876,-2.5049766705365073e-08
7568,-2.5080208132521875e-08
1434,-2.5082026233747e-08
6571,-2.512631347428851e-08
1340,-2.514807917464168e-08
6050,-2.5153370053487834e-08
1945,-2.516295083410114e-08
4412,-2.5224534461187886e-08
3298,-2.5262306913020893e-08
4169,-2.5285828542109812e-08
3395,-2.5307707041122285e-08
1508,-2.545761912386979e-08
2212,-2.5487611132746224e-08
4300,-2.5496015076953427e-08
165,-2.5553239524356286e-08
762,-2.5578605011844502e-08
6243,-2.5598549946437288e-08
2651,-2.5611582188389548e-08
540,-2.5694221861272126e-08
4805,-2.5739072206931723e-08
7014,-2.5869455910765282e-08
2556,-2.5881153220552733e-08
7239,-2.596651782482695e-08
7114,-2.602054571809731e-08
2660,-2.6026137689427742e-08
7950,-2.6088891935671654e-08
1700,-2.6120584806221814e-08
2185,-2.612216487563046e-08
869,-2.6122572549525103e-08
1496,-2.613688820929383e-08
2899,-2.6154677534862003e-08
4591,-2.6157906951596033e-08
7042,-2.616582595038608e-08
273,-2.6166276256844867e-08
4926,-2.619023042882418e-08
3655,-2.6196128821709408e-08
6132,-2.6202988223644752e-08
7168,-2.6309910694521932e-08
5360,-2.6315671419752107e-08
2780,-2.6341750114511342e-08
4997,-2.6360309490769396e-08
7413,-2.637114082659764e-08
5076,-2.6390524432429174e-08
2430,-2.6401240305062856e-08
1363,-2.6444809897441246e-08
1422,-2.6511048467625642e-08
823,-2.651475305981421e-08
4674,-2.6527649410468257e-08
6757,-2.6621520987646363e-08
3132,-2.662528864050273e-08
5979,-2.6708705469502547e-08
6538,-2.6724891633023162e-08
4836,-2.6773872008334365e-08
7205,-2.6800788255343377e-08
2796,-2.6849632739356366e-08
5526,-2.6859260593425915e-08
1127,-2.686682698538334e-08
3091,-2.6869323654921118e-08
1113,-2.687231326348183e-08
1245,-2.6910463191143208e-08
4126,-2.703624701894114e-08
3078,-2.712933167003939e-08
1702,-2.7154082538061175e-08
4583,-2.716810243441614e-08
6981,-2.7205048880318827e-08
6122,-2.7225787846418825e-08
7585,-2.726173242706409e-08
6454,-2.7268327151830363e-08
6003,-2.7277937242331518e-08
6830,-2.7356561460578632e-08
1135,-2.7375545386121303e-08
3318,-2.7404174929301917e-08
3615,-2.741106897019563e-08
3933,-2.748744698521932e-08
4746,-2.7507487843081435e-08
4302,-2.7588669126998866e-08
1835,-2.765405593407877e-08
952,-2.7668134450209436e-08
5985,-2.768811757647427e-08
3766,-2.771435436699221e-08
2824,-2.7733501717364106e-08
626,-2.7747452335802336e-08
1512,-2.7781153377759438e-08
787,-2.778629948352318e-08
2243,-2.7791610790472987e-08
222,-2.779995256219081e-08
7516,-2.7830181714705304e-08
1406,-2.7858525264434775e-08
357,-2.7861592144518e-08
4080,-2.788990727253804e-08
1414,-2.7915281641810452e-08
6362,-2.792251940775259e-08
5602,-2.793637410292149e-08
7538,-2.7943919178596843e-08
3849,-2.7946229330666483e-08
4902,-2.7952157033439562e-08
4094,-2.7992751228111956e-08
2602,-2.7992873796733875e-08
2701,-2.801928200568682e-08
6514,-2.8021920783771748e-08
6167,-2.8032140164668817e-08
292,-2.8036945209919395e-08
4288,-2.806148735601255e-08
5120,-2.807549126515596e-08
4914,-2.810354260418535e-08
2488,-2.8152462583364013e-08
4963,-2.823978473287525e-08
7852,-2.8250100925220067e-08
6203,-2.827684042472356e-08
6835,-2.839972079726749e-08
3620,-2.840896495825973e-08
2667,-2.843316160294762e-08
1015,-2.8435080068334173e-08
2282,-2.8565742660191518e-08
2130,-2.8626560677480484e-08
854,-2.8639562721366474e-08
843,-2.863980697043189e-08
3680,-2.8640357641052105e-08
349,-2.871365367695944e-08
4190,-2.8718440958641622e-08
2746,-2.8836352861105752e-08
3898,-2.8909232341334246e-08
2998,-2.891857509013107e-08
1470,-2.8937304996645707e-08
4003,-2.89429582522871e-08
5462,-2.9032561243980126e-08
1013,-2.9082184660467192e-08
5767,-2.911453300669109e-08
2031,-2.913600649634418e-08
1310,-2.9162497305890156e-08
3749,-2.9196121964503163e-08
1865,-2.924565656314826e-08
2113,-2.925249908969363e-08
7244,-2.9285766700581917e-08
1278,-2.9305077475783037e-08
2227,-2.9338994345096125e-08
6276,-2.9370744947243566e-08
944,-2.9401676648888042e-08
782,-2.9416646896152088e-08
2109,-2.9489067188137597e-08
6185,-2.9499028997292953e-08
2195,-2.9538080426050328e-08
3621,-2.965080625472183e-08
5711,-2.967455525748619e-08
4876,-2.9748936647422397e-08
1447,-2.981142621649724e-08
3731,-2.9822189162587165e-08
2388,-2.982555802333309e-08
2837,-2.9884120067436015e-08
158,-2.994268299971736e-08
6046,-3.000634674066305e-08
4119,-3.006717275155779e-08
512,-3.007848903280319e-08
6992,-3.009075655313609e-08
5548,-3.018405969612559e-08
5755,-3.0207880641341944e-08
1375,-3.026366535152647e-08
1360,-3.026937989147882e-08
5243,-3.0297623965225284e-08
5267,-3.030287398786413e-08
2002,-3.03288594238893e-08
7395,-3.0350761903719103e-08
5072,-3.036907614273332e-08
6654,-3.044912766370089e-08
4319,-3.0456343225182536e-08
2911,-3.049181529490852e-08
6143,-3.049925467735193e-08
2856,-3.0568862996460666e-08
7797,-3.060462461235147e-08
5388,-3.0637167469649285e-08
6438,-3.064172204858551e-08
2795,-3.068350729051872e-08
4447,-3.073285803623094e-08
980,-3.077920140981405e-08
6140,-3.082213773097919e-08
56,-3.0861498245826624e-08
5912,-3.088226740999289e-08
4245,-3.0888207547263846e-08
2219,-3.0924349303518284e-08
2197,-3.094529432701165e-08
1648,-3.0950532803331043e-08
3080,-3.102002210653154e-08
4659,-3.1073831507910654e-08
5122,-3.1131047961707736e-08
4891,-3.113822799605259e-08
5928,-3.1162620928171236e-08
2494,-3.1195416028140244e-08
4799,-3.126262448915895e-08
2939,-3.130810277696128e-08
1900,-3.1361540919760955e-08
652,-3.1386335308525304e-08
5358,-3.138681847758562e-08
4392,-3.143224702739644e-08
6661,-3.1469355121771514e-08
5752,-3.153520644616492e-08
5815,-3.1536321998260064e-08
6309,-3.1538954559096055e-08
6730,-3.155021843781469e-08
6914,-3.156710626228687e-08
6234,-3.159456518631032e-08
72,-3.1634593611329365e-08
4280,-3.164091744167763e-08
2993,-3.171852469563419e-08
3733,-3.182961982872712e-08
6528,-3.185559727114651e-08
6178,-3.189726172081464e-08
4755,-3.191263786561649e-08
7907,-3.193565056847092e-08
120,-3.2052420273487314e-08
2929,-3.205747312051699e-08
2144,-3.209979304585886e-08
6582,-3.211235188871342e-08
5816,-3.217303579106101e-08
6072,-3.2176492581470484e-08
3338,-3.218668354065812e-08
3275,-3.222039168804258e-08
4037,-3.22727089496766e-08
4543,-3.235616929941898e-08
6529,-3.2397734273104106e-08
5314,-3.2406589411948516e-08
4308,-3.248606716965696e-08
1853,-3.259189895743475e-08
471,-3.259947511935479e-08
859,-3.261776271301642e-08
52,-3.263964565292099e-08
3991,-3.2675561811856824e-08
162,-3.270415316336539e-08
6347,-3.2705649744002585e-08
3792,-3.271703974405682e-08
1825,-3.277458482386919e-08
3252,-3.278974958220715e-08
935,-3.281260951837339e-08
6702,-3.28668470217508e-08
1460,-3.289150996010903e-08
7254,-3.293298078688167e-08
6361,-3.294029582434632e-08
4373,-3.3022867995669e-08
3218,-3.3092579343474426e-08
697,-3.3098807250553364e-08
2853,-3.310485396923468e-08
4130,-3.310784535415223e-08
7544,-3.3132684151837566e-08
6226,-3.3141100530542644e-08
6638,-3.314704244417044e-08
3548,-3.3151732026226455e-08
5325,-3.315838714712527e-08
4712,-3.3193257920061114e-08
7482,-3.335522968939131e-08
7415,-3.344827703699593e-08
7636,-3.3458219306226056e-08
4423,-3.3472968397063596e-08
1041,-3.3659357967508186e-08
7515,-3.374447388182489e-08
4688,-3.3761546447408364e-08
6212,-3.383939883860876e-08
1108,-3.38543237887734e-08
2634,-3.3864202109157304e-08
631,-3.390609393250088e-08
7898,-3.393526348816067e-08
6753,-3.394371184128886e-08
5903,-3.402676362895818e-08
5945,-3.403763138010163e-08
6154,-3.405598647532315e-08
574,-3.4123807779451454e-08
2238,-3.413475369029584e-08
5311,-3.417873628563939e-08
6379,-3.4187156217058146e-08
1816,-3.4279775462664475e-08
463,-3.433473594327552e-08
3639,-3.440989715386422e-08
7926,-3.4415752026006885e-08
3411,-3.443167884142895e-08
392,-3.450841745689104e-08
1500,-3.452639774081945e-08
7590,-3.457594566214084e-08
7411,-3.459751063417116e-08
3998,-3.4637238854884345e-08
1908,-3.465667397506422e-08
6027,-3.4745374577482835e-08
3140,-3.476450061157266e-08
245,-3.477085286363035e-08
7580,-3.485264166158686e-08
6257,-3.48699877861236e-08
5666,-3.496405120984036e-08
4350,-3.5020697453092e-08
6926,-3.5029767531113976e-08
3611,-3.507148527148729e-08
4262,-3.507395440749406e-08
5656,-3.523702041263732e-08
3847,-3.5238135964732464e-08
2578,-3.525074454557853e-08
3367,-3.530025338704945e-08
1216,-3.530713321708845e-08
1006,-3.534551851203105e-08
7847,-3.538182014040103e-08
6949,-3.538840864791837e-08
3258,-3.541000026530128e-08
7299,-3.542288062874377e-08
5045,-3.545568993956749e-08
4171,-3.549390470425351e-08
6870,-3.550669092078351e-08
4905,-3.5574004186855746e-08
7611,-3.55798182027911e-08
1928,-3.558733929764912e-08
4189,-3.5620036697991964e-08
6589,-3.563619266344631e-08
1468,-3.567249429181629e-08
2312,-3.581590490853159e-08
2694,-3.583678598317874e-08
2053,-3.589184949248647e-08
3499,-3.591098440836049e-08
6715,-3.598388431669264e-08
153,-3.606642273723537e-08
265,-3.607263820981643e-08
3000,-3.6097302924531505e-08
909,-3.609733667531145e-08
163,-3.6122623114920316e-08
2153,-3.612734467139944e-08
4231,-3.614402643847825e-08
1263,-3.614467658508147e-08
1203,-3.614568733212309e-08
4107,-3.616727184407864e-08
834,-3.6176407647303677e-08
2983,-3.622469790798277e-08
1637,-3.623832256494097e-08
5229,-3.624454691930623e-08
6658,-3.6250247248403866e-08
6600,-3.6252973956152346e-08
877,-3.628009892508999e-08
3062,-3.634465350899063e-08
2005,-3.6351426757619265e-08
1418,-3.637123313637858e-08
4710,-3.64059449253773e-08
3292,-3.642848334095561e-08
1679,-3.6431545780146735e-08
1734,-3.644994706064608e-08
7977,-3.645306989596975e-08
5898,-3.645525303852537e-08
2127,-3.6517700863214486e-08
5918,-3.655464908547401e-08
4726,-3.6575517725623286e-08
5802,-3.669029702280113e-08
7912,-3.676553994580445e-08
399,-3.6844689077497605e-08
5983,-3.687882355052352e-08
723,-3.6888351928610064e-08
3967,-3.694556305333663e-08
1749,-3.700954032126447e-08
196,-3.703216755468475e-08
6038,-3.703868500792851e-08
6082,-3.708904827703918e-08
7152,-3.709457452316656e-08
5705,-3.719783592259773e-08
3507,-3.723510921815887e-08
7249,-3.72357327194095e-08
7016,-3.724689889850197e-08
3614,-3.7348380388380065e-08
3267,-3.744548671136272e-08
4264,-3.749008925524322e-08
7077,-3.7505293093431646e-08
4344,-3.7540186070827986e-08
1885,-3.767799050535814e-08
7565,-3.768989920160948e-08
866,-3.7702349686696834e-08
836,-3.7708659306190384e-08
6094,-3.7725714108205466e-08
3005,-3.774998624805903e-08
1686,-3.7751808790176256e-08
3560,-3.7771064498315354e-08
7167,-3.7831629384754706e-08
3325,-3.795269165607351e-08
7903,-3.796854386450832e-08
6877,-3.7978711731057047e-08
2340,-3.7986206180562476e-08
1507,-3.8016423786757514e-08
4588,-3.8038988847688415e-08
1724,-3.806347059764903e-08
1264,-3.812261084590318e-08
1425,-3.815529225903447e-08
1568,-3.8167918603448925e-08
1198,-3.82082774308401e-08
2379,-3.822015059995465e-08
4493,-3.8238585631233946e-08
3782,-3.8261065427036556e-08
7488,-3.828095174185364e-08
746,-3.83388254476813e-08
6002,-3.837194206823824e-08
5254,-3.841459772502276e-08
3763,-3.846505691740276e-08
5124,-3.851813090705036e-08
4295,-3.8562319559787284e-08
5801,-3.864164099809386e-08
3822,-3.8848847694339383e-08
3891,-3.88950560648027e-08
5980,-3.891872424333087e-08
2351,-3.8972590488128844e-08
6580,-3.905245904434196e-08
2203,-3.91272028110734e-08
4077,-3.9224348213906524e-08
5343,-3.925952185568349e-08
5152,-3.929586611661762e-08
5442,-3.9309234978190943e-08
1886,-3.934967907071041e-08
5500,-3.937813453092076e-08
3600,-3.939181780765466e-08
6853,-3.9515521521593655e-08
2261,-3.952433935694444e-08
4761,-3.954584393284222e-08
690,-3.957494953965579e-08
5102,-3.9623305525537944e-08
4347,-3.9711181898383074e-08
6011,-3.980828111593837e-08
7062,-3.985495666825045e-08
3087,-3.9858740308318374e-08
2770,-3.987674013217202e-08
154,-4.0006712609397255e-08
7194,-4.001291031840992e-08
3669,-4.0023509839670623e-08
5105,-4.004513698419032e-08
3466,-4.0114581878469835e-08
6884,-4.022565569528069e-08
5566,-4.0228940179076744e-08
5501,-4.029453393172844e-08
6065,-4.0348860252947816e-08
7894,-4.050871815763912e-08
2451,-4.054263591513063e-08
6105,-4.055168112415686e-08
288,-4.0557079472591795e-08
2672,-4.056292013387974e-08
3231,-4.0783007193567755e-08
2209,-4.079401172418784e-08
4253,-4.081027960012307e-08
7722,-4.088692939774319e-08
2887,-4.088719052219858e-08
7026,-4.090933636291538e-08
2890,-4.110625084763342e-08
6279,-4.11096312546988e-08
3871,-4.1119530891364775e-08
7284,-4.119595331530945e-08
6973,-4.1239784920321654e-08
3049,-4.125238461938352e-08
4629,-4.128763464450458e-08
4188,-4.129242903161412e-08
788,-4.131221231773452e-08
2231,-4.1324282662458245e-08
297,-4.1340545209322954e-08
3082,-4.141893406028885e-08
477,-4.148059851161179e-08
6404,-4.14873166931784e-08
2177,-4.156074417949185e-08
3031,-4.1560845431831694e-08
4482,-4.1631922798046617e-08
356,-4.164567890541093e-08
4536,-4.1714063314657324e-08
7381,-4.1760323199468985e-08
5058,-4.187344870842935e-08
6572,-4.196296643499409e-08
1332,-4.19669525797417e-08
3404,-4.207600312611248e-08
5999,-4.2147076939613726e-08
4868,-4.216275328872143e-08
5868,-4.230535388671797e-08
1174,-4.241066875465549e-08
4882,-4.242175322133335e-08
6653,-4.246860285661569e-08
924,-4.248433072007174e-08
520,-4.250088991852863e-08
872,-4.2679703327053176e-08
3624,-4.276845011474961e-08
2434,-4.2845773151611866e-08
2705,-4.2858152582425646e-08
1917,-4.290685318153464e-08
7047,-4.29247002387001e-08
327,-4.298331290897295e-08
275,-4.2984503068055346e-08
7617,-4.306067147297199e-08
5833,-4.310374279725693e-08
4433,-4.32183835386013e-08
2017,-4.323723068466734e-08
1324,-4.323939428729773e-08
4887,-4.330230218840825e-08
4579,-4.339868375780043e-08
2323,-4.342130566215019e-08
5759,-4.3466190646768155e-08
381,-4.3519172265860107e-08
4000,-4.3565085761088085e-08
1626,-4.3613329836489356e-08
6795,-4.36330971353982e-08
6471,-4.3658209492036804e-08
6389,-4.370886763638282e-08
991,-4.3785444603372525e-08
6890,-4.3888102041478305e-08
4624,-4.392079588910747e-08
4381,-4.392353325499698e-08
5119,-4.4046025493571506e-08
1094,-4.40578915572587e-08
1170,-4.40674767787641e-08
4790,-4.4178243285841745e-08
3414,-4.4183545711007355e-08
4977,-4.422470212261942e-08
3540,-4.42406431488962e-08
4886,-4.425949384767591e-08
2806,-4.428215660823298e-08
4793,-4.4285199507498874e-08
719,-4.4299383716861485e-08
4405,-4.431858435793856e-08
504,-4.433902667244638e-08
4643,-4.447743329194509e-08
5630,-4.44876455674148e-08
6891,-4.451487711776281e-08
3253,-4.455342583753463e-08
6729,-4.4682883171276444e-08
367,-4.47825279081826e-08
1294,-4.4934344245461944e-08
2702,-4.496651406782348e-08
86,-4.502848938159332e-08
1290,-4.506967421491481e-08
2468,-4.514055795823424e-08
5508,-4.520957119780178e-08
2450,-4.524700258912162e-08
101,-4.53279831447162e-08
5294,-4.5363988121494e-08
3297,-4.5392233971597307e-08
1193,-4.541623965792496e-08
4862,-4.544953924323636e-08
7812,-4.551937138330686e-08
4440,-4.55819915146094e-08
1343,-4.575637646553332e-08
353,-4.595918134953081e-08
4707,-4.616636317678058e-08
2157,-4.6185894220229784e-08
3805,-4.61997675671455e-08
3075,-4.626477334568335e-08
6488,-4.627402816481663e-08
2172,-4.644503093231833e-08
4889,-4.6547238952143744e-08
1989,-4.6548096932497174e-08
209,-4.6576822398947115e-08
3408,-4.6602504966131164e-08
1818,-4.6656317920223955e-08
4424,-4.666465791558494e-08
3287,-4.6704061062996516e-08
2191,-4.68539766984577e-08
6820,-4.687832344529852e-08
4229,-4.6933491759659773e-08
4729,-4.6999748093412563e-08
6067,-4.7250434676016084e-08
677,-4.7343675646516203e-08
4397,-4.7413989179290184e-08
5049,-4.741729497936831e-08
6742,-4.7445647410881975e-08
5795,-4.7502627609219417e-08
2781,-4.750549287280137e-08
979,-4.756013538553816e-08
51,-4.758604532639765e-08
7337,-4.7697403360302815e-08
6150,-4.771524331204091e-08
5438,-4.774712181188079e-08
3040,-4.7774644684750456e-08
1003,-4.827511546068308e-08
1902,-4.8352978510024514e-08
2532,-4.842247491865237e-08
7663,-4.850018342494877e-08
3543,-4.8582043277178855e-08
2092,-4.8639384075954695e-08
4853,-4.8651024542323285e-08
1730,-4.870240566390294e-08
4512,-4.8720623979647826e-08
6092,-4.873260550652958e-08
3372,-4.884603654886632e-08
1526,-4.890585358907629e-08
5568,-4.9011656955144645e-08
3610,-4.910158857285296e-08
3520,-4.910977580152576e-08
2465,-4.9156190229382446e-08
3037,-4.9214218478255134e-08
4700,-4.9231331900045916e-08
6642,-4.923135499268483e-08
132,-4.931034425226244e-08
2240,-4.933282227170821e-08
3118,-4.9337639751456663e-08
3248,-4.933963815290099e-08
1177,-4.936862652016316e-08
5044,-4.938178577162944e-08
6941,-4.942226716764253e-08
3794,-4.949462173442498e-08
3709,-4.9521210243597125e-08
6703,-4.9569550242267724e-08
6882,-4.958670274390897e-08
1680,-4.959714061669729e-08
3851,-4.972460843077897e-08
2252,-4.973557921061911e-08
6445,-4.9762512333018094e-08
803,-4.977719392229574e-08
887,-4.987804480549585e-08
2126,-5.0068228674149395e-08
4396,-5.0087304970247715e-08
4032,-5.0091241377003826e-08
336,-5.009721881776841e-08
6128,-5.0126342188150375e-08
41,-5.018576132442831e-08
7935,-5.029180272231315e-08
3462,-5.031251326670372e-08
4044,-5.033042782542907e-08
1659,-5.046252304907739e-08
1685,-5.048616813496665e-08
4320,-5.0513923710582276e-08
4002,-5.055243512686047e-08
5781,-5.058179830541576e-08
5860,-5.05820842988669e-08
6291,-5.07153732343113e-08
892,-5.091414756464019e-08
2256,-5.0945224927545496e-08
4186,-5.1012492008339905e-08
4560,-5.103357203495307e-08
7650,-5.112935319573353e-08
354,-5.114415202456257e-08
2207,-5.116071122301946e-08
3712,-5.135574454584457e-08
5644,-5.140272740788987e-08
5376,-5.144322479111452e-08
5966,-5.149232507051238e-08
7838,-5.15060634143083e-08
3636,-5.1589902128057474e-08
5988,-5.180443807262236e-08
4547,-5.180571704954673e-08
1516,-5.192964280809065e-08
3944,-5.1936792644369234e-08
918,-5.2010896922638494e-08
1150,-5.212753961814087e-08
6579,-5.232789135334315e-08
835,-5.238727318612746e-08
5134,-5.2392648441923484e-08
7975,-5.240693035091226e-08
7095,-5.2464265820617584e-08
480,-5.251735757383358e-08
1433,-5.253249746317579e-08
565,-5.260407220930574e-08
6712,-5.268883995768192e-08
5825,-5.273984982068214e-08
1482,-5.2921654614124236e-08
915,-5.299737537711735e-08
2317,-5.316536544341943e-08
2160,-5.3299112678928395e-08
7660,-5.330994845564874e-08
3194,-5.3439679348343816e-08
6796,-5.344575981780508e-08
6403,-5.3459116244880533e-08
7514,-5.3540915700978076e-08
736,-5.357155252738721e-08
1146,-5.35835535941942e-08
4343,-5.360454480296539e-08
28,-5.36836601838786e-08
5066,-5.369292566115291e-08
3024,-5.374894485044024e-08
5520,-5.381612133703584e-08
188,-5.3850106596087244e-08
2021,-5.3903079333395e-08
3065,-5.3964550161822444e-08
5682,-5.398903013542622e-08
2180,-5.402039882085319e-08
966,-5.408087133673689e-08
7499,-5.4215833600324004e-08
5048,-5.422131543753039e-08
7106,-5.423443916185988e-08
5636,-5.425515325896413e-08
3107,-5.4359151846483655e-08
5495,-5.440928951827573e-08
2535,-5.443641626357021e-08
6760,-5.446707262990458e-08
6561,-5.448557516274377e-08
7656,-5.450527318373588e-08
790,-5.4567429685903335e-08
2179,-5.4569149199323874e-08
1448,-5.457140517250991e-08
3033,-5.470105435279038e-08
3436,-5.481118137140584e-08
4090,-5.497595978454228e-08
3452,-5.5258695397242263e-08
7639,-5.528918833874741e-08
3921,-5.537377489872597e-08
7560,-5.543013337216962e-08
683,-5.546304748804687e-08
1467,-5.551327220132407e-08
4802,-5.5570930967974164e-08
4324,-5.5678412991255755e-08
6149,-5.5699292289546065e-08
5384,-5.576255013295395e-08
1171,-5.5781212537908686e-08
3802,-5.591190621601072e-08
3365,-5.591289031769975e-08
7638,-5.607911113258979e-08
97,-5.608308129012585e-08
5101,-5.6188262931300414e-08
4631,-5.628975507931955e-08
5932,-5.643507705599404e-08
1212,-5.655894241840542e-08
7466,-5.656492696459736e-08
4812,-5.662248980797813e-08
764,-5.665989455394538e-08
5440,-5.669226510462977e-08
7967,-5.679006598313663e-08
7386,-5.679953041237695e-08
2808,-5.693495630509915e-08
3256,-5.695485505441411e-08
2269,-5.697213367739096e-08
7107,-5.6976933393571016e-08
7139,-5.70429143920137e-08
1473,-5.707449446390456e-08
696,-5.709685702015577e-08
1622,-5.711090977911226e-08
7769,-5.711280692821674e-08
2229,-5.7266129616095895e-08
2697,-5.755125087603119e-08
7784,-5.770603195287549e-08
693,-5.7775503492507596e-08
4132,-5.777738465440052e-08
1830,-5.7785936036225394e-08
2745,-5.790263735150347e-08
2018,-5.810102798875505e-08
7647,-5.814444037355315e-08
4360,-5.8181546691571384e-08
2522,-5.831264360267596e-08
1464,-5.838885108744307e-08
2907,-5.839978278743274e-08
7588,-5.848096229499333e-08
4665,-5.852373163861557e-08
611,-5.8605380104381766e-08
2654,-5.8679070491507446e-08
496,-5.879418907284162e-08
3534,-5.8936009850185656e-08
2398,-5.904837152570508e-08
7392,-5.917536682886748e-08
3578,-5.920374945844742e-08
6162,-5.9276560548937596e-08
4694,-5.9300557353481054e-08
5225,-5.9414521302869616e-08
3206,-5.956253801286948e-08
3501,-5.9587021539186935e-08
4192,-5.98122191775019e-08
3976,-5.984237461120756e-08
5476,-5.984581363804864e-08
5035,-5.99174114768175e-08
4828,-5.993737772769236e-08
4592,-5.994388097008141e-08
4628,-5.996447782763425e-08
7646,-5.99794436340062e-08
57,-6.015862297203967e-08
5799,-6.025132037734693e-08
5856,-6.026940368997202e-08
1776,-6.030229471321036e-08
5339,-6.041121025646135e-08
3530,-6.044091982460031e-08
6372,-6.063081414708904e-08
3836,-6.071877578506246e-08
2045,-6.088169968165857e-08
6872,-6.089658199925907e-08
3552,-6.096737337202285e-08
2146,-6.116176720638578e-08
5962,-6.159297427643651e-08
3029,-6.16247000095882e-08
203,-6.165746668784777e-08
628,-6.173691247113311e-08
3770,-6.178888867225396e-08
3309,-6.195100965555866e-08
7050,-6.198806801194223e-08
2392,-6.199754309932359e-08
577,-6.203308444696631e-08
5017,-6.204958680200434e-08
7486,-6.215618242322307e-08
484,-6.216714609763585e-08
6004,-6.223918092018721e-08
3495,-6.230416360608615e-08
4863,-6.239303829147502e-08
7066,-6.243514860670984e-08
754,-6.244416539402664e-08
4875,-6.249265283031491e-08
3127,-6.280873066089043e-08
1376,-6.292604837199178e-08
6456,-6.295756094232274e-08
541,-6.300625443600438e-08
1705,-6.30797210021683e-08
3837,-6.315039513538068e-08
7503,-6.31948182672204e-08
3901,-6.32760794871956e-08
1745,-6.335894298103995e-08
1052,-6.347275416374032e-08
564,-6.352724213343208e-08
5106,-6.359871917993587e-08
1329,-6.369123184413183e-08
3339,-6.369762672875368e-08
1029,-6.37014778703815e-08
1717,-6.383306683233059e-08
1145,-6.385699791167099e-08
7506,-6.386342477071594e-08
5014,-6.394076734750342e-08
1521,-6.403720220760079e-08
4074,-6.406729013974655e-08
7465,-6.409060304690684e-08
1909,-6.412489383933462e-08
4084,-6.417478459752601e-08
81,-6.425331378068222e-08
4327,-6.427124077390545e-08
2097,-6.429842613897563e-08
84,-6.439700150906447e-08
3441,-6.460751578174495e-08
1544,-6.477450398278961e-08
1465,-6.481187853069059e-08
5366,-6.484545522766894e-08
7252,-6.494087045894048e-08
7138,-6.498111559949393e-08
982,-6.498759574924406e-08
2386,-6.547299591375122e-08
5336,-6.558836318504291e-08
3673,-6.585393208524692e-08
6879,-6.600385304977863e-08
3117,-6.601480251333669e-08
5943,-6.606005342746357e-08
2108,-6.624568982260826e-08
121,-6.644204475492188e-08
792,-6.654219930624095e-08
3930,-6.656362927515147e-08
4912,-6.661456453116443e-08
6948,-6.667607976851286e-08
3570,-6.6709304746837e-08
1664,-6.681024800059276e-08
4259,-6.687871945132429e-08
7207,-6.699954724354029e-08
3010,-6.724645018607589e-08
2509,-6.72887630059904e-08
641,-6.742526537095728e-08
5463,-6.749957748297675e-08
141,-6.75659990179156e-08
1449,-6.761299431445877e-08
5888,-6.765001714370555e-08
6640,-6.765145244003179e-08
3423,-6.770481419948737e-08
6495,-6.776453531642801e-08
5771,-6.779920269650574e-08
6611,-6.796287621568808e-08
6818,-6.805357699590786e-08
5372,-6.830547860658953e-08
4989,-6.849357703231362e-08
4322,-6.849480982396017e-08
6409,-6.856479473071886e-08
3525,-6.856773282493123e-08
5258,-6.860037160549837e-08
17,-6.871758984061671e-08
4855,-6.87325396597771e-08
148,-6.877957048345706e-08
4104,-6.880987868385091e-08
11,-6.892591031260054e-08
4353,-6.911306726919975e-08
1300,-6.912270222869665e-08
4993,-6.925228035470354e-08
1367,-6.92781121358621e-08
7333,-6.931772134066705e-08
5167,-6.939738383948679e-08
1897,-6.95642121684159e-08
5117,-6.957542098007252e-08
1625,-6.980439692938489e-08
2342,-6.986313039192282e-08
1992,-6.98754192285378e-08
3695,-6.991790257870889e-08
490,-6.993114709530346e-08
923,-6.997291279731144e-08
954,-6.998396173685251e-08
5068,-7.007941604797452e-08
5922,-7.075797725519806e-08
5445,-7.085579056820279e-08
4461,-7.086244124820951e-08
3013,-7.087151487894516e-08
1548,-7.095344756180566e-08
7468,-7.101062848846595e-08
5137,-7.118221745372466e-08
5593,-7.13473653490837e-08
395,-7.139740532124961e-08
2987,-7.16246191245773e-08
16,-7.186520889490566e-08
1699,-7.18903407914695e-08
851,-7.19207235988506e-08
4337,-7.218405784215065e-08
3715,-7.220559794518522e-08
4982,-7.223400544376091e-08
7451,-7.223506770515087e-08
4556,-7.249047229151984e-08
5178,-7.261636625344181e-08
1370,-7.269787261066085e-08
1493,-7.298385185094958e-08
1732,-7.304528892859707e-08
2995,-7.305686011704893e-08
3257,-7.306577032295536e-08
1518,-7.329165541136717e-08
3845,-7.337224516845708e-08
2772,-7.348973340981502e-08
5004,-7.361823506357723e-08
7389,-7.362771370367227e-08
4021,-7.372550925310861e-08
3801,-7.389658662759757e-08
4010,-7.42169206091603e-08
7065,-7.433230919673406e-08
1534,-7.44589954138064e-08
5195,-7.457387241061042e-08
972,-7.461132511821233e-08
5160,-7.462228879262511e-08
4645,-7.471979301953979e-08
181,-7.491434672601827e-08
3687,-7.500023357920327e-08
6416,-7.533039791951524e-08
1362,-7.547244607053472e-08
6434,-7.560634074366135e-08
5173,-7.563390269638148e-08
2991,-7.571276228190982e-08
7905,-7.573422777795713e-08
1179,-7.587987838064691e-08
1273,-7.588073103192983e-08
3026,-7.599354034937278e-08
6197,-7.623691899993901e-08
167,-7.638198340487179e-08
1205,-7.639280141802374e-08
6714,-7.64694618737849e-08
5804,-7.652148781289725e-08
6009,-7.653992639689022e-08
2167,-7.657219569523477e-08
6256,-7.662589851520352e-08
4244,-7.672493751442744e-08
5268,-7.674887925190887e-08
7559,-7.68458221500623e-08
319,-7.704305460265459e-08
5605,-7.70470585109706e-08
1204,-7.708894855795734e-08
2656,-7.709819982437693e-08
6931,-7.712083771593825e-08
7743,-7.732934648174705e-08
370,-7.787117084490092e-08
4366,-7.798752932330899e-08
439,-7.809137514414033e-08
7166,-7.809501312294742e-08
5770,-7.821035907795704e-08
1042,-7.855985018068168e-08
7927,-7.861034490019847e-08
1921,-7.91381822295989e-08
3179,-7.941417123902283e-08
469,-7.949479297053585e-08
3843,-7.950459846028934e-08
7438,-7.954611191962613e-08
1456,-7.958907843885754e-08
6288,-7.984196415122824e-08
855,-8.061556755478705e-08
7811,-8.06333062541853e-08
6887,-8.068384005355256e-08
4147,-8.086548319852227e-08
442,-8.112906257906616e-08
1652,-8.114137628467688e-08
4883,-8.116298033655767e-08
468,-8.121868688704126e-08
1032,-8.130016126983719e-08
2333,-8.162957243484925e-08
2095,-8.17219039106476e-08
6501,-8.1821767139445e-08
1100,-8.193025280434085e-08
5929,-8.194886902401777e-08
4925,-8.196295198104053e-08
3970,-8.208108681628801e-08
7752,-8.216945346362081e-08
3641,-8.220343161724486e-08
231,-8.223230452131247e-08
3929,-8.254172456645392e-08
2223,-8.323004152543945e-08
166,-8.330252398991433e-08
1907,-8.341313062487643e-08
4356,-8.342772517266894e-08
625,-8.348917646117116e-08
237,-8.35108870944623e-08
968,-8.352721891924375e-08
7457,-8.36184597119427e-08
6217,-8.366695425365833e-08
4167,-8.368550297177535e-08
4523,-8.384533245475723e-08
4584,-8.385935501564745e-08
1112,-8.397135076165796e-08
5680,-8.402554385611438e-08
7210,-8.424170161447364e-08
930,-8.425914543863655e-08
2376,-8.426594533261778e-08
6564,-8.429269371390546e-08
926,-8.429964992728856e-08
4284,-8.46378966912198e-08
6854,-8.482388480501868e-08
2668,-8.506249571382796e-08
5546,-8.508462912004688e-08
4831,-8.516403227076808e-08
5581,-8.525712758000736e-08
1915,-8.528149919584394e-08
7524,-8.532183670695304e-08
7162,-8.540485296748557e-08
7379,-8.553670483024689e-08
4388,-8.562428988057036e-08
1576,-8.56458335363186e-08
7984,-8.585154276374851e-08
2762,-8.591644373723284e-08
6920,-8.616405011707684e-08
6339,-8.638372506197811e-08
7779,-8.660568795448853e-08
5766,-8.704381926349924e-08
1098,-8.713471544297136e-08
5415,-8.719717214944467e-08
6728,-8.74098162739756e-08
3941,-8.748438062866626e-08
617,-8.75909904607397e-08
2921,-8.768977721729243e-08
1677,-8.774242488129858e-08
4477,-8.777863058639923e-08
7456,-8.814881624630289e-08
6222,-8.835438691789932e-08
5109,-8.839582932296253e-08
2041,-8.871872836380135e-08
3185,-8.880503798991413e-08
5709,-8.888402902584858e-08
393,-8.893618641536705e-08
2980,-8.938129170132925e-08
5328,-8.949632501753513e-08
2910,-8.97370995289748e-08
2627,-8.985054122945257e-08
3705,-9.025127667428023e-08
261,-9.025350067304316e-08
7029,-9.033840342453914e-08
7921,-9.061869121751442e-08
4923,-9.06536357092591e-08
4224,-9.085898255989378e-08
2028,-9.13945115144088e-08
6663,-9.14973092847049e-08
4487,-9.149732349555961e-08
7479,-9.18591247511813e-08
4778,-9.190916117063352e-08
2817,-9.222611296877403e-08
1062,-9.244201137903474e-08
917,-9.244842402722497e-08
4061,-9.248181598309202e-08
5207,-9.25896941339488e-08
785,-9.266596734391896e-08
2081,-9.274554102489674e-08
4532,-9.280394408506254e-08
29,-9.31892785160926e-08
6540,-9.319792937390048e-08
2122,-9.32759540717143e-08
3176,-9.337954409716076e-08
2784,-9.365266961935959e-08
5383,-9.374192444511209e-08
2732,-9.408165624336107e-08
2234,-9.427536085127031e-08
922,-9.435911607624803e-08
4692,-9.437257020294965e-08
2381,-9.44450242457151e-08
827,-9.450491234019864e-08
6722,-9.456070060309685e-08
5302,-9.462612382549196e-08
7116,-9.467520811767827e-08
1438,-9.500959663455433e-08
4589,-9.514626242435043e-08
6121,-9.562622338421534e-08
5867,-9.563322933558993e-08
7976,-9.567380487851551e-08
6182,-9.58212815760362e-08
5348,-9.582442572764194e-08
2137,-9.585302507275628e-08
5092,-9.588944749339134e-08
3236,-9.596038808012963e-08
5009,-9.602956652088324e-08
5401,-9.621730612252577e-08
198,-9.649063770211797e-08
6769,-9.65850333045637e-08
2086,-9.66103712585209e-08
5126,-9.689810909208063e-08
3259,-9.694466740484131e-08
2936,-9.704974957003287e-08
2783,-9.718673865677374e-08
1251,-9.726556626787897e-08
3729,-9.726706196033774e-08
5948,-9.760551833437603e-08
927,-9.772029940791072e-08
4073,-9.774622355962492e-08
1262,-9.78043459554101e-08
4981,-9.782870336039196e-08
4138,-9.807586920373979e-08
2161,-9.808042378267601e-08
7151,-9.83476553528817e-08
3119,-9.870944239764867e-08
108,-9.882144524908654e-08
7501,-9.884598739517969e-08
6247,-9.893669528082683e-08
870,-9.911480347568613e-08
5452,-9.914210252759403e-08
2756,-9.921022581238503e-08
3988,-9.959620683730463e-08
1412,-9.974646530963582e-08
4613,-9.975127213124324e-08
4797,-9.976884385309859e-08
3598,-9.99698421821904e-08
5232,-9.997367911296351e-08
5448,-1.0040174558412218e-07
6410,-1.004458347608761e-07
603,-1.005788803354335e-07
1225,-1.0064797706377249e-07
5540,-1.0074760936618077e-07
6489,-1.009246410887954e-07
6274,-1.0093842917058282e-07
2794,-1.0133187444694158e-07
4218,-1.0144727369265638e-07
4586,-1.0146697349000533e-07
135,-1.0168971797952508e-07
338,-1.0179516252151188e-07
4435,-1.0187599031041827e-07
6565,-1.0190064259063547e-07
1502,-1.023335087779742e-07
518,-1.0239967451752818e-07
5369,-1.0258295546350382e-07
2455,-1.030731944240415e-07
7628,-1.0318170140521943e-07
7129,-1.0328865229780604e-07
7702,-1.0334742484019444e-07
7895,-1.0350365897693337e-07
5543,-1.0382208870396425e-07
1402,-1.0404770733885016e-07
7633,-1.0412896855882536e-07
3262,-1.0461485544510651e-07
2009,-1.0479217493752913e-07
1756,-1.0496477642618629e-07
4838,-1.0502731129236054e-07
7492,-1.0521801385721119e-07
2965,-1.053145908258557e-07
37,-1.0540644979073477e-07
3688,-1.0555432439218748e-07
348,-1.0557123530929857e-07
3667,-1.0565312180688124e-07
883,-1.0565675623297466e-07
7644,-1.0634041558432727e-07
3133,-1.063456913641403e-07
2378,-1.0652968640556537e-07
3608,-1.0653755921907759e-07
587,-1.0704763298008402e-07
2831,-1.0773467806757253e-07
7683,-1.0799851324350129e-07
3940,-1.0803152861171839e-07
427,-1.083874430207743e-07
6779,-1.0840566133651919e-07
6028,-1.0861905153092266e-07
4201,-1.0909788983326507e-07
1301,-1.0911704251270749e-07
5555,-1.0925861815280768e-07
4602,-1.0943232808813264e-07
5460,-1.0956253504446067e-07
6913,-1.096880524187327e-07
867,-1.0997266386425508e-07
6130,-1.1033918312364221e-07
6681,-1.1045339931570197e-07
5309,-1.1046882164578165e-07
894,-1.1096992835746278e-07
7553,-1.1101765906573746e-07
3092,-1.111030378808664e-07
311,-1.1142724076762534e-07
345,-1.1160322088699104e-07
3421,-1.1170912728175608e-07
3833,-1.1195024640642259e-07
1567,-1.1205858641005761e-07
554,-1.1253319343040857e-07
5165,-1.1277081313210147e-07
4221,-1.1278683231807918e-07
4814,-1.1321476733883173e-07
1330,-1.1322847370820455e-07
2427,-1.1379773212638611e-07
122,-1.1389081322477068e-07
254,-1.142920424967997e-07
1254,-1.1432727120563868e-07
3587,-1.1433361635226902e-07
3340,-1.1434494950890439e-07
2751,-1.1516888775986445e-07
569,-1.153137390019765e-07
6036,-1.1543978928330034e-07
3723,-1.1609420624836275e-07
6117,-1.1620489459573946e-07
1741,-1.1629720830796941e-07
7541,-1.1663679799767124e-07
2397,-1.1675933819788042e-07
7481,-1.1705083124979865e-07
4738,-1.173386152686362e-07
2176,-1.1744389638579378e-07
5200,-1.1820664980177753e-07
2866,-1.1829293811160824e-07
5483,-1.1852141668100558e-07
5600,-1.1872465321971504e-07
1722,-1.1897373042302206e-07
4159,-1.189907514742572e-07
5057,-1.1909671826515478e-07
4122,-1.1931991750202542e-07
4559,-1.1965387614054634e-07
6543,-1.19830133371579e-07
4833,-1.2001101268310777e-07
3945,-1.2034591279075357e-07
6553,-1.2067341259580644e-07
1963,-1.2088780820818101e-07
3616,-1.2108117886100445e-07
4439,-1.2111897973454688e-07
1038,-1.2142064065301383e-07
3350,-1.2209318356326548e-07
2593,-1.2245760672158212e-07
4677,-1.2252885994712415e-07
7807,-1.2325330089879571e-07
7498,-1.236692170891729e-07
6517,-1.2412004224415796e-07
2445,-1.242887748276189e-07
2725,-1.2430443518951506e-07
7511,-1.2472697363818952e-07
2065,-1.2486710687653613e-07
4368,-1.251492562914791e-07
7579,-1.2530235693475333e-07
7,-1.2531673831972512e-07
4544,-1.2533037363482435e-07
3682,-1.2586723130425526e-07
1287,-1.2636097324048023e-07
4123,-1.2726678022545457e-07
7024,-1.2805082860722905e-07
4608,-1.2809886129616643e-07
2481,-1.2825416462192152e-07
22,-1.284891553154921e-07
6550,-1.290664499720151e-07
6135,-1.2944113336743612e-07
2383,-1.2964056850250927e-07
3246,-1.2988819264592166e-07
2116,-1.300285532579437e-07
1789,-1.3012633104381166e-07
144,-1.304441639149445e-07
2277,-1.3061365677913273e-07
431,-1.3151387179277663e-07
3678,-1.3176463653508108e-07
7201,-1.3179128899309944e-07
3205,-1.3226862449755572e-07
3014,-1.3372841323189277e-07
2129,-1.3428289946659788e-07
3115,-1.3439250068358888e-07
291,-1.3496909900823084e-07
4711,-1.349820095697396e-07
7003,-1.351334901755763e-07
752,-1.3538214460595555e-07
2926,-1.3565832546191814e-07
2039,-1.3578522128909754e-07
5169,-1.3579636259919425e-07
7373,-1.359418533297685e-07
1843,-1.3597030346090833e-07
4385,-1.360928436611175e-07
3595,-1.3807181176161976e-07
2055,-1.3876899629394757e-07
7449,-1.3881498972523332e-07
1488,-1.3901643569624866e-07
1250,-1.3988139357934415e-07
4725,-1.4019392580166823e-07
1383,-1.4027241945768765e-07
7436,-1.4036768902769836e-07
4422,-1.406893943567411e-07
1510,-1.4115479984866397e-07
3227,-1.4116720592483034e-07
1995,-1.4131653358617768e-07
3201,-1.417352066823696e-07
5632,-1.4175482476730394e-07
4099,-1.4243806134572878e-07
3110,-1.429683962328454e-07
3025,-1.4301856765541743e-07
6881,-1.4313002338894876e-07
1913,-1.4368840339784583e-07
3832,-1.4389469527031906e-07
3204,-1.443598875994212e-07
2526,-1.4459714492431885e-07
6281,-1.4481041432645725e-07
7202,-1.451032076715819e-07
2089,-1.4538215964421397e-07
6721,-1.453995679412401e-07
2361,-1.4558067107373063e-07
5074,-1.4599119424474338e-07
5182,-1.4623707755845317e-07
7335,-1.465754593255042e-07
7971,-1.466264052396582e-07
7979,-1.4695314121127012e-07
1293,-1.472462329843438e-07
6258,-1.474970403592124e-07
1484,-1.4755922705944613e-07
5334,-1.4770424883181477e-07
654,-1.4791487501497613e-07
2928,-1.4795061531458487e-07
7153,-1.4814390425499369e-07
4869,-1.4920859570111134e-07
4351,-1.4997820585449517e-07
5099,-1.500838280321659e-07
6878,-1.507880398321504e-07
714,-1.5094143890337364e-07
3407,-1.510141771632334e-07
5331,-1.5125303320928651e-07
3553,-1.5173287692960002e-07
7141,-1.518431176350532e-07
6045,-1.524432207133941e-07
6429,-1.5246102691435226e-07
4594,-1.5258291341524455e-07
4774,-1.528435973341402e-07
7868,-1.5296069477699348e-07
7277,-1.5301279887580677e-07
4278,-1.536294718107456e-07
3376,-1.549290402635961e-07
4871,-1.5515384887976325e-07
5535,-1.5547511367230982e-07
2691,-1.5559427879452414e-07
2258,-1.5593447955097872e-07
247,-1.5636444317124187e-07
1774,-1.56637753434552e-07
2311,-1.5683748699757416e-07
4718,-1.5699650646183727e-07
6235,-1.5713295908881264e-07
1087,-1.57479931317539e-07
6134,-1.575645285356586e-07
769,-1.576397750113756e-07
5473,-1.5971127709235589e-07
5517,-1.5992845447954096e-07
3254,-1.6000014824157915e-07
1710,-1.6053016338446469e-07
4106,-1.6110280398606847e-07
6541,-1.6115843948227848e-07
4910,-1.6188658236160336e-07
5505,-1.621185816702564e-07
5340,-1.6240171873960207e-07
5785,-1.6255724233360525e-07
4030,-1.6260398183476354e-07
1966,-1.626383792086017e-07
1209,-1.630477868275193e-07
5598,-1.6339537722842579e-07
1740,-1.634932118577126e-07
238,-1.646436302848997e-07
4131,-1.6516447942649393e-07
3535,-1.6570696459439205e-07
1860,-1.6584558437671149e-07
4499,-1.6659631540960618e-07
3582,-1.6680901637755596e-07
7897,-1.6706034244862167e-07
2905,-1.6756672494011582e-07
1142,-1.6758259135940534e-07
7760,-1.6785715928335776e-07
731,-1.6810617609053224e-07
1931,-1.7003773677970457e-07
2518,-1.7007339891961237e-07
3796,-1.7012759911949615e-07
6842,-1.703353120774409e-07
7312,-1.7078406244763755e-07
4840,-1.713884643095298e-07
6961,-1.7139080199513046e-07
2599,-1.7176149924580386e-07
4907,-1.7213550052019855e-07
6932,-1.7249082873149746e-07
2747,-1.729524186089293e-07
5875,-1.7296576970693422e-07
4496,-1.730523990772781e-07
1920,-1.7321751499821403e-07
3313,-1.7365323401463684e-07
6862,-1.7377796268647216e-07
6116,-1.7400588347982193e-07
3181,-1.7408453345524322e-07
6032,-1.7458521028856921e-07
5995,-1.7506199867511896e-07
3016,-1.7516550343543713e-07
4312,-1.7543533914476939e-07
1327,-1.7562818754868204e-07
5130,-1.763561812140324e-07
4962,-1.7639272442693255e-07
2303,-1.7660089213222818e-07
7234,-1.7695040810394858e-07
7896,-1.77295930825494e-07
6297,-1.775465534592513e-07
4585,-1.7815490593875438e-07
7491,-1.781563128133712e-07
3276,-1.7821923137262274e-07
7731,-1.7844885036311098e-07
1316,-1.794627664253312e-07
3689,-1.800158671017016e-07
5557,-1.805234788321286e-07
2644,-1.8053724204492028e-07
6123,-1.8092644893386023e-07
6158,-1.8101462728736806e-07
2486,-1.8106381105553737e-07
6419,-1.8211056129757708e-07
940,-1.8300060844467225e-07
3876,-1.8414159086432846e-07
1877,-1.841635395294361e-07
6137,-1.844093020508808e-07
1420,-1.8592201911360462e-07
6938,-1.8598539242020706e-07
3771,-1.8604269058641876e-07
6395,-1.8631749298947398e-07
5379,-1.865469982931245e-07
1893,-1.8795052625364406e-07
5687,-1.8799378409539713e-07
5936,-1.8847146776579393e-07
2348,-1.8860822592614568e-07
344,-1.8920196964700153e-07
2678,-1.8937743107017013e-07
3323,-1.9001439000021492e-07
2653,-1.9004197326921712e-07
1547,-1.9014781571513595e-07
3336,-1.9015121210941288e-07
5527,-1.9032430031984404e-07
2943,-1.9051213939746958e-07
5984,-1.905335551555254e-07
3467,-1.9058892064549582e-07
1358,-1.906358306769107e-07
435,-1.9082715851936882e-07
4757,-1.9087898550651516e-07
5306,-1.9114219185212278e-07
6513,-1.9130845885229064e-07
3902,-1.9143197249604782e-07
691,-1.9299921660831387e-07
7604,-1.9334284218075481e-07
1045,-1.9384997074212151e-07
1222,-1.9406797946430743e-07
7423,-1.948921806160797e-07
1444,-1.950080488200001e-07
7215,-1.9510200388594967e-07
1156,-1.9528292938275627e-07
7788,-1.965511700063871e-07
3631,-1.9725096223055516e-07
1962,-1.9731113809484668e-07
3844,-1.9884089397237403e-07
320,-1.9932703310132638e-07
6021,-1.996113354607587e-07
858,-1.997278076260045e-07
1592,-2.000774586008447e-07
282,-2.0035694348052857e-07
862,-2.0044759452275684e-07
1764,-2.0049485272011225e-07
6323,-2.0058868699379673e-07
3282,-2.0155074054173383e-07
3914,-2.0170983816569787e-07
7594,-2.0192786820416586e-07
4290,-2.0295087210797647e-07
232,-2.0321939331324756e-07
5739,-2.0408295853258096e-07
7174,-2.0442702464151807e-07
7405,-2.045270193207216e-07
1457,-2.057526984344804e-07
7640,-2.0581553172860367e-07
6255,-2.0732515793042694e-07
1670,-2.0739084760634796e-07
2278,-2.0848762005698518e-07
5203,-2.1000129635240228e-07
729,-2.104936385194378e-07
6524,-2.1070311362336724e-07
1136,-2.1073067557608738e-07
7053,-2.1077620715459489e-07
7795,-2.125731839441869e-07
2594,-2.125920843809581e-07
6077,-2.1465103827722487e-07
4390,-2.1530414073822612e-07
4040,-2.1693607266115578e-07
2027,-2.1971337105242128e-07
3559,-2.206808176197228e-07
5299,-2.2073904659691834e-07
1948,-2.2156540069317998e-07
811,-2.2176357106218347e-07
5664,-2.2197640703325305e-07
6797,-2.220230541638557e-07
7721,-2.221822086312386e-07
4296,-2.241644878608895e-07
7634,-2.2439721902856036e-07
3735,-2.2454105419456027e-07
2650,-2.2481926720274714e-07
1603,-2.2568303137404655e-07
1011,-2.2580784531101017e-07
5877,-2.2606533889302227e-07
4341,-2.2632457330473699e-07
6467,-2.2664033849650878e-07
7828,-2.2697016532902126e-07
242,-2.284248097339514e-07
6767,-2.28584553951805e-07
6221,-2.2880478667275383e-07
3068,-2.2928873733008004e-07
6473,-2.2952224298933288e-07
7886,-2.29775444893221e-07
6470,-2.310496398649775e-07
201,-2.3160329476468178e-07
7032,-2.3299891438455234e-07
4792,-2.332446982222791e-07
6864,-2.3344621524756803e-07
7849,-2.3350818167955367e-07
4798,-2.3414169447733002e-07
69,-2.3424902195756658e-07
2714,-2.343887359756991e-07
6261,-2.3513745617265158e-07
1733,-2.3537212712199107e-07
2603,-2.3578979124749821e-07
5492,-2.3584929920161812e-07
2350,-2.363917914749436e-07
667,-2.3713138830316893e-07
241,-2.3770010670887132e-07
4124,-2.3782911284797592e-07
5368,-2.3836285123479684e-07
6793,-2.3845403518407693e-07
3443,-2.387149891092122e-07
1172,-2.39167199822532e-07
3818,-2.393940690126328e-07
4071,-2.405410270966968e-07
7253,-2.4075723104033386e-07
3989,-2.411580908301403e-07
4737,-2.412014055153122e-07
3909,-2.4172975798819607e-07
6619,-2.4186412872495566e-07
1347,-2.4186997649167097e-07
6412,-2.419440932044381e-07
1492,-2.4241945340008897e-07
6322,-2.428258909503711e-07
7058,-2.4306412171881675e-07
4127,-2.4413120058852655e-07
2715,-2.4581109414612e-07
6691,-2.4645072471685125e-07
5350,-2.474920250961077e-07
3490,-2.4904704787331866e-07
6079,-2.513510111157302e-07
2270,-2.5249833868201677e-07
5968,-2.5289702421105176e-07
5870,-2.5360036204347125e-07
3471,-2.5611649334678077e-07
5828,-2.563219823059626e-07
1859,-2.5659453228854545e-07
2140,-2.583097540309609e-07
7446,-2.595942447669586e-07
4362,-2.6048449797144713e-07
2606,-2.606842599561787e-07
3109,-2.6076280335018964e-07
6493,-2.6163601773987466e-07
7542,-2.61851610616759e-07
7388,-2.621938506308652e-07
3721,-2.6274233277945314e-07
150,-2.6341211878389004e-07
5226,-2.6415212062147475e-07
7862,-2.6503953165502026e-07
2994,-2.675661363582549e-07
7785,-2.677994075384049e-07
5645,-2.693550129606592e-07
6153,-2.717541462970985e-07
3724,-2.7198827012853144e-07
1868,-2.726610830450227e-07
6686,-2.733166581947444e-07
4988,-2.746420477706124e-07
4331,-2.748349885450807e-07
3887,-2.75045294984011e-07
3648,-2.7546276726297947e-07
243,-2.7947939429395774e-07
5803,-2.8132396323599096e-07
4258,-2.81654436662393e-07
33,-2.8210396862959897e-07
6901,-2.82465379086716e-07
4306,-2.825785259119584e-07
5889,-2.8302032717419934e-07
6008,-2.834500207882229e-07
61,-2.838724810771964e-07
139,-2.851816702786891e-07
6599,-2.862208816623024e-07
1498,-2.872278344057122e-07
5609,-2.8770455173798837e-07
2726,-2.8816566555178724e-07
2683,-2.885264365204421e-07
1269,-2.8927632911290857e-07
4082,-2.892984269919907e-07
7304,-2.906620863996068e-07
7500,-2.913816103955469e-07
7835,-2.937517251666577e-07
6893,-2.9382255206655827e-07
6175,-2.9450501415340113e-07
773,-2.9475762630681857e-07
4092,-2.956748090809924e-07
1035,-2.961048153338197e-07
6356,-2.979467410568759e-07
6396,-3.0059973710194754e-07
4896,-3.0163558051299333e-07
4607,-3.03234628518112e-07
1883,-3.0330336642236944e-07
4249,-3.033038922239939e-07
3670,-3.035569307030528e-07
263,-3.035916336102673e-07
3021,-3.035934241779614e-07
1400,-3.0399736772324104e-07
1751,-3.0416114782383374e-07
1582,-3.042816842935281e-07
4355,-3.0479404244943e-07
1260,-3.085719555429023e-07
6885,-3.0896023872628575e-07
7732,-3.096408107694515e-07
6692,-3.104471062442826e-07
204,-3.128327676904519e-07
5907,-3.1327209626397234e-07
5931,-3.1474957040700247e-07
1811,-3.1664185939916933e-07
2121,-3.1720509241495165e-07
7477,-3.173465046302226e-07
7334,-3.182545356139599e-07
7686,-3.185899686286575e-07
5713,-3.187896169265514e-07
3219,-3.189677926229706e-07
4622,-3.1943579870130634e-07
6044,-3.198361326894883e-07
6159,-3.2059685395324777e-07
5077,-3.2120090054377215e-07
2304,-3.2204903277488484e-07
5512,-3.2228238922016317e-07
2329,-3.2300516750183306e-07
519,-3.2341310429728765e-07
3362,-3.2395948323937773e-07
6202,-3.26064267142101e-07
4921,-3.2853218101536186e-07
6924,-3.287945418151139e-07
4125,-3.300982882592507e-07
7189,-3.303438518287294e-07
4100,-3.3162262980113155e-07
3349,-3.329392370687856e-07
5005,-3.3313860114958516e-07
5261,-3.3357993345362047e-07
500,-3.336875806780881e-07
2054,-3.342436798448034e-07
1391,-3.356967113177234e-07
2004,-3.372310999338879e-07
4495,-3.413401401530791e-07
4728,-3.417627567614545e-07
2666,-3.4282510341654415e-07
2870,-3.4299877427201864e-07
3956,-3.440572129420616e-07
2893,-3.4446493657469546e-07
7101,-3.4505815449392685e-07
3549,-3.456600978779534e-07
7854,-3.471172789204502e-07
6578,-3.4846614482830773e-07
635,-3.502575793845608e-07
4558,-3.504131882436923e-07
6190,-3.533478150075098e-07
3077,-3.5356316629986395e-07
2341,-3.547140323689746e-07
2765,-3.5638345252664294e-07
3324,-3.5674401033247705e-07
1939,-3.588914694319101e-07
1786,-3.596328639332569e-07
4820,-3.5965415179362026e-07
7870,-3.6045508977622376e-07
3480,-3.605811400575476e-07
5043,-3.6081023324641137e-07
6329,-3.6233610956060147e-07
3917,-3.6457558394431544e-07
309,-3.7022488186266855e-07
4650,-3.720328436429554e-07
493,-3.7301880695395084e-07
2567,-3.730310282890059e-07
3773,-3.7519492934734444e-07
487,-3.757682236482651e-07
6845,-3.8020303350094764e-07
1213,-3.810457371855591e-07
2446,-3.8221865850118775e-07
4872,-3.8352533238139586e-07
6062,-3.8504288113472285e-07
821,-3.8656567369343975e-07
3183,-3.8704328630956297e-07
7592,-3.871234355301567e-07
7517,-3.89469875017312e-07
912,-3.896090561283927e-07
730,-3.900287879332609e-07
908,-3.922238107634257e-07
884,-3.9227963100074703e-07
1587,-3.963912433846417e-07
4443,-3.9942170815265854e-07
3593,-4.0098599640714383e-07
1101,-4.03919841573952e-07
3508,-4.070195274152866e-07
2807,-4.0735109507750167e-07
2364,-4.0830745717812533e-07
6621,-4.095463026487778e-07
5843,-4.1121433014268405e-07
2154,-4.1845999021461466e-07
3977,-4.191119558072387e-07
3702,-4.2019311763397127e-07
77,-4.217832554331835e-07
7332,-4.2379387821256387e-07
3355,-4.23798212523252e-07
6118,-4.242494213713144e-07
2507,-4.247282276992337e-07
4920,-4.252992340525452e-07
4034,-4.2637492470021243e-07
6710,-4.2684432344231027e-07
2955,-4.276932230595776e-07
3858,-4.2866513183525967e-07
1998,-4.2967405988747487e-07
6277,-4.3161413998404896e-07
6461,-4.316211885679877e-07
5819,-4.327385312308252e-07
4007,-4.350767000005362e-07
2194,-4.3620175915748405e-07
437,-4.363534316098594e-07
6296,-4.386793222010965e-07
1667,-4.394110675320917e-07
3032,-4.405343361213454e-07
598,-4.4160960044337116e-07
6917,-4.4205408755715325e-07
5287,-4.426670017210199e-07
1454,-4.428062823080836e-07
4789,-4.4311423152976204e-07
250,-4.436294744891711e-07
7255,-4.4418916900212935e-07
4018,-4.448536685686122e-07
2294,-4.549174548174051e-07
3472,-4.5657779423891043e-07
3209,-4.5876103627051634e-07
7228,-4.636463586393802e-07
6041,-4.637401218587911e-07
483,-4.6647643614505796e-07
2734,-4.678077942799064e-07
6685,-4.6840428069572226e-07
4391,-4.6918353291403037e-07
3157,-4.708573442258057e-07
271,-4.733650484922691e-07
632,-4.737938184007362e-07
495,-4.7634381417083205e-07
34,-4.791470757936622e-07
5847,-4.796249442051703e-07
5453,-4.826850812378325e-07
1599,-4.830335171845945e-07
5078,-4.844903855882876e-07
7651,-4.855677389059565e-07
494,-4.859148390323753e-07
7627,-4.884632005541789e-07
1364,-4.89727014496566e-07
1053,-4.898919883089548e-07
5865,-4.933226023240422e-07
279,-4.938232223139494e-07
899,-4.945904663600231e-07
3716,-4.960666615261289e-07
5971,-4.968228779489436e-07
3764,-5.019113302751066e-07
1697,-5.023502467338403e-07
2798,-5.030885574797139e-07
2128,-5.03152421060804e-07
5451,-5.042349471295893e-07
2839,-5.074008981864608e-07
3529,-5.079075435787672e-07
4723,-5.194422669774212e-07
2773,-5.195541632474487e-07
776,-5.213177303176053e-07
4386,-5.221909020747262e-07
1124,-5.237601214957976e-07
5202,-5.241747658146778e-07
7806,-5.243128384790907e-07
4956,-5.248910497357429e-07
6020,-5.252657047094544e-07
875,-5.264055573661608e-07
2558,-5.264310800612293e-07
7212,-5.281779635879502e-07
7417,-5.331793886398373e-07
596,-5.352584366846713e-07
227,-5.35699001602552e-07
4941,-5.382840981837944e-07
5140,-5.394331878960656e-07
1522,-5.39826118028941e-07
3208,-5.402659439823765e-07
3154,-5.427262124158005e-07
7816,-5.428884435332293e-07
2986,-5.437174763756047e-07
3622,-5.448965225696156e-07
1662,-5.459932879148255e-07
5504,-5.508590561476012e-07
5908,-5.515159386959567e-07
6504,-5.578183390753111e-07
4769,-5.634800572806853e-07
6682,-5.647590626267629e-07
6996,-5.687771533757768e-07
2325,-5.798296740522346e-07
1549,-5.817597070745251e-07
1589,-5.851903210896126e-07
4727,-5.859330656221573e-07
352,-5.863682304152462e-07
852,-5.886498968266096e-07
1318,-5.891740784136346e-07
460,-5.922151160575595e-07
1743,-5.940695473327651e-07
6764,-5.95606707065599e-07
4202,-6.010625952512783e-07
219,-6.021329568284273e-07
5277,-6.021488161422894e-07
881,-6.127667688815563e-07
3581,-6.158765017971746e-07
4086,-6.172195128328894e-07
2977,-6.196943900249607e-07
7851,-6.202167810442916e-07
4782,-6.286102234298596e-07
873,-6.323775778582785e-07
528,-6.343862537505629e-07
7377,-6.395559921656968e-07
5790,-6.452576144511113e-07
5744,-6.482709409283416e-07
1979,-6.504072302959685e-07
1564,-6.537224521707685e-07
1315,-6.571644064479187e-07
6200,-6.573666837539349e-07
5924,-6.577230635684828e-07
3363,-6.599484265734645e-07
4784,-6.600569690817792e-07
5688,-6.618089116727788e-07
7223,-6.6243507035324e-07
7248,-6.658683844307234e-07
7462,-6.731911810220481e-07
3681,-6.734112787398772e-07
3894,-6.734737780789146e-07
5395,-6.833812449258403e-07
1036,-6.86657415371883e-07
6990,-6.89377202434116e-07
104,-6.908076670697483e-07
3935,-6.93475925572784e-07
130,-6.965699981265061e-07
4577,-6.97441720376446e-07
53,-6.975923270147177e-07
3357,-6.993900285579002e-07
2832,-6.996099841671821e-07
1828,-7.019402801233809e-07
1755,-7.04644946836197e-07
4211,-7.148202598727948e-07
576,-7.152456191761303e-07
4149,-7.155195476116205e-07
4533,-7.182095487223705e-07
609,-7.221792088785151e-07
7939,-7.233385304061812e-07
2580,-7.250928319990635e-07
6174,-7.25486899000316e-07
443,-7.320225279272563e-07
2007,-7.393095131646987e-07
7349,-7.441765887961083e-07
3888,-7.469776619473123e-07
2514,-7.476235737158277e-07
6776,-7.492289171295852e-07
3100,-7.496807370444003e-07
7393,-7.575002030080213e-07
7624,-7.608203986819717e-07
7115,-7.804828783264384e-07
5256,-7.819709253453766e-07
453,-7.896120450823219e-07
4299,-8.087199603323825e-07
7662,-8.103220352495555e-07
2904,-8.107025166737003e-07
5521,-8.115045773138263e-07
5307,-8.18291368887003e-07
5472,-8.187921025637479e-07
6039,-8.197744705285004e-07
3783,-8.204958703572629e-07
6459,-8.23114760351018e-07
7661,-8.272900231531821e-07
4146,-8.278216512280778e-07
6319,-8.330520699928456e-07
5246,-8.383162537484168e-07
3816,-8.40018714143298e-07
4342,-8.40309269278805e-07
4627,-8.453322664081497e-07
573,-8.463744904929627e-07
100,-8.506501103511255e-07
3135,-8.534619553302036e-07
2098,-8.54549114137626e-07
1186,-8.573135801270837e-07
2930,-8.603844605659106e-07
5882,-8.62170736581902e-07
1542,-8.735587186947669e-07
4247,-8.810436042949732e-07
5987,-8.819551169381157e-07
6670,-8.868813097251405e-07
1956,-8.890239087122609e-07
3825,-8.940470763718622e-07
831,-8.967496682998899e-07
7474,-8.995992288873822e-07
5565,-9.021959215260722e-07
3568,-9.024911946653447e-07
6377,-9.026589395944029e-07
2620,-9.047859066413366e-07
5947,-9.093311916785751e-07
3757,-9.108401854973636e-07
6151,-9.124558459916443e-07
7214,-9.139865255747281e-07
6427,-9.151538620244537e-07
3056,-9.20590537134558e-07
3384,-9.212323845986248e-07
2480,-9.236370317466935e-07
1750,-9.24399301993617e-07
2332,-9.258880027118721e-07
7649,-9.25934614315338e-07
1380,-9.281373536396131e-07
6430,-9.356886323530489e-07
4052,-9.466411370340211e-07
2963,-9.471122552895395e-07
7461,-9.506507296919153e-07
5293,-9.510942220458674e-07
4478,-9.517821695226303e-07
4531,-9.539224947729963e-07
2735,-9.547511581331491e-07
798,-9.557338387367054e-07
5364,-9.578766935192107e-07
2908,-9.579295010553324e-07
1841,-9.645553404880047e-07
7320,-9.67013505714931e-07
5693,-9.676290630977746e-07
3412,-9.717517741592019e-07
4417,-9.718159219573863e-07
6695,-9.721595688461093e-07
2571,-9.832014882249496e-07
1586,-9.839038170866843e-07
6031,-9.906028708428494e-07
2422,-1.005676779186615e-06
1475,-1.0173398550250567e-06
2013,-1.0200581641583994e-06
4379,-1.0229468898614869e-06
3352,-1.0231695455331646e-06
5250,-1.0236420280307357e-06
4697,-1.0279269417878822e-06
663,-1.0368678999839176e-06
6612,-1.038781022089097e-06
6744,-1.0435575177325518e-06
4051,-1.0445484690535523e-06
1077,-1.0470423603692325e-06
536,-1.0525401421546121e-06
4899,-1.0568195421001292e-06
1596,-1.0658537803465151e-06
7754,-1.0733683097896574e-06
1800,-1.0858712471417675e-06
6519,-1.0910483752013533e-06
6169,-1.0920798558800016e-06
2302,-1.0921863236035279e-06
4059,-1.097533981919696e-06
151,-1.1096811931565753e-06
6244,-1.1208155683561927e-06
1546,-1.1241932043049019e-06
5956,-1.1315905226183531e-06
4301,-1.1348590192028496e-06
916,-1.1362801615177887e-06
888,-1.1571679578992189e-06
5208,-1.1625832030404126e-06
947,-1.1628911238403816e-06
5255,-1.168000210327591e-06
6964,-1.1747571875275753e-06
3694,-1.1778014368246659e-06
3829,-1.186093584237824e-06
3113,-1.1909293675671506e-06
5772,-1.1921330269615282e-06
3233,-1.194760216094437e-06
6601,-1.1955807508456928e-06
6424,-1.2052354350089445e-06
6741,-1.2084493619113346e-06
2306,-1.2130359436923754e-06
7563,-1.218124566548795e-06
1627,-1.221610887114366e-06
7716,-1.2223138128319988e-06
2047,-1.22736292951231e-06
6687,-1.2391359973662475e-06
7674,-1.2395573207868438e-06
781,-1.242526195710525e-06
7287,-1.242869984707795e-06
2076,-1.2454677857931529e-06
7160,-1.24585164940072e-06
7434,-1.2463179359656351e-06
4656,-1.2481237945394241e-06
7988,-1.2486660807553562e-06
7407,-1.251136495739047e-06
6415,-1.2697968827524164e-06
830,-1.2862165590377117e-06
1109,-1.2875486277152959e-06
7132,-1.3085925729683368e-06
1572,-1.3110514487379987e-06
433,-1.3121924666847917e-06
4890,-1.3316242188921024e-06
1801,-1.3332966091184062e-06
3741,-1.3366837379180652e-06
5001,-1.3399009048953303e-06
3912,-1.345907094219001e-06
638,-1.356758616566367e-06
4935,-1.3584421481027675e-06
806,-1.3775179468211718e-06
7399,-1.3904481193094398e-06
1141,-1.3943576391284296e-06
210,-1.3959851230538334e-06
1461,-1.3961054037281428e-06
6018,-1.4328214774650405e-06
6568,-1.4332212572298886e-06
829,-1.4375583532455494e-06
5283,-1.439325558294513e-06
4960,-1.4423219454329228e-06
7609,-1.4542170561071543e-06
3896,-1.4785205166845117e-06
6888,-1.499045254149678e-06
1935,-1.5053826132316317e-06
5033,-1.5063530440784234e-06
1231,-1.5170464848779375e-06
4209,-1.5220302316265588e-06
3270,-1.5406792499561561e-06
3949,-1.5431776319019264e-06
4845,-1.5448473504875437e-06
699,-1.5459748965440667e-06
4667,-1.5607255932081898e-06
1173,-1.5612125707775704e-06
5949,-1.5766558476570935e-06
1669,-1.5784833067300497e-06
3619,-1.5869454728090204e-06
170,-1.5895714113867143e-06
6690,-1.592874980360648e-06
1309,-1.6278785892609449e-06
6201,-1.646931991672318e-06
226,-1.6785389789220062e-06
6141,-1.6877520465641282e-06
5493,-1.6966255884653947e-06
700,-1.6997215652736486e-06
4103,-1.711688639716158e-06
4970,-1.7152605664705334e-06
1676,-1.7179376072817831e-06
2573,-1.75386583123327e-06
103,-1.7552560507283488e-06
4453,-1.7776528693502769e-06
5611,-1.7893395920509647e-06
6844,-1.8054290649160976e-06
4661,-1.8116688806912862e-06
1089,-1.8153556311517605e-06
6615,-1.817414840843412e-06
5721,-1.8276396076544188e-06
2759,-1.8329736803934793e-06
7843,-1.8496605775908392e-06
380,-1.8507087702346325e-06
3751,-1.8818528815245372e-06
7564,-1.8829928762897907e-06
6458,-1.8999614894710248e-06
2934,-1.9000583506567637e-06
814,-1.9221155298509984e-06
7710,-1.9691798343046685e-06
5420,-1.9693679860210977e-06
6672,-1.9733562339752098e-06
6285,-1.980709384952206e-06
6620,-1.990381633731886e-06
4947,-1.9932534769395716e-06
4279,-2.001529196604679e-06
6986,-2.0062980183865875e-06
5018,-2.0101772975067433e-06
7756,-2.038335765064403e-06
2444,-2.041643256234238e-06
778,-2.079213572869776e-06
4216,-2.088786004605936e-06
7323,-2.0951030137439375e-06
1566,-2.098767254210543e-06
4587,-2.1321812937458162e-06
7232,-2.142723815268255e-06
5179,-2.1466578346007736e-06
1148,-2.158268330276769e-06
3086,-2.163797091725428e-06
7025,-2.169892468373291e-06
6468,-2.215414042439079e-06
4865,-2.2370420538209146e-06
7658,-2.23819142775028e-06
2060,-2.2442068257078063e-06
179,-2.271891844429774e-06
5796,-2.320311750736437e-06
1519,-2.34128322063043e-06
751,-2.369147523495485e-06
3686,-2.3823928358979174e-06
6006,-2.3903447754491935e-06
4654,-2.3983968731045024e-06
7714,-2.40374106397212e-06
74,-2.465900479364791e-06
3571,-2.4688172288733767e-06
7776,-2.4689917381692794e-06
6000,-2.4942831942098564e-06
5392,-2.5132133032457205e-06
3392,-2.567888373050664e-06
3727,-2.5717197331687203e-06
3926,-2.589414179965388e-06
4072,-2.6003766606663703e-06
2698,-2.6054204909087275e-06
4383,-2.6303432605345733e-06
2730,-2.64963000518037e-06
568,-2.6527135332798935e-06
7044,-2.6571763100946555e-06
3437,-2.6713501029007602e-06
1894,-2.6718281560533796e-06
7204,-2.6754645432447433e-06
1984,-2.6968731390297762e-06
7068,-2.708050146793539e-06
4427,-2.7212954591959715e-06
3994,-2.7226442398387007e-06
400,-2.7233924129177467e-06
557,-2.7255274517301586e-06
207,-2.7556661734706722e-06
7989,-2.758793584689556e-06
2406,-2.7717694592865882e-06
1873,-2.7778330604633084e-06
6953,-2.78545689980092e-06
1715,-2.7860211275765323e-06
7913,-2.788158326438861e-06
7840,-2.804983296300634e-06
5052,-2.895128091040533e-06
202,-2.903547738242196e-06
4900,-2.941508341791632e-06
7995,-2.9855594902983285e-06
3451,-2.9979407827340765e-06
6780,-3.0008990279384307e-06
5973,-3.0078276722633746e-06
6518,-3.0403135724554886e-06
760,-3.0474737968688714e-06
6465,-3.0495461942336988e-06
779,-3.0537028123944765e-06
658,-3.0629346383648226e-06
111,-3.081317004216544e-06
7480,-3.088719722654787e-06
560,-3.141538059026061e-06
2162,-3.1827430575503968e-06
3906,-3.1961371860234067e-06
4233,-3.2290196259054937e-06
7187,-3.2578188893239712e-06
2166,-3.2641070220051915e-06
63,-3.285682510068e-06
5253,-3.288184984739928e-06
6927,-3.310330271233397e-06
1974,-3.311804562144971e-06
4786,-3.352842441017856e-06
3743,-3.365297175150772e-06
2319,-3.38940799338161e-06
3098,-3.4082314641636913e-06
2210,-3.420150619604101e-06
5746,-3.4286615573364543e-06
1338,-3.4540828437457094e-06
3229,-3.4569324043332017e-06
6770,-3.4976925462615327e-06
1208,-3.509337489049358e-06
5499,-3.513411456879112e-06
1718,-3.521043254295364e-06
6590,-3.5400609021962737e-06
2812,-3.5508580822352087e-06
2245,-3.563522341210046e-06
5454,-3.5798119597529876e-06
3617,-3.583325451472774e-06
4101,-3.5995988127979217e-06
3461,-3.619817334765685e-06
1138,-3.633014898696274e-06
2621,-3.669582611109945e-06
3592,-3.702690833051747e-06
7878,-3.7078611967444886e-06
5599,-3.7130455439182697e-06
3018,-3.718593234225409e-06
1055,-3.727810508280527e-06
7780,-3.7510897072934313e-06
5911,-3.759446599360672e-06
385,-3.7639275660694693e-06
4815,-3.7844927192054456e-06
404,-3.839065243482764e-06
4315,-3.902183152604266e-06
7744,-3.990998720837524e-06
4551,-4.009276153738028e-06
3114,-4.057588284922531e-06
2051,-4.078868869328289e-06
4357,-4.117347089049872e-06
7419,-4.161428478255402e-06
6544,-4.193588893031119e-06
1256,-4.229727210258716e-06
96,-4.2373183077870635e-06
4407,-4.3234610984654864e-06
7217,-4.353688836999936e-06
4179,-4.397970769787207e-06
622,-4.400297939355369e-06
3268,-4.5099911858415e-06
5560,-4.557525244308636e-06
4323,-4.642557541956194e-06
4326,-4.657542831409955e-06
6250,-4.754878318635747e-06
2149,-4.92333833790326e-06
1976,-5.009013193557621e-06
4505,-5.096073664390133e-06
2950,-5.13934537593741e-06
2959,-5.14190264766512e-06
6607,-5.152631047167233e-06
7600,-5.17762759955076e-06
2307,-5.18718456987699e-06
92,-5.232202511251671e-06
5814,-5.29339399690798e-06
4614,-5.326917289494304e-06
532,-5.340654524843558e-06
4031,-5.350755373001448e-06
2287,-5.391141030486324e-06
2723,-5.50603590454557e-06
212,-5.559325018111849e-06
7591,-5.727315510739572e-06
7283,-5.7648207985039335e-06
7200,-5.777490514446981e-06
413,-5.836550826643361e-06
3870,-5.9857543419639114e-06
2409,-6.01146984990919e-06
2016,-6.0405325257306686e-06
4951,-6.0720403780578636e-06
5205,-6.125768777565099e-06
5239,-6.147736257844372e-06
6207,-6.152681635285262e-06
2059,-6.21226445218781e-06
2543,-6.315338850981789e-06
1682,-6.333434157568263e-06
324,-6.354677680064924e-06
3055,-6.3979255173762795e-06
5881,-6.426744903365034e-06
4068,-6.475345571743674e-06
2949,-6.536742603202583e-06
756,-6.615485517613706e-06
7799,-6.640010269620689e-06
7136,-6.694407829854754e-06
4525,-6.729962706231163e-06
7295,-6.767300192223047e-06
6220,-6.8594140429922845e-06
2188,-6.860864914415288e-06
6462,-6.863898761366727e-06
5823,-6.992472435740638e-06
1766,-6.996452839302947e-06
3088,-7.0004314238758525e-06
4043,-7.044671519906842e-06
7145,-7.051514103295631e-06
2973,-7.153479373300797e-06
6834,-7.262270173669094e-06
2873,-7.288128472282551e-06
1104,-7.515212473663269e-06
857,-7.533483312727185e-06
5586,-7.667552836210234e-06
7336,-7.678110705455765e-06
5532,-7.689205176575342e-06
1647,-7.756998911645496e-06
199,-7.861077392590232e-06
2744,-7.982537454154226e-06
6954,-8.199196145142196e-06
2454,-8.208050530811306e-06
7464,-8.209583938878495e-06
6737,-8.249364327639341e-06
7390,-8.314457772939932e-06
4983,-8.376179266633699e-06
2953,-8.497413546137977e-06
6675,-8.653090844745748e-06
4553,-8.749950211495161e-06
1927,-8.967372195911594e-06
6959,-9.07001958694309e-06
4565,-9.07850971998414e-06
3790,-9.105612662096974e-06
7071,-9.172517366096145e-06
4196,-9.220654646924231e-06
3899,-9.298888016928686e-06
6411,-9.409143331140513e-06
1314,-9.453187885810621e-06
4161,-9.751771358423866e-06
2688,-9.794764082471374e-06
2384,-9.864529602054972e-06
639,-9.87721978162881e-06
7707,-1.0124503660335904e-05
3406,-1.0470099368831143e-05
4524,-1.0555838343861979e-05
2661,-1.060136673913803e-05
4717,-1.063420313585084e-05
5938,-1.0677652880985988e-05
7859,-1.0946986094495514e-05
2276,-1.1002061910403427e-05
2040,-1.1082144283136586e-05
6019,-1.1093045941379387e-05
2296,-1.1296896900603315e-05
7507,-1.1324807019263972e-05
283,-1.1349055967002641e-05
7226,-1.1391303360142047e-05
5910,-1.1450864803919103e-05
6441,-1.1922726116608828e-05
5242,-1.2342967693257378e-05
2740,-1.2401911590131931e-05
6507,-1.253551454283297e-05
6236,-1.2596542546816636e-05
5351,-1.2775714822055306e-05
6496,-1.2958888873981778e-05
5417,-1.3126698377163848e-05
4370,-1.3186421256250469e-05
3869,-1.3733286323258653e-05
7755,-1.4081524568609893e-05
1386,-1.4355214261740912e-05
5536,-1.457646612834651e-05
7581,-1.4605549040425103e-05
659,-1.4701251529913861e-05
5869,-1.5024535059637856e-05
7453,-1.6066847820184194e-05
4268,-1.646235705266008e-05
2736,-1.6956009858404286e-05
2997,-1.6964836504484992e-05
1888,-1.697360767138889e-05
2958,-1.7087848391383886e-05
5544,-1.71975334524177e-05
7839,-1.7340022168355063e-05
2271,-1.785496988304658e-05
2111,-1.8109472875948995e-05
3064,-1.8379649191047065e-05
3304,-1.85104281626991e-05
6745,-1.8996390281245112e-05
1354,-1.9059231817664113e-05
2877,-1.922355659189634e-05
2922,-1.9305159185023513e-05
662,-1.9349912690813653e-05
2432,-1.974525184778031e-05
1181,-2.0185616449452937e-05
4849,-2.065839453280205e-05
3916,-2.094697265420109e-05
6648,-2.2710866687702946e-05
269,-2.2775368051952682e-05
2721,-2.3134714865591377e-05
3798,-2.3348061404249165e-05
149,-2.3658563804929145e-05
7943,-2.377667260589078e-05
6280,-2.3879987566033378e-05
853,-2.4865424165909644e-05
3893,-2.486603807483334e-05
1292,-2.532598955440335e-05
322,-2.5718307369970717e-05
4095,-2.585183574410621e-05
6308,-2.664621570147574e-05
3778,-2.6669662474887446e-05
7000,-2.8949272746103816e-05
718,-2.9039985747658648e-05
7796,-2.9277969588292763e-05
7028,-3.053114323847694e-05
2499,-3.060484414163511e-05
2663,-3.1194558687275276e-05
3043,-3.2543819543207064e-05
1872,-3.271555215178523e-05
7783,-3.317460141261108e-05
1048,-3.3738542697392404e-05
1506,-3.451642442087177e-05
5300,-3.452552300586831e-05
1190,-3.476204437902197e-05
1588,-3.603229743021075e-05
5324,-3.604896664910484e-05
4888,-3.608690167311579e-05
2679,-3.6391496905707754e-05
3879,-3.6753113818122074e-05
4965,-3.812430441030301e-05
4927,-3.8722544559277594e-05
4754,-3.911426210834179e-05
6310,-3.981477675552014e-05
7308,-3.9901724449009635e-05
6209,-3.997683415946085e-05
6043,-4.004282163805328e-05
7962,-4.0183607779908925e-05
2357,-4.0466111386194825e-05
386,-4.0691769754630513e-05
5380,-4.221072049404029e-05
6916,-4.2447889427421615e-05
7571,-4.261841422703583e-05
7741,-4.305524817027617e-05
5016,-4.4177291783853434e-05
3612,-4.853267273574602e-05
3932,-5.3685093007516116e-05
2355,-5.4170488510862924e-05
5648,-5.453676021716092e-05
6358,-5.46559713257011e-05
3791,-6.0337712056934834e-05
621,-6.154476614028681e-05
1951,-6.246295743039809e-05
675,-6.477230635937303e-05
1019,-6.582254718523473e-05
7673,-6.702899554511532e-05
1703,-7.132446989999153e-05
1579,-7.322676901821978e-05
2617,-7.623797137057409e-05
2852,-7.793477561790496e-05
5655,-8.862854883773252e-05
524,-0.00010070794451166876
1016,-0.00010278153786202893
1356,-0.00010643753557815216
6659,-0.00011643063044175506
1067,-0.00012041988156852312
3211,-0.00012316895299591124
546,-0.00012787355080945417
6800,-0.0001286311016883701
7119,-0.00013363851030590013
3865,-0.00013541258522309363
3358,-0.00015550349053228274
5830,-0.00015912701201159507
4488,-0.0001685627066763118
6224,-0.00017231997480848804
1763,-0.00018664773233467713
87,-0.00020870882144663483
3493,-0.00022736305982107297
3502,-0.00023453456378774717
4714,-0.00024314297479577363
1629,-0.00026075338246300817
