Train_ID,Score
5583,0.00019179820810677484
4015,0.0001869859770522453
577,0.00017012564785545692
4852,0.00013398915325524285
6202,0.00013338078861124814
3633,0.0001266525432583876
3351,0.00012164524378022179
2642,0.00011742763308575377
4423,0.00011568116315174848
6355,0.00010452270362293348
6876,0.00010263854346703738
25,0.00010233216744381934
4958,0.00010153683979297057
4549,9.937470167642459e-05
5473,9.600530756870285e-05
1530,9.230366049450822e-05
7917,9.119243259192444e-05
6914,8.841327144182287e-05
7874,8.773120498517528e-05
600,8.767332474235445e-05
4950,8.639445513836108e-05
2892,8.582731243222952e-05
6189,8.559728303225711e-05
7382,8.399227954214439e-05
1966,8.385163528146222e-05
2587,8.284270370495506e-05
81,8.136206815834157e-05
1229,8.133408118737862e-05
3649,8.110004273476079e-05
1427,8.068373426795006e-05
3957,8.019946108106524e-05
6460,7.979768270161003e-05
3381,7.957991692819633e-05
4363,7.944922617753036e-05
1192,7.86972523201257e-05
3191,7.837778321118094e-05
5579,7.831373295630328e-05
1515,7.66739176469855e-05
2293,7.516687765019014e-05
4532,7.473744335584342e-05
5799,7.470912532880902e-05
5850,7.445666051353328e-05
3420,7.391560939140618e-05
1890,7.352147440542467e-05
5228,7.311575609492138e-05
4914,7.294369061128236e-05
2649,7.282924343599007e-05
6789,7.234516669996083e-05
752,7.224206638056785e-05
1740,7.187770097516477e-05
4954,7.180001193773933e-05
1212,7.164360795286484e-05
4441,7.159427696024068e-05
3308,7.109859870979562e-05
717,7.063152952468954e-05
2897,7.057799666654319e-05
4046,7.056803588056937e-05
3009,7.040896161925048e-05
5672,6.995102376095019e-05
7426,6.913868855917826e-05
2271,6.88428153807763e-05
7702,6.761786062270403e-05
3348,6.734540511388332e-05
4769,6.697985372738913e-05
5933,6.672931340290233e-05
6741,6.637766637140885e-05
385,6.529947859235108e-05
3683,6.527911318698898e-05
3119,6.515912536997348e-05
1684,6.515055792988278e-05
6804,6.457286508521065e-05
7958,6.4514359110035e-05
1733,6.445385588449426e-05
6934,6.443211532314308e-05
1724,6.40542566543445e-05
4845,6.343735003611073e-05
3074,6.31346701993607e-05
1836,6.279211083892733e-05
5021,6.273395410971716e-05
7794,6.263791328819934e-05
3908,6.24896347289905e-05
5234,6.232317900867201e-05
1504,6.213903907337226e-05
273,6.194242087076418e-05
5985,6.131931695563253e-05
3851,6.117831435403787e-05
7003,6.09951421211008e-05
1799,6.0947493693674915e-05
5806,6.0684698837576434e-05
2666,6.05629993515322e-05
4669,6.00649364059791e-05
6067,5.93247441429412e-05
7953,5.913064524065703e-05
1008,5.852949107065797e-05
2753,5.810918446513824e-05
1000,5.7623630709713325e-05
4175,5.7427700085099787e-05
6601,5.707321179215796e-05
7970,5.702800990547985e-05
6330,5.6786979257594794e-05
5662,5.657185829477385e-05
4862,5.64648762519937e-05
4676,5.645496457873378e-05
3715,5.641830284730531e-05
7880,5.59030486328993e-05
161,5.54788566660136e-05
1046,5.53793870494701e-05
1466,5.5207170589710586e-05
59,5.468171730171889e-05
7121,5.462196531880181e-05
6438,5.447584408102557e-05
2781,5.414912448031828e-05
5375,5.302588579070289e-05
6222,5.23450016771676e-05
1122,5.2338149544084445e-05
6852,5.151530967850704e-05
4869,5.1338014600332826e-05
4497,5.10029676661361e-05
1737,5.052705455454998e-05
3481,4.9628222768660635e-05
4099,4.923459709971212e-05
5973,4.9165300879394636e-05
2792,4.89778376504546e-05
959,4.8940728447632864e-05
5323,4.8817637434694916e-05
2717,4.8593290557619184e-05
3842,4.852814345213119e-05
4387,4.844445538765285e-05
4736,4.81100105389487e-05
623,4.809663732885383e-05
4231,4.802725379704498e-05
6052,4.801195609616116e-05
5272,4.796686516783666e-05
2495,4.791215906152502e-05
743,4.775249726662878e-05
3165,4.7527440983685665e-05
6768,4.710556459031068e-05
109,4.706972686108202e-05
7428,4.704222737927921e-05
4292,4.666722088586539e-05
4092,4.648442700272426e-05
6336,4.586093928082846e-05
3312,4.578238622343633e-05
4107,4.571606405079365e-05
91,4.558965883916244e-05
5717,4.52434724138584e-05
3368,4.4987436922383495e-05
3955,4.486711259232834e-05
4428,4.48158443759894e-05
6537,4.463026016310323e-05
3357,4.455476664588787e-05
5407,4.384515341371298e-05
3272,4.3715996071114205e-05
5327,4.327900751377456e-05
777,4.320399966672994e-05
1574,4.317594721214846e-05
4793,4.2855943320319057e-05
7455,4.230136619298719e-05
3974,4.230083868606016e-05
14,4.215136505081318e-05
1158,4.1657305700937286e-05
6716,4.1524948755977675e-05
2061,4.13719353673514e-05
7785,4.113976137887221e-05
822,4.086442095285747e-05
2329,4.048524715472013e-05
7961,4.0297660234500654e-05
3120,4.0023165638558567e-05
4939,3.9742579247104004e-05
6694,3.961947913921904e-05
4922,3.92207639379194e-05
543,3.9198148442665115e-05
5590,3.8690528526785783e-05
7691,3.8594862417085096e-05
7011,3.859178286802489e-05
3620,3.8569982280023396e-05
4472,3.851811015920248e-05
4434,3.845373430522159e-05
1754,3.841034595097881e-05
3461,3.7721198168583214e-05
1099,3.7243677070364356e-05
3537,3.717189792951103e-05
4692,3.7133644582354464e-05
6545,3.707377618411556e-05
1245,3.702079447975848e-05
4424,3.6972351153963245e-05
6581,3.686945638037287e-05
2701,3.6694822483696043e-05
509,3.66787953680614e-05
3425,3.625600038503762e-05
2316,3.620502866397146e-05
4927,3.59459372702986e-05
4347,3.5847122489940375e-05
7772,3.578745963750407e-05
4507,3.561237463145517e-05
6283,3.559445212886203e-05
3523,3.5428747651167214e-05
5324,3.541180558386259e-05
5711,3.539880890457425e-05
1059,3.532400296535343e-05
994,3.5263472454971634e-05
2881,3.4832961318898015e-05
6254,3.4631859307410195e-05
7363,3.461674532445613e-05
1469,3.458290666458197e-05
6520,3.4386224797344767e-05
4534,3.377648681635037e-05
3497,3.366582313901745e-05
632,3.366514283698052e-05
1241,3.3300326322205365e-05
6618,3.320429277664516e-05
5462,3.311054933874402e-05
1060,3.301695323898457e-05
1233,3.2959495001705363e-05
688,3.277649011579342e-05
2199,3.277629002695903e-05
4503,3.2755197025835514e-05
6302,3.2645904866512865e-05
6975,3.2569572795182467e-05
5279,3.24929496855475e-05
3505,3.228381865483243e-05
4899,3.2223739253822714e-05
3594,3.1744893931318074e-05
1284,3.160694359394256e-05
7501,3.158848994644359e-05
2541,3.157298306177836e-05
7173,3.149901567667257e-05
5689,3.134443250019103e-05
7182,3.113140519417357e-05
1265,3.109788849542383e-05
1588,3.084445143031189e-05
4290,3.076313623751048e-05
3578,3.0632767447968945e-05
292,3.0401253752643242e-05
7212,2.9886683478252962e-05
5042,2.9851826184312813e-05
7698,2.981811030622339e-05
4985,2.9805272788507864e-05
460,2.9798686227877624e-05
2526,2.9781927878502756e-05
2950,2.9766453735646792e-05
5111,2.9667872695426922e-05
5358,2.9372766221058555e-05
2639,2.9293036277522333e-05
4128,2.9245713449199684e-05
7031,2.8764190574293025e-05
4302,2.8463305170589592e-05
3634,2.8457243388402276e-05
40,2.8366822334646713e-05
784,2.804264659062028e-05
7893,2.7980265258520376e-05
1105,2.794353804347338e-05
1379,2.7931168006034568e-05
6662,2.7858207431563642e-05
5673,2.781517196126515e-05
6177,2.7785322345152963e-05
5404,2.768300510069821e-05
6383,2.7620027140073944e-05
3427,2.753856824710965e-05
7059,2.681792375369696e-05
2536,2.6782531676872168e-05
4370,2.6723445444076788e-05
3471,2.6675539629650302e-05
7126,2.6668822101783007e-05
6226,2.6658573005988728e-05
6533,2.6580633857520297e-05
2044,2.6574256480671465e-05
1621,2.655900698300684e-05
1478,2.654635227372637e-05
3082,2.6430068828631192e-05
2075,2.6416292712383438e-05
6414,2.629161190270679e-05
3688,2.6280944439349696e-05
2436,2.6008798158727586e-05
3364,2.596019385237014e-05
5820,2.5875341634673532e-05
1923,2.5862107577268034e-05
5477,2.5794382963795215e-05
6833,2.5757051844266243e-05
2660,2.5739676857483573e-05
3730,2.5720272788021248e-05
3987,2.5671854928077664e-05
3628,2.5628344701544847e-05
6866,2.5520237613818608e-05
3335,2.5332641598652117e-05
7809,2.5328938136226498e-05
4256,2.5293833459727466e-05
3702,2.517720167816151e-05
3635,2.514743300707778e-05
1827,2.5081735657295212e-05
5984,2.5035933504113927e-05
7330,2.5021357942023315e-05
5057,2.4958077119663358e-05
1618,2.4888582629500888e-05
1037,2.4884968297556043e-05
630,2.4767089598753955e-05
3342,2.4758611289144028e-05
6836,2.456449692544993e-05
1495,2.4526359993615188e-05
2862,2.4507695343345404e-05
7281,2.444045094307512e-05
2873,2.428578955004923e-05
4051,2.4215759367507417e-05
3149,2.414389564364683e-05
168,2.4130151359713636e-05
1354,2.4066499463515356e-05
5777,2.405159830232151e-05
56,2.393235536146676e-05
6377,2.3725325263512786e-05
5191,2.3713401787972543e-05
2295,2.3640118342882488e-05
7949,2.362934628763469e-05
865,2.361148381169187e-05
3543,2.356766526645515e-05
1841,2.353300260438118e-05
6546,2.3414831048285123e-05
5202,2.3397858058160637e-05
5135,2.3259965928446036e-05
2453,2.3259810404852033e-05
7594,2.3251927814271767e-05
4603,2.296858019690262e-05
6921,2.296320872119395e-05
952,2.2962524781178217e-05
1274,2.2949220692680683e-05
2498,2.2940907001611777e-05
6305,2.29221950576175e-05
943,2.2795617041992955e-05
1978,2.2716703824698925e-05
4885,2.2681810150970705e-05
6,2.2648490812571254e-05
7347,2.25909052460338e-05
2632,2.2567899577552453e-05
1813,2.254751689179102e-05
73,2.2510057533509098e-05
3403,2.2496478777611628e-05
6113,2.2263362552621402e-05
987,2.2256450392887928e-05
423,2.2245947548071854e-05
930,2.2238371457206085e-05
2118,2.2220520804694388e-05
3330,2.217658857261995e-05
4674,2.21735890590935e-05
4838,2.2064078621042427e-05
7219,2.1999006094119977e-05
6384,2.19308412852115e-05
3334,2.1622474378091283e-05
4443,2.1606296286336146e-05
5872,2.155418860638747e-05
406,2.1417111383925658e-05
5657,2.136731200153008e-05
7602,2.1285311959218234e-05
4713,2.100702840834856e-05
3255,2.08937290153699e-05
6216,2.0801299797312822e-05
3631,2.0673914150393102e-05
7966,2.0530625988612883e-05
2953,2.046709050773643e-05
2837,2.0455765479709953e-05
4516,2.0452820535865612e-05
2860,2.044518078037072e-05
5656,2.0357831999717746e-05
4185,2.0283710910007358e-05
4995,2.0278836927900556e-05
6895,2.017106908169808e-05
3686,2.009907166211633e-05
1797,2.0019410840177443e-05
6965,1.9963609702244867e-05
2335,1.9946161955886055e-05
1775,1.9856975086440798e-05
1706,1.980519937205827e-05
6897,1.9748091290239245e-05
1837,1.9736579815798905e-05
5649,1.9647477529360913e-05
2236,1.9383093786018435e-05
6521,1.9381688616704196e-05
6535,1.9239203538745642e-05
4094,1.9082912331214175e-05
3728,1.897765378089389e-05
690,1.8939823348773643e-05
1734,1.885728670458775e-05
5623,1.867750324890949e-05
4972,1.859639087342657e-05
105,1.855995742516825e-05
4923,1.8550542336015496e-05
5690,1.854609217843972e-05
3252,1.8485172404325567e-05
4990,1.8417835235595703e-05
1774,1.8357884073338937e-05
606,1.8262817320646718e-05
3031,1.817450265662046e-05
7270,1.8054429347102996e-05
4957,1.8024271412286907e-05
7476,1.8012568943959195e-05
5905,1.786928260116838e-05
3610,1.786475877452176e-05
6068,1.7817890693549998e-05
1642,1.778678961272817e-05
2983,1.7687641047814395e-05
1596,1.761800558597315e-05
7823,1.7610455870453734e-05
4908,1.7564641893841326e-05
6285,1.753687047312269e-05
594,1.7449325241614133e-05
1004,1.7415708498447202e-05
5064,1.7391336768923793e-05
6359,1.7369988199789077e-05
531,1.718268231343245e-05
7304,1.712907487672055e-05
5270,1.6995596524793655e-05
5633,1.6961502296908293e-05
786,1.695522769296076e-05
6180,1.6902366041904315e-05
2685,1.683975824562367e-05
225,1.6752068404457532e-05
5214,1.667062952037668e-05
1398,1.6643542039673775e-05
739,1.6590252016612794e-05
4986,1.6586519450356718e-05
2346,1.6569185390835628e-05
7177,1.646951750444714e-05
252,1.640495793253649e-05
1115,1.6338435671059415e-05
4843,1.6324672287737485e-05
11,1.6320333088515326e-05
3436,1.629708049222245e-05
1830,1.6220018551393878e-05
5825,1.614586653886363e-05
4697,1.6092019905045163e-05
2554,1.6021842384361662e-05
4430,1.6005152247089427e-05
1318,1.5982975583028747e-05
5094,1.596812126081204e-05
5750,1.5867814909142908e-05
5427,1.5866812645981554e-05
4504,1.586588223290164e-05
6204,1.5735769920866005e-05
4259,1.570069434819743e-05
790,1.565944967296673e-05
355,1.5647216969227884e-05
5668,1.5605817679897882e-05
3167,1.5514701772190165e-05
6023,1.550352044432657e-05
6351,1.535971523480839e-05
2510,1.5344197890954092e-05
3712,1.5330563655879814e-05
7223,1.5250440810632426e-05
4236,1.5162740055529866e-05
2263,1.516265501777525e-05
4708,1.510610263721901e-05
2139,1.4999053746578284e-05
6861,1.497540279160603e-05
3021,1.497231005487265e-05
4811,1.4900004771334352e-05
3856,1.4851455489406362e-05
2593,1.4842716154817026e-05
5688,1.4756455129827373e-05
2816,1.4712880783918081e-05
5685,1.4589073089155136e-05
6301,1.458172391721746e-05
4643,1.4570745406672359e-05
3791,1.448197281206376e-05
7158,1.4425809240492526e-05
3772,1.4352517155202804e-05
6151,1.4349454431794584e-05
902,1.4318337434815476e-05
3605,1.429417807230493e-05
6482,1.4211224879545625e-05
744,1.4197780274116667e-05
2926,1.4097234270593617e-05
4143,1.4043595911061857e-05
5980,1.4036334505362902e-05
5593,1.4021547940501478e-05
1146,1.3980471521790605e-05
5551,1.3890327863919083e-05
1958,1.3870218026568182e-05
2954,1.3837926417181734e-05
2713,1.38328305183677e-05
6158,1.3811655207973672e-05
4437,1.380629328195937e-05
652,1.3802580269839382e-05
4159,1.3774559192825109e-05
1174,1.3757834494754206e-05
3597,1.3690172181668459e-05
6870,1.3605764252133667e-05
3063,1.353000743620214e-05
2914,1.3493623100657715e-05
7093,1.3411279269348597e-05
1701,1.3404182482190663e-05
6770,1.3396149824984604e-05
7107,1.3387063063419191e-05
2890,1.3378388757701032e-05
1856,1.335486740572378e-05
6487,1.3299971669766819e-05
6821,1.3226102055341471e-05
5614,1.3152385690773372e-05
2734,1.3114902230881853e-05
1322,1.3107099675835343e-05
4784,1.3096131169731962e-05
3158,1.3050826055405196e-05
1097,1.2975697245565243e-05
4610,1.29718273456092e-05
5298,1.293931427426287e-05
2404,1.2896320185973309e-05
4773,1.2884083844255656e-05
3778,1.279739035453531e-05
4578,1.2792677352990722e-05
3566,1.2739469639200252e-05
6150,1.2703402717306744e-05
2308,1.2674235222220886e-05
588,1.2562757547129877e-05
6045,1.256190762433107e-05
1103,1.2553466149256565e-05
4981,1.2551286545203766e-05
4232,1.2540722764242673e-05
7776,1.2536662325146608e-05
5534,1.251333787877229e-05
2320,1.248851958735031e-05
4894,1.2469496596168028e-05
7249,1.242588314198656e-05
6071,1.2344996321189683e-05
4476,1.233956209034659e-05
3969,1.2321131180215161e-05
1644,1.2302761206228752e-05
6318,1.2252719443495153e-05
3221,1.213743871630868e-05
5338,1.2135753877373645e-05
354,1.2131933544878848e-05
3549,1.2128931302868295e-05
2016,1.2108453120163176e-05
1012,1.2074088772351388e-05
263,1.2068827345501631e-05
4696,1.2068074283888564e-05
5924,1.205870057674474e-05
7285,1.20428539958084e-05
1264,1.2006025372102158e-05
3064,1.2000751212326577e-05
5120,1.1997858109680237e-05
877,1.199089865622227e-05
3220,1.1946053746214602e-05
7450,1.1909865861525759e-05
34,1.1909070508409059e-05
3384,1.1899248875124613e-05
2333,1.189378963317722e-05
1867,1.1888637345691677e-05
4819,1.187207953989855e-05
405,1.1853000614792109e-05
5848,1.1797286788350902e-05
2013,1.1794299098255578e-05
5118,1.177806416308158e-05
5632,1.1687145160976797e-05
6395,1.1680505394906504e-05
2457,1.1669683772197459e-05
7984,1.1643068773992127e-05
2765,1.164293689726037e-05
7666,1.162900389317656e-05
4835,1.1571027698664693e-05
134,1.1556485333130695e-05
7685,1.1519402960402658e-05
5438,1.1488430573081132e-05
992,1.1412364528951002e-05
3999,1.1406056273699505e-05
2731,1.1392116903152782e-05
1418,1.138246670961962e-05
4771,1.1374742371117463e-05
7101,1.1371270375093445e-05
6814,1.1359280961187324e-05
5151,1.1345116945449263e-05
1413,1.1304823601676617e-05
6655,1.1273781183263054e-05
3294,1.127140421885997e-05
1648,1.1254423043283168e-05
455,1.124716482081567e-05
5658,1.1207559055037564e-05
6689,1.1206108410988236e-05
1880,1.119264925364405e-05
6747,1.116645125875948e-05
3889,1.114717315431335e-05
1981,1.1146006727358326e-05
2929,1.1145805729029234e-05
6099,1.1138411991851171e-05
519,1.1105865723948227e-05
1964,1.1093687589891488e-05
1152,1.1056212315452285e-05
3643,1.1053068192268256e-05
2084,1.1049655313399853e-05
1026,1.103066779251094e-05
2758,1.0984231266775168e-05
2002,1.0983080755977426e-05
4170,1.0922420642600628e-05
5935,1.0915217444562586e-05
5224,1.0915003258560318e-05
6782,1.0873185601667501e-05
2309,1.0850277249119245e-05
3460,1.0817090696946252e-05
218,1.0792124612635234e-05
4126,1.0764428679976845e-05
2287,1.0762664715002757e-05
4137,1.0725438187364489e-05
3212,1.0717541499616345e-05
2591,1.0716530141507974e-05
4979,1.0639455467753578e-05
448,1.063666604750324e-05
772,1.0621864475979237e-05
2930,1.0610885510686785e-05
7653,1.059112764778547e-05
2417,1.0449071396578802e-05
3125,1.0439031939313281e-05
5790,1.0376158570579719e-05
2196,1.0375536930951057e-05
4093,1.0355796348449076e-05
1670,1.0328159987693653e-05
4689,1.0319477041775826e-05
1613,1.0310615834896453e-05
5060,1.0309762274118839e-05
565,1.0309457593393745e-05
7033,1.0292542356182821e-05
7802,1.0283134088240331e-05
2969,1.0244515578961e-05
6753,1.021105845211423e-05
6070,1.018605053104693e-05
4433,1.0078218110720627e-05
1939,1.0057185136247426e-05
6839,1.005694093692e-05
1689,1.0054128324554767e-05
1840,1.0021901744039496e-05
4890,1.0005606782215182e-05
4068,9.979335118259769e-06
1534,9.974568001780426e-06
3288,9.964107448467985e-06
1503,9.93099638435524e-06
1927,9.8724181043508e-06
3585,9.866723303275649e-06
3565,9.827953363128472e-06
7366,9.816962119657546e-06
7566,9.813175893214066e-06
2651,9.794852758204797e-06
2759,9.781299013411626e-06
988,9.749329819896957e-06
7520,9.746708656166447e-06
6906,9.72997622739058e-06
3917,9.718846740724985e-06
3570,9.705565844342345e-06
7790,9.696058441477362e-06
7239,9.635536116547883e-06
506,9.597775715519674e-06
1342,9.57261181611102e-06
7878,9.56394160311902e-06
364,9.558150850352831e-06
5309,9.528369446343277e-06
2202,9.526613212074153e-06
668,9.503703950031195e-06
7169,9.477514140598942e-06
7156,9.453378879697993e-06
1805,9.435179435968166e-06
3954,9.420634341950063e-06
2431,9.408458481630078e-06
799,9.35567777560209e-06
6447,9.326238341600401e-06
4114,9.321372544945916e-06
3299,9.31967133510625e-06
336,9.316427622252377e-06
420,9.267035238735843e-06
2879,9.259394573746249e-06
6386,9.226564088749e-06
3863,9.22297294891905e-06
5294,9.222574135492323e-06
1079,9.214269084623083e-06
3323,9.169907571049407e-06
4017,9.133622370427474e-06
5686,9.131079423241317e-06
5065,9.108834092330653e-06
7397,9.098155715037137e-06
4946,9.087503713089973e-06
6619,9.068432973435847e-06
7159,9.024835890159011e-06
6334,9.008874712890247e-06
1071,8.982154213299509e-06
4479,8.941475243773311e-06
1051,8.93391325007542e-06
6698,8.895153314369963e-06
7534,8.88078238858725e-06
1756,8.861452442943119e-06
4798,8.819725280773127e-06
264,8.818986316327937e-06
7336,8.807520316622686e-06
3676,8.800050181889674e-06
954,8.790259016677737e-06
4612,8.759874162933556e-06
2921,8.752695975999814e-06
1244,8.726743544684723e-06
1056,8.680569408170413e-06
1058,8.67026164996787e-06
340,8.656973477627616e-06
618,8.653375516587403e-06
2655,8.626872386230389e-06
5401,8.619267191534163e-06
4400,8.606372375652427e-06
5086,8.532040737918578e-06
3253,8.502547188982135e-06
5856,8.496816462866263e-06
5496,8.480110409436747e-06
7781,8.479779808112653e-06
3966,8.434025403403211e-06
2278,8.406050710618729e-06
7310,8.404017535212915e-06
671,8.400051683565835e-06
539,8.38344931253232e-06
5179,8.372262982447864e-06
1973,8.35143828226137e-06
3346,8.327945579367224e-06
1415,8.326775514433393e-06
7628,8.293815881188493e-06
127,8.290101959573803e-06
7579,8.255388365796534e-06
1818,8.188551873899996e-06
7656,8.17294903754373e-06
5631,8.167904070432996e-06
7030,8.142242222675122e-06
1222,8.136781616485678e-06
1388,8.082247859420022e-06
1280,8.063201676122844e-06
7144,8.038291980483336e-06
4097,8.023530881473562e-06
3582,8.014836566871963e-06
4402,8.00168163550552e-06
7027,7.992618066055002e-06
1617,7.989029654709157e-06
3726,7.982393981365021e-06
4346,7.963317329995334e-06
7748,7.93092522144434e-06
1640,7.902543984528165e-06
4,7.888681011536391e-06
7950,7.856943739170674e-06
7760,7.851474265407887e-06
3491,7.846293101465562e-06
6155,7.83661153036519e-06
444,7.827323543097009e-06
2070,7.813259799149819e-06
5568,7.805179848219268e-06
7012,7.785232355672633e-06
5881,7.75948365117074e-06
6020,7.692314738960704e-06
1926,7.680985163460718e-06
7915,7.640213652848615e-06
514,7.615809636263293e-06
3026,7.6090957463748055e-06
546,7.599255013701622e-06
898,7.597910098411376e-06
5351,7.5939296948490664e-06
5816,7.591160283482168e-06
4792,7.584009836136829e-06
7110,7.581636054965202e-06
58,7.560790891147917e-06
1766,7.5554580689640716e-06
5748,7.5458738137967885e-06
7174,7.540600563515909e-06
5410,7.535931445090682e-06
7927,7.533256393799093e-06
2459,7.5325920079194475e-06
5078,7.524115062551573e-06
6990,7.516804316765047e-06
5105,7.511105195590062e-06
3015,7.477144890799536e-06
5352,7.452127192664193e-06
828,7.443796221195953e-06
537,7.440630497512757e-06
648,7.42643783269159e-06
2356,7.341396440097014e-06
6541,7.341093123613973e-06
4855,7.275319148902781e-06
2468,7.258290224854136e-06
4398,7.2389323122479254e-06
3733,7.233188171085203e-06
5954,7.224596174637554e-06
1578,7.221912028398947e-06
5153,7.212682021418004e-06
214,7.196758133432013e-06
6424,7.192397106337012e-06
3596,7.190097676357254e-06
238,7.18826913725934e-06
3304,7.174583743108087e-06
6486,7.173111043812241e-06
1524,7.169716354837874e-06
6096,7.159769438658259e-06
7777,7.159585720728501e-06
3035,7.153503474910394e-06
2343,7.144638402678538e-06
6989,7.130796348064905e-06
7180,7.122043143681367e-06
2112,7.109418902473408e-06
7246,7.0876192239666125e-06
1764,7.063682460284326e-06
7923,7.023653779469896e-06
6074,7.020751809250214e-06
6585,7.013147751422366e-06
92,7.008966804278316e-06
69,6.990146630414529e-06
5126,6.979294994380325e-06
2169,6.959210168133723e-06
3424,6.952230251044966e-06
7361,6.945369932509493e-06
500,6.936146746738814e-06
2057,6.926877176738344e-06
3911,6.924729859747458e-06
5468,6.922680540810688e-06
1133,6.91877744429803e-06
7857,6.884521098982077e-06
5812,6.878013891764567e-06
1607,6.876668294353294e-06
3626,6.859236918899114e-06
2900,6.828070581832435e-06
3641,6.800781420679414e-06
892,6.785989626223454e-06
3705,6.769455922039924e-06
6388,6.764949148418964e-06
4690,6.742994401065516e-06
1772,6.699834784740233e-06
2787,6.6805287133320235e-06
7603,6.680335218334221e-06
6379,6.637540536758024e-06
1430,6.625514288316481e-06
4041,6.588975111299078e-06
7065,6.566361889781547e-06
1899,6.565000376212993e-06
7616,6.534566182381241e-06
3819,6.532317911478458e-06
4552,6.52408562018536e-06
1475,6.5201454617636045e-06
3577,6.513052085210802e-06
3049,6.509298600576585e-06
4853,6.4642192683095345e-06
2776,6.444057817134308e-06
2409,6.4379341893072706e-06
1333,6.432700956793269e-06
5944,6.421008720280952e-06
7460,6.405760586858378e-06
7464,6.399686299118912e-06
3241,6.391768692992628e-06
7928,6.390873522832408e-06
5509,6.386725772244972e-06
7909,6.374331405822886e-06
3477,6.370750952555682e-06
2445,6.36804907117039e-06
4306,6.359309281833703e-06
7739,6.3396478253707755e-06
5052,6.337652848742437e-06
2514,6.337359536701115e-06
3897,6.328724794002483e-06
559,6.324853757178062e-06
4753,6.306659088295419e-06
2106,6.3055729242478264e-06
7613,6.283781885940698e-06
171,6.271978008953738e-06
7188,6.266766149565228e-06
2260,6.254833351704292e-06
206,6.232099622138776e-06
2987,6.231739234863198e-06
2902,6.229320206330158e-06
5836,6.2264180087368e-06
3765,6.191326519910945e-06
7191,6.186073278513504e-06
4563,6.184000540088164e-06
4553,6.1710643421974964e-06
2741,6.17095088273345e-06
338,6.151854222480324e-06
6109,6.151421530375956e-06
7765,6.14934606346651e-06
718,6.140184723335551e-06
5640,6.119293857409502e-06
428,6.1176770032034256e-06
5101,6.110202093623229e-06
6325,6.108335810495191e-06
4574,6.08578648098046e-06
4722,6.054448931536172e-06
3385,6.053767492630868e-06
402,6.052530125089106e-06
796,6.0509605646075215e-06
1975,6.036082595528569e-06
1340,6.035134902049322e-06
1940,6.02814179728739e-06
5773,5.9834412695636274e-06
6363,5.971538257654174e-06
4177,5.960150701866951e-06
7241,5.95765732214204e-06
5647,5.936442448728485e-06
2614,5.934894943493418e-06
3397,5.9312476423656335e-06
1104,5.928949576627929e-06
3433,5.9152562243980356e-06
4233,5.911461357754888e-06
5594,5.883214043933549e-06
5144,5.867235358891776e-06
7005,5.8571395129547454e-06
4243,5.850303068655194e-06
7536,5.8485479712544475e-06
4172,5.81998074267176e-06
1582,5.814613587062922e-06
5616,5.803824024042115e-06
5908,5.772022632299922e-06
5537,5.76104866922833e-06
2863,5.739758307754528e-06
1815,5.732227009502822e-06
3350,5.726731615141034e-06
7964,5.725822347812937e-06
2562,5.721642992284615e-06
4445,5.720698709410499e-06
6638,5.6928292906377465e-06
7506,5.690975967809209e-06
855,5.6804528867360204e-06
60,5.678630486727343e-06
4327,5.66306243854342e-06
2077,5.658046120515792e-06
5819,5.652600975736277e-06
4274,5.616654107143404e-06
1803,5.612675522570498e-06
872,5.604626039712457e-06
3814,5.6036224123090506e-06
7035,5.596125902229687e-06
4983,5.575588829742628e-06
5007,5.567914968196419e-06
3067,5.566276740864851e-06
6207,5.548442914005136e-06
398,5.54170946998056e-06
4495,5.525462484001764e-06
4118,5.5155737754830625e-06
6343,5.515173597814282e-06
7974,5.514013992069522e-06
6050,5.4968229505902855e-06
1210,5.493885964824585e-06
587,5.470397582030273e-06
5523,5.468019708132488e-06
6604,5.458374744193861e-06
854,5.442628435048391e-06
1412,5.436387027657474e-06
5391,5.411593974713469e-06
1020,5.4082854603620945e-06
3956,5.40293012818438e-06
2567,5.39240363650606e-06
6726,5.369714699554606e-06
5699,5.361167268347344e-06
3862,5.3280950851331e-06
1185,5.3068283705215435e-06
7886,5.3030116760055535e-06
7622,5.3021924486529315e-06
5428,5.297790039549e-06
4380,5.2964787755627185e-06
7140,5.294393758958904e-06
3118,5.293608865031274e-06
2028,5.277825493976707e-06
765,5.277470108921989e-06
5225,5.271372174320277e-06
5751,5.265208073979011e-06
6634,5.263817911327351e-06
7848,5.261843398329802e-06
7000,5.247074795988738e-06
6817,5.239251777311438e-06
545,5.222851996222744e-06
4630,5.220750381340622e-06
7539,5.210559720580932e-06
6558,5.183606162972865e-06
318,5.177941375222872e-06
6269,5.15722331329016e-06
3898,5.151473715159227e-06
230,5.1255699418106815e-06
1631,5.111350674269488e-06
4340,5.110418214826495e-06
5878,5.096951326777344e-06
6787,5.096018867334351e-06
6262,5.089093519927701e-06
4339,5.08761559103732e-06
265,5.077599780634046e-06
2037,5.0760502290359e-06
2171,5.051256948718219e-06
1551,5.039203642809298e-06
7515,5.036005859437864e-06
5246,5.016404884372605e-06
7383,5.0132666729041375e-06
1341,5.011389248466003e-06
154,5.008613698009867e-06
3496,5.006370201954269e-06
4874,5.004885224479949e-06
874,4.992173217033269e-06
4320,4.9832347031042445e-06
79,4.982913878848194e-06
5204,4.96969209962117e-06
6335,4.9693665005179355e-06
7306,4.942691703035962e-06
4044,4.93434185955266e-06
2925,4.925559551338665e-06
4213,4.915804993288475e-06
5286,4.9058742206398165e-06
6467,4.903389708488248e-06
3292,4.9000445869751275e-06
1833,4.900006842945004e-06
5322,4.886956276095589e-06
1757,4.8709657676226925e-06
446,4.870417797064874e-06
5444,4.861238721787231e-06
387,4.860007038587355e-06
2235,4.856510031459038e-06
1195,4.855411589232972e-06
4487,4.852192432736047e-06
7554,4.845239118367317e-06
7129,4.829840236197924e-06
4635,4.823403514819802e-06
103,4.8126464662345825e-06
5469,4.8025030991993845e-06
6746,4.801866452908143e-06
5678,4.7978246584534645e-06
1384,4.7946687118383124e-06
4267,4.7909854856698075e-06
2227,4.79068398817617e-06
5090,4.784591737916344e-06
1148,4.7659664232924115e-06
1405,4.760196361530689e-06
6626,4.759692956213257e-06
937,4.753438133775489e-06
3542,4.74642592962482e-06
3591,4.742237251775805e-06
6709,4.730259888674482e-06
319,4.7287551296903985e-06
7787,4.714078841061564e-06
1556,4.710060011348105e-06
962,4.709532731794752e-06
4383,4.701481657320983e-06
4589,4.692018592322711e-06
3975,4.683237420977093e-06
4303,4.674590627473663e-06
4971,4.669825557357399e-06
4019,4.666057066060603e-06
756,4.650796427085879e-06
726,4.6468219352391316e-06
4060,4.6404516069742385e-06
3696,4.639844974008156e-06
949,4.633960770661361e-06
4332,4.632727723219432e-06
7332,4.621439529728377e-06
2172,4.6135662614688044e-06
3277,4.613461896951776e-06
7649,4.597123734129127e-06
6646,4.593721314449795e-06
1863,4.587869852912263e-06
1773,4.587393732435885e-06
763,4.5732422222499736e-06
5602,4.543626346276142e-06
7542,4.540292366073118e-06
6110,4.5366296035354026e-06
6611,4.535490688795107e-06
2055,4.530124897428323e-06
5287,4.5271069666341646e-06
2517,4.525787971942918e-06
7075,4.516761237027822e-06
5635,4.514285592449596e-06
5796,4.509987093115342e-06
4191,4.5043470890959725e-06
5388,4.4995163079875056e-06
7289,4.486266107051051e-06
7,4.472355385587434e-06
4629,4.461116304810275e-06
4333,4.453587052921648e-06
1387,4.447654191608308e-06
831,4.445116019269335e-06
5733,4.4425712530937744e-06
4374,4.4368175622366834e-06
678,4.418415755935712e-06
5187,4.414151590026449e-06
5463,4.414026761878631e-06
661,4.40056282968726e-06
7852,4.39350924352766e-06
6562,4.3864424696948845e-06
4942,4.382183988127508e-06
7271,4.379862730274908e-06
3961,4.379304527901695e-06
296,4.377880259198719e-06
6519,4.3760287553595845e-06
3094,4.368554073153064e-06
3950,4.35966194345383e-06
927,4.357957777756383e-06
395,4.357136276667006e-06
3262,4.356644694780698e-06
6964,4.3349259613023605e-06
1191,4.3332961467967834e-06
5914,4.327854639996076e-06
2584,4.325976533436915e-06
2419,4.315752903494285e-06
2354,4.290445986043778e-06
6702,4.28749194725242e-06
7477,4.273333161108894e-06
7004,4.272778824088164e-06
2145,4.268690418030019e-06
7689,4.256543434166815e-06
7587,4.2535118609521305e-06
3946,4.248809091222938e-06
4933,4.248296136211138e-06
7375,4.24635550189123e-06
2148,4.245212494424777e-06
5138,4.2293859223718755e-06
184,4.228707439324353e-06
6179,4.226460532663623e-06
6783,4.224996473567444e-06
3228,4.224738404445816e-06
2768,4.207355686958181e-06
2224,4.204370270599611e-06
7066,4.202071295367205e-06
4961,4.201865749564604e-06
3735,4.201339834253304e-06
1121,4.182170982858224e-06
5106,4.176974471192807e-06
4694,4.1680102640384575e-06
5776,4.166030748820049e-06
5716,4.145149205214693e-06
4272,4.141091039855382e-06
32,4.1385774238733575e-06
1765,4.13501606999489e-06
6331,4.131270998186665e-06
6973,4.124207407585345e-06
3249,4.109986548428424e-06
3070,4.105819698452251e-06
6904,4.09800873057975e-06
6120,4.096606517123291e-06
479,4.086164153704885e-06
781,4.0801617160468595e-06
6119,4.079106929566478e-06
2482,4.077342509845039e-06
7751,4.072763204021612e-06
6797,4.072456022186088e-06
4354,4.058117383465287e-06
1543,4.048896698805038e-06
5942,4.047808715768042e-06
7283,4.034684707221459e-06
1846,4.034153562315623e-06
650,4.0318698211194715e-06
1938,4.0247941797133535e-06
1566,4.021799441034091e-06
304,4.000571152573684e-06
7672,3.996727627963992e-06
3586,3.993470954810618e-06
2443,3.989434844697826e-06
3679,3.9821175050747115e-06
1976,3.9820733945816755e-06
2299,3.9783783449820476e-06
1606,3.964300049119629e-06
1204,3.962807795687695e-06
1246,3.959539640163712e-06
2523,3.955960210078047e-06
6913,3.953321765948203e-06
818,3.9526103137177415e-06
970,3.952046427002642e-06
3132,3.947760205846862e-06
3693,3.9459716845158255e-06
7167,3.941250952266273e-06
1096,3.933984544346458e-06
7459,3.928387741325423e-06
426,3.9043502511049155e-06
4912,3.899236389770522e-06
5281,3.889803338097408e-06
4969,3.884280431520892e-06
3612,3.883471890731016e-06
5938,3.879041059917654e-06
3178,3.876070877595339e-06
2478,3.875933316521696e-06
463,3.874907406498096e-06
4227,3.856089733744739e-06
4002,3.855590648527141e-06
7836,3.855046884382318e-06
1127,3.8518144265253795e-06
5034,3.8420275814132765e-06
4737,3.837334361378453e-06
681,3.833129994745832e-06
7526,3.826434976872406e-06
1641,3.8102137978057726e-06
6338,3.800989134106203e-06
4300,3.799203682319785e-06
7764,3.79320169940911e-06
2537,3.7926179174974095e-06
4406,3.785276703638374e-06
6923,3.7848506053705933e-06
7245,3.775112418225035e-06
764,3.7744780456705485e-06
4140,3.773505000026489e-06
847,3.7537262187470333e-06
3126,3.748128165170783e-06
4813,3.736713551916182e-06
3753,3.7321542549761944e-06
6243,3.725607257365482e-06
316,3.716501623785007e-06
483,3.7126020515643177e-06
6186,3.709895509018679e-06
2974,3.7054743415865232e-06
7840,3.705208200699417e-06
6809,3.692561449497589e-06
2265,3.685319938995235e-06
1042,3.6757404586751363e-06
4180,3.662270614768204e-06
4393,3.660000402305741e-06
4617,3.63202912012639e-06
2886,3.631694198702462e-06
2277,3.6315702800493455e-06
3945,3.6186548868499813e-06
6609,3.617189690885425e-06
7936,3.6163585264148423e-06
5584,3.614562274378841e-06
306,3.5910612723455415e-06
6100,3.59069508704124e-06
6200,3.5860716707247775e-06
4667,3.580480779419304e-06
7551,3.5775062769971555e-06
6268,3.5610261193141923e-06
6028,3.559295919330907e-06
1542,3.555958642209589e-06
2755,3.5532766560208984e-06
7369,3.5516291063686367e-06
3845,3.5459185028230422e-06
1457,3.5443306387605844e-06
3743,3.5441803447611164e-06
6394,3.541302703524707e-06
5475,3.5313877333464916e-06
1470,3.5241291698184796e-06
4057,3.5223932854933082e-06
28,3.5117896004521754e-06
827,3.5113587273372104e-06
1872,3.5105896358800237e-06
968,3.4962253039338975e-06
6354,3.4958289916176e-06
2813,3.4815006983990315e-06
1021,3.475257244645036e-06
5124,3.4599380569488858e-06
1019,3.4557298249637824e-06
6803,3.4539536954980576e-06
4248,3.4462802886991994e-06
1330,3.4457199262760696e-06
6557,3.444676394792623e-06
5229,3.438905537223036e-06
3468,3.4356414744252106e-06
4258,3.435602138779359e-06
3763,3.432928792790335e-06
1471,3.427556634960638e-06
5742,3.4252364002895774e-06
1176,3.4228069125674665e-06
5769,3.41579607265885e-06
5890,3.404656126804184e-06
1421,3.395373710191052e-06
7967,3.390726647012343e-06
6878,3.390559754734568e-06
484,3.381986516615143e-06
7833,3.3655894640105544e-06
4187,3.362013444530021e-06
6035,3.3577921385585796e-06
5539,3.3547510156495264e-06
3311,3.3533813166286564e-06
5036,3.3530039900142583e-06
6389,3.3458557027188363e-06
7467,3.345636173435196e-06
2221,3.328473894725903e-06
928,3.3279447961831465e-06
3446,3.3273390727117658e-06
3986,3.323655846543261e-06
2822,3.3076410090870922e-06
3823,3.306389089630102e-06
1074,3.3047803071895032e-06
7813,3.286818582637352e-06
4581,3.2837550634212676e-06
6805,3.282652642155881e-06
7197,3.2805512546474347e-06
7888,3.2610136031507864e-06
1758,3.2567284051765455e-06
4648,3.2553488154007937e-06
3905,3.2536107710257056e-06
1874,3.239112629671581e-06
2648,3.222735813324107e-06
2427,3.221785050300241e-06
2913,3.2160743330678088e-06
7510,3.1841973395785317e-06
6304,3.1731907483845134e-06
4781,3.171832986481604e-06
4361,3.168073135384475e-06
967,3.167478439536353e-06
5892,3.167431032125023e-06
5132,3.1648405638406985e-06
4513,3.160503297294781e-06
7136,3.156878051413514e-06
4432,3.1513840212937794e-06
5922,3.1511551696894458e-06
7575,3.1509895279668854e-06
209,3.150924385408871e-06
201,3.146504809592443e-06
2258,3.1422623578691855e-06
3075,3.1389773766932194e-06
4920,3.1285958357329946e-06
576,3.1256579404725926e-06
4788,3.1230954391503474e-06
2620,3.1219560696627013e-06
1050,3.120856035820907e-06
6423,3.120161750302941e-06
973,3.118404492852278e-06
308,3.1134964046941604e-06
1332,3.1091556138562737e-06
1193,3.1091279879547074e-06
6613,3.1021965014588204e-06
7125,3.100794629062875e-06
5566,3.0914916351321153e-06
2004,3.0914661692804657e-06
2737,3.0911584190107533e-06
2497,3.0822960752630024e-06
6737,3.073380867135711e-06
2134,3.0732703635294456e-06
4658,3.0608629231210216e-06
1817,3.057198682654416e-06
4077,3.0559236847693683e-06
6650,3.050329382858763e-06
488,3.047993914151448e-06
6321,3.0477638119918993e-06
7544,3.0415690162044484e-06
6582,3.0316821266751504e-06
4462,3.0315403591885115e-06
2959,3.027682623724104e-06
6734,3.0199325919966213e-06
2603,3.013652644767717e-06
4148,3.0078485906415153e-06
5002,2.999540697601333e-06
7324,2.9843715765309753e-06
2563,2.9697648642468266e-06
5212,2.9671705306100193e-06
5208,2.9670152343896916e-06
2919,2.964883719869249e-06
6266,2.95977611131093e-06
5200,2.955176569230389e-06
2438,2.9473526410583872e-06
7299,2.9435068427119404e-06
5325,2.9291354621818755e-06
5017,2.9255221534185694e-06
5085,2.924881187027495e-06
7847,2.923206693594693e-06
3258,2.921652139775688e-06
7022,2.92044899197208e-06
6976,2.9199904929555487e-06
4493,2.918563154707954e-06
1502,2.918228119597188e-06
3508,2.917897745646769e-06
3882,2.9172957738410332e-06
3567,2.9167628099457943e-06
7044,2.914387323471601e-06
6459,2.9137386263755616e-06
358,2.9087354960211087e-06
6342,2.901816969824722e-06
3720,2.9013505127295502e-06
6960,2.8969778895771015e-06
5506,2.8933420708199264e-06
816,2.8913875667058164e-06
5349,2.8892575301142642e-06
5181,2.8871647828054847e-06
3530,2.8856437666036072e-06
3998,2.8750396268151235e-06
7630,2.8694688580799266e-06
3134,2.8693311833194457e-06
1564,2.868491378649196e-06
679,2.8663488365054945e-06
4765,2.8614731490961276e-06
3963,2.852915713447146e-06
2450,2.8507213301054435e-06
1767,2.830351945704024e-06
118,2.8178695856695413e-06
5843,2.816770688696124e-06
4931,2.8135940510765067e-06
311,2.811571675920277e-06
5166,2.8079165304006892e-06
7198,2.8072968234482687e-06
5302,2.8031404326611664e-06
5998,2.802686026370793e-06
2085,2.7957171369052958e-06
1526,2.7914451266042306e-06
5141,2.790771986838081e-06
3708,2.7868524057339528e-06
6621,2.786687332445581e-06
2522,2.786646405184001e-06
3711,2.7709297683031764e-06
6979,2.7617186333372956e-06
3285,2.7603252874541795e-06
4252,2.7570279144129017e-06
313,2.7567482447921066e-06
2267,2.7561887918636785e-06
6411,2.7493458674143767e-06
3415,2.7478137099024025e-06
540,2.747187409113394e-06
2932,2.7382857297197916e-06
1228,2.736822693805152e-06
76,2.7352837150829146e-06
2370,2.7284894486001576e-06
2096,2.727415221670526e-06
4341,2.7261196464678505e-06
2091,2.724678665799729e-06
5493,2.7230016712564975e-06
3554,2.7210405733057996e-06
6126,2.7182595658814535e-06
2898,2.7099996486867894e-06
3922,2.706782652239781e-06
5209,2.7008701408703928e-06
6946,2.6989174557456863e-06
6629,2.6960271952702897e-06
7112,2.6954130589729175e-06
115,2.693475153137115e-06
3135,2.6925523570753285e-06
3719,2.692428324735374e-06
3807,2.6923070208795252e-06
465,2.689393681976071e-06
4323,2.689331154215324e-06
1623,2.6879981760430383e-06
6425,2.687837309167662e-06
2264,2.686829134290747e-06
4883,2.681141950233723e-06
5715,2.6810859026227263e-06
5915,2.6793896950039198e-06
7432,2.678198029570922e-06
2383,2.672511186574411e-06
7998,2.6707476763476734e-06
3841,2.6705008622229798e-06
1225,2.6697503017203417e-06
504,2.6661770107239136e-06
2690,2.6657156695364392e-06
2804,2.663575060068979e-06
7161,2.663076884346083e-06
1716,2.658080688888731e-06
254,2.6560928745311685e-06
4829,2.6503828394197626e-06
2127,2.6502812033868395e-06
4934,2.6496111331653083e-06
976,2.6472439458302688e-06
3102,2.6466393592272652e-06
7462,2.635720193211455e-06
2375,2.6299409228158765e-06
5735,2.6282323233317584e-06
4000,2.617733798615518e-06
7163,2.6162923632000457e-06
2531,2.610405886116496e-06
4215,2.607786882435903e-06
5236,2.6058608000312233e-06
4604,2.5972544790420216e-06
6084,2.5904828362399712e-06
2664,2.5849344638118055e-06
7202,2.5765423288248712e-06
7124,2.5700784362925333e-06
1692,2.5699683874336188e-06
4545,2.569178832345642e-06
916,2.565787667663244e-06
3951,2.565447175584268e-06
2412,2.562825670793245e-06
7875,2.562585109444626e-06
5217,2.5611420824134257e-06
6417,2.5598765205359086e-06
1422,2.555641799517616e-06
7334,2.5522973601255217e-06
1374,2.543559503465076e-06
4297,2.541929575272661e-06
7512,2.538821945563541e-06
6666,2.5341101945741684e-06
2466,2.5209920977431466e-06
7638,2.5173121684929356e-06
6230,2.517237248866877e-06
593,2.51262702022359e-06
5795,2.511109528313682e-06
1190,2.5105613303821883e-06
1467,2.5089999553529196e-06
881,2.5073359211091883e-06
7335,2.500026425877877e-06
1263,2.499566562619293e-06
7648,2.484732931407052e-06
4104,2.4843305936883553e-06
26,2.4838236640789546e-06
4879,2.4831971359162708e-06
6365,2.4809711476336815e-06
4816,2.475523160683224e-06
3794,2.4751668661338044e-06
3047,2.4728885819058632e-06
2019,2.470259460096713e-06
7538,2.4693359819139005e-06
5103,2.4679336547706043e-06
5207,2.4489972929586656e-06
3341,2.4478539444316993e-06
2645,2.4443083930236753e-06
7154,2.4442588255624287e-06
3805,2.443623316139565e-06
917,2.4394664706051117e-06
7457,2.4372861844312865e-06
7550,2.436635440972168e-06
3671,2.4349196792172734e-06
7865,2.4344586790903122e-06
4273,2.4305176111738547e-06
2303,2.4296041374327615e-06
7827,2.429462256259285e-06
2414,2.4240464426839026e-06
4761,2.4222576939791907e-06
3169,2.4199431436500163e-06
7892,2.419327074676403e-06
4150,2.4182393190130824e-06
1458,2.4171971517716884e-06
6013,2.4100381779135205e-06
6722,2.408771251793951e-06
3623,2.4079877221083734e-06
6801,2.406015028100228e-06
3644,2.4051187210716307e-06
1626,2.4004461920412723e-06
1532,2.397086518612923e-06
7661,2.3966493927218835e-06
2575,2.393610429862747e-06
2030,2.392870101175504e-06
3632,2.391648990851536e-06
3584,2.3908320372356684e-06
1463,2.3899661982795806e-06
4149,2.3897506480352604e-06
6644,2.388863322266843e-06
2018,2.381416493335564e-06
4556,2.37621134147048e-06
4742,2.3700728206677013e-06
1952,2.3632405827811453e-06
3466,2.3630142322872416e-06
1157,2.3598917096023797e-06
3959,2.359260179218836e-06
5051,2.3469988263968844e-06
5343,2.3469746111004497e-06
5758,2.346655946894316e-06
1373,2.343647793168202e-06
5488,2.342158836654562e-06
6234,2.3399970814352855e-06
7160,2.339789830330119e-06
5218,2.335419821974938e-06
550,2.332004441996105e-06
5350,2.3278272465176997e-06
886,2.3270615656656446e-06
6615,2.326733806512493e-06
7951,2.3259646013684687e-06
4161,2.3239010715769837e-06
1378,2.3197748078018776e-06
4807,2.3146843659560545e-06
5004,2.3116954253055155e-06
4220,2.302937446074793e-06
2790,2.3012735255178995e-06
1279,2.3002505713520804e-06
761,2.2986992007645313e-06
4075,2.2975908677835832e-06
5061,2.2950309812586056e-06
7706,2.294337718922179e-06
598,2.2888514195074094e-06
7815,2.287725351379777e-06
5447,2.284895117554697e-06
1151,2.283984485984547e-06
3160,2.283873868691444e-06
4723,2.2803786805525306e-06
5201,2.275952510899515e-06
6890,2.273704694744083e-06
2099,2.2707432663082727e-06
7009,2.2687797809339827e-06
7952,2.2669964891974814e-06
2607,2.266074488943559e-06
113,2.2650859818895697e-06
2407,2.264030172227649e-06
1676,2.25677695198101e-06
1814,2.256139396195067e-06
6525,2.2536839878739556e-06
2190,2.2534201207236038e-06
1804,2.2498433054352063e-06
7791,2.235394958916004e-06
5332,2.2347934418576187e-06
65,2.2344435137711116e-06
5833,2.2331525997287827e-06
4702,2.232937276858138e-06
750,2.2288769514489104e-06
3276,2.226835249530268e-06
7650,2.2263885739448597e-06
7906,2.2248842697081272e-06
6491,2.2239382815314457e-06
6042,2.22323899379262e-06
2448,2.215724748566572e-06
5992,2.213371772086248e-06
4834,2.2118722426966997e-06
3389,2.206492581535713e-06
5785,2.2051759742680588e-06
7478,2.2026413262210554e-06
2173,2.2018766685505398e-06
2619,2.201109964516945e-06
4700,2.1939030148132588e-06
3180,2.193123805227515e-06
7287,2.1901240643273923e-06
2405,2.190083364439488e-06
2856,2.189684323639085e-06
1047,2.1894941255595768e-06
1539,2.184232926083496e-06
6683,2.1828069520779536e-06
5817,2.1813127659697784e-06
5953,2.176209477511293e-06
5405,2.172295467062213e-06
6719,2.171276150875201e-06
6198,2.1706512143282453e-06
4628,2.1697461534131435e-06
2456,2.1685598312615184e-06
3846,2.1664712903657346e-06
6588,2.1659224103132146e-06
5114,2.162213831979898e-06
5919,2.1612604541587643e-06
6117,2.1606252857964137e-06
6974,2.1579986650976934e-06
1414,2.155058041353186e-06
3997,2.1535635141844978e-06
2689,2.153330228793493e-06
4047,2.1526001319216448e-06
5759,2.150510681531159e-06
7502,2.1493324311450124e-06
1781,2.133698444595211e-06
5096,2.1331666175683495e-06
4193,2.1301373180904193e-06
5487,2.12985287362244e-06
4940,2.1285552520566853e-06
1477,2.127228867720987e-06
5436,2.1261031406538677e-06
7929,2.120572389685549e-06
6860,2.118135853379499e-06
6630,2.1170204718146124e-06
256,2.1082660168758593e-06
4026,2.1061175630165963e-06
1252,2.10477162454481e-06
2393,2.094107571792847e-06
896,2.0936813598382287e-06
1675,2.0915260847687023e-06
1610,2.0914847027597716e-06
3484,2.0900636172882514e-06
2920,2.0896434307360323e-06
3783,2.088738938255119e-06
522,2.0877088218185236e-06
5010,2.087684151774738e-06
1838,2.0835916529904353e-06
2261,2.0831992060266202e-06
6597,2.077818066936743e-06
1288,2.076059104183514e-06
7069,2.0683214643213432e-06
2927,2.0591683096427005e-06
2854,2.0587244762282353e-06
4194,2.0578643216140335e-06
5740,2.0547145140881184e-06
5518,2.0517903749350808e-06
2978,2.051731144092628e-06
3747,2.0456856191231054e-06
1924,2.0381513650136185e-06
4016,2.036533942373353e-06
6900,2.0343351252449793e-06
7221,2.03368341544774e-06
1017,2.028047788371623e-06
2078,2.0279426280467305e-06
6917,2.0259138864275883e-06
7529,2.022576381932595e-06
4745,2.019472276515444e-06
4004,2.01651300812955e-06
6576,2.0152591559963184e-06
980,2.006100544349465e-06
549,2.0059695771124098e-06
5989,2.0022918079121155e-06
2038,2.0011262904517935e-06
4113,2.000758172471251e-06
2993,1.9994311060145264e-06
3716,1.9969811546616256e-06
403,1.995031766455213e-06
5601,1.98853967958712e-06
7401,1.984896584872331e-06
1914,1.984502887353301e-06
182,1.983559627660725e-06
2126,1.981734044420591e-06
401,1.9764911485253833e-06
4963,1.9709799516931525e-06
5119,1.9676075453389785e-06
4536,1.9674314444273477e-06
3858,1.964173634405597e-06
6049,1.9625816776169813e-06
489,1.96102791960584e-06
6532,1.9609293531175354e-06
5050,1.960267582035158e-06
929,1.956471123776282e-06
5099,1.9545209397620056e-06
2022,1.9523426999512594e-06
4072,1.951528929566848e-06
4396,1.9495223568810616e-06
6577,1.9464864067231247e-06
5306,1.944097675732337e-06
5009,1.9415282395129907e-06
7491,1.9375585225134273e-06
4764,1.9372735096112592e-06
2984,1.93288144600956e-06
3189,1.9316304360472714e-06
2056,1.930369535330101e-06
5102,1.9287676309431845e-06
7711,1.9245580347160285e-06
3971,1.9240152369093266e-06
2146,1.9205448325010366e-06
322,1.916235021326429e-06
1367,1.9133639739266073e-06
5597,1.9127207337987784e-06
5727,1.9109842241959996e-06
5267,1.9071103452006355e-06
297,1.9039242715734872e-06
6251,1.9014688632523757e-06
6484,1.90063485661085e-06
6526,1.8998852624463325e-06
434,1.8936233914246259e-06
5679,1.8911168808699585e-06
5392,1.8908469883172074e-06
4848,1.8873750491366081e-06
70,1.8852961716220307e-06
7604,1.885113874777744e-06
3568,1.8850839751394233e-06
2829,1.8845878457796061e-06
4762,1.8839249378288514e-06
2751,1.8834602997230832e-06
5883,1.8823241703103122e-06
7399,1.8793176081999263e-06
7496,1.8787767999128846e-06
3723,1.8769561620501918e-06
4547,1.8705491129367147e-06
2129,1.8693308447836898e-06
5019,1.8675504520615505e-06
2163,1.8669898622647452e-06
687,1.8646722423909523e-06
2226,1.8643351609171077e-06
4832,1.8624255062604789e-06
2211,1.8621225876813696e-06
806,1.858176688074309e-06
2102,1.8571244027043576e-06
7597,1.8547011109149025e-06
4287,1.853258936534985e-06
7342,1.8527609313423454e-06
3852,1.8506864307710202e-06
2550,1.8439092173139215e-06
189,1.8438599340697692e-06
1201,1.8403887338536151e-06
2544,1.837870286180987e-06
6391,1.833309511312109e-06
5264,1.8291624428456998e-06
470,1.8234202912026376e-06
6912,1.823367824727029e-06
7850,1.8221764435111254e-06
2798,1.8188360968451889e-06
1286,1.8129740624317492e-06
7106,1.8118148545909207e-06
100,1.8084407429341809e-06
2132,1.8013081444223644e-06
1206,1.7948819390767312e-06
197,1.794807701571699e-06
1761,1.7947755281966238e-06
6086,1.7941516716746264e-06
7963,1.7932594005287683e-06
3442,1.789190832823806e-06
2269,1.7884051430883119e-06
1169,1.7856949625638663e-06
7301,1.7853936356004851e-06
2441,1.7851712073024828e-06
4469,1.780810009677225e-06
110,1.7716828892844205e-06
2399,1.7704107335703156e-06
6498,1.7664808638073737e-06
4255,1.7644530316829332e-06
1885,1.7593239931557036e-06
3195,1.7543080161885882e-06
4734,1.7529937395011075e-06
4165,1.751507454628154e-06
6668,1.7447330264985794e-06
3239,1.7425783767066605e-06
4244,1.7322209941994515e-06
2415,1.7316409639533958e-06
3891,1.7254541830880044e-06
6905,1.7249082020498463e-06
3964,1.7195787336277135e-06
3800,1.7195584405271802e-06
562,1.7187158505294065e-06
6469,1.7173742890008725e-06
4512,1.7165709778055316e-06
5353,1.7161834762191575e-06
3343,1.7142991168839217e-06
7991,1.7141422858912847e-06
1216,1.7133077676589892e-06
1929,1.7124921782851743e-06
6111,1.7107147414208157e-06
6710,1.7100339277931198e-06
4301,1.7043302591446263e-06
7308,1.7038547071024368e-06
5743,1.7025773786372156e-06
3861,1.7020425957525731e-06
4304,1.7018484754771634e-06
2104,1.6968364207059494e-06
978,1.6961998312581272e-06
6431,1.6944991330092307e-06
4889,1.6906608948374924e-06
160,1.6854380646691425e-06
3996,1.6853003899086616e-06
7895,1.6788025618552638e-06
2439,1.6739761576900491e-06
1170,1.6717596054149908e-06
3455,1.6678232555022987e-06
1423,1.665852323640138e-06
5828,1.6633874793114956e-06
5809,1.6609128579148091e-06
5055,1.66081451880018e-06
4598,1.6587959521530138e-06
396,1.6584417039666732e-06
4202,1.6562489690841176e-06
2552,1.6543840501981322e-06
3139,1.65176601285566e-06
4654,1.6505858866366907e-06
7192,1.6502694393238926e-06
631,1.6480336739732593e-06
1878,1.6462533949379576e-06
116,1.6446697372884955e-06
1746,1.6445859500890947e-06
3545,1.6429019069619244e-06
1321,1.6412324725934013e-06
1214,1.636822503314761e-06
3865,1.635647151942976e-06
1887,1.6354196077372762e-06
2291,1.6343230981874513e-06
2062,1.6311131503243814e-06
4621,1.6291343740704178e-06
7899,1.6286293771372584e-06
7137,1.6274453855658066e-06
4131,1.6240083482443879e-06
6421,1.623696334718261e-06
4902,1.622702313852642e-06
6056,1.6194060208363226e-06
7719,1.6189335951821704e-06
1445,1.6150147530424874e-06
5874,1.6142583376677067e-06
458,1.6136673366418108e-06
511,1.6126862192322733e-06
5502,1.6124066632983158e-06
1039,1.609986952644249e-06
4709,1.6091768770820636e-06
88,1.609029254723282e-06
3014,1.6062595022958703e-06
6736,1.6028959635150386e-06
5591,1.5996896536307759e-06
4812,1.5980828038664185e-06
6920,1.5976340819179313e-06
3797,1.5959971619849966e-06
4379,1.5949023008943186e-06
7980,1.5931683492453885e-06
4130,1.584152300893038e-06
1661,1.5833524003028288e-06
4308,1.5813647564755229e-06
2151,1.5793814327480504e-06
4659,1.5767272429911827e-06
1727,1.5738904153295152e-06
1296,1.5738195315861958e-06
366,1.5711848391219974e-06
7427,1.569558833125484e-06
3867,1.5641006143596314e-06
5677,1.5620394151483197e-06
6987,1.56081989644008e-06
3128,1.5606771057719016e-06
2149,1.5594563933518657e-06
6862,1.5576960095131653e-06
5341,1.557423786380241e-06
6030,1.557237112592702e-06
2033,1.5562542330371798e-06
7482,1.5546204394922825e-06
6693,1.5535148918388586e-06
1006,1.5533942132606171e-06
2884,1.5520357692366815e-06
1392,1.5518882037213189e-06
7788,1.5510634057136485e-06
2460,1.5475412737941951e-06
4404,1.544666361041891e-06
940,1.5412409766213386e-06
3045,1.5401809037030034e-06
164,1.5385778624477098e-06
2549,1.5385326150862966e-06
335,1.5370657706625934e-06
4876,1.5367983223768533e-06
7282,1.536021670744958e-06
4633,1.5343373434006935e-06
1784,1.530564532004064e-06
6201,1.5277481679731864e-06
2740,1.524466597402352e-06
3732,1.521551553196332e-06
7679,1.51818403537618e-06
7585,1.5150769172578293e-06
5482,1.5141731068979425e-06
3973,1.5120527905310155e-06
1677,1.5117045109036553e-06
7341,1.5111490938579664e-06
4622,1.5096354673005408e-06
7259,1.5085207110132615e-06
7071,1.5069354049046524e-06
2697,1.5065902516653296e-06
1366,1.5046210251057346e-06
4260,1.5032987903396133e-06
5516,1.5012348626441963e-06
1957,1.4968786672397982e-06
1698,1.4962169530008396e-06
7368,1.496159597991209e-06
1720,1.4954446783121966e-06
4238,1.4952500464460172e-06
2000,1.493086983828107e-06
7413,1.4924032143426302e-06
6745,1.4912465644556505e-06
5481,1.4911690300323244e-06
2710,1.4896799029884278e-06
1587,1.4873158988848445e-06
1057,1.4863427963973663e-06
1575,1.4862775401525141e-06
38,1.486059488797764e-06
6407,1.4844523548163124e-06
3465,1.4842602809039818e-06
3914,1.483379264755058e-06
3081,1.4819742091276566e-06
4787,1.4815645954513457e-06
4036,1.4805282830820943e-06
7881,1.4788578823754506e-06
7784,1.4780154060645145e-06
6493,1.4775561112401192e-06
1299,1.4773188468097942e-06
5348,1.4770762390980963e-06
5037,1.4769772747058596e-06
2072,1.4755077017980511e-06
1871,1.4754713220099802e-06
126,1.475330066114111e-06
5638,1.4743146152795816e-06
4915,1.4738387790202978e-06
98,1.4735187505721115e-06
6360,1.4709754054820223e-06
5665,1.4687565226267907e-06
7208,1.4681102129543433e-06
4529,1.4671578583147493e-06
4224,1.4667910477328405e-06
1709,1.4643689496551815e-06
615,1.4636457308370154e-06
6299,1.4634480294262175e-06
6037,1.4579994740415714e-06
12,1.449644969397923e-06
6231,1.4494123092845257e-06
1513,1.4447948615270434e-06
6730,1.4443587588175433e-06
5700,1.4414414408747689e-06
3717,1.4401375096895208e-06
7043,1.4382885069608164e-06
7116,1.4376107060343202e-06
5783,1.4333832609736419e-06
6137,1.4314251757241436e-06
814,1.4302794397735852e-06
1828,1.428691689397965e-06
682,1.4284075859904988e-06
7670,1.428050609320053e-06
6999,1.4216118415788515e-06
6732,1.4188024692884937e-06
6089,1.4144206943456084e-06
1997,1.4121027334113023e-06
236,1.41167771516848e-06
7939,1.4088025181990815e-06
5839,1.408240791533899e-06
4591,1.4070607790017675e-06
5148,1.4069058806853718e-06
6214,1.4052426990929234e-06
2980,1.4052294545763289e-06
3533,1.4043301916899509e-06
1407,1.4031839441486227e-06
5936,1.4028683494871075e-06
5603,1.3981557458464522e-06
934,1.3978600463815383e-06
6108,1.3928041653343826e-06
7956,1.3920816854806617e-06
4413,1.3880742244509747e-06
1947,1.384603706355847e-06
7519,1.3805935168420547e-06
266,1.3757077681475494e-06
2184,1.3721703453484224e-06
6148,1.3703861441172194e-06
859,1.3675938816959388e-06
6291,1.3668304177372192e-06
6400,1.365987657209189e-06
2328,1.364636261769192e-06
7715,1.3620190202345839e-06
4076,1.359723455607309e-06
179,1.3575693174061598e-06
3322,1.355157792204409e-06
7659,1.3540038708015345e-06
2232,1.3530589626498113e-06
5540,1.352144295196922e-06
3055,1.3489130878951983e-06
4681,1.3482184044733003e-06
86,1.3468334714161756e-06
6002,1.344464294561476e-06
2928,1.3428082183963852e-06
1496,1.341519066500041e-06
3929,1.3404139167505491e-06
5830,1.3401980254457158e-06
2509,1.3354102748053265e-06
4910,1.3344667877390748e-06
5411,1.334433648025879e-06
1487,1.3282306667861121e-06
2560,1.3264510698718368e-06
672,1.324690060755529e-06
3409,1.3246880712358688e-06
2718,1.3228140574028657e-06
4284,1.3224176313997305e-06
503,1.3221069821156561e-06
1538,1.3218732988207194e-06
636,1.320322382980521e-06
3795,1.320074545674288e-06
691,1.3194062944421603e-06
894,1.3160222351871198e-06
823,1.3158777392163756e-06
6607,1.315650933975121e-06
1368,1.315295605763822e-06
4025,1.3132196272636065e-06
6010,1.304558509218623e-06
5911,1.3042445630162547e-06
2518,1.299639961871435e-06
1202,1.2995930660508748e-06
2131,1.2987734407943208e-06
6572,1.2978923678019783e-06
5406,1.2961717743564805e-06
1592,1.2945550906806602e-06
666,1.294354660785757e-06
5831,1.2939048019688926e-06
1272,1.2932111417285341e-06
2534,1.293165837523702e-06
4048,1.2916951845909352e-06
131,1.2910111308883643e-06
7018,1.2874580761490506e-06
712,1.2839759619964752e-06
3440,1.282683115277905e-06
2878,1.280256128666224e-06
7570,1.2791379049303941e-06
4262,1.2778554037140566e-06
259,1.2720082622763584e-06
7507,1.2700274965027347e-06
5639,1.269031713491131e-06
3108,1.2687078196904622e-06
7386,1.2685172805504408e-06
924,1.2645345464079583e-06
3821,1.2635616712941555e-06
7724,1.2635137522920559e-06
1694,1.261915713257622e-06
2219,1.2608961696969345e-06
7798,1.2605922279362858e-06
6357,1.2529563946372946e-06
215,1.2472165167309868e-06
496,1.2463215171010233e-06
4242,1.2460083667065192e-06
3379,1.2435709209057677e-06
1303,1.241902168658271e-06
4646,1.2379369422887976e-06
6341,1.2361952030914836e-06
5654,1.2361454082565615e-06
7370,1.2322931297603645e-06
1231,1.2297200555622112e-06
4941,1.227923689839372e-06
2039,1.2254125749677769e-06
829,1.2244045706211182e-06
5127,1.2220851317579218e-06
6462,1.2206031101413828e-06
711,1.2183363651274703e-06
2762,1.2181764645902149e-06
5457,1.2142277228122111e-06
657,1.2091726944163383e-06
4315,1.207995069307799e-06
5320,1.2071028550053597e-06
3225,1.2070985349055263e-06
3093,1.207014918236382e-06
3636,1.2061709071531368e-06
6992,1.2056335663146456e-06
3051,1.2027580851281527e-06
7255,1.2026158060507441e-06
845,1.202553789880767e-06
7686,1.202357736929116e-06
1390,1.19985764968078e-06
429,1.199827806885878e-06
4010,1.19799096864881e-06
6850,1.194310243590735e-06
4459,1.192409968098218e-06
2911,1.1907759471796453e-06
5695,1.1899228411493823e-06
944,1.1863313602589187e-06
768,1.1840405136354093e-06
1795,1.1814024105660792e-06
4375,1.180629396912991e-06
1247,1.1795756904575683e-06
6729,1.1788941378654272e-06
5383,1.1752988484659e-06
1080,1.1727764785973704e-06
1667,1.1727547644113656e-06
4135,1.169390770883183e-06
1710,1.1683889624691801e-06
3748,1.167994923889637e-06
3449,1.1668713568724343e-06
7053,1.166230731541873e-06
3940,1.1658209473353054e-06
885,1.1656094329737243e-06
4665,1.1654774425551295e-06
5917,1.1643534776339948e-06
2089,1.1633057965809712e-06
473,1.1616224355748273e-06
4953,1.1607919532252708e-06
1395,1.155827987986413e-06
6238,1.151242258856655e-06
4461,1.1487169331303448e-06
1908,1.142833298217738e-06
6307,1.13940819801428e-06
7822,1.139143989803415e-06
459,1.1371271284588147e-06
3267,1.1354020443832269e-06
2143,1.133729711000342e-06
3583,1.13369088694526e-06
4924,1.1309020919725299e-06
4831,1.1298216691102425e-06
4014,1.1290730981272645e-06
2728,1.1280782246103627e-06
7513,1.1267649142610026e-06
3832,1.125837741255964e-06
3912,1.1238910246902378e-06
7717,1.1201499887647515e-06
6303,1.1188326425326522e-06
1936,1.1155377137583855e-06
6886,1.1116079576822813e-06
1024,1.1112839501947747e-06
6951,1.110301241169509e-06
5416,1.1100354413429159e-06
1599,1.1079987416451331e-06
4251,1.105855233163311e-06
5076,1.104807267893193e-06
1382,1.104191085232742e-06
6333,1.1037774356736918e-06
1070,1.102784210615937e-06
1110,1.1012565437340527e-06
4856,1.1010131402144907e-06
3511,1.1003094755324128e-06
1479,1.099671067095187e-06
3923,1.097487029255717e-06
5624,1.0971149322358542e-06
2397,1.0968211654471816e-06
5630,1.0960731060549733e-06
5738,1.095453285415715e-06
2617,1.0949644320135121e-06
4768,1.094919582556031e-06
4355,1.0938441619146033e-06
1251,1.0933000567092677e-06
864,1.0914955055341125e-06
6246,1.0913049095506722e-06
6880,1.0906825309575652e-06
442,1.0905542922046152e-06
7038,1.088708472707367e-06
1138,1.0868986919376766e-06
5330,1.0868496929106186e-06
852,1.0867868809327774e-06
5230,1.0857376651074446e-06
1439,1.0831906251951295e-06
270,1.0827986329786654e-06
2020,1.0803688041960413e-06
6651,1.0798885341500863e-06
147,1.0798594303196296e-06
6007,1.079837602446787e-06
3281,1.0798091807373567e-06
517,1.0794908575917361e-06
5504,1.0790101327984303e-06
307,1.0786768029902305e-06
1736,1.0775512464533676e-06
7902,1.077064325727406e-06
6740,1.077004299077089e-06
7651,1.0751495551630796e-06
7807,1.0720479508563585e-06
925,1.0698080927795672e-06
7250,1.068919118552003e-06
6758,1.0685390634534997e-06
783,1.0683010600587295e-06
713,1.0670406709323288e-06
1437,1.0667754395399243e-06
528,1.0650626336428104e-06
5203,1.0649866908352124e-06
4199,1.0648789725564711e-06
7080,1.0646941177583358e-06
1436,1.0629349276314315e-06
3836,1.0626482094266976e-06
4580,1.0620610737532843e-06
1297,1.0616428767207253e-06
2246,1.0594110904094123e-06
6580,1.0543751614022767e-06
4089,1.053256482919096e-06
1547,1.0477758110027935e-06
4625,1.047078114879696e-06
7990,1.0469413496139168e-06
7421,1.0466682169862906e-06
6009,1.046608076649136e-06
1977,1.0447390650369925e-06
3548,1.0444267104503524e-06
2818,1.0406137107565883e-06
3362,1.0401640793133993e-06
7683,1.0316383622921421e-06
1023,1.0314146834389248e-06
2592,1.0310142215530504e-06
3829,1.0308345395060314e-06
3979,1.0303934345756716e-06
7946,1.0298636539118888e-06
4634,1.0292174010828603e-06
6454,1.0283157507728902e-06
5336,1.026560596528725e-06
4782,1.0227230973214319e-06
1831,1.0225815003650496e-06
176,1.0222274227089656e-06
6387,1.0222084085853567e-06
5752,1.0221260708931368e-06
3751,1.0195288950853865e-06
1875,1.0183846939071373e-06
2729,1.0178255820392224e-06
7086,1.0159569114875922e-06
6175,1.0155335417039169e-06
5813,1.013781115943857e-06
5091,1.0121510740646045e-06
6261,1.0119333637703676e-06
150,1.0119228477378783e-06
6641,1.0091133901823923e-06
7692,1.0024984931078507e-06
250,1.0007852893068048e-06
3233,1.0005950343838776e-06
655,9.997324923460837e-07
7179,9.997040137932345e-07
5556,9.991940714826342e-07
3388,9.984711368815624e-07
2040,9.972005159397668e-07
2048,9.970884775611921e-07
4842,9.958010878108325e-07
2824,9.924382311510271e-07
6374,9.912469067785423e-07
2752,9.890795240607986e-07
6161,9.887610872283403e-07
3924,9.883132747745549e-07
5899,9.858632665782352e-07
281,9.856806855168543e-07
5718,9.795684263735893e-07
4502,9.795569724246889e-07
1179,9.77319587036618e-07
4748,9.763368211679335e-07
3395,9.749784908308357e-07
5000,9.744715043780161e-07
766,9.734482659951027e-07
1525,9.732316073041147e-07
5257,9.731955401548475e-07
834,9.729529892865685e-07
1473,9.715241731100832e-07
5045,9.710531685414026e-07
5171,9.692925004856079e-07
2477,9.690257058991847e-07
6631,9.689179023553152e-07
2483,9.670405347605993e-07
244,9.65192128887793e-07
1992,9.65013441600604e-07
7435,9.648176728660474e-07
7633,9.638492315389158e-07
7615,9.637324751565757e-07
4712,9.622617938020994e-07
6723,9.55913094458083e-07
5765,9.554383382237575e-07
1126,9.54203130731912e-07
6164,9.50334992921853e-07
3947,9.497209703113185e-07
7721,9.491063224231766e-07
148,9.475154740812286e-07
5147,9.432095851025224e-07
1559,9.424604741070652e-07
1821,9.414101214133552e-07
2791,9.409478707311791e-07
4756,9.408444157088525e-07
6004,9.408422556589358e-07
1323,9.398947327099449e-07
24,9.386957913193328e-07
1194,9.378302081586298e-07
4040,9.374979015319695e-07
7720,9.374098794978636e-07
5960,9.35719413064362e-07
5707,9.336403365978185e-07
2529,9.317648732576345e-07
7816,9.315477313975862e-07
2772,9.287176112593443e-07
4638,9.277724188905268e-07
3091,9.260484432616067e-07
1493,9.25312036770265e-07
1492,9.250736638932722e-07
5271,9.212359373123036e-07
2810,9.210377811541548e-07
2720,9.190125922486914e-07
5519,9.187019145429076e-07
7758,9.185253304622165e-07
6750,9.179483129173605e-07
352,9.155955353890022e-07
1762,9.14565447374116e-07
3280,9.142849535237474e-07
3657,9.137028484929033e-07
574,9.131474882906332e-07
508,9.115011891935865e-07
288,9.101326838845125e-07
124,9.09599549459017e-07
4803,9.085660508389992e-07
3347,9.067052246791718e-07
6632,9.064794426194567e-07
5480,9.03600209767319e-07
1549,9.009970654005883e-07
5278,9.001633713978663e-07
6066,8.984038686321583e-07
5291,8.982241865851393e-07
4065,8.97672379096548e-07
1744,8.969820441961929e-07
5869,8.966625557604857e-07
155,8.964997846305778e-07
5357,8.948814240739011e-07
5821,8.940618272390566e-07
3927,8.936511903812061e-07
788,8.920155494251958e-07
5884,8.918154890125152e-07
5814,8.885032229954959e-07
580,8.876461379259126e-07
5314,8.87492632273279e-07
3806,8.872741545928875e-07
2566,8.866725522693741e-07
2347,8.858205546857789e-07
3615,8.80564442695686e-07
7056,8.799868851383508e-07
3760,8.799138413451146e-07
37,8.794057464456273e-07
1069,8.787808667420904e-07
7373,8.783573264281586e-07
6369,8.782815541508171e-07
2508,8.778058031566616e-07
2159,8.770473414188018e-07
3866,8.765219376982714e-07
7713,8.750560880343983e-07
5130,8.727830618227017e-07
5345,8.720747644019866e-07
52,8.718770914128982e-07
3764,8.713504939805716e-07
7394,8.708030634352326e-07
4858,8.699499574049696e-07
793,8.681072642957588e-07
4034,8.674828393395728e-07
5251,8.667323925237724e-07
6267,8.667065287681908e-07
4898,8.652684186927218e-07
2869,8.644027218451811e-07
291,8.641767408334999e-07
7142,8.626251428722753e-07
5390,8.624183749361691e-07
3909,8.606301094005175e-07
2967,8.59414171827666e-07
3200,8.591506173161179e-07
7937,8.589922515511716e-07
3402,8.569093665755645e-07
6078,8.550505015136878e-07
6241,8.547868901587208e-07
4007,8.54070691502784e-07
6717,8.535920983376855e-07
4039,8.533140487543278e-07
4518,8.51539766699716e-07
5667,8.508848736710206e-07
611,8.508788766903308e-07
7456,8.495562440202775e-07
5544,8.490243033065781e-07
4154,8.480474491534551e-07
1791,8.471408250443346e-07
1696,8.442032992661552e-07
3284,8.428287401329726e-07
2166,8.402265052609437e-07
6101,8.393618884383613e-07
7148,8.367696011646331e-07
2274,8.363127506072487e-07
3526,8.35594505588233e-07
7782,8.319534288148134e-07
7607,8.316751802794897e-07
1088,8.30990416034183e-07
6344,8.308663268508099e-07
4685,8.291455912967649e-07
7619,8.287503590054257e-07
4005,8.28455199552991e-07
5563,8.273846674455854e-07
5714,8.254577892330417e-07
3250,8.247602067967819e-07
7655,8.238448856445757e-07
5607,8.236188193677663e-07
5771,8.21765269165553e-07
1681,8.1804103047034e-07
3396,8.179170265520952e-07
5310,8.169930652002222e-07
5887,8.167090186361747e-07
7919,8.164105622654461e-07
1067,8.137675706620939e-07
4481,8.124897590278124e-07
3883,8.120253482957196e-07
857,8.110379496883979e-07
7558,8.109874158890307e-07
7752,8.108096949399624e-07
6958,8.107273004043236e-07
4706,8.103824029603857e-07
3271,8.093775534234737e-07
5152,8.081798341663671e-07
5698,8.073744481862377e-07
5904,8.061223866207001e-07
5421,8.036991232529545e-07
6574,8.029283549149113e-07
3408,8.017931349968421e-07
2298,8.013188335098675e-07
6006,8.01194715904785e-07
3457,8.011262764284766e-07
3324,7.999797446700541e-07
1553,7.992231019215978e-07
4840,7.991426969056192e-07
2464,7.988475942966033e-07
1741,7.987476351445366e-07
1933,7.972340654305299e-07
7871,7.969781563588185e-07
6036,7.966511077484029e-07
5782,7.960689458741399e-07
3394,7.938049861877516e-07
7407,7.926735179353273e-07
6114,7.915508604128263e-07
697,7.893382303336693e-07
2376,7.884384558565216e-07
4587,7.880999248754961e-07
5525,7.869719524933316e-07
3744,7.850261170005979e-07
1015,7.846006724321342e-07
5802,7.843901528303832e-07
6329,7.835591304683476e-07
6843,7.827477475075284e-07
6825,7.817868379333959e-07
3737,7.813029583303432e-07
4695,7.800655907885812e-07
3260,7.757104754091415e-07
3387,7.740025012026308e-07
2982,7.729525179911434e-07
3291,7.720482244621962e-07
330,7.714440926065436e-07
2218,7.713782963492122e-07
5613,7.704896347604517e-07
3848,7.673127981888683e-07
5637,7.665083217034407e-07
4818,7.655270337636466e-07
1948,7.623873727879982e-07
627,7.623011697432958e-07
87,7.622803650519927e-07
5543,7.619930784130702e-07
723,7.619128155056387e-07
5465,7.604511154113425e-07
3154,7.572950835310621e-07
866,7.555449599294661e-07
563,7.552955025857955e-07
1673,7.551002170202992e-07
7755,7.540413946571789e-07
2981,7.532659651587892e-07
6928,7.530319976467581e-07
6948,7.519145412970829e-07
5786,7.519008420331375e-07
6373,7.507252917093865e-07
5822,7.498944967210264e-07
1160,7.492135694064928e-07
2301,7.480363422018854e-07
1444,7.47665922062879e-07
5483,7.475418613012152e-07
2345,7.461154041266127e-07
5873,7.451504870914505e-07
6705,7.419103269512561e-07
4588,7.414580238673807e-07
6429,7.412909894810582e-07
6237,7.41170595119911e-07
1238,7.407587645502645e-07
7425,7.402509822895809e-07
1424,7.391799385914055e-07
2817,7.382888611573435e-07
7263,7.378880013675371e-07
5337,7.375327868430759e-07
2286,7.37464119993092e-07
1562,7.353984869951091e-07
6506,7.353121418418596e-07
1443,7.34909491484359e-07
1591,7.346611425873562e-07
7955,7.331072708893771e-07
6058,7.326700881549186e-07
3872,7.314545769077085e-07
418,7.300856736947026e-07
4312,7.296363833120267e-07
271,7.296300168491143e-07
3811,7.294997885765042e-07
200,7.292628652066924e-07
7901,7.290809378446284e-07
6443,7.28944485217653e-07
6167,7.287273433576047e-07
6295,7.287272865141858e-07
6815,7.284765786153002e-07
7422,7.282226306415396e-07
324,7.273727646861516e-07
5164,7.262324857038038e-07
605,7.259385483848746e-07
5768,7.241022217385762e-07
2373,7.213317019250098e-07
1338,7.205807150967303e-07
3157,7.196984483925917e-07
1129,7.188114636846876e-07
6257,7.17167353059267e-07
404,7.162309998420824e-07
3835,7.152826526635181e-07
2410,7.143000004816713e-07
6721,7.139032902614417e-07
5489,7.138341402423976e-07
6412,7.134430006772163e-07
6463,7.131604320420593e-07
5020,7.109861144272145e-07
1254,7.107498163350101e-07
4525,7.106323209882248e-07
3993,7.096716956311866e-07
6079,7.096663523498137e-07
3235,7.084485957875586e-07
6780,7.079433714807237e-07
7020,7.073205949836847e-07
6350,7.054395609884523e-07
5195,7.044399126243661e-07
3980,7.035830265067489e-07
5174,7.020523753453745e-07
7728,7.014333789356897e-07
3101,7.006601379089261e-07
706,7.003361304214195e-07
7805,6.997395587404753e-07
2074,6.987342544562125e-07
5248,6.973529309561854e-07
665,6.972474864141986e-07
7190,6.959871825529262e-07
6664,6.92997303985976e-07
4063,6.928506763870246e-07
2389,6.905769396325923e-07
2875,6.90566423600103e-07
1173,6.894969146742369e-07
1049,6.874568896364508e-07
6926,6.871046025480609e-07
2005,6.869715605262172e-07
7820,6.867722390779818e-07
6826,6.861243093680969e-07
1346,6.861089048015856e-07
2470,6.837800015091489e-07
4997,6.81527296819695e-07
6093,6.806592409702716e-07
7973,6.800349865443422e-07
2709,6.773201448595501e-07
276,6.751966452611669e-07
4854,6.737440685355978e-07
5154,6.730689676714974e-07
720,6.717112057685881e-07
2384,6.712031677125196e-07
4188,6.705687383146142e-07
6247,6.701361598970834e-07
3962,6.700177550555964e-07
432,6.688984512948082e-07
7207,6.682639366317744e-07
5231,6.671041319350479e-07
1851,6.670086065696523e-07
3539,6.645866790222499e-07
6139,6.643333847478061e-07
561,6.639375840222783e-07
2010,6.639267553509853e-07
1986,6.63447053739219e-07
2940,6.634141413996986e-07
3982,6.624847230796149e-07
163,6.620002181989548e-07
4195,6.615648544538999e-07
817,6.60666586327352e-07
741,6.60571430444179e-07
7200,6.582703235835652e-07
867,6.576418627446401e-07
2390,6.575637030437065e-07
7590,6.558888401286822e-07
5028,6.558628342645534e-07
4715,6.558281029356294e-07
7131,6.558220491115208e-07
6022,6.552145634941553e-07
5363,6.54959450230308e-07
6552,6.548799547090312e-07
102,6.546591464484663e-07
410,6.541168033891154e-07
7523,6.540078629768686e-07
1970,6.537284775731678e-07
5361,6.536170644722006e-07
1994,6.534978069794306e-07
4364,6.52649418952933e-07
1632,6.522370767925167e-07
4670,6.50788024358917e-07
2137,6.496154014712374e-07
1882,6.49083261805572e-07
1484,6.485264520961209e-07
5661,6.480051695234579e-07
142,6.476183784798195e-07
5018,6.468736728493241e-07
751,6.46367709578044e-07
1807,6.456989467551466e-07
6501,6.456527614773222e-07
7358,6.45404327315191e-07
7626,6.451509761973284e-07
6697,6.448174474371626e-07
7150,6.447225757710839e-07
3039,6.446557279105036e-07
2896,6.443459881211311e-07
6665,6.425136973575718e-07
3435,6.400160259545373e-07
6173,6.397842753358418e-07
412,6.391283307038975e-07
4586,6.388283395608596e-07
4884,6.383331765391631e-07
7832,6.382389017289825e-07
5455,6.3811228301347e-07
5562,6.380071226885775e-07
591,6.376554324560857e-07
4770,6.373507517309918e-07
1995,6.37226293065396e-07
3057,6.352652235364076e-07
2965,6.343214238313521e-07
5014,6.33610682143626e-07
1861,6.324899857190758e-07
4381,6.321226067029784e-07
7934,6.306351849616476e-07
802,6.300605264186743e-07
7260,6.291138276992569e-07
5046,6.2823147572999e-07
178,6.281230184868036e-07
5810,6.280025104388187e-07
7417,6.268890899718826e-07
4425,6.268461163472239e-07
6197,6.256271092297538e-07
2252,6.252804496398312e-07
2327,6.249706245853304e-07
7085,6.246170016765973e-07
5726,6.244118253562192e-07
2646,6.234644160940661e-07
5158,6.228882227787835e-07
2222,6.227193694030575e-07
557,6.223783373116021e-07
4324,6.223131947535876e-07
5788,6.197710149535851e-07
2706,6.193837691625959e-07
3664,6.165646482259035e-07
6208,6.156157041914412e-07
4120,6.146443638499477e-07
1003,6.130601946097158e-07
3171,6.11987729826069e-07
5626,6.11166456110368e-07
4146,6.11022301200137e-07
2910,6.101764142840693e-07
2244,6.096248910125723e-07
3360,6.086359007895226e-07
5732,6.08401705903816e-07
5039,6.083110974941519e-07
3266,6.082185564082465e-07
1785,6.081684205128113e-07
7863,6.078270757825521e-07
3236,6.074909606468282e-07
3306,6.058867825231573e-07
5073,6.04645833846007e-07
7924,6.039066988705599e-07
3991,6.030061285855481e-07
800,6.028680559211352e-07
4391,6.021558647262282e-07
4523,6.017125997459516e-07
4439,6.01640579134255e-07
5068,6.000289829444228e-07
2243,6.000055066124332e-07
2381,5.997512744215783e-07
1068,5.993207139454171e-07
3640,5.98087240177847e-07
1290,5.98024115561202e-07
3121,5.976820602882071e-07
923,5.975290093829244e-07
5570,5.940188430031412e-07
2097,5.937152707247151e-07
3278,5.934848559263628e-07
6496,5.918478791500092e-07
693,5.88923768418681e-07
1005,5.887972349682968e-07
6842,5.856462621522951e-07
3599,5.849610147379281e-07
1116,5.841709764808911e-07
1506,5.839058019319054e-07
4926,5.83830029654564e-07
5259,5.810251764160057e-07
5691,5.807334844121215e-07
647,5.801647660064191e-07
6686,5.791584953840356e-07
1645,5.77564236436956e-07
5136,5.749928675413685e-07
6654,5.749022875534138e-07
7295,5.744418274389318e-07
2635,5.739672701565723e-07
6170,5.737750257139851e-07
294,5.733537307150982e-07
1310,5.726716665321874e-07
5479,5.725896130570618e-07
6456,5.723864262563438e-07
5827,5.722514231365494e-07
1541,5.700819087905984e-07
5920,5.696071241345635e-07
2872,5.695920606285654e-07
1237,5.692821503089363e-07
3960,5.688449107310589e-07
1961,5.686901261015009e-07
5671,5.686736130883219e-07
2613,5.672993097505241e-07
5927,5.670616189945576e-07
3062,5.662654700699932e-07
1531,5.631454200738517e-07
7227,5.631179647025419e-07
7172,5.629027555187349e-07
5233,5.628349981634528e-07
625,5.622925414172641e-07
1410,5.606879653896613e-07
1876,5.57773034870479e-07
2092,5.5687931421744e-07
1834,5.564941716329486e-07
5536,5.558666487104347e-07
7323,5.55566543880559e-07
3579,5.555216944230779e-07
5824,5.553299615712604e-07
33,5.520819570392632e-07
6500,5.5022491096679e-07
2605,5.498463906405959e-07
5971,5.48315966852897e-07
6673,5.467056780616986e-07
3661,5.460791783207242e-07
3430,5.460417753511138e-07
2050,5.454458005260676e-07
2330,5.449287527881097e-07
585,5.433705041468784e-07
1635,5.431703868907789e-07
1654,5.421966591256933e-07
5701,5.42008308457298e-07
5858,5.417456634404516e-07
1451,5.411616541550757e-07
7388,5.410896619650885e-07
592,5.409088998931111e-07
5997,5.408790570982092e-07
4359,5.40346405841774e-07
7696,5.393969217948325e-07
1175,5.37398875621875e-07
1554,5.373096314542636e-07
5757,5.340802999853622e-07
840,5.332595947038499e-07
4880,5.320515015228011e-07
2877,5.319287197380618e-07
7606,5.312512598720787e-07
3417,5.304509045345185e-07
7996,5.301589567352494e-07
4491,5.283758355290047e-07
7983,5.281338815166237e-07
5335,5.275078649447096e-07
2551,5.264699609597301e-07
7555,5.264245999114792e-07
612,5.259039426164236e-07
5249,5.256877102510771e-07
6571,5.247896410764952e-07
4183,5.240314635557297e-07
7209,5.235356752564257e-07
5400,5.221891967721604e-07
2977,5.214735949721216e-07
7582,5.19627349149232e-07
5044,5.194249581563781e-07
4328,5.191696743622742e-07
4560,5.174324542167597e-07
3207,5.160806040294119e-07
2688,5.148422701495292e-07
7771,5.140586551988235e-07
2812,5.138035419349762e-07
3052,5.13759744080744e-07
3209,5.137020195888908e-07
4116,5.134731964062667e-07
1131,5.132235685323394e-07
466,5.127240569891001e-07
5389,5.118665455938753e-07
7957,5.118188255437417e-07
6199,5.117745445204491e-07
83,5.117543651067535e-07
7187,5.111967880111479e-07
4319,5.110931624585646e-07
7821,5.109526171054313e-07
4460,5.107644938107114e-07
2455,5.095977257951745e-07
1832,5.095425876788795e-07
2302,5.083967096197739e-07
7210,5.072118369753298e-07
3770,5.061981198650756e-07
7767,5.059372369942139e-07
7017,5.045773434630973e-07
5395,5.031695877733e-07
2140,5.030105398873275e-07
3769,5.020482376494328e-07
1092,5.02002023949899e-07
4210,5.015872517333264e-07
1362,5.012224733036419e-07
646,5.010392669646535e-07
4656,5.004397110042191e-07
7903,4.988590376342472e-07
6276,4.98511809610136e-07
642,4.984807162600191e-07
6043,4.964254856076877e-07
3684,4.963332855822955e-07
5266,4.962054447332775e-07
6419,4.939138875670324e-07
1965,4.934855866167709e-07
3340,4.930631547495068e-07
439,4.925616963191715e-07
3877,4.920768219562888e-07
3967,4.917918090541207e-07
5527,4.906904109702737e-07
6187,4.892922902399732e-07
5555,4.883551127932151e-07
6436,4.856440511957771e-07
6024,4.853304176322126e-07
3205,4.842326291054633e-07
6135,4.817741228180239e-07
2425,4.811917904135043e-07
5549,4.781440026135897e-07
18,4.7665764668636257e-07
6014,4.759984335578338e-07
2912,4.7504772737738676e-07
7994,4.747304984675793e-07
3216,4.7264686031667225e-07
7340,4.7255281288016704e-07
5805,4.7187978680085507e-07
7143,4.7102497546802624e-07
7232,4.70877239422407e-07
1941,4.7036078854034713e-07
3040,4.693651902698548e-07
7487,4.680860001826659e-07
5951,4.6731034331060073e-07
4730,4.66718290681456e-07
4417,4.663866235432579e-07
2017,4.6615271287464566e-07
1409,4.657320715750757e-07
2208,4.6388403518449195e-07
3320,4.624487957016754e-07
3058,4.6167771472482855e-07
2006,4.6130567454838456e-07
1812,4.601571390594472e-07
6260,4.5982299923252867e-07
7235,4.5639123413820926e-07
6475,4.563083422226555e-07
4804,4.552868801965815e-07
383,4.5496490486129915e-07
3563,4.53258650168209e-07
3575,4.5285842986686475e-07
1974,4.5251796620959794e-07
1905,4.514126032972854e-07
4754,4.505923243414145e-07
1650,4.5048571450934105e-07
5745,4.490806588819396e-07
7796,4.489102565230496e-07
3701,4.487575182565706e-07
2957,4.4838914448064315e-07
7442,4.482506739122982e-07
5077,4.481820212731691e-07
803,4.481205166939617e-07
3876,4.476198398606357e-07
6038,4.4743188709617243e-07
3423,4.473599659604588e-07
5952,4.465558731681085e-07
5532,4.4634957419020793e-07
7969,4.46095640427302e-07
7378,4.459724323169212e-07
5712,4.4544319166561763e-07
1371,4.442363206180744e-07
3928,4.4317968672658026e-07
4211,4.429016371432226e-07
4473,4.4261066989292885e-07
3133,4.4215914840606274e-07
1289,4.4209420480001427e-07
1521,4.4152032785405027e-07
2600,4.414972636368475e-07
6275,4.4106106145136437e-07
2023,4.406961693348421e-07
309,4.3932017490533326e-07
1269,4.3797571436243743e-07
199,4.373071362806513e-07
2598,4.3646667791108484e-07
1869,4.3626064893942385e-07
6205,4.3564892848735326e-07
3274,4.3562347684655833e-07
4687,4.3459634468945296e-07
3353,4.3413565720129554e-07
7642,4.3320909526300966e-07
1824,4.3218921064180904e-07
1312,4.317903119499533e-07
900,4.295751807603665e-07
6479,4.2755632989610604e-07
7932,4.2687925372320024e-07
5968,4.266260020813206e-07
5431,4.2638576758236013e-07
7203,4.2465956084924983e-07
3,4.245322315910016e-07
5429,4.241815645400493e-07
1196,4.233927626273726e-07
5756,4.2242128017733194e-07
7247,4.20612224161232e-07
5359,4.202362475780319e-07
1919,4.196253371446801e-07
2608,4.1922307048025687e-07
6512,4.182909378869226e-07
223,4.1370191183887073e-07
51,4.13218884887101e-07
1585,4.126576271801241e-07
1304,4.1177210619025573e-07
2413,4.104363426904456e-07
3722,4.103724791093555e-07
7780,4.0972399517613667e-07
4632,4.0947493573639804e-07
20,4.0850969185157737e-07
6118,4.0839383075308433e-07
5385,4.0697096892472473e-07
7108,4.066549905701322e-07
1896,4.058095441905607e-07
7873,4.0575471871306945e-07
1501,4.0528645683934883e-07
3675,4.048750099627796e-07
5423,4.047323898248578e-07
3190,4.0275885737628414e-07
7699,4.025694266829305e-07
121,4.0103208220898523e-07
4278,4.004176190619546e-07
622,3.998619746425902e-07
5823,3.9891646963496896e-07
5199,3.977199440896584e-07
6376,3.9707454391191277e-07
1771,3.966446513459232e-07
5753,3.964835855185811e-07
1912,3.9638905491301557e-07
255,3.9611477120615746e-07
7466,3.9609020063835487e-07
2782,3.958782173185682e-07
3088,3.958243581791976e-07
2583,3.955048555326357e-07
6754,3.9528222828266735e-07
3697,3.950672748942452e-07
1438,3.950361531224189e-07
6751,3.9466976886615157e-07
1918,3.932655374683236e-07
4993,3.9231282755736174e-07
6939,3.905214072119634e-07
290,3.899284592989716e-07
5027,3.880999059902024e-07
6195,3.879352021840532e-07
424,3.879326015976403e-07
2548,3.8786402001278475e-07
3016,3.875986891443972e-07
7627,3.8628000709195476e-07
4334,3.85931159030406e-07
2916,3.8537491775514354e-07
6670,3.8425953619025677e-07
5081,3.8399495849716914e-07
7743,3.835696702481073e-07
5399,3.826777685844718e-07
7517,3.8263924295733887e-07
2612,3.8118551515253785e-07
836,3.810734767739632e-07
6228,3.809187489878241e-07
7505,3.802759920290555e-07
5592,3.798080427941386e-07
6315,3.7907409478066256e-07
323,3.76309472471803e-07
5832,3.758833742040224e-07
2090,3.758829905109451e-07
5500,3.7525674656535557e-07
809,3.7454461221386737e-07
6957,3.731486941660478e-07
1462,3.725938029219833e-07
7083,3.724330213117355e-07
3828,3.724155419604358e-07
2311,3.7240269534777326e-07
2943,3.722731634070442e-07
2674,3.719371903798674e-07
3653,3.7162615740271576e-07
3378,3.7108956973952445e-07
6932,3.7099860605849244e-07
7564,3.695300705430782e-07
7123,3.686441942818419e-07
708,3.6821103321926785e-07
4134,3.6796762969970587e-07
7326,3.6687885085484595e-07
7516,3.6680913240161317e-07
7707,3.66022248954323e-07
5522,3.6520061996725417e-07
1043,3.647353992164426e-07
4376,3.6472761166805867e-07
2684,3.6425747396151564e-07
6927,3.641902139861486e-07
7709,3.6403881154001283e-07
2334,3.6370181533129653e-07
4115,3.6326511576589837e-07
905,3.6302887451711285e-07
1721,3.612771166672246e-07
4619,3.6093088340294344e-07
1476,3.608690661849323e-07
4823,3.5850852952989953e-07
7838,3.5811498833027144e-07
7553,3.57826550612117e-07
4291,3.577162601686723e-07
3174,3.5768806583291735e-07
2700,3.575015341539256e-07
2719,3.573658062805407e-07
7987,3.569887780940917e-07
3390,3.5647505569613713e-07
2847,3.553653158405723e-07
7372,3.5451384405860153e-07
4918,3.544594022741876e-07
6272,3.542780717680216e-07
5040,3.5407664711328835e-07
1420,3.539612691838556e-07
4752,3.5343295223810856e-07
4371,3.5320850599873665e-07
3080,3.531488204089328e-07
2113,3.5302360856803716e-07
5414,3.5292823952204344e-07
3860,3.527039496020734e-07
7866,3.517211695225342e-07
6081,3.504333960790973e-07
2596,3.4988154595794185e-07
4960,3.494915716828473e-07
4744,3.492937992177758e-07
4540,3.4874237542226183e-07
3019,3.4791050040894334e-07
4892,3.472817127203598e-07
6461,3.470381955139601e-07
278,3.4659532843761554e-07
5885,3.4614814126143756e-07
2680,3.4609280419317656e-07
6984,3.4577591634388227e-07
710,3.442912088758021e-07
1742,3.435658157968646e-07
4857,3.418410869926447e-07
4976,3.4077413602062734e-07
2076,3.400396195729627e-07
2485,3.390124874158573e-07
554,3.389756244587261e-07
3672,3.388364291367907e-07
1295,3.3876526117637695e-07
471,3.3783233277517866e-07
5265,3.3653323328053375e-07
222,3.3629288509473554e-07
819,3.355905420221461e-07
2623,3.353446800247184e-07
3854,3.346372210444315e-07
2494,3.345713253111171e-07
1013,3.316766026273399e-07
3892,3.311588301357915e-07
3654,3.3115493636159954e-07
3899,3.306740552488918e-07
2997,3.299097528497441e-07
7531,3.2976200259327015e-07
4442,3.296931367913203e-07
1810,3.296784711892542e-07
3289,3.2912176095578616e-07
4968,3.2889917633838195e-07
3989,3.285293104227094e-07
2437,3.2770225288913934e-07
4999,3.2755401946360507e-07
7757,3.2607354683023004e-07
7643,3.2530597593449784e-07
516,3.247822490948238e-07
2999,3.241960655486764e-07
5038,3.2371544023135357e-07
2736,3.2356463464111584e-07
875,3.230222063166366e-07
1025,3.208426591072566e-07
6919,3.2078287404146977e-07
2068,3.206439203040645e-07
22,3.19399887871441e-07
4688,3.1906273534332286e-07
3710,3.186048331826896e-07
2935,3.185738961519746e-07
527,3.184432699754325e-07
5458,3.179932832608756e-07
6902,3.1759313401380496e-07
4506,3.175243676878381e-07
333,3.166596940218369e-07
1117,3.160632786602946e-07
5612,3.159486539061618e-07
6936,3.154604968358399e-07
2205,3.147173543993631e-07
1093,3.146977434198561e-07
4561,3.1448603010630904e-07
3660,3.140086732855707e-07
1570,3.135571660095593e-07
6569,3.107265911239665e-07
664,3.106706003563886e-07
2756,3.0926638316941535e-07
3264,3.0899288105956657e-07
6434,3.0864782729622675e-07
6567,3.083431465711328e-07
2237,3.080108115227631e-07
7384,3.0700228137447994e-07
1465,3.0693107078150206e-07
5791,3.057753161783694e-07
5542,3.0473370316030923e-07
186,3.046273064910565e-07
1452,3.0399186812246626e-07
1260,3.0385049853975943e-07
2257,3.028819435257901e-07
348,3.0275772644472454e-07
2823,3.022857129053591e-07
1360,3.020346923676698e-07
4436,3.014223040054276e-07
4152,3.0102479797733395e-07
1658,3.00906336292428e-07
2654,3.006975930475164e-07
3745,2.9984853711084725e-07
6752,2.9937021395198826e-07
4623,2.990040854911058e-07
4776,2.9898741615852487e-07
6894,2.9890328789861087e-07
7971,2.982620230795874e-07
391,2.9797763545502676e-07
7920,2.976751005689948e-07
501,2.975101693891702e-07
935,2.972437442849696e-07
6176,2.9684167657251237e-07
4571,2.9673370249838626e-07
5725,2.96153800150023e-07
1375,2.9501870812964626e-07
7911,2.947805484154742e-07
4212,2.947004418274446e-07
1748,2.944831862805586e-07
2547,2.9444808546941204e-07
876,2.943456109960607e-07
7629,2.9312190008567995e-07
3756,2.9057392225695367e-07
1536,2.9056361938728514e-07
1519,2.904540110648668e-07
6027,2.8920854333591706e-07
1802,2.8909786919939506e-07
3738,2.889465520183876e-07
6094,2.888001660039663e-07
6610,2.884210346110194e-07
2933,2.8681667174623726e-07
5852,2.867205921575078e-07
3699,2.863234982442009e-07
1266,2.8594618584065756e-07
462,2.859317334014122e-07
7470,2.8565827392412757e-07
4349,2.852394231922517e-07
3488,2.85190509430322e-07
3941,2.8512765481991664e-07
4307,2.846431073066924e-07
520,2.829064555953664e-07
5059,2.8290244813433674e-07
3687,2.8206878255332413e-07
368,2.818447057961748e-07
2707,2.8139321273101814e-07
3886,2.813673773971459e-07
5902,2.808805277254578e-07
6765,2.804266046041448e-07
1440,2.801372716021433e-07
145,2.797246736463421e-07
7525,2.796911644509237e-07
1236,2.7890908427252725e-07
6132,2.787140402915611e-07
5261,2.7858126827595697e-07
15,2.782785202271043e-07
5485,2.774184082454667e-07
2157,2.770682243635747e-07
2314,2.76844318136682e-07
2007,2.767953759530428e-07
6123,2.7591461559950403e-07
3215,2.757101214001523e-07
6915,2.7534467506029614e-07
5581,2.7468323082757706e-07
1668,2.7438315441941086e-07
4671,2.742811204825557e-07
1888,2.7314086992191733e-07
2382,2.7273124203475163e-07
7926,2.7133374658205867e-07
6339,2.7132867330692534e-07
1573,2.7108674771625374e-07
6554,2.7106217714845116e-07
1325,2.7080751863195474e-07
7463,2.704379511442312e-07
7315,2.701435022345322e-07
4176,2.7011110148578155e-07
7269,2.6952272946800804e-07
6483,2.6919715878648276e-07
732,2.69021057874852e-07
23,2.668148511020263e-07
7029,2.6567427369172947e-07
3240,2.649908594776207e-07
3970,2.6491127869121556e-07
1319,2.647334156336001e-07
1100,2.6444948275639035e-07
1315,2.643870828933359e-07
5035,2.639352203459566e-07
1651,2.6222885196602874e-07
3196,2.6215732873424713e-07
1314,2.6214975434868393e-07
1608,2.6191308677425695e-07
7738,2.615636276459554e-07
1052,2.612901823795255e-07
5467,2.603261890499198e-07
2559,2.5990652829932515e-07
1490,2.5945521997527976e-07
7007,2.5874234665934637e-07
7898,2.577389750513248e-07
3448,2.57575450746117e-07
7444,2.5737620035215514e-07
3904,2.5667083036751137e-07
7176,2.556551095267423e-07
3740,2.554587865688518e-07
2815,2.5509547185720294e-07
372,2.542751644796226e-07
4967,2.5408132842130726e-07
1218,2.540556494068369e-07
5943,2.5372159484504664e-07
5157,2.536466610081334e-07
1685,2.531420904006154e-07
5100,2.5312920115538873e-07
6448,2.5304434814188426e-07
6847,2.523971147638804e-07
7238,2.5219657118213945e-07
2285,2.5160664307577463e-07
6612,2.514357078098328e-07
4132,2.511989265485681e-07
7982,2.5015233973135764e-07
6680,2.5004821679885936e-07
1307,2.495051347750632e-07
1508,2.4947665622221393e-07
6845,2.489547341610887e-07
5546,2.485907373284135e-07
7090,2.4824731781336595e-07
1753,2.478386065263294e-07
5629,2.4745075677401474e-07
3972,2.4740388226973664e-07
359,2.4722850611169633e-07
1930,2.4702571010948304e-07
7811,2.463798480789592e-07
4368,2.4244798169092974e-07
169,2.4234066131612053e-07
1729,2.422898717213684e-07
5362,2.421992064682854e-07
4878,2.421861324819474e-07
685,2.419495714889308e-07
7061,2.4147776400695875e-07
5966,2.413403166201533e-07
7761,2.4003686860396556e-07
6509,2.396929232872935e-07
5466,2.394672549144161e-07
82,2.392143585439044e-07
2349,2.3902147461285495e-07
3114,2.3899811196770315e-07
7988,2.3893090883575496e-07
5172,2.3758062894785326e-07
7268,2.3754984113111277e-07
5706,2.3615401545384884e-07
1178,2.360093134257113e-07
5906,2.3530695614226715e-07
4078,2.3492370360145287e-07
4583,2.3473917565297597e-07
1370,2.3392528447629957e-07
2519,2.3378315461286547e-07
4865,2.3351165623353154e-07
4090,2.330228170421833e-07
5986,2.3278013117078444e-07
4030,2.31280019136193e-07
6415,2.3055906694935402e-07
5161,2.303155710592364e-07
1962,2.302226960182452e-07
629,2.3017794603674702e-07
7817,2.2999708448878664e-07
1164,2.2941993904623814e-07
2504,2.2929334164700776e-07
529,2.2909858898856328e-07
3116,2.2865437898644814e-07
3619,2.2761949480809562e-07
3663,2.2752083594923533e-07
3069,2.2712092118126748e-07
6760,2.2705617652718502e-07
7446,2.269371606189452e-07
3150,2.2665992815973368e-07
430,2.2629414075936438e-07
7773,2.2567815705087924e-07
3056,2.246520907078775e-07
6996,2.2408462285739006e-07
3598,2.2406693034326963e-07
6298,2.2388434928188872e-07
5763,2.2337761151902669e-07
4794,2.2294174328862937e-07
6210,2.2289621881554922e-07
6131,2.2230815943657944e-07
7431,2.2212832107015856e-07
6178,2.214656689147887e-07
3650,2.1994200949393417e-07
903,2.195721933162531e-07
7079,2.1953054130108285e-07
5767,2.185553569233889e-07
1113,2.1815192496887903e-07
7804,2.1793519522361748e-07
7115,2.176778011175884e-07
5484,2.171741044776354e-07
5033,2.1707741382215318e-07
4780,2.1703458941146891e-07
5888,2.1690113527483845e-07
2571,2.167806485431356e-07
4362,2.1659126758777347e-07
1442,2.1646496151106476e-07
6221,2.1571319308577586e-07
7034,2.1409017847418e-07
2071,2.140445118925527e-07
2175,2.137973709182006e-07
861,2.1330105681727218e-07
3798,2.1303407748973768e-07
7576,2.130214369344685e-07
955,2.128837337522782e-07
7596,2.128063272266445e-07
7921,2.1278908945987496e-07
6980,2.1207144840218461e-07
1032,2.1163541674695807e-07
360,2.1157544694005992e-07
1489,2.1058721699773741e-07
669,2.10501212905001e-07
2742,2.1008800388244708e-07
67,2.099214029271934e-07
5713,2.0911712539373184e-07
7595,2.0901853758914513e-07
714,2.0899022956655244e-07
4351,2.0688883495267874e-07
275,2.068158764245709e-07
413,2.064388269218398e-07
2116,2.0630237429486442e-07
2369,2.06273554681502e-07
2490,2.0567052416708975e-07
2698,2.0529866873175706e-07
7931,2.050040635026562e-07
3915,2.043887761260521e-07
2668,2.041657722884338e-07
7844,2.0415089352354698e-07
41,2.0385715515658376e-07
7316,2.0338089967708584e-07
984,2.026253653752974e-07
1873,2.0256242549976378e-07
5312,2.023798728600923e-07
7406,2.0235192721429485e-07
4179,2.023188372390905e-07
5396,2.020094242993764e-07
1455,2.0199284023192376e-07
3652,2.0146342194493627e-07
80,2.0044065252022847e-07
1786,1.9976966569856813e-07
1270,1.9946786267155403e-07
2123,1.9822915220402137e-07
1707,1.9795041339421005e-07
5255,1.9793142769231054e-07
2988,1.977535930564045e-07
3383,1.9744405221899797e-07
3588,1.967126905810801e-07
1089,1.9654338245800318e-07
2951,1.964040663438027e-07
996,1.9623204394747518e-07
7825,1.951760211227338e-07
5432,1.946058816315599e-07
689,1.9458337163769102e-07
6000,1.9345243629231845e-07
1697,1.933638102968871e-07
5877,1.9335841017209532e-07
7583,1.9252033212069364e-07
2424,1.9239001147752788e-07
7845,1.9199929823798811e-07
5440,1.918546743695515e-07
2213,1.9148315288930462e-07
3089,1.9103062243175373e-07
6871,1.9003600471023674e-07
2461,1.8953778635477647e-07
3802,1.8915914523631727e-07
7716,1.8914636257250095e-07
7636,1.8903995169239352e-07
839,1.8871742923920465e-07
2744,1.8837734927501515e-07
2319,1.8801897994080718e-07
1327,1.877155000329367e-07
7577,1.8566029780231474e-07
957,1.8562781889386315e-07
7561,1.8518715449999945e-07
3916,1.8506460008893555e-07
5608,1.8502827003885614e-07
5285,1.847265238552609e-07
6181,1.8460497841488177e-07
7074,1.8333248874569108e-07
3875,1.8328230311226434e-07
3564,1.8307181193222277e-07
3541,1.828738049880485e-07
5526,1.8174263516357314e-07
7307,1.8116786293376208e-07
2907,1.8103088450516225e-07
3521,1.809171195077397e-07
6672,1.7972794097431688e-07
2775,1.7954845077383652e-07
1990,1.7914478434022385e-07
721,1.789345560609945e-07
2733,1.77923972444205e-07
3076,1.776630256244971e-07
4973,1.772320459281218e-07
6755,1.7684629227687765e-07
1843,1.7629142234909523e-07
258,1.7592468282146e-07
2444,1.755619791765639e-07
1798,1.7511197114572497e-07
5557,1.742421318340348e-07
6968,1.7395944240661265e-07
7045,1.7377797689732688e-07
5177,1.736847465849678e-07
5565,1.7366969018439704e-07
7024,1.7344014224818238e-07
1589,1.7286549791606376e-07
2834,1.7278391339914378e-07
5356,1.7198973267795736e-07
2054,1.7187252865369373e-07
4023,1.7186242473599123e-07
560,1.7119207029736572e-07
6864,1.711053485564662e-07
3983,1.7105615768286953e-07
4844,1.7089283943505507e-07
6308,1.707000265582792e-07
2939,1.7044852995695692e-07
3557,1.7028526144713396e-07
1898,1.7000958507651376e-07
7333,1.6934293967096892e-07
4268,1.6916482792339593e-07
5095,1.6902147592645633e-07
4249,1.6868503394107393e-07
1517,1.6864774465830124e-07
1183,1.6734605878809816e-07
2840,1.671321996354891e-07
4169,1.671115015255964e-07
7376,1.6695374682740294e-07
936,1.6693857673999446e-07
4597,1.668102171947794e-07
1852,1.66687712521707e-07
2835,1.6594139395920138e-07
1125,1.6539716085617329e-07
2789,1.645863818566795e-07
2779,1.6426660920387803e-07
6515,1.638244739865513e-07
7735,1.629257369017978e-07
6478,1.6252211310074927e-07
4846,1.621215446334645e-07
4207,1.6129943247733536e-07
2624,1.6116108980668287e-07
3801,1.607649977586334e-07
7730,1.6015740555985758e-07
1112,1.5978002920746803e-07
5273,1.597111918272276e-07
7286,1.5891556159886022e-07
4253,1.580211304030854e-07
3665,1.5736328862203663e-07
5109,1.5734047309479138e-07
1226,1.5714048373638434e-07
4388,1.565850453744133e-07
5912,1.5657028740179157e-07
7914,1.5649308693355124e-07
7654,1.5610685011324676e-07
2465,1.552827129103207e-07
4029,1.5429516508902452e-07
486,1.5409479203754017e-07
4410,1.5390244811896991e-07
1107,1.5365179706350318e-07
7854,1.5348343396226483e-07
5113,1.5332377500953953e-07
4644,1.5308672374203525e-07
7935,1.5199619696204536e-07
5494,1.5129031538663185e-07
3495,1.5126834540524214e-07
1959,1.5080448179105588e-07
1935,1.504191189383164e-07
2889,1.4974796158639947e-07
6742,1.4941760895226253e-07
4936,1.4903505984875665e-07
838,1.4859435992775616e-07
1731,1.4799655190245176e-07
5433,1.479204101428877e-07
856,1.4790565927569332e-07
4678,1.4776777845781908e-07
4964,1.4708768958371365e-07
6669,1.4708348317071795e-07
1261,1.4694099093048862e-07
3501,1.4684268734299621e-07
5977,1.4657749147772847e-07
6887,1.460505814065982e-07
339,1.4596577813108524e-07
4821,1.4574752071894181e-07
1199,1.4566396089321643e-07
220,1.4516284352339426e-07
4929,1.4506984058471062e-07
6799,1.4460361796864163e-07
4250,1.445145159095773e-07
1907,1.4451167373863427e-07
4088,1.4439600448667989e-07
4799,1.4428000838506705e-07
4356,1.4387984492714168e-07
7731,1.4378067447751164e-07
5418,1.4372199785839257e-07
3493,1.4368846734669205e-07
6229,1.436873517945969e-07
6625,1.4275082804715566e-07
7846,1.4265452108475074e-07
2795,1.4183734720063512e-07
7076,1.4167130046871534e-07
5227,1.413950627693339e-07
808,1.413142527439959e-07
1391,1.4034228001946758e-07
1187,1.4024250560851215e-07
3061,1.393398534332846e-07
6213,1.3918297980808347e-07
5498,1.3898494444219978e-07
6844,1.3866650760974153e-07
4484,1.3856755032293222e-07
6579,1.3788152131155584e-07
1581,1.3765289708089767e-07
328,1.3674526400109244e-07
7522,1.362446937491768e-07
3028,1.3581538382823055e-07
6877,1.354591248059478e-07
2622,1.3499321482868254e-07
6602,1.3489286487811114e-07
381,1.340407678185329e-07
4850,1.33603258234416e-07
6899,1.3312082103311695e-07
3847,1.3302970813811044e-07
7800,1.3238697960105128e-07
804,1.3235345619477812e-07
3992,1.3206391002995588e-07
2602,1.3144135380116495e-07
3011,1.31190539320869e-07
1145,1.3076722638061256e-07
2344,1.2968235552079932e-07
6945,1.2965264062358983e-07
7737,1.2919014125145623e-07
5,1.2885754330227428e-07
1111,1.2873577048821971e-07
3084,1.2862258103041313e-07
7267,1.2847860375586606e-07
4992,1.280574224438169e-07
3885,1.2791456072136498e-07
846,1.2764520818109304e-07
7552,1.2717393715888647e-07
3115,1.2690853878893904e-07
3976,1.26906968489493e-07
6649,1.2658570369694644e-07
4265,1.2606549759652808e-07
3392,1.2582791697468565e-07
6793,1.253830035352621e-07
3808,1.2522293246775007e-07
2009,1.2474077948354534e-07
6967,1.2420825612480257e-07
17,1.2418316686080288e-07
4952,1.2415783245955936e-07
4053,1.2395351944860522e-07
6995,1.236777791291388e-07
4414,1.2348771250003665e-07
7837,1.2306725949429165e-07
1353,1.230494177661967e-07
7690,1.2276191796445346e-07
2416,1.2247341629745279e-07
6439,1.2234357882334734e-07
1514,1.2217452294294162e-07
6620,1.2190776033094153e-07
4863,1.2185937237063627e-07
4691,1.2182525210846507e-07
7365,1.2112583647194697e-07
175,1.208721229772891e-07
3535,1.2073072497287285e-07
5871,1.2033710561354383e-07
4288,1.2032492335833922e-07
2956,1.2030348628400134e-07
3103,1.2024727880088903e-07
1077,1.2019684447750478e-07
3073,1.2002871585536923e-07
342,1.1984609926685152e-07
5983,1.192458469745361e-07
4896,1.1911296127209425e-07
2318,1.1897941121219446e-07
445,1.1896302254399416e-07
1680,1.1883785333566266e-07
740,1.1831539836748561e-07
3104,1.1821931167332878e-07
7231,1.1813307310148957e-07
4499,1.1783378184304638e-07
3234,1.1719151515876547e-07
3494,1.167407575053403e-07
5006,1.1586553938514044e-07
3159,1.1578190139971412e-07
4605,1.1574416092230422e-07
947,1.1548507572456401e-07
2422,1.1502181251898946e-07
5397,1.143052976715353e-07
2511,1.14110697779779e-07
3731,1.1399738397699366e-07
149,1.1392030074830473e-07
3985,1.1355236750887343e-07
2204,1.134300688931944e-07
4537,1.1338027405827233e-07
2502,1.1247142595038895e-07
7749,1.1242207520467673e-07
7819,1.121634127798643e-07
1337,1.1183747616883011e-07
5296,1.112886032217375e-07
5342,1.1111606212921288e-07
6517,1.1052308934722532e-07
4909,1.1022633117363512e-07
4868,1.0989283794060611e-07
4156,1.0949967332862798e-07
3534,1.0947169215569375e-07
5627,1.092484254172632e-07
4235,1.089874963611237e-07
4322,1.0896648561242728e-07
4733,1.0860843246973673e-07
7673,1.0795410076980261e-07
2332,1.076294573465475e-07
3498,1.0712996711959022e-07
1459,1.0702832398123974e-07
643,1.0677809569870078e-07
5376,1.0667141836506744e-07
3197,1.0653017312733937e-07
7774,1.0593191746011144e-07
2726,1.0592796684250061e-07
2160,1.0578447628972754e-07
6823,1.0569062069976098e-07
6458,1.0567312358489289e-07
2780,1.0516257376025351e-07
692,1.0506867553772281e-07
4893,1.0486697377132259e-07
3010,1.0461891619684138e-07
815,1.0460935584433173e-07
4474,1.0432043850983064e-07
6172,1.0409092965346645e-07
5903,1.0338802525211577e-07
5573,1.0329482336146611e-07
5550,1.0298680663822779e-07
1118,1.0295676133864617e-07
6647,1.0272039219216822e-07
5344,1.0250706949932464e-07
5244,1.0232532332565825e-07
558,1.02096578302735e-07
2379,1.0186008481127828e-07
5862,1.0164072605789443e-07
2095,1.0138754547028839e-07
1925,1.011776262771491e-07
3406,1.0096378488810842e-07
5371,1.0093875957295495e-07
2321,1.0071292777524832e-07
1533,1.0056163901595028e-07
1240,1.005534073783565e-07
7480,1.0044636766792792e-07
5528,1.0044076148574277e-07
7750,1.002662344262717e-07
5183,1.0004543682384792e-07
771,9.962867864032887e-08
3703,9.955166291319983e-08
345,9.94870639203782e-08
2249,9.927916266860848e-08
5454,9.925388155807013e-08
2241,9.916606913407122e-08
5764,9.82905099533582e-08
7676,9.786960220026231e-08
1085,9.762309005623138e-08
2944,9.730003824870437e-08
2060,9.725023986106862e-08
146,9.687825297532981e-08
7277,9.658979394089329e-08
5318,9.641356513157007e-08
2047,9.612884355192364e-08
3809,9.603652273426633e-08
6375,9.570820935778102e-08
1480,9.534175049452642e-08
7905,9.532643119314343e-08
1446,9.502470277311659e-08
1119,9.501317776994256e-08
4738,9.487163765697915e-08
2578,9.480847040777007e-08
989,9.369207631948484e-08
4006,9.350619478709632e-08
3782,9.272773127122491e-08
233,9.212842400074805e-08
6606,9.200955730648275e-08
5521,9.176101656294122e-08
3391,9.117122701240987e-08
3270,9.06354209462279e-08
6759,9.022822666793218e-08
7206,9.019256452802438e-08
1712,9.009188062236717e-08
2128,8.981453447631793e-08
3254,8.97986183190369e-08
4766,8.976073573307985e-08
2203,8.909642090770831e-08
3558,8.86667343991121e-08
1048,8.828704523011766e-08
3374,8.813569962740075e-08
1205,8.805417195389964e-08
7972,8.796511608011315e-08
7377,8.785576000036599e-08
53,8.74365611025496e-08
2657,8.670292928059098e-08
5682,8.621912783723928e-08
6306,8.613067592477819e-08
3077,8.581509902683138e-08
3678,8.480868984861445e-08
1768,8.460895628559228e-08
3203,8.454820132897112e-08
2440,8.407791796116726e-08
6985,8.391288375264594e-08
2147,8.373982396392421e-08
7077,8.366581738528112e-08
380,8.364290948748021e-08
938,8.358492564752851e-08
753,8.258271222416624e-08
4509,8.252387928564531e-08
3421,8.246090033026121e-08
3098,8.233372028598751e-08
57,8.188246169993363e-08
3707,8.146302477030076e-08
4595,8.146040286760581e-08
4386,8.141325835708813e-08
2250,8.079765123625293e-08
2618,8.028935027937223e-08
2960,8.014272623313445e-08
4038,7.993827466634684e-08
7181,7.969769200144583e-08
229,7.961027037595159e-08
1595,7.90724037358359e-08
6402,7.903738463710397e-08
6191,7.892274922483011e-08
7416,7.880660390924277e-08
1540,7.810231750227103e-08
2372,7.793324385829692e-08
3470,7.75304727085313e-08
4162,7.706282190156344e-08
4184,7.696558057546099e-08
945,7.696363368836501e-08
2194,7.691621206618038e-08
5720,7.672577950756931e-08
3037,7.620873532232508e-08
2711,7.576093352668067e-08
1652,7.55353610770726e-08
7351,7.550071501327693e-08
4650,7.506194421580403e-08
5117,7.442860905371163e-08
2206,7.390836742615647e-08
2275,7.375787802743616e-08
1920,7.312122463076776e-08
5990,7.296567261505515e-08
3445,7.292051407148392e-08
4859,7.274082136632387e-08
850,7.15498913450574e-08
2080,7.087496811664096e-08
7145,6.981846922826662e-08
3576,6.952282305405788e-08
2958,6.942634911411005e-08
5999,6.930937601623555e-08
2177,6.924425477450313e-08
2561,6.923992401652868e-08
3890,6.906980587473299e-08
2556,6.902816807041745e-08
2279,6.901391103042442e-08
6575,6.895040272070219e-08
1870,6.887863079896306e-08
2360,6.874190461303442e-08
4520,6.859593781882722e-08
6727,6.85787142629124e-08
3317,6.820506470717191e-08
4975,6.813962016849473e-08
4121,6.8059570423884e-08
5216,6.803717056413916e-08
3642,6.731386648084481e-08
5108,6.708271627076101e-08
3201,6.665468177402545e-08
419,6.651179873529145e-08
3331,6.57949961180293e-08
6471,6.572267352566996e-08
3799,6.526991569444363e-08
4662,6.517796968807943e-08
4749,6.487896797580106e-08
2704,6.473239722026847e-08
2906,6.463479707008446e-08
5219,6.371324801079936e-08
7205,6.342872183040527e-08
2891,6.342405001191764e-08
4613,6.330812496457838e-08
1287,6.303091026893526e-08
5572,6.289540799286897e-08
1147,6.275595154647817e-08
7736,6.25842559998091e-08
2594,6.23881994954445e-08
3874,6.220015080771191e-08
5071,6.18931945695067e-08
995,6.160134446986376e-08
6645,6.15643092061191e-08
3451,6.145069164631423e-08
869,6.132071561637531e-08
6846,6.11986159526623e-08
2426,6.103298844095661e-08
939,6.066613167377e-08
7390,6.040439259891173e-08
4468,6.038748168180064e-08
3674,6.007135766594729e-08
2754,5.964992411122694e-08
493,5.961690519029617e-08
6659,5.944326275653111e-08
7548,5.920040635487567e-08
6563,5.8923689039147575e-08
849,5.873165775938105e-08
7089,5.8684971548927933e-08
4421,5.860955099024068e-08
7155,5.857367213479847e-08
3416,5.854640328095684e-08
1035,5.799149604968079e-08
5194,5.769914501740914e-08
3796,5.7678894549439974e-08
5628,5.76111602867968e-08
870,5.757837939768251e-08
1403,5.7383267915156466e-08
2110,5.686028714535496e-08
6490,5.670357694498307e-08
3721,5.6140073922961164e-08
1320,5.613421372174798e-08
6016,5.603126140840686e-08
4919,5.5933337961278085e-08
2962,5.579275530465111e-08
4133,5.5671515397648363e-08
1028,5.550050907743298e-08
4174,5.440590022942615e-08
2841,5.423384763503236e-08
3013,5.410969983188352e-08
4171,5.350601028908386e-08
6831,5.3218139228761174e-08
1987,5.3152710677295545e-08
1329,5.3022032986405065e-08
1949,5.258295132648527e-08
3008,5.221523835530206e-08
35,5.213033560380609e-08
4921,5.182315732099596e-08
1972,5.147217940759674e-08
835,5.144348413921307e-08
5918,5.113266432488217e-08
7261,5.038465999973596e-08
975,5.014010007187153e-08
683,4.998532254774091e-08
4573,4.9581867500592125e-08
5981,4.8670807828443685e-08
414,4.854904034345964e-08
3658,4.8372523764328434e-08
6791,4.8051756351696895e-08
696,4.780397588888263e-08
1027,4.753151827685542e-08
6075,4.735506031749992e-08
2661,4.723673896478431e-08
3005,4.708982359602487e-08
3434,4.706551237632084e-08
7574,4.70409258213067e-08
485,4.677930753871351e-08
5089,4.6304126755103425e-08
1886,4.6082167415306685e-08
6656,4.6029088096588566e-08
6881,4.576965828562152e-08
6868,4.568335043586558e-08
1345,4.4917754848938785e-08
4668,4.489623606218629e-08
6818,4.205163151027591e-08
6925,4.174387058242246e-08
1700,4.165440259384923e-08
2705,4.115253737779767e-08
791,4.1004525996868324e-08
1699,4.037461742711912e-08
2317,4.0215700991552694e-08
7337,3.993485186981616e-08
1594,3.962340144880727e-08
4543,3.89593424188206e-08
2001,3.871208065220344e-08
7479,3.870843912068267e-08
2357,3.8696782667102525e-08
4318,3.8585472594832027e-08
1124,3.856750474540149e-08
3574,3.8182072614745266e-08
7789,3.816621507723994e-08
4239,3.808444759556551e-08
2764,3.795862468791711e-08
1137,3.743921084264912e-08
2268,3.728500530542078e-08
4266,3.6230257904890095e-08
5015,3.6056901464576185e-08
7908,3.570383988460435e-08
7669,3.5431600764468385e-08
5891,3.501393663896124e-08
4490,3.487835265048034e-08
1098,3.4714153329673536e-08
5554,3.444401563967858e-08
7189,3.434139372870959e-08
1646,3.417639327096822e-08
5170,3.362098865977714e-08
21,3.349984467604372e-08
675,3.2620178558318e-08
7631,3.2063589117115043e-08
3458,3.184703345482376e-08
389,3.127455805440604e-08
5237,3.087731670348148e-08
4905,3.080949273481792e-08
2724,3.072798193670678e-08
4419,3.040059226577796e-08
1065,3.035562379238854e-08
525,2.996736547800083e-08
603,2.977537505444161e-08
6069,2.948277444403402e-08
6516,2.898101492121441e-08
274,2.8741153457190194e-08
4657,2.824038158877329e-08
7900,2.79236740396982e-08
7511,2.7599005747447336e-08
1967,2.750572569709675e-08
3780,2.700269163824487e-08
5464,2.650163377637682e-08
1624,2.6491159488273297e-08
566,2.606502746971273e-08
6367,2.56732697323514e-08
467,2.559439771232519e-08
4616,2.482455663255223e-08
301,2.4485181882027973e-08
1215,2.4370073958834837e-08
477,2.3799698212201292e-08
7481,2.3721137054621977e-08
3662,2.3569978857551632e-08
4350,2.3353670108861024e-08
7745,2.3247760161382303e-08
3755,2.3200251497712543e-08
2324,2.230978690676011e-08
7164,2.2038909364141546e-08
1971,2.167296031529986e-08
5435,2.16093383187399e-08
3761,2.145254107688288e-08
5460,2.1243866221709595e-08
700,2.103113594387196e-08
5841,2.001635568404936e-08
2565,1.992861697885928e-08
130,1.9864267564173588e-08
1686,1.9546201990294776e-08
6323,1.948941363849599e-08
1682,1.8837740256572033e-08
5104,1.8811643798244404e-08
1980,1.8618152353155892e-08
556,1.8474701768411705e-08
1695,1.7970293697544548e-08
4422,1.7645412242472958e-08
510,1.7606687663374032e-08
5150,1.7501421645249593e-08
4501,1.7377048244782145e-08
2486,1.6765984156563718e-08
6397,1.647059111320459e-08
3608,1.6411910053193424e-08
5600,1.6154791282474434e-08
3246,1.592769205416289e-08
5331,1.5840251332832622e-08
2691,1.5778244488728888e-08
4699,1.5722037893795004e-08
6259,1.5621314020108912e-08
7925,1.5415545284724885e-08
4450,1.537427785081036e-08
2507,1.495813783947142e-08
6143,1.4660096248064747e-08
1864,1.4362850908611335e-08
7242,1.413607897404745e-08
4073,1.361467782956538e-08
6566,1.3381154406744145e-08
5787,1.3076018046120907e-08
4546,1.287658957238591e-08
7186,1.2580424701980064e-08
1348,1.2370741764300419e-08
4677,1.1607839134342157e-08
2158,1.1457145010496106e-08
997,1.1027084578785207e-08
4123,1.0962671215253295e-08
1139,1.0736829203494835e-08
526,9.96333504588165e-09
2469,9.762942898561278e-09
5215,9.464602435116376e-09
245,9.45662170792616e-09
7533,8.705879128712013e-09
2777,8.628152414758006e-09
4229,7.942079438549854e-09
1777,7.251301115118736e-09
7645,6.8691603516413124e-09
946,6.18169737620633e-09
2763,5.140865955155505e-09
1577,4.908591977326182e-09
3296,4.763309302546759e-09
3053,4.669187259054297e-09
4254,3.6483296383948982e-09
6935,3.6287637339427192e-09
4458,3.5638328954590293e-09
5008,2.9688808078631723e-09
6133,2.7200094399049135e-09
7469,-2.629967493783525e-10
5163,-2.9335892048898415e-10
211,-5.591409557581528e-10
1256,-6.466572555208216e-10
3382,-9.540779277728006e-10
5932,-9.944136625250621e-10
6929,-1.0399843763941874e-09
5282,-1.0953141726943727e-09
1464,-1.240675062685881e-09
4870,-1.3052100511501408e-09
769,-1.3108231167180406e-09
1615,-1.4076384502459405e-09
2423,-1.409862060430811e-09
507,-1.4954849025805572e-09
6510,-1.522403203502165e-09
5595,-1.5797156915908772e-09
2880,-1.6524953627694572e-09
5503,-1.7047834255379257e-09
6816,-1.7409171326754347e-09
811,-1.819011830050954e-09
6691,-1.9115167226857466e-09
6309,-1.969627128062257e-09
2063,-2.029769963218797e-09
2480,-2.1977248909621494e-09
3752,-2.2498292118200425e-09
4998,-2.339589411093357e-09
6224,-2.4419143374032615e-09
5619,-2.5100427292201744e-09
2059,-2.534826348821184e-09
1944,-2.613273375473568e-09
2747,-2.644183316746762e-09
7473,-2.706446622369185e-09
1913,-2.769927842649622e-09
6648,-2.831691769955569e-09
2662,-2.8534030693805335e-09
4221,-3.5534850617580105e-09
5979,-3.616489996360883e-09
5576,-3.704931250680943e-09
6969,-3.7179375134144266e-09
5026,-3.790193270347686e-09
4279,-3.92304877472327e-09
6059,-3.9381231609070255e-09
373,-4.212061810449086e-09
2806,-4.247333817986032e-09
4557,-4.249972818115566e-09
6555,-4.586478752344192e-09
4105,-4.592275892889575e-09
3183,-4.603703418482041e-09
6596,-4.613942783393554e-09
4043,-4.622794591568891e-09
6457,-4.629923111565404e-09
95,-4.747615856004472e-09
7471,-4.846231638211407e-09
758,-4.857924063017549e-09
3524,-4.869004754937123e-09
7985,-4.926212104905403e-09
140,-4.943334186435777e-09
4727,-4.95677232592584e-09
3002,-4.965357014441452e-09
4219,-5.0343356150506224e-09
7357,-5.162050786822192e-09
2336,-5.198200536682407e-09
1168,-5.2684505646993784e-09
1550,-5.4277138339386966e-09
6857,-5.487156062855547e-09
3156,-5.711297212940281e-09
5865,-5.795273150255298e-09
3072,-5.82220471834205e-09
1666,-5.823238558022581e-09
4871,-5.887917930991193e-09
1262,-5.928457724735381e-09
4141,-5.951517056956845e-09
3359,-6.052702117287367e-09
3222,-6.131363861072714e-09
6358,-6.196545498937667e-09
7598,-6.222300008573711e-09
7237,-6.297560917190026e-09
1932,-6.42680375584348e-09
6348,-6.482438585919681e-09
4962,-6.53194942579205e-09
4429,-6.5751009081793654e-09
2174,-6.606480695836581e-09
4276,-6.641742711366305e-09
3044,-6.686606601746803e-09
4828,-6.6954219946069315e-09
7139,-6.709719446718054e-09
1209,-6.756991854928174e-09
513,-6.8107586237431406e-09
733,-6.814711905889226e-09
6047,-6.819981024364097e-09
4451,-6.926401674434146e-09
4938,-6.9798968826972896e-09
6366,-7.054872019907066e-09
7346,-7.077636698937795e-09
3018,-7.167461957280352e-09
7734,-7.198342810710301e-09
5541,-7.2835468767351585e-09
5139,-7.3621926333089505e-09
6289,-7.431045112582524e-09
5947,-7.49411155354096e-09
914,-7.58824203472841e-09
1172,-7.629340714743194e-09
7392,-7.629916698448369e-09
4098,-7.643860433503846e-09
6103,-7.684504366167744e-09
2638,-7.709493932139821e-09
1826,-7.728609308088608e-09
2230,-7.737423590725712e-09
7025,-7.886751696162264e-09
2577,-7.944624513811505e-09
879,-8.093651970852989e-09
123,-8.113161253930912e-09
2153,-8.121838313002172e-09
972,-8.177402754938612e-09
382,-8.24372348162683e-09
3518,-8.333544965211104e-09
4321,-8.400677042885718e-09
961,-8.450320887476437e-09
2138,-8.547537788672344e-09
43,-8.548411756237329e-09
4521,-8.708501919585387e-09
3319,-8.70938254848852e-09
104,-8.761172676230444e-09
2150,-8.850637112089998e-09
4257,-8.9724250251777e-09
1189,-8.998395362169731e-09
6944,-9.03450159128738e-09
4173,-9.127317124324463e-09
4631,-9.177745230459777e-09
5784,-9.205024298353237e-09
982,-9.362354447262078e-09
7593,-9.47756495506269e-09
3937,-9.52012646493472e-09
7408,-9.537086231858893e-09
487,-9.584792959316246e-09
7356,-9.737215478367034e-09
6274,-9.768585496061633e-09
3504,-9.840985804032698e-09
195,-1.010745442897587e-08
2748,-1.014832884393968e-08
2989,-1.0177411358114341e-08
1894,-1.026470020093484e-08
1223,-1.0370180714147637e-08
2233,-1.0570637698492646e-08
3489,-1.057723242325892e-08
6346,-1.0642692060969239e-08
3609,-1.07301234564261e-08
4710,-1.0847413633996439e-08
2867,-1.0849173115445865e-08
2821,-1.1047978087930233e-08
983,-1.1126298993247019e-08
1891,-1.1152135659386886e-08
848,-1.1285211432010556e-08
4554,-1.1370969943413911e-08
640,-1.1602347527173151e-08
6947,-1.1616461126351396e-08
6146,-1.1961511781066747e-08
7064,-1.1984066183856612e-08
7251,-1.2054046649723205e-08
3307,-1.2239340207997884e-08
6290,-1.2312461272756536e-08
4864,-1.2781687708240952e-08
1678,-1.287878426126099e-08
7504,-1.2898374812664315e-08
569,-1.2931570037011397e-08
5643,-1.297373941611113e-08
441,-1.3056379977172128e-08
6125,-1.3115867059099173e-08
3709,-1.3130292852991943e-08
680,-1.3251066910413556e-08
2458,-1.3311728608300655e-08
6039,-1.3338033788556913e-08
3556,-1.3381187713434883e-08
4139,-1.3390641928623381e-08
3487,-1.3474268811819456e-08
1385,-1.3522851283198634e-08
4033,-1.3786723762621023e-08
6810,-1.3887865524253584e-08
6115,-1.3917369034999183e-08
2678,-1.3925927078162204e-08
4724,-1.3927076381037296e-08
2973,-1.4037675910572034e-08
515,-1.4112459201243155e-08
2525,-1.4219736499399005e-08
5241,-1.4318148000569408e-08
298,-1.4326473340986468e-08
1283,-1.4487624433456858e-08
5958,-1.4494422551081243e-08
1637,-1.4511264634364807e-08
2809,-1.4544084603329566e-08
1829,-1.4576822415790502e-08
523,-1.4628489974910508e-08
7618,-1.464622290114903e-08
6678,-1.4649001567335063e-08
6279,-1.4720781482679968e-08
4505,-1.4786134983069132e-08
4830,-1.48417367284992e-08
5205,-1.4868400732837017e-08
5329,-1.4928263514235596e-08
367,-1.498257073961895e-08
2955,-1.5046319745692927e-08
2488,-1.5051747404015714e-08
7254,-1.5311051093647166e-08
4944,-1.534335192232561e-08
2283,-1.5345744230899072e-08
4987,-1.5367504602181725e-08
2081,-1.538858107608121e-08
6763,-1.5395500874149093e-08
7132,-1.542800065479355e-08
6324,-1.5437413125596322e-08
3673,-1.5463268887572212e-08
7063,-1.551857309323168e-08
6065,-1.555755257953706e-08
5378,-1.5637766637155437e-08
6160,-1.5656250518247816e-08
1376,-1.5674313402769258e-08
5295,-1.5732935398915515e-08
49,-1.5743090386877157e-08
2234,-1.5888338644742817e-08
2281,-1.595502396867232e-08
3978,-1.6012412729082826e-08
2294,-1.6060627494596247e-08
4888,-1.6107938538567623e-08
6970,-1.61495643524745e-08
1528,-1.6177914119452907e-08
6021,-1.6267951874482378e-08
2793,-1.6299321892176977e-08
6942,-1.6432306182423417e-08
3725,-1.6543586944806066e-08
3648,-1.658444404029069e-08
755,-1.658468740117769e-08
5439,-1.6605108399403434e-08
5372,-1.6657653034712894e-08
6446,-1.6869895702598114e-08
3318,-1.690610051952035e-08
1892,-1.691042283979982e-08
862,-1.6924601276002704e-08
5315,-1.7040608035756577e-08
3344,-1.710323793702173e-08
5660,-1.711153352346173e-08
3831,-1.7426147191912378e-08
7010,-1.7480410896553167e-08
2845,-1.748085054487092e-08
5024,-1.750756428720024e-08
6963,-1.7510123129227395e-08
4168,-1.756428336108229e-08
1344,-1.7715611200230796e-08
5452,-1.775256652791768e-08
6796,-1.775410751747586e-08
1565,-1.7780269701006546e-08
4281,-1.7802019414148162e-08
2524,-1.7808106989036787e-08
3413,-1.7832700649478284e-08
2471,-1.7834123511306643e-08
3921,-1.7977461297391528e-08
837,-1.7993635914592687e-08
1064,-1.799969950866398e-08
6372,-1.822832551567899e-08
3431,-1.8293523140755497e-08
399,-1.843494334963225e-08
536,-1.8531302714563935e-08
5003,-1.864273979634845e-08
1259,-1.8684391811518708e-08
3185,-1.8736939111363426e-08
841,-1.875413868646092e-08
1943,-1.877107491665697e-08
7111,-1.8862348127868245e-08
4555,-1.886570988318681e-08
981,-1.892669487801868e-08
5491,-1.892760881361255e-08
3724,-1.8941285873097513e-08
5996,-1.9025283570783813e-08
4795,-1.9110823146206712e-08
7217,-1.9169392295736998e-08
4928,-1.9259312367125858e-08
4197,-1.954189343678081e-08
1219,-1.9660672201382567e-08
1911,-1.966158702515486e-08
1411,-1.978402952573788e-08
1500,-1.9891619018608253e-08
1718,-2.0083804841419806e-08
3012,-2.0115325405356543e-08
7329,-2.0136316614127736e-08
2289,-2.0320162441578304e-08
1483,-2.0332061367867027e-08
1055,-2.0447024517977752e-08
579,-2.047270974969706e-08
5749,-2.049880620802469e-08
3287,-2.0570219305682258e-08
3870,-2.0610740669724237e-08
2401,-2.0736496963991158e-08
5495,-2.07840589183661e-08
2305,-2.080490446587646e-08
5772,-2.0849618032059425e-08
5646,-2.096073359325601e-08
1523,-2.09917381255309e-08
4789,-2.105133223295752e-08
7568,-2.1293113050546708e-08
5838,-2.1383897319537937e-08
3502,-2.1465532462627834e-08
2663,-2.1468233413202142e-08
377,-2.1575356612402175e-08
4353,-2.163152235112875e-08
1732,-2.19280344992967e-08
2339,-2.2100406837921582e-08
7436,-2.2100512531153527e-08
3774,-2.2106966923729487e-08
5955,-2.2135471233752924e-08
3050,-2.2384734954528085e-08
1910,-2.241895824539597e-08
5909,-2.2443169989116996e-08
1499,-2.2690000989200598e-08
7856,-2.27242384909232e-08
5709,-2.288295952723729e-08
5937,-2.3244146163392543e-08
5578,-2.3336635734949596e-08
2659,-2.3434356677398682e-08
6464,-2.3518908598418875e-08
3099,-2.3549031169523005e-08
5959,-2.3605621457534198e-08
4797,-2.3672765969706688e-08
158,-2.370916440952442e-08
3826,-2.3955418981813636e-08
1527,-2.3971337803629922e-08
1381,-2.4020756050902037e-08
3704,-2.408481325488765e-08
1220,-2.4285434108151094e-08
6761,-2.4330897296920284e-08
3994,-2.4385505170698707e-08
1512,-2.4479312799030595e-08
4101,-2.4485022898090847e-08
4760,-2.453871150720488e-08
5112,-2.466672377465784e-08
44,-2.477085558894032e-08
1703,-2.483620153981292e-08
4683,-2.484875594177538e-08
3512,-2.487094441505633e-08
6667,-2.494385853424319e-08
5797,-2.4966420930638833e-08
5582,-2.5011383186779312e-08
7723,-2.533760223855097e-08
4577,-2.5377922874270098e-08
4204,-2.5395372915681946e-08
2712,-2.5568435368938935e-08
6273,-2.5594326658051614e-08
3786,-2.5648695611835137e-08
7420,-2.5766574651697738e-08
7509,-2.5788078339417098e-08
6121,-2.582536406947611e-08
932,-2.5857371355186842e-08
4158,-2.5929270286439987e-08
6192,-2.595082460032927e-08
5664,-2.608522908786881e-08
1369,-2.6094304494961307e-08
1165,-2.613055105626927e-08
2908,-2.627233364194126e-08
393,-2.629152096034204e-08
4205,-2.6386283380475106e-08
5032,-2.6446207002095434e-08
5156,-2.6456710600086808e-08
4951,-2.655242692384263e-08
5075,-2.6608240055736587e-08
4562,-2.6636743477581604e-08
2377,-2.673733767721842e-08
344,-2.6931497032478546e-08
4514,-2.6976373135312315e-08
6869,-2.700263035393391e-08
782,-2.708052626587687e-08
6568,-2.7178013617401575e-08
476,-2.7187847528864495e-08
3500,-2.7285709691682314e-08
47,-2.7333264540629898e-08
6775,-2.7345416597768235e-08
2025,-2.7499883259451963e-08
581,-2.760210460195367e-08
4666,-2.7714007089230108e-08
3328,-2.7718542128241097e-08
1778,-2.7802540714105817e-08
1858,-2.7862964380176436e-08
248,-2.7863284124407528e-08
94,-2.7949183412090406e-08
913,-2.8011423403029312e-08
1150,-2.8103465332662836e-08
4435,-2.823359324111152e-08
4624,-2.8258304141104418e-08
3286,-2.8316039291098605e-08
779,-2.8350223502116023e-08
2307,-2.8394116391439184e-08
3123,-2.852039227008163e-08
2852,-2.8596131684821557e-08
3893,-2.862396186742444e-08
4806,-2.8702844545591688e-08
3952,-2.8747688674002347e-08
1909,-2.8809517438332932e-08
31,-2.8811141028484144e-08
7877,-2.8915373206928052e-08
6853,-2.9352388963843623e-08
5514,-2.93717699051399e-08
4091,-2.9386447053525444e-08
6129,-2.948052646445376e-08
7037,-2.9498451681320148e-08
1153,-2.9611760155034972e-08
2164,-2.9629395825736538e-08
5801,-2.9669651624431026e-08
518,-2.97008853067382e-08
2580,-2.979735569397235e-08
114,-2.9829148928683935e-08
7680,-2.9839991810831634e-08
4163,-2.986399039173193e-08
607,-2.9928695077785505e-08
6733,-2.993803605022549e-08
6494,-3.011083116177815e-08
7434,-3.019137118087656e-08
6116,-3.0242857107509735e-08
3844,-3.0333579204011585e-08
4122,-3.034457662920431e-08
1234,-3.0382711457832556e-08
349,-3.0474739176611365e-08
19,-3.051941810383596e-08
7404,-3.055499675497231e-08
4020,-3.0629372815837996e-08
1393,-3.0741456491512054e-08
4649,-3.077890120550819e-08
4055,-3.098588585714879e-08
7842,-3.123315828190698e-08
7641,-3.125098935186088e-08
7204,-3.1305708247941766e-08
7954,-3.135264936560134e-08
4849,-3.140334925433308e-08
6553,-3.1457000559953485e-08
6062,-3.148314320355894e-08
4418,-3.165844830732567e-08
117,-3.1866390415302703e-08
3122,-3.1888596652152046e-08
2228,-3.190534236807707e-08
662,-3.220512034829426e-08
3900,-3.237094148289543e-08
2994,-3.2403663752234024e-08
5145,-3.2420398810018014e-08
5945,-3.2560594220854e-08
6311,-3.2562293306170886e-08
3298,-3.2651417569695695e-08
6856,-3.272423754197007e-08
4263,-3.27374216624321e-08
2882,-3.275883209141739e-08
216,-3.2782482506377164e-08
1511,-3.2803001204229076e-08
4482,-3.282188032471822e-08
568,-3.286873351271424e-08
1249,-3.2893193946392785e-08
1825,-3.289400751782523e-08
3546,-3.291742700639588e-08
3030,-3.292987038605588e-08
2819,-3.298410611307645e-08
704,-3.298976736232362e-08
3601,-3.314889518435393e-08
1702,-3.317473940001037e-08
4567,-3.322034558550513e-08
1140,-3.3235195928682515e-08
3637,-3.3354556450149175e-08
6244,-3.335698117723496e-08
2432,-3.3388142028911716e-08
7028,-3.340306076182742e-08
5854,-3.349709842837001e-08
4599,-3.353870781097612e-08
3655,-3.3541063260145165e-08
3263,-3.382423940934132e-08
5803,-3.394718461890989e-08
1406,-3.417799554483736e-08
3141,-3.419450855801642e-08
6313,-3.4341320898079175e-08
5962,-3.4480139632364626e-08
5760,-3.4517549707402395e-08
3428,-3.457578579002529e-08
2296,-3.459131825422901e-08
5585,-3.465102516031493e-08
7320,-3.47187008031824e-08
2400,-3.486629296389765e-08
4740,-3.487186539530285e-08
2609,-3.4946656235490536e-08
3251,-3.506404322450862e-08
1448,-3.521792280025693e-08
2223,-3.524063174609182e-08
6731,-3.524338687554973e-08
3163,-3.526042213763958e-08
958,-3.527742542530632e-08
1857,-3.527774339318057e-08
6940,-3.5343340698545944e-08
6371,-3.537589421398479e-08
6822,-3.5450788971047587e-08
2119,-3.55679112828966e-08
2209,-3.5590206337587915e-08
7610,-3.581165408661491e-08
5684,-3.584304764103763e-08
4732,-3.587330965615365e-08
6106,-3.587675401206525e-08
795,-3.601406284303721e-08
1001,-3.6017329563264866e-08
1576,-3.602511000622144e-08
6757,-3.621442523638052e-08
5016,-3.628427691637626e-08
4680,-3.635979339833284e-08
6972,-3.6401832659294087e-08
4978,-3.6577921136426994e-08
5274,-3.6593764463077605e-08
2473,-3.6707081818576626e-08
1365,-3.68779975445932e-08
6560,-3.6902562783325266e-08
1336,-3.694947459109699e-08
3365,-3.703154227707728e-08
4385,-3.7175439615566575e-08
6950,-3.7199010094468576e-08
7942,-3.727677722054068e-08
6718,-3.733386044757481e-08
3958,-3.736625231454127e-08
5622,-3.739137355296407e-08
6714,-3.762238520721439e-08
5451,-3.766927569870404e-08
5210,-3.7725863322179976e-08
375,-3.780699842081958e-08
2024,-3.789959990285752e-08
3536,-3.801753933885266e-08
7133,-3.8129623902705134e-08
7424,-3.8169432059476094e-08
2217,-3.8217738307366744e-08
6784,-3.826436412168732e-08
4594,-3.827728534133712e-08
4735,-3.830224315493069e-08
3607,-3.84086753513202e-08
6440,-3.8476839492318504e-08
6488,-3.852473717813609e-08
736,-3.859115693671811e-08
7814,-3.867993925155133e-08
3492,-3.8735432639214196e-08
6217,-3.8784421008131176e-08
4596,-3.8798230406200673e-08
4911,-3.9013730912529354e-08
2475,-3.9102578952565636e-08
4452,-3.911936019562745e-08
3257,-3.9170824805978555e-08
2606,-3.928006186981747e-08
4991,-3.9509922444835865e-08
3680,-3.955365812657874e-08
6141,-3.9615954960936506e-08
1352,-3.9729481926542576e-08
1889,-4.001069342507435e-08
7968,-4.018118104909263e-08
7687,-4.0218900210220454e-08
5648,-4.0259299893818934e-08
7547,-4.0603341133760296e-08
544,-4.070590087223991e-08
2476,-4.079021032055152e-08
1955,-4.0798795453156345e-08
4234,-4.082289173368281e-08
7325,-4.084560600858822e-08
7398,-4.1073652923273585e-08
7634,-4.1083097812588676e-08
1717,-4.1093471736530773e-08
616,-4.116566110212716e-08
1011,-4.1385032290008894e-08
6523,-4.142763643244507e-08
7701,-4.1466009292889794e-08
6885,-4.14670058290767e-08
5702,-4.147324617065351e-08
5276,-4.147884880012498e-08
1507,-4.161497102472822e-08
2270,-4.167497635876316e-08
314,-4.193718439182703e-08
2045,-4.195286607000526e-08
2207,-4.219386262604985e-08
3275,-4.2228796459653495e-08
3290,-4.228582994869612e-08
1671,-4.235744022196286e-08
6962,-4.237516115779272e-08
205,-4.242906648244116e-08
5675,-4.2474866290831415e-08
6527,-4.247817386726638e-08
4201,-4.255087127091883e-08
5853,-4.2674109579365904e-08
4847,-4.2783698361859024e-08
2505,-4.335628744911446e-08
3177,-4.3374257074901834e-08
5837,-4.338255976676919e-08
2178,-4.344642334785931e-08
122,-4.3617898626280294e-08
2555,-4.362508221333883e-08
2588,-4.364524563982286e-08
237,-4.37970211208949e-08
3349,-4.382162188676375e-08
3850,-4.390752295080347e-08
1156,-4.391473673592827e-08
3718,-4.3966000617956524e-08
4403,-4.399003117327993e-08
7947,-4.403713482759031e-08
3352,-4.41626237801529e-08
1248,-4.421705135371212e-08
609,-4.4273908983427646e-08
321,-4.428497746289395e-08
1460,-4.441786494169264e-08
5056,-4.4493265960454664e-08
433,-4.45038264018649e-08
6592,-4.4538694510265486e-08
5818,-4.454714463975051e-08
2695,-4.4683176270154945e-08
6550,-4.472739156824446e-08
2479,-4.474239467811003e-08
4086,-4.478714643596504e-08
1638,-4.507744932880087e-08
2340,-4.533485586932784e-08
4296,-4.534146746948409e-08
1355,-4.539393927416313e-08
3438,-4.540280507114858e-08
6485,-4.540856402002191e-08
4283,-4.541500686627842e-08
5054,-4.570143730120435e-08
2964,-4.582753021509234e-08
5928,-4.583019830306512e-08
422,-4.5890836020134884e-08
4755,-4.595734459655887e-08
2052,-4.60888678333049e-08
1177,-4.614921067513933e-08
4661,-4.620385496423296e-08
3864,-4.6352113258762984e-08
3569,-4.64673917122127e-08
5031,-4.647817775094154e-08
4111,-4.6633656936023726e-08
2353,-4.665147557147975e-08
5780,-4.6661238428669094e-08
6032,-4.6676042586568656e-08
637,-4.6733301672929883e-08
2650,-4.685121623992927e-08
2820,-4.6978714252077225e-08
6583,-4.7467775488030384e-08
7119,-4.777835904690164e-08
6286,-4.7798227598150334e-08
2669,-4.789527530135729e-08
5098,-4.7962338101115165e-08
185,-4.8002402053271e-08
7605,-4.820308241448856e-08
3355,-4.821158938739245e-08
2814,-4.837002620661224e-08
317,-4.83946003271285e-08
7944,-4.8652447404151644e-08
4314,-4.8656147555448115e-08
7652,-4.873660941484559e-08
1789,-4.882057069721668e-08
5066,-4.888167737249205e-08
5857,-4.8922331075118564e-08
1704,-4.902952532859217e-08
6453,-4.9047498507093223e-08
6679,-4.922713792154809e-08
4488,-4.92659157913522e-08
3327,-4.932766195508975e-08
7419,-4.945921183718838e-08
6544,-4.9475209706884016e-08
3520,-4.9491912790244896e-08
3517,-4.992598334752074e-08
3948,-5.016251769518476e-08
6663,-5.020493887286648e-08
3273,-5.0416804953101746e-08
4531,-5.042547357447802e-08
5123,-5.053766294338402e-08
1800,-5.0562473319359924e-08
7165,-5.077912135220686e-08
2800,-5.0839581433592684e-08
4966,-5.08409030430812e-08
5808,-5.088926080532019e-08
825,-5.1058282934945964e-08
7327,-5.106949529931626e-08
6248,-5.107144396276908e-08
3514,-5.1228703057404346e-08
2535,-5.1468973083501623e-08
977,-5.153453308537337e-08
3613,-5.158402238691906e-08
6551,-5.171447980956145e-08
4881,-5.17536111743766e-08
7095,-5.1948367385534766e-08
5545,-5.197204089313345e-08
4796,-5.219250276411458e-08
6405,-5.2227202118615423e-08
3199,-5.2258771532365245e-08
7215,-5.2281691864664026e-08
4103,-5.233150801586817e-08
1937,-5.238718259192865e-08
6107,-5.258770130467383e-08
3096,-5.2607109779501116e-08
4343,-5.262539204409222e-08
6012,-5.2883684986682056e-08
6310,-5.2905424041682636e-08
5116,-5.301312633321231e-08
4326,-5.3049195258836335e-08
5876,-5.307606798510278e-08
5680,-5.325332885774969e-08
3589,-5.329948216115099e-08
437,-5.329951058286042e-08
6477,-5.3314275660909516e-08
7225,-5.341901676558791e-08
7532,-5.353163601284905e-08
2909,-5.386024071185602e-08
7291,-5.389202151206973e-08
5131,-5.3912954101065225e-08
4777,-5.396269564528211e-08
7084,-5.399921221282966e-08
7770,-5.401446401265275e-08
312,-5.4039276164985495e-08
7726,-5.40493978462564e-08
7451,-5.4134849492015746e-08
5449,-5.426575278022483e-08
2723,-5.448656459350332e-08
908,-5.4580901576173346e-08
5723,-5.470588071432303e-08
4471,-5.472126041183856e-08
754,-5.472251629612401e-08
5558,-5.474492148493937e-08
4660,-5.4757192557985945e-08
3244,-5.4788880987644006e-08
1285,-5.513468614992689e-08
187,-5.526371715802725e-08
725,-5.535737379602779e-08
173,-5.536530345295887e-08
6988,-5.536882952128508e-08
7635,-5.544642078803008e-08
7639,-5.556292137498531e-08
3071,-5.558667481864177e-08
4682,-5.58723929344751e-08
7312,-5.5874608051453833e-08
5134,-5.6093746536589606e-08
1,-5.6119780822427856e-08
3919,-5.631466137856478e-08
7062,-5.6445172091912355e-08
3830,-5.645237521889612e-08
7495,-5.646634271272433e-08
7019,-5.6476503473845696e-08
5058,-5.67008147100978e-08
4352,-5.6753915345097994e-08
4416,-5.676998959813773e-08
331,-5.702116645522892e-08
4455,-5.7047996548931224e-08
2582,-5.718522544384541e-08
1690,-5.7236249517700344e-08
6587,-5.736027652858411e-08
3358,-5.745128106582342e-08
2859,-5.7466088776436663e-08
6888,-5.747791931298707e-08
3429,-5.748715281583827e-08
2168,-5.7534743191922644e-08
4456,-5.761668120385366e-08
249,-5.797319957423497e-08
2003,-5.802754898809326e-08
4932,-5.8118931889339365e-08
4810,-5.8174588701831453e-08
7141,-5.832571403630027e-08
7729,-5.836596983499476e-08
2124,-5.8514931566833184e-08
341,-5.8760317500627934e-08
1776,-5.878456299512891e-08
2220,-5.883082643265425e-08
2348,-5.89126489813907e-08
1743,-5.904155919722598e-08
2937,-5.9138301367056556e-08
4851,-5.923750201475286e-08
619,-5.9564333909634115e-08
7668,-5.9598422197382206e-08
2290,-5.976921002570634e-08
5340,-5.989304519005145e-08
2643,-6.00784861859438e-08
5976,-6.012901110352686e-08
1461,-6.017069509312023e-08
7414,-6.018307274757717e-08
2839,-6.029941346241685e-08
3771,-6.029945254226732e-08
1383,-6.03353029760001e-08
6589,-6.033718236153618e-08
30,-6.040177424893045e-08
2922,-6.041043931759305e-08
7883,-6.050093759313313e-08
2855,-6.059237378508442e-08
7732,-6.083647363652744e-08
243,-6.092168725047031e-08
3155,-6.108761851919553e-08
1094,-6.118996509485441e-08
2866,-6.120363593709044e-08
5193,-6.123796936208237e-08
4342,-6.15810940018946e-08
774,-6.1605611278992e-08
5894,-6.163285348748104e-08
586,-6.16409039366772e-08
2679,-6.164395749408413e-08
6981,-6.173229749606435e-08
1730,-6.179005751505429e-08
1053,-6.180060196925297e-08
7684,-6.200544788725892e-08
1750,-6.208811242913725e-08
5589,-6.211758929453026e-08
7976,-6.212952285977735e-08
4839,-6.217942782882346e-08
2245,-6.250334294577442e-08
7563,-6.250490258707941e-08
6762,-6.263617535751109e-08
1073,-6.27361380622915e-08
5897,-6.29077447911186e-08
1009,-6.293637611065606e-08
6600,-6.30852845517893e-08
5548,-6.325902290882368e-08
3376,-6.339413971545582e-08
2947,-6.342103020529066e-08
84,-6.362908777646226e-08
538,-6.379191930250272e-08
4246,-6.423736920169176e-08
1207,-6.442780176030283e-08
27,-6.457102585954999e-08
805,-6.473974600851307e-08
5829,-6.506201088996022e-08
326,-6.511180927759597e-08
1135,-6.51599165735206e-08
7508,-6.544603969871332e-08
1903,-6.548021147523286e-08
2848,-6.551643849661559e-08
5993,-6.553759490657285e-08
6165,-6.564789600815857e-08
1609,-6.569004540324386e-08
6712,-6.57163408135375e-08
351,-6.574338939913105e-08
2337,-6.58630519012604e-08
6097,-6.590454404431512e-08
2053,-6.599981361432583e-08
7609,-6.641107574978378e-08
384,-6.645044869912908e-08
4575,-6.672284236231008e-08
7195,-6.678792274783518e-08
789,-6.680678765746961e-08
602,-6.693369769550372e-08
5308,-6.696138044048894e-08
7913,-6.704922483891096e-08
3295,-6.709848676678121e-08
4772,-6.713585776196851e-08
3746,-6.732795299058125e-08
2231,-6.73826612285211e-08
6986,-6.749028003127933e-08
5520,-6.750017433887479e-08
7224,-6.753534620429491e-08
4526,-6.773810312665773e-08
7201,-6.78014053789866e-08
4338,-6.782575212582742e-08
2109,-6.786895312416164e-08
3878,-6.805012375821207e-08
3669,-6.812978980974549e-08
5719,-6.818451225854005e-08
5552,-6.832165055925543e-08
492,-6.834317645143528e-08
7103,-6.847192679515501e-08
7319,-6.848013356375304e-08
5737,-6.849717237855657e-08
7385,-6.852923917222142e-08
5650,-6.893488802006686e-08
7876,-6.896304327597136e-08
6704,-6.903594140794667e-08
3337,-6.906130245454278e-08
7499,-6.911699301781482e-08
1897,-6.913115413453852e-08
639,-6.942950747657051e-08
7170,-6.95285677920765e-08
2604,-6.956103248967338e-08
472,-6.958701348480645e-08
5564,-6.965112753221092e-08
7081,-7.003766100410758e-08
5189,-7.097916210341282e-08
4106,-7.118703138075944e-08
6595,-7.129386858650832e-08
4551,-7.131596291287678e-08
2785,-7.13586096878771e-08
5728,-7.137343160934506e-08
5939,-7.139705004988173e-08
7775,-7.142025637563165e-08
7725,-7.168982918415168e-08
7458,-7.17051680254599e-08
7380,-7.182455519227915e-08
2579,-7.185856176761263e-08
6418,-7.18758776940831e-08
1292,-7.196070583859182e-08
5223,-7.222571341003459e-08
4317,-7.23177322470292e-08
257,-7.232304000126533e-08
3152,-7.233920129579019e-08
5651,-7.237501442602934e-08
4294,-7.237597188236577e-08
620,-7.251945532971149e-08
6653,-7.25294242442942e-08
2358,-7.269550650335077e-08
7345,-7.282923775164818e-08
2539,-7.284360137305157e-08
7714,-7.28700086938261e-08
3105,-7.293891002291275e-08
4541,-7.298334736560719e-08
4519,-7.300192095271996e-08
7546,-7.309020055856763e-08
986,-7.318050165849854e-08
6142,-7.333866847147874e-08
3214,-7.347412989133772e-08
964,-7.353906994467252e-08
830,-7.361987997001052e-08
6194,-7.36833811743054e-08
6048,-7.3770323183453e-08
235,-7.378201161145626e-08
1108,-7.378849886663374e-08
3462,-7.381834876696303e-08
7494,-7.388032230437602e-08
4500,-7.399281187758788e-08
409,-7.413841984771352e-08
3666,-7.414291047780353e-08
1656,-7.422683623303783e-08
2266,-7.423768266789921e-08
279,-7.438601912213016e-08
6211,-7.445858329901966e-08
141,-7.455635042674658e-08
4096,-7.484906028309979e-08
2193,-7.48962918351026e-08
6738,-7.492439735301559e-08
2903,-7.498786658288736e-08
7374,-7.51283799615976e-08
4200,-7.516638689253341e-08
2868,-7.528045742333234e-08
474,-7.52852571395124e-08
5826,-7.55966951260234e-08
7722,-7.582191940969096e-08
2899,-7.582282890439274e-08
2225,-7.617813579940957e-08
347,-7.617854791419632e-08
4446,-7.627787468322822e-08
5053,-7.629019904697998e-08
4337,-7.63585532581601e-08
547,-7.638729648817844e-08
3624,-7.664123202744122e-08
2730,-7.664193546474962e-08
7300,-7.671271617937236e-08
4285,-7.673814650388522e-08
2310,-7.674159618886733e-08
7938,-7.693731163271877e-08
1669,-7.729426698688258e-08
4705,-7.734385043534076e-08
3600,-7.747246044687017e-08
2992,-7.759697595588477e-08
5606,-7.778966448768188e-08
3227,-7.784643152319859e-08
5925,-7.797267187470425e-08
770,-7.800685253300799e-08
7317,-7.80148106116485e-08
4533,-7.807861379660608e-08
4081,-7.81452911269298e-08
4937,-7.821073921832067e-08
4758,-7.840802140890446e-08
2796,-7.849877192711574e-08
7806,-7.850184857716158e-08
3372,-7.856568373654227e-08
985,-7.865697426723273e-08
7849,-7.874208307612207e-08
172,-7.90407312933894e-08
1787,-7.906652044198381e-08
7122,-7.915661015545084e-08
2125,-7.926652756395924e-08
4138,-7.932791490361524e-08
3789,-8.054960787262644e-08
1033,-8.066652412708208e-08
4217,-8.067998180649738e-08
3256,-8.076320767713696e-08
4949,-8.08312918820775e-08
2739,-8.084114000439513e-08
5969,-8.088862557542598e-08
7194,-8.091326719750214e-08
6495,-8.093791237229198e-08
7644,-8.099724269072794e-08
1664,-8.107617688324353e-08
7896,-8.13092100315771e-08
6785,-8.134474072107878e-08
139,-8.142345819805996e-08
6162,-8.170895426928837e-08
3411,-8.188266420461332e-08
7756,-8.188852973489702e-08
4369,-8.189908839995041e-08
3990,-8.20284498104229e-08
1854,-8.219518221608269e-08
7599,-8.22019998736323e-08
6219,-8.222233915944344e-08
6643,-8.227452141795766e-08
208,-8.229750037003214e-08
2628,-8.230700743183661e-08
6820,-8.233968173954054e-08
4717,-8.23875332400803e-08
2185,-8.256736450107383e-08
1197,-8.281095631446078e-08
5974,-8.285185515433113e-08
5446,-8.285508101835148e-08
5355,-8.328152034664527e-08
6858,-8.333567080853754e-08
911,-8.363481995843358e-08
7048,-8.365424974954294e-08
3838,-8.367999271285953e-08
5844,-8.391620553993562e-08
4684,-8.418728469905545e-08
1900,-8.420052921565002e-08
6883,-8.457626066160628e-08
1377,-8.4631711416705e-08
5655,-8.471871737469883e-08
3790,-8.472233758993752e-08
1752,-8.512231275403792e-08
3571,-8.517591965073734e-08
4164,-8.530966155717579e-08
7015,-8.53648778331717e-08
5923,-8.537066520375447e-08
2799,-8.544581930891582e-08
5645,-8.55935979870992e-08
2761,-8.589593392116512e-08
4943,-8.594590639177113e-08
1181,-8.59715854062415e-08
5159,-8.603614176649899e-08
1983,-8.621748648351968e-08
2786,-8.635140602564206e-08
5642,-8.638601656230094e-08
7578,-8.650113869634879e-08
5082,-8.656047612021212e-08
7808,-8.674643225958789e-08
1598,-8.677203311435733e-08
6788,-8.726799904934524e-08
748,-8.750463820206278e-08
72,-8.760429537346681e-08
7884,-8.7608839294262e-08
6420,-8.767130310616267e-08
6040,-8.788544647586605e-08
2887,-8.794468087103269e-08
2280,-8.803302620208342e-08
1779,-8.807546691969037e-08
7530,-8.812694218818251e-08
5192,-8.813250929051719e-08
641,-8.84044979443388e-08
1884,-8.842740228942603e-08
974,-8.881877988642373e-08
6652,-8.891447222936222e-08
320,-8.894332381714776e-08
7183,-8.90273597065061e-08
1386,-8.904528669972933e-08
6898,-8.937004736253584e-08
1066,-8.9385807200415e-08
1600,-8.943665008587232e-08
4382,-8.955740327110107e-08
5269,-8.96059297872398e-08
6578,-8.962902597886568e-08
1535,-8.965819375816864e-08
499,-8.998607725629881e-08
5293,-9.00632848299665e-08
2640,-9.021343316817365e-08
6504,-9.022940261615986e-08
7612,-9.034672387997489e-08
5049,-9.040719817221543e-08
5437,-9.050928539977576e-08
4494,-9.054333105495971e-08
7114,-9.06914934262204e-08
6700,-9.074667062236585e-08
3243,-9.079565188585548e-08
5370,-9.082866725407257e-08
7697,-9.08573021263237e-08
5553,-9.08859085768654e-08
299,-9.100323339339411e-08
6077,-9.10036703771766e-08
7014,-9.101067988126488e-08
7070,-9.116322985391889e-08
2086,-9.119106891830597e-08
2652,-9.125265876264166e-08
6171,-9.156723379533105e-08
6105,-9.160633496207993e-08
5402,-9.161844616301096e-08
2117,-9.176831738955116e-08
4269,-9.200961770261529e-08
2629,-9.201730932772989e-08
7557,-9.213631102511499e-08
1850,-9.215462171141553e-08
45,-9.23437291078244e-08
2633,-9.242673115750222e-08
6451,-9.248174848153212e-08
2637,-9.279212420665317e-08
1128,-9.281279744755011e-08
2597,-9.283911239776899e-08
5387,-9.284091362360414e-08
5995,-9.288799063256192e-08
832,-9.289709623772069e-08
6263,-9.309231785437078e-08
1404,-9.311026616387608e-08
407,-9.3187150440599e-08
3515,-9.348363150252226e-08
3981,-9.34927903983862e-08
3087,-9.373139064905445e-08
571,-9.392424615839445e-08
6531,-9.393056288331536e-08
7097,-9.394343791768733e-08
5950,-9.414402768470609e-08
5304,-9.415600032980365e-08
74,-9.47779312809871e-08
5620,-9.489006913554476e-08
7151,-9.496387676222184e-08
6786,-9.497412989389886e-08
1855,-9.499122199940757e-08
2388,-9.505269815690554e-08
4166,-9.512598708738551e-08
6011,-9.522807431494584e-08
6017,-9.533850686693768e-08
491,-9.546150891992511e-08
5242,-9.555360236390698e-08
5185,-9.562003455698687e-08
3131,-9.564152492202993e-08
6064,-9.575707693443292e-08
6867,-9.581269821978822e-08
3224,-9.625957986258982e-08
3265,-9.650393550941772e-08
778,-9.674675993665005e-08
2051,-9.677847145894702e-08
4916,-9.691830271663093e-08
3363,-9.711278536883583e-08
4636,-9.715893867223713e-08
4365,-9.75313660944721e-08
7240,-9.756750429801286e-08
282,-9.761166808175403e-08
6696,-9.766004893663194e-08
596,-9.798911193570348e-08
1928,-9.834821668164295e-08
2161,-9.861286187629048e-08
3437,-9.869630801517815e-08
843,-9.884563567652549e-08
7759,-9.889119212402875e-08
7297,-9.902291253638396e-08
5611,-9.924167798658345e-08
2528,-9.95771074485674e-08
3906,-9.960572100453646e-08
2995,-9.997156524832462e-08
2491,-1.0008280426632155e-07
4826,-1.0008746897938181e-07
3106,-1.0023914853718452e-07
2210,-1.0040163900271182e-07
2923,-1.0046418097431342e-07
2306,-1.0058045063487953e-07
4721,-1.006475223164216e-07
2255,-1.0089537738622312e-07
3153,-1.0106889902772309e-07
7493,-1.0118480986420764e-07
1102,-1.0153134155643784e-07
4824,-1.0167899588964247e-07
7922,-1.0199742206395968e-07
7429,-1.0220060531196395e-07
1018,-1.0223891422356246e-07
5577,-1.0246453996387572e-07
3824,-1.0272734485283763e-07
3297,-1.0282024831553827e-07
2156,-1.0300765396209499e-07
2991,-1.0315134346683408e-07
635,-1.0321504007038129e-07
722,-1.0352017909553979e-07
6813,-1.0372621517262814e-07
2811,-1.0406258610373698e-07
7989,-1.0417733165013487e-07
2082,-1.0422098029039262e-07
3219,-1.0429299024394822e-07
5991,-1.0443751463640183e-07
167,-1.0460513166776764e-07
6196,-1.0477958056753778e-07
2838,-1.0482902723651932e-07
1901,-1.0487774915191039e-07
3036,-1.050143794145697e-07
363,-1.0512583159538735e-07
3638,-1.0519419291199483e-07
2355,-1.0524788862653622e-07
904,-1.0537043948488645e-07
289,-1.0545420892071888e-07
6824,-1.0561142715914684e-07
4906,-1.0584994214468679e-07
5674,-1.0599143962508606e-07
2773,-1.060518641793351e-07
3933,-1.0609589651267015e-07
3444,-1.0650753523577805e-07
880,-1.0661522154009617e-07
801,-1.0679901407684156e-07
4836,-1.0722947862973342e-07
7008,-1.0762379787365717e-07
2214,-1.0785825921288961e-07
4515,-1.0801103655921906e-07
2586,-1.0809833739244823e-07
4970,-1.0816064133223335e-07
5931,-1.0835773522899217e-07
7488,-1.083745893026844e-07
268,-1.0854425980255655e-07
2484,-1.0885964840667839e-07
1629,-1.089490524464054e-07
170,-1.0903568892217663e-07
6735,-1.0907140790550329e-07
3059,-1.0933926120060278e-07
7294,-1.0935436023373768e-07
2771,-1.0949412043714801e-07
1062,-1.0962973817640886e-07
5093,-1.0966189734062937e-07
5288,-1.0985828069465242e-07
2493,-1.0992182097879777e-07
5022,-1.1023182722169622e-07
1859,-1.10349073878524e-07
2745,-1.1047037418165928e-07
787,-1.106273472828434e-07
5513,-1.1070586936057225e-07
7438,-1.1071475469748293e-07
6432,-1.1080066286695e-07
4802,-1.1089232998529042e-07
919,-1.1104279451501498e-07
461,-1.1116025433466348e-07
5692,-1.1118345355498604e-07
3464,-1.1124894427894105e-07
5659,-1.1129155552680459e-07
5398,-1.1132650357126295e-07
5206,-1.1155826840081318e-07
4767,-1.1158766355379157e-07
5366,-1.1210791228677408e-07
7001,-1.1214829243044733e-07
5604,-1.1232973662345103e-07
435,-1.1253747800310521e-07
219,-1.1260465981877132e-07
7211,-1.1274965316943053e-07
3426,-1.1288428325428868e-07
6168,-1.1289925438973114e-07
6505,-1.1293798252154374e-07
6182,-1.1300974733785552e-07
1728,-1.1315568926306696e-07
1301,-1.1319997028635953e-07
4607,-1.1357549567492242e-07
2088,-1.136007554691787e-07
2681,-1.1422213930245562e-07
1468,-1.1437894187338316e-07
7891,-1.1442090297464347e-07
5321,-1.1473924388383239e-07
7296,-1.1482528350370558e-07
4021,-1.1484547712825588e-07
6828,-1.1486765316703895e-07
55,-1.1522095988425463e-07
3694,-1.154343323150897e-07
180,-1.1546382339133743e-07
6296,-1.1569869684535661e-07
5964,-1.1578845260373782e-07
4061,-1.157992315370393e-07
2979,-1.1581683168060408e-07
1619,-1.1585876791286864e-07
4837,-1.1595135873676554e-07
6450,-1.1596297611049522e-07
2888,-1.1615251338525923e-07
3268,-1.1627684415316253e-07
4407,-1.1644645425690214e-07
5128,-1.1653983378323574e-07
6008,-1.1658615051146626e-07
7962,-1.1678369560286228e-07
454,-1.1695999546645908e-07
6930,-1.1717433778812847e-07
5901,-1.1800491250824052e-07
2256,-1.182375228836463e-07
3868,-1.1833873969635533e-07
5687,-1.1838877256309388e-07
3194,-1.183997966336392e-07
6245,-1.1874375260845227e-07
979,-1.1879177463924862e-07
5781,-1.1899248164581877e-07
46,-1.1906634256320103e-07
6255,-1.1920692344347117e-07
1291,-1.193417737965774e-07
5354,-1.194454242181564e-07
6896,-1.1947918210353237e-07
4271,-1.1970437441277682e-07
3316,-1.1974574931628013e-07
1300,-1.197980381562047e-07
1380,-1.2009768823872946e-07
361,-1.2073929056555244e-07
4129,-1.2077894240292153e-07
6392,-1.20942360126719e-07
5129,-1.211752866936422e-07
5110,-1.211780826793074e-07
5724,-1.2126116644139984e-07
1555,-1.2127533111083721e-07
1491,-1.2130675131061253e-07
1428,-1.2142655947400272e-07
4045,-1.214582354691629e-07
75,-1.2172209196137374e-07
6364,-1.2201596177874308e-07
6955,-1.2203359034401728e-07
5967,-1.221205820911564e-07
2924,-1.2219835099358534e-07
3146,-1.2240496971571702e-07
5580,-1.2243231495290274e-07
3727,-1.2283312145200398e-07
1749,-1.2290387729763097e-07
287,-1.2294256990230679e-07
5898,-1.2341681809857619e-07
1722,-1.2353691758448804e-07
1572,-1.2355381073803073e-07
4127,-1.235844528935104e-07
5486,-1.2365639179279242e-07
1083,-1.2368975532695003e-07
5694,-1.2389439518756262e-07
6933,-1.2401586957366817e-07
1230,-1.2418903594380026e-07
7995,-1.2421396888839809e-07
2165,-1.2421445916288576e-07
6399,-1.2424693807133735e-07
7620,-1.244575003056525e-07
165,-1.2490081857663426e-07
6676,-1.2495016932234648e-07
3903,-1.2507783608839418e-07
555,-1.251069257079962e-07
5453,-1.253414083635107e-07
213,-1.254175288067927e-07
6849,-1.256421739981306e-07
6437,-1.256859292197987e-07
6352,-1.2578167485344238e-07
6256,-1.2590228948283766e-07
4056,-1.2601450904980993e-07
1579,-1.2605390509179415e-07
5846,-1.260792004131872e-07
5492,-1.2635236146252282e-07
2870,-1.2662383852557468e-07
1865,-1.267934308657459e-07
4298,-1.2681476846410078e-07
1902,-1.2699074147803913e-07
2945,-1.270779392825716e-07
3581,-1.271877749786654e-07
1509,-1.2720425246470768e-07
6091,-1.2753915967778084e-07
5426,-1.2757591605350171e-07
7091,-1.277005701183498e-07
1498,-1.2784015623878986e-07
6147,-1.282055848150776e-07
6687,-1.282163282212423e-07
6639,-1.2862167864113871e-07
6777,-1.2868441956470633e-07
6326,-1.2923181458290856e-07
2647,-1.2929087489510493e-07
6347,-1.2942207661126304e-07
7472,-1.29577735208386e-07
3561,-1.2961608319983497e-07
2631,-1.2971760554592038e-07
7236,-1.2993779563430508e-07
7885,-1.2998340537251352e-07
232,-1.3030413725800827e-07
2087,-1.3058846093372267e-07
4544,-1.31013301540861e-07
5561,-1.3104726193091665e-07
3667,-1.313188064955284e-07
1953,-1.3132570586549264e-07
701,-1.3142272337063332e-07
7834,-1.3144539678933143e-07
3345,-1.3146593857982225e-07
3006,-1.3150462052635703e-07
3223,-1.3172154211815723e-07
6144,-1.317792310828736e-07
5704,-1.3182756219976e-07
7868,-1.3187737124553678e-07
4465,-1.322084131061274e-07
3815,-1.3221715988720462e-07
6122,-1.3222390293776698e-07
5394,-1.3249124464209672e-07
5425,-1.325725591527771e-07
7930,-1.3278652488679654e-07
106,-1.3304024548688176e-07
7611,-1.3317622205022417e-07
4800,-1.3350849314974766e-07
6054,-1.338810946549529e-07
821,-1.3394289766210932e-07
6953,-1.3397747977705876e-07
71,-1.3406288701389713e-07
1040,-1.3411123234163824e-07
2499,-1.3414009458756482e-07
3162,-1.346008389191411e-07
2195,-1.346794675782803e-07
6701,-1.3491145978150598e-07
2031,-1.3507140295132558e-07
969,-1.3507978735560755e-07
4178,-1.351740621657882e-07
1184,-1.355902412569776e-07
3988,-1.358714811772188e-07
6468,-1.3613843208304388e-07
2411,-1.3662319275908885e-07
1339,-1.370207804995971e-07
3896,-1.3714449309532029e-07
1359,-1.3728148218206115e-07
6130,-1.3732250891962394e-07
6061,-1.377237310862256e-07
5530,-1.3784205776801173e-07
1755,-1.3792532627121545e-07
4716,-1.381501988362288e-07
5025,-1.383887067163414e-07
6549,-1.386730801300473e-07
1061,-1.3874939241986795e-07
2545,-1.387592050150488e-07
2014,-1.388233066279554e-07
4653,-1.3948775290373305e-07
2189,-1.3951560617897485e-07
4003,-1.3986941382881923e-07
3060,-1.4014560179020918e-07
4028,-1.4049548013872482e-07
7082,-1.4074319665269286e-07
7078,-1.4105153667287595e-07
2396,-1.41238253092979e-07
7779,-1.4128985981187725e-07
2403,-1.4136363191141754e-07
2970,-1.4182823093733532e-07
3161,-1.418556863086451e-07
1639,-1.4194072406326086e-07
4008,-1.4211967780397572e-07
3261,-1.4228144351591254e-07
4022,-1.4261637204526778e-07
1309,-1.4322361607810308e-07
7087,-1.436948622313139e-07
3793,-1.4397935643728488e-07
3785,-1.4410120741104038e-07
7094,-1.4417887683748631e-07
6166,-1.4422214178466675e-07
553,-1.4438857220966383e-07
5232,-1.4444452034467758e-07
4945,-1.4445794960238345e-07
3213,-1.4463110176166083e-07
2846,-1.4478080601065813e-07
6838,-1.4499527623001995e-07
6497,-1.4506204593089933e-07
3616,-1.4569170758704786e-07
4295,-1.4584955465579696e-07
4841,-1.461564806959359e-07
1485,-1.464323062805306e-07
5368,-1.4652929536396186e-07
5284,-1.465407351020076e-07
6938,-1.4670107617575923e-07
844,-1.4691595140448044e-07
4592,-1.4781343793401902e-07
7500,-1.4792423996823345e-07
174,-1.4807069703692832e-07
417,-1.4812874837843992e-07
7185,-1.4812970050570584e-07
7623,-1.4819735127957756e-07
897,-1.4823082494785922e-07
3519,-1.4827064376277121e-07
5605,-1.4827887895307867e-07
3827,-1.4829301164809294e-07
3873,-1.4856983909794508e-07
247,-1.4864418318438766e-07
1302,-1.487190175453179e-07
4759,-1.4875524811941432e-07
89,-1.4886142452041895e-07
887,-1.490574064177963e-07
7527,-1.4952763649489498e-07
7042,-1.4972111728184245e-07
5409,-1.4974299844539019e-07
280,-1.4974301620895858e-07
2331,-1.4978557061340325e-07
4524,-1.5004602005319612e-07
5949,-1.501621937904929e-07
3677,-1.510603482302031e-07
3621,-1.510613500954605e-07
5913,-1.5184171786586376e-07
4464,-1.5189204205512397e-07
327,-1.5204850001282466e-07
5240,-1.5228670235956088e-07
5929,-1.523753354604196e-07
3833,-1.5250488161200337e-07
2180,-1.525704007576678e-07
3855,-1.5321344903895806e-07
4316,-1.5338826386823712e-07
4568,-1.5348398108017136e-07
2830,-1.5351562154819476e-07
1142,-1.5358421023847768e-07
1298,-1.5370643779988313e-07
512,-1.5371042394463075e-07
2931,-1.5423697874439313e-07
7243,-1.5429790778398456e-07
2996,-1.5437704092846616e-07
6594,-1.550239971948031e-07
7498,-1.5504696193602285e-07
860,-1.5528044627899362e-07
7058,-1.5529675323477932e-07
6370,-1.556238302669044e-07
2757,-1.5587736612587832e-07
7828,-1.5598914160364075e-07
6835,-1.5606185144179108e-07
5300,-1.5616719650779487e-07
2616,-1.5725711932645936e-07
6513,-1.5727146518429436e-07
7331,-1.572914172243145e-07
7490,-1.5753452942135482e-07
2966,-1.5789598251103598e-07
3004,-1.579804234097537e-07
2284,-1.5824689114651846e-07
1402,-1.585005406923301e-07
7660,-1.5875089331984782e-07
2749,-1.587642870504169e-07
3473,-1.5878146086834022e-07
6328,-1.5901868266610109e-07
1400,-1.590225338077289e-07
1082,-1.5909949979686644e-07
6145,-1.5917041906732265e-07
2581,-1.5923541241136263e-07
5043,-1.5942640629873495e-07
6518,-1.6002114477942087e-07
5774,-1.603625605639536e-07
3305,-1.6052710805070092e-07
6381,-1.6065682473254128e-07
6690,-1.6081465048500831e-07
2794,-1.6098601918201894e-07
4655,-1.6101918731692422e-07
4640,-1.6107122036146393e-07
3580,-1.61343535864944e-07
6297,-1.6207421538183553e-07
6271,-1.6209566666702813e-07
812,-1.6256381485391103e-07
4913,-1.6281602199796907e-07
6781,-1.6283801329564085e-07
7006,-1.6284318604675718e-07
907,-1.6306528038967372e-07
3181,-1.6325719087717516e-07
6637,-1.632633512826942e-07
3282,-1.634648043591369e-07
4641,-1.6356861465283146e-07
6827,-1.6374424660625664e-07
2251,-1.6397041946447644e-07
2784,-1.643863214439989e-07
7016,-1.6453294904295035e-07
4538,-1.650527394758683e-07
7284,-1.6506076860878238e-07
3086,-1.6526407620176542e-07
5893,-1.6527566515378567e-07
3670,-1.6531933511032548e-07
4366,-1.660273269976642e-07
4241,-1.6606286834530692e-07
5900,-1.6616095166455125e-07
4801,-1.6629501686793446e-07
4559,-1.6652797540928077e-07
1546,-1.666991735760348e-07
3938,-1.6692985838062668e-07
4779,-1.6718441031571274e-07
6528,-1.6724412432722602e-07
2770,-1.673467409091245e-07
7055,-1.6763454624424412e-07
6536,-1.676607936929031e-07
2894,-1.67968295272658e-07
421,-1.6806146163617086e-07
7810,-1.6809873670808884e-07
7484,-1.6832028393309884e-07
2406,-1.6832881755135531e-07
1662,-1.6869832109023264e-07
1883,-1.6889201504000084e-07
663,-1.6891102916360978e-07
3527,-1.6923802093060658e-07
2162,-1.6931938517927847e-07
4790,-1.6937770652702966e-07
4226,-1.693931679369598e-07
702,-1.6955806358964765e-07
6413,-1.6958100701458534e-07
767,-1.6972396110759291e-07
5420,-1.7021413611928438e-07
2778,-1.7029518772915253e-07
7793,-1.7040156308212318e-07
370,-1.705186818412585e-07
1634,-1.7059558388154983e-07
7102,-1.7060360590903656e-07
5178,-1.7074197700139848e-07
5143,-1.708617958229297e-07
2183,-1.7090751924797587e-07
7293,-1.712998312086711e-07
2035,-1.7134736651769344e-07
1258,-1.7138081886969303e-07
5669,-1.714989892320773e-07
2391,-1.7155922904521503e-07
1450,-1.7158947684947634e-07
578,-1.7223144510580823e-07
5459,-1.722962892358737e-07
1159,-1.7235021232409053e-07
5297,-1.724094573773982e-07
715,-1.725220926118709e-07
3606,-1.7256915896268765e-07
2386,-1.7285495346186508e-07
3516,-1.7286681952555227e-07
918,-1.7288851239527503e-07
457,-1.7296252963205916e-07
2725,-1.730750369688394e-07
686,-1.7311085542814908e-07
6901,-1.7314969369408573e-07
6127,-1.732641408125346e-07
950,-1.734540973075127e-07
5697,-1.7364475723979922e-07
6312,-1.7387603179486177e-07
4299,-1.742327810916322e-07
7797,-1.7437668020647834e-07
137,-1.7479973024592255e-07
4144,-1.7513781358502456e-07
1808,-1.752907436980422e-07
6952,-1.7573800903392112e-07
5615,-1.7574282651366957e-07
3474,-1.7576825683818242e-07
3741,-1.760639634085237e-07
2363,-1.760738328471234e-07
7171,-1.7643527883137722e-07
4746,-1.765197126246676e-07
3859,-1.7675024821528496e-07
7889,-1.7677989916364822e-07
7305,-1.7683598940720913e-07
1114,-1.770704116665911e-07
5445,-1.7709115240904794e-07
3208,-1.7712437738737208e-07
5855,-1.7737807667117522e-07
3138,-1.773867595034062e-07
6614,-1.7747730396422412e-07
7870,-1.7768733329148745e-07
1674,-1.7782038952418588e-07
4585,-1.779890439479459e-07
4440,-1.7875326108196532e-07
3485,-1.7882769753896355e-07
3369,-1.7883421321585047e-07
5319,-1.78923379223761e-07
871,-1.7900364923661982e-07
3759,-1.7943442287560174e-07
1627,-1.7976799426833168e-07
5789,-1.8021893311015447e-07
3736,-1.8043178329207876e-07
5497,-1.8054003447787181e-07
4517,-1.8089891540284952e-07
6104,-1.8096716303261928e-07
6909,-1.8110920763092508e-07
658,-1.8115801481144445e-07
3788,-1.8127068557305392e-07
2380,-1.8130121759440954e-07
1429,-1.8142846158752945e-07
357,-1.815351708955859e-07
6157,-1.8159740733381113e-07
6340,-1.8167848736538872e-07
7276,-1.8195962780964692e-07
530,-1.8248631050710173e-07
2515,-1.8261624035176283e-07
2864,-1.8289560443918162e-07
2885,-1.8332258377995458e-07
3456,-1.8356421804810452e-07
858,-1.837360983358849e-07
2589,-1.8396282541743858e-07
6591,-1.8442564453380328e-07
3776,-1.845100214836748e-07
1660,-1.8453926031725132e-07
7786,-1.8455823891372347e-07
5870,-1.84580642326182e-07
6430,-1.848109860702607e-07
2948,-1.8509778243469555e-07
4049,-1.8513999577862705e-07
2043,-1.8523839884210247e-07
6959,-1.8541791746429226e-07
2259,-1.8576903926259547e-07
365,-1.8657426892332296e-07
6031,-1.8663457979073428e-07
54,-1.870322705599392e-07
7569,-1.872667070301759e-07
7978,-1.8736081131009996e-07
3393,-1.8741405938271782e-07
7640,-1.8763546449918067e-07
4530,-1.8806224488798762e-07
3085,-1.8823438807658022e-07
6449,-1.8881544860960275e-07
2433,-1.8919121202998213e-07
797,-1.894933561175094e-07
3338,-1.8956624359134366e-07
6795,-1.9011260832257904e-07
3046,-1.9035049803051152e-07
5559,-1.9037786103126564e-07
1950,-1.9048189869863563e-07
5243,-1.906577864474457e-07
2103,-1.915687093401175e-07
6598,-1.91760442191935e-07
4652,-1.9191649869299e-07
2064,-1.919888106272083e-07
2972,-1.9204438927999945e-07
6029,-1.921298817819661e-07
5474,-1.9243283588821214e-07
6699,-1.9271168127943383e-07
4867,-1.929029025404816e-07
1563,-1.9307832133108604e-07
7362,-1.9335986678470363e-07
6206,-1.938956231128941e-07
599,-1.94368062977901e-07
1474,-1.9437369758179557e-07
2735,-1.9449947075145246e-07
5074,-1.9458336453226366e-07
7166,-1.948978649579658e-07
7799,-1.9514772731099583e-07
2895,-1.952784316472389e-07
3550,-1.955335307002315e-07
6674,-1.9572519960320278e-07
3656,-1.9612088664189287e-07
621,-1.9621823810211936e-07
353,-1.968138292340882e-07
4743,-1.970780090232438e-07
6444,-1.9739604795177002e-07
5162,-1.976933106107026e-07
3027,-1.978572257144151e-07
224,-1.980067807494379e-07
6807,-1.9803317741207138e-07
468,-1.982526427468656e-07
5478,-1.9825978370136e-07
2300,-1.9828174657732234e-07
6138,-1.9843158582943943e-07
7664,-1.9857035482573338e-07
2408,-1.9875977841365966e-07
4067,-1.9889974112174968e-07
6743,-1.9920079807889124e-07
6353,-1.9947562179822853e-07
7830,-1.9980478782599675e-07
7272,-1.9988511468227443e-07
965,-2.000583378958254e-07
2238,-2.001328951450887e-07
4886,-2.0029904845841884e-07
7562,-2.0034651981859497e-07
5965,-2.003720211973814e-07
7303,-2.004031927071992e-07
4237,-2.0042598691816238e-07
1796,-2.0045477100438802e-07
2247,-2.0091539454369922e-07
2154,-2.0110249465687957e-07
7278,-2.0137112244356103e-07
728,-2.0194107008819628e-07
1014,-2.0207861695098472e-07
7818,-2.0252437593626382e-07
3777,-2.025448750941905e-07
1356,-2.0260215194412012e-07
6749,-2.0260965527540975e-07
6502,-2.0279218659879916e-07
2065,-2.031113268685658e-07
128,-2.0319016869052575e-07
5501,-2.0331324890321412e-07
1123,-2.0337858330776726e-07
5524,-2.0340365836091223e-07
3332,-2.0384207743973093e-07
960,-2.040710711526117e-07
3881,-2.0435830094811536e-07
3762,-2.043654987460286e-07
4751,-2.04498931566377e-07
449,-2.0540265666113555e-07
1399,-2.0543432555086838e-07
2042,-2.0567667036175408e-07
5254,-2.0567757985645585e-07
5442,-2.058632873058741e-07
1769,-2.0654739785186393e-07
97,-2.0655261323554441e-07
3812,-2.0683550161493258e-07
3017,-2.0698156788512279e-07
614,-2.0705521563968432e-07
5880,-2.0722274030049448e-07
4679,-2.0739670247849062e-07
6320,-2.0741697426274186e-07
6540,-2.074339278124171e-07
4467,-2.0780741039061468e-07
4935,-2.0783136278623715e-07
7792,-2.0784970899967448e-07
3173,-2.0813837409150437e-07
5197,-2.0822319868329942e-07
842,-2.0884540674614982e-07
3931,-2.0884598939119314e-07
4037,-2.0936811750971174e-07
5731,-2.0946556844592124e-07
5070,-2.0963699398635072e-07
1545,-2.1000764860445997e-07
910,-2.104134182445705e-07
1086,-2.1045149622977988e-07
6188,-2.1066772148969903e-07
3206,-2.1088567336846609e-07
5956,-2.110720913606201e-07
4930,-2.112204029458553e-07
3113,-2.1138919947816248e-07
6559,-2.1144125383898427e-07
7313,-2.1166449926113273e-07
4608,-2.1201546474003408e-07
7592,-2.1214259504631627e-07
4348,-2.1241358183488046e-07
4675,-2.1242790637643338e-07
2714,-2.1274588135611339e-07
5083,-2.1285519125058272e-07
4119,-2.1289084628506316e-07
1960,-2.1300171937355117e-07
5972,-2.1331451449668748e-07
1453,-2.140111448056814e-07
6465,-2.1416759921066841e-07
3412,-2.1426055241136055e-07
5386,-2.1462310684228214e-07
4775,-2.1467867838964594e-07
3269,-2.1468135713575975e-07
1227,-2.1520902748761728e-07
1419,-2.153417497652299e-07
1593,-2.1608573064213488e-07
1655,-2.1610884459732915e-07
4757,-2.1610905776014988e-07
5470,-2.1617080392388743e-07
1361,-2.1663194615939574e-07
3193,-2.1700950014746923e-07
1134,-2.1702045671645465e-07
7389,-2.175106175172914e-07
3544,-2.1776150305186093e-07
16,-2.1835573704720446e-07
5975,-2.1887542089871204e-07
3226,-2.190227661458266e-07
4394,-2.1920004655839875e-07
7400,-2.1949461626036282e-07
5382,-2.1951673545572703e-07
3303,-2.1959400697824094e-07
7703,-2.2012915934510602e-07
3186,-2.2046200598424548e-07
6090,-2.2104644870069023e-07
3857,-2.2145049882738022e-07
1316,-2.2151078837850946e-07
2359,-2.2186848269711845e-07
4216,-2.2219646211851796e-07
2229,-2.223213897423193e-07
1672,-2.2239062502649176e-07
2394,-2.2248375586286784e-07
3884,-2.225485502549418e-07
1397,-2.2257162157757193e-07
3562,-2.2269121302542771e-07
5253,-2.2298971202872053e-07
6908,-2.230917104384389e-07
3839,-2.231714475442459e-07
6445,-2.2334009486257855e-07
7452,-2.2370901575641255e-07
1906,-2.2390363341173725e-07
3401,-2.2399543553319745e-07
583,-2.2405617983167758e-07
6642,-2.2451280301538645e-07
676,-2.248177324304379e-07
4390,-2.2482061012851773e-07
5721,-2.2505459185140353e-07
99,-2.253762403370274e-07
5084,-2.2544723776718456e-07
5333,-2.254891100506029e-07
1794,-2.2611416028439635e-07
5155,-2.2613884453903665e-07
4345,-2.2647612496484726e-07
1497,-2.266814078666357e-07
5886,-2.274895365417251e-07
3895,-2.274935582136095e-07
6924,-2.2760095674811964e-07
1186,-2.2806731436730843e-07
7943,-2.2816222866595126e-07
6088,-2.2903283536379604e-07
5641,-2.29284822239606e-07
7872,-2.2938716170983753e-07
3301,-2.2946788647004723e-07
4582,-2.2975687841153558e-07
659,-2.2989792114458396e-07
1963,-2.3011830307950731e-07
2027,-2.3012373873143588e-07
4293,-2.3019799755275017e-07
6766,-2.304517323636901e-07
3639,-2.308346651602733e-07
1820,-2.3107054403226357e-07
6640,-2.3123771342170585e-07
6281,-2.3149139849465428e-07
7589,-2.3210191102407407e-07
4058,-2.3234855461851112e-07
4791,-2.3268572846291136e-07
6282,-2.3276287208773283e-07
5510,-2.33497637225355e-07
6223,-2.3356241740657424e-07
3742,-2.3357173972726741e-07
3820,-2.3363970313994287e-07
2176,-2.3410000693502298e-07
670,-2.343336831245324e-07
3302,-2.35393187608679e-07
4783,-2.354268389126446e-07
5268,-2.3592880182832232e-07
1101,-2.361277608997625e-07
7041,-2.3620943778723813e-07
3572,-2.365620090927223e-07
6154,-2.3754803635256394e-07
953,-2.379458550194613e-07
2615,-2.390484112879676e-07
3310,-2.3928434700337675e-07
1835,-2.3963806938809284e-07
3095,-2.401772505322697e-07
951,-2.404196095540101e-07
7447,-2.404738239647486e-07
7274,-2.4159680123148064e-07
759,-2.4198836001687596e-07
5430,-2.4246934771099404e-07
3930,-2.432543695363165e-07
2844,-2.436709536368653e-07
610,-2.443130711071717e-07
1433,-2.4464746672947513e-07
7046,-2.446821127932708e-07
3405,-2.4484766214527554e-07
210,-2.455772118992172e-07
5476,-2.465140624963169e-07
2272,-2.4658794472998125e-07
1782,-2.4667274090006686e-07
1790,-2.4687657429467436e-07
6134,-2.472432925060275e-07
868,-2.475344373920052e-07
6427,-2.4758246297551523e-07
2683,-2.475955938052721e-07
597,-2.477012515100796e-07
4955,-2.478925154036915e-07
1435,-2.484772210209485e-07
3920,-2.487166170794808e-07
738,-2.4953034483132797e-07
7405,-2.4958949040865264e-07
2083,-2.4997127923143125e-07
6903,-2.50178118221811e-07
6258,-2.504287266447136e-07
1520,-2.509923291427185e-07
7727,-2.512419996492099e-07
159,-2.5158163197147587e-07
4861,-2.5210235321537766e-07
6854,-2.5229509503787995e-07
3168,-2.5254666979890317e-07
7402,-2.526500821886657e-07
5365,-2.529736846668129e-07
6435,-2.5355154775752453e-07
7290,-2.536206693548593e-07
6879,-2.536961929422432e-07
3525,-2.538069878710303e-07
3507,-2.539637478093937e-07
6703,-2.54287471079806e-07
4965,-2.543105779295729e-07
7665,-2.544769373002964e-07
6082,-2.556577101131552e-07
6956,-2.556791969254846e-07
2833,-2.55830791218159e-07
3248,-2.5611419829374427e-07
4329,-2.5722962959662254e-07
1203,-2.579532889512848e-07
3211,-2.582071232382077e-07
3757,-2.585794192100366e-07
6466,-2.5893461952364305e-07
645,-2.590095391497016e-07
3698,-2.5920618895725056e-07
6159,-2.594045653836474e-07
899,-2.599678907699854e-07
8000,-2.603912037102418e-07
6688,-2.6055590041096366e-07
3371,-2.606268196814199e-07
1347,-2.6064398639391584e-07
4637,-2.610562006566397e-07
5186,-2.6170090450250427e-07
3452,-2.6271466424532264e-07
7678,-2.627421196166324e-07
3949,-2.6302745936845895e-07
6715,-2.6382053874840494e-07
1580,-2.6395646557375585e-07
3552,-2.640494329853027e-07
3447,-2.652852231221914e-07
6772,-2.6541182052142176e-07
2240,-2.654678894487006e-07
826,-2.6574184630590025e-07
4083,-2.659316606923312e-07
7693,-2.663716429651686e-07
7433,-2.6646387141227024e-07
2181,-2.669959258128074e-07
2144,-2.67632046302424e-07
107,-2.676488719544068e-07
6873,-2.6779652273489774e-07
1529,-2.682749453697397e-07
1725,-2.687428093395283e-07
2595,-2.688263833761084e-07
4313,-2.699909487091645e-07
7072,-2.703202213183431e-07
416,-2.7042628403251e-07
7354,-2.7058020179993036e-07
4325,-2.706685648945495e-07
3459,-2.7080135112100834e-07
6001,-2.713645130825171e-07
6018,-2.719193474831627e-07
4550,-2.722906629060162e-07
6599,-2.725055736618742e-07
6212,-2.7298665372654796e-07
1389,-2.7307237360219005e-07
1979,-2.7340268360376285e-07
6476,-2.7341386044099636e-07
1603,-2.7405297942095785e-07
5586,-2.741233373626528e-07
240,-2.7490315801514953e-07
3469,-2.7490962395404495e-07
5934,-2.750534520146175e-07
112,-2.750773830939579e-07
7742,-2.7531868340702204e-07
3813,-2.7585329576140794e-07
4190,-2.75870007726553e-07
6941,-2.7601214469541446e-07
5380,-2.763416802054053e-07
2114,-2.768452844748026e-07
5121,-2.7736663810173923e-07
6409,-2.78078942983484e-07
1250,-2.781144416985626e-07
3775,-2.7822704851132585e-07
6623,-2.7851599782025005e-07
2665,-2.7913463895856694e-07
6441,-2.79494898336452e-07
3689,-2.795577671577121e-07
332,-2.7974461147550755e-07
5574,-2.797744684812642e-07
1969,-2.7979612582385016e-07
3198,-2.814236381709634e-07
3000,-2.814735609035779e-07
4663,-2.819161863953923e-07
2430,-2.81987354355806e-07
1149,-2.8227884740772424e-07
6076,-2.824334188744615e-07
2452,-2.825659066729713e-07
2365,-2.827859191256721e-07
5403,-2.8325057144229504e-07
4027,-2.8364880222397915e-07
2636,-2.8369771598590887e-07
6514,-2.8403761120898707e-07
6756,-2.842347157638869e-07
5863,-2.84422227991854e-07
7700,-2.8456716449909436e-07
5258,-2.8513652239325893e-07
653,-2.851690368288473e-07
7497,-2.8519467321075354e-07
5696,-2.8589063560957584e-07
2760,-2.859338792404742e-07
7262,-2.863496035843127e-07
4062,-2.8646257987929857e-07
5804,-2.8684667086054105e-07
1665,-2.8687274777894345e-07
1823,-2.869399082783275e-07
4427,-2.8713101585253753e-07
1951,-2.87185230263276e-07
7214,-2.873353537324874e-07
7230,-2.8851754052539036e-07
4620,-2.887602477130713e-07
3419,-2.8916733185724297e-07
2803,-2.8954738695574633e-07
2120,-2.906195959440083e-07
1922,-2.920938726447275e-07
6767,-2.922523805182209e-07
4109,-2.926535387359763e-07
1278,-2.9279902946655056e-07
3366,-2.9302525206276187e-07
5422,-2.9320845840175025e-07
7252,-2.9349732244554616e-07
5012,-2.935940273118831e-07
6406,-2.935951641802603e-07
4282,-2.9374828613981663e-07
2703,-2.9390145783736443e-07
1792,-2.939594310191751e-07
2653,-2.9480173679985455e-07
1010,-2.948641508737637e-07
5256,-2.9525998002100096e-07
7057,-2.959520486456313e-07
5235,-2.9601007156543346e-07
2446,-2.9720108329911454e-07
532,-2.972645205545632e-07
5087,-2.9733925543951045e-07
6739,-2.9747752705588937e-07
3553,-2.975346689026992e-07
6529,-2.9820404279234936e-07
4151,-2.9847586802134174e-07
3007,-2.986755873735092e-07
4206,-2.9921102395746857e-07
4275,-3.0016974505997496e-07
5940,-3.0022592056866415e-07
931,-3.0103500137101946e-07
2905,-3.0136816064896266e-07
1109,-3.0156380148582684e-07
667,-3.0197774947282596e-07
5970,-3.022234693617065e-07
1306,-3.024570531806603e-07
4564,-3.037129800986804e-07
6943,-3.0371468540124624e-07
6911,-3.0416460106152954e-07
1166,-3.0447458243543224e-07
4454,-3.046842209641909e-07
3137,-3.052260524327721e-07
5741,-3.0568264719477156e-07
6978,-3.0605617951096065e-07
5575,-3.0666967631987063e-07
575,-3.073421623867034e-07
4611,-3.081745774125011e-07
5793,-3.089176772164137e-07
6416,-3.0900220338025974e-07
2808,-3.0937380302020756e-07
1038,-3.0982315024630225e-07
6819,-3.1038961623153227e-07
7117,-3.108933697149041e-07
7234,-3.112143502903564e-07
3003,-3.1168592329322564e-07
1688,-3.118296660886699e-07
7831,-3.119367022463848e-07
3043,-3.122131175814502e-07
1605,-3.1361702212961973e-07
5703,-3.1364432118152763e-07
7753,-3.143422162565912e-07
4698,-3.14682580437875e-07
1084,-3.147456624219558e-07
6235,-3.147988820728642e-07
138,-3.1600572469869803e-07
4431,-3.163344501899701e-07
2489,-3.1696158941940666e-07
4808,-3.1726260374398407e-07
4079,-3.1751019946568704e-07
4522,-3.177106009388808e-07
7766,-3.1824160373616905e-07
2325,-3.1861295468615936e-07
2187,-3.1861907245911425e-07
5705,-3.1872244221631263e-07
7135,-3.190219217685808e-07
3559,-3.2020261642173864e-07
3283,-3.202165288485048e-07
10,-3.206018135415434e-07
5535,-3.209317469554662e-07
447,-3.2120108528488345e-07
1738,-3.2137663197318034e-07
4147,-3.214850323729479e-07
5360,-3.215245669707656e-07
3315,-3.221261977159884e-07
6776,-3.221598774416634e-07
1679,-3.225886473501305e-07
6882,-3.2261935700717004e-07
6203,-3.226390390409506e-07
4230,-3.23369874877244e-07
1745,-3.2351563561405783e-07
2454,-3.235703047721472e-07
6681,-3.2441784014736186e-07
6633,-3.2472536304339883e-07
2611,-3.247684503548953e-07
5730,-3.2502799740541377e-07
638,-3.250329854154188e-07
5146,-3.256902232351422e-07
6327,-3.2577881370343675e-07
6677,-3.2596148002994596e-07
369,-3.2669677807461994e-07
3065,-3.267478518864664e-07
6774,-3.269773714009716e-07
719,-3.271664610338121e-07
4367,-3.2725458254390105e-07
548,-3.287310619271011e-07
2682,-3.2902732982620364e-07
242,-3.2989873943733983e-07
1848,-3.303727424963654e-07
490,-3.3039711411220196e-07
1275,-3.316439176614949e-07
3386,-3.317566381610959e-07
6764,-3.3183259517954866e-07
6771,-3.3196721460626577e-07
6779,-3.3224885953586636e-07
5412,-3.3241562391594925e-07
3935,-3.324652908531789e-07
5746,-3.3291836132320896e-07
6232,-3.3337087756990513e-07
5303,-3.335804308335355e-07
346,-3.3458886150583567e-07
5766,-3.3537472177158634e-07
295,-3.360260762974576e-07
5811,-3.3621567752106785e-07
7468,-3.365295526691625e-07
4198,-3.3668430887701106e-07
3595,-3.372756225417106e-07
5213,-3.375793085069745e-07
3768,-3.378668793629913e-07
2182,-3.379573740858177e-07
3293,-3.383264299827715e-07
5424,-3.3858407277875813e-07
6292,-3.389602341030695e-07
7894,-3.39154013317966e-07
4280,-3.392801204427087e-07
4614,-3.4005743998477556e-07
882,-3.408516988656629e-07
3822,-3.415945002416265e-07
2963,-3.415954097363283e-07
1188,-3.428756372159114e-07
7657,-3.441010818505674e-07
1268,-3.4411428373459785e-07
2766,-3.4486214417484007e-07
1154,-3.451336283433193e-07
2142,-3.453533992114899e-07
4054,-3.47154511359804e-07
746,-3.4749835720049305e-07
3766,-3.487488697828667e-07
729,-3.4895319345196185e-07
3147,-3.4946106097777374e-07
3690,-3.496010663184279e-07
93,-3.4968917361766216e-07
4820,-3.507542203351477e-07
2500,-3.518556184189947e-07
5779,-3.521036262554844e-07
993,-3.521156770602829e-07
2853,-3.528205354541569e-07
6508,-3.5286073796214623e-07
5754,-3.530862642264765e-07
4426,-3.537742685466583e-07
6993,-3.538726360829969e-07
2093,-3.5551353505525185e-07
6019,-3.55518267269872e-07
5419,-3.555274901145822e-07
2521,-3.5573833656599163e-07
7514,-3.5607629911282856e-07
2918,-3.569037119177665e-07
2292,-3.569172690731648e-07
6233,-3.5704016454474186e-07
4778,-3.5760655237027095e-07
1625,-3.576479201683469e-07
7411,-3.5794421648915886e-07
1486,-3.5821594224216824e-07
394,-3.585014667351061e-07
267,-3.587584416209211e-07
6983,-3.588991290826016e-07
4593,-3.5896499639420654e-07
6072,-3.5925776842304913e-07
3939,-3.5964285416412167e-07
716,-3.5974670709038037e-07
4182,-3.5990933611174114e-07
2429,-3.600404596681983e-07
3630,-3.601263358632423e-07
7454,-3.604371840992826e-07
3339,-3.608813159416968e-07
3734,-3.612368004723976e-07
604,-3.612480128367679e-07
7092,-3.620522193159559e-07
4602,-3.625860927058966e-07
2242,-3.6269531733523763e-07
4873,-3.6414024862096994e-07
7360,-3.642373371803842e-07
6997,-3.648406732281728e-07
6713,-3.650080913075726e-07
1029,-3.6514069279292016e-07
6534,-3.6515461943054106e-07
4247,-3.658807230522143e-07
4420,-3.6601791464363487e-07
207,-3.6636600952988374e-07
3020,-3.664249561552424e-07
7379,-3.6667066183326824e-07
6685,-3.683858835756837e-07
3001,-3.694066208481672e-07
3888,-3.697154795645474e-07
5048,-3.6972309658267477e-07
1601,-3.6979768935907487e-07
2769,-3.69966187463433e-07
2130,-3.700989026356183e-07
6083,-3.7134532249183394e-07
760,-3.715059051501157e-07
4539,-3.715167338214087e-07
356,-3.7180443257511797e-07
3825,-3.7198876157162886e-07
895,-3.7268921460054116e-07
798,-3.734408267064282e-07
111,-3.735444806807209e-07
6314,-3.736779774499155e-07
4031,-3.7404035424515314e-07
3245,-3.7467724212092435e-07
1544,-3.7468051061750884e-07
5961,-3.7509948924707714e-07
78,-3.75420739828769e-07
7339,-3.7554069365342e-07
5930,-3.7571720667983755e-07
1208,-3.7584621281894215e-07
1076,-3.7693300214414194e-07
1866,-3.7702470478961914e-07
1895,-3.771708492195103e-07
4071,-3.77253144279166e-07
7265,-3.779201023235146e-07
7646,-3.7793671481267666e-07
3902,-3.780069448566792e-07
6396,-3.7802411156917515e-07
7549,-3.7810488606737636e-07
303,-3.7886451309532276e-07
162,-3.791424774135521e-07
7032,-3.8105933697352157e-07
481,-3.81677551786197e-07
5175,-3.824330718771307e-07
4401,-3.824840177912847e-07
6954,-3.833474977454898e-07
3869,-3.8340128583058686e-07
3509,-3.8355673837031645e-07
2155,-3.8388614598261483e-07
7396,-3.8438741967183887e-07
5683,-3.854151771065517e-07
48,-3.856063131024712e-07
991,-3.8567897320263e-07
6252,-3.8777444899551483e-07
4565,-3.8787391076766653e-07
883,-3.882681056666115e-07
7965,-3.890073401180416e-07
1985,-3.8958698667102e-07
4453,-3.905393555214687e-07
234,-3.9149580288722063e-07
7864,-3.916018869176696e-07
5168,-3.9168429566416307e-07
1998,-3.922372542319863e-07
194,-3.9234537041465956e-07
7359,-3.9302027232679393e-07
1130,-3.9329998458015325e-07
7348,-3.9387546735270007e-07
7887,-3.939707511335655e-07
2626,-3.9407289875725837e-07
5226,-3.942553234992374e-07
4052,-3.9511931504421227e-07
1007,-3.952004021812172e-07
5047,-3.962229868648137e-07
2395,-3.9629770753890625e-07
1343,-3.979531015829707e-07
7257,-3.9829527054280334e-07
4196,-3.999707871571445e-07
3853,-4.0037213011601125e-07
1324,-4.0162532854992605e-07
731,-4.028304942949035e-07
1224,-4.040450107822835e-07
4711,-4.05326417762808e-07
7412,-4.0552475866206805e-07
2312,-4.0610041196487145e-07
7621,-4.062644052282849e-07
3175,-4.064785912305524e-07
3054,-4.076867980984389e-07
3943,-4.0778803622743e-07
853,-4.0802740386425285e-07
7309,-4.086493987642825e-07
776,-4.091373568826384e-07
873,-4.1053500865473325e-07
824,-4.1086273938617524e-07
3499,-4.113827429819139e-07
1844,-4.1156985730594897e-07
101,-4.118743675007863e-07
6345,-4.128296069438875e-07
7448,-4.146196630472332e-07
4984,-4.1557144925263856e-07
7588,-4.1570709186089516e-07
7253,-4.161863813578748e-07
2694,-4.1627750135830865e-07
5861,-4.164698168551695e-07
5533,-4.1669451888992626e-07
2676,-4.167010843048047e-07
3407,-4.173624574832502e-07
2533,-4.1825776975201734e-07
464,-4.208421842122334e-07
745,-4.218826035184975e-07
135,-4.226110235094893e-07
2527,-4.226679521934784e-07
5957,-4.227342316198701e-07
6994,-4.2365374497421726e-07
4311,-4.239681459239364e-07
4901,-4.2399047117669397e-07
397,-4.2421444845786027e-07
5875,-4.2622723128715734e-07
108,-4.2645375231131766e-07
7584,-4.266102706651509e-07
96,-4.2718156123555673e-07
7147,-4.274106544244205e-07
6316,-4.274152445304935e-07
2849,-4.279484215885532e-07
3187,-4.28729833856778e-07
7311,-4.290463806455591e-07
3300,-4.2935930366638786e-07
6622,-4.297004636555357e-07
2715,-4.3100736490941927e-07
2557,-4.3120579107380763e-07
5184,-4.3247135295132466e-07
5946,-4.325266189653121e-07
7483,-4.3264493854167085e-07
1842,-4.3295558782574517e-07
6834,-4.330606770963641e-07
7960,-4.3369061586417956e-07
6085,-4.347662496684279e-07
1561,-4.3528116577817855e-07
2297,-4.3667104421274416e-07
7744,-4.367109767144939e-07
3529,-4.374959559072522e-07
3048,-4.3830449669712834e-07
3834,-4.387801624261556e-07
6442,-4.389253547287808e-07
2472,-4.393559009940873e-07
1708,-4.3991907716645073e-07
6112,-4.401973399126291e-07
5062,-4.4312517388789274e-07
4609,-4.4314863600902754e-07
2936,-4.4326183967768884e-07
3238,-4.4370241880642425e-07
3068,-4.4407529742329643e-07
3422,-4.446926027412701e-07
5448,-4.447772283810991e-07
4392,-4.450113522125321e-07
2049,-4.450244546205795e-07
6472,-4.46465932668616e-07
132,-4.466177188078291e-07
386,-4.469759318226352e-07
6185,-4.478660571294313e-07
3682,-4.4804895082961593e-07
2538,-4.4958093781133357e-07
4125,-4.4963046264001605e-07
3685,-4.4980947677686345e-07
1313,-4.5183230668044416e-07
5744,-4.522613323842961e-07
202,-4.5257665703957173e-07
5092,-4.5364151901594596e-07
2975,-4.543734917206166e-07
3713,-4.558557975542499e-07
3033,-4.562472355473801e-07
7233,-4.562640611993629e-07
144,-4.568438072283243e-07
4548,-4.5685050054089515e-07
3467,-4.575919376748061e-07
5313,-4.586346307178246e-07
3804,-4.594751601416647e-07
1522,-4.602587182489515e-07
1273,-4.611871702309145e-07
6149,-4.620495559493065e-07
4903,-4.629184218174487e-07
6708,-4.6315730628521123e-07
2506,-4.6343188842001837e-07
7248,-4.636839605609566e-07
1811,-4.6551068066946755e-07
3232,-4.659365515635727e-07
6728,-4.659596015699208e-07
7647,-4.6615777193892427e-07
5512,-4.679329776990926e-07
2516,-4.6827011601635604e-07
2492,-4.6885205051694356e-07
4904,-4.6985472579308407e-07
2122,-4.701570901488594e-07
5926,-4.710603462854124e-07
4891,-4.711850465355383e-07
3192,-4.7193574914672354e-07
2871,-4.72377124083323e-07
4245,-4.7262190605579235e-07
1956,-4.7267639047277044e-07
608,-4.7303470296355954e-07
6841,-4.737748611205461e-07
1281,-4.763840593113855e-07
5160,-4.7673631797806593e-07
3151,-4.77325357906011e-07
2831,-4.77543167676231e-07
7437,-4.78224023936491e-07
1293,-4.787579257481411e-07
5080,-4.792044876467116e-07
1358,-4.7997075114381e-07
707,-4.800691328910034e-07
4569,-4.809265448102451e-07
3475,-4.829223314573028e-07
1611,-4.835270885905629e-07
4208,-4.844090142341884e-07
735,-4.85295473140468e-07
628,-4.857125759372138e-07
5326,-4.860254421146237e-07
6539,-4.873127608107097e-07
6682,-4.873438399499719e-07
1868,-4.878336881120049e-07
7067,-4.880667461293342e-07
863,-4.881051154370653e-07
7754,-4.885338285021135e-07
6380,-4.894481691053443e-07
3538,-4.904867410004954e-07
4477,-4.913682118967699e-07
912,-4.916317237757539e-07
6748,-4.920256060358952e-07
4542,-4.931247588046972e-07
3706,-4.953083987402351e-07
1488,-4.958537545007857e-07
1945,-4.961480613019376e-07
2634,-4.965990001437603e-07
3410,-4.985404729040965e-07
6426,-4.986041375332206e-07
4223,-4.98693140116302e-07
884,-4.991406115095742e-07
7572,-4.994585935946816e-07
5531,-4.995025904008799e-07
5029,-4.998142344447842e-07
3166,-5.003177818707627e-07
6859,-5.004197305424896e-07
5907,-5.004938827823935e-07
2630,-5.007447327898262e-07
3611,-5.011779933283833e-07
305,-5.019980449105788e-07
6931,-5.022371851737262e-07
3668,-5.031625960327801e-07
7279,-5.03510193539114e-07
3022,-5.041118242843368e-07
269,-5.052407203720577e-07
1633,-5.056961640548252e-07
4606,-5.065723200914363e-07
1431,-5.067677193437703e-07
6922,-5.082427492197894e-07
7096,-5.08256590592282e-07
7120,-5.100886539821659e-07
6473,-5.101550755171047e-07
5301,-5.106963101297879e-07
2253,-5.112366352477693e-07
6003,-5.112606800139474e-07
5710,-5.114789018989541e-07
1809,-5.124937700884402e-07
6790,-5.125658617544104e-07
5245,-5.132040428179607e-07
4181,-5.141214955983742e-07
942,-5.146605417394312e-07
4360,-5.148098125573597e-07
7321,-5.151941309122776e-07
2341,-5.160826219707815e-07
727,-5.162782201750815e-07
7088,-5.163794298823632e-07
2273,-5.166867538264341e-07
6015,-5.176537456463848e-07
2743,-5.177896014174621e-07
5835,-5.183385241025462e-07
595,-5.185447378153185e-07
5221,-5.193834056171909e-07
584,-5.199192116833729e-07
4774,-5.216350018599769e-07
3849,-5.224878805165645e-07
119,-5.226760890764126e-07
6124,-5.242275165073806e-07
6287,-5.247079855053016e-07
1091,-5.250349772722984e-07
3229,-5.25921933558493e-07
7023,-5.267631593142141e-07
6617,-5.279716788209043e-07
6706,-5.280979280541942e-07
1537,-5.284351800582954e-07
4444,-5.285894530970836e-07
1879,-5.286031949935932e-07
3367,-5.288470106279419e-07
4576,-5.294476039807705e-07
3079,-5.308124286784732e-07
188,-5.318369744600204e-07
1893,-5.327746919192577e-07
3377,-5.336619324225467e-07
4664,-5.338274604582693e-07
7897,-5.34167782006989e-07
3414,-5.342828615084727e-07
6707,-5.344096223325323e-07
5617,-5.346030320652062e-07
6183,-5.347722265014454e-07
7021,-5.354341965357889e-07
7882,-5.363959871829138e-07
3029,-5.364142054986587e-07
6874,-5.372588702812209e-07
6349,-5.381487113709227e-07
2323,-5.384242740547052e-07
6044,-5.384925145790476e-07
1931,-5.3884966177975e-07
3506,-5.394049651386013e-07
921,-5.400715110681631e-07
7175,-5.40502384183128e-07
5450,-5.41463521130936e-07
6889,-5.415797375007969e-07
1567,-5.440706161152775e-07
1211,-5.444300654744438e-07
5369,-5.448730178159167e-07
5471,-5.455712539514934e-07
498,-5.463240313474671e-07
7524,-5.463448644604796e-07
1401,-5.466100390094653e-07
5910,-5.466260120101651e-07
4100,-5.471463850881264e-07
5681,-5.473219744089874e-07
6524,-5.477959916788677e-07
956,-5.49680578387779e-07
6236,-5.503950433194404e-07
3510,-5.505762885604781e-07
4948,-5.512730467671645e-07
3217,-5.527305688701745e-07
5676,-5.532716897960199e-07
260,-5.539324945402768e-07
440,-5.543222982851148e-07
2797,-5.546162924474629e-07
7258,-5.573607211317722e-07
2170,-5.574727310886374e-07
6455,-5.583247286722326e-07
6153,-5.587841940268845e-07
2034,-5.590366924934642e-07
4672,-5.59190539206611e-07
1602,-5.599245298526512e-07
7535,-5.599695498403889e-07
5292,-5.600560371021857e-07
221,-5.61065405690897e-07
7733,-5.613490827727219e-07
4786,-5.62327130637641e-07
3325,-5.624223717859422e-07
2512,-5.63606761261326e-07
3995,-5.640654592298233e-07
4085,-5.643411498112982e-07
1031,-5.653199650623719e-07
3117,-5.661010220592289e-07
6317,-5.664710158725939e-07
1357,-5.665121136644302e-07
3023,-5.668215976584179e-07
2692,-5.691612443570193e-07
6724,-5.691735225354932e-07
7275,-5.695176241715671e-07
337,-5.70579459235887e-07
4050,-5.723855451833515e-07
5169,-5.739279345107207e-07
5379,-5.741261759339977e-07
4409,-5.753242362516175e-07
4720,-5.777674516593834e-07
3404,-5.781074321475899e-07
1849,-5.781915604075039e-07
4703,-5.808154242004093e-07
7559,-5.810345840018272e-07
431,-5.821514719173138e-07
5866,-5.82320865305519e-07
5283,-5.82755376399291e-07
7439,-5.835240983742551e-07
4136,-5.843564849783434e-07
3773,-5.848999080626527e-07
1988,-5.855531242104917e-07
7153,-5.857629901129258e-07
3587,-5.865142611582996e-07
6530,-5.874670137018256e-07
5461,-5.883692608676938e-07
4447,-5.899016741750529e-07
4627,-5.905292539409857e-07
451,-5.920604166931298e-07
684,-5.951089292466349e-07
6190,-5.95438052641839e-07
4785,-5.955077426733624e-07
7403,-5.955399160484376e-07
6605,-5.956713238219891e-07
4642,-5.969732512767223e-07
3450,-5.972286203359545e-07
4897,-5.983079631732835e-07
2530,-5.992631599838205e-07
7614,-5.99416722479873e-07
7328,-6.006235082622879e-07
3309,-6.020488569902227e-07
2029,-6.028684254033578e-07
7859,-6.044534188731632e-07
3361,-6.05141622145311e-07
2239,-6.052806327261351e-07
4463,-6.054801247046271e-07
5879,-6.055282710804022e-07
4959,-6.061086992303899e-07
7146,-6.08256556233755e-07
7453,-6.094493016917113e-07
7338,-6.096411482303665e-07
6034,-6.102954159814544e-07
3907,-6.108531636073167e-07
4189,-6.120706643741869e-07
601,-6.126481935098127e-07
4925,-6.132812302439561e-07
1614,-6.133658985163493e-07
2100,-6.134532668511383e-07
6163,-6.134941372692992e-07
1416,-6.141530377590243e-07
5625,-6.143202142538939e-07
2366,-6.146263729078782e-07
7149,-6.150557396722434e-07
4449,-6.167738888507301e-07
4222,-6.173375197704445e-07
3918,-6.185182428453118e-07
68,-6.225210427146521e-07
3032,-6.228341931091563e-07
1839,-6.230305302779016e-07
6410,-6.248447164125537e-07
6063,-6.286358598117658e-07
1277,-6.306365776254097e-07
5739,-6.31336831702356e-07
4438,-6.321690761978971e-07
7068,-6.322469801034458e-07
6800,-6.330564588097332e-07
5663,-6.341016955957457e-07
1968,-6.34511991393083e-07
2732,-6.363131035413971e-07
1350,-6.380221861945756e-07
1597,-6.383506843121722e-07
2952,-6.395572995643306e-07
1200,-6.398799996532034e-07
7843,-6.40296917708838e-07
6829,-6.40899884274404e-07
2738,-6.415559994366049e-07
2693,-6.432571808545617e-07
4907,-6.442674305162654e-07
3603,-6.454064589433983e-07
3547,-6.466487718626013e-07
7391,-6.470042137607379e-07
2212,-6.510141759008548e-07
6152,-6.517037718367646e-07
5180,-6.517531119243358e-07
1657,-6.520396311771037e-07
7292,-6.533021803534211e-07
6209,-6.567672130586288e-07
7343,-6.567874777374527e-07
3647,-6.570302844011167e-07
673,-6.57800143244458e-07
6332,-6.609072897845181e-07
7586,-6.613233836105792e-07
427,-6.613720131554146e-07
5834,-6.621989143695828e-07
3184,-6.624455295423104e-07
3483,-6.625463129239506e-07
6092,-6.63309634774123e-07
2949,-6.663911449322768e-07
7580,-6.679481998617121e-07
7026,-6.683957849418221e-07
651,-6.705721489197458e-07
436,-6.705972452891729e-07
5260,-6.711320850172342e-07
3136,-6.715018514569238e-07
1394,-6.72008752644615e-07
2971,-6.728192261107324e-07
1822,-6.787728921153757e-07
3097,-6.796373384077015e-07
7104,-6.813558854901203e-07
2200,-6.817500661782105e-07
1881,-6.837980777163466e-07
2675,-6.859368397726939e-07
541,-6.860630605842744e-07
4584,-6.88700339424031e-07
157,-6.888309656005731e-07
4947,-6.910892977884942e-07
151,-6.916722554706212e-07
2746,-6.91945956532436e-07
3739,-6.922852548996161e-07
5097,-6.95483322488144e-07
2564,-6.965605052755564e-07
2861,-6.978791589062894e-07
3602,-6.998150468007225e-07
1090,-7.006514977092593e-07
2941,-7.017717962298775e-07
6193,-7.024663659649377e-07
7940,-7.044618826057558e-07
7489,-7.047497661005764e-07
2368,-7.053622539388016e-07
2481,-7.056439699226758e-07
1584,-7.06065094391306e-07
5367,-7.061225915094838e-07
3164,-7.083044124556181e-07
212,-7.087270148531388e-07
2136,-7.093329372764856e-07
196,-7.105790018613334e-07
5137,-7.150597980398743e-07
9,-7.153716126140353e-07
4167,-7.171799154548353e-07
6300,-7.180299803621892e-07
5515,-7.182177910181053e-07
1447,-7.187230437466496e-07
7688,-7.19211328714664e-07
1921,-7.220163240617694e-07
2968,-7.26032737929927e-07
5800,-7.261099312927399e-07
4448,-7.272057302998292e-07
7662,-7.274171025528631e-07
5041,-7.280796694431046e-07
4218,-7.31517275198712e-07
7977,-7.323033628381381e-07
1845,-7.324089210669626e-07
272,-7.326146089781105e-07
6966,-7.326640911742288e-07
5761,-7.345659014390549e-07
1649,-7.353389719355619e-07
284,-7.355782827289659e-07
2942,-7.358264042522933e-07
2865,-7.358870277585083e-07
6855,-7.363201177668088e-07
1136,-7.373988921699492e-07
1162,-7.374270580839948e-07
4496,-7.409024078697257e-07
443,-7.411213687191776e-07
1396,-7.444002108059067e-07
6806,-7.445639766956447e-07
3041,-7.461088102900248e-07
1143,-7.463205804469908e-07
7632,-7.470426623967796e-07
7465,-7.483961326215649e-07
677,-7.484271407065535e-07
2542,-7.49815029621459e-07
2021,-7.502833057060343e-07
933,-7.510954560530081e-07
4827,-7.516157438658411e-07
2827,-7.517787707911339e-07
5567,-7.520520739490166e-07
590,-7.544735467490682e-07
7681,-7.547270683971874e-07
1763,-7.55032914412368e-07
7560,-7.550579255166667e-07
1030,-7.558434731436137e-07
2496,-7.560736037248716e-07
3034,-7.57736984269286e-07
3767,-7.583637398056453e-07
6769,-7.587533161768079e-07
6136,-7.617577750806959e-07
408,-7.65739230246254e-07
4489,-7.660270284759463e-07
3729,-7.683902367716655e-07
1770,-7.692419501381664e-07
567,-7.70240632164132e-07
3112,-7.704818472120678e-07
4714,-7.721798453985684e-07
3646,-7.732274411864637e-07
6174,-7.732338929145044e-07
4615,-7.733327720416128e-07
3100,-7.773154777623859e-07
5222,-7.790237646077003e-07
2599,-7.799338277436618e-07
1560,-7.799972081556916e-07
6278,-7.829274863979663e-07
7907,-7.838495719170169e-07
2367,-7.848443601687904e-07
2696,-7.852610508507496e-07
6403,-7.855396972900053e-07
7349,-7.894068971836532e-07
6837,-7.90183122489907e-07
2788,-7.903926189101185e-07
6026,-7.904737628905423e-07
3107,-7.909327734978433e-07
7540,-7.913813817594928e-07
3230,-7.924696205918735e-07
730,-7.932376604458113e-07
926,-7.96515081447069e-07
906,-7.971866580192e-07
7747,-8.026625550883182e-07
4498,-8.040837826683855e-07
5373,-8.045051913541101e-07
5896,-8.059178924213484e-07
7393,-8.06425873633998e-07
2079,-8.072581749729579e-07
2774,-8.089631080565596e-07
780,-8.098646162579826e-07
6671,-8.111211968753196e-07
6428,-8.123994916786614e-07
4358,-8.124072792270454e-07
3618,-8.133410176469624e-07
61,-8.146422487698146e-07
6628,-8.150439612109039e-07
1305,-8.161697451214422e-07
6080,-8.208972985812579e-07
300,-8.216489391088544e-07
4974,-8.222013434533437e-07
2857,-8.251733447650622e-07
6511,-8.268285682788701e-07
724,-8.292652751151763e-07
7704,-8.332916934250534e-07
5011,-8.336797634456161e-07
5001,-8.365501287244115e-07
293,-8.374194067073404e-07
6220,-8.394881945150701e-07
3880,-8.405109213072137e-07
2313,-8.421584141160565e-07
5347,-8.442465571079083e-07
2186,-8.509220208452462e-07
6937,-8.525073553755647e-07
50,-8.541000511286256e-07
4357,-8.544358252038364e-07
3817,-8.561067375012499e-07
649,-8.583277235629794e-07
7492,-8.585445243625145e-07
66,-8.632839580968721e-07
2687,-8.69045237550381e-07
6875,-8.706273604275339e-07
5317,-8.706378480383137e-07
4750,-8.725223210603872e-07
85,-8.730791591915477e-07
5381,-8.737487178223091e-07
551,-8.749573794375465e-07
5115,-8.767978272317123e-07
4042,-8.78587684383092e-07
6660,-8.786021226114826e-07
694,-8.792310097760492e-07
1693,-8.812785949885438e-07
6891,-8.813252634354285e-07
4186,-8.821426433769375e-07
3934,-8.837351970214513e-07
709,-8.841538488013612e-07
4478,-8.877106552063196e-07
1999,-8.904785033791995e-07
3242,-8.934453603615111e-07
4405,-8.955326222803706e-07
6684,-8.9643231149239e-07
6284,-8.971770739663043e-07
5987,-8.973563296876819e-07
6474,-8.974321872301516e-07
998,-8.975105174613418e-07
7841,-9.004126297895709e-07
3816,-9.007504786495701e-07
3818,-9.01599349845128e-07
1726,-9.018187370202213e-07
1760,-9.045109550243069e-07
7073,-9.048060860550322e-07
2474,-9.06281428569855e-07
136,-9.071948738892388e-07
2447,-9.076561013898754e-07
4739,-9.106543075176887e-07
2998,-9.114032479828893e-07
6368,-9.116241699302918e-07
7350,-9.152325901595759e-07
6661,-9.161053924344742e-07
4693,-9.164489824797784e-07
469,-9.18152267104233e-07
2627,-9.188644298774307e-07
7273,-9.191496701532742e-07
1558,-9.193172445520759e-07
7430,-9.199579551477655e-07
1991,-9.228081978562841e-07
411,-9.229384261288942e-07
5176,-9.232229274402926e-07
5499,-9.242950227417168e-07
7890,-9.245387957435014e-07
542,-9.255155077880772e-07
1915,-9.258035049697355e-07
1072,-9.29571228880377e-07
6025,-9.366992799186846e-07
5618,-9.38566643071681e-07
7445,-9.437747223728365e-07
1946,-9.460613910050597e-07
2851,-9.471248745285266e-07
1586,-9.522274808659859e-07
3336,-9.543274472889607e-07
7824,-9.553077688906342e-07
2625,-9.56153400011317e-07
3375,-9.57549843860761e-07
4822,-9.580078312865226e-07
7178,-9.61107019747942e-07
4508,-9.61148145961488e-07
3573,-9.624658616758097e-07
3926,-9.629004011912912e-07
6470,-9.645208081110468e-07
1267,-9.64797777669446e-07
350,-9.64824977245371e-07
1161,-9.654754649091046e-07
7705,-9.695367566564528e-07
4814,-9.70324435911607e-07
400,-9.73385880342903e-07
833,-9.743217788127367e-07
3953,-9.77453510131454e-07
3441,-9.777554623724427e-07
2985,-9.786135706235655e-07
3109,-9.793834578886162e-07
7193,-9.804451224226796e-07
2385,-9.810936489884625e-07
315,-9.841528481047135e-07
1984,-9.84216740107513e-07
7740,-9.864830303740746e-07
7918,-9.874497095552215e-07
1002,-9.87672876817669e-07
6280,-9.88125805179152e-07
7138,-9.885179679258727e-07
5511,-9.910046401273576e-07
3913,-9.957231554835744e-07
239,-9.991620117943967e-07
2716,-9.993171943278867e-07
5290,-1.0014222482368496e-06
5122,-1.002812439310219e-06
4372,-1.004080445454747e-06
5142,-1.0049089382846432e-06
5652,-1.0050364949165669e-06
4483,-1.0068347933156474e-06
7674,-1.0102554597324342e-06
3172,-1.0103267413796857e-06
1816,-1.0128015333066287e-06
2135,-1.0175861575589806e-06
5088,-1.0194944479735568e-06
6033,-1.025731194204127e-06
2938,-1.0258339102620084e-06
4066,-1.025978690449847e-06
478,-1.0260638987347193e-06
1552,-1.0279618436470628e-06
5238,-1.0281829645464313e-06
2667,-1.0283222877660592e-06
1308,-1.0284727807174932e-06
3513,-1.0301289421477122e-06
4805,-1.0320083561055071e-06
4977,-1.0329735005143448e-06
7763,-1.0343217695663043e-06
7835,-1.03610284440947e-06
2420,-1.036946571275621e-06
6337,-1.0375801480222435e-06
7168,-1.0388464488642057e-06
7851,-1.0404448858025717e-06
4415,-1.0440224968988332e-06
7543,-1.045014926148724e-06
1243,-1.046306238094985e-06
7565,-1.0559638212725986e-06
2501,-1.0563670116425783e-06
4470,-1.0567305253061932e-06
4809,-1.0568786592557444e-06
3463,-1.0584847132122377e-06
5747,-1.0589459407128743e-06
6865,-1.0596679658192443e-06
4527,-1.0741219966803328e-06
3787,-1.0748674412752734e-06
5275,-1.0752696084637137e-06
5653,-1.0756189681160322e-06
1739,-1.076087073670351e-06
5916,-1.0763392310764175e-06
698,-1.0815185760293389e-06
775,-1.087959958567808e-06
5864,-1.0881598768719414e-06
1630,-1.0891433248616522e-06
2179,-1.0930176017609483e-06
1106,-1.0980158435813792e-06
2434,-1.0982491858158028e-06
2467,-1.1008981459781353e-06
1426,-1.1042773166991537e-06
7461,-1.1055794004732888e-06
3083,-1.1070567325077718e-06
1715,-1.1078116699536622e-06
3188,-1.1104567647635122e-06
5621,-1.1107363206974696e-06
4240,-1.1118210636595904e-06
888,-1.1175488907610998e-06
388,-1.1200851304238313e-06
6543,-1.120957108469156e-06
7941,-1.1210722163923492e-06
7109,-1.124470884406037e-06
453,-1.1255802974119433e-06
2288,-1.1263795727245451e-06
4389,-1.1268907655903604e-06
2727,-1.128244264236855e-06
2672,-1.1292070780655195e-06
5770,-1.1292409567431605e-06
2197,-1.1303210385449347e-06
762,-1.1309908813927905e-06
3279,-1.1317274584143888e-06
3779,-1.1324311799398856e-06
5895,-1.135255786266498e-06
2721,-1.1360509688529419e-06
5517,-1.1364595593477134e-06
6404,-1.1401021993151517e-06
7213,-1.1415039011808403e-06
5247,-1.1423222758821794e-06
6982,-1.146598208379146e-06
3840,-1.1491092095639033e-06
6636,-1.1500435448397184e-06
7708,-1.1501121548462834e-06
438,-1.1619061979217804e-06
3659,-1.1621796716099198e-06
251,-1.1635034411483502e-06
2574,-1.1681842693178623e-06
6288,-1.1701632729455014e-06
7694,-1.1710425269484404e-06
2201,-1.1746849395422032e-06
4566,-1.1749604595934215e-06
379,-1.175527074792626e-06
7675,-1.177308888600237e-06
3400,-1.1776019164244644e-06
3503,-1.1838031355182466e-06
3111,-1.184007146548538e-06
915,-1.190147600027558e-06
1862,-1.190938576201006e-06
2428,-1.1910514672308636e-06
2858,-1.1920653832930839e-06
963,-1.1921353575417015e-06
7216,-1.1941415891669749e-06
7959,-1.1963448400820198e-06
5239,-1.1970320201726281e-06
7036,-1.1999613320767821e-06
5374,-1.2005234566458967e-06
7264,-1.2043013839502237e-06
2322,-1.2072592880940647e-06
3837,-1.209323158946063e-06
5107,-1.2123480814807408e-06
7855,-1.2126823207836424e-06
7162,-1.2158364484093909e-06
2546,-1.2212117894705443e-06
1516,-1.2213757827339577e-06
6949,-1.222037269599241e-06
7229,-1.222818468704645e-06
6573,-1.228434143740742e-06
6603,-1.2284530157558038e-06
5670,-1.2330252161518729e-06
6794,-1.2330524441495072e-06
1723,-1.2334640473454783e-06
7861,-1.2379038594190206e-06
941,-1.2380504585962626e-06
1434,-1.247451280050882e-06
6616,-1.2483495765991393e-06
5434,-1.249405329417641e-06
6481,-1.2497959005486337e-06
3443,-1.2608768997779407e-06
785,-1.2656036574298923e-06
6907,-1.2661917025980074e-06
6811,-1.2702527101282612e-06
6046,-1.2711138879240025e-06
535,-1.2745458661811426e-06
6635,-1.2763632071255415e-06
2961,-1.2768581427735626e-06
1078,-1.2783760894308216e-06
310,-1.2824369832742377e-06
2198,-1.2880785789093352e-06
2569,-1.2900843557872577e-06
893,-1.2950274594913935e-06
4309,-1.2976073548998102e-06
948,-1.3110319514453295e-06
3142,-1.3121716619934887e-06
1351,-1.3158070828467316e-06
3522,-1.3158968954485317e-06
4989,-1.3168203167879255e-06
2350,-1.3223760788605432e-06
4917,-1.3255314570415067e-06
6590,-1.3306394066603389e-06
5441,-1.335695969828521e-06
6489,-1.3359888839659106e-06
6270,-1.3404118135440513e-06
6692,-1.3503615150511905e-06
573,-1.352583353764203e-06
2066,-1.354227492811333e-06
7979,-1.3551468782679876e-06
3486,-1.3561364085035166e-06
392,-1.3561506193582318e-06
2315,-1.3565024801209802e-06
4310,-1.360396481686621e-06
4225,-1.3688183457816194e-06
3651,-1.3701189232051547e-06
7184,-1.3709602058042947e-06
6055,-1.3731629451285698e-06
7795,-1.3782707242171455e-06
2304,-1.3796400253340835e-06
7671,-1.3826651752424368e-06
2418,-1.3848036246599804e-06
6480,-1.401176632498391e-06
7228,-1.402010127549147e-06
2601,-1.4036274933459936e-06
3681,-1.4046418073121458e-06
376,-1.4113109045865713e-06
6561,-1.4135707715468016e-06
1853,-1.4142144664219813e-06
7280,-1.4183660255184805e-06
521,-1.420414662334224e-06
6250,-1.4223150515135785e-06
4384,-1.4230799934011884e-06
4069,-1.4230893157218816e-06
7541,-1.4237869550015603e-06
3604,-1.4279040101428109e-06
6522,-1.4377575894286565e-06
4475,-1.4437150639423635e-06
1335,-1.4446121667788248e-06
1044,-1.4563029822056706e-06
1331,-1.4565040942216e-06
2487,-1.4589141414944606e-06
7741,-1.4608404512728157e-06
4860,-1.4610606058340636e-06
2893,-1.4627943869527371e-06
644,-1.4652262052550213e-06
2435,-1.466502908442635e-06
5666,-1.4689108525089978e-06
6398,-1.469012431698502e-06
4289,-1.4709484048580634e-06
4399,-1.4740684264324955e-06
5840,-1.478588615100307e-06
3781,-1.482833738464251e-06
5978,-1.4833617001386301e-06
6249,-1.484632207393588e-06
6215,-1.4854125538477092e-06
4064,-1.4868084008412552e-06
2108,-1.4870479958517535e-06
5505,-1.4955251685933035e-06
7443,-1.4975357771618292e-06
5538,-1.509886146777717e-06
6087,-1.5116362419576035e-06
7571,-1.5194806906038139e-06
1904,-1.5200464531517355e-06
1144,-1.5266017499016016e-06
742,-1.5316126109610195e-06
5734,-1.5341670405177865e-06
7867,-1.5359948974946747e-06
1683,-1.536017180114868e-06
6051,-1.5367169794444635e-06
7105,-1.540925154586148e-06
3480,-1.5435445561706729e-06
4645,-1.5540475715170032e-06
3593,-1.5576771374981035e-06
4286,-1.564420131217048e-06
1242,-1.5683303331570642e-06
7474,-1.5707851162005682e-06
7581,-1.5727405866527988e-06
5851,-1.575778071583045e-06
1317,-1.5786345102242194e-06
7904,-1.5840944911360566e-06
1917,-1.5854303114792856e-06
3398,-1.5872958556428785e-06
3942,-1.5920233522592753e-06
6225,-1.593912656971952e-06
3231,-1.5961409189912956e-06
2543,-1.6020013617890072e-06
2826,-1.60210800004279e-06
3528,-1.6106149587358232e-06
3532,-1.6147361634466506e-06
505,-1.6222417116296128e-06
3356,-1.624970877855958e-06
909,-1.6264192481685313e-06
7127,-1.6406921758971293e-06
36,-1.6432278471256723e-06
6977,-1.644827591462672e-06
3179,-1.6455666127512814e-06
624,-1.6460007827845402e-06
2656,-1.6737038777137059e-06
7418,-1.6799160675873281e-06
4070,-1.6804146980575752e-06
7663,-1.680983643836953e-06
5598,-1.6876012978173094e-06
1548,-1.6918474443627929e-06
2342,-1.7030137087203912e-06
3439,-1.7161283381028625e-06
7600,-1.7361386426273384e-06
1751,-1.7457526837461046e-06
261,-1.7480585938756121e-06
1180,-1.7533853906570585e-06
7667,-1.7538562815389014e-06
3540,-1.763974921686895e-06
7933,-1.7646929109105258e-06
6128,-1.7671564478405344e-06
3695,-1.7702214449855092e-06
6918,-1.788197266705538e-06
1255,-1.7923355812854425e-06
7314,-1.7936167751031462e-06
7355,-1.800754148462147e-06
6499,-1.8041190514850314e-06
4009,-1.805723286452121e-06
3871,-1.8079190340358764e-06
4570,-1.8141639657187625e-06
4074,-1.817171892071201e-06
4558,-1.818972066303104e-06
190,-1.8247434354634606e-06
4741,-1.8248362039230415e-06
2573,-1.8256578186992556e-06
2532,-1.8296350390301086e-06
7485,-1.8303651359019568e-06
452,-1.835143962125585e-06
6073,-1.8357230828769389e-06
4618,-1.837618356148596e-06
7718,-1.8407407083032012e-06
5299,-1.840773848016397e-06
177,-1.8439607742948283e-06
5815,-1.8540225141805422e-06
3803,-1.8557556131781894e-06
1494,-1.858249333963613e-06
7002,-1.867752757789276e-06
4145,-1.8680527773540234e-06
1221,-1.8689673879634938e-06
1783,-1.876438261660951e-06
1793,-1.8774825321088429e-06
1819,-1.8784350004352746e-06
7858,-1.879484329947445e-06
5547,-1.8804809656103316e-06
8,-1.8919577087217476e-06
2553,-1.892256932478631e-06
5311,-1.8932172451968654e-06
5262,-1.8960942611556675e-06
1877,-1.9151128753946978e-06
634,-1.948912540683523e-06
228,-1.953056653292151e-06
7381,-1.9582021195674315e-06
1363,-1.9608810362115037e-06
7997,-1.966855904811382e-06
2568,-1.9692636215040693e-06
4330,-1.975132249754097e-06
7695,-1.9771653683164914e-06
6851,-1.979376861527271e-06
29,-1.9865144622599473e-06
1916,-1.9976667999799247e-06
705,-2.011668811974232e-06
2449,-2.011809669966169e-06
156,-2.018591374053358e-06
5849,-2.018713757934165e-06
7992,-2.0245897758286446e-06
2673,-2.0272676692911773e-06
4024,-2.029291749749973e-06
5860,-2.038693878603226e-06
1847,-2.0461960730244755e-06
6293,-2.066055003524525e-06
6253,-2.0881453792753746e-06
3024,-2.092043587254011e-06
4982,-2.0937111457897117e-06
4511,-2.0993239786548656e-06
5125,-2.1015243873989675e-06
3333,-2.1297892089933157e-06
325,-2.143455162695318e-06
2362,-2.1573906678895582e-06
4457,-2.1601013031613547e-06
4528,-2.192317538174393e-06
343,-2.1928144633420743e-06
5921,-2.1929328113401425e-06
2874,-2.193451678067504e-06
6057,-2.1994795815771795e-06
1417,-2.2132053345558234e-06
5133,-2.2197905309440102e-06
7637,-2.2230954073165776e-06
6140,-2.2280601115198806e-06
7710,-2.2357426132657565e-06
4579,-2.2368774352798937e-06
2046,-2.237556032014254e-06
5587,-2.238448814750882e-06
4080,-2.2389324385585496e-06
6971,-2.2393062408809783e-06
1628,-2.2401387695936137e-06
6892,-2.242645678052213e-06
5328,-2.243936251034029e-06
7682,-2.246553549412056e-06
2671,-2.2579843061976135e-06
889,-2.264133854623651e-06
2192,-2.279503746649425e-06
7862,-2.285942741764302e-06
4373,-2.288298219355056e-06
4510,-2.2902260070623015e-06
6322,-2.2929237957214355e-06
6294,-2.293043621648394e-06
3130,-2.295123522344511e-06
3691,-2.2963492938288255e-06
1141,-2.2994694290900952e-06
6808,-2.3084807025952614e-06
302,-2.3101365513866767e-06
3754,-2.3116019747249084e-06
7288,-2.312762717338046e-06
5415,-2.313164941369905e-06
5948,-2.3141674319049343e-06
5963,-2.318233441656048e-06
6507,-2.326168669242179e-06
4124,-2.3391120294036227e-06
7051,-2.3618626983079594e-06
5280,-2.362468535466178e-06
3750,-2.3639842083866824e-06
7521,-2.3678289835515898e-06
4480,-2.3968020741449436e-06
7100,-2.4001406018214766e-06
2387,-2.401207211732981e-06
2699,-2.4021130684559466e-06
7049,-2.4087345309453667e-06
2338,-2.428628249617759e-06
552,-2.4436883450107416e-06
6570,-2.462159272909048e-06
792,-2.472131541253475e-06
6792,-2.4794528599159094e-06
7948,-2.4820175212880713e-06
390,-2.48595404173102e-06
1996,-2.49356946824264e-06
2111,-2.4995476906042313e-06
7441,-2.5007241220009746e-06
7556,-2.504792746549356e-06
3129,-2.52725112659391e-06
3555,-2.528385721234372e-06
5868,-2.5315340508313966e-06
2421,-2.5318347525171703e-06
1705,-2.542777110647876e-06
2067,-2.5463558586125146e-06
4485,-2.547615622461308e-06
1198,-2.549381861172151e-06
1687,-2.5705895723149297e-06
1643,-2.570970423221297e-06
1167,-2.571091727077146e-06
63,-2.5732282438184484e-06
3476,-2.5769729745661607e-06
1282,-2.601513756417262e-06
2572,-2.6097379759448813e-06
1132,-2.6202180833934108e-06
6452,-2.6272215336575755e-06
773,-2.6339851046941476e-06
1449,-2.643121206347132e-06
2915,-2.6442800162840285e-06
7617,-2.6512282147450605e-06
617,-2.66151221239852e-06
3965,-2.674287657100649e-06
4686,-2.692095108614012e-06
5067,-2.696016395020706e-06
695,-2.696717956496286e-06
5196,-2.703849645513401e-06
7220,-2.7138669338455657e-06
2282,-2.7271300950815203e-06
2326,-2.7284548878014903e-06
7157,-2.7305795811116695e-06
2621,-2.7342289286025334e-06
5211,-2.7404848879086785e-06
456,-2.7597629923548084e-06
6848,-2.766095576589578e-06
6608,-2.7666675350701553e-06
6547,-2.7669152586895507e-06
3354,-2.7740035193346557e-06
1364,-2.7964041464656475e-06
6593,-2.8011572794639505e-06
2520,-2.803386905725347e-06
5443,-2.818674602167448e-06
1583,-2.819297719725e-06
1054,-2.820114104906679e-06
820,-2.8295764877839247e-06
6584,-2.8343349640636006e-06
3127,-2.8348434852887294e-06
286,-2.843601350832614e-06
378,-2.8707950150419492e-06
7803,-2.880542410821363e-06
971,-2.8862883709734888e-06
7415,-2.8947746386620565e-06
3237,-2.8953381843166426e-06
1557,-2.899307105508342e-06
813,-2.9015175186941633e-06
425,-2.9154523417673772e-06
5941,-2.9179605007811915e-06
2463,-2.9315394840523368e-06
3910,-2.9420223199849715e-06
7099,-2.95391510007903e-06
4887,-2.9551966918006656e-06
1569,-2.962715143439709e-06
699,-2.9683050115636433e-06
2722,-2.9735567750321934e-06
4466,-2.982606702062185e-06
143,-2.9901353855166235e-06
1182,-3.010007503689849e-06
2361,-3.0209653232304845e-06
5778,-3.0273863558250014e-06
4956,-3.042448042833712e-06
3025,-3.0460345215033158e-06
5569,-3.0542471449734876e-06
4701,-3.0628689273726195e-06
3140,-3.066229282921995e-06
2610,-3.0704607070219936e-06
1441,-3.070484240197402e-06
7318,-3.0760563731746515e-06
226,-3.104499910477898e-06
7999,-3.1046969297676696e-06
7322,-3.1142078569246223e-06
2141,-3.1164310030362685e-06
90,-3.1331469472206663e-06
6492,-3.140159378745011e-06
5794,-3.1505921924690483e-06
7134,-3.151920850541501e-06
4900,-3.1717406727693742e-06
3792,-3.1731013905300642e-06
1719,-3.1738686629978474e-06
3210,-3.1765497396918363e-06
7113,-3.176751533828792e-06
6586,-3.183384478688822e-06
2832,-3.190600637026364e-06
4112,-3.2026586040956317e-06
7993,-3.22428797971952e-06
3714,-3.2517323234060314e-06
6565,-3.2608248830001685e-06
3090,-3.275831886639935e-06
5250,-3.278926669736393e-06
757,-3.2849144417923526e-06
2825,-3.286756509623956e-06
4651,-3.289916094217915e-06
6624,-3.304819642835355e-06
851,-3.3055487165256636e-06
1647,-3.3098564244937734e-06
3038,-3.323437226754322e-06
2026,-3.329654873596155e-06
7409,-3.340986268085544e-06
656,-3.3452822663093684e-06
7783,-3.3453435435149004e-06
3145,-3.3550459193065763e-06
6538,-3.3561276495674974e-06
4209,-3.358200842740189e-06
4866,-3.3662195164652076e-06
1636,-3.3664493912510807e-06
231,-3.376762037987646e-06
502,-3.3845051348180277e-06
5030,-3.388534992154746e-06
2767,-3.390448682694114e-06
4729,-3.3926569358300185e-06
4378,-3.41210511578538e-06
5588,-3.41293741712434e-06
2191,-3.414806997170672e-06
1276,-3.417321750021074e-06
5413,-3.4185193271696335e-06
7256,-3.431950858612254e-06
7537,-3.434661152823537e-06
3042,-3.438295721025497e-06
5198,-3.441605713305762e-06
6184,-3.4525737646617927e-06
6832,-3.468271415840718e-06
7768,-3.4849470011977246e-06
4082,-3.4861249105233583e-06
3066,-3.4864822282543173e-06
2167,-3.489283471935778e-06
2254,-3.492524683679221e-06
7853,-3.4958090964209987e-06
6041,-3.511579507176066e-06
7298,-3.526069576764712e-06
2576,-3.569612545106793e-06
626,-3.583628085834789e-06
1691,-3.6006864547744044e-06
5408,-3.624513624345127e-06
3326,-3.624540113378316e-06
3622,-3.6252538393455325e-06
475,-3.6471817566052778e-06
3202,-3.6570629617926897e-06
6744,-3.666336851892993e-06
4011,-3.667387204586703e-06
7118,-3.6745483384947875e-06
7869,-3.692311111080926e-06
654,-3.693214466693462e-06
5377,-3.715500952239381e-06
6319,-3.726835984707577e-06
5693,-3.73291243249696e-06
1711,-3.735254040293512e-06
5456,-3.793930318352068e-06
1663,-3.816473054030212e-06
582,-3.8179935017979005e-06
3901,-3.8370367292372975e-06
3490,-3.8529452695001964e-06
7624,-3.8618218241026625e-06
7050,-3.877131121043931e-06
2686,-3.899731609635637e-06
1481,-3.903950414496649e-06
1714,-3.913119144272059e-06
5188,-3.918904894817388e-06
6725,-3.924220663975575e-06
77,-3.928272690245649e-06
3590,-3.93829213862773e-06
660,-3.971820092374401e-06
3148,-3.972540412178205e-06
7423,-3.983735837209679e-06
3617,-3.990431878264644e-06
2842,-4.031516482427833e-06
6657,-4.033230425193324e-06
7826,-4.037098960907315e-06
3182,-4.0593922676634975e-06
6277,-4.060762876179069e-06
4377,-4.067243025929201e-06
1271,-4.072363026352832e-06
2503,-4.072394858667394e-06
2073,-4.075878678122535e-06
5798,-4.076946424902417e-06
4877,-4.077645371580729e-06
1311,-4.082579607711523e-06
5634,-4.1114572013611905e-06
3313,-4.124461611354491e-06
5988,-4.128930186197977e-06
3110,-4.13289239986625e-06
2398,-4.156186150794383e-06
198,-4.180397127129254e-06
2801,-4.204407787256059e-06
2904,-4.248141976859188e-06
4996,-4.251470500094001e-06
4412,-4.261519734427566e-06
2558,-4.293564984436671e-06
613,-4.294230620871531e-06
7812,-4.2981610022252426e-06
4988,-4.315269052312942e-06
374,-4.318739456721232e-06
633,-4.335532366894768e-06
4160,-4.3360494146327255e-06
4572,-4.382315410111914e-06
6361,-4.386584805615712e-06
7040,-4.386830141811515e-06
1294,-4.4002788399666315e-06
922,-4.40400731349655e-06
5384,-4.455857379070949e-06
2946,-4.4618464016821235e-06
2451,-4.4852438350062585e-06
3204,-4.5205883907328825e-06
4087,-4.560402885545045e-06
2585,-4.579261712933658e-06
5599,-4.582218934956472e-06
7916,-4.58897375210654e-06
3977,-4.596286999003496e-06
2152,-4.621862444764702e-06
5610,-4.667995199270081e-06
2570,-4.685824706029962e-06
1934,-4.690770538218203e-06
1239,-4.695613370131468e-06
7395,-4.704893171947333e-06
13,-4.740786607726477e-06
5571,-4.818094566871878e-06
4492,-4.8776926178106805e-06
3078,-4.895934125670465e-06
2094,-4.901881311525358e-06
2917,-4.902326509181876e-06
5190,-4.962725142831914e-06
3629,-4.981412303095567e-06
3247,-4.9923987717193086e-06
1590,-4.996895768272225e-06
4108,-5.010203494748566e-06
1860,-5.022239292884478e-06
1036,-5.022840014134999e-06
7475,-5.034288733440917e-06
5063,-5.057289627075079e-06
891,-5.071874511486385e-06
4277,-5.072706926512183e-06
4153,-5.078025651528151e-06
5013,-5.115702379043796e-06
4203,-5.135694209457142e-06
5644,-5.139080258231843e-06
2986,-5.1397407787590055e-06
4411,-5.1820029511873145e-06
4331,-5.248876277619274e-06
4647,-5.253020162854227e-06
4102,-5.3365361054602545e-06
2807,-5.372436817197013e-06
5220,-5.389586931414669e-06
2032,-5.399373776526772e-06
4731,-5.422241201813449e-06
7047,-5.428111762739718e-06
5252,-5.437861773316399e-06
1087,-5.442755536932964e-06
7910,-5.453000540001085e-06
7746,-5.4797424127173144e-06
2850,-5.574155011345283e-06
4155,-5.6256199059134815e-06
3373,-5.64929860047414e-06
1349,-5.7019240102818e-06
5149,-5.713880227631307e-06
1155,-5.765178684669081e-06
1022,-5.7700096931512235e-06
7762,-5.843938197358511e-06
2976,-5.887992756470339e-06
2041,-5.960870112176053e-06
4270,-6.1221749092510436e-06
191,-6.169982043502387e-06
7912,-6.20786795479944e-06
362,-6.217632744665025e-06
3645,-6.25510438112542e-06
3932,-6.2592694121121895e-06
6503,-6.262142960622441e-06
1510,-6.328954896162031e-06
64,-6.368379672494484e-06
5472,-6.3873210365272826e-06
2015,-6.426180789276259e-06
6802,-6.452342859120108e-06
6695,-6.4559039856249e-06
3478,-6.549118779730634e-06
2843,-6.586669769603759e-06
1328,-6.679623993477435e-06
737,-6.697262733723619e-06
183,-6.697668595734285e-06
6556,-6.7081923589285e-06
1016,-6.821073384344345e-06
6863,-6.886238224979024e-06
4395,-6.9626353251805995e-06
6916,-7.016177278273972e-06
5307,-7.064283408908523e-06
7486,-7.0988660354487365e-06
5842,-7.1264685175265186e-06
6564,-7.166351224441314e-06
5859,-7.169988748501055e-06
5529,-7.175350674515357e-06
4817,-7.182044100773055e-06
334,-7.2180603183369385e-06
1735,-7.220417273856583e-06
5417,-7.2918785463116365e-06
7266,-7.295592467926326e-06
3259,-7.40906284590892e-06
7608,-7.414737865474308e-06
7199,-7.419256235152716e-06
3700,-7.43374539524666e-06
193,-7.540091246482916e-06
4013,-7.555925776614458e-06
7545,-7.565170108136954e-06
6218,-7.615100457769586e-06
3984,-7.701702088525053e-06
6961,-7.739930424577324e-06
7975,-7.740219189145137e-06
2934,-7.77399145590607e-06
1217,-7.786488822603133e-06
227,-7.861961876187706e-06
1518,-7.892269877629587e-06
6778,-7.893078418419464e-06
3784,-7.928726290629129e-06
1171,-7.966483735799557e-06
3944,-8.007256838027388e-06
6711,-8.037145789785427e-06
5596,-8.060240361373872e-06
3894,-8.084706678346265e-06
2215,-8.094469194475096e-06
2702,-8.112126579362666e-06
2105,-8.144861112668877e-06
253,-8.23732898425078e-06
7879,-8.242550393333659e-06
5079,-8.275994332507253e-06
6408,-8.315305422001984e-06
7218,-8.315394325109082e-06
4872,-8.401674676861148e-06
999,-8.419873665843625e-06
6798,-8.443034857918974e-06
6060,-8.448475000477629e-06
7503,-8.500414878653828e-06
5263,-8.526440979039762e-06
2677,-8.532351785106584e-06
3092,-8.557986802770756e-06
7244,-8.563304618292022e-06
1408,-8.576862455811352e-06
7302,-8.59387273521861e-06
794,-8.614281796326395e-06
890,-8.632624485471752e-06
4590,-8.753092970437137e-06
7658,-8.772627552389167e-06
1622,-8.799311672191834e-06
6627,-8.880442237568786e-06
1326,-8.890935987437842e-06
4673,-8.940678526414558e-06
7352,-8.946934030973352e-06
2513,-9.002435490401695e-06
1747,-9.029197372001363e-06
4980,-9.148446224571671e-06
5316,-9.173570106213447e-06
3170,-9.24088135434431e-06
6098,-9.244863576896023e-06
3380,-9.282524843001738e-06
2008,-9.331277851742925e-06
4725,-9.349294487037696e-06
129,-9.433025297767017e-06
494,-9.534304808767047e-06
564,-9.597456482879352e-06
5173,-9.605059403838823e-06
7039,-9.754774964676471e-06
5762,-9.76775800154428e-06
1653,-9.891984518617392e-06
120,-9.905355454975506e-06
4032,-9.906659215630498e-06
4535,-9.954668712452985e-06
3887,-9.985969882109202e-06
7518,-9.997115284932079e-06
1372,-1.0181656762142666e-05
1232,-1.019353476294782e-05
2012,-1.0248667877021944e-05
1801,-1.0352871868235525e-05
7829,-1.0397995083621936e-05
6265,-1.054154245139216e-05
4117,-1.0717178156482987e-05
3758,-1.0727866083470872e-05
1942,-1.072845543603762e-05
2121,-1.0826315246958984e-05
6548,-1.0925414699158864e-05
1456,-1.1037972399208229e-05
4895,-1.1105671092082048e-05
5346,-1.1172892300237436e-05
4718,-1.1183322385477368e-05
5490,-1.1183665264979936e-05
6156,-1.1235809779464034e-05
1612,-1.1312165497656679e-05
6095,-1.1501550488901557e-05
990,-1.1583362265810138e-05
4601,-1.1612046819209354e-05
5182,-1.1621972134889802e-05
4035,-1.1642580830084626e-05
4261,-1.1741055914171739e-05
5165,-1.1757134871004382e-05
1780,-1.1815995549113723e-05
703,-1.1880386409757193e-05
246,-1.1986448953393847e-05
6991,-1.2073671314283274e-05
2392,-1.2176509699202143e-05
3625,-1.22883193398593e-05
2036,-1.2454464922484476e-05
6242,-1.266732670046622e-05
533,-1.2696112662524683e-05
7013,-1.2822436929127434e-05
153,-1.2854104625148466e-05
3432,-1.2893327948404476e-05
1571,-1.2917103049403522e-05
6239,-1.31821534523624e-05
7222,-1.3197903172113001e-05
2107,-1.3264506378618535e-05
285,-1.3276360732561443e-05
7371,-1.3292852599988692e-05
5736,-1.3315557225723751e-05
7860,-1.3342270904104225e-05
7440,-1.351809578409302e-05
2352,-1.3657001090905396e-05
7981,-1.365990647173021e-05
5140,-1.3683284123544581e-05
2540,-1.3698782822757494e-05
7625,-1.3706722711503971e-05
371,-1.3851428775524255e-05
3472,-1.3939971722720657e-05
204,-1.3975020465295529e-05
4726,-1.3975478395877872e-05
2188,-1.4008318430569489e-05
4264,-1.4042396287550218e-05
1257,-1.4066549283597851e-05
3592,-1.4165814718580805e-05
3454,-1.4250726053433027e-05
2371,-1.4502671092486707e-05
4228,-1.4591196759283775e-05
2402,-1.4627146356360754e-05
5845,-1.4754112271475606e-05
4882,-1.4754856692889007e-05
6362,-1.4783793631067965e-05
524,-1.4844275028735865e-05
7353,-1.4870387531118467e-05
2990,-1.4919442037353292e-05
450,-1.5023546438897029e-05
262,-1.5041064216347877e-05
4408,-1.5045466170704458e-05
3551,-1.5072939731908264e-05
2069,-1.5178722605924122e-05
181,-1.550747674627928e-05
152,-1.5573249584122095e-05
7677,-1.5579897990392055e-05
4875,-1.5875066310400143e-05
2828,-1.5925919797155075e-05
1993,-1.5963229998305906e-05
5069,-1.599520146555733e-05
2641,-1.6113323908939492e-05
3560,-1.621547471586382e-05
7052,-1.621613637325936e-05
6433,-1.6397459148720372e-05
6227,-1.66198542501661e-05
2364,-1.68010419656639e-05
6005,-1.6964826500043273e-05
1713,-1.7098481293942314e-05
6542,-1.720287218631711e-05
5755,-1.7231232050107792e-05
4486,-1.723322066027322e-05
4214,-1.73182388607529e-05
2802,-1.765800880093593e-05
2,-1.7897628822538536e-05
6264,-1.7984359146794304e-05
4012,-1.8136948710889556e-05
572,-1.8237145013699774e-05
1425,-1.838809112086892e-05
5889,-1.8517249372962397e-05
1095,-1.8866728169086855e-05
7130,-1.9385500308999326e-05
2058,-1.9565878574212547e-05
6840,-1.9574427824409213e-05
4305,-1.9891764168278314e-05
3482,-1.9924176740460098e-05
495,-1.9928396795876324e-05
277,-2.0105964722461067e-05
7528,-2.0249761291779578e-05
2133,-2.0543180653476156e-05
3843,-2.0704803318949416e-05
4018,-2.1122236830706242e-05
3879,-2.146110637113452e-05
3418,-2.1777709662273992e-05
497,-2.1869115698791575e-05
4001,-2.2464575522462837e-05
1788,-2.246835811092751e-05
3453,-2.2519504454976413e-05
2901,-2.2792332856624853e-05
5072,-2.287777533638291e-05
7060,-2.29390207096003e-05
241,-2.2979756067798007e-05
2101,-2.3069322196533903e-05
3218,-2.3238639187184162e-05
3925,-2.3420043362420984e-05
5023,-2.3440452423528768e-05
4059,-2.3450618755305186e-05
3143,-2.348901216464583e-05
192,-2.4089398721116595e-05
5289,-2.4122568902384955e-05
534,-2.4213641154346988e-05
6385,-2.4267448679893278e-05
6872,-2.441036303935107e-05
5882,-2.46129075094359e-05
4719,-2.5043082132469863e-05
125,-2.515265987312887e-05
1982,-2.5178805117320735e-05
1253,-2.528018012526445e-05
4994,-2.5426105821679812e-05
589,-2.569107527961023e-05
1120,-2.5715735318954103e-05
4110,-2.585313268355094e-05
329,-2.5945585548470262e-05
7152,-2.626117020554375e-05
2658,-2.7189899810764473e-05
5393,-2.8108178412367124e-05
7573,-2.8743542316078674e-05
734,-2.9110074137861375e-05
2115,-2.9553764761658385e-05
1235,-3.0244386834965553e-05
2374,-3.0289880669442937e-05
3968,-3.0399670322367456e-05
5807,-3.0444837648246903e-05
6675,-3.072387880820315e-05
749,-3.109069439233281e-05
4157,-3.117406777164433e-05
6390,-3.1261370168067515e-05
1659,-3.1585513170284685e-05
2262,-3.166732767567737e-05
5339,-3.18808488373179e-05
3749,-3.190770075889304e-05
2670,-3.194105920556467e-05
4639,-3.2014296266424935e-05
3692,-3.208309135516174e-05
4763,-3.21626848744927e-05
2590,-3.2320196623913944e-05
6910,-3.235083931940608e-05
3144,-3.246878077334259e-05
2248,-3.332605047035031e-05
4344,-3.376656059117522e-05
7778,-3.395304702280555e-05
7367,-3.4149161365348846e-05
4626,-3.4149454222642817e-05
4336,-3.4209939258289523e-05
1045,-3.422953523113392e-05
2098,-3.4642205719137564e-05
2836,-3.47982768289512e-05
5729,-3.4852280805353075e-05
4084,-3.5269269574200734e-05
7567,-3.550003930286039e-05
6998,-3.597146496758796e-05
3370,-3.6070458008907735e-05
1472,-3.6280860513215885e-05
7344,-3.6911125789629295e-05
3531,-3.793661744566634e-05
4192,-3.831571666523814e-05
39,-3.8361666156561114e-05
2011,-3.864348400384188e-05
5507,-3.946633842133451e-05
5792,-4.014007936348207e-05
217,-4.02707009925507e-05
2216,-4.04841048293747e-05
6240,-4.0745562728261575e-05
3124,-4.074993194080889e-05
5560,-4.097086093679536e-05
6169,-4.184030331089161e-05
480,-4.2017070882138796e-05
1604,-4.260169225744903e-05
5334,-4.2820027374546044e-05
3329,-4.292961602914147e-05
1954,-4.343557156971656e-05
5305,-4.3715703213820234e-05
6102,-4.392486334836576e-05
1063,-4.4797281589126214e-05
4704,-4.5550084905698895e-05
807,-4.581274333759211e-05
3810,-4.632766285794787e-05
6658,-4.704471029981505e-05
5708,-4.721015284303576e-05
7128,-4.724029349745251e-05
3399,-4.749479558086023e-05
4728,-4.774800254381262e-05
62,-4.789838749275077e-05
4747,-4.795870336238295e-05
3936,-4.8049460019683465e-05
3479,-4.8118718041223474e-05
203,-4.913700831821188e-05
5277,-4.9179638153873384e-05
1213,-4.932241790811531e-05
1806,-5.0264787205378525e-05
7712,-5.0988641305593774e-05
1034,-5.1142318625352345e-05
6356,-5.1692120905499905e-05
283,-5.18755623488687e-05
415,-5.20435150974663e-05
6884,-5.20739376952406e-05
4833,-5.216907629801426e-05
1620,-5.2494453484541737e-05
4335,-5.295445225783624e-05
6720,-5.313028123055119e-05
1505,-5.336789763532579e-05
7054,-5.3598658269038424e-05
7387,-5.375993896450382e-05
5994,-5.473446799442172e-05
570,-5.495592085935641e-05
7945,-5.6744715038803406e-05
6773,-5.679864261765033e-05
133,-5.704833893105388e-05
3314,-5.7912639022106305e-05
166,-6.04531160206534e-05
7449,-6.059552833903581e-05
7591,-6.186136670294218e-05
1759,-6.339434185065329e-05
7801,-6.453334208345041e-05
4815,-6.599418884434272e-05
810,-6.775540896342136e-05
7098,-6.80026932968758e-05
2276,-6.845744428574108e-05
6812,-6.932332689757459e-05
1616,-6.950700844754465e-05
1568,-7.030105916783214e-05
1075,-7.066499165375717e-05
7226,-7.09580272086896e-05
2462,-7.109209764166735e-05
4825,-7.166543218772858e-05
7410,-7.195696889539249e-05
2351,-7.355983325396664e-05
7986,-7.68229947425425e-05
5722,-7.695709791732952e-05
4600,-7.71808554418385e-05
674,-7.734851169516332e-05
42,-7.823276246199384e-05
2442,-7.857807213440537e-05
5847,-7.964899123180658e-05
6053,-8.328458716277964e-05
6422,-8.455807619611733e-05
5005,-8.64975772856269e-05
901,-8.839766815071926e-05
747,-9.030736691784114e-05
1482,-9.481026063440368e-05
3627,-9.608173786546104e-05
6378,-9.947437138180248e-05
4397,-9.966318611986935e-05
7196,-0.00010422557897982188
6393,-0.00010483810910955071
1081,-0.00010562899478827603
2805,-0.00010695292439777404
2378,-0.00011132191139040515
2883,-0.00011319082841509953
3321,-0.00011459251254564151
1163,-0.00011575199096114375
6401,-0.00011959599578403868
5982,-0.00012503960897447541
482,-0.00012724119005724788
1041,-0.00012911285739392042
5636,-0.00013006560038775206
6893,-0.00013114665489410982
5609,-0.00013340477016754448
5364,-0.00013613738701678813
2876,-0.0001404309514327906
4095,-0.00014454701886279508
7601,-0.00017213723913300782
6382,-0.00019357480050530285
4142,-0.0002096570678986609
1432,-0.0002162854143534787
7769,-0.000224797404371202
5775,-0.00022554143652087077
7839,-0.0002686563093448058
920,-0.00027402053819969296
878,-0.00027442429563961923
5167,-0.000289135510683991
1989,-0.0003047520585823804
7364,-0.00035127725277561694
6830,-0.00037330745544750243
3176,-0.0003752566553885117
2750,-0.0003859284770442173
1334,-0.00042058329563587904
1454,-0.00042716266761999577
5508,-0.00046546095109079033
5867,-0.0004662078863475472
3614,-0.0004846699011977762
4707,-0.0004998903605155647
2644,-0.000625129381660372
2783,-0.0006775776564609259
2708,-0.0006965344655327499
966,-0.0006969335663598031
