Train_ID,Score
3602,9.854290055955062e-06
1366,7.841017122700578e-06
7185,5.522963874682318e-06
2287,4.1511751760481275e-06
3510,4.0788597743812716e-06
8918,3.4563660165076726e-06
8203,3.2556389442106592e-06
6914,2.8331589874142082e-06
2194,2.7025238296118914e-06
4743,2.693273017939646e-06
6656,2.6785827458297717e-06
590,2.6098269927388174e-06
1850,2.5930852416422567e-06
9806,2.2529927150571893e-06
5428,2.252113119993737e-06
3388,2.1965927885503334e-06
9140,2.1109453314238635e-06
7873,2.0912895024594036e-06
770,2.068642174890556e-06
291,2.0348414295767725e-06
6094,2.0268755065444566e-06
8742,2.0119960595366138e-06
4928,1.996752700961224e-06
276,1.9674262716762314e-06
8062,1.9586643702496076e-06
6402,1.9559312249839422e-06
9321,1.9184510051672987e-06
1298,1.907490798203071e-06
8088,1.9052582729273126e-06
3872,1.89655918347853e-06
8442,1.8709529854277207e-06
3001,1.8599193367663247e-06
3375,1.8375864101471961e-06
2099,1.8287568082087091e-06
4793,1.7944052501661645e-06
4461,1.7445905768909142e-06
9569,1.7402415437572927e-06
7588,1.6885334730432078e-06
5927,1.687949009010481e-06
8149,1.6833286622386368e-06
58,1.6756870309109217e-06
6905,1.6661137465234788e-06
4017,1.6553794921492226e-06
994,1.6424533555436938e-06
6586,1.6242910874098015e-06
8368,1.623452078547416e-06
7437,1.619494867100002e-06
6079,1.6024688420657185e-06
8956,1.5917471500870306e-06
5387,1.5794712453498505e-06
8000,1.5702170230724732e-06
3406,1.5400890447381244e-06
374,1.5313019048335264e-06
6637,1.5305565739254234e-06
5007,1.5223045011225622e-06
1328,1.5202490430965554e-06
1960,1.5151445040828548e-06
8310,1.5032800320113893e-06
7780,1.4922250102245016e-06
6918,1.4877598459861474e-06
6950,1.476919123888365e-06
211,1.4715886891281116e-06
5035,1.469523340347223e-06
2531,1.4676376736133534e-06
1274,1.466586638798617e-06
9500,1.4662547869193077e-06
8408,1.4623647643929871e-06
474,1.460480518744589e-06
7005,1.459665384118125e-06
7589,1.44883227903847e-06
7466,1.4488018109659606e-06
1852,1.4427412224904401e-06
5898,1.4406563195734634e-06
182,1.4262624858929485e-06
1773,1.4208015386429906e-06
368,1.4154534824228904e-06
1114,1.4096376617089845e-06
7425,1.4089446267462336e-06
6685,1.4086654118727893e-06
5144,1.4069751728129631e-06
6669,1.406118883551244e-06
2943,1.3974377566228213e-06
5884,1.3912716667618952e-06
1857,1.3834624610353785e-06
3044,1.3798337477055611e-06
5860,1.3793916764370806e-06
9080,1.3745544720222824e-06
8660,1.3733310311181413e-06
1714,1.3651206813847239e-06
2898,1.3638547784466937e-06
5213,1.361351678497158e-06
3519,1.3594059851129714e-06
2387,1.3504666185326641e-06
4256,1.340610765510064e-06
2513,1.3404815035755746e-06
8176,1.337699018222338e-06
9715,1.3345099318939901e-06
1760,1.3316873719304567e-06
7627,1.3270781664687092e-06
9141,1.3081386782687332e-06
3692,1.3059617458566208e-06
9647,1.3055815770712798e-06
666,1.2983070973859867e-06
9848,1.2866047427451122e-06
4210,1.2809281884074153e-06
1304,1.2804179618797207e-06
7390,1.2771633350894263e-06
6682,1.2713920227724884e-06
4175,1.2697564670816064e-06
2110,1.2663446682381618e-06
8115,1.261778493244492e-06
7473,1.2552062571558054e-06
8223,1.25226603131523e-06
799,1.2494572843024798e-06
6715,1.2491544225667894e-06
1798,1.2456235367608315e-06
4612,1.2414434991114831e-06
2697,1.235602695714988e-06
2448,1.2295835745135264e-06
8672,1.2281842316497205e-06
7928,1.2261028530247131e-06
8558,1.2216426057420904e-06
951,1.218974375660764e-06
4479,1.2003538643057254e-06
4405,1.1966050124101457e-06
4309,1.1960138692757027e-06
8841,1.1876376504460495e-06
7882,1.18691360739831e-06
6896,1.186353500770565e-06
450,1.1821484520169179e-06
8071,1.18136594551288e-06
4454,1.1811432898412022e-06
7578,1.179118584104799e-06
6934,1.174425733552198e-06
9765,1.1697218837980472e-06
7758,1.1618807604918402e-06
7195,1.160793345889033e-06
6032,1.1606571490574424e-06
9606,1.1536281192547904e-06
2929,1.152311682517393e-06
8172,1.1511562263422093e-06
2168,1.1499555796490313e-06
9819,1.1397986270367255e-06
3257,1.137655232241741e-06
4085,1.1307624561140983e-06
1156,1.1286856533843093e-06
7001,1.1203517260582885e-06
3589,1.1178333636507887e-06
4159,1.109905895191332e-06
2251,1.1096785215158889e-06
4463,1.104348257285892e-06
5780,1.102111184536625e-06
112,1.10082456217242e-06
4649,1.0985928895479447e-06
1655,1.0981716229707672e-06
2242,1.094881810104198e-06
9347,1.0941499226646556e-06
4843,1.0901489702064282e-06
5670,1.0898745301801682e-06
5398,1.08912198015787e-06
2879,1.0877798501951474e-06
6252,1.0861703287901037e-06
8292,1.0801215069022874e-06
4032,1.077645237046454e-06
8521,1.0768601725885674e-06
9342,1.075521481652686e-06
4131,1.0753877290881064e-06
7876,1.0742253380158218e-06
2119,1.074209109219737e-06
2134,1.072790809075741e-06
7560,1.070605122777124e-06
5084,1.0674827706225187e-06
7858,1.0663037812719267e-06
5214,1.0646329542396415e-06
2601,1.064530692929111e-06
7021,1.0620943555750273e-06
2447,1.0613278220716893e-06
6015,1.0586485075236851e-06
8085,1.0580012030914077e-06
5095,1.057309248153615e-06
6082,1.056113745789844e-06
397,1.0505437444408017e-06
5210,1.0437294974963152e-06
3182,1.040935615037597e-06
8063,1.0400569010471372e-06
647,1.0350195509545301e-06
8134,1.0346579131237377e-06
4605,1.0299116866008262e-06
2665,1.0237204719487636e-06
4299,1.0175477314078307e-06
3756,1.0120208742137038e-06
7647,1.0115696795764961e-06
775,1.008617374509413e-06
644,1.0078792911372148e-06
9325,1.0056154735593736e-06
5806,1.0055375412321155e-06
4946,1.001759386554113e-06
783,1.000916313387279e-06
3677,1.0007728974414931e-06
5439,1.000435446485426e-06
2712,9.98288186337959e-07
5279,9.980238360185467e-07
1086,9.97645599909447e-07
5226,9.91511029724279e-07
2392,9.889814975849731e-07
2584,9.879774722776347e-07
313,9.8718282970367e-07
3176,9.856766496341152e-07
1582,9.855379801138042e-07
5427,9.851150650774798e-07
5991,9.843875261594803e-07
5886,9.819590616189089e-07
1002,9.807388607896428e-07
8358,9.789168018414784e-07
9570,9.788347199446434e-07
8269,9.774996385658596e-07
7611,9.763237471815955e-07
8405,9.76170639432894e-07
1068,9.670835368069675e-07
427,9.662409468091937e-07
6317,9.631621935568546e-07
5981,9.62196594400666e-07
8024,9.62130485504531e-07
9922,9.60723212983794e-07
9163,9.605012394331425e-07
6825,9.594673429091927e-07
840,9.582365123605996e-07
1205,9.51923794900722e-07
372,9.513691168194782e-07
3166,9.470846009662637e-07
2090,9.383722670008865e-07
9238,9.368025075673359e-07
9093,9.344483373752155e-07
8348,9.308491542014963e-07
1096,9.303456067755178e-07
5692,9.291179310366715e-07
8963,9.263398226266872e-07
8044,9.259292141905462e-07
1993,9.253970745248807e-07
4636,9.250919674741453e-07
8628,9.233903597305471e-07
2092,9.222352446158766e-07
502,9.199665669257229e-07
7881,9.199596888720407e-07
5151,9.180665472285909e-07
6025,9.170656767309993e-07
4676,9.152293216629914e-07
3798,9.148424169325153e-07
972,9.134747074313054e-07
7395,9.097958866277622e-07
7539,9.068923532140616e-07
5481,9.048421816260088e-07
5150,9.025991403177613e-07
5732,9.020180016250379e-07
6121,8.996549922812846e-07
4294,8.984581256754609e-07
528,8.965232041191484e-07
4766,8.955813939337531e-07
991,8.948225342919613e-07
6241,8.921751657453569e-07
9535,8.907230153454293e-07
2353,8.864957976584265e-07
6119,8.848950301398872e-07
3300,8.803802984402864e-07
1769,8.796815507139399e-07
7165,8.796372981123568e-07
9017,8.792743528829305e-07
7054,8.79208613469018e-07
7065,8.774308355441462e-07
8613,8.764745302869414e-07
9984,8.761853962369059e-07
3721,8.760077889746753e-07
940,8.758161698096956e-07
6741,8.757858438457333e-07
5348,8.753648899073596e-07
1872,8.734252503472817e-07
7481,8.693000097537151e-07
425,8.687718207056605e-07
3698,8.686859018780524e-07
1303,8.681572296609374e-07
1813,8.677767766585021e-07
2304,8.66511413732951e-07
5100,8.646323692573787e-07
1890,8.640723478947621e-07
8198,8.601661818374851e-07
7982,8.600289902460645e-07
7388,8.595027622959606e-07
9015,8.591298694682337e-07
9340,8.558232025279722e-07
3785,8.543520948478545e-07
3556,8.539101088445022e-07
4980,8.52020832553535e-07
6453,8.507186635142716e-07
3639,8.43973481323701e-07
9503,8.436895768682007e-07
7735,8.421270649705548e-07
8559,8.420043968726532e-07
5695,8.418136872023751e-07
2764,8.408444500673795e-07
3613,8.380634994864522e-07
9224,8.348952178494073e-07
2763,8.331238916525763e-07
5478,8.324162479311781e-07
9475,8.312189265780034e-07
8977,8.288866695238539e-07
3500,8.24461011461608e-07
2738,8.240296267558733e-07
6726,8.237011002165673e-07
1108,8.218461289288825e-07
4760,8.193511291665345e-07
294,8.176812116289511e-07
2222,8.171613217200502e-07
6161,8.165631300016685e-07
6595,8.141699368025002e-07
1036,8.129185573579889e-07
4190,8.12729439303439e-07
4026,8.10401047601772e-07
7852,8.100257389287435e-07
9225,8.088748870704876e-07
4453,8.07410458492086e-07
3501,8.069403065746883e-07
5302,8.059173524088692e-07
4064,8.057580771492212e-07
5778,8.031191214286082e-07
8012,8.02217272166672e-07
4971,8.020614075121557e-07
3325,8.018302821710677e-07
7999,8.003082427876507e-07
5827,7.987809738096985e-07
2445,7.977502889389143e-07
7808,7.968162094584841e-07
841,7.95055711932946e-07
9640,7.945098161599162e-07
2745,7.928437071313965e-07
5256,7.927253307116189e-07
6348,7.914405273368175e-07
5079,7.89846211546319e-07
3796,7.877442271819746e-07
5098,7.876878669321741e-07
6148,7.83532414061483e-07
9882,7.827906927104777e-07
5766,7.824812655599089e-07
1524,7.807640258761239e-07
4057,7.803936625805363e-07
2203,7.800009029779176e-07
9257,7.783040132380847e-07
4288,7.778801602853491e-07
6721,7.71873345684071e-07
1734,7.706922815486905e-07
5222,7.676219979657617e-07
7206,7.665354075925279e-07
2475,7.664575889521075e-07
9560,7.657700962226954e-07
7774,7.657123717308423e-07
9030,7.643106698651536e-07
8101,7.634828591562837e-07
4780,7.62233696605108e-07
7628,7.597853084462258e-07
4132,7.597215585519734e-07
5813,7.585813932564633e-07
1072,7.545882851900387e-07
298,7.545274911535671e-07
7883,7.541013360423676e-07
8712,7.540550939211244e-07
2394,7.536979467204219e-07
2805,7.530876473538228e-07
173,7.522493490341731e-07
8456,7.512826698530262e-07
7301,7.509695478802314e-07
7954,7.507032933062874e-07
1978,7.505589678657998e-07
4006,7.499581897718599e-07
1645,7.492424742849835e-07
7353,7.47079269558526e-07
7334,7.46095679460268e-07
8505,7.458667710125155e-07
9536,7.432886093283742e-07
5142,7.432075221913692e-07
773,7.42447383572653e-07
6035,7.420860015372455e-07
5408,7.409387023926683e-07
8232,7.409284989989828e-07
2237,7.406808038012969e-07
7978,7.40219689987498e-07
8714,7.398686250326136e-07
4529,7.386967411093792e-07
5271,7.361662710536621e-07
9660,7.358361813203373e-07
9113,7.358179630045925e-07
82,7.343263064285566e-07
2966,7.315213395031606e-07
3575,7.302764970518183e-07
7990,7.298228581475996e-07
9794,7.296730757389014e-07
9092,7.286698746611364e-07
7003,7.273974347299372e-07
6855,7.271067374858831e-07
807,7.259556014105328e-07
2182,7.248102917856158e-07
8228,7.241672790314624e-07
2029,7.222828628528077e-07
8273,7.219674671432585e-07
4520,7.201913945209526e-07
5304,7.185730623859854e-07
521,7.180136378792668e-07
2899,7.161982580328186e-07
8683,7.160391817251366e-07
138,7.139814783840848e-07
6414,7.138668252082425e-07
6045,7.136291912956949e-07
1644,7.135916746392468e-07
8768,7.115495179732534e-07
3168,7.110268995802471e-07
5525,7.087318181220326e-07
9938,7.081165165345737e-07
4912,7.063161149289954e-07
199,7.061267410790606e-07
7950,7.05683277146818e-07
8633,7.055612911699427e-07
185,7.050547310427646e-07
7079,7.041029164156498e-07
6268,7.015826781753276e-07
3053,7.008561624388676e-07
4409,7.006453301983129e-07
6066,6.983256071180222e-07
5023,6.973637596274784e-07
2870,6.96502240771224e-07
9637,6.958773326459777e-07
1948,6.948900477254938e-07
4987,6.935033525223844e-07
6801,6.932634732947918e-07
7671,6.927442655069171e-07
5255,6.924515503214934e-07
4924,6.923734758856881e-07
9611,6.911946002219338e-07
1092,6.905539464696631e-07
4944,6.860198880076496e-07
4962,6.8389570628824e-07
434,6.81515473388572e-07
4372,6.811818593632779e-07
1424,6.811197579281725e-07
7557,6.807249235407653e-07
3506,6.796377363116335e-07
501,6.766293267901347e-07
5284,6.764565796402167e-07
3385,6.76182423831051e-07
3730,6.736345596891624e-07
2221,6.73309244803022e-07
1142,6.727919981130981e-07
791,6.724777108502167e-07
7809,6.722978866946505e-07
2199,6.713048037454428e-07
6786,6.707116995130491e-07
6892,6.701648942453176e-07
7624,6.673754455732706e-07
496,6.656887308054138e-07
1853,6.630216660141741e-07
2930,6.609823799408332e-07
9512,6.607481566334172e-07
8010,6.605661440062249e-07
7802,6.589078509477986e-07
139,6.588927021766722e-07
4667,6.582573917057744e-07
9491,6.570541302153288e-07
8952,6.569397612565808e-07
5456,6.550270086336241e-07
6639,6.549018962687114e-07
3029,6.542444737078768e-07
4457,6.537719912103057e-07
3425,6.519344992739207e-07
2048,6.516733890293835e-07
1501,6.513962773624371e-07
9070,6.508044521069678e-07
4850,6.506388672278263e-07
2680,6.498067648408323e-07
9910,6.494917386135057e-07
7134,6.482523531303741e-07
3893,6.456563710344199e-07
3157,6.442251958560519e-07
2989,6.441510720378574e-07
1250,6.440914432914724e-07
3620,6.432492796193401e-07
3955,6.418354132620152e-07
2024,6.396830656285601e-07
804,6.392228328877536e-07
1550,6.349407328798407e-07
8312,6.332401483177819e-07
3752,6.327210257950355e-07
6564,6.300191159880342e-07
2835,6.296953074524936e-07
5824,6.295443597537087e-07
2612,6.23843845914962e-07
3531,6.235273701804545e-07
4896,6.205057445640705e-07
5878,6.20489004177216e-07
5558,6.202064497529136e-07
1619,6.187477055163981e-07
2615,6.174092845867563e-07
7837,6.171607367377874e-07
8824,6.159186511922599e-07
1780,6.149865612314898e-07
8487,6.141320199049005e-07
3416,6.13880956734647e-07
2721,6.131275824827753e-07
5117,6.129147038791416e-07
7869,6.120569793210962e-07
6989,6.114295842962747e-07
982,6.112397272772796e-07
8732,6.112257153745304e-07
6988,6.094857241123464e-07
4945,6.085287793666794e-07
8382,6.079501417843858e-07
5829,6.061344208774244e-07
6270,6.060716657430021e-07
1643,6.055268215732212e-07
5987,6.051430005982184e-07
7566,6.036726034608364e-07
1115,6.028284929016081e-07
1110,5.991923046622105e-07
1198,5.971771770418854e-07
3820,5.969569230046545e-07
7288,5.966727769646241e-07
2577,5.95338107700627e-07
7729,5.947836712039134e-07
9874,5.944494319010118e-07
9051,5.941649163787588e-07
9126,5.929788358116639e-07
4073,5.929691582196028e-07
6372,5.927316237830382e-07
4219,5.920558976413304e-07
8667,5.915057244010313e-07
2041,5.911774252354007e-07
9878,5.908248112973524e-07
2192,5.900629957977799e-07
3205,5.898035908558086e-07
5273,5.892569561183336e-07
7529,5.890372420935819e-07
4148,5.882788229882863e-07
4424,5.863485341706109e-07
4107,5.862359557795571e-07
8724,5.857337725956313e-07
1141,5.853226667795752e-07
2006,5.83147922839089e-07
7698,5.820832598146808e-07
6632,5.819128006123719e-07
609,5.808008580743262e-07
1799,5.806800373875376e-07
7784,5.784911962791739e-07
2521,5.778899634378831e-07
8445,5.769302475755467e-07
8752,5.761815771165857e-07
6695,5.757408274575937e-07
2137,5.757161005703892e-07
9588,5.755022129960707e-07
4055,5.753129670438284e-07
7799,5.752845027018338e-07
9541,5.752357878918701e-07
9506,5.740937751852471e-07
9513,5.740033230949848e-07
2225,5.739426143236415e-07
3199,5.737214507917088e-07
2999,5.735953436669661e-07
7192,5.730840371143131e-07
1753,5.721312561490777e-07
4460,5.707379813202351e-07
7179,5.690784092848844e-07
8834,5.68788721011515e-07
8001,5.686714956709693e-07
3289,5.674689020906953e-07
6477,5.662760997893201e-07
6843,5.662267028583301e-07
9841,5.659511117528382e-07
6322,5.650700387604957e-07
7193,5.642461502475271e-07
7846,5.641021942892621e-07
51,5.64025555149783e-07
34,5.639695785930599e-07
1588,5.629983945709682e-07
9333,5.608814461766087e-07
9653,5.604063773034795e-07
866,5.598784156291003e-07
7900,5.582278816973485e-07
9384,5.578573762932137e-07
3218,5.574688515253001e-07
6943,5.560175395658007e-07
6873,5.558189997145746e-07
7488,5.555904323273353e-07
802,5.535581664162237e-07
3631,5.505735600763728e-07
8541,5.49300750662951e-07
8183,5.470146504649165e-07
5893,5.469828749937733e-07
2343,5.469766790611175e-07
743,5.456192013753025e-07
5101,5.443296231533168e-07
9268,5.441727921606798e-07
4408,5.431443952375048e-07
9710,5.419094151193349e-07
3336,5.39052948056451e-07
2557,5.363739461472505e-07
900,5.360023607181574e-07
7514,5.356122727562251e-07
6065,5.35162399728506e-07
8801,5.350377279000895e-07
5915,5.319023443917104e-07
8095,5.318665472486828e-07
8480,5.317808273730407e-07
3095,5.313914215321347e-07
9464,5.3098773378224e-07
2542,5.305438719460653e-07
3076,5.291860958323014e-07
3912,5.270471774565522e-07
2636,5.270143930147242e-07
5135,5.264377449520907e-07
2427,5.262596829425092e-07
7489,5.256995763147643e-07
1633,5.237300513272203e-07
9046,5.233246298530503e-07
8776,5.229090476177589e-07
6660,5.226461041729635e-07
8386,5.222792225367812e-07
3975,5.215401159830435e-07
5430,5.212280029809335e-07
975,5.211056048892715e-07
752,5.208125628541893e-07
2767,5.195894914322707e-07
893,5.178502249236772e-07
8498,5.16573990694269e-07
2856,5.142508285871372e-07
203,5.139617371696659e-07
118,5.139598471259887e-07
9396,5.138615790656331e-07
3240,5.128888176386681e-07
2336,5.116311001529539e-07
4880,5.115587242698894e-07
5094,5.099723665580314e-07
4866,5.074912508007401e-07
6450,5.07133435689866e-07
2193,5.066777362117136e-07
3722,5.061045982301948e-07
6860,5.048879074820434e-07
8439,5.035225285610068e-07
9743,5.027220737474636e-07
9917,5.020993398829887e-07
7602,5.012298061046749e-07
4381,5.002622600613904e-07
6911,4.992736108988538e-07
504,4.980848871127819e-07
8890,4.979829668627644e-07
5753,4.978252263754257e-07
4350,4.971453648749957e-07
3031,4.968632225654801e-07
9751,4.958471464533432e-07
4953,4.952653114287386e-07
4935,4.945064375760921e-07
5572,4.929857908564372e-07
7562,4.924479242163216e-07
8761,4.917281302141419e-07
2888,4.916939104759876e-07
1802,4.916129228149657e-07
9088,4.903471193529185e-07
9823,4.897340630805047e-07
6885,4.886612856580541e-07
2839,4.882377737658317e-07
7017,4.858817845843078e-07
2684,4.857410402792084e-07
5739,4.856386226492759e-07
3767,4.852506378938415e-07
9462,4.838804557039111e-07
2129,4.836977325339831e-07
5139,4.833623279409949e-07
5327,4.802703443829159e-07
7656,4.796742274493226e-07
5909,4.783313158895908e-07
7853,4.7665275815234054e-07
6554,4.7645524148265395e-07
2642,4.7633137967295625e-07
1898,4.7512548917438835e-07
464,4.748374209384565e-07
5182,4.7451037232804083e-07
18,4.739508625561939e-07
2028,4.7387126755893405e-07
9240,4.72755800728919e-07
9254,4.727546780713965e-07
8151,4.7170384220862616e-07
3728,4.710997245638282e-07
4170,4.708115284302039e-07
6594,4.7035969430453406e-07
4087,4.7024244054227893e-07
386,4.6905253725526563e-07
1332,4.6780448315075773e-07
4918,4.6763558714246756e-07
8863,4.6569043377076014e-07
9470,4.634312631424109e-07
5093,4.634277104287321e-07
9047,4.6319155444507487e-07
1324,4.630677921113602e-07
6556,4.629062857475219e-07
7516,4.6283602728180995e-07
4963,4.623401821390871e-07
3012,4.6178121237971936e-07
1475,4.598172154146596e-07
8869,4.596314653326772e-07
4579,4.594728579832008e-07
4053,4.575603469447742e-07
6747,4.5738576659459795e-07
6034,4.5609378673816536e-07
2425,4.5548027571840066e-07
7981,4.5414033422730427e-07
7905,4.5322195774133434e-07
6664,4.52281497587137e-07
8550,4.512025810754494e-07
7645,4.509478515046794e-07
8290,4.502912389625635e-07
1893,4.500437142951341e-07
596,4.488834974836209e-07
9965,4.485991667024791e-07
4222,4.4782358088468754e-07
5336,4.47695171601481e-07
3625,4.4689372202810773e-07
9499,4.468570296012331e-07
6515,4.460584364096576e-07
6369,4.434646712070389e-07
4993,4.433985623109038e-07
9946,4.4270078092267795e-07
6446,4.426821220704369e-07
1919,4.422050778885023e-07
3394,4.4167603618916473e-07
4500,4.4085811623517657e-07
6337,4.403984235068492e-07
7367,4.4031227730556566e-07
4572,4.4013631850248203e-07
4625,4.38359151644363e-07
2108,4.378321136755403e-07
7740,4.3600407195754087e-07
7521,4.333362539910013e-07
6327,4.329493492605252e-07
4448,4.322520936739238e-07
6798,4.318729054375581e-07
9564,4.312082921842375e-07
6502,4.306056382574752e-07
3847,4.300942890722581e-07
412,4.2955589663051796e-07
1574,4.280235117448683e-07
4284,4.2706621172783343e-07
3661,4.267300965921095e-07
3453,4.2627713980891713e-07
738,4.233444741430503e-07
6341,4.225368854804401e-07
9957,4.222455913804879e-07
6321,4.2173010683654866e-07
61,4.206690675800928e-07
2265,4.1703111719471053e-07
5571,4.166422939988479e-07
9732,4.1647091109098255e-07
3151,4.162251201478284e-07
7833,4.156899251483992e-07
7409,4.150288219761933e-07
7114,4.1395151129108854e-07
6196,4.125479904359963e-07
4821,4.1212764756437537e-07
1341,4.116139109555661e-07
6570,4.114235849783654e-07
2346,4.1111486837053235e-07
8189,4.090285443680841e-07
8717,4.08284321906649e-07
9905,4.0715254101542087e-07
4112,4.0669672785043076e-07
701,4.061547684841571e-07
5366,4.0611061535855697e-07
445,4.0580447091542737e-07
736,4.048735462447439e-07
5955,4.0471195461577736e-07
2297,4.0431773129512294e-07
2661,4.0317337379747187e-07
2774,4.0244354693186324e-07
9302,4.0221168262633e-07
7773,4.0214519003711757e-07
8258,4.020543400429233e-07
2519,4.013047174566964e-07
3841,4.012705261402516e-07
3241,4.010857992398087e-07
6923,3.9993247469283233e-07
2277,3.997129738309013e-07
9831,3.9957130582024547e-07
6583,3.991733166230915e-07
3338,3.965803614391916e-07
7385,3.964900656683312e-07
6849,3.957324850034638e-07
1177,3.94665207181788e-07
1787,3.9379898453262285e-07
3082,3.9368754300994624e-07
8566,3.9349795599719073e-07
1534,3.929270349090075e-07
3668,3.9268675777748285e-07
5993,3.9156350339908386e-07
1952,3.90209862644042e-07
4673,3.897976199596087e-07
2832,3.894310651730848e-07
537,3.892787105996831e-07
3248,3.8797909951426846e-07
4417,3.8551054615254543e-07
9052,3.8397570278903004e-07
9699,3.8350758302385657e-07
7903,3.8345568498243665e-07
6334,3.831905388551604e-07
5914,3.831439698842587e-07
4393,3.8296471416288114e-07
8042,3.828446324405377e-07
748,3.8220575504510634e-07
3908,3.8144712277699e-07
8330,3.812558588833781e-07
4187,3.8096480636795604e-07
835,3.80159505652955e-07
4283,3.7951903664179554e-07
4207,3.7944305120163335e-07
7004,3.783934090506591e-07
4067,3.7798962182478135e-07
9655,3.762730926837321e-07
3254,3.755385193926486e-07
6785,3.753483923674139e-07
895,3.749768779925944e-07
74,3.7416029385894944e-07
5676,3.7334376656872337e-07
4806,3.726918436086635e-07
3648,3.72660082348375e-07
4964,3.720763857018028e-07
4002,3.720455623579255e-07
5161,3.713118985615438e-07
4297,3.7011243136930716e-07
9721,3.697264929769517e-07
8885,3.6809288417316566e-07
3227,3.6703272598970216e-07
7066,3.667057768552695e-07
5280,3.663661800601403e-07
628,3.656868159396254e-07
4139,3.6554300208990753e-07
5485,3.6428096450435987e-07
9179,3.636927203842788e-07
2473,3.6321435459285567e-07
2717,3.6319208618351695e-07
9067,3.626536653200674e-07
1786,3.6217866750121175e-07
7203,3.6199038788709004e-07
7153,3.6166591144137783e-07
538,3.6090604282890126e-07
1223,3.5946800380770583e-07
200,3.5882410998056e-07
1262,3.586175125747104e-07
2992,3.5794964503566007e-07
4600,3.579008591714228e-07
825,3.563612409607231e-07
9507,3.5635625295071804e-07
8652,3.56328612838297e-07
1743,3.5588429625477147e-07
5308,3.548108935547134e-07
8157,3.545196847198895e-07
3329,3.5394482722495013e-07
7350,3.5337647830147034e-07
2824,3.532948227302768e-07
814,3.529518437517254e-07
8420,3.526517815544139e-07
7034,3.5241278339981363e-07
7906,3.521837186326593e-07
4346,3.521107174719873e-07
8247,3.5192491054658603e-07
2332,3.518964462045915e-07
2378,3.516369844192013e-07
1845,3.5148988786204427e-07
1348,3.514685857908262e-07
8926,3.513177233571696e-07
5946,3.5112530838432576e-07
9171,3.5083532168300735e-07
9511,3.503399170767807e-07
3918,3.496213167863971e-07
9303,3.483356891820222e-07
9999,3.481476085198665e-07
8536,3.4728586228993663e-07
8261,3.4713826835286454e-07
1689,3.4688447669850575e-07
1945,3.462227908812565e-07
9838,3.458587514160172e-07
9553,3.4580367014314106e-07
1146,3.456337367424567e-07
5776,3.4526821934832697e-07
266,3.4495748479912436e-07
6338,3.4495673162382445e-07
4614,3.44453681577761e-07
7835,3.4414945560001797e-07
3985,3.4398752291053825e-07
9277,3.433563904309267e-07
8410,3.424357259973476e-07
5218,3.420108498630725e-07
7000,3.4196435194644437e-07
6154,3.4184684238880436e-07
8006,3.416513010279232e-07
6480,3.4019819850072963e-07
2449,3.398730399339911e-07
6394,3.396537522348808e-07
1829,3.3726715287230036e-07
9008,3.3581270031390886e-07
1737,3.3576435498616775e-07
6461,3.3511474839542643e-07
6675,3.342720020782508e-07
5802,3.340058611911445e-07
9048,3.329097921778157e-07
8365,3.326524478097781e-07
3808,3.3221574824437994e-07
1458,3.3201254723280726e-07
3572,3.3099902907451906e-07
4785,3.3045962766209414e-07
2404,3.297135151569819e-07
8081,3.292247043873431e-07
5208,3.289529786343337e-07
3564,3.283154512701003e-07
8351,3.2654085657668475e-07
9593,3.2628305746129627e-07
2702,3.2520139825464867e-07
9351,3.2507415426152875e-07
9341,3.240731416553899e-07
1333,3.233845546901648e-07
446,3.225889457780795e-07
9974,3.2196427923736337e-07
8561,3.215008490542459e-07
8677,3.210562198319167e-07
2867,3.20735210834755e-07
4665,3.203617779945489e-07
3543,3.1976730952010257e-07
3922,3.178389391678138e-07
5593,3.1668653832639393e-07
5217,3.1562376534566283e-07
2663,3.1489490481817484e-07
4014,3.1441238945717487e-07
8522,3.136630795097517e-07
3678,3.136309061346765e-07
808,3.133630031015855e-07
5122,3.1327650162893406e-07
2339,3.103009049709726e-07
1761,3.0990548083309477e-07
8877,3.083165367456786e-07
9599,3.0791521510309394e-07
1362,3.0761522396005603e-07
4246,3.0756040558799214e-07
3863,3.05014815182858e-07
31,3.0440550347066164e-07
8827,3.035241959992163e-07
1473,3.021964403160382e-07
7763,3.020166232658994e-07
7977,3.0166103215378826e-07
9452,3.008453077768536e-07
5465,3.003753619168492e-07
4252,2.9979590010498214e-07
1980,2.995055652377232e-07
7582,2.993534167217149e-07
5447,2.990238954225788e-07
1388,2.988627230138263e-07
5281,2.9816335711529973e-07
4211,2.970149353132001e-07
1571,2.9700206027882814e-07
2587,2.9689391567444545e-07
8777,2.9666239953485274e-07
2113,2.964824545870215e-07
4436,2.95645115500065e-07
9963,2.9537255130662743e-07
9118,2.9476287721763583e-07
177,2.946318815588711e-07
2087,2.943549475276086e-07
4789,2.9394958289685746e-07
3030,2.9393735445637503e-07
2518,2.934052290015643e-07
5207,2.931396068106551e-07
4844,2.929494655745657e-07
303,2.9242228549719584e-07
3094,2.923062041304547e-07
8808,2.9139623336504883e-07
1612,2.912978303015734e-07
184,2.900259445937081e-07
1019,2.8981627764324003e-07
4185,2.8960689490986624e-07
3332,2.8920678829535973e-07
8681,2.8905168392157066e-07
99,2.877529112765842e-07
5147,2.865445551947232e-07
8940,2.8650764960502784e-07
1461,2.8609389346456737e-07
7567,2.855757514907964e-07
8458,2.8541265351123e-07
4696,2.853365543842301e-07
4617,2.8407374941252783e-07
1337,2.840690811467539e-07
8729,2.8330632773077014e-07
6746,2.828236418395136e-07
6991,2.8246707728385445e-07
1518,2.8244564020951657e-07
9200,2.8201903745639356e-07
5754,2.814961987951392e-07
2032,2.8132272689163074e-07
4007,2.81160893678134e-07
8973,2.808334684800684e-07
478,2.804912142551075e-07
5296,2.802530545409354e-07
5557,2.7880483344233653e-07
6725,2.7859044138267564e-07
640,2.785368380386899e-07
8598,2.782804457979182e-07
2159,2.776422221018038e-07
9153,2.775725391757078e-07
6385,2.770860589862423e-07
3888,2.7662195378752585e-07
6320,2.7660204438006986e-07
769,2.763896560509238e-07
5621,2.7632988519599166e-07
5857,2.76179775937635e-07
5469,2.761400352824239e-07
9213,2.7599233476394147e-07
5401,2.746582055124236e-07
2036,2.7456171380890737e-07
6970,2.7450965234265823e-07
4163,2.7428159654618867e-07
5683,2.7424255222285865e-07
4536,2.7408405145479264e-07
954,2.7382441203371854e-07
4770,2.734843747020932e-07
2433,2.732066377575393e-07
3110,2.7290754189834843e-07
2488,2.723022447526091e-07
5749,2.718698652870444e-07
9928,2.6952356790843623e-07
5001,2.6866460700603056e-07
2086,2.6864930902092965e-07
1357,2.682021147393243e-07
8678,2.6700709554461355e-07
9337,2.669912646524608e-07
4179,2.666710798848726e-07
8471,2.6657120599793416e-07
9276,2.664691933773611e-07
5138,2.659482518652112e-07
3782,2.6500308081267576e-07
9592,2.6466967284477505e-07
6703,2.634778155652384e-07
6735,2.628515574087942e-07
8524,2.6252559592876423e-07
1232,2.6247217022046243e-07
9474,2.6200154223943173e-07
2054,2.6099264260892596e-07
1012,2.6023127475127694e-07
9531,2.5862971853030103e-07
9996,2.5656248681116267e-07
4533,2.5638878753397876e-07
2914,2.5628287403378636e-07
8398,2.560585343758248e-07
1928,2.5594819419438863e-07
6507,2.5576847662023283e-07
6922,2.555542621962559e-07
23,2.5536774472811885e-07
8693,2.5533652348030955e-07
8425,2.549272579699391e-07
4191,2.549161308706971e-07
8666,2.540155463748306e-07
508,2.5392812119662267e-07
7641,2.5351886279167957e-07
2355,2.521101407637616e-07
8795,2.5210433562961043e-07
1047,2.51778324411589e-07
8961,2.5156015226457384e-07
5038,2.51148335905782e-07
9636,2.506858010065116e-07
1861,2.5063927466817404e-07
8587,2.506366669763338e-07
4286,2.501555158573865e-07
1423,2.5004362669278635e-07
1477,2.496969031540175e-07
9869,2.48511426548248e-07
2639,2.4752504401703845e-07
981,2.4750245586346864e-07
695,2.4644075580226854e-07
7420,2.4638824669409587e-07
8325,2.4615376759129504e-07
6,2.4596697301149106e-07
4828,2.4513231977607575e-07
47,2.445115967475431e-07
7236,2.443697155740665e-07
5957,2.441589614932127e-07
7360,2.437377020214626e-07
3876,2.4338472570661907e-07
4888,2.424672089773594e-07
3423,2.4120201658206497e-07
869,2.407937387260972e-07
5470,2.40703883491733e-07
8399,2.404134562539184e-07
2523,2.397346534621647e-07
1724,2.397242653273679e-07
847,2.3969696627546e-07
6876,2.396218405920081e-07
1584,2.3955162475886027e-07
7306,2.3897106160575277e-07
9788,2.389300490790447e-07
9906,2.3864764386871684e-07
2299,2.384309496505921e-07
6478,2.3808468085917411e-07
5810,2.3804080484524093e-07
5992,2.373480825212937e-07
1144,2.3651409719605e-07
7198,2.351272456735387e-07
9944,2.3358516187954592e-07
233,2.3345055666368353e-07
3711,2.328001471596508e-07
7603,2.321557843742994e-07
2060,2.3145737060303873e-07
5517,2.3131927662234375e-07
3807,2.308190119038045e-07
6041,2.2878850103325021e-07
7268,2.2832924173599167e-07
2160,2.2826824164212667e-07
6581,2.2806643329431608e-07
551,2.280235449347856e-07
1261,2.2729339121951853e-07
864,2.2682795020045887e-07
3862,2.2682406353169426e-07
1291,2.2674674227118885e-07
3258,2.2664721655019093e-07
121,2.2659428822180416e-07
9064,2.264583045530344e-07
114,2.2636682217580528e-07
7117,2.2599738258577418e-07
8354,2.258996616433251e-07
8218,2.2582090508649344e-07
6831,2.2551768097400782e-07
7443,2.251197699365548e-07
2178,2.2467867921704965e-07
3344,2.242850314360112e-07
9530,2.234501579323478e-07
7700,2.230336093589358e-07
9442,2.222856920752747e-07
4786,2.2217446371541882e-07
1832,2.2081913897409322e-07
9144,2.2076817174365715e-07
1059,2.1972334707243135e-07
5034,2.1942792471918438e-07
6100,2.193050789855988e-07
9549,2.1822049234287988e-07
4894,2.182084060109446e-07
8915,2.1795663229795537e-07
2150,2.178704221478256e-07
8073,2.1755099766096464e-07
8833,2.1693085017204794e-07
1586,2.1678127382074308e-07
3517,2.1662876292793953e-07
8705,2.16309068434839e-07
5174,2.1549178086388565e-07
8739,2.1478120970641612e-07
8133,2.1475118927583026e-07
9423,2.1437853803263351e-07
2533,2.1405859484957546e-07
8436,2.1404282080084158e-07
4253,2.1223187474106453e-07
7786,2.1185199017281775e-07
2375,2.115576194228197e-07
7200,2.1115781834168956e-07
3376,2.1114657755560984e-07
6717,2.1109712378120093e-07
1985,2.1094403734878142e-07
3786,2.1006391648370482e-07
4181,2.09901664049994e-07
3959,2.0964686342495042e-07
1433,2.0886340479364662e-07
1639,2.0875383199836506e-07
2876,2.080174752450148e-07
5515,2.0771334874325476e-07
8276,2.0707864223368233e-07
7825,2.0681694223867453e-07
5453,2.0648611354090463e-07
3239,2.0468147710062112e-07
4546,2.0458827520997147e-07
7797,2.045254419158482e-07
4581,2.0438774583908526e-07
8370,2.040535562741752e-07
4,2.0330725902795166e-07
5264,2.0296648983730847e-07
2581,2.027159311523974e-07
9781,2.0226795527378272e-07
6173,2.0185386517823645e-07
7018,2.0137989054092031e-07
1289,2.0132508637971114e-07
5347,2.0119183830047405e-07
1453,2.004430115221112e-07
1706,1.9993267841300622e-07
6810,1.9968495479361081e-07
1916,1.9842460829977426e-07
1715,1.97285949354864e-07
9069,1.9702676468114078e-07
6349,1.968613716485379e-07
9909,1.9685905527921932e-07
2962,1.9613124635498025e-07
2046,1.9556674857312828e-07
3900,1.9540964757425172e-07
576,1.9440027898554035e-07
7548,1.9402946804802923e-07
2920,1.9260694017475544e-07
227,1.9259018557704621e-07
6919,1.923904591194514e-07
6927,1.921575858432334e-07
4777,1.9169849707623143e-07
2165,1.9169143428143798e-07
9839,1.9143427465451168e-07
1003,1.9055047317806384e-07
2792,1.9048774646535094e-07
9125,1.894435470717326e-07
6407,1.8940687596114003e-07
9214,1.892874266218314e-07
4974,1.883845470729284e-07
2104,1.8729175366161144e-07
7432,1.8701702941825715e-07
9380,1.8666212042717234e-07
1700,1.8660591649677372e-07
2781,1.8619952868448308e-07
5903,1.8573371107777348e-07
669,1.8572444560049917e-07
5640,1.8540952595458293e-07
3676,1.8538565882408875e-07
4320,1.8495620679459535e-07
2419,1.8492942643888455e-07
2349,1.846925528070642e-07
4731,1.8464580620047855e-07
7248,1.845992088078674e-07
2148,1.8394568712665205e-07
1143,1.836991927461895e-07
352,1.8310397109644327e-07
6012,1.8237778220964174e-07
7672,1.8229599874075575e-07
2984,1.8205464868970012e-07
2927,1.819373238731714e-07
9704,1.8121046707619826e-07
8263,1.8049984618073722e-07
2123,1.8013984970366437e-07
7362,1.8008855562356985e-07
6877,1.7898837967322834e-07
3800,1.7867293422568764e-07
687,1.7695055021249573e-07
9931,1.767381760942044e-07
971,1.7601428226043936e-07
8477,1.7601413304646485e-07
1239,1.758021781483876e-07
1090,1.738199202350188e-07
786,1.73529528524341e-07
8231,1.7326120627103592e-07
3150,1.7297082877121284e-07
5370,1.7296141407996402e-07
7884,1.7270576080363753e-07
3002,1.7253334760880534e-07
3253,1.723296207956082e-07
6169,1.7204988012053946e-07
1439,1.7181377387487373e-07
8048,1.7172425259559532e-07
7074,1.7114425077124906e-07
4011,1.711332657805542e-07
7208,1.7064341051309384e-07
9075,1.7048927958285276e-07
6132,1.6983585027219306e-07
281,1.6976048300421098e-07
3740,1.696883700219587e-07
4588,1.6951616288451987e-07
6363,1.6921357826049643e-07
1641,1.689918533998025e-07
4387,1.6881655540146312e-07
7888,1.6849116946104914e-07
4985,1.6829227433845517e-07
4975,1.680780457036235e-07
4348,1.6743417319275977e-07
5881,1.6742378505796296e-07
729,1.6633369881446924e-07
4628,1.6605189046003943e-07
7376,1.6573527261698473e-07
6528,1.6506803035554185e-07
8361,1.6491945586949441e-07
778,1.6444783312863365e-07
92,1.6429158478104e-07
1389,1.634104407344239e-07
5803,1.6281421011399289e-07
8327,1.6275742353855094e-07
9673,1.6223138743498566e-07
322,1.6211725295534052e-07
9798,1.62043804152745e-07
1454,1.6141616754339339e-07
1053,1.593292324741924e-07
5108,1.5928896601735687e-07
5632,1.591458769212295e-07
6256,1.5894404725713684e-07
4244,1.5805413511316146e-07
1528,1.5773233741356307e-07
1345,1.5770542205473248e-07
2072,1.569430096992619e-07
5454,1.565512945944647e-07
8947,1.5616845416843717e-07
7118,1.549229082797865e-07
7042,1.5463168523410786e-07
1666,1.5455803037411897e-07
1935,1.5447803036749974e-07
3119,1.5419656662629677e-07
6851,1.540389966692146e-07
6972,1.5402333630731846e-07
353,1.5401460728980965e-07
2597,1.5400505049001367e-07
7525,1.5372680906011738e-07
389,1.532365168088745e-07
8675,1.5303930922527798e-07
9845,1.5249401030814624e-07
1463,1.5203138659103388e-07
2142,1.5164420474889084e-07
5900,1.513514433781893e-07
7172,1.5132763664382765e-07
6353,1.5055810465014474e-07
9634,1.4962994754341707e-07
3732,1.4900200540068909e-07
8467,1.4886973431771366e-07
4597,1.488462508802968e-07
2955,1.487442560232921e-07
1180,1.4812340154435333e-07
9461,1.4779382340179836e-07
3525,1.4735655184949792e-07
4480,1.4706365547567657e-07
3647,1.4580470875102947e-07
2302,1.4497082645448245e-07
3326,1.4449506480218588e-07
6163,1.4420214355936878e-07
9365,1.4409559767614155e-07
4401,1.440880126324373e-07
3078,1.4406201387373585e-07
3532,1.4359468991642643e-07
7893,1.4300310979820097e-07
2027,1.4254030844540466e-07
159,1.4249370750007984e-07
5037,1.424391307125461e-07
5183,1.421057902462053e-07
5596,1.4204093901071246e-07
6120,1.4174134577160657e-07
109,1.414856249937202e-07
4366,1.4104472256804002e-07
4561,1.4099570933012728e-07
8523,1.4094728228997155e-07
6844,1.4074651843998254e-07
261,1.395658557612478e-07
6261,1.3848804769622802e-07
8248,1.3821379596379302e-07
1443,1.3774760887486082e-07
249,1.3766659634484313e-07
5817,1.3728318037919962e-07
823,1.3699279932666286e-07
5171,1.3680868704568638e-07
5110,1.3667727571942123e-07
7506,1.3645695062791674e-07
2606,1.360319465959492e-07
3563,1.3583406399675368e-07
2172,1.3535575504874942e-07
5158,1.3494920025891588e-07
6603,1.346901292720304e-07
94,1.3444996582734348e-07
311,1.341003645904948e-07
6415,1.340514437231377e-07
4025,1.3399772313960057e-07
3865,1.3371598583944433e-07
2957,1.3343071358917769e-07
9667,1.3336516246909014e-07
4881,1.3312256541553324e-07
331,1.330108929664675e-07
1895,1.3283927913221305e-07
245,1.3238548035587883e-07
5535,1.3209843530148646e-07
6987,1.3193338688211043e-07
6817,1.318687559148657e-07
4054,1.3144590838010117e-07
2384,1.302907257638708e-07
1302,1.3017620759114834e-07
3986,1.2992889963925336e-07
6433,1.2975359098277295e-07
534,1.2961065820604745e-07
3333,1.2904784441047923e-07
5268,1.2894372503069462e-07
8574,1.285997797140226e-07
4820,1.2795014114885817e-07
5655,1.278613659394523e-07
3874,1.2774361124456846e-07
1447,1.2752795797155159e-07
1504,1.2728019171959204e-07
8077,1.2686388117799652e-07
3101,1.2685597994277487e-07
238,1.2633566726094614e-07
4196,1.2624074585687595e-07
465,1.2555490158661087e-07
4838,1.254542461026631e-07
3098,1.2474432509179678e-07
9057,1.2473071819840698e-07
7479,1.244123701837907e-07
5074,1.2435107876740403e-07
6386,1.2423954842688545e-07
3549,1.2370203705813765e-07
7256,1.2335943821994988e-07
6413,1.2301894614097364e-07
4910,1.2296881379825209e-07
6627,1.2282455941203807e-07
6790,1.226370756057804e-07
4842,1.2244741753875132e-07
3353,1.215592035919144e-07
6537,1.2073627786435281e-07
6280,1.2069850896523349e-07
278,1.2059377496598245e-07
9671,1.2055085107931518e-07
3637,1.202811681366711e-07
6038,1.2014870875987071e-07
4013,1.1972154112527278e-07
8986,1.195171002166262e-07
4043,1.193329595139403e-07
189,1.1896515417220144e-07
3570,1.1778615416346838e-07
6279,1.1765272844854735e-07
103,1.1732172211509351e-07
1826,1.152127531156566e-07
4575,1.1510486430665878e-07
8905,1.1506111619041803e-07
9050,1.1497725793674363e-07
3689,1.146843402466402e-07
6822,1.1376874908819445e-07
5227,1.1363339424974583e-07
5378,1.1346619288588045e-07
4427,1.1325098014935975e-07
1947,1.1307685809924806e-07
7454,1.1286371304208842e-07
4619,1.125354849307314e-07
4658,1.1240094011100155e-07
7220,1.122936090780513e-07
9656,1.1161585788954653e-07
8556,1.1109148090326926e-07
9043,1.1094289575908078e-07
3569,1.1049985815247965e-07
1286,1.1027043811395743e-07
2294,1.0991440291263643e-07
2605,1.0978063613720224e-07
8753,1.0969428387852531e-07
5791,1.0848682308051139e-07
8786,1.0829320373773044e-07
5039,1.0761288748994957e-07
735,1.0667898919791696e-07
2240,1.0634160929612335e-07
3286,1.063346957153044e-07
6488,1.057653769009903e-07
3301,1.0525041815867553e-07
4062,1.0496540880922112e-07
4722,1.0452941978655872e-07
9733,1.0448514231597983e-07
9691,1.039832646654304e-07
958,1.0397366523307028e-07
2420,1.0385343784946599e-07
5807,1.0279237017130072e-07
2913,1.0253564752815691e-07
3608,1.0234945335696466e-07
2546,1.0226032642890459e-07
4758,1.0123557458996402e-07
1511,1.0011211060145797e-07
8555,9.881221174623533e-08
2705,9.880847429144524e-08
2103,9.880576357090831e-08
8923,9.869093986480948e-08
7992,9.85671739783811e-08
3781,9.850905513530961e-08
5065,9.843475723414485e-08
8744,9.821922475339306e-08
1880,9.797869893191091e-08
8366,9.791083854793214e-08
7298,9.780961818250944e-08
5563,9.755430241398244e-08
5202,9.639642684078353e-08
9286,9.617130558581266e-08
6242,9.610484852373702e-08
4765,9.609252060727158e-08
2308,9.593878758096253e-08
9876,9.554048219229117e-08
5917,9.550993951279452e-08
8540,9.538909040429644e-08
3628,9.508097775778879e-08
1425,9.461323813297895e-08
7519,9.454645066853118e-08
3268,9.383834509435474e-08
7953,9.367509434810017e-08
4364,9.360561747939755e-08
6821,9.341738405055366e-08
6530,9.322448590864951e-08
7945,9.28479089168377e-08
3988,9.258558364422242e-08
5925,9.256829613946138e-08
370,9.246505072724176e-08
201,9.239177245490282e-08
6879,9.20334635168274e-08
4771,9.201201933706216e-08
1283,9.195556671670602e-08
4685,9.178531357179054e-08
1792,9.12308664169359e-08
3965,9.106893728016985e-08
8692,9.094589259461827e-08
5087,9.04619703590015e-08
4278,8.995262135158555e-08
9107,8.970093645643828e-08
4986,8.956588359865236e-08
6007,8.911262483479732e-08
9184,8.889834290926046e-08
1440,8.877680812702238e-08
9605,8.864265055308351e-08
3931,8.81757458159882e-08
4839,8.761492509279378e-08
5746,8.757690750371694e-08
5340,8.73798171596718e-08
1699,8.720419231167398e-08
8162,8.636012793772352e-08
9610,8.61630340409647e-08
7714,8.589316635720934e-08
694,8.552071051326493e-08
7150,8.549790564416071e-08
7141,8.50852792666501e-08
4465,8.496013848002804e-08
4738,8.434925291567197e-08
3209,8.389909567085851e-08
3713,8.373934790029125e-08
7485,8.351983993293288e-08
5019,8.28092936444591e-08
2865,8.262564321626087e-08
2430,8.258848183118062e-08
9502,8.258702877128599e-08
2589,8.196946410521377e-08
9777,8.179623023352178e-08
88,8.166027143374777e-08
4444,8.116792571399856e-08
8193,8.108173332743718e-08
3222,8.106346527370079e-08
4357,8.079127411519949e-08
2253,8.026231768099024e-08
5092,8.012833774273531e-08
6107,7.995918593906026e-08
8571,7.992615991270213e-08
4285,7.9884152626164e-08
7025,7.941311253034655e-08
3603,7.940024104868826e-08
5907,7.91748320239094e-08
8700,7.869554607964346e-08
8896,7.842699645266293e-08
3630,7.81310305342231e-08
5267,7.740810126222186e-08
2078,7.696687376324007e-08
5512,7.619435571371014e-08
3949,7.58840794645721e-08
4105,7.583759042972815e-08
9108,7.57216476188205e-08
6722,7.565892268246444e-08
8114,7.559615333718739e-08
8837,7.507131094541819e-08
655,7.49366382279959e-08
6212,7.469740204157915e-08
6520,7.451613726061623e-08
8079,7.381692057606415e-08
7823,7.373390076281794e-08
7986,7.339261642869133e-08
8879,7.338677576740338e-08
8289,7.32036102846223e-08
4237,7.298135784594706e-08
3838,7.292714165885172e-08
4720,7.278010549782721e-08
4967,7.273719404565782e-08
3487,7.2615446100599e-08
3299,7.253950684571464e-08
3049,7.231121124107176e-08
703,7.227958498390308e-08
5721,7.151440684083354e-08
6312,7.130806700672565e-08
9361,7.106217658758851e-08
218,7.056606854405345e-08
9791,7.016702063822322e-08
1727,7.004680391275997e-08
3720,6.940215158124374e-08
4493,6.929230522700891e-08
842,6.911435690426515e-08
1841,6.904022242792962e-08
8966,6.879904645984425e-08
5418,6.877293401430506e-08
8126,6.843460909067289e-08
1992,6.834866006499851e-08
1280,6.825893805739724e-08
5902,6.81364085153291e-08
613,6.791142226347802e-08
8049,6.726499535147923e-08
5861,6.71823130460325e-08
4778,6.689018761107945e-08
4544,6.654630624325364e-08
2068,6.642800443046326e-08
4521,6.628031812283552e-08
3125,6.597742263636519e-08
4229,6.578760469722056e-08
1573,6.564726362512374e-08
8153,6.552697939810059e-08
6662,6.537925401062239e-08
4240,6.504389737926886e-08
5017,6.503277738545421e-08
2213,6.502251004292248e-08
9658,6.488282089378572e-08
14,6.465325519400267e-08
7154,6.453982237530909e-08
48,6.402836838503845e-08
6932,6.381956296763747e-08
3541,6.38071302461185e-08
2004,6.367551286245998e-08
8005,6.329472590493879e-08
2493,6.326636992071144e-08
9398,6.297817556344398e-08
8888,6.262931506739733e-08
7460,6.228746762815263e-08
3038,6.227729265617654e-08
4710,6.216061265718054e-08
9313,6.21087856700342e-08
7748,6.148501618952196e-08
518,6.102168548238751e-08
3034,6.088077952881576e-08
224,6.075501168822939e-08
1025,6.053033807518204e-08
4311,6.048538381264734e-08
1470,6.014868247916638e-08
2000,5.996663432483729e-08
7323,5.992638207885648e-08
6486,5.974512617967775e-08
3836,5.950754378147849e-08
7595,5.909194555897557e-08
7487,5.9052910117429747e-08
5069,5.897594768100589e-08
6144,5.87216870684415e-08
8078,5.838509942179826e-08
798,5.793375024154557e-08
5081,5.7784657059301026e-08
104,5.766409749696777e-08
5451,5.762829857758334e-08
7741,5.747196674121824e-08
9068,5.7378558793175216e-08
7842,5.700496608085359e-08
3791,5.690968229998816e-08
5343,5.6779061452516544e-08
8301,5.6494487310487784e-08
8390,5.631593680277547e-08
2814,5.601972041802128e-08
7477,5.571020622596734e-08
6871,5.5654394870430224e-08
2634,5.556567828080006e-08
168,5.4831650331266246e-08
2735,5.475426689827145e-08
3588,5.469605213193063e-08
7067,5.462501917463669e-08
4208,5.4458164200354986e-08
2770,5.4251103165370296e-08
2821,5.3688415491137675e-08
4310,5.3262001031839645e-08
4106,5.27097494540385e-08
4024,5.255840207496476e-08
2725,5.237353484233154e-08
8623,5.219998655547897e-08
1757,5.1873941586677574e-08
8379,5.1853268345780634e-08
7190,5.1732596872966496e-08
8704,5.172130457253843e-08
6913,5.164612204566765e-08
7186,5.1617359275724084e-08
5488,5.134585912003331e-08
5192,5.1259302580319854e-08
787,5.1100986553365146e-08
1906,5.087552956695163e-08
4471,5.086977949986249e-08
2868,5.079427012333326e-08
4070,5.003302483430616e-08
2260,4.9743670516022576e-08
2844,4.9437581139955e-08
3077,4.942540776653459e-08
5911,4.92780571903495e-08
9094,4.923437479931181e-08
9467,4.906830142203944e-08
3994,4.895225380607826e-08
1071,4.8708928446217215e-08
5133,4.766329197991581e-08
1060,4.7531484526075474e-08
1004,4.7441913508805555e-08
7836,4.737769287999072e-08
7339,4.737741576832377e-08
2775,4.710093293169848e-08
5005,4.688276256104018e-08
9355,4.6814159659902543e-08
5313,4.665768749134713e-08
5396,4.6474696091536316e-08
6788,4.6405745024458156e-08
9496,4.6066148229328974e-08
3617,4.589683122446786e-08
1929,4.5682348570608156e-08
1514,4.56772468737654e-08
9822,4.555233168446193e-08
7341,4.5355605493568873e-08
225,4.4884227889951944e-08
5595,4.466248348933277e-08
307,4.459588431870998e-08
3175,4.455835345140713e-08
3303,4.45432082329944e-08
2259,4.444778767265234e-08
269,4.431981359687143e-08
6167,4.360564886951579e-08
6702,4.33844853375831e-08
2536,4.337026915379738e-08
9189,4.295351097027833e-08
8870,4.256862595752864e-08
9695,4.253208096827166e-08
6293,4.251761254181474e-08
8607,4.1915907189604695e-08
4161,4.18911287880519e-08
2279,4.187969615543352e-08
4585,4.1786419657796614e-08
2157,4.1425712637988e-08
2335,4.079804583057012e-08
9545,4.041149992417559e-08
9642,4.04015096933108e-08
9000,4.039578804793109e-08
5833,4.014445131872435e-08
5774,3.9981241428677095e-08
2369,3.996843389586502e-08
6546,3.966935402388572e-08
8682,3.9624815428851434e-08
3014,3.942860082872812e-08
1729,3.942795778755226e-08
5052,3.93814634236378e-08
7526,3.895364208972296e-08
1069,3.88858225619515e-08
288,3.84033373990178e-08
1691,3.818886895601281e-08
6104,3.780783242035568e-08
2075,3.733882714129777e-08
8494,3.713916374437076e-08
6940,3.704471218668459e-08
2288,3.6958659244135106e-08
9812,3.689645389215457e-08
8757,3.686214888887207e-08
7678,3.660481695533235e-08
1925,3.652413926857889e-08
3054,3.651596269804713e-08
3544,3.6465425345966196e-08
8118,3.620302901907735e-08
4899,3.58738123651392e-08
3494,3.5844239576476866e-08
2711,3.553444738457756e-08
3251,3.5343959758904475e-08
8433,3.5129374076348086e-08
5777,3.4938160808906105e-08
4066,3.484010679954963e-08
2504,3.4449899821709096e-08
4088,3.4301517182200314e-08
6047,3.423067429508819e-08
5160,3.420357330696788e-08
5338,3.419970617812851e-08
1934,3.365514356090671e-08
3714,3.351444366472833e-08
3292,3.300335293943135e-08
479,3.293517814029201e-08
3780,3.2675824712669055e-08
5820,3.251027624884273e-08
4749,3.2365512936394225e-08
409,3.2302428287778184e-08
1917,3.194586994936799e-08
2243,3.174271068218104e-08
6171,3.1683021539663514e-08
1271,3.160980721617079e-08
5887,3.1392586308243153e-08
4335,3.1329227212495425e-08
7551,3.09818783961191e-08
9087,3.08662491121936e-08
4830,3.083538135939534e-08
5618,3.081530408621802e-08
1305,3.070886123168748e-08
7311,3.0493550795540614e-08
2736,3.033955220388407e-08
3574,3.003559534420219e-08
2961,2.993961523145572e-08
2118,2.98111766383613e-08
5446,2.9716577643057462e-08
9345,2.9700909287555533e-08
1506,2.9694708914007606e-08
2613,2.954598521398566e-08
7930,2.954029554302906e-08
3916,2.9458592010200846e-08
3291,2.9410904822668726e-08
176,2.9277384072656787e-08
4428,2.908994911621221e-08
3417,2.8992108269676464e-08
3933,2.896377893080171e-08
9297,2.8909946436783684e-08
1871,2.8859510337042593e-08
1628,2.869060278243296e-08
9243,2.836130708061546e-08
7771,2.826923051202357e-08
5345,2.8132914664524833e-08
2739,2.8096681425893166e-08
8469,2.7726927420701486e-08
1725,2.7603451080437935e-08
2704,2.72246190036185e-08
1680,2.712489433065457e-08
2179,2.7098923993662538e-08
2675,2.7096884736010907e-08
5812,2.628287898431836e-08
5839,2.5482012944166854e-08
2112,2.538911036964464e-08
9324,2.5296921890571866e-08
3587,2.512474051030722e-08
3578,2.4895443928585337e-08
9115,2.4794100106362293e-08
1532,2.3974518370550868e-08
9508,2.3915372793226197e-08
1635,2.387611797161071e-08
9587,2.3851189467904987e-08
340,2.360754614016969e-08
4952,2.3571928409182874e-08
8978,2.35467902953701e-08
8812,2.3268874826953834e-08
5209,2.3076678346001245e-08
6258,2.2963004830955924e-08
7480,2.262305720535096e-08
7537,2.25769145600907e-08
8414,2.2541271960108133e-08
4656,2.206797766746149e-08
8832,2.188881786935326e-08
8547,2.1698448371409995e-08
8376,2.1573288933041113e-08
4931,2.1341254985429714e-08
7765,2.1157966045848298e-08
5970,2.105699259402627e-08
852,2.0972468206537087e-08
5668,2.0950429835409068e-08
8309,2.0739996386964776e-08
7463,2.0634552733156397e-08
142,2.0569495440270202e-08
2510,2.017371336648921e-08
2061,2.016785316527603e-08
5689,1.998270260372692e-08
6963,1.9853997557106595e-08
1984,1.985105324564529e-08
8016,1.9759258229612442e-08
9685,1.9559926123235982e-08
5107,1.949341488227674e-08
2674,1.9223331371165386e-08
2747,1.912797653602638e-08
6412,1.9043812304886387e-08
1269,1.8979377180983192e-08
4776,1.8746307617334423e-08
5508,1.872478661013588e-08
1353,1.8609258134461015e-08
3607,1.852178055372633e-08
5211,1.8216933739267915e-08
3611,1.8045620997497736e-08
9040,1.7936401253138e-08
1188,1.7906244487164713e-08
3619,1.7462343571139627e-08
1839,1.7355214598779867e-08
6869,1.7160121768000636e-08
6004,1.7083331194100992e-08
3420,1.7060902468557515e-08
9863,1.6679123859830725e-08
6081,1.6417412318503466e-08
6652,1.6300331306950966e-08
2975,1.629190782281853e-08
9784,1.6257118762297296e-08
6712,1.6184290796417145e-08
7012,1.5857904767102582e-08
8959,1.5810444953245906e-08
8084,1.578949326841439e-08
3127,1.5684386678316287e-08
5581,1.5641290040946387e-08
3468,1.5571901990085735e-08
1722,1.5368075256816383e-08
1921,1.519617853773525e-08
417,1.5108828410603792e-08
1109,1.5091697669333826e-08
3622,1.4706429851685243e-08
9290,1.4418679583627636e-08
7055,1.4236856582527935e-08
8026,1.4164167616570467e-08
3726,1.3946636734374351e-08
6447,1.3691546563165957e-08
147,1.367095592286205e-08
5559,1.340379762737598e-08
941,1.3153219846628872e-08
8152,1.2958240258598153e-08
1675,1.2900307932994792e-08
6482,1.2854837638798244e-08
3048,1.2756889766762924e-08
860,1.260401205627204e-08
271,1.2563185158853685e-08
8279,1.1933980914591302e-08
4262,1.1562115265206785e-08
7931,1.1187951454161293e-08
232,1.058487208993597e-08
9003,1.0506589376291231e-08
5867,1.0450418308494136e-08
8199,1.0443677034288612e-08
9205,1.0338882194815824e-08
1806,1.025519180686274e-08
1455,9.938560197042534e-09
7006,9.920555488207583e-09
7937,9.896725217117819e-09
2489,9.800853018049338e-09
7122,9.795846800386698e-09
9752,9.784266730150648e-09
4224,9.676030865435337e-09
2083,9.63516333385428e-09
6534,9.577637349877932e-09
698,9.569848025137162e-09
1124,9.540784606798525e-09
4018,9.335404227428512e-09
9312,9.006414058987389e-09
1553,8.829049713554582e-09
6872,8.747704560718716e-09
5053,8.702385922987332e-09
6863,8.610661739183456e-09
2208,8.553301178437778e-09
3055,8.549832397619639e-09
2928,8.449456689874069e-09
2854,8.10288680597182e-09
2535,7.889198627708538e-09
1598,7.817765990125736e-09
9133,7.723277795079753e-09
8554,7.689412884204216e-09
2130,7.670910573409628e-09
9688,6.985045430951686e-09
1290,6.8783625462032205e-09
710,6.75316669251913e-09
7569,6.737355340291629e-09
785,6.567455912431797e-09
6059,6.398348295633127e-09
8679,6.330460156078743e-09
7501,6.18945694697004e-09
3520,6.083533010681208e-09
7458,5.979088113505782e-09
8617,5.952961235067278e-09
4254,5.945200998169753e-09
4567,5.812309966657381e-09
3198,5.764428046006742e-09
9448,5.606586306328154e-09
37,5.312122963729848e-09
8630,5.179492390539053e-09
1101,5.167118732885001e-09
2033,5.025372340483614e-09
8387,4.856626212301762e-09
3705,4.7636087296965e-09
1116,4.549581489321497e-09
3969,4.397886055329536e-09
5006,4.357738725424554e-09
942,4.1295615815784e-09
419,4.001221354243967e-09
2309,3.943514070847698e-09
1225,3.7241729700099313e-09
357,3.713826468576542e-09
7184,3.6720804175160993e-09
1043,3.0161404485085086e-09
5686,2.93202784273916e-09
8485,2.8384740113907014e-09
2017,2.1720536480529518e-09
8411,2.033170076742863e-09
8481,1.9549396546025832e-09
2942,1.6033031013940047e-09
5372,3.6337531594821115e-10
7296,2.637137452854432e-10
9708,1.8033520510218892e-10
6152,-5.026425282939062e-11
1815,-1.2842511082356012e-10
617,-1.4678185056293813e-10
2214,-1.6606788166839692e-10
5506,-1.7081323161471929e-10
8691,-2.0923469901124037e-10
6620,-2.385344699540326e-10
3315,-2.881964111800528e-10
9362,-2.896020714904246e-10
1385,-2.982416952290734e-10
7924,-3.0137629891680007e-10
7295,-3.722955971285913e-10
4466,-3.843232121436557e-10
7947,-4.176521073429029e-10
2330,-4.214399246249556e-10
9178,-4.2679633438513775e-10
5132,-4.366794009724728e-10
7169,-4.4309191038482965e-10
9861,-4.5188584818500743e-10
5164,-4.581106882728392e-10
9942,-4.671818765178415e-10
8530,-4.802772762824148e-10
7112,-4.904321948551171e-10
606,-5.008376768866896e-10
183,-5.104126010735399e-10
2053,-5.239042116800263e-10
2364,-5.275728603981733e-10
8911,-5.277939474357396e-10
8045,-5.289396143304259e-10
6411,-5.447458734098021e-10
4840,-5.546881703955009e-10
198,-5.655948209781769e-10
1627,-5.728072322019884e-10
7008,-5.800818991819057e-10
8984,-5.840157246694844e-10
3068,-5.842383243859217e-10
3566,-5.85491294335938e-10
3784,-5.878497966183005e-10
3538,-6.016471765235565e-10
9912,-6.384476558540797e-10
8384,-6.422367360148229e-10
977,-6.441218391994852e-10
5639,-6.49778453265526e-10
2565,-6.5621788558623e-10
8236,-6.695197452000201e-10
8811,-6.701707799816603e-10
6744,-6.731548096716722e-10
7013,-6.731905310974895e-10
8009,-6.746548875113945e-10
4039,-6.924097406546537e-10
3700,-6.945946040559647e-10
7478,-6.96802560096188e-10
235,-7.021316583699644e-10
9255,-7.051349504294535e-10
9603,-7.061169426947345e-10
4097,-7.178495853299438e-10
6357,-7.377288779863989e-10
6297,-7.438166194084772e-10
2323,-7.638595034276108e-10
4496,-7.796579215568755e-10
2969,-7.922656974912456e-10
6847,-8.037067678046128e-10
6814,-8.140985663374067e-10
1599,-8.238628945722581e-10
2648,-8.445493748787669e-10
6202,-8.459241918057359e-10
1340,-8.606828583168635e-10
2396,-8.615948232648662e-10
8861,-8.820022490141355e-10
5152,-8.873486945226716e-10
1640,-8.881178292785563e-10
46,-8.988176591895325e-10
4487,-9.080433904795626e-10
210,-9.177856807873752e-10
1794,-9.192367145249847e-10
8565,-9.324286343037613e-10
9933,-9.337152440114238e-10
5170,-9.355253516307727e-10
4845,-9.423570257460767e-10
5954,-9.549914192774622e-10
2864,-9.5642321840117e-10
3109,-9.58018414598527e-10
7061,-9.587069749183996e-10
8620,-9.647881660246327e-10
3891,-9.676344725484398e-10
308,-9.952955959402487e-10
1157,-1.012407851996855e-09
4180,-1.012704919922669e-09
8516,-1.017315620632786e-09
8468,-1.0197546973511606e-09
5844,-1.0263911109920087e-09
7342,-1.0287424245802868e-09
3646,-1.0310069464836147e-09
2429,-1.0442571807267598e-09
8103,-1.048436337747205e-09
4684,-1.0485805557181038e-09
3346,-1.0503885816692815e-09
4429,-1.06763800578058e-09
9036,-1.1041690339830268e-09
5862,-1.1119702936213116e-09
7616,-1.1150853851393805e-09
4977,-1.120683018607238e-09
4535,-1.122825360466706e-09
5808,-1.1280039402539188e-09
483,-1.1285664902604964e-09
2437,-1.157484164071576e-09
1638,-1.1602305227675913e-09
3347,-1.166923724316149e-09
7584,-1.1679048284030102e-09
4602,-1.1717673220612568e-09
7877,-1.1772151031763656e-09
912,-1.1856786108488393e-09
6811,-1.1857828052797004e-09
9966,-1.2029673923663609e-09
9156,-1.2102417401571586e-09
3024,-1.2137689187063927e-09
6588,-1.2245455205395217e-09
889,-1.2366526691565127e-09
4972,-1.2371337287930828e-09
2866,-1.2452475717239508e-09
9532,-1.2594476017646627e-09
8116,-1.2708170071817904e-09
8197,-1.2734817089743444e-09
495,-1.2770339230527838e-09
7747,-1.2886071099060814e-09
2383,-1.303005592312445e-09
8838,-1.30699312483884e-09
2244,-1.3107979146553816e-09
5792,-1.3205027626916888e-09
9853,-1.3215610827899127e-09
6058,-1.329337029343236e-09
9300,-1.3346991845075706e-09
9010,-1.3389391262386141e-09
8586,-1.3529570241921363e-09
9392,-1.3555400690812291e-09
4342,-1.3582178715054738e-09
7951,-1.3585382263592294e-09
5232,-1.358754164737519e-09
5363,-1.3710181323567383e-09
4913,-1.378136937901786e-09
1490,-1.382854442066872e-09
4138,-1.3938457055218123e-09
2976,-1.3982101032539163e-09
3829,-1.4126348979459635e-09
8019,-1.425296158874545e-09
2063,-1.4308975671006863e-09
7032,-1.441595121054462e-09
4329,-1.442269415008468e-09
6882,-1.4604699116738118e-09
85,-1.4619739308052715e-09
3848,-1.4732643993653483e-09
4504,-1.4774394485606024e-09
7452,-1.4872563736112454e-09
8194,-1.491013368326577e-09
837,-1.4940758630288542e-09
996,-1.5024881339087415e-09
5575,-1.5057269875384804e-09
9359,-1.5097896821636425e-09
7731,-1.5318904478256457e-09
1083,-1.5395774655146965e-09
5627,-1.5425925536938223e-09
9624,-1.5507731210284703e-09
4677,-1.5613277337678255e-09
572,-1.5632960481681835e-09
700,-1.5689672894225737e-09
6781,-1.5692644406151146e-09
2926,-1.5714662349175512e-09
6769,-1.5780064477333156e-09
5941,-1.5790783680635911e-09
3901,-1.5878787174017361e-09
950,-1.5926135965571575e-09
8110,-1.5950838982980997e-09
1102,-1.5953298682092054e-09
1346,-1.5958431243134896e-09
3937,-1.6024405691261734e-09
9802,-1.6029870764100451e-09
5354,-1.6075625275391303e-09
7177,-1.6208464015399215e-09
2038,-1.621885625802122e-09
4114,-1.6265881419563755e-09
2918,-1.6272977410025646e-09
7738,-1.6342776021360805e-09
9054,-1.638841340412256e-09
7575,-1.651260572721469e-09
3179,-1.6529720925362312e-09
7676,-1.6626075516334993e-09
1088,-1.6628678989327739e-09
8898,-1.6651438006221042e-09
9797,-1.672594840407271e-09
6044,-1.6726880991413395e-09
2819,-1.6753927689627801e-09
9654,-1.6807366609583596e-09
936,-1.6913726530454198e-09
5622,-1.7027569354510774e-09
3211,-1.705288299458374e-09
6931,-1.7061685952945993e-09
4811,-1.721804754328815e-09
2658,-1.7232001936484664e-09
4527,-1.733285126537254e-09
8942,-1.7344141678421465e-09
1911,-1.7394234941292552e-09
6149,-1.7437804533670942e-09
8148,-1.7448794631391706e-09
2161,-1.7505040750265266e-09
315,-1.7574243726947714e-09
3616,-1.760519341420519e-09
1383,-1.762657630965947e-09
7599,-1.7654799289168466e-09
4590,-1.786619407972978e-09
9195,-1.8010828384262823e-09
8419,-1.8033667337213899e-09
5856,-1.8102651599960495e-09
5077,-1.8129853174286836e-09
6235,-1.8191561590441552e-09
5224,-1.828727724806356e-09
7917,-1.830461782148518e-09
4907,-1.84419518545198e-09
8180,-1.8539081936275181e-09
2059,-1.8564442760826694e-09
387,-1.8564855208680342e-09
4336,-1.8675912483168133e-09
2350,-1.874952249014683e-09
1510,-1.8802797652206493e-09
3877,-1.880889666239227e-09
709,-1.885466283102488e-09
6563,-1.8858403172394844e-09
4599,-1.8914054766838717e-09
1055,-1.8935575885059563e-09
3904,-1.9011798246815204e-09
5278,-1.9029844922080486e-09
4166,-1.908836533281999e-09
3013,-1.910357150247677e-09
8319,-1.9193654998694853e-09
8589,-1.919550518536539e-09
9864,-1.921311165720141e-09
7130,-1.921849568375933e-09
7635,-1.932056625797429e-09
6262,-1.9373411763723425e-09
8855,-1.9461395828201944e-09
6514,-1.946722505419274e-09
8352,-1.9468404666156403e-09
3141,-1.947863703666286e-09
4450,-1.950716810306119e-09
8069,-1.9566677722515635e-09
7610,-1.969415963642973e-09
8299,-1.9806381534870354e-09
9692,-1.986850794999384e-09
5944,-1.9898981351573752e-09
3789,-1.999170329280986e-09
7558,-2.008259503138987e-09
4606,-2.0158203439812894e-09
3372,-2.0255261357071674e-09
3879,-2.0343886575346914e-09
38,-2.0352389218381006e-09
3283,-2.0356469843108016e-09
5899,-2.040035751438296e-09
561,-2.045192959432285e-09
265,-2.046944058697875e-09
3828,-2.049320935171295e-09
9916,-2.0584961513137046e-09
8331,-2.0632796027264533e-09
6907,-2.0715949511362908e-09
5331,-2.0746083739808796e-09
2647,-2.076315175347787e-09
7166,-2.0782731091628648e-09
6223,-2.0858526017519807e-09
8041,-2.0939279754550455e-09
7824,-2.095918993916257e-09
3833,-2.119014186341417e-09
9879,-2.1272023587037836e-09
2916,-2.1336073463551486e-09
7351,-2.159096845755215e-09
7387,-2.1715670373012586e-09
5445,-2.195053361297994e-09
5599,-2.2007151101455236e-09
4095,-2.201404614154967e-09
3670,-2.2213899608658494e-09
8428,-2.235212293033584e-09
5265,-2.2507687935657827e-09
1315,-2.2540748711996628e-09
6791,-2.2554062506507933e-09
78,-2.257112663439642e-09
5659,-2.267974918979121e-09
1338,-2.2812799982396825e-09
5080,-2.282726618840769e-09
3362,-2.2868875126924593e-09
5156,-2.289010647693601e-09
156,-2.3094636203424557e-09
5044,-2.3218657552170896e-09
7491,-2.327535164603489e-09
5826,-2.3357527023648572e-09
1782,-2.340732718764116e-09
2776,-2.344825444922094e-09
4670,-2.3462330966950162e-09
3235,-2.3561148587702974e-09
5904,-2.363503726066085e-09
63,-2.3798630843785418e-09
6723,-2.4010794463791285e-09
914,-2.421505995719997e-09
2993,-2.428040435376033e-09
2426,-2.4365223172395645e-09
3571,-2.440923574376086e-09
4407,-2.450063596448615e-09
2217,-2.4540075527212935e-09
4331,-2.4580819601993653e-09
2782,-2.463944603903201e-09
69,-2.4783418650642375e-09
2802,-2.4909679874340895e-09
164,-2.5025835848069278e-09
1604,-2.5051265506448317e-09
2780,-2.510364249808106e-09
3440,-2.5231579048323738e-09
6853,-2.5237503198383138e-09
5307,-2.535887499988121e-09
6535,-2.5488759991532106e-09
9893,-2.551510780435251e-09
5021,-2.5550568327759038e-09
7632,-2.559181755401596e-09
1817,-2.561744372187036e-09
6536,-2.5724344876465466e-09
9903,-2.5736902609097e-09
8597,-2.5755048094211475e-09
7009,-2.5780789725260433e-09
5195,-2.5849763440888296e-09
3122,-2.58828469767991e-09
3583,-2.588790404267627e-09
1788,-2.5972308748123396e-09
8464,-2.597842829743513e-09
9835,-2.6000320785257713e-09
9203,-2.6016184762056582e-09
4328,-2.605588189652508e-09
9648,-2.6133334385392004e-09
8488,-2.6166065980604003e-09
1576,-2.633605666879646e-09
8792,-2.63440835812645e-09
9677,-2.656682207557992e-09
7517,-2.661039832929646e-09
7674,-2.6898887561799256e-09
1509,-2.6903438365977195e-09
9709,-2.701728840648343e-09
8308,-2.7076648700941064e-09
5882,-2.7115372169816965e-09
6792,-2.7168856053805257e-09
72,-2.7214115405627126e-09
1548,-2.730020209895656e-09
8377,-2.7319329021224803e-09
8169,-2.735019544175543e-09
4680,-2.7500235422195374e-09
1732,-2.7639324162720413e-09
2209,-2.7756790199617853e-09
8337,-2.7802962154765964e-09
7845,-2.783557273566828e-09
1190,-2.7858486628673518e-09
1771,-2.7900809440595253e-09
828,-2.7920517009505375e-09
4280,-2.793637321474307e-09
4858,-2.7967120841410065e-09
6393,-2.806258114773641e-09
686,-2.814786514981904e-09
6458,-2.8281433861465644e-09
9896,-2.8504639759674433e-09
7076,-2.8517453953824656e-09
8066,-2.867944104423259e-09
2831,-2.869784299086575e-09
5168,-2.8817568331618304e-09
9868,-2.893714379226253e-09
1503,-2.9037147131205643e-09
5924,-2.906937912605656e-09
7170,-2.9113418342774366e-09
7734,-2.9208245821976675e-09
7969,-2.9269890955418987e-09
2317,-2.9589762862158864e-09
3663,-2.9626926467685166e-09
7418,-2.97686975070377e-09
4883,-3.0119060578925883e-09
9900,-3.02045288780306e-09
5567,-3.025229400321905e-09
4358,-3.0290092656315437e-09
3766,-3.032245787792931e-09
2365,-3.036405904488504e-09
2477,-3.063453379859027e-09
237,-3.070918186409699e-09
3867,-3.0753529722815642e-09
7381,-3.0949762752641163e-09
9405,-3.1047003856699007e-09
2547,-3.1078029039122157e-09
9492,-3.121057301491703e-09
19,-3.129155934367134e-09
739,-3.1326302663003958e-09
3252,-3.151795380240685e-09
4177,-3.1530655864031587e-09
4149,-3.158345140974461e-09
5762,-3.1584566073661335e-09
3208,-3.167032192052943e-09
577,-3.1717914961149063e-09
3824,-3.177085705630134e-09
5286,-3.182860419670419e-09
544,-3.2015898820958455e-09
6259,-3.2083606882338245e-09
1406,-3.2311563424869405e-09
7848,-3.235293033476694e-09
3679,-3.2433129515396786e-09
2724,-3.246275914747798e-09
7089,-3.247829449826156e-09
30,-3.2564071439367126e-09
8489,-3.257230818398682e-09
9854,-3.2600413479855206e-09
7063,-3.2723626031128106e-09
3859,-3.2821857454123915e-09
2405,-3.2858206155950143e-09
9737,-3.2919993397939606e-09
3502,-3.297048634109956e-09
3739,-3.30445626417486e-09
9101,-3.3096237972429776e-09
7159,-3.318039176747334e-09
7320,-3.3309595082187116e-09
885,-3.3331820636917087e-09
7464,-3.3347513639370163e-09
1508,-3.3449528702433895e-09
1949,-3.3548689382101315e-09
832,-3.3565910051436276e-09
1975,-3.3687149736394417e-09
6523,-3.384943436657295e-09
5285,-3.387392588649618e-09
7281,-3.396405823252735e-09
3621,-3.398725856307294e-09
6479,-3.4000365856101666e-09
7949,-3.401165793448513e-09
8520,-3.4025539052962017e-09
6883,-3.4026755857397006e-09
3087,-3.4056372166801907e-09
8373,-3.4063455389699016e-09
8108,-3.406857906895766e-09
1867,-3.428776929048638e-09
3368,-3.42905293049256e-09
4596,-3.43043027317691e-09
6392,-3.4561636885754865e-09
930,-3.4566838280625234e-09
4434,-3.4652758440500975e-09
1421,-3.4799125803175457e-09
2894,-3.4927164493936402e-09
1927,-3.513703106250432e-09
6440,-3.520071345519682e-09
1231,-3.5233131967515874e-09
9129,-3.559045280709938e-09
7970,-3.5651253060819954e-09
5111,-3.5753829896734146e-09
917,-3.6452476592785388e-09
4802,-3.6468527087052394e-09
3108,-3.6576699447010697e-09
439,-3.6691695237678346e-09
6106,-3.6764311595050003e-09
1777,-3.6956134819021713e-09
428,-3.70135544436323e-09
3941,-3.7164100685771473e-09
4128,-3.7193080837383263e-09
7225,-3.7231497884704368e-09
3694,-3.725104003038382e-09
2931,-3.736005727006386e-09
6829,-3.7362684057740125e-09
8307,-3.738089060512095e-09
7625,-3.7402698715993665e-09
5663,-3.747047228053191e-09
2407,-3.751003951890652e-09
9891,-3.768943934723268e-09
2811,-3.7708255407054025e-09
4221,-3.7710465861096054e-09
5569,-3.775684986884187e-09
6710,-3.7902584404392314e-09
3837,-3.816035487602676e-09
1065,-3.833853123857978e-09
587,-3.837597462030828e-09
8582,-3.853745988990909e-09
8450,-3.855576080624701e-09
5361,-3.868304787602028e-09
5634,-3.8702482330066346e-09
5173,-3.875687326626576e-09
3849,-3.8876405428212024e-09
1117,-3.887828836646179e-09
4973,-3.888994459799733e-09
9002,-3.891942212952415e-09
3804,-3.9036639476464075e-09
7247,-3.928179115320063e-09
9436,-3.936030612550212e-09
9135,-3.936853620878367e-09
969,-3.938026460481581e-09
7940,-3.970262674179992e-09
2762,-3.9727542366918556e-09
7267,-4.0014606073057735e-09
9315,-4.008301357494304e-09
6491,-4.0085864627670276e-09
8797,-4.020224597667266e-09
2588,-4.023550603804438e-09
6244,-4.036335488066811e-09
3760,-4.0423099312292265e-09
9546,-4.042671752912952e-09
3345,-4.045686452514019e-09
7817,-4.0559285929830935e-09
5626,-4.057764568798916e-09
2667,-4.065081382620406e-09
1296,-4.080461302180538e-09
4853,-4.087043703471238e-09
6112,-4.125129238197189e-09
2798,-4.134922848564315e-09
3313,-4.139518616774751e-09
1811,-4.155780275461041e-09
8305,-4.161810007730082e-09
6611,-4.1795273908462605e-09
2857,-4.1829201213872125e-09
801,-4.1831776931289255e-09
3348,-4.186188173882499e-09
3350,-4.192528324509226e-09
4530,-4.1980654508222415e-09
4351,-4.214957383119611e-09
1764,-4.215053972522753e-09
7397,-4.215488624836894e-09
6859,-4.23173163177637e-09
5740,-4.241005324701064e-09
9041,-4.246263896057201e-09
9930,-4.248039142673576e-09
1352,-4.258701835624379e-09
9635,-4.2610531769682325e-09
3204,-4.266019204557381e-09
6775,-4.269001596668431e-09
9253,-4.277516896245004e-09
2570,-4.29662461165492e-09
7249,-4.296789701818682e-09
2769,-4.303646772285674e-09
9558,-4.303874812094932e-09
39,-4.324951952128231e-09
7707,-4.325142244354652e-09
9397,-4.328928993047043e-09
2604,-4.335010128642125e-09
9348,-4.337744718974079e-09
4050,-4.338495562805633e-09
9248,-4.350123483654045e-09
3004,-4.35633595863294e-09
4347,-4.371913941980665e-09
6298,-4.380048213015186e-09
1932,-4.389369423485334e-09
985,-4.391827901351064e-09
1858,-4.396955355367993e-09
4354,-4.40192537976003e-09
7633,-4.419475452266397e-09
1707,-4.446260026824689e-09
6467,-4.461924607568335e-09
6129,-4.462766156621001e-09
4808,-4.464955072336352e-09
5020,-4.4877324079095615e-09
3645,-4.492140881495743e-09
3945,-4.500336880930433e-09
7499,-4.518844298750935e-09
3638,-4.54065662847114e-09
6867,-4.54278237249639e-09
1014,-4.545448906156935e-09
382,-4.553922239303176e-09
749,-4.5559729322519615e-09
4824,-4.566551359275195e-09
384,-4.575837153630857e-09
3508,-4.577839218811164e-09
7207,-4.585385959821053e-09
6589,-4.586463986377964e-09
6459,-4.5936592307782576e-09
9949,-4.5969571482729066e-09
8573,-4.610583137498736e-09
6454,-4.626431016063748e-09
3027,-4.6313339829850975e-09
7820,-4.638556427849494e-09
5261,-4.645550166770818e-09
1830,-4.652828233808748e-09
7796,-4.661338648404012e-09
3748,-4.664603703297132e-09
3118,-4.673064157856288e-09
4289,-4.67597627284988e-09
7995,-4.68521821339607e-09
5580,-4.713419654578388e-09
8514,-4.716390611392285e-09
3892,-4.759363125828031e-09
3473,-4.809307840858423e-09
3195,-4.830159827662328e-09
9631,-4.832179989477936e-09
6111,-4.850863932759353e-09
5180,-4.862191316234998e-09
1703,-4.869347813851732e-09
5734,-4.869869840717911e-09
7776,-4.875715164942562e-09
272,-4.877100279188085e-09
6751,-4.8811317210351035e-09
7505,-4.881668624889812e-09
5337,-4.891527183303879e-09
8653,-4.892732441419412e-09
4718,-4.893422556051519e-09
9937,-4.899185945816953e-09
8892,-4.908069284326189e-09
1547,-4.919547214043973e-09
2218,-4.9361983389673014e-09
8202,-4.937023456719203e-09
7925,-4.941957509885242e-09
2566,-4.947758869278118e-09
7073,-4.9571740046161494e-09
8525,-4.96370233804555e-09
6629,-4.9638171351062965e-09
7393,-4.986811630303123e-09
9674,-4.99268471010339e-09
299,-4.994837432548138e-09
8614,-5.013006454390734e-09
9219,-5.019459958788275e-09
2363,-5.019809012907217e-09
144,-5.045346362919645e-09
2031,-5.046855378054715e-09
7681,-5.047979367844846e-09
7266,-5.065461827769013e-09
4426,-5.070648345650852e-09
1977,-5.072074094059076e-09
722,-5.075062592396762e-09
6753,-5.083640175485016e-09
2342,-5.1505191223100155e-09
5344,-5.15552645019568e-09
1451,-5.174020101250676e-09
2860,-5.188461660310395e-09
5055,-5.218088849900937e-09
4688,-5.2228679159327385e-09
2586,-5.234108702012463e-09
7911,-5.242465128674212e-09
9236,-5.24870569229563e-09
2659,-5.253021129192348e-09
9705,-5.259766622245365e-09
5498,-5.267817515530737e-09
7092,-5.283246728993163e-09
1589,-5.285570425783703e-09
3832,-5.287247750729307e-09
1491,-5.297269956017203e-09
530,-5.2991453447504e-09
1073,-5.311812767416768e-09
8196,-5.352923881929428e-09
3557,-5.3585433867908705e-09
2755,-5.366634470149734e-09
6868,-5.39137734456574e-09
295,-5.395454305556768e-09
4943,-5.404962699628868e-09
209,-5.405882630427072e-09
6231,-5.421907367519907e-09
2434,-5.443244299740968e-09
7273,-5.445565554040854e-09
3367,-5.446101569717143e-09
2117,-5.4462845344716015e-09
7405,-5.4545747918410825e-09
2810,-5.458482998932368e-09
1662,-5.4728461762465486e-09
4926,-5.475205844263087e-09
7721,-5.4781363889588874e-09
8146,-5.478144382564665e-09
6366,-5.487228449396753e-09
2925,-5.488228094208125e-09
1812,-5.497994504111148e-09
2884,-5.499422028876211e-09
4178,-5.514259493466511e-09
8960,-5.5148658972825615e-09
9368,-5.5211479832451005e-09
9237,-5.5265592102671235e-09
8854,-5.535593317063103e-09
9497,-5.539971148493805e-09
1596,-5.564682714620517e-09
4034,-5.5657265463082695e-09
9358,-5.5826563372107785e-09
5657,-5.588963958302884e-09
7606,-5.589569918029724e-09
4226,-5.60108892599942e-09
9187,-5.608862263528636e-09
3917,-5.614237075235451e-09
9510,-5.670607317043164e-09
2599,-5.676743297655662e-09
4750,-5.683315373872233e-09
5761,-5.691147109132544e-09
8447,-5.702568195431468e-09
378,-5.719930085135161e-09
3201,-5.725547369550554e-09
9182,-5.738787445253024e-09
4671,-5.762478272330895e-09
6748,-5.762883947824093e-09
3864,-5.768331146072114e-09
9426,-5.8133147184946665e-09
7305,-5.81577697111868e-09
6014,-5.824455140412965e-09
2085,-5.864694507806689e-09
9612,-5.86843929006875e-09
2388,-5.872710984178298e-09
9078,-5.888326937153465e-09
2891,-5.9270253149890095e-09
3951,-5.941139580301069e-09
5540,-5.966720895145272e-09
7716,-5.970353322837241e-09
7258,-5.978316286459062e-09
5537,-6.001352970130824e-09
1076,-6.021794618504828e-09
3644,-6.028558097170844e-09
9638,-6.035590915942635e-09
634,-6.039457378648194e-09
4362,-6.041786404509253e-09
5713,-6.056597001702357e-09
6701,-6.081403380875372e-09
7926,-6.097855331788082e-09
5724,-6.121319451324325e-09
6076,-6.12656347875884e-09
1970,-6.1508775850427355e-09
7849,-6.154568632510404e-09
973,-6.173239031070921e-09
4456,-6.178992428829133e-09
433,-6.194470270060037e-09
1784,-6.197004021046837e-09
6108,-6.234880389754949e-09
5986,-6.270528984941848e-09
9697,-6.28017682302584e-09
5231,-6.281501541138823e-09
216,-6.285774567516e-09
8740,-6.290003184972193e-09
3285,-6.302515398459718e-09
4796,-6.320820977734343e-09
9668,-6.323210177683336e-09
6996,-6.337047331328449e-09
1763,-6.351970061047041e-09
6368,-6.358236603887235e-09
8762,-6.390052487148523e-09
3596,-6.412897990415445e-09
1910,-6.420717513222485e-09
2285,-6.435622923461892e-09
1875,-6.46678910420917e-09
6605,-6.475563418817387e-09
7035,-6.4769030139189e-09
9258,-6.4855703030275436e-09
7322,-6.489422554878388e-09
2716,-6.518421802326202e-09
9934,-6.519629280887784e-09
1087,-6.542933084219271e-09
6623,-6.554355502785825e-09
3000,-6.556039489069576e-09
7372,-6.557110854288339e-09
4216,-6.563001253567791e-09
3509,-6.567902666176906e-09
5188,-6.569743415951734e-09
7561,-6.576399202984362e-09
2239,-6.584126577280358e-09
6285,-6.642422167857376e-09
9904,-6.645880512579083e-09
6908,-6.646208694505162e-09
3154,-6.6540926102476305e-09
6227,-6.657197237913692e-09
8286,-6.6659993080975255e-09
4555,-6.68581612295327e-09
7543,-6.725811019236971e-09
1349,-6.727360002400928e-09
2056,-6.730663137943793e-09
9349,-6.730833002066561e-09
4822,-6.768972493631509e-09
8718,-6.76999056814509e-09
5555,-6.7712955242882344e-09
3871,-6.780707106912587e-09
2151,-6.783983375058256e-09
615,-6.786336603781251e-09
8437,-6.798590135304039e-09
9985,-6.805923380426293e-09
5389,-6.806920804791616e-09
1836,-6.841168964655253e-09
6575,-6.842201916157364e-09
524,-6.868828839046159e-09
4261,-6.896125448463408e-09
67,-6.9067873642580935e-09
3797,-6.9190757567838546e-09
671,-6.919848472008994e-09
3436,-6.9200121188828234e-09
2367,-6.921746065202683e-09
3993,-6.9342407371664194e-09
9060,-6.93823798414428e-09
3153,-6.944260944052871e-09
9099,-6.946865305224037e-09
1694,-6.947235231535842e-09
1042,-6.949075093132251e-09
6426,-6.9562648974397234e-09
7803,-6.959317566668233e-09
6203,-6.97687441153505e-09
6823,-6.989137268931245e-09
4195,-7.0093997273090736e-09
8804,-7.0267061058615354e-09
9161,-7.056895512391748e-09
8272,-7.080139363679905e-09
4607,-7.082310959916072e-09
4400,-7.091968567962681e-09
405,-7.104483001896256e-09
3020,-7.1049781613652385e-09
7850,-7.132799906273135e-09
251,-7.137028967818537e-09
3674,-7.158275305840789e-09
165,-7.1888388575303e-09
8517,-7.196226725625365e-09
9374,-7.228514009582909e-09
8989,-7.23381421430247e-09
5312,-7.245659627841405e-09
4121,-7.2499510839207915e-09
5859,-7.2677488471839524e-09
5796,-7.285207770379998e-09
9951,-7.2955752550285524e-09
9576,-7.313158523203356e-09
9712,-7.323639250600422e-09
2905,-7.331117268805087e-09
4074,-7.350648534298898e-09
573,-7.391173006965346e-09
845,-7.443128113848729e-09
7129,-7.46307504684296e-09
4061,-7.463664131179826e-09
6638,-7.470935425857306e-09
7386,-7.479243002705971e-09
9429,-7.510206234684347e-09
9487,-7.547259928131211e-09
6812,-7.58501084163754e-09
3536,-7.586476780119256e-09
4772,-7.607426022460118e-09
5479,-7.610051033779541e-09
8175,-7.633104592841278e-09
7527,-7.64344854076171e-09
4584,-7.646564048613413e-09
8122,-7.665299062153963e-09
5000,-7.67986718663849e-09
3855,-7.693426562482841e-09
3750,-7.696257631195635e-09
4837,-7.765331266895714e-09
3738,-7.766024268107685e-09
733,-7.778320210150014e-09
5104,-7.795447842795511e-09
2617,-7.798063750286133e-09
2789,-7.824642045406449e-09
8707,-7.868337537075831e-09
5382,-7.875978091931302e-09
5088,-7.8761763777635e-09
1256,-7.87996534690194e-09
4136,-7.880108121582907e-09
9919,-7.882273722614741e-09
7708,-7.90286258656181e-09
6562,-7.927259293438738e-09
348,-7.963393944265817e-09
3335,-7.974102045338327e-09
8187,-7.974482185701959e-09
7722,-7.989164219068812e-09
1855,-7.990542449931581e-09
5840,-7.992242201382282e-09
8206,-8.006424190298844e-09
1132,-8.011041385813655e-09
3295,-8.015026864427455e-09
2785,-8.04135757981328e-09
5130,-8.061334488829175e-09
7598,-8.064551693109934e-09
6125,-8.087735592354761e-09
3998,-8.099257042815111e-09
9973,-8.10457612132609e-09
6789,-8.10663647321519e-09
3255,-8.127601702767606e-09
870,-8.156448849661047e-09
5301,-8.162604592243383e-09
5677,-8.184182442860788e-09
7222,-8.190820910414232e-09
2344,-8.216223701396075e-09
7666,-8.244100069276783e-09
7968,-8.24939738741648e-09
6993,-8.252114325202342e-09
6634,-8.275369722809955e-09
9981,-8.28345680936593e-09
8578,-8.284997132790295e-09
4008,-8.304164467176633e-09
6526,-8.304730458874587e-09
7689,-8.322208477906656e-09
4598,-8.330879097684374e-09
5648,-8.333751244649079e-09
4560,-8.37765945504998e-09
1809,-8.387678551713407e-09
9881,-8.411906504690592e-09
7955,-8.421152219995065e-09
1717,-8.42162672931579e-09
8282,-8.428332920473736e-09
4897,-8.43249492454845e-09
8226,-8.434519749300762e-09
3349,-8.449889898898277e-09
1731,-8.481430890938668e-09
9953,-8.482317515046134e-09
1634,-8.512443194774733e-09
2077,-8.647278892937038e-09
6250,-8.650062888193588e-09
305,-8.673897156086241e-09
4119,-8.6750719940909e-09
5154,-8.676045215594286e-09
6042,-8.682988550390291e-09
9409,-8.683344931981196e-09
6684,-8.724704292362162e-09
4801,-8.730384193356144e-09
7719,-8.732451206583391e-09
8788,-8.739029722093505e-09
3274,-8.775124626936304e-09
2451,-8.781628091369953e-09
1824,-8.787420346934027e-09
7287,-8.79299388856225e-09
5394,-8.794216688201573e-09
705,-8.809516227614722e-09
55,-8.82476069996585e-09
9019,-8.846638976933718e-09
7894,-8.849334376392903e-09
5584,-8.88228046669326e-09
7316,-8.882734547910331e-09
1805,-8.900292947089383e-09
2872,-8.905806980763487e-09
6101,-8.913166205104517e-09
4659,-8.918564775584059e-09
8843,-8.952334429324083e-09
3422,-8.957648844898358e-09
4352,-8.982498744813938e-09
1533,-8.986250188414147e-09
7264,-9.01465879721286e-09
4721,-9.01828589583431e-09
625,-9.018652713521647e-09
4702,-9.039054393866763e-09
2869,-9.057535832468488e-09
9977,-9.094876851634126e-09
1749,-9.101781106579665e-09
567,-9.112736565342061e-09
925,-9.132086198349043e-09
4570,-9.138532153230017e-09
2882,-9.144867529897738e-09
6237,-9.145551871370117e-09
4672,-9.148184654250713e-09
8771,-9.148322321905766e-09
2476,-9.152570701331797e-09
2812,-9.210520568458946e-09
1179,-9.23039822353644e-09
8403,-9.231088782257757e-09
2525,-9.242290932576225e-09
153,-9.276285295456432e-09
8507,-9.286174718070583e-09
5935,-9.297045577838503e-09
6548,-9.307570270067345e-09
8031,-9.326557304234484e-09
8690,-9.373549492153188e-09
9486,-9.389815147642366e-09
1230,-9.414056645340452e-09
124,-9.436936121431927e-09
1922,-9.442664428149783e-09
3771,-9.464024230965151e-09
8323,-9.468665407297294e-09
1974,-9.487790109119487e-09
9143,-9.496761155247668e-09
1021,-9.49754075385556e-09
3172,-9.498542397068377e-09
1956,-9.561609282116024e-09
9039,-9.566553771378494e-09
2385,-9.628994046551043e-09
1367,-9.63216884031226e-09
4956,-9.677322498902186e-09
9519,-9.67778079896675e-09
2997,-9.682829649193536e-09
8908,-9.68590097016886e-09
2541,-9.687227464638681e-09
4423,-9.759876018478053e-09
7043,-9.777547660405617e-09
7711,-9.795404487533688e-09
2206,-9.815049661909825e-09
2757,-9.834280945142382e-09
5186,-9.839839609782075e-09
2264,-9.864282279892223e-09
4082,-9.874382200791842e-09
5184,-9.936863332171697e-09
4539,-9.952972668259008e-09
3221,-9.97731097740484e-09
9799,-9.998026406776717e-09
7757,-1.0047353615760812e-08
5041,-1.0061560917762336e-08
4035,-1.0083206714028847e-08
6561,-1.011432848585514e-08
2065,-1.012605421735202e-08
7587,-1.0140561723659403e-08
8349,-1.0149623363986393e-08
904,-1.0157085839068714e-08
6915,-1.015813078097949e-08
5500,-1.0158271557259013e-08
1924,-1.0174990627831448e-08
3133,-1.0293820906781548e-08
2316,-1.030181273620201e-08
6168,-1.0312017018065944e-08
8813,-1.037458119412804e-08
4458,-1.0392516625046255e-08
4325,-1.0420294849211587e-08
6370,-1.0441201236943698e-08
6864,-1.0455983634471977e-08
9167,-1.0515847748138185e-08
6500,-1.0525169180652938e-08
5619,-1.0525483595813512e-08
2484,-1.0533675709467616e-08
2960,-1.06321764725692e-08
4580,-1.0635140768044948e-08
73,-1.063557952818428e-08
7706,-1.0643327552628534e-08
1252,-1.0649984005794977e-08
6466,-1.0689593654689133e-08
6887,-1.0692886132090962e-08
4326,-1.0746189271770845e-08
3090,-1.0778793857468827e-08
1173,-1.0779817483097531e-08
9367,-1.0802445160607022e-08
8156,-1.0814221962363035e-08
8622,-1.0828963503684008e-08
1382,-1.0892526436379057e-08
2462,-1.0897072133531083e-08
2938,-1.0912982073563171e-08
421,-1.0919575466061815e-08
1387,-1.0925950810758422e-08
328,-1.0930215843529822e-08
287,-1.0938255634584948e-08
16,-1.0955075957497229e-08
1350,-1.0971831443384872e-08
6509,-1.104392621797956e-08
4495,-1.1070191430206933e-08
4835,-1.1107786246356e-08
8029,-1.1108129971404423e-08
8375,-1.1127714749648021e-08
3337,-1.114045389272178e-08
9811,-1.1153608703295959e-08
5212,-1.1194273064063509e-08
5237,-1.12590461398554e-08
1105,-1.1266247490482328e-08
2497,-1.1266907407048166e-08
4569,-1.1299510660478518e-08
9021,-1.1322001114422164e-08
9578,-1.1324051474304042e-08
1539,-1.1410847822190817e-08
7507,-1.1420866474765035e-08
6359,-1.142286487620936e-08
2071,-1.1447236047956721e-08
8125,-1.1449037273791873e-08
6674,-1.1531192001257295e-08
4637,-1.1546188005695512e-08
2795,-1.1595099547179188e-08
3231,-1.1599513793925098e-08
1936,-1.160587359549936e-08
3653,-1.162738128002161e-08
3206,-1.1652977693898947e-08
8876,-1.1670938437902123e-08
7286,-1.1678910727397351e-08
9053,-1.1686862144699717e-08
7482,-1.1735654226185943e-08
9573,-1.177890585069008e-08
3954,-1.186062359437301e-08
2610,-1.1912123731860902e-08
6739,-1.195015864041693e-08
7923,-1.1980571645864302e-08
3180,-1.2003718019570897e-08
2321,-1.2028724238888344e-08
2478,-1.2030313634170398e-08
358,-1.2032681517837318e-08
3088,-1.2035393570641872e-08
7984,-1.2078875233356712e-08
2516,-1.2083862355183328e-08
7077,-1.2084228728781454e-08
6438,-1.2090659140540083e-08
7782,-1.2098395174575671e-08
8067,-1.213485845141804e-08
3881,-1.2143141603360164e-08
258,-1.2168306806614737e-08
3627,-1.2183872133419982e-08
5604,-1.2201628152297417e-08
451,-1.2225494394613179e-08
4592,-1.2232915569398983e-08
619,-1.225507961777339e-08
8900,-1.22646741651522e-08
5923,-1.2266940796479275e-08
1008,-1.2270325200347543e-08
8339,-1.2289897100004055e-08
2987,-1.2351076605909839e-08
4220,-1.2398236659549866e-08
8113,-1.2412169070330492e-08
9856,-1.2434658636095719e-08
9735,-1.244291691904209e-08
5323,-1.2459453468949278e-08
2187,-1.2460261267221995e-08
9630,-1.2474386412719696e-08
9279,-1.2477359589979642e-08
7934,-1.250944281494526e-08
6460,-1.2569977059229132e-08
9086,-1.2591579334753078e-08
9867,-1.2681483418930384e-08
5314,-1.2716434572013213e-08
8120,-1.2752349842770627e-08
1041,-1.2756276035474912e-08
3272,-1.2758420542269278e-08
9505,-1.2759078238389066e-08
5036,-1.2768822887920805e-08
8246,-1.2788053282974943e-08
137,-1.2791073089601923e-08
4583,-1.2792841452835546e-08
9022,-1.2823080375312657e-08
5513,-1.2835380314157874e-08
4740,-1.2914099123406686e-08
4669,-1.2932021231648605e-08
6973,-1.2969959772846096e-08
3869,-1.300951923965954e-08
1988,-1.302296492866617e-08
204,-1.3083636840605095e-08
4733,-1.3092547934689946e-08
6481,-1.3141391086435306e-08
9601,-1.3173724333626069e-08
1525,-1.319469289384756e-08
4193,-1.3250367025818832e-08
9376,-1.330111132347156e-08
6621,-1.3365289763811461e-08
6984,-1.3368715912065454e-08
8846,-1.3388234076927574e-08
7215,-1.3391935116402465e-08
6316,-1.3446274316208928e-08
6671,-1.3463945069958072e-08
7686,-1.3527046149874877e-08
8850,-1.3532774900681943e-08
6924,-1.3560213396601739e-08
2990,-1.358565260289879e-08
2754,-1.3609329219121946e-08
1203,-1.3629157802341751e-08
7759,-1.3701236145635676e-08
918,-1.3724748004761977e-08
62,-1.3737156745463608e-08
3906,-1.3746648708234943e-08
6088,-1.3774356322215908e-08
2408,-1.3783462371463884e-08
6635,-1.3796041198332887e-08
5121,-1.3800400378016775e-08
5249,-1.383456726955501e-08
1186,-1.392913517861416e-08
2954,-1.3936621634513813e-08
1891,-1.3956938715864453e-08
1426,-1.3975536727883764e-08
4361,-1.398357429849284e-08
6249,-1.399077165231688e-08
4084,-1.4026648287313037e-08
6494,-1.407406013953505e-08
6496,-1.408181748985271e-08
141,-1.409653860307003e-08
7422,-1.4155400851478817e-08
9264,-1.4161541272983413e-08
32,-1.4164421191509291e-08
7182,-1.4185340013739278e-08
6048,-1.4292440120300398e-08
3173,-1.4360245437217145e-08
4610,-1.4362339761930798e-08
8359,-1.4400490577770597e-08
8233,-1.4423235494831488e-08
1314,-1.4467531617157192e-08
4767,-1.4509670798190655e-08
6740,-1.4543261706023713e-08
396,-1.4584434548936542e-08
5504,-1.4617087984447608e-08
2166,-1.4653442459433563e-08
6661,-1.4660211711259308e-08
6596,-1.4660876956895663e-08
7816,-1.4696641681410938e-08
9764,-1.4724423902379158e-08
2596,-1.4747967735928569e-08
8207,-1.4794515390548213e-08
7027,-1.4810570547751922e-08
6866,-1.4848536622480424e-08
181,-1.493126911000786e-08
4398,-1.4995677144469255e-08
3080,-1.5005894749009485e-08
9016,-1.5007517006893067e-08
7767,-1.5014240073440988e-08
1150,-1.5060713565162587e-08
1955,-1.5061018210360544e-08
6777,-1.5075950710041752e-08
8150,-1.5078539306045968e-08
2652,-1.508495905966356e-08
2340,-1.5095541705534288e-08
9883,-1.5118679641545896e-08
7265,-1.5130030561749663e-08
3662,-1.5135984021696913e-08
7230,-1.513676206599257e-08
9215,-1.5215620763342486e-08
7156,-1.522283765709176e-08
3725,-1.523817472204314e-08
3990,-1.5272558773204992e-08
3846,-1.5281173215697663e-08
8208,-1.5307348721904646e-08
5658,-1.5318403878694653e-08
3229,-1.5378646356367653e-08
8542,-1.5389928442743894e-08
2817,-1.5405958286862642e-08
1391,-1.548607952983616e-08
1673,-1.5488503368743523e-08
7807,-1.5493644145436747e-08
310,-1.551682338174487e-08
2713,-1.554140593995612e-08
8170,-1.559439422038622e-08
6793,-1.565090634869648e-08
6277,-1.5689938237528622e-08
9805,-1.572906915825456e-08
4182,-1.573626606798939e-08
1015,-1.576088459742664e-08
6398,-1.5764417327090996e-08
7211,-1.576959007820733e-08
3843,-1.5771207007020394e-08
3035,-1.579955766217722e-08
1152,-1.5828359956060467e-08
858,-1.5931115981970834e-08
9625,-1.5934989328059146e-08
8734,-1.594519405401229e-08
3940,-1.6020744730838032e-08
1800,-1.6050241580245483e-08
4060,-1.608741984071571e-08
5466,-1.6125556445700795e-08
2909,-1.6129107383022756e-08
1854,-1.6150637272005497e-08
9038,-1.6166160410335806e-08
9739,-1.62120521451925e-08
3727,-1.629332802011163e-08
660,-1.63179429968352e-08
7755,-1.6330479191140057e-08
7375,-1.63732396529781e-08
9026,-1.642871128026968e-08
4038,-1.6493148624618925e-08
8904,-1.6564583926736987e-08
6243,-1.658355763822783e-08
1608,-1.6597912377847024e-08
7534,-1.6620266052314037e-08
3356,-1.6638406208357992e-08
9102,-1.6699950755594273e-08
4699,-1.6726214191464805e-08
4652,-1.6812605974081407e-08
7411,-1.694700291210438e-08
5609,-1.695772633425463e-08
9543,-1.7119612838456533e-08
829,-1.7128289009349373e-08
8581,-1.7215901593203853e-08
6668,-1.7217944847658373e-08
3577,-1.723818598975413e-08
7654,-1.7259110141054634e-08
5592,-1.7277684616345823e-08
3322,-1.7309960131939306e-08
1444,-1.7372168592544313e-08
5472,-1.740452315601715e-08
3011,-1.740686261797464e-08
9761,-1.740727784138585e-08
7724,-1.741494681795075e-08
6003,-1.747228584036975e-08
1885,-1.748102729237644e-08
7554,-1.7503215321568177e-08
509,-1.751603662114576e-08
6211,-1.7516366579428677e-08
7060,-1.759440459991879e-08
283,-1.7601445634340962e-08
6837,-1.7616637482120723e-08
897,-1.7630226167852925e-08
3259,-1.763856083414339e-08
1593,-1.7688967179907422e-08
1572,-1.7756971004700972e-08
546,-1.7783466699228256e-08
6782,-1.7878493796530393e-08
4799,-1.7887842762576156e-08
6049,-1.7895878112739183e-08
4523,-1.7912968441891053e-08
2459,-1.7927002549100735e-08
6248,-1.7983715405733847e-08
8356,-1.8013925906501527e-08
9146,-1.808787697399339e-08
843,-1.8161425252571917e-08
9049,-1.8212188646060667e-08
7675,-1.8230302600841242e-08
267,-1.8301139714793635e-08
6558,-1.8334468165903672e-08
437,-1.834837082270724e-08
6165,-1.8444879845702644e-08
9971,-1.8448792715730633e-08
564,-1.8536657986345517e-08
6240,-1.867422394496998e-08
6124,-1.872697641402965e-08
7470,-1.8734995776981123e-08
1983,-1.8756518560536506e-08
7263,-1.879412447891582e-08
7895,-1.8833887338587374e-08
8781,-1.8867920559273443e-08
5984,-1.8955796043940154e-08
7631,-1.8963700831875485e-08
5295,-1.896756263164434e-08
7087,-1.899277446426595e-08
8572,-1.8993730144245546e-08
1208,-1.9000656159562368e-08
2682,-1.900447532676708e-08
4865,-1.909184721426982e-08
8300,-1.9124613448440186e-08
4914,-1.918576231219049e-08
5650,-1.9232960113413355e-08
8099,-1.924005132991624e-08
7364,-1.924236503469956e-08
8575,-1.9298799003308886e-08
2758,-1.9388052052704552e-08
5423,-1.9419107211149367e-08
7310,-1.9475499435372967e-08
5565,-1.9496390279982734e-08
3925,-1.9664713413192203e-08
5841,-1.9683581875540312e-08
1708,-1.9771224657461062e-08
9970,-1.986846864809877e-08
2351,-1.9888838131976172e-08
2479,-1.9914220494854362e-08
1410,-1.9932040018488806e-08
3377,-1.994846243746906e-08
277,-1.9967499653716914e-08
3212,-2.003664167915531e-08
2673,-2.0040445747326885e-08
4353,-2.007567445616587e-08
9556,-2.0101095898894528e-08
9763,-2.0114815590943635e-08
3247,-2.0136256217995196e-08
8171,-2.0147610690912643e-08
512,-2.018408196136079e-08
5501,-2.0203730244361395e-08
5189,-2.0274733891767482e-08
8655,-2.0334055328419254e-08
9100,-2.0351487606262708e-08
6503,-2.042952562675282e-08
5415,-2.0459857807964e-08
6400,-2.0494545616145388e-08
2241,-2.0513946097366897e-08
1319,-2.0545670054161747e-08
5681,-2.0570919190276982e-08
9183,-2.0589121518810316e-08
6302,-2.0639331133054384e-08
5064,-2.0642820786065386e-08
9084,-2.066549065204981e-08
3025,-2.06687857939869e-08
8174,-2.0759894248101318e-08
8496,-2.0828885283208365e-08
133,-2.0850119852866555e-08
1814,-2.0929090460697353e-08
4077,-2.0984686877056902e-08
1870,-2.1015918783007237e-08
1702,-2.1031591579401265e-08
6123,-2.1044652243062956e-08
9952,-2.1082644963144048e-08
8476,-2.1173459430201547e-08
1075,-2.118982855847662e-08
4756,-2.1191055132874226e-08
9388,-2.1207280376245308e-08
2818,-2.12353770123741e-08
506,-2.125635223393374e-08
7542,-2.1287850593409985e-08
817,-2.1302775543574626e-08
2509,-2.1318771636913425e-08
2887,-2.1377802639221954e-08
6005,-2.143536637078114e-08
7007,-2.1467188915380575e-08
381,-2.1470240696430665e-08
9322,-2.1560401464171264e-08
6799,-2.1769716695985153e-08
5480,-2.178195845914388e-08
6319,-2.180781244476293e-08
5962,-2.1819796636179944e-08
1498,-2.2018915579735676e-08
7770,-2.2076032557549752e-08
1923,-2.2138157085294097e-08
3641,-2.217845818108799e-08
3037,-2.2307702352009073e-08
3059,-2.2359434304064507e-08
2177,-2.2418581657746017e-08
8719,-2.248018304840116e-08
2719,-2.2528037213476182e-08
7133,-2.253162634247019e-08
3073,-2.2538152677498147e-08
2850,-2.2636972296652402e-08
7695,-2.2649520481365926e-08
1606,-2.2668633192779453e-08
557,-2.274517196809711e-08
7338,-2.2747475014739393e-08
9769,-2.2761155626938034e-08
3471,-2.276116628507907e-08
5494,-2.28789023282161e-08
8235,-2.2911733843500315e-08
9273,-2.2922371556433063e-08
11,-2.298694568025894e-08
7957,-2.301612678223819e-08
3089,-2.3056277775879153e-08
8168,-2.310403512950643e-08
3040,-2.3114379743560676e-08
9693,-2.3179186570132515e-08
6880,-2.3326538922674445e-08
6264,-2.3332705545442423e-08
8969,-2.3429782558537227e-08
6355,-2.344060945347337e-08
4543,-2.3532439108464587e-08
4779,-2.3630130741025823e-08
5528,-2.3668635051876663e-08
230,-2.368697860077873e-08
4052,-2.374449259434641e-08
5015,-2.384756747630945e-08
7435,-2.3858305553403625e-08
6425,-2.3864765275050104e-08
8875,-2.389365683086453e-08
6804,-2.393132447764401e-08
696,-2.395496778717643e-08
9128,-2.4003131038341508e-08
1403,-2.4013386834553785e-08
945,-2.4017497324280157e-08
6678,-2.405912713498992e-08
1758,-2.4089294115015036e-08
3365,-2.4228925532554513e-08
3898,-2.4337078130542977e-08
3415,-2.4359262162931827e-08
5514,-2.4394007702710496e-08
6078,-2.4457817993095432e-08
9700,-2.4461979997170147e-08
8585,-2.4474421600473306e-08
1127,-2.4570120160660736e-08
819,-2.462025250338229e-08
1058,-2.4633124873219003e-08
1683,-2.4670194775922027e-08
5718,-2.4730810288531302e-08
4473,-2.4811295240567688e-08
5018,-2.492140893650685e-08
8927,-2.494151729592886e-08
5756,-2.4992450775584985e-08
5560,-2.50285419056695e-08
9998,-2.502883766908326e-08
8887,-2.5056929864319955e-08
8443,-2.507121710237925e-08
5942,-2.5082423249500607e-08
3093,-2.51252716410022e-08
8951,-2.5148915838713037e-08
2556,-2.515601327246486e-08
780,-2.526719988793502e-08
3758,-2.5299996764260868e-08
9760,-2.5358027677668815e-08
559,-2.5366921008185273e-08
5491,-2.5400823666643646e-08
3099,-2.5413912752014767e-08
351,-2.5417350002499006e-08
2672,-2.5511427637070483e-08
2517,-2.557944434045112e-08
2069,-2.5594358632474723e-08
7011,-2.56231533768414e-08
4871,-2.5741250908595248e-08
9430,-2.578291358190654e-08
6985,-2.5852450846741704e-08
5433,-2.5882100906926553e-08
8431,-2.5912071599520914e-08
6730,-2.5963814209717384e-08
4005,-2.611728078250053e-08
9366,-2.6206092407221604e-08
1163,-2.6278052622785708e-08
7493,-2.627855355541442e-08
4439,-2.633936002638393e-08
8008,-2.636681006862318e-08
9650,-2.6462593005760482e-08
8817,-2.6503600203398037e-08
2263,-2.6542196884804525e-08
4037,-2.6578479861427695e-08
7847,-2.6645688322446404e-08
910,-2.668798959604146e-08
416,-2.683460031960294e-08
282,-2.684701172483983e-08
745,-2.689876144046366e-08
3458,-2.6911121331352206e-08
3597,-2.7036882066511225e-08
9466,-2.705123769430884e-08
886,-2.7068092656179488e-08
8772,-2.7140583114260153e-08
489,-2.7218952425300813e-08
7374,-2.7253530987536578e-08
1165,-2.7284701609175954e-08
693,-2.7324682072560336e-08
8250,-2.7327120122322412e-08
4380,-2.7525222101587588e-08
3134,-2.7598751728419302e-08
4846,-2.765834850038118e-08
6380,-2.7702025562348354e-08
9335,-2.772046236998449e-08
2671,-2.7844776262497817e-08
9081,-2.7942370195432886e-08
5538,-2.7986889250541935e-08
5966,-2.806971366453581e-08
4468,-2.811000054947499e-08
5385,-2.8155562326048766e-08
4094,-2.8196116552692274e-08
7244,-2.8226172510414926e-08
1902,-2.8298377863222868e-08
9557,-2.8299800725051227e-08
3640,-2.8512106453604247e-08
2012,-2.8517511019288122e-08
2132,-2.8523047923556533e-08
8640,-2.8565105836264593e-08
1334,-2.8656942596683166e-08
6218,-2.8846825372852436e-08
1710,-2.8908619498224652e-08
6724,-2.8940473129068778e-08
7585,-2.8958221598429645e-08
257,-2.89702661859792e-08
3032,-2.9096622888857837e-08
9623,-2.911992780241235e-08
6557,-2.915238717093871e-08
9661,-2.932707676706059e-08
4096,-2.938076804070988e-08
4236,-2.949879718272541e-08
9911,-2.9781698884789876e-08
7168,-2.98234441586942e-08
6442,-2.992343706154088e-08
1827,-3.01423250803623e-08
2219,-3.0332423683887555e-08
7996,-3.037770035518861e-08
1789,-3.0394120109633604e-08
5043,-3.039549856254098e-08
1026,-3.043236329602905e-08
592,-3.0448911836344905e-08
4753,-3.054124508850009e-08
751,-3.0691041708053035e-08
2412,-3.071030985069001e-08
4141,-3.0716396537400215e-08
3265,-3.077120425132307e-08
6543,-3.077724830546913e-08
5737,-3.097000966789665e-08
5228,-3.0995631838948157e-08
404,-3.105933998881483e-08
3696,-3.1185367177499757e-08
898,-3.119018465724821e-08
2030,-3.1322947791068145e-08
7811,-3.143464777366489e-08
9960,-3.150846250576933e-08
7113,-3.151045024907262e-08
1158,-3.1551212309466337e-08
8609,-3.165745177113877e-08
3132,-3.171427565007434e-08
5292,-3.1760526653101806e-08
1819,-3.177421969979832e-08
5305,-3.1884686002570106e-08
4642,-3.1910719400229937e-08
2945,-3.204375698118156e-08
746,-3.21029327565725e-08
1611,-3.2213872458441983e-08
6990,-3.2255806026171285e-08
9597,-3.2271766592373297e-08
3524,-3.22881552605736e-08
4117,-3.230208545090818e-08
3650,-3.2387222681506955e-08
2133,-3.2446609843361784e-08
4783,-3.2451023201929274e-08
9393,-3.246457147554338e-08
6617,-3.2763259660839594e-08
3963,-3.2768178392927894e-08
9595,-3.285043082001948e-08
4813,-3.290588512783188e-08
8313,-3.301537976341251e-08
3438,-3.302514883785079e-08
2794,-3.31067573355881e-08
5449,-3.3169898827623e-08
3584,-3.33973027011325e-08
8357,-3.350171606797403e-08
3610,-3.357647226920335e-08
6802,-3.373741286338827e-08
2732,-3.387568447976719e-08
3396,-3.3912445296380156e-08
273,-3.4010161797937144e-08
6539,-3.406730897381749e-08
3378,-3.4088411204891145e-08
4231,-3.4259304726447226e-08
1446,-3.4263450743310386e-08
8137,-3.465237874422655e-08
2691,-3.4758202538398564e-08
4154,-3.477773713456145e-08
5235,-3.490544742135171e-08
7832,-3.494554068339539e-08
443,-3.497010236941378e-08
1519,-3.502203149707839e-08
8129,-3.5114124052881834e-08
388,-3.5165777845236335e-08
3974,-3.519666336160299e-08
8329,-3.5196666914316665e-08
1742,-3.523770786273417e-08
7167,-3.5289110300595894e-08
3699,-3.5480621107808474e-08
7762,-3.569258932856201e-08
1168,-3.573410545243405e-08
5352,-3.591960595628052e-08
2508,-3.600466413899994e-08
4059,-3.6017506310770386e-08
9122,-3.607336296340691e-08
1905,-3.6084418120196915e-08
1170,-3.6131271308192936e-08
7952,-3.614686949759971e-08
6979,-3.6150375137822266e-08
253,-3.629620515255283e-08
3529,-3.634027301302467e-08
3033,-3.634507717009683e-08
8435,-3.635417478164982e-08
2438,-3.641911128227093e-08
8407,-3.650163282742369e-08
9207,-3.6538878589453816e-08
5877,-3.655752411901858e-08
3707,-3.665087522364274e-08
3010,-3.672983694968934e-08
3709,-3.684397054115607e-08
355,-3.68628265690063e-08
4415,-3.709654983197197e-08
4447,-3.7106513417484166e-08
70,-3.723125807653105e-08
155,-3.7376719497217437e-08
6592,-3.744924281789963e-08
4022,-3.751043209376803e-08
8831,-3.754950483880748e-08
7840,-3.7654835693956556e-08
3688,-3.789799762898838e-08
3744,-3.820301053281128e-08
2694,-3.824082384085159e-08
543,-3.8352117925910534e-08
2720,-3.837058137889926e-08
3288,-3.8541287494808785e-08
9626,-3.877588206080418e-08
8669,-3.885212329635124e-08
7658,-3.8884682140860605e-08
9979,-3.894294664519293e-08
6955,-3.8966577520227474e-08
2655,-3.906142964638093e-08
1723,-3.918432156524432e-08
4741,-3.926281166855006e-08
4245,-3.9343378333001056e-08
7355,-3.9381058414278414e-08
1681,-3.947510229806994e-08
6828,-3.961588390666293e-08
5696,-3.978636442525385e-08
4891,-3.990767893924385e-08
9431,-4.001548958854073e-08
1654,-4.0445387483600825e-08
7015,-4.050419555312601e-08
3618,-4.061230285401507e-08
4548,-4.07063378560224e-08
9950,-4.0903321618657174e-08
7785,-4.092637340136207e-08
7062,-4.093347705236283e-08
2744,-4.1124446070739396e-08
3927,-4.1169080589043006e-08
1967,-4.118604657321612e-08
5598,-4.123513974718662e-08
6431,-4.1473088074894804e-08
5846,-4.165659106547537e-08
2543,-4.166052214316096e-08
6282,-4.1805288120144724e-08
876,-4.19612717905693e-08
9385,-4.215606175250741e-08
2091,-4.2244462150620166e-08
708,-4.2379941334047544e-08
3671,-4.2452350967892016e-08
2632,-4.267572428773292e-08
5717,-4.288627408755019e-08
6263,-4.294693489725887e-08
5635,-4.308474643721638e-08
929,-4.3087817758191704e-08
9619,-4.319232260741046e-08
5008,-4.363833916443127e-08
7725,-4.3668132221341693e-08
3492,-4.374320283773159e-08
5297,-4.384840579518823e-08
2861,-4.410329346171693e-08
5698,-4.424966881799719e-08
6666,-4.427490019054403e-08
6965,-4.431966083018324e-08
2198,-4.433047529062151e-08
5426,-4.4831889312035855e-08
3753,-4.488322780105136e-08
7791,-4.492112282150629e-08
2923,-4.4982494173950727e-08
7727,-4.506580886243228e-08
6233,-4.5109590729452975e-08
730,-4.5132718895501966e-08
6187,-4.5145254645717614e-08
4188,-4.522052243771668e-08
9901,-4.5417323235596996e-08
3339,-4.5428876660480455e-08
2641,-4.5596637576750254e-08
1022,-4.570022049676936e-08
6428,-4.571965206423556e-08
491,-4.6177001777891746e-08
4747,-4.619395532756698e-08
833,-4.6505741480018514e-08
650,-4.658358676579155e-08
1656,-4.660112118415327e-08
2360,-4.661119845650319e-08
7775,-4.674414277872074e-08
6584,-4.771995243402216e-08
8500,-4.781597340297594e-08
8448,-4.786586593752418e-08
6886,-4.8101666649813524e-08
2366,-4.821730215098796e-08
1908,-4.8538920438545574e-08
4129,-4.89099569733753e-08
3434,-4.9032919946512266e-08
8867,-4.907118089647611e-08
1747,-4.93134848511545e-08
1765,-4.938680930877126e-08
4810,-4.952900489740841e-08
1570,-4.96565810692573e-08
5054,-5.0114074667817476e-08
9538,-5.024154603461284e-08
6720,-5.0311065535879607e-08
4367,-5.034268646397777e-08
4666,-5.0970903942015866e-08
3115,-5.112016410180331e-08
3477,-5.124532798106429e-08
764,-5.125608026901318e-08
2468,-5.1310513171642924e-08
3530,-5.144424441994033e-08
6910,-5.153591509099442e-08
3943,-5.156541504902634e-08
6677,-5.190993945802802e-08
1878,-5.191510332736016e-08
8778,-5.1927782962479796e-08
5155,-5.216122644924326e-08
8663,-5.224912769108414e-08
9221,-5.227825106146611e-08
1233,-5.257641255695944e-08
6683,-5.282267956374653e-08
9859,-5.305660799592715e-08
651,-5.336488584362087e-08
7294,-5.369255440257348e-08
1728,-5.445863138220375e-08
3897,-5.466738173254271e-08
2585,-5.4719670572467294e-08
1240,-5.4921541092767256e-08
449,-5.5078526628449254e-08
9096,-5.529427937744913e-08
3003,-5.538944058969264e-08
7607,-5.569703631636003e-08
4365,-5.5868763837452207e-08
8451,-5.609218867164145e-08
4089,-5.609687470098379e-08
6975,-5.6311149521093284e-08
3810,-5.6799496661597004e-08
1046,-5.696406724098324e-08
5167,-5.7264468722451056e-08
2855,-5.73590543950786e-08
838,-5.75204719410749e-08
8397,-5.8123644564034294e-08
589,-5.853242690534444e-08
4829,-5.9006294961250205e-08
6443,-5.901699395849391e-08
1698,-5.915268275202834e-08
4290,-5.932151658782914e-08
8364,-5.939338443283759e-08
2322,-5.961316240643555e-08
5615,-5.96520504103637e-08
2450,-5.975231509580681e-08
6342,-6.035796573655716e-08
117,-6.08070447327691e-08
7601,-6.085950765566395e-08
5010,-6.14172375179578e-08
1259,-6.161222110279141e-08
6551,-6.190193779787023e-08
7844,-6.20448510346705e-08
3363,-6.212133563110456e-08
8461,-6.26555305416332e-08
1537,-6.288812315347059e-08
2470,-6.291676335479224e-08
2406,-6.325517176719586e-08
1566,-6.335736912888024e-08
3341,-6.368022376079807e-08
4322,-6.372258809506093e-08
2670,-6.387697482068688e-08
5552,-6.388524198541745e-08
1821,-6.4122323450988e-08
6852,-6.472365399190494e-08
2276,-6.484328807232487e-08
2554,-6.507048411208416e-08
5646,-6.525404572244042e-08
6582,-6.56600658288653e-08
6493,-6.605499436318496e-08
1770,-6.608262204110815e-08
6373,-6.61532091328354e-08
7330,-6.619507608718322e-08
4823,-6.634439841946005e-08
2013,-6.727998247413325e-08
2676,-6.798470053581696e-08
8949,-6.814640762797808e-08
7965,-6.816995679059801e-08
113,-6.902328664182278e-08
5351,-6.953392883701781e-08
1131,-6.972896926527028e-08
3296,-6.973155919354213e-08
2397,-7.017590419877706e-08
2398,-7.022861581162942e-08
10,-7.057644602070923e-08
792,-7.068398666376652e-08
5436,-7.072828900334116e-08
1363,-7.128016221713551e-08
8858,-7.233306931198058e-08
3499,-7.235876786637618e-08
8545,-7.260009660114974e-08
9463,-7.316014460911902e-08
8916,-7.318986128268534e-08
5673,-7.383289357676404e-08
834,-7.384294420376136e-08
8200,-7.399584767142642e-08
3407,-7.399923873663283e-08
1502,-7.40948173927336e-08
6580,-7.43689199111941e-08
602,-7.440450033868728e-08
2337,-7.49326574123188e-08
4382,-7.547218316972248e-08
7314,-7.579477312447125e-08
8147,-7.598265128194726e-08
5365,-7.623257047839616e-08
2730,-7.681902935985363e-08
6391,-7.694719172945952e-08
4370,-7.707287608127444e-08
8087,-7.719936689909446e-08
3246,-7.764311504843135e-08
2466,-7.815987501658128e-08
7180,-7.826841397218232e-08
145,-7.838657722913922e-08
8076,-7.883732067170968e-08
1541,-7.888761999197413e-08
3431,-7.902433907247541e-08
4145,-7.936280255194106e-08
9723,-7.972067095352031e-08
9962,-8.022450259659308e-08
8610,-8.082716362878273e-08
5536,-8.262152917382082e-08
5310,-8.376389359909808e-08
892,-8.426324171750821e-08
948,-8.445246990618216e-08
6158,-8.494878755982427e-08
8478,-8.600681411508049e-08
1772,-8.649879390532078e-08
7139,-8.6671118282311e-08
7865,-8.707737109148184e-08
7648,-8.786449967601584e-08
6954,-8.789690397748018e-08
9583,-8.807457518855699e-08
2270,-9.027482050782965e-08
5725,-9.037492532115721e-08
626,-9.07490758095264e-08
6968,-9.087040453437112e-08
1577,-9.133314904374856e-08
89,-9.1941409152696e-08
8214,-9.269831124925076e-08
1881,-9.285981050766168e-08
8418,-9.334523909387826e-08
6779,-9.342526752220692e-08
3443,-9.372134712748448e-08
2403,-9.417582802484503e-08
1961,-9.423516189599468e-08
3146,-9.435638048671535e-08
1954,-9.475018458715567e-08
5176,-9.478193518930311e-08
1273,-9.500924136318645e-08
5606,-9.54837666711228e-08
7111,-9.611096274397823e-08
135,-9.640901055263384e-08
7233,-9.695791192143588e-08
4169,-9.765177821918769e-08
4230,-9.817317803140213e-08
874,-9.84749028987153e-08
2560,-9.960262659092223e-08
3174,-1.0145905804392896e-07
3233,-1.0149711471285627e-07
9884,-1.0232857761138803e-07
3902,-1.023692881574334e-07
4757,-1.0247941517604886e-07
8950,-1.0316909282437337e-07
4797,-1.0424539809150701e-07
5716,-1.0445348408438804e-07
5442,-1.0456676946546395e-07
894,-1.048392377356322e-07
716,-1.049835098854146e-07
9613,-1.0509031511674038e-07
5413,-1.0606733624740627e-07
5974,-1.0720931342689255e-07
7325,-1.0812199491283536e-07
2973,-1.0832666674787106e-07
4257,-1.0883503165359798e-07
263,-1.092558505888519e-07
3600,-1.0941198169689414e-07
2649,-1.103635689503335e-07
955,-1.1119801968106913e-07
3776,-1.1177993997080193e-07
9407,-1.1212589967612985e-07
9477,-1.1356952356322836e-07
2804,-1.1385999343360709e-07
7939,-1.1427671964270303e-07
4189,-1.1431961510766087e-07
3450,-1.1489594342606324e-07
2413,-1.1533177612932377e-07
9767,-1.1544996425527643e-07
2442,-1.1559889401269174e-07
362,-1.1699829727263023e-07
149,-1.1718466197407906e-07
7766,-1.1729407844995876e-07
1401,-1.1752970152656417e-07
9152,-1.1784230480316182e-07
1559,-1.1796597831903455e-07
9493,-1.1847016878618888e-07
9495,-1.185043032592148e-07
4703,-1.1909448005553713e-07
2096,-1.197590258072978e-07
2235,-1.212793740990037e-07
9218,-1.2203429378132569e-07
3858,-1.2345404698521634e-07
9939,-1.2363616264110533e-07
5908,-1.249104641942722e-07
1393,-1.2511112856827822e-07
1265,-1.2531712911822979e-07
3236,-1.2577658381474066e-07
6903,-1.268915674756954e-07
2457,-1.2905262281037722e-07
5324,-1.2913213254250877e-07
1078,-1.2998239284911506e-07
5358,-1.3023947076362674e-07
5383,-1.3034593138172568e-07
8600,-1.3052197189722392e-07
9465,-1.3139704435616295e-07
1962,-1.320787212932828e-07
763,-1.3394275200084849e-07
4462,-1.3501611917376977e-07
2197,-1.3689976086084243e-07
5022,-1.3787056118985674e-07
7946,-1.3906758766779603e-07
8372,-1.3975375878771956e-07
7856,-1.4032016082410337e-07
7553,-1.4106369050637113e-07
5539,-1.433470728784414e-07
2689,-1.4620999877479335e-07
127,-1.4734054687437492e-07
5949,-1.4868813025259442e-07
1094,-1.4884435017847863e-07
7733,-1.491835632805305e-07
2558,-1.5240154027651442e-07
9311,-1.527345503404831e-07
2292,-1.563796701020692e-07
2756,-1.5638235595361039e-07
664,-1.5821427012951972e-07
7980,-1.6041044403891647e-07
2073,-1.6192886675980844e-07
4817,-1.6263201274568928e-07
9986,-1.6393753554666546e-07
4764,-1.6579851092046738e-07
3103,-1.6746204067885628e-07
9807,-1.7286977538333304e-07
535,-1.7356287429493023e-07
1768,-1.7415431585732222e-07
678,-1.744716726648221e-07
8220,-1.756219418780347e-07
1111,-1.7611755254165473e-07
5885,-1.7618663861185269e-07
6667,-1.7699303356266682e-07
8154,-1.7742323166203278e-07
4321,-1.775689071337183e-07
5706,-1.7812521235782697e-07
6680,-1.7930531015508677e-07
3769,-1.816868362425339e-07
3946,-1.8251597566631972e-07
5275,-1.831492468795659e-07
5853,-1.8389093270343437e-07
5661,-1.9074995094570113e-07
2696,-1.9144187035635696e-07
6422,-1.9149796770534522e-07
2283,-1.9299486098134366e-07
2035,-1.9321661426374703e-07
8567,-1.9383498539582433e-07
9897,-1.9882234170154334e-07
757,-2.0321018467939211e-07
8988,-2.0360274533004485e-07
2553,-2.0560057834018153e-07
1216,-2.060472468201624e-07
1321,-2.0612184670198985e-07
8974,-2.091010600224763e-07
2901,-2.1151943485619995e-07
5937,-2.2252766029851045e-07
515,-2.2305722779947246e-07
759,-2.2418289091774568e-07
5624,-2.2419390433014996e-07
248,-2.3266694881840522e-07
9731,-2.359565414167264e-07
6704,-2.388095339256324e-07
2377,-2.4230100592603776e-07
5320,-2.465194910428181e-07
4514,-2.478754907997427e-07
6472,-2.4923655672637324e-07
6862,-2.51795313488401e-07
9816,-2.5310009021950464e-07
7324,-2.565876187077265e-07
2271,-2.636875819916895e-07
9328,-2.642024412580213e-07
8345,-2.644918097871596e-07
8735,-2.6580968892631063e-07
9432,-2.742711870951098e-07
6247,-2.8335809076907026e-07
9106,-2.963264975619495e-07
3460,-3.026617747536875e-07
1222,-3.0362562597474607e-07
2709,-3.1217756202295277e-07
2326,-3.3811211608281155e-07
5775,-3.4345450217188045e-07
5322,-3.48525460935889e-07
7600,-3.515397395403852e-07
707,-3.6121896584973e-07
5012,-3.613336474472817e-07
4653,-3.784776225757014e-07
5357,-3.8010452385606186e-07
6283,-3.8175350880464975e-07
5530,-4.0046468541277136e-07
2163,-4.1696193875395693e-07
4482,-4.315008794719688e-07
9672,-4.4251801512018574e-07
1027,-4.439385179466626e-07
6026,-4.4427488887777145e-07
7146,-4.470846022286423e-07
4281,-4.5115486102531577e-07
6002,-5.897552028955033e-07
9124,-6.02799758553374e-07
4023,-6.414412609956344e-07
4857,-6.464532020800107e-07
4133,-7.131320955977571e-07
5299,-8.324649343194324e-07
9857,-9.108474614549777e-07
3386,-1.2993817222195503e-06
8140,-1.326811627677671e-06
7031,-1.4829116139480902e-06
6742,-1.6365083297387173e-06
9614,-2.233368149973103e-06
9150,-3.065306032112858e-06
5890,-4.889237516181311e-06
401,-8.925980182539206e-06
4775,-1.3691649655811489e-05
5440,-2.1417670723167248e-05
680,-2.4610935724922456e-05
9354,-4.7645080485381186e-05
1557,-5.3214311265037395e-05
4413,-6.344274515868165e-05
5238,-0.0001034201486618258
9663,-0.00010769323489512317
