Train_ID,Score
9035,9.910522203426808e-05
4545,9.215527825290337e-05
1457,7.546326742158271e-05
9696,7.530884249717928e-05
7201,6.412269794964232e-05
3602,5.676066939486191e-05
9188,5.4317311878548935e-05
8533,5.428289296105504e-05
9263,4.913411976303905e-05
2152,4.8787391278892756e-05
1366,4.7263087253668346e-05
5582,4.668377550842706e-05
9935,4.421509584062733e-05
6475,4.219221773382742e-05
7185,3.7864061596337706e-05
2287,3.3429358154535294e-05
3402,3.321937037981115e-05
8968,2.8253862183191814e-05
3510,2.7946936825173907e-05
8853,2.6964250537275802e-05
8203,2.6673434149415698e-05
8918,2.6598952899803407e-05
6656,1.244828035851242e-05
4743,1.173698365164455e-05
2627,9.814418262976687e-06
2890,9.786873306438792e-06
5605,9.221578693541232e-06
1489,9.039431461133063e-06
590,8.72021655595745e-06
1850,8.476251878164476e-06
6914,8.422150131082162e-06
9806,8.342664386873366e-06
8763,7.952873147587525e-06
3870,7.920836651464924e-06
7104,7.885907052695984e-06
3866,7.852536327845883e-06
5428,7.734439577689045e-06
7661,7.726893954895786e-06
5694,7.685213176955585e-06
7588,7.617525398018188e-06
8636,7.547214408987202e-06
7469,7.488748906325782e-06
8873,7.43434520700248e-06
646,7.2940895279316464e-06
923,7.239113529067254e-06
7098,7.2092548180080485e-06
4674,7.145322797441622e-06
5760,7.128323204597109e-06
1139,7.1175932134792674e-06
291,7.109105354174972e-06
854,7.101056780811632e-06
4183,7.084189519446227e-06
770,7.0024520937295165e-06
2194,6.920959776834934e-06
1174,6.8977728915342595e-06
2943,6.876872930661193e-06
9014,6.875317922094837e-06
4928,6.838187346147606e-06
9140,6.772363803975168e-06
3388,6.641350410063751e-06
7979,6.594745855181827e-06
4793,6.57814416626934e-06
3001,6.567958052983158e-06
8549,6.538526804433786e-06
994,6.506521685878397e-06
182,6.491319254564587e-06
9792,6.436223429773236e-06
9321,6.414100880647311e-06
4505,6.388887868524762e-06
3213,6.361038003888098e-06
5637,6.315061455097748e-06
4316,6.300086624833057e-06
6752,6.290929832175607e-06
276,6.2718700064579025e-06
908,6.26359155830869e-06
7578,6.251141257962445e-06
1194,6.215401299414225e-06
4934,6.210601668499294e-06
7801,6.138511935205315e-06
3056,6.135561079645413e-06
8956,6.12499184171611e-06
5860,6.121808155512554e-06
9372,6.113947620178806e-06
8062,6.092484909459017e-06
6266,6.085910854380927e-06
4175,6.071949428587686e-06
4624,6.050746833352605e-06
3413,6.00517023485736e-06
9013,6.000800567562692e-06
776,5.998893811920425e-06
8088,5.997873358865036e-06
4582,5.9942751704511466e-06
5328,5.98425049247453e-06
3547,5.981452886771876e-06
6094,5.967813422103063e-06
4017,5.9567596508713905e-06
1160,5.9468254676176e-06
7730,5.9463818615768105e-06
6918,5.927640131631051e-06
6079,5.912380629524705e-06
8558,5.903078999835998e-06
9256,5.8735367929330096e-06
8368,5.862694024472148e-06
90,5.853282118550851e-06
6959,5.842494374519447e-06
8416,5.821845661557745e-06
8725,5.815956910737441e-06
58,5.802542091259966e-06
5144,5.8024008922075154e-06
5220,5.800659664600971e-06
8442,5.766484264313476e-06
2622,5.757284725405043e-06
7380,5.754519179390627e-06
7259,5.728350970457541e-06
1807,5.720590706914663e-06
6905,5.716825171475648e-06
1298,5.689697673005867e-06
9089,5.675725105902529e-06
7780,5.648277237924049e-06
1874,5.626927077173605e-06
1452,5.6260621477122186e-06
5035,5.61672368348809e-06
6550,5.580259539783583e-06
2979,5.5759660426701885e-06
7873,5.538806135518826e-06
8000,5.525145070350845e-06
7827,5.496772473634337e-06
3872,5.450456910693902e-06
511,5.4390259265346685e-06
6586,5.42739212505694e-06
1328,5.426306643130374e-06
4454,5.42361135558167e-06
5742,5.420182333182311e-06
9377,5.414739689513226e-06
3404,5.4085014653537655e-06
5927,5.397480208557681e-06
2146,5.394794015955995e-06
482,5.384710220823763e-06
4083,5.381410346672055e-06
3550,5.371319275582209e-06
3614,5.361848025131621e-06
5306,5.355880148272263e-06
3375,5.352581183615257e-06
6573,5.3502940318139736e-06
5387,5.346029865904711e-06
2328,5.3322680741985096e-06
8106,5.3206867960398085e-06
1294,5.29001340510149e-06
8659,5.285176712277462e-06
9151,5.2851057716907235e-06
7274,5.275273906590883e-06
7197,5.271468353384989e-06
933,5.256459644442657e-06
5670,5.255803671389003e-06
7589,5.249468131296453e-06
9877,5.2345967560540885e-06
6346,5.234467607806437e-06
5898,5.217492343945196e-06
1709,5.216943691266351e-06
152,5.2059083373023896e-06
1973,5.2032992243766785e-06
2729,5.193425295146881e-06
5629,5.177100547371083e-06
2575,5.165449465494021e-06
6896,5.163742798686144e-06
8742,5.16241971126874e-06
5518,5.161971330380766e-06
7466,5.142573627381353e-06
5699,5.139341965332278e-06
5468,5.1228439588157926e-06
474,5.11993403051747e-06
2665,5.103939429318416e-06
2898,5.102320074001909e-06
2531,5.089962542115245e-06
4274,5.07879713040893e-06
8172,5.067349547971389e-06
2051,5.0672983888944145e-06
8962,5.062226819063653e-06
4217,5.056449026596965e-06
8124,5.045322495789151e-06
7361,5.043033524998464e-06
7427,5.034102059653378e-06
9266,5.022742925575585e-06
2084,5.002868192605092e-06
6669,4.998554004487232e-06
2417,4.983575990991085e-06
9080,4.968073881173041e-06
3426,4.960661954100942e-06
6075,4.957060127708246e-06
5082,4.925330131300143e-06
4210,4.9169327667186735e-06
8123,4.8732968025433365e-06
211,4.828937335332739e-06
9500,4.822754817723762e-06
7135,4.818034540221561e-06
1114,4.8177050757658435e-06
3111,4.805288426723564e-06
2105,4.804212721865042e-06
2532,4.796707116838661e-06
6051,4.794904043592396e-06
2486,4.783132453667349e-06
1712,4.780418066729908e-06
1023,4.774154831466149e-06
8893,4.772043894263334e-06
5608,4.763043534694589e-06
4046,4.747618731926195e-06
1397,4.745570095110452e-06
3491,4.735420816359692e-06
1149,4.726259703602409e-06
3297,4.72124588668521e-06
7490,4.710469511337578e-06
7538,4.707856305685709e-06
8579,4.701109446614282e-06
2695,4.696751602750737e-06
6766,4.690734840551158e-06
2090,4.677767947214306e-06
3756,4.672625209423131e-06
8806,4.666743961934117e-06
9736,4.647518153433339e-06
5780,4.646020215659519e-06
9765,4.645169155992335e-06
4010,4.632502623280743e-06
5213,4.615756097336998e-06
1156,4.613276360032614e-06
6257,4.607506980391918e-06
6402,4.600365173246246e-06
6765,4.5950837375130504e-06
7450,4.593044423018e-06
24,4.576760602503782e-06
4309,4.576421815727372e-06
3275,4.568108352032141e-06
2135,4.555293116936809e-06
9633,4.5498452436731895e-06
3749,4.5447327465808485e-06
8408,4.537366521617514e-06
1714,4.532561206360697e-06
7744,4.523084498941898e-06
8363,4.517666184256086e-06
9181,4.5153497012506705e-06
8223,4.514411102718441e-06
2122,4.50111383543117e-06
255,4.498937187236152e-06
9569,4.493542746786261e-06
3772,4.492899051911081e-06
8149,4.492119614951662e-06
313,4.491060735745123e-06
1852,4.486137186177075e-06
6128,4.483260454435367e-06
2968,4.483155862544663e-06
4414,4.479942845136975e-06
1960,4.472812406675075e-06
1274,4.472371983865742e-06
7340,4.468062343221391e-06
956,4.458194780454505e-06
2728,4.453647989066667e-06
3327,4.45349314759369e-06
9616,4.452725761439069e-06
5884,4.452440862223739e-06
5112,4.443784064278589e-06
1773,4.434959919308312e-06
6396,4.4323771817289526e-06
9875,4.427261956152506e-06
6961,4.426392479217611e-06
2099,4.42599434791191e-06
3044,4.42543250755989e-06
8847,4.422361826073029e-06
1585,4.421860239745001e-06
4833,4.41424685959646e-06
951,4.4105001961725065e-06
4790,4.408482936923974e-06
7425,4.406750576890772e-06
3145,4.403568027555593e-06
6715,4.4003886614518706e-06
3842,4.378226094559068e-06
3256,4.373472393126576e-06
9180,4.363594143796945e-06
4707,4.349514028945123e-06
7928,4.345231218394474e-06
7390,4.333983724791324e-06
6352,4.314782927394845e-06
7423,4.310101985538495e-06
5731,4.3053689751104685e-06
6317,4.3012430523958756e-06
9542,4.297402711017639e-06
6060,4.29630790677038e-06
2428,4.294204472898855e-06
1335,4.294180371289258e-06
8553,4.2940976072713966e-06
3061,4.288962827558862e-06
3406,4.288634499971522e-06
4501,4.283140242478112e-06
4851,4.278047072148183e-06
8660,4.266123823981616e-06
459,4.260467221683939e-06
2293,4.252892949807574e-06
1523,4.252258349879412e-06
4421,4.242687964506331e-06
2119,4.2404644773341715e-06
6682,4.236060703988187e-06
1719,4.2240585571562406e-06
8963,4.208929794913274e-06
4463,4.205389359412948e-06
6637,4.200815055810381e-06
5029,4.198423766865744e-06
162,4.197528141958173e-06
7271,4.1906725982698845e-06
5045,4.1894070363923674e-06
4814,4.18520198763872e-06
4256,4.1794073695200495e-06
9819,4.174811010670965e-06
1488,4.172335593466414e-06
4737,4.170570946371299e-06
4333,4.158018782618456e-06
519,4.156221166340401e-06
2500,4.1549669731466565e-06
1205,4.1543062252458185e-06
1562,4.1502967178530525e-06
9647,4.147319259573123e-06
368,4.139372776990058e-06
799,4.128874934394844e-06
2205,4.12777785641083e-06
7005,4.124652605241863e-06
5943,4.123521648580208e-06
4461,4.122418431506958e-06
9837,4.12092686019605e-06
8562,4.11429891755688e-06
205,4.10702728004253e-06
5057,4.085125738129136e-06
3658,4.0825807445799e-06
1227,4.078829533682438e-06
4698,4.078231768289697e-06
9412,4.076488266946399e-06
5084,4.072593810633407e-06
2353,4.070178192705498e-06
7473,4.057382056998904e-06
4405,4.054402552355896e-06
7053,4.046754384035012e-06
1330,4.043208036819124e-06
7437,4.043068884129752e-06
8018,4.039022087454214e-06
5321,4.034053517898428e-06
9506,4.022452685603639e-06
5556,4.020240794488927e-06
8754,4.017083711005398e-06
397,4.013561010651756e-06
505,3.997741941930144e-06
8841,3.9829546949476935e-06
374,3.977960886913934e-06
8601,3.971306568928412e-06
9852,3.967162911067135e-06
410,3.959839432354784e-06
5172,3.953854047722416e-06
7774,3.950929112761514e-06
6343,3.950430254917592e-06
1204,3.937539986509364e-06
8321,3.931020955860731e-06
4131,3.92781657865271e-06
9383,3.910913164872909e-06
3604,3.908586904799449e-06
8063,3.891932465194259e-06
8310,3.891069354722276e-06
8334,3.887979801220354e-06
7084,3.886087597493315e-06
3199,3.882546707245638e-06
9834,3.874848289342481e-06
7777,3.8747160715502105e-06
8588,3.872215756928199e-06
2448,3.871715307468548e-06
4649,3.863099436784978e-06
5427,3.860495098706451e-06
3785,3.8487033862111275e-06
6143,3.847940661216853e-06
2583,3.839071268885164e-06
9528,3.837778308479756e-06
9730,3.831247340713162e-06
5532,3.8308718330881675e-06
2070,3.829400611721212e-06
5398,3.8235773445194354e-06
3844,3.815266836681985e-06
3200,3.81217591893801e-06
8013,3.808618430412025e-06
952,3.805879146057123e-06
2697,3.8003976214895374e-06
6731,3.800363515438221e-06
8676,3.800194008363178e-06
9872,3.79914854420349e-06
3129,3.7986334291417734e-06
1644,3.784853220167861e-06
3806,3.78282641122496e-06
4564,3.780138854381221e-06
8628,3.7774609609186882e-06
9984,3.7744248402304947e-06
5223,3.771394972318376e-06
9969,3.767739485738275e-06
3763,3.7564435615422553e-06
1480,3.752730322048592e-06
9848,3.752595603145892e-06
6453,3.7518422004723107e-06
3827,3.7508165178223862e-06
9851,3.7493952049771906e-06
9830,3.7490387967409333e-06
4697,3.743106390174944e-06
3192,3.7427929555633455e-06
8164,3.7414130247270805e-06
5066,3.73457453406445e-06
3017,3.729898139681609e-06
7704,3.729083346115658e-06
7882,3.727578132384224e-06
2475,3.7231296801110147e-06
5095,3.7205234093562467e-06
4303,3.7146476188354427e-06
9941,3.7125889775779797e-06
4159,3.6979697597416816e-06
2222,3.696806061270763e-06
3282,3.6963734828532324e-06
4071,3.6941008829671773e-06
7800,3.69209385553404e-06
5809,3.6895478388032643e-06
3519,3.68472990430746e-06
8559,3.6832116165896878e-06
7001,3.677811491797911e-06
1254,3.677447693917202e-06
2712,3.6690972819997114e-06
6323,3.6668261600425467e-06
1993,3.665657231977093e-06
7401,3.664244218271051e-06
6899,3.6560262515195063e-06
7195,3.645689389486506e-06
4043,3.643946797637909e-06
2058,3.63461583674507e-06
8513,3.6311156463852967e-06
6035,3.624458940976183e-06
8537,3.62183595825627e-06
3948,3.620209213295311e-06
2203,3.6189607044434524e-06
1769,3.6109523762206663e-06
2048,3.609976829466177e-06
5883,3.6035451103089144e-06
5157,3.602046149353555e-06
6332,3.5988217632620945e-06
2040,3.5977951711174683e-06
9525,3.5933122717324295e-06
3085,3.5928643455918063e-06
4612,3.5912643170377123e-06
1395,3.5896143799618585e-06
5421,3.5879313600162277e-06
9390,3.5842342640535207e-06
9238,3.583906163839856e-06
4431,3.5808525353786536e-06
9037,3.5794747645923053e-06
3796,3.577626102924114e-06
3672,3.5760799619311e-06
7897,3.5745300692724413e-06
2929,3.5743286161959986e-06
1853,3.5707940924112336e-06
4479,3.5682336374520673e-06
1760,3.5666690791913425e-06
2300,3.5625587315735174e-06
5279,3.560381856004824e-06
8753,3.5603011383500416e-06
6374,3.5582054351834813e-06
9141,3.5501822139849537e-06
195,3.547108235579799e-06
8901,3.5465964174363762e-06
8232,3.5399458511164994e-06
3883,3.5361124446353642e-06
920,3.5342665114512783e-06
3390,3.5303618233228917e-06
6950,3.529035666360869e-06
1355,3.528445176925743e-06
6505,3.526014097587904e-06
6942,3.52584663687594e-06
1162,3.5241838531874237e-06
9233,3.522626116136962e-06
1002,3.5216881997257587e-06
4898,3.5197975876144483e-06
1813,3.514862896736304e-06
6595,3.5132730999976047e-06
4664,3.504421670186275e-06
743,3.503874836496834e-06
7095,3.5027675266974256e-06
6487,3.499944682516798e-06
8039,3.497173338473658e-06
7852,3.497054876788752e-06
8024,3.4947403264595778e-06
7107,3.4916731692646863e-06
3601,3.489621235530649e-06
1464,3.486734271973546e-06
9473,3.4823708574549528e-06
6383,3.4787224194587907e-06
9047,3.477739710433525e-06
8064,3.4767316492434475e-06
5981,3.470398723948165e-06
5797,3.468127601991e-06
9475,3.4664576560317073e-06
9536,3.4659732364161755e-06
6190,3.464554652055085e-06
2193,3.4634846315384493e-06
8672,3.4623848250703304e-06
9342,3.461110509306309e-06
6310,3.4606936196723836e-06
1267,3.460201355665049e-06
1857,3.458967285041581e-06
6599,3.4588548487590742e-06
666,3.458674882494961e-06
2010,3.4454450315024587e-06
186,3.442745082793408e-06
2595,3.4415876370985643e-06
8405,3.4378225564069e-06
8982,3.427839260439214e-06
6148,3.4272035236426746e-06
418,3.4235828252349165e-06
1582,3.421532483116607e-06
5834,3.416455570004473e-06
9544,3.4067304568452528e-06
4032,3.406422479201865e-06
8568,3.3993291026490624e-06
2513,3.397056616449845e-06
781,3.3936101999643142e-06
9042,3.389033963685506e-06
6926,3.3888361485878704e-06
3383,3.3881447052408475e-06
4949,3.3856496202133712e-06
6521,3.3851611078716815e-06
2763,3.384706019460282e-06
2805,3.3837210366982617e-06
239,3.380579300937825e-06
6093,3.3799713037296897e-06
3029,3.3787886195568717e-06
193,3.378167434675561e-06
6407,3.37688709350914e-06
3414,3.375850951670145e-06
565,3.3751974797269213e-06
9710,3.374501261532714e-06
2392,3.3730167388057453e-06
9113,3.3640036463111755e-06
7205,3.3632265967753483e-06
4115,3.3617734516155906e-06
7627,3.359484367138066e-06
2601,3.3592820045669214e-06
2251,3.355477247168892e-06
2863,3.3510468711028807e-06
8441,3.34734397711145e-06
3158,3.3452157595093013e-06
7758,3.3326580251014093e-06
8521,3.332126880195574e-06
851,3.331328798594768e-06
408,3.330358140374301e-06
3184,3.3252298408115166e-06
2199,3.323919600006775e-06
5100,3.321103804410086e-06
7090,3.3208176546395407e-06
2154,3.31827789068484e-06
3717,3.3137205264210934e-06
8251,3.3101463259299635e-06
2879,3.3058959161280654e-06
6685,3.3040819289453793e-06
3692,3.304079200461274e-06
8857,3.302773620816879e-06
9606,3.302338313915243e-06
1840,3.302056484244531e-06
6948,3.3003011594701093e-06
139,3.299789568700362e-06
1655,3.2919047043833416e-06
6414,3.2891097134779557e-06
2021,3.2868032349142595e-06
2176,3.275579842920706e-06
3205,3.270826255175052e-06
2189,3.270767138019437e-06
3955,3.267852093813417e-06
8285,3.2614285601084703e-06
7647,3.2606336617391207e-06
206,3.2601247994534788e-06
4085,3.258981223552837e-06
9686,3.258686433582625e-06
9570,3.258370270486921e-06
9402,3.2554783047089586e-06
7226,3.2515483781025978e-06
5525,3.2514591339349863e-06
6542,3.2511662766410154e-06
5086,3.250629788453807e-06
6468,3.24633492709836e-06
5481,3.244466142859892e-06
9637,3.2421388596048928e-06
5210,3.2379628009948647e-06
2530,3.2370304552387097e-06
7021,3.236042402932071e-06
9611,3.2312290159097756e-06
244,3.230601919312903e-06
5576,3.2286002351611387e-06
1096,3.2232638886853238e-06
3964,3.222359964638599e-06
6587,3.219858740521886e-06
3734,3.2176919830817496e-06
6741,3.217506446162588e-06
9347,3.217117182430229e-06
6215,3.214813204976963e-06
7761,3.200801529601449e-06
848,3.195380372744694e-06
6934,3.1944040301823406e-06
7858,3.1941681299940683e-06
3138,3.1939169957695412e-06
9092,3.1927943382470403e-06
3613,3.175499955432315e-06
4529,3.175366828145343e-06
500,3.1750244033901254e-06
7412,3.1725662665849086e-06
5194,3.1709131462775986e-06
7044,3.170261607010616e-06
4605,3.1687234240962425e-06
8071,3.167388967995066e-06
4502,3.1662783612773637e-06
7234,3.162528969369305e-06
5,3.1611847362000844e-06
5302,3.1584647786075948e-06
3755,3.1570270948577672e-06
327,3.1535921607428463e-06
5311,3.1478613209401374e-06
9257,3.1438195264854585e-06
8101,3.1411169629791402e-06
6252,3.140501576126553e-06
2387,3.138709644190385e-06
3575,3.135986162305926e-06
5251,3.134129315185419e-06
3053,3.133537916255591e-06
1137,3.132955953333294e-06
7504,3.132414803985739e-06
8234,3.1287926276490907e-06
5439,3.1258255148713943e-06
1304,3.1203527441903134e-06
6709,3.120052269878215e-06
8176,3.119151529062947e-06
6032,3.1141200906859012e-06
5226,3.1123778398978175e-06
2345,3.112277227046434e-06
4959,3.1038969154906226e-06
8115,3.1022622124510235e-06
1394,3.101952870565583e-06
3123,3.101790753134992e-06
840,3.1001222851045895e-06
9175,3.0977283813626855e-06
1734,3.095938268415921e-06
9715,3.0936079156163032e-06
3958,3.093192731284944e-06
7900,3.090857148890791e-06
9485,3.090165364483255e-06
2447,3.090017457907379e-06
83,3.0897882652425324e-06
5290,3.087252707700827e-06
9640,3.08691426198493e-06
5079,3.0842485330140335e-06
3620,3.0814458114036825e-06
9082,3.080667170252127e-06
9527,3.0778924156038556e-06
450,3.0756109481444582e-06
972,3.070103161917359e-06
2820,3.065099690502393e-06
6450,3.0641176635981537e-06
5051,3.0589513926315703e-06
6241,3.0573887670470867e-06
742,3.048562348340056e-06
2008,3.046698111575097e-06
7572,3.0431170898737037e-06
8724,3.038467070837214e-06
2956,3.0322889870149083e-06
3325,3.029013441846473e-06
2134,3.0281998988357373e-06
4912,3.027206048500375e-06
9922,3.026576223419397e-06
9724,3.024054876732407e-06
2631,3.019583118657465e-06
9160,3.019076302734902e-06
3684,3.0179683108144673e-06
5214,3.008365752066311e-06
3555,3.007648615493963e-06
1118,3.0056665991651244e-06
6115,3.0026315016584704e-06
4988,2.9978114071127493e-06
9163,2.9938021270936588e-06
5988,2.9912462196080014e-06
6446,2.9899217679485446e-06
6531,2.986828576467815e-06
2966,2.9849068141629687e-06
3107,2.983846457027539e-06
344,2.983480271723238e-06
3215,2.9831862775608897e-06
9516,2.9802391736666323e-06
5098,2.9771990739391185e-06
8105,2.97371013857628e-06
1110,2.9693977694478235e-06
9946,2.968390163005097e-06
4872,2.964697500829061e-06
1036,2.9619333190566977e-06
1918,2.9601552569147316e-06
294,2.9448332270476385e-06
5456,2.944211132671626e-06
5478,2.9430841550492914e-06
4728,2.942475930467481e-06
2621,2.9383886612777133e-06
5572,2.9355727519941865e-06
4896,2.9324220349735697e-06
1798,2.932374968622753e-06
5732,2.9312766400835244e-06
2620,2.930422851932235e-06
4604,2.927706759692228e-06
8952,2.9223073170214775e-06
7975,2.9188074677222176e-06
1872,2.91630396986875e-06
9880,2.915943355219497e-06
470,2.9137027013348415e-06
359,2.9121395073161693e-06
6909,2.9093388320688973e-06
4453,2.907727093770518e-06
493,2.9077232284180354e-06
622,2.907212888203503e-06
3540,2.904810799009283e-06
4165,2.904165967265726e-06
4636,2.902837081819598e-06
8505,2.9018682425885345e-06
783,2.9001759003222105e-06
1462,2.899955575230706e-06
9890,2.894654357987747e-06
3612,2.8929549671374843e-06
9370,2.8909092861795216e-06
7403,2.889984898502007e-06
1748,2.8876590931758983e-06
1890,2.8863686338809202e-06
2549,2.8855404252681183e-06
7736,2.8853789899585536e-06
2092,2.884616037590604e-06
1665,2.881937007259694e-06
9282,2.8813381049985765e-06
891,2.8810088679165347e-06
8358,2.88010096483049e-06
6654,2.8781049650206114e-06
6515,2.8760304076058674e-06
6083,2.8753078140653088e-06
8055,2.8747004989782e-06
4843,2.873632865885156e-06
2467,2.873477797038504e-06
1130,2.872801132980385e-06
7101,2.872786808438832e-06
645,2.8698086680378765e-06
126,2.8691786155832233e-06
7221,2.868375531761558e-06
3950,2.8642147071877844e-06
9468,2.859563323909242e-06
5806,2.8593058232218027e-06
8044,2.8586891858140007e-06
346,2.856154651453835e-06
2830,2.8508279683592264e-06
4203,2.849596853593539e-06
3698,2.83979284176894e-06
9991,2.8380537742123124e-06
8134,2.837620172613242e-06
4264,2.8369956908136373e-06
7916,2.834715473909455e-06
5151,2.8344081783870934e-06
8198,2.8325817993390956e-06
5692,2.8305685191298835e-06
6726,2.8296867640165146e-06
3166,2.8283354822633555e-06
5348,2.825650540216884e-06
4854,2.8247964110050816e-06
8746,2.8228860173840076e-06
9771,2.821914222295163e-06
775,2.821145699272165e-06
5492,2.8205239459566656e-06
2306,2.8201326358612278e-06
7178,2.818599000420363e-06
2598,2.8172548809379805e-06
9910,2.816604137478862e-06
5165,2.8159382736703265e-06
7371,2.815147354340297e-06
8566,2.814849381138629e-06
7131,2.81476798136282e-06
6825,2.8139862706666463e-06
5318,2.8139077130617807e-06
4287,2.8135773391113617e-06
6564,2.813288801917224e-06
647,2.811980493788724e-06
6315,2.8110953280702233e-06
2803,2.8070603548258077e-06
4980,2.8011654649162665e-06
7611,2.7991815159111866e-06
2572,2.7933563160331687e-06
427,2.7906354489459773e-06
6300,2.7893423748537316e-06
7417,2.7835903892992064e-06
7046,2.783579134302272e-06
8380,2.782291517178237e-06
2032,2.780549721137504e-06
5007,2.7794545758297318e-06
2237,2.7770571477958583e-06
8057,2.7765441927840584e-06
7614,2.7757735097111436e-06
6826,2.7714655743693584e-06
1774,2.767807018244639e-06
8539,2.7656359407046693e-06
1068,2.7611612267719465e-06
8750,2.7604355636867695e-06
9874,2.7602301315710065e-06
3456,2.758996174634376e-06
940,2.7589637738856254e-06
8028,2.7554091275305836e-06
7291,2.7522637537913397e-06
8445,2.751632678155147e-06
7301,2.7501389467943227e-06
7670,2.747547569015296e-06
8613,2.747538701441954e-06
7612,2.746032578215818e-06
3176,2.7454756263978197e-06
3461,2.742007154665771e-06
7315,2.741808657447109e-06
4223,2.7384234044802724e-06
3266,2.736472310971294e-06
6314,2.7361074899090454e-06
2643,2.7360832746126107e-06
6639,2.7349811944077373e-06
6988,2.7292379627397167e-06
6842,2.72765055342461e-06
6117,2.7243836484558415e-06
108,2.724324986047577e-06
9386,2.7242856504017254e-06
1303,2.723419243011449e-06
7347,2.7204620209886343e-06
1696,2.7191828166905907e-06
661,2.7174497745363624e-06
1527,2.713210960791912e-06
2120,2.712874902499607e-06
9028,2.7102862532046856e-06
5614,2.7090896992376656e-06
7713,2.7085861802333966e-06
3026,2.706928057705227e-06
1959,2.7051542019762564e-06
343,2.704215035009838e-06
8241,2.7038779535359936e-06
5829,2.7018026003133855e-06
7165,2.7015424848286784e-06
6916,2.7008217102775234e-06
8255,2.70054545126186e-06
1592,2.699583205867384e-06
8237,2.6984766918758396e-06
6803,2.6981476821674732e-06
185,2.6978874529959285e-06
7560,2.6978755158779677e-06
3595,2.6966499717673287e-06
1122,2.6962223955706577e-06
1651,2.6948077902488876e-06
3579,2.694595195862348e-06
3182,2.6942303748000995e-06
7081,2.693722990443348e-06
5369,2.692269504223077e-06
4481,2.692106136237271e-06
9843,2.691970280466194e-06
3216,2.691622285055928e-06
3773,2.6903271646006033e-06
4073,2.6880798031925224e-06
7942,2.6880120458372403e-06
7054,2.687845949367329e-06
504,2.6871441605180735e-06
7,2.6850572112380178e-06
2469,2.6833671427084482e-06
191,2.6806606001628097e-06
7370,2.6805251991390833e-06
9882,2.6781495989780524e-06
4918,2.6759050797409145e-06
1217,2.6757300020108232e-06
7964,2.6754289592645364e-06
1799,2.6753729116535396e-06
9147,2.674725806173228e-06
4372,2.6713104261943954e-06
658,2.6696748136600945e-06
5932,2.6666646135709016e-06
112,2.6653079885363695e-06
5558,2.664868816282251e-06
2461,2.6641664589988068e-06
7999,2.663610644049186e-06
2528,2.661855319274764e-06
679,2.659918436620501e-06
2873,2.6598435169944423e-06
4299,2.6574131197776296e-06
6015,2.653863703017123e-06
3589,2.651086333571584e-06
6555,2.649502675922122e-06
9794,2.648763825163769e-06
9517,2.6463018230060698e-06
1307,2.6459748596607824e-06
6477,2.6457694275450194e-06
13,2.644802179929684e-06
8085,2.64180550857418e-06
5819,2.6414073772684787e-06
2242,2.6393520329293096e-06
6104,2.638455498527037e-06
3868,2.6382273290437297e-06
5203,2.6375792003818788e-06
8591,2.6369392571723438e-06
9488,2.6337971803513938e-06
569,2.6337764893469284e-06
3654,2.633279336805572e-06
9378,2.6321673658458167e-06
2418,2.6317937908970634e-06
502,2.6304370521756937e-06
1524,2.628535867188475e-06
2930,2.6241538080284954e-06
4705,2.6241390287395916e-06
4676,2.6218892799079185e-06
8293,2.620835061861726e-06
7206,2.614178015392099e-06
1336,2.6140774025407154e-06
5408,2.6132180437343777e-06
7671,2.612112780298048e-06
3323,2.6077061647811206e-06
6960,2.6075534833580605e-06
7085,2.606953330541728e-06
980,2.6067194767165347e-06
7097,2.606201178423362e-06
4064,2.604729729682731e-06
7394,2.601196342766343e-06
1281,2.6005359359260183e-06
4249,2.6002002186942264e-06
8701,2.597430238893139e-06
8472,2.595765749902057e-06
270,2.594939132904983e-06
372,2.5942811134882504e-06
6082,2.5918172923411475e-06
5766,2.5912876253642025e-06
9268,2.5898427793435985e-06
8096,2.5895259341268684e-06
9541,2.5867725526040886e-06
4143,2.5854592422547285e-06
3730,2.5812132662395015e-06
7345,2.5801792844504234e-06
321,2.580011141617433e-06
498,2.5799612330956734e-06
8501,2.5797356784096337e-06
3909,2.5779429506656015e-06
1969,2.5755008437045035e-06
5329,2.5724860961418017e-06
957,2.5706763153721113e-06
6121,2.5706353881105315e-06
1016,2.57020235494565e-06
9714,2.5701468757688417e-06
8803,2.569949970165908e-06
3752,2.5690303573355777e-06
7260,2.5682993509690277e-06
2584,2.561307383075473e-06
81,2.559146992098249e-06
1077,2.5582165790183353e-06
7568,2.557298330430058e-06
3501,2.556989443291968e-06
9051,2.5549944666636293e-06
7406,2.5528581772960024e-06
2911,2.5504584755253745e-06
4202,2.549331611589878e-06
7512,2.547546500863973e-06
5367,2.5470264972682344e-06
9379,2.5454044134676224e-06
7883,2.5452807221881812e-06
3096,2.543396476539783e-06
4491,2.5400941012776457e-06
7876,2.5393150053787394e-06
6065,2.5386427751072915e-06
7481,2.5358702941957745e-06
8292,2.533021643102984e-06
1108,2.530808615119895e-06
9925,2.5275339794461615e-06
9660,2.5253782496292843e-06
2110,2.524809815440676e-06
1084,2.52366646691371e-06
7402,2.5219521830877056e-06
7914,2.5218193968612468e-06
9600,2.5218105292879045e-06
3765,2.5196515025527333e-06
392,2.5158167318295455e-06
6253,2.514775587769691e-06
1942,2.5126407763309544e-06
3046,2.512151240807725e-06
199,2.5092780333579867e-06
534,2.5084935941777076e-06
429,2.5069839466596022e-06
6718,2.5068560489671654e-06
3171,2.5062806798814563e-06
3500,2.5058277515199734e-06
5304,2.5055234118553926e-06
809,2.5027628680618363e-06
8456,2.4963037503766827e-06
7628,2.4955380695246276e-06
1657,2.4928041284510982e-06
841,2.4924584067775868e-06
6080,2.4907037641241914e-06
2941,2.489413418516051e-06
7065,2.489165126462467e-06
4267,2.4874547079889453e-06
3929,2.4869608523658826e-06
6150,2.4842128141244757e-06
900,2.484168589944602e-06
5475,2.4835467229422648e-06
9299,2.4829749918353627e-06
5520,2.4829464564390946e-06
1235,2.4819006512188935e-06
4006,2.4817622943373863e-06
8348,2.481758770045417e-06
4520,2.4783375920378603e-06
9179,2.4778597662589164e-06
6878,2.4771782136667753e-06
8862,2.4741729021116043e-06
3721,2.4738322963457904e-06
7529,2.472571736689133e-06
2057,2.471954758220818e-06
1086,2.4712671802262776e-06
5013,2.4711014248168794e-06
7566,2.470076083227468e-06
6750,2.4675819076946937e-06
7994,2.4618998395453673e-06
5594,2.461821168253664e-06
3257,2.4611408662167378e-06
2427,2.4611042590549914e-06
7070,2.456550987517403e-06
4442,2.4559299163229298e-06
5284,2.454496438986098e-06
2226,2.454484501868137e-06
8921,2.4524525770175387e-06
6245,2.4498386892446433e-06
692,2.448061195536866e-06
9804,2.4455615630358807e-06
8752,2.4454795948258834e-06
148,2.4420071440545144e-06
5550,2.4414830477326177e-06
1822,2.4412241828031256e-06
867,2.4409702064076555e-06
7802,2.4354566221518326e-06
4457,2.431581265227578e-06
2847,2.431399934721412e-06
6337,2.4269357936645974e-06
5805,2.4232909936472424e-06
1182,2.4229173050116515e-06
982,2.4209986122514238e-06
8881,2.420533860458818e-06
7950,2.419945644760446e-06
7160,2.419478846604761e-06
6119,2.4191663214878645e-06
4940,2.4186737164200167e-06
3798,2.417161340417806e-06
7212,2.415662947896635e-06
5886,2.4153209778887685e-06
9438,2.4106544742608094e-06
752,2.4095729713735636e-06
4489,2.4090409169730265e-06
9790,2.407208626209467e-06
8866,2.406975113444787e-06
7049,2.406801627330424e-06
8689,2.4040656398938154e-06
8583,2.4035911110331654e-06
7093,2.4025571292440873e-06
5729,2.402072937002231e-06
3064,2.4013875190576073e-06
9441,2.4011959567360464e-06
1380,2.3997494054128765e-06
9093,2.3979051775313565e-06
2764,2.3972030476215878e-06
5695,2.39494454490341e-06
6664,2.3940295932334266e-06
4288,2.3914367375255097e-06
6632,2.389932205915102e-06
9071,2.3892119997981354e-06
2445,2.3880455728431116e-06
1381,2.3859159909989103e-06
9540,2.385119273640157e-06
453,2.3806419449101668e-06
5298,2.3806346689525526e-06
5150,2.3800854478395195e-06
163,2.37943027059373e-06
140,2.378186650275893e-06
2371,2.373638153585489e-06
6591,2.3728316591586918e-06
3624,2.371686491642322e-06
735,2.3711313588137273e-06
6135,2.3664041464144248e-06
991,2.366390503993898e-06
762,2.3650508182981866e-06
6609,2.3629709176020697e-06
4924,2.3626931806575158e-06
329,2.3616205453436123e-06
6324,2.360212647545268e-06
2507,2.3579009393870365e-06
1333,2.35762433931086e-06
6006,2.3566672098240815e-06
8756,2.355606056880788e-06
1645,2.3547551109004417e-06
9523,2.353522518205864e-06
7114,2.3506414663643227e-06
4295,2.349639089516131e-06
644,2.3468171548302053e-06
727,2.341298795727198e-06
7982,2.3412401333189337e-06
6388,2.338402964596753e-06
7334,2.3380433731290395e-06
6794,2.3376851459033787e-06
5271,2.336014404136222e-06
596,2.335823182875174e-06
4134,2.3337822767643956e-06
8452,2.3329586156251025e-06
4579,2.332182475583977e-06
4948,2.331730001969845e-06
1362,2.3296302060771268e-06
6064,2.3294138600249426e-06
3249,2.329305061721243e-06
9277,2.3280205141418264e-06
9310,2.3263498860615073e-06
6705,2.324971660527808e-06
4963,2.3243478608492296e-06
6019,2.32203956329613e-06
1099,2.3183001758297905e-06
8527,2.317778807991999e-06
7576,2.317238681825984e-06
1374,2.315437200195447e-06
5181,2.315216306669754e-06
8717,2.3152078938437626e-06
2921,2.3134999764806707e-06
1175,2.312820697625284e-06
9224,2.3127714712245506e-06
2522,2.31268518291472e-06
6410,2.312153014827345e-06
9472,2.3113585712053464e-06
4219,2.3103326611817465e-06
4416,2.309904061803536e-06
2129,2.3084357962943614e-06
9396,2.307595536876761e-06
6967,2.3062235641191364e-06
9560,2.3061031697579892e-06
1372,2.3050378104017e-06
293,2.3016333443592885e-06
4477,2.3014205225990736e-06
1250,2.299698621754942e-06
1475,2.299151788065501e-06
3528,2.2990328716332442e-06
970,2.2971827320361626e-06
6874,2.2953616962695378e-06
6855,2.295065996804624e-06
8095,2.291707801305165e-06
53,2.289128929078288e-06
1517,2.2875103695696453e-06
7250,2.2871781766298227e-06
4381,2.281467686771066e-06
4016,2.2809770143794594e-06
5101,2.2807653294876218e-06
6025,2.2807095092503005e-06
57,2.277119961036078e-06
8706,2.2740009626431856e-06
4424,2.2733074729330838e-06
9453,2.2714951910529635e-06
5991,2.271488483529538e-06
7539,2.269156539114192e-06
9017,2.2688357148581417e-06
1424,2.2681888367515057e-06
8412,2.2674289539281745e-06
3953,2.26509393996821e-06
4850,2.264206159452442e-06
5033,2.2624418534178403e-06
6157,2.261710164930264e-06
4576,2.2615507759837783e-06
4408,2.26020495119883e-06
863,2.2601499267693725e-06
4538,2.2595814925807645e-06
8212,2.2582565861739567e-06
9491,2.255909521409194e-06
4395,2.254755486319482e-06
324,2.252418198622763e-06
8053,2.252232775390439e-06
4302,2.2519162712342222e-06
7879,2.251413320664142e-06
3556,2.250695729344443e-06
2121,2.2505026890939916e-06
8369,2.249980184387823e-06
7735,2.246586518594995e-06
2391,2.2465699203166878e-06
6721,2.2461919115812634e-06
8518,2.2452518351201434e-06
8151,2.243088715658814e-06
1909,2.241254719592689e-06
200,2.240578510281921e-06
1081,2.235679971818172e-06
7091,2.235079136880813e-06
1978,2.234945327472815e-06
7388,2.2338919052344863e-06
4087,2.233205918855674e-06
333,2.233128725492861e-06
7516,2.23297809043288e-06
2980,2.2323903294818592e-06
51,2.2316967260849196e-06
187,2.2314051193461637e-06
5687,2.2313267891149735e-06
5571,2.229841356893303e-06
4667,2.2281774363364093e-06
8192,2.2277554307947867e-06
3564,2.2267859094426967e-06
9012,2.2250250140132266e-06
6733,2.2220500568437274e-06
3427,2.221679437752755e-06
298,2.2186400201462675e-06
1844,2.217375936197641e-06
3455,2.2165266955198604e-06
8228,2.216439042967977e-06
8935,2.2139844304547296e-06
2515,2.213344259871519e-06
9260,2.2109995825303486e-06
5489,2.2108771418061224e-06
4007,2.209322246926604e-06
9479,2.2092468725531944e-06
7126,2.208942873949127e-06
202,2.207938223364181e-06
4127,2.207153215749713e-06
2041,2.203759549956885e-06
8483,2.2021160930307815e-06
9126,2.2020208234607708e-06
4475,2.2006111066730227e-06
9678,2.200074732172652e-06
3639,2.1989853848936036e-06
8012,2.197018488914182e-06
9231,2.196093419115641e-06
2107,2.1960698859402328e-06
9653,2.1943483261566143e-06
7881,2.194061721638718e-06
8977,2.1931590481472085e-06
7997,2.192914621446107e-06
3113,2.1927314719505375e-06
9503,2.1904754703427898e-06
5987,2.1898867998970672e-06
1324,2.1814744286530185e-06
6645,2.1808765495734406e-06
4100,2.180255592065805e-06
528,2.1797554836666677e-06
3276,2.179617695219349e-06
6785,2.1782644807899487e-06
8743,2.1775593950223993e-06
6348,2.176788029828458e-06
4259,2.1758403363492107e-06
5254,2.174465521420643e-06
3761,2.170478637708584e-06
8374,2.168874857488845e-06
4805,2.167522666240984e-06
4760,2.164187435482745e-06
2738,2.1633912865581806e-06
981,2.1617184984279447e-06
3606,2.159290943382075e-06
9302,2.1564679855146096e-06
7079,2.1563176915151416e-06
5813,2.1560077811955125e-06
7082,2.1553828446485568e-06
8509,2.1533468270718004e-06
8544,2.1527346234506695e-06
4190,2.1527308717850246e-06
3582,2.150155523850117e-06
4766,2.1492724044946954e-06
5977,2.1492193127414794e-06
7973,2.146524479940126e-06
1670,2.145985945389839e-06
3336,2.145116468454944e-06
6902,2.1449537825901643e-06
9325,2.1436518409245764e-06
3095,2.1426021703518927e-06
5030,2.141209847650316e-06
9878,2.1407768144854344e-06
6980,2.140566721209325e-06
7557,2.1398008129835944e-06
6070,2.139128810085822e-06
4960,2.1391150539784576e-06
6911,2.138621880476421e-06
4780,2.1379707959567895e-06
3918,2.1376002905526548e-06
542,2.1349181906771264e-06
2238,2.1340082412280026e-06
6272,2.132960617018398e-06
2006,2.1329208266251953e-06
5222,2.1327475678845076e-06
8420,2.13120858916227e-06
471,2.131186988663103e-06
9240,2.1306848339008866e-06
3733,2.1305661448423052e-06
7353,2.129023300767585e-06
9353,2.1285552520566853e-06
2232,2.1283569822116988e-06
5068,2.127237507920654e-06
9015,2.12604913940595e-06
1348,2.125831429111713e-06
5260,2.1246852384138037e-06
8642,2.124025627381343e-06
4534,2.123783019669645e-06
1141,2.1229490130281192e-06
446,2.1223791009106208e-06
9757,2.1209641545283375e-06
3258,2.1205871689744527e-06
9284,2.1202720290602883e-06
4864,2.119089572261146e-06
6559,2.11892620427534e-06
7019,2.118447582688532e-06
9841,2.11831843444088e-06
6801,2.1183076341912965e-06
6024,2.1180368321438436e-06
1919,2.117578901561501e-06
8534,2.116515929628804e-06
568,2.115361439791741e-06
1941,2.113820528393262e-06
7645,2.113701725647843e-06
7124,2.1134311509740655e-06
1142,2.112515858243569e-06
8430,2.1119993789397995e-06
2557,2.110982677550055e-06
1590,2.110655145770579e-06
3741,2.1103483049955685e-06
7624,2.1088695802973234e-06
8726,2.107531145156827e-06
7193,2.1072715981063084e-06
2750,2.1063441408841754e-06
4981,2.1059875052742427e-06
8274,2.1049372662673704e-06
5759,2.104771965605323e-06
9651,2.1045177618361777e-06
4107,2.1028561150160385e-06
91,2.102431949424499e-06
8714,2.1016252276240266e-06
8446,2.1005781718486105e-06
782,2.0991517430957174e-06
1458,2.098619347634667e-06
5056,2.098599338751228e-06
4769,2.097763058372948e-06
2394,2.0968149101463496e-06
5952,2.096569232890033e-06
4836,2.0960131905667367e-06
8633,2.0955592390237143e-06
6873,2.095402123813983e-06
7809,2.095310605909617e-06
4927,2.0947517214153777e-06
8541,2.094609499181388e-06
1616,2.0929018091919716e-06
4248,2.0927328705511172e-06
3632,2.0924494492646772e-06
620,2.0897426793453633e-06
5739,2.0876344706266536e-06
4675,2.0875152131338837e-06
2168,2.086521021738008e-06
9825,2.086086510644236e-06
9139,2.085535697915475e-06
7429,2.0849766997343977e-06
6462,2.0839391936533502e-06
5667,2.083113599837816e-06
3411,2.0829650111409137e-06
9308,2.0828641709158546e-06
3747,2.0825812043767655e-06
3250,2.0813617993553635e-06
8090,2.079566684187739e-06
1612,2.078612396871904e-06
8618,2.077993258353672e-06
2767,2.0777778217961895e-06
5125,2.075861175399041e-06
9676,2.0756804133270634e-06
9066,2.0722314957311028e-06
4112,2.067767468361126e-06
3531,2.064905061160971e-06
3374,2.062045155071246e-06
8257,2.061469331238186e-06
4944,2.058168774965452e-06
1428,2.0578999055942404e-06
2895,2.0576020460794098e-06
4526,2.0563162479447783e-06
8605,2.054590936495515e-06
7520,2.0534542954919743e-06
6922,2.051636670330481e-06
501,2.05113076390262e-06
4160,2.0496142951742513e-06
7794,2.0489247845034697e-06
1177,2.0481494402702083e-06
6162,2.0480624698393513e-06
3168,2.0457157461351017e-06
7963,2.0429176856850972e-06
8287,2.040952267634566e-06
173,2.039821424659749e-06
1561,2.0397236539793084e-06
1619,2.032579118349531e-06
1144,2.0320151179475943e-06
2373,2.031119720413699e-06
2045,2.0309361161707784e-06
7854,2.0304504460000317e-06
8312,2.0298678009567084e-06
7441,2.0291180362619343e-06
9840,2.0250068928362452e-06
487,2.0249917724868283e-06
7214,2.024563855229644e-06
8874,2.0239666582710925e-06
6229,2.023660499617108e-06
2319,2.023250203819771e-06
1733,2.022859234784846e-06
2519,2.021969407905999e-06
4099,2.0199166783640976e-06
6860,2.0198795027681626e-06
4435,2.0198627908030176e-06
1740,2.0196097239022492e-06
8268,2.0191870362396003e-06
9621,2.0156568325546687e-06
6036,2.0153898958596983e-06
5266,2.0134156102358247e-06
2571,2.0107820546400035e-06
3997,2.0102752387174405e-06
1893,2.009322656704171e-06
6756,2.008411115639319e-06
609,2.0078175566595746e-06
326,2.0075223119420116e-06
7853,2.0074344320164528e-06
4057,2.006376689678291e-06
12,2.0047666566824773e-06
4614,2.004490738727327e-06
2774,2.0037048216181574e-06
5142,2.002659925892658e-06
3677,2.0004622456326615e-06
8883,1.999318214984669e-06
2496,1.9992265833934653e-06
1422,1.9985296830782318e-06
2723,1.9968387050539604e-06
5878,1.9957381027779775e-06
9753,1.9956935375375906e-06
2043,1.9951307876908686e-06
2784,1.9928027086280053e-06
4403,1.9927916810047464e-06
4026,1.992450393117906e-06
836,1.99244470877602e-06
9046,1.992424699892581e-06
3967,1.990008627217321e-06
231,1.988062308555527e-06
9938,1.987947143788915e-06
1780,1.9866441789417877e-06
2047,1.985828930628486e-06
3820,1.9856547623930965e-06
4902,1.9854394395224517e-06
6991,1.9844270582325407e-06
585,1.982954813684046e-06
4978,1.9828392510135018e-06
9252,1.981788841476373e-06
6013,1.978536829483346e-06
7068,1.977836859623494e-06
8833,1.9765690808526415e-06
3435,1.975650889107783e-06
2221,1.9723745481314836e-06
4689,1.9722227762031252e-06
4881,1.971453912119614e-06
8074,1.9690545514094993e-06
8273,1.9668581217047176e-06
5336,1.96498433524539e-06
1516,1.9643645146061317e-06
5583,1.964351781680307e-06
9225,1.9629316057034885e-06
9004,1.962219243978325e-06
2128,1.9615484916357673e-06
2498,1.9614132042988786e-06
6885,1.9613682979979785e-06
3912,1.9611946981967776e-06
4937,1.956650407919369e-06
9059,1.9561033468562528e-06
2852,1.9553478978195926e-06
5198,1.953682840394322e-06
2332,1.952451498254959e-06
6695,1.9512800690790755e-06
1937,1.9510072206685436e-06
5042,1.9503987687130575e-06
6930,1.950280989149178e-06
3381,1.9485336224533967e-06
1952,1.9476672150631202e-06
9340,1.947664372892177e-06
8561,1.947659200141061e-06
9535,1.94757990357175e-06
521,1.947239752553287e-06
6268,1.944710220413981e-06
6598,1.9439413563304697e-06
4002,1.943617462529801e-06
8001,1.941060588706023e-06
5277,1.940533252309251e-06
8524,1.9404560021030193e-06
1563,1.939384048910142e-06
8406,1.9386214944461244e-06
1650,1.938571358550689e-06
2899,1.9369045958228526e-06
8536,1.9364475747352117e-06
7110,1.935800924002251e-06
4418,1.93472567389108e-06
9209,1.933942826326529e-06
2036,1.9330037162035296e-06
5959,1.932848817887134e-06
9027,1.9297518178973405e-06
7455,1.9287708141746407e-06
5700,1.926927211570728e-06
8480,1.9264965089860198e-06
4452,1.9254459289186343e-06
713,1.925020853832393e-06
5600,1.923541447013122e-06
3876,1.921318528275151e-06
1786,1.921071543620201e-06
5872,1.917785652949533e-06
2624,1.917570784826239e-06
25,1.916867574891512e-06
31,1.916537598845025e-06
9905,1.9137522144774266e-06
9241,1.9133296405016154e-06
2523,1.9126676420455624e-06
9580,1.9125435528621892e-06
2029,1.9119663079436577e-06
118,1.9116282601316925e-06
7471,1.911249967179174e-06
4282,1.9101340740235173e-06
3012,1.9097121253253135e-06
8320,1.908492151869723e-06
5099,1.9059792180087243e-06
5894,1.9055477764595707e-06
7153,1.9052226889471058e-06
9411,1.9048383705921879e-06
7904,1.9038689629269356e-06
533,1.9035712170989427e-06
5621,1.9032069076274638e-06
2680,1.9029434952244628e-06
3082,1.9017934960174898e-06
5023,1.9012473444490752e-06
835,1.899923461223807e-06
2989,1.899554661122238e-06
5317,1.8994351762557926e-06
2037,1.89894132063273e-06
2745,1.898244192943821e-06
7052,1.8981475591317576e-06
6974,1.8973621536133578e-06
6660,1.8968469817082223e-06
4860,1.8964137211696652e-06
6749,1.8959626686410047e-06
4173,1.8944890598504571e-06
4945,1.8901175735663855e-06
9561,1.8879557615036902e-06
9574,1.8873781186812266e-06
4804,1.8849423213396221e-06
6161,1.884223649994965e-06
1980,1.8826343080036168e-06
4723,1.8825764414032164e-06
3016,1.881967705230636e-06
1753,1.8816670603882812e-06
4841,1.8815730982169043e-06
4132,1.8813112205862126e-06
4987,1.8794825109580415e-06
1560,1.8777606669573288e-06
7954,1.8777481045617606e-06
1159,1.877188424259657e-06
6146,1.8747419403553067e-06
7903,1.8739583538263105e-06
2265,1.8737649156719272e-06
3959,1.8727637325355317e-06
1787,1.8726274788605224e-06
5644,1.8718946535045689e-06
9470,1.8713762415245583e-06
5721,1.8702852457863628e-06
2521,1.8690802789933514e-06
6888,1.8683495568438957e-06
1300,1.8662692014004278e-06
349,1.8652899029802938e-06
6594,1.863510135535762e-06
6485,1.8602131035549974e-06
794,1.8577104015093937e-06
3065,1.8559533145889873e-06
6891,1.8558935153123457e-06
3076,1.8554881080490304e-06
937,1.8534195191932668e-06
9659,1.8529045178183878e-06
6502,1.852102400334843e-06
6086,1.850033925165917e-06
2224,1.8491966216060973e-06
9725,1.8488258319848683e-06
4409,1.8483488588572072e-06
7398,1.8466707842890173e-06
2200,1.8461719264450949e-06
5090,1.8432354522701644e-06
9070,1.8428132193548663e-06
8440,1.8419362959321006e-06
791,1.8413910538583877e-06
4792,1.8395677443550085e-06
425,1.8394505900687363e-06
7990,1.8358342686042306e-06
1795,1.8350939399169874e-06
2267,1.832461293815868e-06
995,1.8317977605875058e-06
5016,1.8317467151973688e-06
8709,1.8305993876310822e-06
5255,1.8303300635125197e-06
9346,1.8292861909685598e-06
4946,1.8264638583787018e-06
1306,1.8261205241287826e-06
5236,1.8252657127959537e-06
7026,1.8240042436445947e-06
3860,1.8237358858641528e-06
3100,1.8236846699437592e-06
3300,1.8225944700134278e-06
8890,1.8217028241451771e-06
6527,1.8190249875260633e-06
866,1.8181908671976998e-06
2562,1.8181247583015647e-06
7861,1.8166983863920905e-06
7535,1.8165385995416727e-06
4989,1.8164051880376064e-06
9917,1.8157230101678579e-06
100,1.813495600799797e-06
7837,1.813037442843779e-06
8218,1.8129796899302164e-06
2299,1.812238224374596e-06
441,1.8117858644473017e-06
2999,1.8115356397174764e-06
6805,1.811153595099313e-06
8621,1.8101545720128343e-06
1146,1.8099143517247285e-06
6631,1.8080921790897264e-06
9744,1.8076560763802263e-06
802,1.8075608068102156e-06
342,1.807180012747267e-06
8712,1.8057307329399919e-06
9030,1.8046895888801373e-06
2378,1.8028751469501003e-06
5139,1.8022988115262706e-06
9197,1.8017682918980427e-06
1743,1.8010769053944387e-06
8576,1.8005490005634783e-06
4209,1.798180903733737e-06
5802,1.7977045558836835e-06
5093,1.7974468846659875e-06
8177,1.796446497337456e-06
5864,1.7958081457436492e-06
4500,1.7946992443285126e-06
275,1.7940257066584309e-06
8269,1.7924155599757796e-06
9515,1.7912284420162905e-06
9534,1.7901497812999878e-06
824,1.7891611605591606e-06
1484,1.7887451804199372e-06
4350,1.7883247096506238e-06
804,1.7863889638647379e-06
7541,1.7856646081781946e-06
1261,1.7852368046078482e-06
5652,1.7840626469478593e-06
1802,1.7837737686932087e-06
8713,1.7827998703978665e-06
8498,1.7802067873162741e-06
2347,1.7799210354496608e-06
9220,1.778783655481675e-06
3240,1.7781566157282214e-06
5800,1.776705346401286e-06
4866,1.776025840172224e-06
5256,1.7755857584234036e-06
5026,1.7752016105987423e-06
266,1.774681436472747e-06
3124,1.7736141444402165e-06
5566,1.7732886021804006e-06
3314,1.7722225038596662e-06
6583,1.7708220525491924e-06
7978,1.7699816226013354e-06
9373,1.7683412352198502e-06
5676,1.767258709151065e-06
5486,1.7660826756582537e-06
8037,1.7657606576904072e-06
1429,1.7653522945693112e-06
5002,1.765008107668109e-06
6675,1.7648409311732394e-06
1072,1.7647435583967308e-06
9083,1.7646056562625745e-06
3094,1.7638154758969904e-06
281,1.7631492141845229e-06
2028,1.7621275105739187e-06
6339,1.761565840752155e-06
8683,1.7611972680242616e-06
7367,1.7609619362701778e-06
3841,1.7603641140340187e-06
7440,1.7601332160666061e-06
2192,1.759255212618882e-06
821,1.7568963812664151e-06
6747,1.7536592622491298e-06
9788,1.7522460780128313e-06
6923,1.7518040067443508e-06
2228,1.7516955495011644e-06
4908,1.7464055872551398e-06
6372,1.7461529182583035e-06
2024,1.7454165117669618e-06
5443,1.7450438463129103e-06
5722,1.7449575580030796e-06
6585,1.743484745020396e-06
3816,1.743398570397403e-06
7869,1.7430022580811055e-06
1968,1.7421517100046913e-06
3188,1.7421333495803992e-06
4905,1.7416582522855606e-06
4962,1.7416554669580364e-06
6102,1.740692653129372e-06
6219,1.7405283756488643e-06
7763,1.7393555822309281e-06
2236,1.7387747561770084e-06
3924,1.7383295016770717e-06
8141,1.7371850162817282e-06
8495,1.7359222965751542e-06
8775,1.7348311303067021e-06
8425,1.7343565446026332e-06
2307,1.731700479012943e-06
2615,1.7314116576017113e-06
932,1.730867381866119e-06
4268,1.7289694369537756e-06
3284,1.7284882005697e-06
6513,1.7263120071220328e-06
4996,1.7260422282561194e-06
8006,1.724629839827685e-06
5934,1.7241799810108205e-06
4641,1.7235653331226786e-06
6831,1.7227824287147087e-06
5484,1.7226761883648578e-06
7834,1.7218289372067375e-06
9384,1.7214031231560512e-06
3712,1.7207605083058297e-06
2616,1.7204135360771033e-06
8961,1.720359762202861e-06
8945,1.7202577282660059e-06
7194,1.7195404780068202e-06
1934,1.7193376606883248e-06
5388,1.7191078995892894e-06
7591,1.7165067447422189e-06
8296,1.7161822256639425e-06
4276,1.7158699279207212e-06
82,1.7156253306893632e-06
7489,1.714537518182624e-06
84,1.7139983583547291e-06
6356,1.7120726170105627e-06
3506,1.7111533452407457e-06
4044,1.7110251064877957e-06
9655,1.7105789424931572e-06
6841,1.7102493643506023e-06
1550,1.709175421638065e-06
5653,1.7085625927393266e-06
682,1.7085208696698828e-06
247,1.7060376080735296e-06
4283,1.7059289234566677e-06
4533,1.7044424680534576e-06
8801,1.7017434288391087e-06
2492,1.7004317669488955e-06
6581,1.7003906691570592e-06
3244,1.6999863419187022e-06
3545,1.6998299088299973e-06
8189,1.6983231603262539e-06
2577,1.6979847146103566e-06
5009,1.6976789538603043e-06
1359,1.6975613448266813e-06
9176,1.6974811387626687e-06
4246,1.69743566402758e-06
1375,1.6971361560536025e-06
8043,1.695563696557656e-06
4571,1.6948615666478872e-06
4067,1.694481852609897e-06
1092,1.6932676203396113e-06
574,1.6924907981774595e-06
9423,1.692136152087187e-06
5366,1.6918518213060452e-06
3218,1.691717159246764e-06
75,1.691586817287316e-06
1262,1.6911448028622544e-06
2717,1.6906914197534206e-06
8997,1.690627982497972e-06
538,1.6902895936254936e-06
2465,1.6883754483387747e-06
6369,1.6881746773833584e-06
4993,1.6878114479368378e-06
4682,1.687771714387054e-06
9849,1.6864787539816462e-06
9732,1.6851433315423492e-06
138,1.6841157730596024e-06
1571,1.6840908187987225e-06
8723,1.6838286001075176e-06
5191,1.6833130871418689e-06
4751,1.680304478668404e-06
1939,1.6801514561848307e-06
7564,1.678592582265992e-06
6353,1.677458897120232e-06
2409,1.6773131505942729e-06
4460,1.6771905393397901e-06
2594,1.674683119290421e-06
8769,1.6740349337851512e-06
1011,1.6726218632356904e-06
4078,1.6712226624804316e-06
436,1.671150243964803e-06
9842,1.670276276399818e-06
6690,1.6698219269528636e-06
2370,1.669749451593816e-06
1396,1.6680243675182282e-06
1115,1.6672973401909985e-06
687,1.6668443549860967e-06
3961,1.666468108396657e-06
3248,1.6661776953696972e-06
8479,1.6651349028506957e-06
5893,1.6640347553220636e-06
6327,1.6631220205454156e-06
5783,1.6625047010165872e-06
412,1.6620880387563375e-06
7358,1.6601670154159365e-06
1555,1.6597193734924076e-06
3086,1.6596833347648499e-06
1667,1.658679479987768e-06
2721,1.6586644164817699e-06
9530,1.6585322555329185e-06
701,1.6583714455009613e-06
3416,1.6572020058447379e-06
8280,1.6569988474657293e-06
1053,1.6563448639317357e-06
9228,1.6555205206714163e-06
8487,1.6554856188122358e-06
8799,1.655095900332526e-06
8882,1.6545033076909021e-06
1112,1.6538256204512436e-06
7248,1.6537604210498102e-06
6499,1.6536959037694032e-06
8382,1.6528048263353412e-06
6045,1.65270358820635e-06
5640,1.6526022932339401e-06
935,1.6504795326000021e-06
7045,1.6495450836373493e-06
2972,1.6489574363731663e-06
7414,1.648597731218615e-06
2870,1.6477690678584622e-06
6978,1.647732005949365e-06
3289,1.647161525397678e-06
9921,1.6467722048219002e-06
5784,1.6466703414153017e-06
922,1.6453502098556783e-06
9588,1.6451822375529446e-06
6593,1.6449046142952284e-06
496,1.6448829569526424e-06
2087,1.6441263142041862e-06
7036,1.6439580576843582e-06
157,1.6435604379694269e-06
1916,1.6434958070021821e-06
5534,1.6420066231148667e-06
7514,1.641968140120298e-06
1047,1.6412936929555144e-06
8667,1.6410389207521803e-06
20,1.6371684523619479e-06
5827,1.636280558159342e-06
3985,1.635705984881497e-06
9553,1.6353728824469727e-06
5914,1.6345696849384694e-06
7977,1.634497209579422e-06
6746,1.6333355006281636e-06
3648,1.6328035599144641e-06
8410,1.6323865565937012e-06
604,1.6305038457176124e-06
5597,1.630053191092884e-06
7395,1.629594976293447e-06
7626,1.628085215088504e-06
1697,1.627716812890867e-06
2182,1.6251921124421642e-06
3560,1.6243862432929745e-06
8325,1.6232354482781375e-06
3453,1.622526667688362e-06
169,1.6220033103309106e-06
4417,1.6195812122532516e-06
8281,1.6185105096155894e-06
8784,1.6164104295057768e-06
9793,1.6163439795491286e-06
8693,1.6161158669092401e-06
1726,1.6151598174474202e-06
983,1.6144589380928664e-06
7597,1.6138380942720687e-06
9512,1.611549805602408e-06
1341,1.6113460787892109e-06
3433,1.6112471143969742e-06
1843,1.6098564969979634e-06
5828,1.609573644145712e-06
4031,1.6095276578198536e-06
434,1.6095042951747018e-06
3719,1.6090281178549048e-06
3447,1.607777164736035e-06
4142,1.6067776869022055e-06
4578,1.606198338777176e-06
4991,1.6061398468991683e-06
2663,1.6049988289523753e-06
486,1.6045846109591366e-06
4601,1.603300120223139e-06
5660,1.6029862308641896e-06
4373,1.6013389654290222e-06
4971,1.600745235919021e-06
1744,1.6001259268705326e-06
2542,1.599754966719047e-06
4294,1.5982536183400953e-06
3799,1.5980950820448925e-06
7548,1.5963497048687714e-06
6774,1.5954908576532034e-06
1700,1.5952895751070173e-06
5992,1.5949636917866883e-06
5955,1.59454197046216e-06
2653,1.59376605779471e-06
3818,1.5935779060782806e-06
8688,1.5922367424536787e-06
1946,1.591521595400991e-06
9628,1.5908090063021518e-06
2734,1.5901242704785545e-06
6892,1.590093859249464e-06
7439,1.5899161667221051e-06
9202,1.5892800888650527e-06
6322,1.5889542055447237e-06
5778,1.5889300470917078e-06
4888,1.5871960385993589e-06
7702,1.5861011775086808e-06
8903,1.585927122960129e-06
8936,1.5854672597015451e-06
855,1.584324252235092e-06
6405,1.5837180740163603e-06
4123,1.583603875587869e-06
4625,1.5819096006453037e-06
9341,1.5815817846487334e-06
8776,1.5800069377291948e-06
8138,1.579743013735424e-06
4163,1.57923625465628e-06
2618,1.5790012639627093e-06
820,1.578792762302328e-06
4116,1.5785050777594734e-06
2808,1.578109106503689e-06
8047,1.5778768442942237e-06
4588,1.5777098951730295e-06
4953,1.5776734016981209e-06
901,1.5774211874486355e-06
7976,1.5765944567647239e-06
8365,1.5754743003526528e-06
1198,1.5752134459035005e-06
8471,1.5751631394778087e-06
9915,1.5749502040307561e-06
1991,1.5743041217319842e-06
9213,1.5730156519566663e-06
7151,1.5729672213637969e-06
2172,1.5720796113782853e-06
1178,1.571702796354657e-06
760,1.5714673509137356e-06
5103,1.5711468677181983e-06
7749,1.5691969110775972e-06
3,1.568334880630573e-06
9121,1.5646276665393088e-06
2927,1.5643410051779938e-06
6989,1.562705392643693e-06
3371,1.5623392641828104e-06
4171,1.5596760931657627e-06
7288,1.5595164200021827e-06
2274,1.5591611486343027e-06
4562,1.559111979076988e-06
5485,1.558865790229902e-06
2563,1.558594135531166e-06
3631,1.5582966739202675e-06
3788,1.5580627064082364e-06
8010,1.5574745475532836e-06
4933,1.5570891491734073e-06
3008,1.5566579349979293e-06
2580,1.553657284603105e-06
4110,1.550583760945301e-06
1459,1.5503431427532632e-06
3642,1.5495294292122708e-06
1828,1.5483550441786065e-06
8823,1.5479319017686066e-06
5972,1.5472222116841294e-06
2518,1.5449112424903433e-06
8423,1.5447498071807786e-06
5416,1.5445257872670481e-06
8247,1.5443866914210957e-06
6576,1.54414397002256e-06
2950,1.5434925444424152e-06
7846,1.5417222130054142e-06
1316,1.5414249219247722e-06
5523,1.5406313877974753e-06
9838,1.5400092365780438e-06
8240,1.5397794186355895e-06
582,1.539773961667379e-06
9818,1.5394262504742073e-06
7789,1.5379246747215802e-06
9193,1.5375414363916207e-06
6056,1.5371583117484988e-06
3430,1.5357014149230963e-06
8330,1.535694991616765e-06
4238,1.5356539506683475e-06
9974,1.5351348565673106e-06
6507,1.5349585851254233e-06
3412,1.5337839727180835e-06
8354,1.5335037915065186e-06
1534,1.5334111935771944e-06
7004,1.532906992451899e-06
7604,1.5309133232221939e-06
6944,1.5305962506317883e-06
5430,1.5300639120141568e-06
4890,1.5294277204702666e-06
3960,1.5284072105714586e-06
2578,1.5274009115273657e-06
1989,1.526597486645187e-06
5028,1.5261223325069295e-06
1140,1.5248058389261132e-06
7134,1.5240186712617287e-06
5453,1.5235843875416322e-06
4252,1.523534649550129e-06
6196,1.523515038570622e-06
6670,1.5222144611470867e-06
8460,1.522077980098402e-06
7479,1.5209615185085568e-06
6816,1.5208419767986925e-06
7818,1.5201757719296438e-06
8396,1.5191316151685896e-06
9234,1.51568514183964e-06
8242,1.5152868400036823e-06
4748,1.5148660850172746e-06
6798,1.5143302221076738e-06
7236,1.5134482396206295e-06
1775,1.5119652516659698e-06
8021,1.511926427610888e-06
8550,1.5118525880097877e-06
6139,1.5116283407223818e-06
9064,1.5115032283574692e-06
9498,1.5107507351785898e-06
4511,1.5101726376087754e-06
1056,1.510080494426802e-06
9513,1.5096044307938428e-06
8048,1.5088355098669126e-06
8398,1.508543391537387e-06
7608,1.507842966930184e-06
6334,1.507761737684632e-06
9210,1.5076602721819654e-06
5683,1.5070978633957566e-06
5175,1.5066489709170128e-06
2790,1.5064214835547318e-06
5147,1.506262151451665e-06
8093,1.506256808170292e-06
131,1.5059046631904494e-06
3572,1.5058984672577935e-06
8270,1.5055786661832826e-06
2548,1.5047374404275615e-06
4492,1.503982161921158e-06
7283,1.502427835475828e-06
8219,1.5016690326774551e-06
5881,1.5007901765784482e-06
5083,1.4991337593528442e-06
7132,1.4988867178544751e-06
6087,1.4988498833190533e-06
7018,1.4987640497565735e-06
8914,1.4987609233685362e-06
354,1.4975711906117795e-06
7003,1.4965291370572231e-06
5763,1.494919388278504e-06
1642,1.4946790543035604e-06
7392,1.4924050901754526e-06
7408,1.4891958244334091e-06
5182,1.488579641772958e-06
3030,1.4870660720589512e-06
7189,1.4869941651340923e-06
6554,1.486808855588606e-06
8306,1.4866144510961021e-06
6876,1.4857241126264853e-06
3518,1.4852189451630693e-06
895,1.484963831899222e-06
7867,1.4840952644590288e-06
106,1.482537186348054e-06
8298,1.4819991065451177e-06
9798,1.4812648032602738e-06
2992,1.4810273114562733e-06
4126,1.4803336512159149e-06
5753,1.4801599377278762e-06
9052,1.4798773122493003e-06
6708,1.4797241192354704e-06
1466,1.478761305406806e-06
1193,1.4771653127354512e-06
5909,1.4771529208701395e-06
8824,1.476522982102324e-06
7209,1.4747222962796513e-06
7344,1.474290399983147e-06
3254,1.4737851188328932e-06
1184,1.4733922171217273e-06
7010,1.4733764714947029e-06
1399,1.472586177442281e-06
3157,1.4719689716002904e-06
6338,1.4717433600708318e-06
7835,1.4712903180225112e-06
9323,1.4698049426442594e-06
6126,1.469465360059985e-06
47,1.468976961405133e-06
2792,1.4684241023132927e-06
2137,1.4682229902973631e-06
4155,1.4678041111437778e-06
6786,1.4663760339317378e-06
9965,1.465500361064187e-06
1322,1.4647858961325255e-06
7528,1.4645134456259257e-06
4581,1.4639039704889e-06
367,1.4630041391683335e-06
778,1.4623853417106147e-06
3740,1.4613010534958448e-06
674,1.4612673453484604e-06
360,1.461089880194777e-06
1690,1.4607790035370272e-06
7819,1.4605735714212642e-06
9270,1.4605579394810775e-06
883,1.4595810284845356e-06
975,1.4586304359909263e-06
2835,1.4581480058950547e-06
353,1.4563841546078038e-06
4815,1.4557749636878725e-06
7368,1.4556023302247922e-06
584,1.4530997987094452e-06
8132,1.450775357625389e-06
3939,1.4506529169011628e-06
9598,1.450647971523722e-06
7192,1.4502251701742352e-06
6727,1.4498766063297808e-06
7382,1.4493114122160478e-06
2086,1.4484289749816526e-06
4293,1.4475386933554546e-06
6270,1.4471357872025692e-06
274,1.4455262089541066e-06
7179,1.4437515005738533e-06
4437,1.4420734828490822e-06
6643,1.4412889868253842e-06
5207,1.440872949842742e-06
3394,1.4403570389731613e-06
1371,1.440336689029209e-06
5993,1.4390144542630878e-06
8112,1.43863661605792e-06
8666,1.4384133919520536e-06
5185,1.4377695265466173e-06
7620,1.4367745393428777e-06
5748,1.4365159586304799e-06
7870,1.4360092563947546e-06
5915,1.4356361361933523e-06
736,1.435138869965158e-06
659,1.433752402135724e-06
6188,1.4327561643767694e-06
61,1.432354110875167e-06
8934,1.4322006336442428e-06
1643,1.4316319720819592e-06
4092,1.4312366829472012e-06
9839,1.4291140928435198e-06
4104,1.4290361036728427e-06
2329,1.4274963291427412e-06
3155,1.427031634193554e-06
9280,1.4268318295762583e-06
9945,1.426340645593882e-06
5812,1.4261137835092086e-06
6570,1.4258794749366643e-06
8744,1.4256289659897448e-06
3098,1.4248569186747773e-06
8768,1.4246122646000003e-06
8629,1.424087201939983e-06
773,1.422266620920709e-06
7117,1.4211628922566888e-06
2612,1.4199239899426175e-06
18,1.4198909070728405e-06
8415,1.4196443771652412e-06
6406,1.4191636523719353e-06
1154,1.41863898761585e-06
338,1.418480167103553e-06
623,1.4183626717567677e-06
1460,1.4180578205014172e-06
8885,1.4169124824547907e-06
3425,1.4164750723466568e-06
4055,1.4163447872306278e-06
8694,1.4141812698653666e-06
668,1.4141695601210813e-06
7488,1.4134311072666605e-06
2902,1.4125054690339311e-06
7656,1.4121685580903431e-06
7743,1.411644234394771e-06
3576,1.4115075259724108e-06
394,1.411312268828624e-06
5656,1.4105204400038929e-06
2708,1.4101726151238836e-06
3811,1.4096328868618002e-06
3768,1.4090615536588302e-06
1453,1.4090201148064807e-06
1897,1.4070652127884387e-06
1869,1.4067178994991991e-06
7522,1.4066033031667757e-06
5632,1.4065534514884348e-06
5922,1.4063199955671735e-06
8252,1.4061035926715704e-06
2113,1.4039110283192713e-06
9751,1.4021974834577122e-06
5447,1.401872111728153e-06
4964,1.4018084470990289e-06
1847,1.4015521401233855e-06
1964,1.4003903743287083e-06
2593,1.4003178421262419e-06
4974,1.400212056523742e-06
847,1.399948644120741e-06
121,1.3966189840175502e-06
1633,1.3961218883196125e-06
7432,1.3956910152046476e-06
8178,1.3949668868917797e-06
9831,1.3949390904599568e-06
3775,1.3948776427241683e-06
6222,1.3946887520432938e-06
7333,1.3931793887422828e-06
1501,1.391875343870197e-06
8727,1.3915052363699942e-06
8466,1.390585282479151e-06
3813,1.390209149576549e-06
8931,1.3897628150516539e-06
424,1.3895812571718125e-06
865,1.3895693768972706e-06
3262,1.3892798733650125e-06
8705,1.3888526382288546e-06
789,1.3864388961337681e-06
5094,1.3864342918168404e-06
6328,1.3855652696292964e-06
6579,1.3854715916750138e-06
2178,1.3850597611053672e-06
7217,1.3841145687365497e-06
6943,1.3834766150466749e-06
5403,1.3829262002218456e-06
4803,1.38248987013867e-06
7804,1.3812403381052718e-06
704,1.3803770571030327e-06
7158,1.3791597552881285e-06
9826,1.3785810892841255e-06
9118,1.3785138435196131e-06
4234,1.3783916870124813e-06
6556,1.3778721381640935e-06
2749,1.3775964475826186e-06
4301,1.3771052067568235e-06
9906,1.3753932535109925e-06
6707,1.375063504838181e-06
7373,1.3746491731581045e-06
6865,1.37432107294444e-06
4617,1.3731324770560605e-06
1586,1.3727670875596232e-06
4942,1.3726416909776162e-06
5464,1.3717963724957372e-06
2404,1.370490451790829e-06
1620,1.3702053252018231e-06
3358,1.3696077871827583e-06
3975,1.3688606372852519e-06
34,1.3682343933396623e-06
681,1.3675875152330264e-06
7930,1.3670360772266577e-06
6046,1.3668241081177257e-06
4806,1.3667936968886352e-06
1091,1.3665804772244883e-06
7906,1.3664691778103588e-06
4139,1.3663162690136232e-06
2419,1.365960258681298e-06
9773,1.3657827366841957e-06
2060,1.3651029462380393e-06
4185,1.364594197639235e-06
4660,1.3643085594594595e-06
461,1.3636466746902443e-06
3623,1.3624375014842371e-06
7343,1.3621620951198565e-06
4009,1.3618819707517105e-06
1600,1.3617520266961947e-06
7379,1.3613057490147185e-06
7756,1.3602708577309386e-06
1019,1.3598494774669234e-06
859,1.3579843312072626e-06
8637,1.3575859156844672e-06
9433,1.3574158970186545e-06
8081,1.3571918202615052e-06
5545,1.3570380588134867e-06
8523,1.3546463151214994e-06
9592,1.3541415455620154e-06
5824,1.353014170035749e-06
9380,1.3512976124729903e-06
6810,1.3508213783097744e-06
8,1.349832871255785e-06
4597,1.3492428934114287e-06
3114,1.3488734111888334e-06
7072,1.3472872524289414e-06
2888,1.34677287633167e-06
5557,1.3464623975778522e-06
9948,1.3464535868479288e-06
9329,1.346128840395977e-06
5218,1.3458317198455916e-06
7582,1.3457027989716153e-06
8107,1.3450767255562823e-06
2433,1.3450517144519836e-06
2666,1.344846111805964e-06
9711,1.3440654811347486e-06
330,1.3427186900116794e-06
8891,1.3426967484519992e-06
6034,1.3415552757578553e-06
1219,1.3411040526989382e-06
2297,1.3406273637883714e-06
7729,1.3404438163888699e-06
7740,1.3400180023381836e-06
1012,1.3397596489994612e-06
6725,1.3394108009379124e-06
3786,1.3384919839154463e-06
4559,1.3384538419813907e-06
9593,1.3383225336838223e-06
2677,1.33795589363217e-06
5529,1.3365483368943387e-06
5641,1.3365191193770443e-06
9351,1.3361526498556486e-06
8729,1.3354445513868995e-06
1554,1.3352644145925296e-06
7637,1.3342440183805593e-06
3873,1.3340626310309744e-06
7064,1.3340267628336733e-06
8510,1.3339923157218436e-06
114,1.33390517476073e-06
4686,1.333883574261563e-06
3385,1.3335758808352693e-06
8947,1.331646046764945e-06
9928,1.3300700061336101e-06
7833,1.3294613836478675e-06
9996,1.3281778024065716e-06
4762,1.3273688068693446e-06
2807,1.325815162545041e-06
3847,1.3245387435745215e-06
7029,1.3233310482974048e-06
339,1.3224557164903672e-06
9281,1.3217285754762997e-06
2173,1.3214184377829952e-06
6318,1.3210997167334426e-06
5789,1.320204830790317e-06
9682,1.3191761922826117e-06
1536,1.3188343928050017e-06
738,1.3184938438826066e-06
365,1.3183054647925019e-06
4818,1.3180064115658752e-06
8258,1.3175198319004267e-06
6983,1.3172466992728005e-06
8938,1.3170641750548384e-06
8612,1.3155062674741202e-06
5217,1.315393660661357e-06
2940,1.3146599258107017e-06
6417,1.3145566981620505e-06
5053,1.3141455497134302e-06
6349,1.313157326876535e-06
2849,1.3117381740812561e-06
1189,1.3114538433001144e-06
4170,1.3113067325321026e-06
1688,1.3096776001475519e-06
74,1.309049878273072e-06
9615,1.3090266861581767e-06
8929,1.3086836929687706e-06
2009,1.3080233429718646e-06
1549,1.307149659623974e-06
5293,1.3069141004962148e-06
5161,1.3065381949672883e-06
5316,1.3062698371868464e-06
2165,1.3052509757471853e-06
386,1.3050384382040647e-06
2635,1.3047498441665084e-06
2777,1.3042592854617396e-06
9963,1.3014658861720818e-06
8290,1.3011769510740123e-06
7308,1.3010261454837746e-06
2839,1.3000941976315517e-06
1661,1.3000578746868996e-06
3706,1.2984926911485672e-06
1985,1.2979363646081765e-06
9885,1.2973155207873788e-06
2944,1.2973141565453261e-06
2093,1.2967319094059349e-06
3703,1.2961471611561137e-06
624,1.2947157870257797e-06
7034,1.2945149023835256e-06
6854,1.2942174976160459e-06
9442,1.2941850400238764e-06
3580,1.2932759432260355e-06
4958,1.2928582009408274e-06
4041,1.2902527828373422e-06
2023,1.2897361898467352e-06
4392,1.2891650840174407e-06
9464,1.2891624123767542e-06
7663,1.2891372307421989e-06
3665,1.2877112567366567e-06
7590,1.2875189554506505e-06
2746,1.2874741059931694e-06
9103,1.2868131875620747e-06
3110,1.2862585663242498e-06
4648,1.2861507912020897e-06
7319,1.2855542195211456e-06
4359,1.2850606481151772e-06
6971,1.2845916330661566e-06
4319,1.283596702705836e-06
2216,1.2828013495891355e-06
1859,1.2822403050449793e-06
1474,1.2822059716199874e-06
8648,1.2817776564588712e-06
4847,1.281462914448639e-06
2609,1.2813302987524366e-06
4438,1.2808903875338729e-06
8789,1.2807388998226088e-06
8133,1.2799292790077743e-06
7683,1.2793157679880096e-06
4549,1.279197590520198e-06
2726,1.2789086554221285e-06
5327,1.2786818501808739e-06
2684,1.2784867067239247e-06
2355,1.2782352314388845e-06
2561,1.2773814432875952e-06
7603,1.2770266835104849e-06
5374,1.2767876000907563e-06
2912,1.2767478096975537e-06
3863,1.2765407291226438e-06
9664,1.275681427159725e-06
3464,1.275668353173387e-06
5810,1.274709916287975e-06
2801,1.273922123345983e-06
6897,1.2738083796648425e-06
7396,1.273712996407994e-06
6384,1.2735033010358165e-06
1845,1.2713766182059771e-06
4483,1.2708883900813817e-06
7297,1.2706108236670843e-06
5117,1.2701872265097336e-06
6140,1.2698845921477186e-06
8248,1.2696180533566803e-06
3728,1.2694974316218577e-06
7202,1.2682232295446738e-06
3893,1.2678881375904894e-06
2054,1.2669459579228715e-06
2982,1.2669426610045775e-06
8802,1.2661735695473908e-06
6843,1.2657793035941722e-06
3723,1.2647975040636084e-06
4983,1.2645941183109244e-06
2183,1.2639742408282473e-06
1848,1.2637152053684986e-06
8915,1.263639092030644e-06
5788,1.2628073591258726e-06
7399,1.2627336332116101e-06
8256,1.2626564398487972e-06
1223,1.25950623441895e-06
4895,1.259435975953238e-06
4665,1.2572054970405588e-06
3807,1.2567829230647476e-06
4341,1.2567673479679797e-06
8827,1.2567319913614483e-06
4449,1.256471989563579e-06
4874,1.256364953405864e-06
2346,1.255543736533582e-06
9999,1.2555349826470774e-06
7825,1.2547705523502373e-06
8522,1.2545028198474029e-06
9200,1.2542730019049486e-06
1345,1.2529994251053722e-06
5515,1.2523929058261274e-06
4720,1.2521356893557822e-06
4053,1.2508324971349793e-06
6663,1.2487683420658868e-06
7622,1.2481899034355592e-06
4476,1.247262161996332e-06
8040,1.2468813679333834e-06
4296,1.2466571206459776e-06
1609,1.2462763834264479e-06
7808,1.2452540545382362e-06
6066,1.2447312656149734e-06
1689,1.2440864338714164e-06
7577,1.2434963991836412e-06
1701,1.2434841778485861e-06
7000,1.2430303968358203e-06
9699,1.2425762179191224e-06
1229,1.2415906667229137e-06
1522,1.2412168075570662e-06
5233,1.241059635503916e-06
2349,1.240427934590116e-06
8335,1.2404248082020786e-06
9254,1.2391242876219621e-06
7521,1.2389837138471194e-06
161,1.238979734807799e-06
9009,1.2388250638650788e-06
7409,1.2387754395604134e-06
3722,1.23804210261369e-06
7231,1.2379634313219867e-06
7559,1.2371131106192479e-06
8436,1.2369161481728952e-06
5889,1.2366105011096806e-06
1724,1.235955323863891e-06
7172,1.233945283729554e-06
9069,1.2337006864981959e-06
9572,1.2330723961895274e-06
2046,1.2325228908594e-06
23,1.2322939824116474e-06
9196,1.232008742135804e-06
6474,1.232001807238703e-06
7066,1.2319440543251403e-06
1063,1.2315912840676901e-06
8685,1.231032683790545e-06
893,1.228628946137178e-06
2587,1.228255712248938e-06
3896,1.2281155363780272e-06
5171,1.2265927011867461e-06
657,1.2256413128852728e-06
3472,1.2246728147147223e-06
4063,1.223722620125045e-06
5591,1.2230037782501313e-06
2414,1.222931643951597e-06
5138,1.2228293826410663e-06
2150,1.222538344336499e-06
4212,1.2223192698002094e-06
8183,1.2219480822750484e-06
9008,1.2207881354697747e-06
4102,1.219456692069798e-06
8385,1.2193123097858916e-06
7672,1.2190513984933204e-06
444,1.2188896221232426e-06
2661,1.2188854725536657e-06
7502,1.218791055634938e-06
2288,1.217920782892179e-06
203,1.2175665915492573e-06
1706,1.2172250194453227e-06
2591,1.215110273733444e-06
5631,1.2139530554122757e-06
1291,1.2139144587308692e-06
3309,1.2133402833569562e-06
9520,1.2128204502914741e-06
8393,1.21189304991276e-06
175,1.2113665093238524e-06
6012,1.2110264151488082e-06
695,1.2106207805118174e-06
4436,1.2104752613595338e-06
7275,1.2104312077099166e-06
8409,1.2100703656869882e-06
1301,1.208929006679682e-06
1511,1.2087887171219336e-06
4187,1.2087078289368947e-06
3031,1.2085193361599522e-06
3324,1.2084420291103015e-06
6492,1.2082722946615831e-06
7905,1.2081169415978366e-06
2683,1.2072173944943643e-06
3421,1.2071117794221209e-06
8086,1.2064650150023226e-06
7121,1.2056580658281746e-06
4655,1.2050492159687565e-06
1737,1.2050452369294362e-06
8261,1.204057866743824e-06
6764,1.203936164984043e-06
7074,1.2037497185701795e-06
1818,1.2030365610371518e-06
8810,1.2026633839923306e-06
7786,1.200541248636e-06
9803,1.200504129883484e-06
1234,1.2001852951470937e-06
8386,1.1999680964436266e-06
7030,1.198631252918858e-06
6173,1.1983926810898993e-06
109,1.198113011469104e-06
8777,1.1979687428720354e-06
2581,1.1975178608736314e-06
1639,1.197496828808653e-06
9148,1.197326525925746e-06
3517,1.1964436907874187e-06
4800,1.1962778785346018e-06
8834,1.1960851793446636e-06
3793,1.1952240583923412e-06
8324,1.1939313822040276e-06
1332,1.1925790204259101e-06
4935,1.1924693694709276e-06
2310,1.1923800116164784e-06
3286,1.192240119962662e-06
9886,1.1908588248843444e-06
3344,1.1905500514330924e-06
490,1.1901617540388543e-06
6377,1.1894498470610415e-06
6419,1.1888070048371446e-06
1282,1.1884166042364086e-06
8680,1.188006820029841e-06
3880,1.1876097687490983e-06
4517,1.1869252034557576e-06
637,1.1868186220453936e-06
3057,1.1867902003359632e-06
2576,1.1865901115015731e-06
551,1.1857845834128966e-06
9452,1.1855415777972667e-06
5135,1.1852961847580445e-06
8877,1.184424093025882e-06
8599,1.1824563443951774e-06
4394,1.181633194846654e-06
6945,1.1799627941400104e-06
5370,1.178732873086119e-06
7415,1.1778943758145033e-06
9462,1.177221861325961e-06
8639,1.1770423498091986e-06
6432,1.1762929830183566e-06
4695,1.1757961146940943e-06
3468,1.1749226018764602e-06
1672,1.1748750807782926e-06
3934,1.1745723895728588e-06
9704,1.1743986760848202e-06
3983,1.1736664760064741e-06
7959,1.1722336239472497e-06
8182,1.1718873906829685e-06
9298,1.1716537642314506e-06
2822,1.1701612834258412e-06
8014,1.1697771924445988e-06
3809,1.1693465467033093e-06
7779,1.168698531728296e-06
9075,1.1677872748805385e-06
3625,1.1673360518216214e-06
868,1.1671889410536096e-06
3511,1.167130790236115e-06
6097,1.167058485407324e-06
2184,1.1669597483887628e-06
9173,1.1665518968584365e-06
5973,1.1647530868685863e-06
2170,1.1646243365248665e-06
683,1.1645258268799807e-06
1006,1.1632561154328869e-06
1587,1.163168292350747e-06
1832,1.1630719995991967e-06
233,1.1626781315499102e-06
9283,1.1622344686657016e-06
414,1.1619857787081855e-06
2005,1.1618737403296109e-06
8434,1.1609979537752224e-06
1926,1.160565204827435e-06
4628,1.1604685141719528e-06
3159,1.1601404708017071e-06
5376,1.159097109848517e-06
7602,1.1585738093344844e-06
5122,1.1582004049159877e-06
303,1.1571264053600316e-06
1766,1.156195935436699e-06
4420,1.1553837566680158e-06
2996,1.1546297287168272e-06
9926,1.1543993423401844e-06
3097,1.154369726918958e-06
4265,1.1542202855707728e-06
1037,1.1531521977303782e-06
635,1.1530707411111507e-06
4343,1.1527791343723948e-06
2733,1.1512686910464254e-06
3668,1.1499324159558455e-06
7241,1.1489760822769313e-06
8786,1.1486566791063524e-06
599,1.1477557109174086e-06
5994,1.1470862659734848e-06
5273,1.1466660794212657e-06
5325,1.1466144087535213e-06
9408,1.1448399277469434e-06
8731,1.1435072337917518e-06
7692,1.143365807365626e-06
9649,1.143104100265191e-06
3193,1.1426816968196363e-06
8327,1.1414348364269244e-06
6077,1.1406338558117568e-06
7784,1.1396539321140153e-06
390,1.1395933938729286e-06
2381,1.1391014709261071e-06
8181,1.1390110330466996e-06
8737,1.1390050076443003e-06
2160,1.1386222240616917e-06
6906,1.1383356763872143e-06
1148,1.1377773603271635e-06
234,1.1374629025340255e-06
7697,1.1367791330485488e-06
6694,1.1352698834343755e-06
9823,1.1345274515406345e-06
7700,1.134258127422072e-06
8022,1.1330898814776447e-06
2240,1.1326770277264586e-06
7981,1.132374222834187e-06
1059,1.132227282596432e-06
1492,1.131352917127515e-06
3081,1.1308777061458386e-06
2760,1.1295685453660553e-06
7400,1.1283202070444531e-06
823,1.1275205906713381e-06
7698,1.1264805834798608e-06
4152,1.1258020435889193e-06
2108,1.1253503657826514e-06
289,1.1245317637076369e-06
4148,1.1242526625210303e-06
6387,1.1240765047659806e-06
2225,1.1239692412345903e-06
2824,1.1238054753448523e-06
2965,1.123605045449949e-06
3151,1.1231912253606424e-06
6630,1.1225643561374454e-06
3105,1.1224805120946257e-06
1674,1.1223809792682005e-06
254,1.1221211480005877e-06
2984,1.121785373925377e-06
8698,1.1197055869160977e-06
1685,1.1190276723027637e-06
9656,1.1186805295437807e-06
9801,1.1184045547452115e-06
2336,1.1183427659489098e-06
8940,1.1182235652995587e-06
6433,1.117973056352639e-06
6939,1.117903707381629e-06
6063,1.1175971508237126e-06
3979,1.1175089866810595e-06
1364,1.1174176393069502e-06
7682,1.117345846068929e-06
808,1.1171561595801904e-06
86,1.1168518767590285e-06
3002,1.1167130082867516e-06
1045,1.1164651709805185e-06
3078,1.11617617903903e-06
5113,1.1146740348522144e-06
8626,1.114425913328887e-06
6197,1.1141012805637729e-06
7088,1.1140913329654722e-06
1898,1.1129487234029511e-06
7350,1.1122473324576276e-06
3919,1.1119696523564926e-06
9153,1.1117369922430953e-06
1440,1.1115795359728509e-06
8767,1.1107442219326913e-06
6255,1.1096128673671046e-06
5842,1.1090612588304793e-06
9443,1.1073354357904464e-06
457,1.1067141372222977e-06
4696,1.106280762996903e-06
9892,1.1062658700211614e-06
2986,1.1061251825594809e-06
2401,1.1051828892050253e-06
8275,1.1045940482290462e-06
4379,1.1040551726182457e-06
784,1.1032457791770867e-06
4513,1.1028056974282663e-06
7203,1.101548832593835e-06
4694,1.1012650702468818e-06
6018,1.1012611480509804e-06
5264,1.1010777143383166e-06
5406,1.099373378110613e-06
962,1.0993554724336718e-06
2590,1.099097744372557e-06
4647,1.0985587550749187e-06
4125,1.098436143820436e-06
896,1.098004872801539e-06
8732,1.0974109727612813e-06
352,1.096962307656213e-06
3720,1.0962053806906624e-06
5281,1.096181904358673e-06
8439,1.0960661143144534e-06
5733,1.09553087668246e-06
9217,1.0955020570690976e-06
6072,1.0952427373922546e-06
5679,1.0951447393381386e-06
88,1.0928288816103304e-06
2832,1.0926001436928345e-06
5174,1.091049341539474e-06
816,1.0908801755249442e-06
6147,1.0880186209760723e-06
3782,1.0876793226088921e-06
8598,1.087462067062006e-06
7363,1.0871297604353458e-06
7579,1.0863314514608646e-06
7615,1.0855516165975132e-06
4546,1.085020812752191e-06
4484,1.08469004089784e-06
6204,1.0844381677088677e-06
4242,1.0828846939148207e-06
8869,1.0828189829226176e-06
7058,1.0817822158060153e-06
9144,1.0816453368533985e-06
6763,1.0816354460985167e-06
1647,1.0811574497893162e-06
6987,1.0811303354785196e-06
9679,1.0810938988470298e-06
8422,1.08093820472277e-06
2536,1.0806336945279327e-06
9303,1.0803977374962415e-06
7385,1.0802953624988731e-06
7673,1.080216975424264e-06
3083,1.0795963589771418e-06
297,1.079532978565112e-06
4722,1.0793675073728082e-06
6681,1.079024173122889e-06
890,1.0786417874442122e-06
3147,1.0779172043839935e-06
728,1.077375884506182e-06
4440,1.077018964679155e-06
5454,1.076309615655191e-06
1232,1.0757329391708481e-06
2027,1.0752406751635135e-06
8432,1.0748454997155932e-06
7336,1.0745397389655409e-06
6230,1.0731996553658973e-06
2881,1.0726380423875526e-06
3664,1.072519864919741e-06
2343,1.0724734806899505e-06
337,1.0716203178162687e-06
5995,1.0708831723604817e-06
1275,1.0708498052736104e-06
7799,1.0703211614782049e-06
8351,1.0694664638322138e-06
4844,1.069452082447242e-06
4198,1.068492792910547e-06
1759,1.06836989743897e-06
5038,1.067988478098414e-06
4673,1.0670245274013723e-06
1239,1.0662030831554148e-06
4600,1.0660556313268899e-06
1405,1.0635931175784208e-06
3704,1.0632377893671219e-06
5206,1.0631778195602237e-06
9333,1.063095623976551e-06
268,1.061819830283639e-06
769,1.0616212762215582e-06
537,1.0612619121275202e-06
7630,1.060391298324248e-06
6574,1.0603355917737645e-06
4079,1.0602080919852597e-06
2231,1.0600599011922895e-06
4019,1.059882436038606e-06
6461,1.0593441857054131e-06
7562,1.05858140386772e-06
6875,1.0583005405351287e-06
6341,1.0580649245639506e-06
1024,1.0579481113381917e-06
2100,1.0579077525108005e-06
5957,1.0578951901152323e-06
2026,1.0572065320957336e-06
3922,1.0570710742285883e-06
7106,1.057006272731087e-06
64,1.056831024470739e-06
4222,1.0559426186773635e-06
311,1.0549789521974162e-06
5465,1.0549126159276057e-06
4572,1.0548592968007142e-06
3826,1.0544696351644234e-06
1623,1.0536615491218981e-06
3661,1.0535341061768122e-06
5593,1.0535123351473885e-06
5490,1.0523067430767696e-06
6132,1.051941126206657e-06
1750,1.051716083111387e-06
1423,1.0516310453567712e-06
391,1.05086218127326e-06
2957,1.0507015417715593e-06
5568,1.050328023666225e-06
189,1.050152377501945e-06
1133,1.048605440701067e-06
9564,1.0485800316928362e-06
576,1.0480223409103928e-06
4401,1.0479580510036612e-06
6009,1.0477472756065254e-06
2978,1.0465801665304753e-06
278,1.0454847938490275e-06
5123,1.0454593279973778e-06
8157,1.0447342333463894e-06
1433,1.0431463124405127e-06
3732,1.041478753904812e-06
1761,1.040877634750359e-06
2376,1.0407295576442266e-06
1930,1.0400921723885403e-06
5289,1.0395507388238912e-06
1090,1.0393554816801043e-06
1601,1.038803020492196e-06
4777,1.0376010095569654e-06
7436,1.0361043223383604e-06
1463,1.035625018630526e-06
3316,1.0354968935644138e-06
5787,1.035375476021727e-06
5268,1.0352143817726756e-06
2690,1.0347835086577106e-06
9634,1.0335515412407403e-06
3910,1.0334620128560346e-06
7797,1.0331270345886878e-06
2865,1.032514376220206e-06
5535,1.032025522818003e-06
9721,1.0319923831048072e-06
3713,1.031517115279712e-06
3384,1.0314675478184654e-06
7651,1.0313776215298276e-06
9394,1.0309974527444865e-06
7893,1.0300365715920634e-06
9702,1.0280363653691893e-06
1641,1.027950361276453e-06
6385,1.027593839353358e-06
2473,1.0274503665641532e-06
7420,1.0270211987517541e-06
184,1.0268969390381244e-06
8665,1.0267869470226287e-06
846,1.0267150969411887e-06
1180,1.0262523915116617e-06
3423,1.0261249485665758e-06
3241,1.0259532245981973e-06
3689,1.0256409836983948e-06
8954,1.0254271956000593e-06
7621,1.0253339723931276e-06
8793,1.0253118603031908e-06
8239,1.0248733133266796e-06
6713,1.0247587169942562e-06
9449,1.0236331604573934e-06
4192,1.0235547733827843e-06
3340,1.0228932296740822e-06
7941,1.0210940217803e-06
2614,1.0208772209807648e-06
3569,1.0197154551860876e-06
1020,1.0188543342337653e-06
961,1.0178945899497194e-06
8686,1.0173814644076629e-06
314,1.0166997412852652e-06
1365,1.0164924901800987e-06
6179,1.016304508993926e-06
2499,1.016201565562369e-06
9511,1.0139594905922422e-06
3220,1.01381090189534e-06
9743,1.0136697028428898e-06
4710,1.0135276511391567e-06
649,1.0125737617272534e-06
9261,1.0121187870026915e-06
4880,1.0119786111317808e-06
3592,1.0115024338119838e-06
6251,1.0111696724379726e-06
2044,1.0107720527230413e-06
8808,1.0103348699885828e-06
1357,1.0103077556777862e-06
9332,1.010266601042531e-06
6360,1.0100611120833491e-06
2867,1.0083983852382516e-06
8739,1.0068960705211794e-06
3253,1.0068208666780265e-06
566,1.0067395805890555e-06
5776,1.006433933525841e-06
8829,1.0064276239063474e-06
8142,1.0064097182294063e-06
366,1.0062806836685922e-06
2862,1.0062165642921173e-06
2395,1.0061932016469655e-06
9670,1.0061667694571952e-06
3693,1.0053344112748164e-06
1785,1.004817931971047e-06
1048,1.0031347983385785e-06
120,1.0020998502113798e-06
2900,1.0018729881267063e-06
9758,1.001862472094217e-06
8263,1.0017600970968488e-06
9043,1.0009333095695183e-06
227,1.000693316655088e-06
1792,1.0004630439652828e-06
5244,1.000384600047255e-06
4,1.000357997327228e-06
1529,1.0003337251873745e-06
4903,9.99732378659246e-07
2642,9.994847118832695e-07
1197,9.992315881390823e-07
1411,9.991158549382817e-07
9296,9.978878097172128e-07
3965,9.97519947532055e-07
1948,9.972936254598608e-07
8761,9.971190024771204e-07
5037,9.969211873794848e-07
4786,9.962341209757142e-07
1829,9.948994943442813e-07
4250,9.946128329829662e-07
3397,9.943263137301983e-07
729,9.938528364727972e-07
1944,9.937092499967548e-07
2348,9.920391619289148e-07
3767,9.91824890661519e-07
4544,9.917471857079363e-07
6850,9.916760177475226e-07
8508,9.916192880154995e-07
4384,9.915448231367918e-07
5470,9.89578381904721e-07
1574,9.873668318505224e-07
4821,9.868201118479192e-07
3815,9.867715107247932e-07
7693,9.866869277175283e-07
3329,9.862959018391848e-07
8957,9.859215879259864e-07
3150,9.858900398285186e-07
8975,9.854960580923944e-07
2202,9.84793416591856e-07
7961,9.839596373240056e-07
4191,9.83347717919969e-07
3533,9.83342033578083e-07
4561,9.829024349983229e-07
2606,9.825661209106329e-07
4027,9.823770596995018e-07
4232,9.823285154197947e-07
1526,9.817746899898339e-07
177,9.813198857955285e-07
9989,9.80958645868668e-07
2501,9.80125207661331e-07
4244,9.800811824334232e-07
5985,9.792315722734202e-07
7150,9.784434666926245e-07
6261,9.78309913080011e-07
8276,9.779695915312914e-07
4936,9.764939363776648e-07
5746,9.759912700246787e-07
7431,9.759001500242448e-07
9499,9.748918898822012e-07
1953,9.7482009664418e-07
1864,9.746266869115061e-07
7443,9.722116942612047e-07
3382,9.710263100259908e-07
4448,9.697071163827786e-07
1017,9.694154528006038e-07
2097,9.692970195374073e-07
1213,9.689998705653124e-07
1143,9.68192239270138e-07
5243,9.676876402409107e-07
4356,9.66995486351152e-07
6927,9.663989715136267e-07
2605,9.654741575104708e-07
1289,9.639841778152913e-07
4875,9.63237823725649e-07
2962,9.62296638817861e-07
1496,9.620089258532971e-07
628,9.615848171051766e-07
2636,9.607563242752803e-07
6160,9.591678633569245e-07
7270,9.590216620836145e-07
2546,9.58330446110267e-07
301,9.58034803488772e-07
322,9.579072752785578e-07
7376,9.572852661676734e-07
7948,9.571589885126741e-07
4444,9.55691092485722e-07
3900,9.55683560732723e-07
134,9.534141724998335e-07
2254,9.533333980016323e-07
814,9.526010558147391e-07
8130,9.521973254322802e-07
7511,9.521126855815965e-07
7137,9.520537957996567e-07
4157,9.520016419628519e-07
5964,9.519862942397594e-07
8899,9.519626757992228e-07
9957,9.509780909411347e-07
8231,9.505595244263532e-07
5347,9.500771227521909e-07
4297,9.497230166743975e-07
5240,9.497186113094358e-07
6163,9.495416861682315e-07
2076,9.490819081747759e-07
3495,9.485963232691574e-07
192,9.484968188644416e-07
411,9.484320742103591e-07
464,9.484207907917153e-07
245,9.481830147706205e-07
2856,9.481257166044088e-07
3667,9.478965807829809e-07
2702,9.467246115946182e-07
7262,9.46172548310642e-07
3338,9.454570033540222e-07
5817,9.453952998228488e-07
2313,9.445998898627295e-07
2603,9.445961381970847e-07
6133,9.444099191568966e-07
2139,9.441225756745553e-07
2853,9.430947613964236e-07
4838,9.419261459697736e-07
9137,9.415727220130066e-07
5432,9.412478050307982e-07
102,9.404223817455204e-07
586,9.397818985235062e-07
9338,9.397813016676082e-07
6321,9.396604525591101e-07
1981,9.390560080646537e-07
238,9.387684940520558e-07
1833,9.383899737258616e-07
9125,9.382879966324253e-07
6743,9.380700305428036e-07
8304,9.380349581533665e-07
4385,9.377065168791887e-07
4784,9.369786369006761e-07
6476,9.364786990317953e-07
4842,9.363191679767624e-07
6,9.362012747260451e-07
2257,9.361534409890737e-07
8467,9.360410331282765e-07
2148,9.344259694898938e-07
2286,9.328705061761866e-07
9531,9.328502130756533e-07
4507,9.323758831669693e-07
4151,9.308718063039123e-07
407,9.303894898948784e-07
7017,9.30180732439112e-07
9045,9.288494879911013e-07
5684,9.288470721457998e-07
5596,9.286116267048783e-07
5857,9.280212509565899e-07
5785,9.278943764456926e-07
4819,9.264841764888843e-07
9067,9.26136351608875e-07
1987,9.26115291122187e-07
9820,9.254139001768635e-07
8017,9.252227073375252e-07
8658,9.242961027666752e-07
2095,9.241514931090933e-07
9267,9.240672511623416e-07
1998,9.234130118329631e-07
1551,9.224382893080474e-07
810,9.222553387644439e-07
7884,9.217990566412482e-07
7773,9.211161682287639e-07
4284,9.208118285641831e-07
3988,9.193281869102066e-07
545,9.191517449380626e-07
5630,9.184542761886405e-07
3862,9.184258544792101e-07
8366,9.180158144772577e-07
9406,9.168210226562223e-07
7567,9.156175337921013e-07
5001,9.156036355761898e-07
9288,9.147352386662533e-07
6000,9.135821414929524e-07
7552,9.125588178449107e-07
8863,9.117513855017023e-07
8926,9.097856263906579e-07
6457,9.085509873330011e-07
4004,9.08262080656641e-07
2402,9.069637485481508e-07
6254,9.064361563559942e-07
6553,9.062741810339503e-07
478,9.060585739462113e-07
9050,9.047109585935686e-07
6288,9.027162093389052e-07
3177,9.0234323124605e-07
7164,9.017438458158722e-07
1251,9.01198717428997e-07
6817,9.002253307244246e-07
4789,9.002014280667936e-07
7728,8.999916474294878e-07
4961,8.991496827093215e-07
7198,8.991128481738997e-07
3139,8.988772322027216e-07
2953,8.987870216969895e-07
5675,8.987054513909243e-07
3888,8.981573671462684e-07
5373,8.981138819308399e-07
9326,8.980960046756081e-07
5642,8.977891354788881e-07
4181,8.974640195447137e-07
7154,8.973996443728538e-07
4215,8.972925229500106e-07
2039,8.951765835263359e-07
4986,8.939391307194455e-07
8795,8.936065398756909e-07
2788,8.934999300436175e-07
3525,8.929359864850994e-07
9507,8.926524799335311e-07
5574,8.921278151774459e-07
539,8.920504512843763e-07
5340,8.917931211271934e-07
1715,8.916699130168126e-07
4387,8.914195177567308e-07
1013,8.913877422855876e-07
9605,8.913340536764736e-07
7360,8.911532631827868e-07
3328,8.903904529233841e-07
9671,8.896311669559509e-07
5816,8.893679819266254e-07
6627,8.892910727809067e-07
8367,8.884723570190545e-07
3678,8.882497581907955e-07
79,8.879820256879611e-07
5818,8.874919785739621e-07
9869,8.874565651240118e-07
3091,8.874435195593833e-07
641,8.868238410286722e-07
3270,8.86271180888798e-07
332,8.858167177550058e-07
7213,8.854642885580688e-07
8624,8.85143236928343e-07
4657,8.850363997225941e-07
8675,8.84882467744319e-07
4994,8.845900083542801e-07
5136,8.845192951412173e-07
7892,8.844749856962153e-07
6154,8.841415706228872e-07
5434,8.84135545220488e-07
6568,8.834513778310793e-07
5386,8.826702639908035e-07
1470,8.809274731902406e-07
5917,8.808144968952547e-07
1504,8.801695798865694e-07
2272,8.801611386388686e-07
1337,8.788755394562031e-07
2425,8.788653929059365e-07
7033,8.77795201859044e-07
8401,8.775752462497621e-07
6735,8.774381967668887e-07
5350,8.772403248258343e-07
3931,8.769787314122368e-07
7891,8.769032717736991e-07
1286,8.764190226884239e-07
4643,8.757804437209415e-07
5462,8.755156954975973e-07
8697,8.751401878726028e-07
8474,8.749152016207518e-07
9526,8.744520982872928e-07
2505,8.741927786104497e-07
5166,8.739221755149629e-07
5378,8.728484885978105e-07
9216,8.718862147816253e-07
4179,8.714728494396695e-07
1693,8.700605178546539e-07
1669,8.691980042385694e-07
9994,8.686767216659064e-07
1597,8.682858094744006e-07
5997,8.673999616348738e-07
2892,8.667980750942661e-07
6501,8.664104882427637e-07
1121,8.662333925713028e-07
2675,8.659863794946432e-07
6528,8.657235639475402e-07
8905,8.655826206904749e-07
9304,8.652761493976868e-07
2067,8.649477081235091e-07
4292,8.647676565942675e-07
5998,8.647225513414014e-07
9584,8.643467594993126e-07
7506,8.632836454580683e-07
6363,8.631942023384909e-07
4391,8.621074982784194e-07
2295,8.611526993718144e-07
2883,8.604063737038814e-07
3549,8.603664127804223e-07
8933,8.601929266660591e-07
7042,8.586652597841749e-07
1238,8.582663895140286e-07
862,8.578141716952814e-07
4472,8.57724273828353e-07
7619,8.574685352868983e-07
8092,8.57457223446545e-07
1445,8.57356724281999e-07
748,8.571064427087549e-07
49,8.558219235510478e-07
7200,8.556160651096434e-07
581,8.536015911886352e-07
2875,8.530690251973283e-07
6386,8.525128691871942e-07
1434,8.513195552950492e-07
6717,8.508975497534266e-07
6394,8.508966971021437e-07
445,8.506385711370967e-07
5551,8.505573418915446e-07
2920,8.498566330672475e-07
4000,8.491011840305873e-07
3676,8.478397717226471e-07
4207,8.464443510547426e-07
5143,8.457699891550874e-07
7306,8.45473664412566e-07
5308,8.449405299870705e-07
3376,8.436654184151848e-07
8128,8.432345737219293e-07
4785,8.432051572526689e-07
3543,8.431336198100325e-07
2453,8.430408513504517e-07
3062,8.410593181906734e-07
4919,8.405433788993832e-07
4488,8.402988669331535e-07
4320,8.398117472552258e-07
9166,8.384508305425697e-07
3630,8.379730331853352e-07
2958,8.372711590709514e-07
7261,8.372018953650695e-07
8695,8.36367775036706e-07
3152,8.358392165064288e-07
8389,8.35745794347531e-07
9063,8.350692439762497e-07
1447,8.347975892775139e-07
6571,8.333297500939807e-07
954,8.332334857641399e-07
6856,8.323839040258463e-07
2339,8.315758464050305e-07
2574,8.313391504088941e-07
4724,8.311030796903651e-07
754,8.31099242759592e-07
2781,8.309792463023769e-07
462,8.302660887693492e-07
1984,8.294912845485669e-07
5919,8.286476145258348e-07
2268,8.281571126644849e-07
9667,8.274394360796578e-07
3981,8.249891436662438e-07
224,8.229216348354385e-07
1997,8.227706587149441e-07
8994,8.222929182011285e-07
6929,8.214160800434911e-07
5868,8.208957922306581e-07
5288,8.20765563958048e-07
2753,8.207539963223098e-07
3865,8.181409327789879e-07
4196,8.173776677722344e-07
1721,8.17234081296192e-07
9227,8.169516831912915e-07
2186,8.164716973624309e-07
7890,8.164499547547166e-07
8907,8.16306027218161e-07
4770,8.148096810600691e-07
4878,8.14731947684777e-07
2597,8.143636875956872e-07
7298,8.138258351664263e-07
9191,8.132885795930633e-07
2837,8.130912760861975e-07
1388,8.12972444919069e-07
7536,8.121956511786266e-07
4480,8.121406267491693e-07
9184,8.118286984881706e-07
5319,8.115085563531466e-07
7519,8.111011595701711e-07
4731,8.107713824756502e-07
3567,8.102080641947396e-07
2568,8.10146815410917e-07
4366,8.101285686734627e-07
5208,8.098942032574996e-07
4103,8.095395287455176e-07
8042,8.090387098036445e-07
4486,8.084318494638865e-07
610,8.081141515958734e-07
2533,8.072718742369034e-07
5836,8.065982513016934e-07
1896,8.062368124228669e-07
2138,8.055658895500528e-07
8209,8.051098063788231e-07
3930,8.045933839184727e-07
3838,8.043201944474276e-07
3523,8.04246525376584e-07
1477,8.034510585730459e-07
7864,8.030936271552491e-07
813,8.023793327538442e-07
2382,8.022489339509775e-07
3332,8.019609083476098e-07
786,8.019503354717017e-07
9766,8.017725008357957e-07
8652,8.01023162466663e-07
3791,8.005641234376526e-07
3777,8.005548863820877e-07
7050,8.002009224128415e-07
5705,7.996466422355297e-07
9107,7.993850488219323e-07
4589,7.988315644524846e-07
5586,7.983142609191418e-07
2706,7.969143496211473e-07
1808,7.961706955939007e-07
3565,7.96169388195267e-07
5757,7.957641230404988e-07
336,7.957472405450972e-07
5549,7.956767262840003e-07
5980,7.943452544623142e-07
5368,7.93821584466059e-07
5900,7.914499065009295e-07
5241,7.913222361821681e-07
3497,7.90575768405688e-07
3680,7.905252630280302e-07
8519,7.90086517099553e-07
861,7.899544129941205e-07
1880,7.897596958628128e-07
4550,7.891991344877169e-07
4346,7.889112794146058e-07
4765,7.887681192642049e-07
4348,7.8835620342943e-07
201,7.872793617025309e-07
4910,7.871315688134928e-07
5903,7.863442021971423e-07
869,7.862649056278315e-07
1781,7.860502080347942e-07
4573,7.858472201860423e-07
7161,7.854479804336734e-07
48,7.853990382500342e-07
2913,7.843958655939787e-07
613,7.839712736767979e-07
9873,7.836950999262626e-07
1535,7.832929895812413e-07
987,7.829772243894695e-07
9214,7.825215391221718e-07
5517,7.81915417746859e-07
508,7.810769488969527e-07
9360,7.805527388882183e-07
398,7.803268431416654e-07
2338,7.803104153936147e-07
8619,7.802025265846169e-07
8845,7.80199627570255e-07
6566,7.796516001690179e-07
8303,7.794300529440079e-07
9898,7.793556449087191e-07
5953,7.792135363615671e-07
7020,7.790264362483867e-07
7413,7.785380660152441e-07
2582,7.784751119288558e-07
8815,7.783918363202247e-07
3317,7.78390472078172e-07
3119,7.778588155815669e-07
7445,7.777839527989272e-07
1493,7.777503014949616e-07
9602,7.770992738187488e-07
9400,7.762933762478497e-07
9365,7.762740779071464e-07
5925,7.75811940911808e-07
318,7.748219843506376e-07
6021,7.747555628156988e-07
3333,7.747301253857586e-07
4300,7.742678178601636e-07
5131,7.739569127807044e-07
1622,7.737949374586606e-07
9641,7.734315374818834e-07
5970,7.725028865479544e-07
361,7.718936387846043e-07
9983,7.717361825143598e-07
4668,7.695499562032637e-07
442,7.695300610066624e-07
4828,7.695174701893848e-07
8930,7.694709438510472e-07
6107,7.69270315004178e-07
1454,7.690094889767352e-07
4685,7.686392677896947e-07
3353,7.678239910546836e-07
5976,7.677902829072991e-07
1287,7.666408805562241e-07
4093,7.664875738555565e-07
526,7.660902667794289e-07
5779,7.658104266283772e-07
129,7.657436071895063e-07
2169,7.657269804894895e-07
5065,7.655766012248932e-07
2375,7.654834632830898e-07
2705,7.652088811482827e-07
5577,7.651666749097785e-07
1746,7.644302399967273e-07
5219,7.640633157279808e-07
9770,7.63910918522015e-07
3711,7.635624115209794e-07
6848,7.628574394402676e-07
9131,7.624949773799017e-07
8477,7.62471756843297e-07
9170,7.620788267104217e-07
2159,7.617577750806959e-07
9088,7.616271773258632e-07
6415,7.609067154135118e-07
14,7.605721066283877e-07
2737,7.601257436817832e-07
6142,7.599374214350973e-07
6221,7.591854966904066e-07
4508,7.590086283926212e-07
6772,7.58977847681308e-07
8361,7.588907919853227e-07
3541,7.587874506498338e-07
6096,7.570794195999042e-07
6480,7.570685909286112e-07
4827,7.563487542938674e-07
2420,7.563477879557468e-07
795,7.561707491277048e-07
978,7.559546020274865e-07
6647,7.556195953384304e-07
6320,7.554845069535077e-07
5666,7.550534064648673e-07
4070,7.550287079993723e-07
8587,7.545407356701617e-07
9992,7.544949482962693e-07
8370,7.542952857875207e-07
4054,7.542392665982334e-07
7430,7.536631017046602e-07
4278,7.531401422511408e-07
9975,7.530276207035058e-07
768,7.5223204021313e-07
1373,7.517613198615436e-07
6722,7.510429043122713e-07
6041,7.506320116590359e-07
6292,7.505804262564197e-07
6895,7.505469170610013e-07
8153,7.502769960865407e-07
3320,7.501874108584161e-07
4894,7.500586605146964e-07
6919,7.500329104459524e-07
2678,7.498481693346548e-07
787,7.496364275993983e-07
4923,7.496080627333868e-07
2196,7.494038243294199e-07
2715,7.485928961159516e-07
825,7.485017192720989e-07
5158,7.483310469069693e-07
5975,7.477759993435029e-07
7509,7.475439076642942e-07
94,7.472689276255551e-07
440,7.470718514923647e-07
6239,7.467143916528585e-07
7710,7.46376258575765e-07
655,7.462483324616187e-07
1095,7.460017457106005e-07
1218,7.457363437879394e-07
5655,7.453835735304892e-07
9589,7.448372798535274e-07
3226,7.447781626979122e-07
159,7.44303690680681e-07
6734,7.441592515533557e-07
5926,7.433534392475849e-07
1666,7.43077350762178e-07
4011,7.412910179027676e-07
4930,7.412766933612147e-07
4030,7.410673390495504e-07
3949,7.399918899864133e-07
9502,7.399036974220508e-07
1327,7.38143683065573e-07
9549,7.374351582711824e-07
630,7.371895378582849e-07
4761,7.354178990226501e-07
8075,7.351713975367602e-07
9566,7.348912731686141e-07
594,7.337867486967298e-07
5193,7.336454643791512e-07
7279,7.335842440170381e-07
9909,7.32929891000822e-07
4024,7.329034872327611e-07
9774,7.327396644996043e-07
6069,7.317741221868346e-07
2914,7.315736070268031e-07
4992,7.300587014924531e-07
8555,7.299579749542318e-07
4330,7.292137524927966e-07
3224,7.28610416445008e-07
2495,7.282155536358914e-07
7449,7.275606037637772e-07
8986,7.260280199261615e-07
2770,7.247819553413137e-07
7943,7.246066786592564e-07
8315,7.237121053549345e-07
1630,7.232515315536148e-07
8326,7.227538105780695e-07
5257,7.2119198080145e-07
8590,7.210942101210094e-07
771,7.209445698208583e-07
7992,7.207460441804869e-07
2480,7.206554073491134e-07
9165,7.204135386018606e-07
3808,7.197272111625352e-07
798,7.192903126451711e-07
9162,7.186294226357859e-07
5246,7.185458628100605e-07
4338,7.183286072631745e-07
2294,7.176995495683514e-07
261,7.174581071467401e-07
5896,7.174430152190325e-07
525,7.173279357175488e-07
3051,7.169760749548004e-07
3936,7.165953093135613e-07
5060,7.156957337883796e-07
9420,7.156153571941104e-07
4393,7.154237380291306e-07
7570,7.152856369430083e-07
6821,7.151797376536706e-07
807,7.150254361931729e-07
2142,7.14410987256997e-07
1739,7.143643472318217e-07
9474,7.142335221033136e-07
9622,7.140907314351352e-07
3135,7.138666830996954e-07
4522,7.137929856071423e-07
1945,7.135414250569738e-07
9318,7.131384052172507e-07
9087,7.126282923763938e-07
9599,7.12349702780557e-07
331,7.120796396975493e-07
7874,7.112643345408287e-07
5938,7.108668285127351e-07
7475,7.092269811437291e-07
9778,7.091001350545412e-07
949,7.085607194312615e-07
2701,7.084217656938563e-07
4013,7.073143990510289e-07
3800,7.070935055253358e-07
7254,7.068477145821817e-07
1243,7.066692262469587e-07
5754,7.066676914746495e-07
8580,7.064967348924256e-07
1450,7.060667144287436e-07
7149,7.053115211874683e-07
5326,7.044136509648524e-07
1796,7.038225646738283e-07
5070,7.033855524696264e-07
1757,7.023481032319978e-07
5563,7.018165035788115e-07
2488,7.007264457570272e-07
1816,7.003465611887805e-07
2559,6.999387096584542e-07
225,6.997403545483394e-07
150,6.99721510954987e-07
3603,6.991096483943693e-07
1325,6.983653122460964e-07
9068,6.971876018724288e-07
172,6.970666959205118e-07
7709,6.965112788748229e-07
8278,6.959796223782178e-07
5110,6.959191978239687e-07
7485,6.958979383853148e-07
4298,6.957415621400287e-07
1005,6.956480547160027e-07
9876,6.949476585305092e-07
5728,6.9464573471123e-07
6413,6.932215512733819e-07
4632,6.928293032615329e-07
1895,6.92307963845451e-07
1958,6.922248303453671e-07
3857,6.921015085481486e-07
9777,6.920631108187081e-07
2213,6.917775863257702e-07
8830,6.916040717896976e-07
2103,6.912652281698684e-07
3570,6.911208458859619e-07
2357,6.902584175350057e-07
5745,6.901293545524823e-07
9313,6.900523317199259e-07
7278,6.89225913674818e-07
2277,6.888057271225989e-07
8923,6.882401066832244e-07
1473,6.880109140183777e-07
5791,6.878706244606292e-07
7741,6.876835243474488e-07
3041,6.876825011659093e-07
7147,6.8586717816288e-07
8896,6.857032701645949e-07
3319,6.853895229141926e-07
7362,6.844295796781807e-07
5855,6.841438562332769e-07
1438,6.834507644271071e-07
65,6.832048313754058e-07
2374,6.828051937191049e-07
4377,6.8232142780289e-07
2211,6.822676823503571e-07
3889,6.814419464262755e-07
8458,6.810083732489147e-07
8569,6.806426711136737e-07
4025,6.806122030411643e-07
1188,6.78600230230586e-07
8173,6.773218217404064e-07
4706,6.768518403532653e-07
9339,6.766938440705417e-07
3101,6.766178159978153e-07
3715,6.763367821349675e-07
1518,6.763328883607755e-07
1280,6.754203241143841e-07
7057,6.753596437647502e-07
7108,6.747801535311737e-07
2430,6.745966345533816e-07
550,6.744272695868858e-07
5362,6.742421021499467e-07
8077,6.740195033216878e-07
7842,6.738347053669713e-07
3326,6.7379235701992e-07
2464,6.736214288594056e-07
8035,6.736040347732342e-07
6603,6.731136181770125e-07
9866,6.730116126618668e-07
104,6.727788104399224e-07
3608,6.720728151776711e-07
1727,6.720335932186572e-07
9850,6.709795172810118e-07
1361,6.70970223382028e-07
2379,6.708121418341761e-07
5616,6.695961758396152e-07
7181,6.689862459552387e-07
4211,6.689290046324459e-07
4985,6.687982363473566e-07
5296,6.684774405130156e-07
9142,6.684069546736282e-07
9781,6.683784476990695e-07
4794,6.680219257759745e-07
279,6.676346231415664e-07
5341,6.673834604953299e-07
3563,6.673788277566928e-07
9123,6.669906440492923e-07
520,6.667548859695671e-07
7887,6.665312923814781e-07
3905,6.663536282758287e-07
4778,6.662424993919558e-07
9048,6.659624034455192e-07
8805,6.651642081578757e-07
1884,6.651064552443131e-07
6544,6.639670573349576e-07
3516,6.635792146880704e-07
7323,6.633132159095112e-07
5330,6.630603479607089e-07
2639,6.629805398006283e-07
4253,6.628254993756855e-07
5276,6.624849788749998e-07
1064,6.617376300255273e-07
7118,6.616126597691618e-07
1691,6.614794472170615e-07
4868,6.611785465793218e-07
2089,6.610652008021134e-07
5420,6.60962228948847e-07
6306,6.601250959192839e-07
2356,6.600975268611364e-07
3586,6.600041331239481e-07
9337,6.594147805571993e-07
864,6.592919703507505e-07
2164,6.584346863292012e-07
7525,6.5836738372127e-07
1528,6.566802426277718e-07
2432,6.556274740887602e-07
2256,6.547255679834052e-07
1826,6.54337668493099e-07
6600,6.540153947298677e-07
158,6.538430739055912e-07
4622,6.535937586704677e-07
5623,6.519633473089925e-07
5227,6.509613399430236e-07
7989,6.507548846457212e-07
7183,6.505168528292415e-07
5990,6.500938241060794e-07
4758,6.499533071746555e-07
5343,6.462298358655971e-07
1797,6.457995596065302e-07
105,6.451120952988276e-07
9594,6.447928342367959e-07
2983,6.443107736231468e-07
2739,6.442337792122999e-07
7318,6.440932622808759e-07
1025,6.43698115254665e-07
7748,6.428375343148218e-07
5854,6.414707343083137e-07
6972,6.410700166270544e-07
325,6.405614954019256e-07
3418,6.405049362001591e-07
9786,6.392830300683272e-07
1861,6.389805378148594e-07
2372,6.388463873463479e-07
2589,6.377687498115847e-07
7888,6.37335318742771e-07
842,6.37314713003434e-07
9448,6.367352796132764e-07
6877,6.360100144320313e-07
4623,6.342248752844171e-07
7302,6.322842409645091e-07
3019,6.320672412130079e-07
2908,6.314254790140694e-07
6858,6.313936182777979e-07
2700,6.309401499038358e-07
6790,6.304235569132288e-07
1877,6.296965580077085e-07
5876,6.296737069533265e-07
4939,6.290892144988902e-07
8426,6.285447682330414e-07
1443,6.283770517256926e-07
3537,6.282526783252251e-07
4575,6.278604587350856e-07
4014,6.273934047840157e-07
6017,6.268829793043551e-07
6644,6.264751846174477e-07
5071,6.264639011988038e-07
6844,6.255754101402999e-07
22,6.254000766148238e-07
1323,6.253599167393986e-07
5469,6.252116691030096e-07
4493,6.243878658551694e-07
9001,6.240873346996523e-07
4658,6.236844853901857e-07
8073,6.233692886326025e-07
4042,6.233144915768207e-07
7545,6.23202055294314e-07
7472,6.231821316760033e-07
2000,6.226833875189186e-07
6653,6.226038919976418e-07
2298,6.22538266270567e-07
7971,6.221298463060521e-07
8607,6.220951149771281e-07
8700,6.218010355496517e-07
468,6.215440180312726e-07
7966,6.206664124874806e-07
9447,6.206653040408128e-07
5074,6.204017211075552e-07
7723,6.203293594353454e-07
5847,6.19003088786485e-07
8966,6.188794827721722e-07
103,6.184347967064241e-07
6986,6.177144484809105e-07
3908,6.175729367896565e-07
7227,6.175434066335583e-07
4771,6.173330859837733e-07
2449,6.172001860704768e-07
6209,6.166544039842847e-07
6039,6.161258738757169e-07
5280,6.160981627090223e-07
4870,6.158035148473573e-07
6618,6.151960008082824e-07
7454,6.14037787727284e-07
676,6.13977562125001e-07
9295,6.138031949376455e-07
6776,6.129212124506012e-07
4199,6.128328777776915e-07
3222,6.123721050244058e-07
3647,6.121927924596093e-07
1966,6.121409796833177e-07
4830,6.111477262038534e-07
5039,6.110258539138158e-07
1851,6.101659835167084e-07
6217,6.098192955050763e-07
7547,6.096649656228692e-07
290,6.089003647957725e-07
7679,6.086588371090329e-07
8677,6.082531740503327e-07
6364,6.082364052417688e-07
8005,6.075395901916636e-07
6770,6.063659157007351e-07
6159,6.059932502466836e-07
8991,6.057859422980982e-07
5749,6.047142164788966e-07
3923,6.035708679519303e-07
217,6.033903048319189e-07
8681,6.033596093857341e-07
6226,6.028975860772334e-07
6130,6.027411529885285e-07
125,6.020103171522351e-07
4200,6.019876082064002e-07
1461,6.018722729095316e-07
9085,6.015804956405191e-07
8201,6.013515871927666e-07
6788,6.010677111589757e-07
1699,6.00666766104041e-07
6834,6.006031583183358e-07
2260,5.997447374284093e-07
5216,5.997143261993187e-07
3548,5.991934415305877e-07
3196,5.977748003260785e-07
8145,5.974955854526343e-07
2932,5.973779764190112e-07
9610,5.959586530934757e-07
9189,5.957590758498554e-07
2907,5.956028701348259e-07
758,5.955431277016032e-07
522,5.953502579814085e-07
6145,5.952774415618478e-07
6120,5.952607864401216e-07
6256,5.939559457601717e-07
2650,5.938902063462592e-07
5267,5.929878170718439e-07
9636,5.929745725552493e-07
2651,5.917892451634543e-07
8678,5.91423059859153e-07
218,5.913257439260633e-07
7446,5.9126602991455e-07
9057,5.91228655366649e-07
7369,5.908143236865726e-07
9690,5.907589297748927e-07
2491,5.906669002797571e-07
3217,5.901284794163075e-07
1302,5.895072376915778e-07
958,5.877673743270861e-07
7208,5.866804713150486e-07
9733,5.86575964689473e-07
5108,5.860891292286396e-07
5202,5.858308327333361e-07
2181,5.858014731074945e-07
5455,5.85516232831651e-07
9741,5.85312449175035e-07
6100,5.851106550380791e-07
8114,5.843864130383736e-07
3186,5.838095091803552e-07
9836,5.82611420441026e-07
4364,5.82454788400355e-07
7580,5.822039952363411e-07
3521,5.82084396683058e-07
1507,5.816769146349543e-07
1636,5.811475318751036e-07
5040,5.805770513234165e-07
4693,5.803866258702328e-07
8079,5.801469455946062e-07
8379,5.800233964237123e-07
1415,5.794081801013817e-07
160,5.791731325643923e-07
2634,5.790028581031947e-07
3361,5.78674814732949e-07
6344,5.77734340367897e-07
4518,5.771812823240907e-07
3227,5.771231030848867e-07
3034,5.770850179942499e-07
9171,5.770660322923504e-07
5803,5.769769586549955e-07
6488,5.764019874732185e-07
1004,5.763273804859637e-07
4315,5.758572569902753e-07
9539,5.753913967510016e-07
6650,5.749071192440169e-07
3982,5.746041722431983e-07
9680,5.743984843320504e-07
976,5.742909650052752e-07
9250,5.742656412621727e-07
8661,5.741226516420284e-07
4357,5.734540025059687e-07
8571,5.729951055855054e-07
6901,5.729283998334722e-07
8657,5.725865435124433e-07
1384,5.724676839236054e-07
4975,5.720477247450617e-07
7220,5.715089059776801e-07
6702,5.705381624920847e-07
6537,5.701263319224381e-07
9752,5.682010453256225e-07
2042,5.680956007836357e-07
7232,5.674019973866962e-07
9944,5.668027540650655e-07
1067,5.660563431320043e-07
7921,5.656416988131241e-07
8271,5.655792847392149e-07
1220,5.649075944802462e-07
4111,5.648797696267138e-07
1439,5.646666068059858e-07
4229,5.643667009280762e-07
5911,5.641741438466852e-07
5005,5.641236384690274e-07
5843,5.640845586185605e-07
9936,5.625123264962895e-07
5133,5.623129197829257e-07
3594,5.621268712729943e-07
5807,5.618335592316726e-07
605,5.615844997919339e-07
2179,5.61523023634436e-07
8465,5.614576821244555e-07
4327,5.600741701528023e-07
9813,5.598983818799752e-07
6932,5.598375310000847e-07
1762,5.591456044840015e-07
9518,5.58333539402156e-07
8417,5.581593995884759e-07
8449,5.581526920650504e-07
3795,5.579608739481046e-07
1007,5.575490149567486e-07
4524,5.570190637627093e-07
712,5.569825134443818e-07
8879,5.56909299120889e-07
9927,5.565874801050086e-07
8645,5.563362890370627e-07
5069,5.563210834225174e-07
3457,5.55807105229178e-07
4551,5.547494197344349e-07
4251,5.539250764741155e-07
4332,5.537972356250975e-07
1481,5.535886202778784e-07
1211,5.533577223104658e-07
6007,5.531621809495846e-07
6305,5.51866605746909e-07
4536,5.51648753344125e-07
7145,5.515349528195657e-07
1992,5.506680622602289e-07
6662,5.503059696820856e-07
9398,5.498611415077903e-07
6849,5.48613058981573e-07
4335,5.48531971844568e-07
8126,5.478916875745199e-07
9718,5.47860793176369e-07
143,5.477542686094239e-07
9174,5.473931707911106e-07
844,5.471802921874769e-07
3781,5.468123447371909e-07
9571,5.467308312745445e-07
334,5.458014413761703e-07
6216,5.454498932522256e-07
7285,5.453890707940445e-07
8574,5.436876620024123e-07
3036,5.431076317563566e-07
2793,5.42896742672383e-07
269,5.422166395874228e-07
2331,5.420528452759754e-07
8399,5.419845763299236e-07
4237,5.41646045348898e-07
9293,5.411727386217535e-07
4774,5.405400429481233e-07
6067,5.40264323944939e-07
3260,5.401600162713294e-07
8748,5.399293740993016e-07
6703,5.394976199113444e-07
5499,5.391427464473963e-07
389,5.391394495291024e-07
307,5.387146302382462e-07
1248,5.383232632993895e-07
4644,5.379395986437885e-07
463,5.378071818995522e-07
9461,5.377795559979859e-07
3125,5.372985185658763e-07
3956,5.372491784783051e-07
6279,5.372028226702241e-07
5823,5.372023110794544e-07
6312,5.369606128624582e-07
618,5.36516779447993e-07
8347,5.360677732824115e-07
1621,5.354108338906372e-07
9262,5.350659932901181e-07
9344,5.34926982709294e-07
7513,5.339587687558378e-07
9632,5.335890307378577e-07
8494,5.327227938778378e-07
4285,5.320905529515585e-07
7028,5.319358820088382e-07
5512,5.311067354796251e-07
9746,5.308573634010827e-07
1676,5.308314428020822e-07
6038,5.307433355028479e-07
6280,5.307367416662601e-07
6434,5.293307765441568e-07
4889,5.290441720262606e-07
7051,5.285736222049309e-07
1912,5.280076038616244e-07
4218,5.275615535538236e-07
2131,5.270160272630164e-07
6486,5.26356046748333e-07
1588,5.261491367036797e-07
312,5.258287956166896e-07
4286,5.250446690752142e-07
8692,5.245265128905885e-07
3463,5.242416989403864e-07
7312,5.239542986146262e-07
8046,5.237072855379665e-07
8556,5.236690299170732e-07
271,5.234774960172217e-07
7075,5.232419937328814e-07
3532,5.227446990829776e-07
1755,5.226092980592512e-07
1172,5.222099446200446e-07
7448,5.221152434842224e-07
6110,5.220199170707929e-07
1584,5.218185776811879e-07
2735,5.205908450989227e-07
6796,5.1976417125843e-07
1003,5.197295536163438e-07
884,5.196124277517811e-07
3175,5.19392131081986e-07
9681,5.186155931369285e-07
3874,5.182700704153831e-07
2444,5.182558311389585e-07
2123,5.172075816517463e-07
4635,5.162915499568044e-07
4311,5.162733600627689e-07
8222,5.155254996225267e-07
640,5.137494838436396e-07
7428,5.135982519277604e-07
406,5.132302476340556e-07
1430,5.128763689299376e-07
420,5.121974311350641e-07
611,5.111822360959195e-07
4967,5.111775180921541e-07
6274,5.111524785661459e-07
8704,5.109723133500665e-07
3673,5.10791409169542e-07
7487,5.107045808472321e-07
6478,5.102725424421806e-07
6851,5.098724784602382e-07
7256,5.085447583041969e-07
4634,5.082491156827018e-07
8770,5.081644189885992e-07
1659,5.080084122255357e-07
207,5.078425431292999e-07
8837,5.058719807493617e-07
3391,5.047517390721623e-07
7712,5.04232218645484e-07
5252,5.038152153247211e-07
5958,5.036118579937465e-07
6326,5.032656247294653e-07
8888,5.031796206367289e-07
2669,5.011439441204857e-07
6192,5.008106143122859e-07
6294,5.006328080980893e-07
7936,5.004998229196644e-07
6020,5.00375847423129e-07
2698,5.001681984140305e-07
3268,4.993750337689562e-07
5425,4.991109676666383e-07
1628,4.986446811017231e-07
170,4.984756003523216e-07
5019,4.979730192644638e-07
2304,4.977924845661619e-07
1370,4.973109923867014e-07
6311,4.972045530848845e-07
4516,4.957136923167127e-07
3278,4.950717311658082e-07
249,4.948345520006114e-07
6429,4.948170158058929e-07
9024,4.945594298533251e-07
5078,4.940160920341441e-07
941,4.939583106988721e-07
5870,4.936627391316506e-07
6498,4.934185255933698e-07
9033,4.933045829602634e-07
2423,4.93286435698792e-07
8682,4.927630357087764e-07
2072,4.921623997233837e-07
1417,4.916078921723965e-07
2440,4.903627370822505e-07
4378,4.897297287698166e-07
8595,4.888250657586468e-07
8491,4.885096132056788e-07
8118,4.882705866293691e-07
9456,4.872332510785782e-07
8343,4.871392178529277e-07
8078,4.86778390040854e-07
7714,4.867484051374049e-07
9658,4.859783473420975e-07
694,4.851703039321364e-07
4619,4.846387895440785e-07
1358,4.838047829025527e-07
452,4.829056479138671e-07
1343,4.821427950219004e-07
9361,4.812340677062821e-07
1270,4.810094225149442e-07
3318,4.791852035168631e-07
3370,4.785984799582366e-07
8755,4.772545452169652e-07
6284,4.7681366766028077e-07
1060,4.768026826695859e-07
5902,4.7671112213265587e-07
9782,4.7660937241289503e-07
2049,4.76374253821632e-07
8162,4.7616796905458614e-07
7186,4.760800749181726e-07
5451,4.7577631789863517e-07
3805,4.753993607664597e-07
5092,4.7419415238891816e-07
6164,4.737301395607574e-07
3069,4.727844356011701e-07
5371,4.718371968692736e-07
8249,4.71065206397725e-07
8747,4.6972496647867956e-07
6212,4.695203017490712e-07
4368,4.691710415727357e-07
8870,4.688609749337047e-07
710,4.67826623662404e-07
8279,4.6749126170197997e-07
7014,4.671966564728791e-07
8094,4.670048951993522e-07
9691,4.669616515684538e-07
1318,4.6683997823038226e-07
17,4.663770312163251e-07
4968,4.659708565668552e-07
176,4.65599924837079e-07
5906,4.655299932210255e-07
7025,4.6544469967102486e-07
4950,4.6476291970520833e-07
8625,4.641087940626676e-07
8924,4.633058097169851e-07
5034,4.6317771307258226e-07
5708,4.6312057122577244e-07
1469,4.626145511110735e-07
2472,4.6193245850645326e-07
7549,4.618688365098933e-07
6962,4.6173552448181e-07
6606,4.6134849185364146e-07
3986,4.611714672364542e-07
4062,4.606871613077601e-07
7002,4.6059653868724126e-07
8656,4.6051025037741056e-07
7477,4.6045333590427617e-07
2821,4.595122931050355e-07
6879,4.591665003772505e-07
7460,4.587363378050213e-07
6169,4.5855624364321557e-07
8821,4.5785709801293706e-07
6835,4.570963909600323e-07
3303,4.567848037595468e-07
5334,4.563460151985055e-07
4485,4.559044128882306e-07
753,4.558769433060661e-07
5435,4.558604871363059e-07
6711,4.556569166425106e-07
7421,4.556552255507995e-07
9000,4.553976680199412e-07
5401,4.551541650243962e-07
6861,4.5457790065484005e-07
6737,4.5405469961679046e-07
5017,4.5386885005882505e-07
6520,4.5384409474991116e-07
7190,4.532666224577042e-07
8065,4.5239418966502853e-07
1935,4.5148070171308063e-07
6242,4.51477291107949e-07
5052,4.511980904453594e-07
479,4.5100320278379513e-07
1947,4.507901536499048e-07
2078,4.505195079218538e-07
5488,4.505074571170553e-07
2384,4.503857269355649e-07
9094,4.503051798110391e-07
5087,4.4995211112563993e-07
3994,4.497297680927659e-07
2874,4.495193763887073e-07
6144,4.489489384695844e-07
507,4.485015523414404e-07
6872,4.4849467428775824e-07
6074,4.4843794455573516e-07
4952,4.4742144211795676e-07
3049,4.4729004855526e-07
2815,4.446880979003254e-07
9276,4.4387414277480275e-07
6073,4.431574609498057e-07
3585,4.4315659408766805e-07
8229,4.418941870198978e-07
4318,4.4136764643099013e-07
750,4.4127027365448157e-07
652,4.4103478558099596e-07
3724,4.4090846529343253e-07
3628,4.3943653338374133e-07
2004,4.3942624472492753e-07
9112,4.3910321778639627e-07
6403,4.389759027390028e-07
9427,4.388361674045882e-07
2302,4.3873946253825125e-07
6686,4.387131724570281e-07
3494,4.3842368313562474e-07
2253,4.381291063282333e-07
6981,4.3561918516843434e-07
9454,4.3470758726016356e-07
4402,4.3454022602418263e-07
7822,4.337903760642803e-07
3487,4.3350222256322013e-07
1514,4.334779077908024e-07
7384,4.331513565603018e-07
2974,4.330738789803945e-07
2889,4.329812526293608e-07
4161,4.3294294016504864e-07
8193,4.3242019387434993e-07
1995,4.3196908450227056e-07
466,4.317326158798096e-07
7311,4.317010962040513e-07
8289,4.315694894785338e-07
9644,4.30927542538484e-07
385,4.306231886630485e-07
6970,4.305660041836745e-07
5947,4.301793552485833e-07
4427,4.298945270875265e-07
4451,4.29266236778858e-07
4955,4.286771968509129e-07
5561,4.286599448732886e-07
8098,4.282226058194283e-07
3522,4.2808197520116664e-07
7339,4.277862757362527e-07
6795,4.271099527386468e-07
3611,4.2703386782250163e-07
2751,4.265927913138512e-07
1283,4.2657612198127026e-07
5603,4.264829698286121e-07
5396,4.263775252866253e-07
1271,4.256267516211665e-07
719,4.249445737514179e-07
3015,4.2429192603776755e-07
3485,4.2382583842481836e-07
8826,4.2376383646569593e-07
1573,4.2322315607634664e-07
6430,4.2305302372369624e-07
8699,4.2243016196152894e-07
4984,4.2193022409264813e-07
3281,4.2190433191535703e-07
4443,4.20876133944148e-07
4310,4.206137163009771e-07
3655,4.204863159884553e-07
1389,4.195925384919974e-07
5946,4.1953268237193697e-07
3780,4.1950964657644363e-07
3992,4.180470227765909e-07
6969,4.1789095917010854e-07
4859,4.178599937176841e-07
4618,4.175605567979801e-07
5177,4.1684343443648686e-07
8049,4.159978317375135e-07
9749,4.157010522476412e-07
8167,4.149191710212108e-07
6171,4.148886887378467e-07
7986,4.1478892853774596e-07
9108,4.143217608998384e-07
2725,4.1413606766127486e-07
5595,4.138670703923708e-07
4869,4.135464450882864e-07
2215,4.1320649302178936e-07
2493,4.1227821157008293e-07
9467,4.1212088319753093e-07
8978,4.116426026712361e-07
5300,4.1137541018088086e-07
5861,4.112372664621944e-07
1841,4.10885704127395e-07
6052,4.106573499029764e-07
2834,4.1062112643430737e-07
2504,4.104181243747007e-07
4585,4.104028761275913e-07
1295,4.1029915109902504e-07
7174,4.0975575643642514e-07
4208,4.0960684088986454e-07
8733,4.093426326789995e-07
2871,4.090261711553467e-07
3417,4.0827521274877654e-07
3561,4.0807169909840013e-07
7492,4.0806564527429146e-07
2550,4.066728109819451e-07
7790,4.065658885110679e-07
6511,4.06492034699113e-07
7668,4.062832914542014e-07
6059,4.0626107988828153e-07
5183,4.061186871240352e-07
2800,4.0572770387825585e-07
92,4.057168325743987e-07
7836,4.05121085123028e-07
2778,4.05016251647794e-07
4428,4.0493200970104226e-07
2775,4.0492150787940773e-07
7595,4.042470465037695e-07
4839,4.040826127038599e-07
1071,4.040315388920135e-07
6180,4.039078049800082e-07
7268,4.037660517042241e-07
2291,4.0337528162126546e-07
262,4.0337387474664865e-07
4899,4.032662133113263e-07
6602,4.0181078020395944e-07
2243,4.0062582229438704e-07
7524,4.003153293297146e-07
5192,3.999460034265212e-07
7447,3.9983967781154206e-07
9959,3.9890403513709316e-07
9968,3.9838111831613787e-07
903,3.983005569807574e-07
9987,3.9823861186505383e-07
2814,3.9812778140912997e-07
5848,3.9742788260355155e-07
9246,3.97410445884816e-07
1871,3.972351834136134e-07
168,3.97071488578149e-07
5743,3.9677013319305843e-07
99,3.965233901226384e-07
725,3.965114672155323e-07
7641,3.9591519396253716e-07
2104,3.952046796484865e-07
9451,3.951458893425297e-07
8015,3.948820932464514e-07
9007,3.938363164479597e-07
6530,3.9282704733523133e-07
1532,3.9232368465036416e-07
1722,3.913842476777063e-07
5867,3.911044501592187e-07
5467,3.910688235464477e-07
4397,3.9086285141820554e-07
8751,3.9003462859454885e-07
5967,3.8981094974133157e-07
2369,3.8936055091198796e-07
7474,3.891904754027564e-07
8540,3.889762894004889e-07
1356,3.8888902054168284e-07
2474,3.8869747243097663e-07
3546,3.878751755337362e-07
4015,3.8778576083586813e-07
8034,3.861455155629301e-07
2245,3.8610642150160857e-07
4106,3.855814583175743e-07
6778,3.8532500923338375e-07
4262,3.8497397270020883e-07
6047,3.8421502779328875e-07
4700,3.840980156155638e-07
7944,3.8288678183562297e-07
1543,3.8267903335054143e-07
7550,3.8162279736297933e-07
4150,3.8161338977715786e-07
8973,3.81595768317311e-07
2844,3.8147959458001424e-07
7037,3.813969442489906e-07
7040,3.811654636365347e-07
514,3.806032538022919e-07
7242,3.805541268775414e-07
2868,3.8031707561003714e-07
4240,3.802850585543638e-07
8499,3.801802819225486e-07
5744,3.797475756073254e-07
7583,3.7947279452055227e-07
3301,3.7943416941743635e-07
2157,3.7886525205976795e-07
7526,3.783608661933613e-07
9132,3.775667778427305e-07
3038,3.7708164768446295e-07
3022,3.76951660996383e-07
26,3.769253709151599e-07
1925,3.7665174090761866e-07
2190,3.7641720496139897e-07
9587,3.752320196781511e-07
9232,3.745040828562196e-07
4040,3.7395203378309816e-07
9814,3.739161797966517e-07
9271,3.736919325092458e-07
2162,3.7350034176597546e-07
9352,3.728699482508091e-07
377,3.726641892853877e-07
8948,3.721808923273784e-07
7141,3.7198547886418964e-07
5963,3.7160727117679926e-07
9483,3.7158174848173076e-07
9627,3.7155658105803013e-07
8602,3.713888503398266e-07
8623,3.7122799767530523e-07
52,3.7121753848623484e-07
7127,3.709259317474789e-07
477,3.7091184879045613e-07
6714,3.706607287767838e-07
5907,3.702725877019475e-07
2118,3.691445868980736e-07
5418,3.690806522627099e-07
5126,3.688677878699309e-07
3535,3.6820505044943275e-07
7269,3.6805298009312537e-07
1124,3.6780755863219383e-07
1290,3.6723454854836746e-07
6303,3.671691359841134e-07
320,3.668557866376432e-07
5668,3.6675612591352547e-07
3140,3.6599573149942444e-07
6029,3.6486639487520733e-07
2904,3.6478078868640296e-07
4630,3.6410035875178437e-07
5833,3.640161736484515e-07
5774,3.638913739223426e-07
1950,3.634528553675409e-07
4471,3.627753812907031e-07
8155,3.627141893502994e-07
1729,3.625648616889521e-07
5412,3.6134555614353303e-07
3637,3.607988645626392e-07
1846,3.604344556151773e-07
7352,3.604195910611452e-07
7410,3.60115222974855e-07
2741,3.596803850314245e-07
9642,3.596712758735521e-07
717,3.595139617118548e-07
669,3.594961128783325e-07
9931,3.592039945488068e-07
4656,3.589449448782034e-07
8135,3.588210830685057e-07
3009,3.5750643689880235e-07
3104,3.5709157941710146e-07
399,3.566289876744122e-07
971,3.564535404620983e-07
2266,3.5623305905119196e-07
3916,3.5560971411996434e-07
8301,3.551715508365305e-07
5531,3.550431699750334e-07
5777,3.5368692863357865e-07
6607,3.5353700411633326e-07
456,3.533612158435062e-07
989,3.531693977265604e-07
9683,3.5275492393793684e-07
1929,3.5244559626335104e-07
7974,3.5232739037383e-07
8052,3.521768263681224e-07
6451,3.5215948912536987e-07
226,3.5193214387163607e-07
6940,3.5179412805064203e-07
1435,3.517259585805732e-07
4012,3.512908222091937e-07
465,3.5052177338457113e-07
7067,3.4856478237088595e-07
4577,3.468236684511794e-07
6296,3.468022384822689e-07
6613,3.4652708791327314e-07
473,3.465023752369234e-07
2876,3.455793518014616e-07
5497,3.4524980208061606e-07
9286,3.446477165880424e-07
6871,3.4437275076015794e-07
3574,3.4330027176565636e-07
2674,3.4232303391945607e-07
5345,3.421120595703542e-07
7143,3.415841121068297e-07
5866,3.41446877882845e-07
8856,3.409467410619982e-07
9208,3.406764932378792e-07
7953,3.4056382958169706e-07
6456,3.4031197060357954e-07
8199,3.402258528240054e-07
4144,3.40223579087251e-07
5411,3.399987065222376e-07
21,3.399315460228536e-07
7223,3.3858847814371984e-07
7841,3.384598130651284e-07
3657,3.3718470149324276e-07
8016,3.3686976053104445e-07
5741,3.362784326554902e-07
6103,3.3575911118077784e-07
7416,3.356732634074433e-07
4997,3.353761997004767e-07
6540,3.3535727084199607e-07
9387,3.347226424921246e-07
4931,3.340521317340972e-07
9673,3.332256710564252e-07
6289,3.3261119369853986e-07
28,3.3256966958106204e-07
3459,3.3225651918655785e-07
2736,3.317594519103295e-07
7696,3.317122434509656e-07
4566,3.3150482181554253e-07
1906,3.314112433372429e-07
3527,3.310747018758775e-07
4465,3.305143536636024e-07
3077,3.300557693819428e-07
1568,3.2892121737404523e-07
7945,3.2871463417905034e-07
9355,3.2846271835751395e-07
2613,3.280638907199318e-07
5349,3.277836384540933e-07
5707,3.274845710166119e-07
3933,3.2651281856033165e-07
4162,3.263389771746006e-07
409,3.260242209535136e-07
7501,3.2591285048511054e-07
1,3.258733727307117e-07
3617,3.2563129082063824e-07
621,3.2542571659632813e-07
9821,3.252230982297988e-07
5410,3.2497237612005847e-07
6504,3.241794956920785e-07
7638,3.2412057748842926e-07
7771,3.240820092287322e-07
5820,3.240552786110129e-07
1326,3.2385955250902043e-07
9097,3.2328027543826465e-07
9545,3.232409824249771e-07
3299,3.232291163612899e-07
6141,3.229975646945604e-07
8981,3.2274473937832227e-07
4654,3.222916546974375e-07
1680,3.2176261299809994e-07
5628,3.214866097778213e-07
4109,3.2080041023618833e-07
9444,3.2052861342890537e-07
7433,3.2023888252297183e-07
6390,3.2022563800637727e-07
4088,3.197303897195525e-07
1542,3.1968373548352247e-07
3830,3.185559336316146e-07
6797,3.1819114099107537e-07
5477,3.180007297487464e-07
1200,3.1785393161953834e-07
7993,3.165830122497937e-07
8438,3.165497446389054e-07
5160,3.159867247859438e-07
3926,3.157561963007538e-07
37,3.15668714279127e-07
4239,3.151361624986748e-07
9695,3.151022127667602e-07
8457,3.150243514937756e-07
1879,3.1393301469506696e-07
9164,3.133689858714206e-07
9754,3.1315553883359826e-07
4324,3.131112578103057e-07
2068,3.13082651359764e-07
1663,3.130796528694191e-07
7537,3.124435323798025e-07
9855,3.122258220855656e-07
3587,3.116000613090364e-07
5417,3.1142809575612773e-07
6448,3.1099202146833704e-07
5107,3.108877280055822e-07
2334,3.106417238996073e-07
1425,3.10545885895408e-07
5508,3.103761372358349e-07
518,3.095181710932593e-07
8560,3.0932076811041043e-07
7483,3.0874130629854335e-07
6546,3.086886408709688e-07
7354,3.0840784859265113e-07
8812,3.081533463955566e-07
9791,3.081195103504797e-07
7480,3.072829457551052e-07
3714,3.0676355322611926e-07
6640,3.059926569903837e-07
147,3.056703405945882e-07
288,3.0397953310057346e-07
5607,3.038669262878102e-07
4681,3.0334265943565697e-07
2919,3.031482407322983e-07
5081,3.0187156596639397e-07
4260,3.002538164764701e-07
7122,3.00177077861008e-07
8547,3.000756265691962e-07
946,2.9939290868696844e-07
6665,2.980058866342006e-07
9309,2.979099207323088e-07
1614,2.973052772858864e-07
8710,2.9630226094923273e-07
1901,2.9628546371895936e-07
2490,2.962556635566216e-07
1928,2.9624040109865746e-07
7463,2.960395590889675e-07
4922,2.9573736526344874e-07
415,2.956732743086832e-07
2075,2.954358535589563e-07
4749,2.9502420773042104e-07
8084,2.949461048729063e-07
9110,2.949252575490391e-07
5916,2.9482006880243716e-07
8967,2.9240715093692415e-07
8102,2.922154891393802e-07
3907,2.902753095668231e-07
9272,2.8955797404250916e-07
1342,2.893816173354935e-07
50,2.888538119805162e-07
2016,2.881844238800113e-07
5209,2.8770593019089574e-07
7426,2.876360696291158e-07
1668,2.875972455740339e-07
4776,2.867376025506019e-07
1544,2.8672643281879573e-07
481,2.861019510191909e-07
4795,2.854481522263086e-07
7643,2.851431304407015e-07
9496,2.8356544135021977e-07
4820,2.8293975162796414e-07
7823,2.8267382390367857e-07
5618,2.8244841132618603e-07
7229,2.8226006065779075e-07
6615,2.8201102963976155e-07
703,2.815228299368755e-07
3578,2.807631318546555e-07
3553,2.80750384717976e-07
8836,2.8022267883898166e-07
5315,2.8010448716031533e-07
831,2.799750120630051e-07
3851,2.7987051964828424e-07
3836,2.788248849583397e-07
5887,2.7877875652393413e-07
3609,2.7806326841073314e-07
555,2.7774495947596733e-07
4692,2.776192928877208e-07
7252,2.7684139070061065e-07
7116,2.7573254612889286e-07
697,2.747272702663395e-07
1863,2.746168235034929e-07
6170,2.744310734215105e-07
8378,2.7293803839256725e-07
9822,2.728913415239731e-07
7737,2.728160808374014e-07
1921,2.7273350156065135e-07
2510,2.7204949049064453e-07
7293,2.7134318258958956e-07
2171,2.707469093365944e-07
1305,2.7050306528053625e-07
4521,2.6973540911967575e-07
4386,2.693616067972471e-07
1635,2.690196936327993e-07
1353,2.680635873275605e-07
1246,2.6796375607318623e-07
4066,2.6775819605973084e-07
6455,2.674967873872447e-07
2061,2.663377216549634e-07
5505,2.6457585988737264e-07
8309,2.6410678799493326e-07
7348,2.637385136949888e-07
1196,2.6367004579697095e-07
4509,2.63646541043272e-07
9812,2.6357142246524745e-07
3261,2.628424198292123e-07
3209,2.6246891593473265e-07
2335,2.624555861530098e-07
6293,2.6219191795462393e-07
8469,2.617241250391089e-07
232,2.615802401351175e-07
2309,2.610496352417613e-07
1097,2.5978332018894434e-07
6214,2.588835172900872e-07
4715,2.5857528385131445e-07
5686,2.5790576785311714e-07
5950,2.577108091372793e-07
4122,2.576017266164854e-07
2961,2.569070716162969e-07
5127,2.556551095267423e-07
5338,2.5512504464586527e-07
9685,2.532483591721757e-07
1225,2.5213208232344186e-07
7341,2.516787560580269e-07
6447,2.516099186777865e-07
7629,2.515968731131579e-07
3292,2.4997949310545664e-07
6913,2.495571038707567e-07
2124,2.480943379623568e-07
8004,2.4560640099480224e-07
2259,2.4558798372709134e-07
2797,2.449364018275446e-07
9134,2.4492099726103334e-07
6040,2.435221091445783e-07
1201,2.431997359053639e-07
3682,2.4276890542296314e-07
2015,2.420531259872405e-07
5588,2.419591567104362e-07
8679,2.41497360775611e-07
6572,2.4063962200671085e-07
4164,2.403792223049095e-07
8284,2.403617429536098e-07
9115,2.4017447231017286e-07
6081,2.401639278559742e-07
6167,2.398863330199674e-07
8971,2.39171590976639e-07
3055,2.379165451316112e-07
2625,2.3638447999019263e-07
1268,2.3584868813486537e-07
9435,2.3558813211366214e-07
698,2.3542619231875506e-07
5381,2.3504852464384385e-07
9784,2.3504088630943443e-07
6469,2.3455792330651093e-07
5636,2.3429821283116326e-07
1269,2.3428628281862984e-07
3239,2.3388331271689822e-07
2942,2.3315863728612385e-07
9297,2.3271662996648956e-07
3291,2.32087344897991e-07
3588,2.3073187804811823e-07
1069,2.2988489689623748e-07
2975,2.2924141518387842e-07
3544,2.2882596795170684e-07
5333,2.2840261237888626e-07
6050,2.2807587640727434e-07
1725,2.2746749550606182e-07
2897,2.2722646519923728e-07
6963,2.2700859858559852e-07
5148,2.2417093248350284e-07
7569,2.239861913722052e-07
1506,2.229380342555487e-07
9424,2.227436866064636e-07
1839,2.2259159493387415e-07
8757,2.221634076704504e-07
492,2.2192854487457225e-07
4738,2.213093779346309e-07
5651,2.2085713879960167e-07
3054,2.2060709170546033e-07
9947,2.2059557380771366e-07
1675,2.20564146502511e-07
1448,2.2053146153666603e-07
7299,2.192963322045216e-07
8414,2.1892350332564092e-07
3882,2.1860477517066101e-07
6676,2.1824335050268928e-07
5234,2.172205952888362e-07
9243,2.169306227983725e-07
3127,2.163407728517086e-07
785,2.155033342887691e-07
2279,2.144740491871744e-07
340,2.1424982321605057e-07
357,2.1272317951570585e-07
2711,2.1201415023597292e-07
1412,2.1186238541304192e-07
9845,2.112817583110882e-07
8026,2.1123573645809302e-07
5441,2.1060124311134132e-07
3636,2.1029683949791433e-07
5689,2.1002003336434427e-07
8390,2.0939307177059163e-07
417,2.0923535259953496e-07
4474,2.090582071900826e-07
8485,2.0803372535738163e-07
9324,2.0794962551917706e-07
6004,2.0738175265933023e-07
3042,2.068775799557443e-07
4661,2.0568617742355855e-07
852,2.0567637903923242e-07
5709,2.0496727159979855e-07
7678,2.047905454105603e-07
3420,2.043774145477073e-07
3681,2.0409752465866404e-07
3757,2.0392958077763979e-07
9345,2.034651842564017e-07
5438,2.0303269110399924e-07
4995,2.0283638235696344e-07
4045,2.025298755370386e-07
7765,2.022659657541226e-07
5085,2.0225751029556704e-07
2704,2.0185071747391703e-07
7931,2.0111283305368488e-07
5645,2.0010143231274924e-07
6401,1.996165650552939e-07
2410,1.990310423138908e-07
5459,1.9872229017892096e-07
142,1.9871659873160752e-07
6869,1.9836294029573764e-07
744,1.9738161682880673e-07
2880,1.9670445539077264e-07
942,1.9575595189280648e-07
6207,1.9518542870855526e-07
6657,1.9510672899514248e-07
6258,1.9407966789231068e-07
3014,1.9385296923246642e-07
3619,1.9208565049666504e-07
3932,1.9198999012814966e-07
7932,1.914986427209442e-07
3178,1.9114268212661045e-07
7459,1.908366300540365e-07
7038,1.907314199911525e-07
3251,1.9064619038999808e-07
3705,1.9003932294481274e-07
6870,1.895579231359079e-07
6114,1.889494569695671e-07
1957,1.8873775786687474e-07
2489,1.883574469729865e-07
7726,1.880152922240086e-07
6195,1.8783030242275345e-07
8529,1.877206443623436e-07
5211,1.8728476902651892e-07
4254,1.863937413304484e-07
419,1.8515815725095308e-07
3726,1.8469594920134114e-07
6822,1.845058648086706e-07
1917,1.841941212887832e-07
607,1.8353186703734536e-07
4411,1.8337726004347132e-07
6712,1.817316146457415e-07
9331,1.8167519755252215e-07
6427,1.8123323997087937e-07
4224,1.8092718079287806e-07
7556,1.8045223271201394e-07
402,1.8005530222353627e-07
2906,1.799854487671837e-07
6738,1.799229067955821e-07
3476,1.7981636091235487e-07
2153,1.794897670492901e-07
2535,1.789441768096367e-07
8554,1.7894023329745323e-07
6652,1.785774514928562e-07
8774,1.776319038526708e-07
6484,1.7692511278255552e-07
3690,1.7590413392554183e-07
6200,1.7579333899675476e-07
2928,1.7504421379044288e-07
2747,1.7493886161901173e-07
720,1.7452268252782233e-07
4567,1.72940133325028e-07
3520,1.7252941120204923e-07
6378,1.7238277649767042e-07
2455,1.7217296743865518e-07
9508,1.7212392577903302e-07
5031,1.7194329871017544e-07
9003,1.7117508832598105e-07
1129,1.7111496219968103e-07
4595,1.7083539205486886e-07
5613,1.7003446828312008e-07
9863,1.699334433169497e-07
5360,1.6945342196095226e-07
5559,1.6921570988870371e-07
4464,1.684278458924382e-07
1276,1.6778604106093553e-07
6857,1.6646327338776246e-07
4608,1.6591507545626882e-07
7551,1.655136472322738e-07
6304,1.6536856151105894e-07
7006,1.646615288564135e-07
1455,1.6417298809301428e-07
5448,1.6406123393153393e-07
8376,1.63891826332474e-07
6482,1.6369499178381375e-07
376,1.6356052157107115e-07
1806,1.6328660024100827e-07
3149,1.627602799203487e-07
3590,1.6214680442772078e-07
5581,1.6203322417140953e-07
2112,1.6112378631305546e-07
2955,1.610902131687908e-07
166,1.608527782082092e-07
5482,1.605297939022421e-07
6412,1.6045898121319624e-07
3607,1.599189118905997e-07
1591,1.593978424807574e-07
8832,1.5853272827826004e-07
8630,1.5840657141552583e-07
370,1.582245445774788e-07
9978,1.579539485874193e-07
4270,1.578193433715569e-07
3198,1.5752770821109152e-07
1224,1.5711440681798194e-07
9844,1.5693505162062138e-07
8333,1.5626947202918018e-07
7055,1.5615515280842374e-07
7518,1.5472169678787395e-07
6688,1.5408963349727856e-07
988,1.537047680244541e-07
1515,1.5370289929705905e-07
8152,1.5289432298004613e-07
7636,1.5216048154798045e-07
614,1.5214191506629504e-07
5839,1.5201616321292022e-07
6547,1.5170258649277457e-07
97,1.514840164418274e-07
3048,1.505752038610808e-07
2544,1.49252123549104e-07
8433,1.4740184894890263e-07
9251,1.46740731565842e-07
9620,1.4631233824502488e-07
3622,1.4624999522538928e-07
8481,1.4564222539092953e-07
8959,1.4507513412809203e-07
9205,1.4439469708804609e-07
860,1.4406989379267543e-07
2269,1.4352128374639506e-07
9290,1.4320392693889517e-07
6519,1.431716114552728e-07
6863,1.4216646349041184e-07
1899,1.4176352181038965e-07
6208,1.416630794892626e-07
6309,1.4151444105436894e-07
7798,1.403407168254489e-07
9040,1.4030032247092095e-07
2981,1.389013846164744e-07
1414,1.3882948479704282e-07
6697,1.3875356330572686e-07
9133,1.378537746177244e-07
1109,1.3630246797902146e-07
9688,1.3555506939155748e-07
7296,1.3489346173400918e-07
3210,1.3481204064191843e-07
1835,1.3451626301730357e-07
2301,1.3397589526675802e-07
9643,1.333605439413077e-07
8264,1.3252424935217277e-07
1943,1.3079225880119338e-07
2308,1.30607006099126e-07
1499,1.3059494818890016e-07
7458,1.3022855682720547e-07
2463,1.301648708817993e-07
8411,1.2986576791718107e-07
7243,1.2954203043591406e-07
1101,1.2900584778208213e-07
4587,1.2878826538553767e-07
35,1.2821270445328992e-07
7012,1.2630715673367376e-07
4375,1.2589475062441124e-07
4105,1.255694073165614e-07
7039,1.2533543269910297e-07
6525,1.2378287550518507e-07
9675,1.237751803273568e-07
9119,1.2272383287381672e-07
4904,1.2252502301635104e-07
3839,1.2251297221155255e-07
4726,1.224598378257724e-07
8592,1.220236995891355e-07
3735,1.2162140450300285e-07
1113,1.2149098438385408e-07
5258,1.1992723614184797e-07
1116,1.1758971041331279e-07
4018,1.1661396825957127e-07
2130,1.1583488301880607e-07
6335,1.1456501525231033e-07
1553,1.1446847025808893e-07
2854,1.1268082644733113e-07
2114,1.1244963715739686e-07
8543,1.1209216310703596e-07
6008,1.1069568373045513e-07
4118,1.1046008552284547e-07
603,1.088083827482933e-07
2083,1.0860551569180643e-07
8535,1.0838905950549815e-07
2082,1.0780616221950368e-07
1598,1.0350129642233696e-07
9716,1.0248207971130796e-07
8617,1.0167942932071128e-07
6820,9.975363468583964e-08
4235,9.944993450972106e-08
4547,9.818505475323036e-08
3507,9.814507606620282e-08
5825,9.790234756223981e-08
6031,9.734557693263923e-08
6534,9.645658849422034e-08
1317,9.563412106672331e-08
563,9.545027879198642e-08
3469,9.376828202789511e-08
1594,9.341738049783999e-08
7937,9.126315703156251e-08
1687,9.074338436221296e-08
4537,9.039415260758688e-08
8454,8.815768026693149e-08
1032,8.789403338482771e-08
4334,8.499184644961133e-08
6783,8.457217504087566e-08
7096,8.355424796491207e-08
9458,8.349670821417021e-08
503,8.32673023865027e-08
9871,8.09012909996909e-08
8091,8.031406295572197e-08
1649,7.987747707716153e-08
3242,7.948148805780875e-08
7184,7.911173938168758e-08
1258,7.885624242476297e-08
9440,7.6199047072123e-08
3718,7.385598266296256e-08
2033,7.321256489944972e-08
4712,7.320117489939548e-08
818,7.262019252607388e-08
9312,7.196427631583902e-08
3914,6.975141531029294e-08
2896,6.756048875899978e-08
1202,6.69268302999626e-08
6301,6.454319390059027e-08
7649,6.379096006980944e-08
9609,6.359012516554685e-08
1745,6.353820936055854e-08
9988,6.275160302493532e-08
5097,6.243507755243627e-08
4739,6.056755097461064e-08
6881,6.039133104707162e-08
4915,6.024314735952885e-08
5446,5.970640337693567e-08
1043,5.7472956171977785e-08
5006,5.7325985736156326e-08
4616,5.703588357164335e-08
2234,5.6007525728318797e-08
579,5.5584672864483764e-08
4467,5.386175239152635e-08
8387,5.342582909406701e-08
2017,5.242930356530451e-08
2771,5.072253372873092e-08
3708,5.064817543143363e-08
6957,4.927584562608445e-08
9923,4.925040109071688e-08
6122,4.771018780047598e-08
1278,4.312008883289309e-08
3969,3.973954498803778e-08
5067,3.587609143096415e-08
5313,3.541521564898176e-08
9708,3.3024109669099744e-08
3702,3.180823782145126e-08
5372,3.1001851752421317e-08
2208,2.270717214258866e-08
6152,-8.756643465890335e-10
1779,-1.1450916881372564e-09
617,-1.7964012499760429e-09
122,-2.040755564536312e-09
3315,-2.1701250796368754e-09
7691,-2.315895364368714e-09
4921,-2.5546220694394606e-09
4344,-2.9069276985538295e-09
7924,-2.978496449479451e-09
6620,-3.123453384823449e-09
4834,-3.2668200367069744e-09
8634,-3.3636754492860632e-09
8548,-3.4210534405332282e-09
2396,-3.452840680040481e-09
5506,-3.4704110696281987e-09
4466,-3.486493316273709e-09
8691,-3.5234742901124605e-09
1815,-3.537307446954685e-09
8054,-3.5538174625315833e-09
2611,-3.5883762627975102e-09
1257,-3.614859078737709e-09
552,-3.6224313548771647e-09
1627,-3.7217826598379133e-09
6698,-3.7960441456874605e-09
8684,-3.940380910449903e-09
7752,-3.965110018100404e-09
8383,-4.080609850021233e-09
1385,-4.1830101604745096e-09
8722,-4.248805973716685e-09
5764,-4.296826894290007e-09
107,-4.307689760452149e-09
7295,-4.417414434243483e-09
8911,-4.450678492418092e-09
5727,-4.481580440085509e-09
2214,-4.564991495925597e-09
6641,-4.585325896755421e-09
5132,-4.6489487814938e-09
7947,-4.655128282848864e-09
606,-4.655129837161098e-09
4840,-4.6950427989855825e-09
943,-4.859819879854399e-09
7169,-4.885893023498511e-09
9362,-4.977522838345294e-09
3558,-5.212127174303305e-09
2364,-5.272248193577411e-09
130,-5.2775699366236495e-09
8236,-5.278441239653375e-09
3633,-5.348491427525914e-09
7885,-5.35863353690047e-09
2261,-5.372146727466998e-09
183,-5.435947469933922e-09
9861,-5.630163002479094e-09
4717,-5.630562460723354e-09
9942,-5.722252005568862e-09
7769,-5.774904998645525e-09
1308,-5.825314008944815e-09
6928,-5.8323503804302845e-09
1790,-5.885302689634386e-09
9178,-5.925732127209926e-09
8984,-5.931272362147411e-09
4852,-5.960709481556137e-09
6941,-5.976519945605219e-09
6411,-6.00922867022291e-09
4039,-6.01081429074668e-09
5152,-6.089457382785213e-09
29,-6.102999217105776e-09
2964,-6.169508903752785e-09
2323,-6.3259246729785445e-09
9255,-6.501344573806023e-09
2537,-6.531934326758915e-09
4626,-6.5900462864476594e-09
8894,-6.591885925999463e-09
9343,-6.59285825932443e-09
2456,-6.614161662810147e-09
6183,-6.618140924175009e-09
10000,-6.630468618595842e-09
1398,-6.645277217387502e-09
7478,-6.647421058048053e-09
4021,-6.655615392148206e-09
9294,-6.665567209296341e-09
4168,-6.740430436025235e-09
977,-6.80976763867136e-09
723,-6.820334741419742e-09
9305,-6.906702099129802e-09
8811,-6.9067815910983654e-09
3334,-6.914449901529451e-09
7720,-6.939614660694815e-09
198,-6.973008170874095e-09
3359,-6.9951240355692335e-09
9652,-7.001319746180457e-09
8530,-7.0089731796230126e-09
8720,-7.019757886084221e-09
9044,-7.095699361414631e-09
5844,-7.107419097707179e-09
6744,-7.119287825929632e-09
600,-7.219844944117426e-09
2081,-7.272369817457047e-09
1079,-7.281263814107319e-09
7008,-7.320652084530366e-09
2877,-7.360168696735059e-09
7112,-7.363731624465686e-09
2772,-7.3691497348704615e-09
616,-7.403042845410823e-09
3566,-7.466893103824646e-09
2826,-7.51123385711594e-09
3302,-7.535123192070614e-09
3190,-7.577797944691156e-09
880,-7.58187468363758e-09
7813,-7.588859318730101e-09
4708,-7.594092465978974e-09
9912,-7.610680086145294e-09
8381,-7.627995568526558e-09
2249,-7.641000721037017e-09
2959,-7.645264865629997e-09
7061,-7.679766156343248e-09
549,-7.751530528565809e-09
7918,-7.789832334736957e-09
472,-7.827716697050846e-09
3784,-7.840421201166237e-09
8103,-7.850680550092193e-09
6297,-7.938028012688392e-09
2969,-7.939595203509953e-09
3068,-7.946790336887943e-09
4342,-7.964624515466312e-09
3875,-8.024977571352565e-09
259,-8.095860426493573e-09
3716,-8.184851019166217e-09
8009,-8.269305240560243e-09
5639,-8.313982835517209e-09
2147,-8.411475960201642e-09
5106,-8.412934793256e-09
302,-8.43458369814698e-09
9072,-8.487723412997639e-09
5458,-8.527372141742262e-09
4498,-8.559196906787747e-09
2565,-8.58217186205934e-09
8238,-8.609200019549235e-09
9582,-8.62538618306985e-09
2648,-8.637218940066305e-09
2330,-8.649423399731404e-09
1340,-8.703858966896405e-09
4845,-8.71018057679862e-09
5046,-8.732673695277526e-09
9006,-8.793347383573291e-09
6847,-8.869310619274984e-09
1312,-8.878182633509368e-09
7444,-8.927176331496867e-09
6951,-8.98412277905436e-09
1868,-9.118513943917606e-09
3538,-9.13846154304565e-09
6202,-9.16014597507342e-09
2018,-9.241404086424154e-09
9392,-9.25006382601623e-09
235,-9.296968528360594e-09
3991,-9.3449030735826e-09
536,-9.349460317054081e-09
5808,-9.362919328737007e-09
1476,-9.420858315678515e-09
7349,-9.453063665176842e-09
5003,-9.488971386417688e-09
3347,-9.497778119538225e-09
8646,-9.544967483066102e-09
2053,-9.565535474820308e-09
2740,-9.574913750753922e-09
513,-9.582288740261902e-09
2303,-9.593018823750299e-09
7356,-9.630173103403195e-09
711,-9.638207121298592e-09
5496,-9.683486901224114e-09
2866,-9.73106750734587e-09
9846,-9.784544729996014e-09
3503,-9.814953294551287e-09
8230,-9.816501833626035e-09
5204,-9.845136705877167e-09
5164,-9.849082882595894e-09
1640,-9.894189467729575e-09
8462,-9.925264610188833e-09
3646,-9.947776380414552e-09
3605,-9.953741386681259e-09
7718,-1.0129441729844757e-08
531,-1.018395945351358e-08
7013,-1.020383288974358e-08
4097,-1.0205613687475079e-08
6198,-1.0266794081559283e-08
805,-1.0285536866661005e-08
5989,-1.0297480645959922e-08
8384,-1.030723106865139e-08
4496,-1.0332472211160848e-08
4977,-1.0348226719969489e-08
8835,-1.0367522840226684e-08
4972,-1.0386377535809288e-08
7451,-1.0437263942009167e-08
8045,-1.0537536621058052e-08
9300,-1.0547055229181979e-08
7593,-1.054791143317857e-08
9421,-1.0549485729427488e-08
1157,-1.0581740816917318e-08
4429,-1.0606752809394493e-08
5474,-1.0611550749217713e-08
8796,-1.0627726698686502e-08
9617,-1.0657307480954614e-08
7224,-1.0661478810902736e-08
1914,-1.0667995375968076e-08
1810,-1.0677885242671437e-08
1181,-1.0678413264741948e-08
2864,-1.0765371705190319e-08
8110,-1.087246870312697e-08
9455,-1.0921078263947948e-08
5575,-1.0958324025978072e-08
8828,-1.1017997181284045e-08
5862,-1.1027125879081723e-08
1999,-1.1054802850907208e-08
5519,-1.1131795929486543e-08
2710,-1.113915226724771e-08
1911,-1.1217553552711479e-08
2819,-1.1222367479746254e-08
2429,-1.1276721778585852e-08
4744,-1.1286580559044523e-08
4487,-1.1461525506462067e-08
6588,-1.1475825179019239e-08
2802,-1.1478315187218868e-08
5703,-1.1522370169103624e-08
2608,-1.1539716737729577e-08
2250,-1.1544347255920684e-08
1151,-1.1647868003450412e-08
5355,-1.1659729182156298e-08
9565,-1.1672943056595386e-08
116,-1.1685768352975856e-08
2149,-1.1718501724544694e-08
308,-1.1726040582971109e-08
5773,-1.1788996889805503e-08
7199,-1.1840398883578018e-08
2383,-1.190063692035892e-08
1485,-1.1907958619161718e-08
8468,-1.1908880548361367e-08
85,-1.1944985001122177e-08
9359,-1.199200783119636e-08
9156,-1.2056172060681547e-08
996,-1.2077292055323596e-08
5521,-1.2083801959050788e-08
2658,-1.2123422266085981e-08
7812,-1.2132293836231156e-08
7688,-1.2166543328362422e-08
2752,-1.2167403973251112e-08
9966,-1.2277418193207268e-08
3790,-1.2278430272516516e-08
210,-1.2315374053883943e-08
3141,-1.2338826405056125e-08
8404,-1.2373436941715e-08
7917,-1.2382044722869523e-08
8191,-1.2399965054754603e-08
9603,-1.2403474247690838e-08
393,-1.2411120131616826e-08
8116,-1.2413354344431582e-08
3484,-1.2444060892846665e-08
8197,-1.2446219610495746e-08
4535,-1.245769665203511e-08
9364,-1.2464165699554997e-08
6811,-1.2523431180966327e-08
3980,-1.2611026889430832e-08
4677,-1.2677867644583785e-08
3307,-1.2679875815990727e-08
3635,-1.2706502072745707e-08
8136,-1.2749887812191218e-08
4736,-1.2797426229838038e-08
3346,-1.2835534857202902e-08
4611,-1.2856177455944362e-08
469,-1.289148876537638e-08
1794,-1.2929215476020772e-08
7216,-1.2947264149687499e-08
4180,-1.2974377128216474e-08
5170,-1.3022035005860744e-08
3901,-1.303246977002459e-08
5690,-1.3041895563503658e-08
4684,-1.3117865904632708e-08
5149,-1.3156165046268598e-08
3972,-1.3242012375513923e-08
5869,-1.332444821144918e-08
6182,-1.336277355434845e-08
9036,-1.3397094100753293e-08
4735,-1.3402783327620682e-08
1031,-1.349617795298741e-08
6773,-1.3556315625606885e-08
8838,-1.3559414924202429e-08
8391,-1.3576727297959224e-08
5232,-1.358991674749177e-08
8620,-1.3592677206020198e-08
5137,-1.3632336592905858e-08
7927,-1.3633820294955967e-08
4329,-1.3647542651540334e-08
5871,-1.3692017297728398e-08
7814,-1.3729405168305675e-08
8302,-1.3743374882579928e-08
3408,-1.3745381277630031e-08
5259,-1.3771255247263525e-08
432,-1.3796793485454373e-08
8884,-1.3816693122947754e-08
8993,-1.383711012437061e-08
6614,-1.3855459002343196e-08
347,-1.3898742157181232e-08
3891,-1.394672910493e-08
9032,-1.3974968737784366e-08
2825,-1.3982117241795322e-08
5671,-1.3997041747870753e-08
5954,-1.4072151444111114e-08
9547,-1.4162482742108295e-08
6769,-1.4254851521400269e-08
8995,-1.425739526439429e-08
6814,-1.4279357696267425e-08
7902,-1.4323019215112254e-08
4186,-1.4421562166688773e-08
3013,-1.4451670526938187e-08
2280,-1.4475487919440866e-08
9694,-1.4508343859631623e-08
927,-1.4520795676986609e-08
8516,-1.4534847547764684e-08
6846,-1.4537515635737464e-08
9532,-1.4540256998429868e-08
2937,-1.456462461746355e-08
2063,-1.4571372108918013e-08
7680,-1.45714391663887e-08
2145,-1.457843046281937e-08
1083,-1.4617932198035533e-08
8586,-1.4658026792346845e-08
4913,-1.4675609172343229e-08
3848,-1.4718745777742015e-08
608,-1.4757981059432268e-08
8194,-1.4759380828621715e-08
8565,-1.481291533877993e-08
7987,-1.4826696315139998e-08
593,-1.485284073510229e-08
8861,-1.487061540572654e-08
4275,-1.4889784516469717e-08
5971,-1.4893031252682931e-08
1249,-1.494098889054385e-08
5363,-1.495676871243745e-08
2333,-1.4990206409493112e-08
5409,-1.5015816590135955e-08
5904,-1.503149604786813e-08
4336,-1.503668034530392e-08
803,-1.506419877728149e-08
96,-1.5112287421459314e-08
1088,-1.5123010399520354e-08
7304,-1.5123115204573878e-08
5719,-1.5129493213805745e-08
9908,-1.5133040598414027e-08
4130,-1.5156365940072192e-08
5792,-1.5161501831784108e-08
9577,-1.5176968126695556e-08
7584,-1.518848202763934e-08
4602,-1.5210855686120794e-08
837,-1.5221520932584554e-08
4773,-1.526637660731467e-08
4811,-1.5303706746294665e-08
8160,-1.533485338711671e-08
9416,-1.5371715456069523e-08
8019,-1.537358951253509e-08
6658,-1.5433821332067055e-08
2926,-1.550151651485976e-08
7292,-1.550266581773485e-08
1490,-1.5543056619549134e-08
2759,-1.555580553258551e-08
4504,-1.5640322814647334e-08
4510,-1.5644312512108627e-08
2244,-1.5730944546987757e-08
5197,-1.5745086123786223e-08
3794,-1.577744157543748e-08
3109,-1.5870780245563765e-08
5224,-1.588785814021776e-08
435,-1.5907271944115564e-08
3024,-1.5922933194190136e-08
7859,-1.5930616825698962e-08
7498,-1.5938550923522143e-08
6357,-1.5947730247489744e-08
7703,-1.6065430763489985e-08
2439,-1.606914867835485e-08
1638,-1.607495292432759e-08
572,-1.6083796516852544e-08
7699,-1.6104049649356966e-08
6199,-1.6152986503925604e-08
1055,-1.6153389736928148e-08
1102,-1.6194744212327805e-08
9287,-1.621122791561902e-08
700,-1.6215500053817777e-08
5495,-1.6309686934334877e-08
7610,-1.631563506521161e-08
3409,-1.632969848230914e-08
3271,-1.6350592879632586e-08
4166,-1.636017454842431e-08
7059,-1.6375172329219367e-08
6367,-1.6399700264457806e-08
967,-1.641250957362672e-08
2976,-1.6415556025606293e-08
9870,-1.6435778960044445e-08
8180,-1.6435931726732633e-08
4266,-1.6463287622059397e-08
8898,-1.649627545674548e-08
6514,-1.6510124822843864e-08
2437,-1.652616266056839e-08
9933,-1.6558555415713272e-08
3075,-1.664800830525337e-08
8056,-1.666968696412141e-08
667,-1.6681793724160343e-08
6532,-1.671595661889569e-08
7690,-1.672326455093298e-08
1599,-1.6725643092740938e-08
9879,-1.6727579321695885e-08
7951,-1.6729890361943944e-08
6781,-1.67315024057757e-08
7635,-1.6750568931911403e-08
4047,-1.6801977587022066e-08
3828,-1.6869745600445185e-08
7491,-1.687618400580959e-08
3243,-1.6915712386378345e-08
9172,-1.6931585022916806e-08
1338,-1.6950488124223284e-08
3591,-1.6970128413618113e-08
5832,-1.697597262761974e-08
3237,-1.7082198766615875e-08
9212,-1.7143753083814772e-08
3366,-1.714672492880709e-08
7616,-1.7203478641647507e-08
2161,-1.7250425976556016e-08
5077,-1.7271273300423218e-08
60,-1.7272562935488622e-08
9903,-1.735760601917491e-08
6898,-1.7379099936931652e-08
4527,-1.7380983763359836e-08
7738,-1.74277667852607e-08
4138,-1.753170408846927e-08
4590,-1.7608014601933064e-08
3170,-1.7612092229057907e-08
3441,-1.7621488268559915e-08
387,-1.7643042582449198e-08
8352,-1.767149626630271e-08
1856,-1.768405510915727e-08
7880,-1.7711611732806887e-08
5599,-1.7715853672939375e-08
5693,-1.7718400968647074e-08
3298,-1.772886903950166e-08
4929,-1.776622227112057e-08
8260,-1.778197589175079e-08
5404,-1.778526126372526e-08
447,-1.7787980866046382e-08
5747,-1.781387481969432e-08
6508,-1.7828554632615123e-08
8377,-1.7848217126470445e-08
3887,-1.7864794088495728e-08
8972,-1.7867758828060687e-08
5307,-1.7871311541739487e-08
3879,-1.7914951300213033e-08
4709,-1.7958340592372224e-08
4599,-1.7964201681763825e-08
7130,-1.7987452416434735e-08
8346,-1.7988701195292833e-08
8942,-1.799990556605735e-08
5445,-1.801660687306139e-08
3904,-1.802078752888292e-08
6371,-1.8023968983982286e-08
7575,-1.803044025194822e-08
5278,-1.8036698357093428e-08
9401,-1.8064190143718406e-08
2220,-1.8066208973266384e-08
9533,-1.810010186176214e-08
1977,-1.810451966122173e-08
913,-1.8129096446273252e-08
9654,-1.8144637792261165e-08
3652,-1.8146216085312972e-08
6382,-1.8153790470876174e-08
1738,-1.8183220262812938e-08
3833,-1.8211672170309612e-08
7824,-1.822384643190844e-08
2848,-1.8231501641707837e-08
483,-1.826333395626989e-08
9756,-1.827171836055186e-08
2693,-1.8312125149577696e-08
1471,-1.8316688610298115e-08
2064,-1.832967821968623e-08
5941,-1.835106377967577e-08
734,-1.8364310960805597e-08
5622,-1.8411174806942654e-08
9624,-1.8438894855421495e-08
494,-1.8445413196843674e-08
156,-1.851707054356666e-08
3789,-1.8546917779360683e-08
4499,-1.8552710479013967e-08
167,-1.8615518015963062e-08
774,-1.8621381769889922e-08
6760,-1.8644124466504763e-08
6853,-1.8692664305319795e-08
8855,-1.8706730386952586e-08
1510,-1.8799787504519827e-08
2534,-1.8848690608308516e-08
7558,-1.889512102337676e-08
5080,-1.8919929622995824e-08
7452,-1.8943242530156112e-08
5826,-1.897789925209281e-08
9010,-1.8978862037499766e-08
8641,-1.8998049355900548e-08
5263,-1.900506774177302e-08
3731,-1.9027195818921427e-08
2828,-1.903794100144296e-08
4606,-1.905147861691603e-08
7342,-1.911906633011995e-08
364,-1.9123467254189563e-08
4742,-1.9147281093978563e-08
9389,-1.919053538301796e-08
5283,-1.920919601161586e-08
2460,-1.921511660896158e-08
4954,-1.9219181801588547e-08
8148,-1.9275579354882666e-08
3263,-1.9354240876623408e-08
8730,-1.9362372150055762e-08
4782,-1.9372821569163534e-08
7962,-1.943663185954847e-08
5272,-1.945268746084139e-08
6651,-1.952338646304952e-08
889,-1.9557820252202873e-08
3235,-1.956390605073466e-08
5114,-1.9653102256711463e-08
8319,-1.9694397224157e-08
8227,-1.9735350242910954e-08
7747,-1.976954244753415e-08
9853,-1.9769903047972548e-08
6541,-1.9843279908116074e-08
7103,-1.9856670974149893e-08
495,-1.98708098864131e-08
309,-1.9872063994341715e-08
164,-1.989909659272371e-08
3028,-1.9926230443445547e-08
914,-1.9927157701715714e-08
8011,-1.994440790298313e-08
2860,-1.9953921182036538e-08
7424,-1.9958203978376332e-08
1001,-1.9969531805941187e-08
7419,-1.997580145740585e-08
3039,-1.997754761617898e-08
4407,-2.0004762291137013e-08
6882,-2.0014475410334853e-08
3937,-2.0018623203554853e-08
2014,-2.0055026084264682e-08
3362,-2.006539912002836e-08
1277,-2.0134927503079325e-08
7170,-2.0141198930900828e-08
5544,-2.0168106296125643e-08
9976,-2.0199534489506732e-08
46,-2.0201864181501605e-08
71,-2.0218002383387557e-08
4404,-2.0359077979037465e-08
3989,-2.039593560709818e-08
7465,-2.042369118271381e-08
4734,-2.044910463183669e-08
5638,-2.0462006311561254e-08
7676,-2.04634647005264e-08
448,-2.046811786726721e-08
761,-2.048665681542161e-08
8589,-2.049759206812496e-08
6757,-2.052960734744147e-08
6838,-2.066107906983916e-08
6977,-2.0681036438929823e-08
5771,-2.0686597324015565e-08
9190,-2.085318495659294e-08
4095,-2.0854320048613317e-08
3770,-2.089924322490333e-08
93,-2.093596673802267e-08
4225,-2.098655649263037e-08
69,-2.098741980205432e-08
6134,-2.099840656910601e-08
7674,-2.1014389339768513e-08
4153,-2.1018687235141442e-08
315,-2.1030822416889805e-08
8185,-2.107529617489945e-08
3122,-2.111054353548525e-08
9275,-2.11296393715088e-08
7453,-2.113917663137954e-08
1346,-2.1202722244595407e-08
9054,-2.1237194225420808e-08
6533,-2.12972830482272e-08
8638,-2.1347378975633546e-08
4450,-2.1370331282355437e-08
3571,-2.1380294867867633e-08
2916,-2.1466634692046682e-08
2555,-2.152611511263558e-08
136,-2.1536904704078097e-08
9864,-2.154027534118086e-08
8245,-2.15557323102189e-08
3512,-2.1597559296537838e-08
4114,-2.162080825485191e-08
7969,-2.1648903114623863e-08
223,-2.1662644122955044e-08
9590,-2.1756738632916495e-08
1344,-2.1788458148819245e-08
8337,-2.1800778071678906e-08
4759,-2.1830983243376068e-08
6931,-2.184170000418817e-08
6354,-2.1843882258565372e-08
6458,-2.1864022592410493e-08
2827,-2.188168313210781e-08
8169,-2.191032422160788e-08
4371,-2.1911343850433695e-08
1311,-2.1940581795831804e-08
4670,-2.1946557460239546e-08
7166,-2.1966434893272435e-08
2787,-2.197945025983472e-08
7009,-2.1979726483323248e-08
9109,-2.1987348830521114e-08
250,-2.199971227412334e-08
4629,-2.2110441477707354e-08
8069,-2.216281913547391e-08
8897,-2.218947336984911e-08
8419,-2.2218329398526748e-08
1187,-2.2280857159273637e-08
3211,-2.2331307469869444e-08
8937,-2.2341789751578744e-08
9893,-2.2345319372618633e-08
5156,-2.236224094787076e-08
5978,-2.237933038884421e-08
1604,-2.2392634413392898e-08
1509,-2.2401918542414023e-08
1904,-2.2407984801020575e-08
2038,-2.2421078327283794e-08
9177,-2.2495421525547954e-08
3621,-2.2542324451535478e-08
4893,-2.255004449835951e-08
6295,-2.2561527757147815e-08
1093,-2.2571629898493484e-08
5269,-2.263825304993361e-08
8464,-2.2648748654319206e-08
3829,-2.271656818209067e-08
219,-2.2722145942566385e-08
1263,-2.2752921324808995e-08
5589,-2.281818378691014e-08
2782,-2.2855250136899485e-08
9916,-2.3025491735495507e-08
960,-2.303614721199665e-08
5025,-2.3036895058226037e-08
7022,-2.3048117192558948e-08
3823,-2.3122471937142564e-08
7387,-2.3261406134622575e-08
8557,-2.327892545395116e-08
5822,-2.3348330380201787e-08
1190,-2.337874427382758e-08
9629,-2.3390178682802798e-08
6994,-2.345441973972129e-08
5965,-2.3546893324066787e-08
857,-2.354952410854594e-08
944,-2.3587910291666958e-08
4586,-2.3619678657382792e-08
4557,-2.364953655131785e-08
3238,-2.36613013626652e-08
363,-2.3679855409852735e-08
1407,-2.3693330852836425e-08
6262,-2.369482565711678e-08
6023,-2.3703051965640043e-08
36,-2.3716703267950834e-08
6149,-2.3756737910218817e-08
1383,-2.3765870160730174e-08
9445,-2.377026042665875e-08
7076,-2.382719532789679e-08
3143,-2.384712871617012e-08
7877,-2.386824160538481e-08
1508,-2.3892722467167005e-08
3895,-2.3902900991856768e-08
7731,-2.402874077489514e-08
3440,-2.4048209645854968e-08
1039,-2.4118440578035916e-08
3283,-2.4197650105861612e-08
2654,-2.4217188254738176e-08
6166,-2.4248816288263697e-08
4147,-2.425662781746496e-08
1296,-2.425698308883284e-08
811,-2.427016188022435e-08
3670,-2.4300604195559572e-08
7032,-2.4382577734627375e-08
3942,-2.4423460587286172e-08
3737,-2.4432716294597867e-08
8089,-2.4450734770198324e-08
9480,-2.44629472234692e-08
9900,-2.4556799260722073e-08
433,-2.4561854772287006e-08
8146,-2.4636199746908005e-08
8517,-2.471482218879828e-08
8651,-2.4727893510601007e-08
4243,-2.4770780093774647e-08
242,-2.477091953778654e-08
5309,-2.477104121823004e-08
985,-2.4788643138151656e-08
4883,-2.4852761626448228e-08
9492,-2.486199512929943e-08
3305,-2.4875197901508272e-08
7829,-2.488859340843419e-08
2539,-2.4913477503218928e-08
6203,-2.4917980567806808e-08
7848,-2.4918691110542568e-08
801,-2.4924980301932464e-08
3018,-2.4950383092914308e-08
4478,-2.4975006951422074e-08
431,-2.499592621774127e-08
7677,-2.5006982262709698e-08
7464,-2.5017623528356125e-08
6259,-2.506275098568267e-08
5548,-2.5090696631480114e-08
9120,-2.5115506119277597e-08
6298,-2.5143208404188044e-08
78,-2.5175914686315082e-08
828,-2.5245154411379644e-08
7599,-2.5258117375415168e-08
1603,-2.5304013107074752e-08
6523,-2.5341558185232316e-08
6223,-2.5355574528873603e-08
5187,-2.535777987588972e-08
3616,-2.5358205313352755e-08
3962,-2.5386873936383836e-08
6700,-2.5389592650526538e-08
2724,-2.5405646475462618e-08
3941,-2.5408280812655448e-08
5664,-2.5432436601136033e-08
8373,-2.545492705507968e-08
7351,-2.5534141023797474e-08
9149,-2.553640410241087e-08
930,-2.5549628190901785e-08
8066,-2.5606161635494118e-08
7100,-2.5623969612809105e-08
4272,-2.5654501634164717e-08
6479,-2.5657347357821436e-08
7940,-2.56677648025061e-08
8299,-2.5699670835876987e-08
7468,-2.5818769344709835e-08
151,-2.583691660618115e-08
5405,-2.58778785067193e-08
1288,-2.591184955491599e-08
5899,-2.591927916739678e-08
2088,-2.596553994038686e-08
4646,-2.6085306359391325e-08
5940,-2.6117728424424058e-08
3977,-2.614210092843905e-08
3422,-2.6205522196676156e-08
7155,-2.6238141437318063e-08
1876,-2.6269414199475705e-08
7817,-2.6294673993731976e-08
2952,-2.6306024025757324e-08
38,-2.6335660763265878e-08
8597,-2.6341744785440824e-08
63,-2.6355012394674304e-08
9248,-2.6365136740480466e-08
5460,-2.642137353348062e-08
2217,-2.6426001831225676e-08
9230,-2.6429669119920618e-08
9514,-2.644141705587799e-08
6244,-2.646609775780462e-08
7225,-2.6495066585141558e-08
7792,-2.6548065967801904e-08
1777,-2.6548447884522375e-08
1449,-2.6549776599438246e-08
241,-2.661323517116898e-08
7041,-2.6646961082121834e-08
2098,-2.666266851747423e-08
9320,-2.6678053544060276e-08
7530,-2.6704448430336925e-08
68,-2.6712205780654585e-08
1782,-2.673630206118105e-08
6840,-2.6774822359243444e-08
3208,-2.6792298157829464e-08
5882,-2.6813564701910764e-08
8985,-2.683400879277542e-08
4331,-2.6866424640559217e-08
9797,-2.686889821745808e-08
5073,-2.700674706090922e-08
3230,-2.701738388566355e-08
9253,-2.7039986250088077e-08
7734,-2.7053704165780346e-08
76,-2.7116250578274048e-08
5944,-2.712921709502325e-08
3663,-2.71297242449009e-08
1576,-2.715741764802715e-08
9062,-2.7159230420181757e-08
6236,-2.7161257243335513e-08
1315,-2.717646196970236e-08
2111,-2.7197761376385188e-08
540,-2.725267034264789e-08
6362,-2.7320901985206092e-08
6225,-2.7339117636415722e-08
5524,-2.734895954148442e-08
9357,-2.7357302201380662e-08
8514,-2.7376552580449243e-08
4433,-2.7407437208637475e-08
1971,-2.7461352303248532e-08
8779,-2.7472958130658753e-08
8489,-2.747877125841569e-08
1503,-2.7490214549175107e-08
959,-2.751577099502356e-08
9607,-2.7547717884601752e-08
8627,-2.758575856631751e-08
5798,-2.7593197948760917e-08
6883,-2.7598773044701375e-08
9666,-2.7622558462780944e-08
6445,-2.7649089240355806e-08
1565,-2.7673592306598493e-08
1392,-2.7690290949067276e-08
7605,-2.7735667984529755e-08
1183,-2.7755578280164173e-08
1212,-2.778905905387319e-08
5021,-2.783040375931023e-08
3890,-2.7857479878434788e-08
1605,-2.786958663847372e-08
6995,-2.796178932840121e-08
8308,-2.7962475002141218e-08
2365,-2.7982264505510557e-08
178,-2.8005629815197608e-08
2204,-2.8011672981165248e-08
5111,-2.8031402976580466e-08
7245,-2.8065530344179024e-08
6723,-2.807113919089943e-08
19,-2.8083235292797326e-08
7486,-2.811191990303996e-08
965,-2.8128337881128118e-08
306,-2.8143564811955457e-08
9481,-2.819545130705592e-08
7418,-2.8250975780963472e-08
3814,-2.8300643606371523e-08
1741,-2.834492729419935e-08
642,-2.8419769648735382e-08
6440,-2.8427104226125266e-08
7239,-2.8481585090389672e-08
9810,-2.8602129553689792e-08
72,-2.872116944274694e-08
6044,-2.8741708568702506e-08
4363,-2.8751554026484882e-08
3372,-2.8847241928531275e-08
9802,-2.8850796418566915e-08
3160,-2.8862756629166597e-08
5419,-2.8878467617232673e-08
7196,-2.8905539295465132e-08
7750,-2.8907672700029252e-08
5897,-2.890978212377604e-08
8463,-2.8941640195512264e-08
9958,-2.894316164514521e-08
6491,-2.8991658851396096e-08
384,-2.900218731838322e-08
2988,-2.9012313440546222e-08
2552,-2.901901563490128e-08
6393,-2.902905205104389e-08
6068,-2.9076666407945595e-08
5285,-2.907878737801184e-08
5835,-2.9093306430638677e-08
6536,-2.909572494047552e-08
2019,-2.9104942456115168e-08
6791,-2.911195373656028e-08
5659,-2.9248068855736165e-08
931,-2.9293888204051655e-08
5569,-2.932275311451349e-08
4613,-2.934120413300434e-08
686,-2.9368087517411823e-08
4221,-2.9388612432512673e-08
5422,-2.9444428228941888e-08
4205,-2.9446294291801678e-08
3750,-2.9454185757060714e-08
5580,-2.9529498846159186e-08
5274,-2.9644448673593615e-08
8041,-2.9686325397904056e-08
2688,-2.970133472501857e-08
1788,-2.971169887899805e-08
3867,-2.972869683759427e-08
8108,-2.9738537854484548e-08
5522,-2.985781133446608e-08
4360,-2.9860721895147435e-08
6867,-2.989819769538826e-08
4358,-2.992186587391643e-08
3454,-2.9933196366016546e-08
6824,-2.994447534376832e-08
8003,-3.0005558038226354e-08
8215,-3.001567350224832e-08
822,-3.001970050320324e-08
9677,-3.002639648030936e-08
570,-3.004698534425643e-08
6436,-3.0054096100684546e-08
7845,-3.006376214642614e-08
5473,-3.006764437429865e-08
2722,-3.009739035775283e-08
2434,-3.0197957912037054e-08
1662,-3.021234462607936e-08
9896,-3.0214156510055545e-08
2933,-3.0214188484478655e-08
1065,-3.0230356884430876e-08
7307,-3.0253939797830753e-08
5945,-3.029974138257785e-08
9546,-3.0307657716832637e-08
6611,-3.0367877990045145e-08
5377,-3.036898998942661e-08
4719,-3.04566345477042e-08
7381,-3.047763108554591e-08
6753,-3.048817376338775e-08
8061,-3.0557016472698706e-08
5044,-3.063445230822026e-08
8318,-3.0643533932561695e-08
9484,-3.069449050485673e-08
9835,-3.0735735734310765e-08
8792,-3.078085342167469e-08
1618,-3.082164923284836e-08
3502,-3.082456956349233e-08
9854,-3.082486887961977e-08
8082,-3.085756539178419e-08
30,-3.089680689072338e-08
6269,-3.089752631524334e-08
2547,-3.090377909131803e-08
9648,-3.097459888579124e-08
8307,-3.1004466549688914e-08
4029,-3.104620915905798e-08
6189,-3.1065567895893764e-08
3467,-3.113858682013415e-08
8760,-3.123855840669876e-08
888,-3.137171233902336e-08
6518,-3.137985693513201e-08
1390,-3.139330750911995e-08
7949,-3.141714799426154e-08
2647,-3.143092008883741e-08
6535,-3.145272842175473e-08
2422,-3.145376226143526e-08
724,-3.1460432481367206e-08
6563,-3.1474773010131685e-08
796,-3.154264582860833e-08
9865,-3.15561159425215e-08
5924,-3.157975037026972e-08
5856,-3.158301709049738e-08
1949,-3.162485384677893e-08
4140,-3.164126916033183e-08
292,-3.169372142508564e-08
7896,-3.171205076313299e-08
6590,-3.1712611203715824e-08
5546,-3.171765783349656e-08
179,-3.17257704551821e-08
8204,-3.18428288181849e-08
8653,-3.1859455518201685e-08
969,-3.1870564853875294e-08
3694,-3.187948394156592e-08
4909,-3.193765962805628e-08
4680,-3.196373121738816e-08
9434,-3.197507325580773e-08
6497,-3.1988385273962194e-08
7163,-3.200048936946587e-08
1692,-3.200436538008944e-08
1171,-3.204224618968965e-08
4446,-3.2091808321865756e-08
1293,-3.210296561917403e-08
8163,-3.210809396136938e-08
4941,-3.211700594363265e-08
6775,-3.216006483341971e-08
3804,-3.2184486187247785e-08
964,-3.218883115607696e-08
8305,-3.223582289990645e-08
3084,-3.229754597100509e-08
4307,-3.230223910577479e-08
1678,-3.231718714857834e-08
4206,-3.232823608811941e-08
2779,-3.2342644118443786e-08
7633,-3.234687007136472e-08
6395,-3.238277201944584e-08
9635,-3.238862156251798e-08
8295,-3.2398714822079455e-08
3398,-3.240201174037338e-08
1625,-3.2454012810489985e-08
3679,-3.2538746808086216e-08
9709,-3.258521630300493e-08
756,-3.2587532672323505e-08
950,-3.260327829934795e-08
8736,-3.2609568378916265e-08
879,-3.266290349301926e-08
3645,-3.26650333448697e-08
5141,-3.2734764232600355e-08
6058,-3.281036420332839e-08
8573,-3.285473049174925e-08
5626,-3.2931252391676935e-08
3859,-3.2988381803988887e-08
3638,-3.302648110548034e-08
3771,-3.3109321506685774e-08
7063,-3.3129431642464624e-08
3824,-3.3144264222073616e-08
5920,-3.315349417221114e-08
3072,-3.320565156172961e-08
8987,-3.323506270191956e-08
7204,-3.3241736474565187e-08
9245,-3.324462838349973e-08
2350,-3.3267184562646435e-08
3903,-3.330629638753635e-08
6836,-3.33291971799099e-08
2716,-3.339810916713759e-08
2020,-3.343356524965202e-08
2317,-3.352845823201278e-08
1830,-3.354359279228447e-08
1927,-3.3587685521752064e-08
9930,-3.364162459718045e-08
3448,-3.366428913409436e-08
7681,-3.3678547950444226e-08
7517,-3.3679352640092475e-08
3470,-3.3680802147273425e-08
8614,-3.368270640180526e-08
7907,-3.3702274748748096e-08
428,-3.3720075620635725e-08
8631,-3.3739095073315184e-08
3739,-3.374797152844167e-08
598,-3.3782960429107334e-08
4970,-3.3828802870061736e-08
4033,-3.386266556049122e-08
3269,-3.386740488053874e-08
341,-3.3896281337320033e-08
2188,-3.392325176321265e-08
6604,-3.393189196287949e-08
2776,-3.4020903427745e-08
4184,-3.4038738050412576e-08
885,-3.405262560818301e-08
4824,-3.405489934493744e-08
2769,-3.407831883350809e-08
5627,-3.4163907258744075e-08
5736,-3.416588434390633e-08
1215,-3.421045491336372e-08
9055,-3.4211449673193783e-08
5562,-3.422422167886907e-08
6231,-3.423298267080099e-08
7540,-3.4234576062885935e-08
3400,-3.4239313606576616e-08
4050,-3.4254895808771835e-08
561,-3.431267359133017e-08
6728,-3.435771489535e-08
2667,-3.450541896654613e-08
4853,-3.453551755683293e-08
5162,-3.454609398545472e-08
9101,-3.4621391975520055e-08
6392,-3.4623489852947387e-08
246,-3.466168863042185e-08
4947,-3.46807844664454e-08
832,-3.468988296617681e-08
6176,-3.473097009987214e-08
5178,-3.4759709777176795e-08
5723,-3.476528753765251e-08
4271,-3.4873060883455764e-08
9422,-3.4940081050649496e-08
8955,-3.501002865391456e-08
5196,-3.5033881573554027e-08
6228,-3.506215584536676e-08
6829,-3.513285484757489e-08
6194,-3.5144070764658863e-08
4458,-3.514773183610487e-08
7267,-3.5149282595625664e-08
9895,-3.516763413813351e-08
4965,-3.519947533447976e-08
8072,-3.5221315641820183e-08
6952,-3.5242040397065466e-08
3917,-3.526628056249592e-08
7159,-3.52867299824311e-08
6629,-3.531991765726161e-08
3505,-3.538389137247577e-08
6408,-3.538502291178247e-08
9187,-3.538929504998123e-08
6375,-3.539279092024117e-08
938,-3.541279980368017e-08
912,-3.5476114490506916e-08
7889,-3.548528937358242e-08
9586,-3.552198712952759e-08
1231,-3.5546845467138155e-08
8525,-3.559288686005857e-08
6710,-3.559691563737033e-08
2318,-3.5639727613556715e-08
6517,-3.5674824871989586e-08
2407,-3.571569351379367e-08
8979,-3.576888119027899e-08
1521,-3.583122420991458e-08
2358,-3.5901287276374205e-08
7925,-3.590890784721523e-08
1284,-3.5920125540656045e-08
1468,-3.607170029340523e-08
3746,-3.6083761756344757e-08
5511,-3.6148842141869864e-08
2798,-3.6153991800347285e-08
2380,-3.618369248670206e-08
1107,-3.618420763018548e-08
4729,-3.62295278222291e-08
4596,-3.6238873235561186e-08
6138,-3.628267286615028e-08
2931,-3.6282830961908985e-08
1042,-3.631355838251693e-08
3169,-3.6314498075284973e-08
6467,-3.6403617897917684e-08
1352,-3.64106700345701e-08
5230,-3.6415134019307516e-08
556,-3.649540758488001e-08
2158,-3.655335589769493e-08
4858,-3.662819203498202e-08
1811,-3.663252456931332e-08
9203,-3.664306724715516e-08
2991,-3.672191262182878e-08
1421,-3.678155735542532e-08
6868,-3.679121185484746e-08
5755,-3.679527971200969e-08
3766,-3.680196947186687e-08
3087,-3.6805770875503185e-08
7970,-3.681126692356429e-08
5239,-3.683256188935502e-08
7533,-3.6836929950823105e-08
749,-3.685495286731566e-08
4554,-3.690710848047729e-08
6449,-3.6939704628480285e-08
5118,-3.695270045511734e-08
4631,-3.695864414510197e-08
1406,-3.697369876931589e-08
4308,-3.7012242160017195e-08
439,-3.7054624257848445e-08
8892,-3.707626383686602e-08
2762,-3.7100233996056886e-08
3583,-3.714333907112177e-08
3877,-3.714841945168246e-08
1933,-3.715592633568576e-08
8360,-3.720460206579901e-08
7281,-3.724494135326495e-08
2117,-3.7305726507952386e-08
544,-3.73411594978279e-08
8428,-3.7358690363475944e-08
5063,-3.738849052581372e-08
7300,-3.7404797481599417e-08
3856,-3.7426897137038395e-08
9692,-3.7516819872962515e-08
6565,-3.754693445046087e-08
9136,-3.754995425708785e-08
5431,-3.7580591083496984e-08
8783,-3.7614265480101494e-08
1867,-3.7710078615305065e-08
4354,-3.772827383841104e-08
3886,-3.7732704072368506e-08
5542,-3.7739722458240976e-08
3656,-3.777404522509187e-08
1044,-3.7804561259235925e-08
3659,-3.782077051539545e-08
3837,-3.783072166640977e-08
2209,-3.7840070632455536e-08
3399,-3.7847414091629616e-08
2503,-3.7887756931809236e-08
3117,-3.7919445361467297e-08
587,-3.793906522275847e-08
5526,-3.7950218967353067e-08
9397,-3.796785819076831e-08
2925,-3.7986804812817354e-08
9662,-3.807948445455622e-08
2857,-3.815638294213386e-08
2780,-3.8156578341386194e-08
7634,-3.8197155660668614e-08
4718,-3.821431171502354e-08
9674,-3.8252156997486964e-08
3021,-3.826466610235002e-08
2174,-3.827650729704146e-08
6325,-3.830076522604031e-08
2085,-3.8325874029965235e-08
9301,-3.8340470354114586e-08
6689,-3.8342996333540214e-08
9638,-3.842422380273547e-08
2823,-3.8427312887279186e-08
2218,-3.8474226471407746e-08
1082,-3.850940011318471e-08
272,-3.851259933185247e-08
5688,-3.852861674147334e-08
2644,-3.8541822178217444e-08
8980,-3.8580594718951033e-08
7393,-3.859007868811659e-08
8331,-3.860118624743336e-08
2985,-3.861768149704403e-08
3313,-3.872953158179371e-08
1707,-3.874815313054114e-08
2894,-3.8902514987171344e-08
3027,-3.892524524928831e-08
9219,-3.903417500339401e-08
7754,-3.9068492441174385e-08
6112,-3.908216150705357e-08
709,-3.909969237270161e-08
5752,-3.913093671314982e-08
4216,-3.9132258322638336e-08
7272,-3.914448143405025e-08
3252,-3.915812563093368e-08
7366,-3.919049795797491e-08
8925,-3.920315094774196e-08
9639,-3.9211579760944915e-08
8202,-3.924606062355451e-08
9399,-3.9338374335784465e-08
252,-3.9356205405738365e-08
33,-3.9410110730386805e-08
5930,-3.942312964966277e-08
1849,-3.944389526111536e-08
7776,-3.94525354607822e-08
1817,-3.9543367691408093e-08
3348,-3.9665984274961374e-08
9129,-3.968249195906992e-08
7247,-3.9712871213737344e-08
3626,-3.973310569449495e-08
356,-3.981121032836654e-08
6177,-3.9817777519601805e-08
887,-3.9872718460287615e-08
7768,-3.991532260272379e-08
2681,-3.995308794912944e-08
7898,-4.000353115429789e-08
7023,-4.008915333031382e-08
3367,-4.008947840361543e-08
6813,-4.0143966373307194e-08
5169,-4.01470909849877e-08
9307,-4.0152876579213626e-08
3108,-4.0170826665075765e-08
1804,-4.020430743878478e-08
8654,-4.020666999338118e-08
9891,-4.022725619279299e-08
2362,-4.02446591607486e-08
4812,-4.024819766357268e-08
4926,-4.02609483529659e-08
7606,-4.0305565107701113e-08
5337,-4.037961787162203e-08
1309,-4.040485812595307e-08
4323,-4.0405902623774637e-08
3819,-4.0493899788884846e-08
939,-4.0561996428323255e-08
8854,-4.063413605592814e-08
5102,-4.067255510165069e-08
2143,-4.072437675972651e-08
5286,-4.072496828655403e-08
196,-4.074409432064385e-08
1073,-4.076957793586189e-08
684,-4.079804405421328e-08
9722,-4.080946425233378e-08
5331,-4.0810524737366904e-08
2305,-4.0848432192319706e-08
3884,-4.091022809404876e-08
3090,-4.0924996724811535e-08
1437,-4.0974043713504216e-08
8909,-4.099956285585904e-08
2810,-4.1001852579825027e-08
936,-4.101241302123526e-08
265,-4.109368845206518e-08
7120,-4.111288021135806e-08
7632,-4.11150189449927e-08
3201,-4.111590179434188e-08
7503,-4.1132237171837005e-08
685,-4.114312091019201e-08
6329,-4.115460505715873e-08
3368,-4.1239985648644506e-08
5567,-4.124524011217545e-08
9330,-4.126171049279037e-08
9419,-4.1393116489985005e-08
284,-4.139363873889579e-08
1915,-4.144152043750182e-08
4328,-4.14558023464906e-08
9041,-4.151296373322566e-08
1837,-4.151847576849832e-08
9237,-4.1578351428483984e-08
917,-4.1649697024581656e-08
595,-4.166577305397823e-08
6033,-4.170414236170927e-08
3131,-4.1704730335823115e-08
9235,-4.175157641839178e-08
7929,-4.1753034807356926e-08
4530,-4.179391766001572e-08
6729,-4.185774571396905e-08
3118,-4.1880900525370635e-08
1824,-4.18872829754946e-08
7086,-4.197481118239921e-08
5701,-4.202080994275548e-08
7871,-4.2102389130604934e-08
6345,-4.2109640219223365e-08
7129,-4.214194859741838e-08
7796,-4.217779903115115e-08
677,-4.22713792858076e-08
9558,-4.227596939188061e-08
2727,-4.231715244884526e-08
5312,-4.241588591469281e-08
3379,-4.2452528603575956e-08
7228,-4.246339280200573e-08
6267,-4.2496097307775926e-08
4560,-4.2523998544652386e-08
688,-4.267353936882046e-08
7255,-4.2678879097479694e-08
8342,-4.272195930354883e-08
9737,-4.276699527849814e-08
638,-4.2770126995606006e-08
5892,-4.2826313162436236e-08
560,-4.283231014312605e-08
6178,-4.287934096680601e-08
3892,-4.2934507504810426e-08
98,-4.301866241007701e-08
4856,-4.302389200461221e-08
3401,-4.3043776543072454e-08
2755,-4.310753531910905e-08
3164,-4.318882496079368e-08
7685,-4.3191361598360345e-08
4347,-4.322043345439397e-08
5188,-4.327744207444084e-08
5585,-4.330573766253565e-08
4410,-4.331334224616512e-08
1976,-4.3346350508954856e-08
1117,-4.338202153064685e-08
7894,-4.3407100136505505e-08
4772,-4.3437907493171224e-08
3542,-4.346136783794918e-08
5361,-4.3473509236946484e-08
39,-4.347613291599828e-08
2903,-4.350268589803363e-08
4280,-4.359265304287874e-08
4835,-4.359602279180308e-08
4862,-4.369332629039491e-08
5248,-4.372984108158562e-08
1010,-4.378640561242264e-08
6610,-4.3793766835165115e-08
4389,-4.37954206233826e-08
8578,-4.3810327809978844e-08
6238,-4.3819390782573464e-08
8531,-4.382188834028966e-08
2886,-4.3830254981003236e-08
8490,-4.384337159990537e-08
6185,-4.388193453053191e-08
5479,-4.3924300641151603e-08
9469,-4.40202772011844e-08
3045,-4.403015729792514e-08
739,-4.404918740874564e-08
7177,-4.4078019456605944e-08
2311,-4.4162607792941344e-08
8563,-4.417343113516381e-08
2074,-4.4183043002021805e-08
3973,-4.419972832181429e-08
6043,-4.419990062842771e-08
1089,-4.431254829739828e-08
6792,-4.432104105944745e-08
4352,-4.4326716519549336e-08
9759,-4.435414169279284e-08
5781,-4.4357616246770704e-08
9522,-4.43654517567893e-08
6893,-4.439769796249493e-08
6366,-4.4439710578103586e-08
9706,-4.445068668701424e-08
9021,-4.445441526002014e-08
8872,-4.4458518644319156e-08
2831,-4.457684177339161e-08
7655,-4.457785962586058e-08
1975,-4.45786447755836e-08
9239,-4.4579183011705936e-08
2918,-4.459914215715344e-08
1520,-4.461814562262134e-08
2115,-4.473019288298019e-08
3060,-4.477401027713768e-08
4525,-4.4798127873946214e-08
1809,-4.4808224686221365e-08
5261,-4.482406090744462e-08
3691,-4.4845281266248094e-08
8958,-4.4856211189880923e-08
3736,-4.486505389422746e-08
7456,-4.488910576583294e-08
1735,-4.4925718256649816e-08
2342,-4.4973464952136055e-08
7207,-4.512032525383347e-08
7625,-4.5121145930693274e-08
7701,-4.513594120680864e-08
73,-4.51693971115219e-08
1169,-4.519122853707813e-08
2842,-4.519857554896589e-08
5702,-4.521699459303363e-08
4434,-4.523101537756702e-08
6062,-4.529232278116524e-08
6569,-4.5321453256974564e-08
4688,-4.532298625292697e-08
9669,-4.533139019713417e-08
5527,-4.536413733546851e-08
9236,-4.5375504242883835e-08
2059,-4.5398573789157126e-08
316,-4.5441607809948437e-08
4802,-4.544832243880137e-08
5457,-4.5531470149740016e-08
2393,-4.555145238782643e-08
9995,-4.5570750728529674e-08
9591,-4.561869104691141e-08
8920,-4.562287081455452e-08
1199,-4.564054556510655e-08
8350,-4.5647906787849024e-08
2405,-4.569481149019339e-08
2917,-4.569972666956801e-08
5793,-4.573981726707643e-08
2316,-4.5741613163841066e-08
4390,-4.578176238112519e-08
5880,-4.5874807952372976e-08
530,-4.5875697907149515e-08
3754,-4.592040525608354e-08
1120,-4.592561353433666e-08
6235,-4.5945061089014416e-08
2290,-4.59550015818877e-08
5487,-4.603727532526136e-08
6529,-4.606835624088035e-08
4943,-4.617690407826558e-08
9436,-4.620627969131874e-08
5762,-4.636036088356832e-08
3864,-4.6364933226072935e-08
6037,-4.6437023115686316e-08
7332,-4.646896201165873e-08
8213,-4.651363560981281e-08
6751,-4.652014062855869e-08
7955,-4.6536545283970554e-08
8338,-4.6556388966223494e-08
5669,-4.657769991922578e-08
5364,-4.664105901497351e-08
1035,-4.668214081959832e-08
3849,-4.669638364873663e-08
1236,-4.670999764755379e-08
2742,-4.679080234382127e-08
4809,-4.681876220047343e-08
2494,-4.68658836183522e-08
6127,-4.689456289952432e-08
3951,-4.691318089555807e-08
144,-4.699877820257825e-08
2765,-4.7016955662115834e-08
2604,-4.7168125405505634e-08
9195,-4.718715906903981e-08
3228,-4.7205535480543404e-08
3490,-4.721304236454671e-08
9471,-4.728641123108446e-08
1858,-4.731594316353949e-08
5986,-4.7357262999980776e-08
6732,-4.7421476523368256e-08
553,-4.742336479068854e-08
5195,-4.754334703704899e-08
1913,-4.754434890230641e-08
9612,-4.764914329768999e-08
5379,-4.7657360724429054e-08
4768,-4.768405226229788e-08
9808,-4.7704244110491345e-08
5602,-4.7711555595242316e-08
6175,-4.777776752007412e-08
3350,-4.781805174047804e-08
4659,-4.7821352211485646e-08
1764,-4.7864034513622755e-08
3306,-4.786985030591495e-08
6907,-4.792198815550819e-08
7803,-4.792808461218101e-08
4036,-4.794440755517826e-08
8797,-4.7952323001254626e-08
7935,-4.8007471775690647e-08
7397,-4.80201745034492e-08
7613,-4.8035023070269744e-08
8764,-4.805984765710036e-08
9868,-4.8076813641273475e-08
8582,-4.8167118293918065e-08
6106,-4.826878452490746e-08
9937,-4.8341663116957534e-08
3004,-4.834789457675015e-08
8703,-4.8384515949351226e-08
2230,-4.838823208785925e-08
2031,-4.840195089172994e-08
1575,-4.8406644026499634e-08
1210,-4.8446068490193284e-08
237,-4.8477048153472424e-08
2512,-4.850356383201415e-08
1589,-4.850865487071587e-08
3380,-4.8535722996234654e-08
6748,-4.858545921138102e-08
5354,-4.858631363902077e-08
3801,-4.860862645728048e-08
3436,-4.8686473519410356e-08
9034,-4.870157255254526e-08
319,-4.870539527246365e-08
7851,-4.8785938844275734e-08
5540,-4.881530912825838e-08
1076,-4.890690163961153e-08
3153,-4.8953808118312736e-08
7249,-4.897020033922672e-08
3993,-4.9099742938096824e-08
7080,-4.9141148039666405e-08
5713,-4.91516480849441e-08
1703,-4.9215760355991733e-08
1029,-4.9264384571756636e-08
4998,-4.9281082326047e-08
5665,-4.9368553689532746e-08
7868,-4.942614850733662e-08
2011,-4.954518928457219e-08
1888,-4.9585565875531756e-08
4289,-4.959283650407542e-08
5961,-4.964046240729658e-08
6516,-4.964494593195923e-08
5000,-4.9648747335595544e-08
6454,-4.978711665160063e-08
3351,-4.978829082347147e-08
1297,-4.984707935307142e-08
3154,-4.987085944208047e-08
5587,-4.989178137293493e-08
5657,-4.99291914479727e-08
7089,-4.9963471582259444e-08
9576,-5.0029459686129485e-08
9934,-5.004561032251331e-08
2426,-5.005920122869156e-08
2566,-5.0118103445129236e-08
9078,-5.027669303103721e-08
6921,-5.028456762090627e-08
8355,-5.031464134219732e-08
5682,-5.033976435697696e-08
6014,-5.034703676187746e-08
1581,-5.038066674956099e-08
209,-5.038087280695436e-08
5845,-5.042417328127158e-08
4128,-5.0588443656351956e-08
8758,-5.070177522270569e-08
2525,-5.0780782245851697e-08
3783,-5.081207099522089e-08
3479,-5.084003085187305e-08
5180,-5.089978571959364e-08
4034,-5.0928790074067365e-08
1349,-5.097300359580004e-08
1161,-5.099728639379464e-08
9258,-5.1013257618137686e-08
9631,-5.1045244475744767e-08
4956,-5.11011783999038e-08
7316,-5.110823941834042e-08
3539,-5.1109457999132246e-08
1331,-5.1163604908310845e-08
213,-5.1308582271758496e-08
9665,-5.13276354752179e-08
7188,-5.134360314684727e-08
7995,-5.138134717697085e-08
1652,-5.140871905950917e-08
3480,-5.14111686555907e-08
2570,-5.1426230385231975e-08
8104,-5.147405701677599e-08
3120,-5.1500039788265894e-08
5634,-5.153725091133765e-08
4796,-5.156960547481049e-08
3850,-5.159032667734209e-08
2789,-5.159542837418485e-08
3364,-5.160235971857219e-08
6118,-5.164648797517657e-08
7793,-5.164713812177979e-08
2388,-5.169472849786416e-08
9011,-5.180849171892987e-08
7073,-5.180864448561806e-08
7659,-5.18423561857162e-08
2285,-5.1888418894918686e-08
3854,-5.19123055653381e-08
3634,-5.1916885013270075e-08
788,-5.1919140986456114e-08
6423,-5.198495500735589e-08
8766,-5.207154174513562e-08
4879,-5.208225140052036e-08
8839,-5.208494791020257e-08
1892,-5.209107989401218e-08
588,-5.213624554301077e-08
6589,-5.213770037926224e-08
3935,-5.218446652577313e-08
7938,-5.221675891675659e-08
5982,-5.222350729638947e-08
3970,-5.223144405874791e-08
3700,-5.224519838975539e-08
8488,-5.228487331976339e-08
5096,-5.235936129110996e-08
2314,-5.2411895268278386e-08
4916,-5.2510767289959404e-08
6129,-5.26198409289691e-08
627,-5.2671058625719525e-08
4419,-5.273363257174424e-08
7505,-5.274150893797014e-08
3557,-5.2751083501334506e-08
3596,-5.281755477426486e-08
9226,-5.291662930062557e-08
3473,-5.291924232153633e-08
6597,-5.2950891671343925e-08
3285,-5.296183225311779e-08
1408,-5.2965459573783846e-08
6399,-5.297132155135387e-08
6351,-5.3001187438894704e-08
5502,-5.3047298109731855e-08
7282,-5.3077865658224255e-08
9579,-5.31060546649087e-08
3871,-5.317419216055441e-08
2891,-5.324154273012027e-08
4973,-5.324952567775654e-08
3345,-5.335169284137464e-08
5863,-5.347174258929499e-08
7322,-5.3512719588866275e-08
2607,-5.360410959553974e-08
8450,-5.361014387972318e-08
9002,-5.3621507234424826e-08
2993,-5.369085798179185e-08
4351,-5.3726177284829646e-08
8317,-5.376360157072213e-08
3067,-5.376710454640943e-08
7138,-5.378507061948312e-08
2144,-5.3862686755223876e-08
8196,-5.38716236064829e-08
843,-5.3903717045500343e-08
9417,-5.395464697244279e-08
9604,-5.402821301458971e-08
1931,-5.4041077390820647e-08
7083,-5.40490958655937e-08
9374,-5.405457237372957e-08
1310,-5.4062439858171274e-08
6762,-5.408150194341488e-08
5928,-5.4101827018371296e-08
4028,-5.411241943420464e-08
5537,-5.413441783730377e-08
7527,-5.420144866263854e-08
6076,-5.4232918600405355e-08
9795,-5.423340887489303e-08
699,-5.423671645132799e-08
7721,-5.426312377210252e-08
2352,-5.430464256050982e-08
4651,-5.433481753414071e-08
4121,-5.437358296944694e-08
4620,-5.440139538848143e-08
9405,-5.440252159871761e-08
400,-5.4426001483420805e-08
7708,-5.442947603739867e-08
2785,-5.4446648078965154e-08
9717,-5.445045836438567e-08
7650,-5.4468976884436415e-08
3971,-5.4506440250179367e-08
2915,-5.457888008209011e-08
5507,-5.464877439464999e-08
6575,-5.466387875685541e-08
9568,-5.4744782929105895e-08
4456,-5.4758560352752284e-08
8780,-5.476822018124494e-08
5121,-5.479879838787838e-08
3598,-5.486315579616985e-08
9497,-5.4882445255088896e-08
1465,-5.490953824960343e-08
3195,-5.496922206305044e-08
963,-5.5016975863964035e-08
4314,-5.5026688983161876e-08
3509,-5.5108648311374964e-08
1784,-5.514317358290555e-08
5399,-5.5228543516250284e-08
6113,-5.525618185231451e-08
2363,-5.5309010704718276e-08
3133,-5.534877089985457e-08
7911,-5.5351334182773826e-08
6908,-5.5362916029366716e-08
2588,-5.536820246732077e-08
5921,-5.54110570760713e-08
378,-5.553359017085313e-08
6578,-5.555752302655037e-08
115,-5.569420657991486e-08
6308,-5.569862615573129e-08
9211,-5.574652206519204e-08
7499,-5.5783230479278245e-08
7722,-5.581639506146985e-08
1875,-5.582155182537463e-08
1379,-5.585880735736737e-08
7565,-5.589464890931595e-08
7820,-5.590910312491815e-08
8687,-5.5999388237637504e-08
1491,-5.604818831272951e-08
4892,-5.605984654266649e-08
3644,-5.6257480451904485e-08
395,-5.6298027573120635e-08
9953,-5.630052513083683e-08
7926,-5.637908628841615e-08
2885,-5.6568266515455434e-08
1070,-5.6658899794115314e-08
3287,-5.6768895362324656e-08
3987,-5.6806808146347976e-08
9154,-5.680741921310073e-08
6859,-5.693182281163445e-08
7592,-5.697366489698652e-08
3998,-5.7059605040876704e-08
9828,-5.7072426784543495e-08
9964,-5.7080720594626655e-08
2935,-5.709164163647529e-08
7849,-5.7189360802567535e-08
5786,-5.719903306555807e-08
4570,-5.7214265325455926e-08
6577,-5.7281031473621624e-08
8608,-5.729659413589161e-08
9349,-5.730203866960437e-08
4247,-5.7320306723340764e-08
6316,-5.7338400694106895e-08
4917,-5.7360052707622344e-08
1487,-5.7364433203588305e-08
5734,-5.7452252733014575e-08
4901,-5.7459596192188656e-08
1285,-5.746503184411722e-08
2477,-5.746740328049782e-08
722,-5.758466947725083e-08
5382,-5.7657118190945766e-08
870,-5.771448208236052e-08
3165,-5.782787937391731e-08
101,-5.784844248069021e-08
124,-5.788526635797098e-08
1812,-5.793689084043763e-08
5105,-5.795133795061247e-08
123,-5.8000756197884584e-08
9158,-5.813515357999677e-08
9510,-5.8159303151228414e-08
7321,-5.818946391400459e-08
8030,-5.8192616947394527e-08
7222,-5.822415083400756e-08
9881,-5.8224495447234403e-08
480,-5.835110350460582e-08
2659,-5.837934224928176e-08
9689,-5.839350869507598e-08
8813,-5.844270489774317e-08
1320,-5.848984763190401e-08
5765,-5.85152388765664e-08
3778,-5.8574995520643824e-08
9019,-5.8774945799200395e-08
4226,-5.878806064174569e-08
1538,-5.879889108939551e-08
1467,-5.881584108635707e-08
8272,-5.88416941837977e-08
8970,-5.8842623218424706e-08
1179,-5.886646192720946e-08
6108,-5.887491560940816e-08
1596,-5.888503018525171e-08
3264,-5.8912316802661735e-08
373,-5.892122167949765e-08
66,-5.9057708057252967e-08
3462,-5.908459144166045e-08
5245,-5.913382139510759e-08
1548,-5.922830936810897e-08
524,-5.924656498734748e-08
2884,-5.932025715083e-08
8800,-5.935168623238951e-08
8552,-5.937326008620403e-08
9712,-5.943942404940117e-08
348,-5.946981040949595e-08
6548,-5.949796921811412e-08
3357,-5.9556036546837277e-08
6992,-5.965748250957859e-08
702,-5.966577809601858e-08
1533,-5.967120131344927e-08
7386,-5.96761076110397e-08
6205,-5.980520256798627e-08
8749,-5.993110718804928e-08
2939,-5.993540064253011e-08
4008,-5.994575502654698e-08
8593,-5.995166318939482e-08
9645,-5.999830499092695e-08
8175,-6.000152197316311e-08
7218,-6.001170937963707e-08
7320,-6.004800212622285e-08
197,-6.007445385591836e-08
7960,-6.008971631388249e-08
1595,-6.010026254443801e-08
8941,-6.011216413526199e-08
9039,-6.012668229971041e-08
2055,-6.013871001186999e-08
7742,-6.019165965653883e-08
8664,-6.026736087960671e-08
3179,-6.02872969324153e-08
7240,-6.031872423761797e-08
3050,-6.033688038087348e-08
3945,-6.039199362817271e-08
2368,-6.042318823062942e-08
9949,-6.046293066219732e-08
2599,-6.047682532539511e-08
8058,-6.053735646105451e-08
9581,-6.053834944452774e-08
3554,-6.061677915170094e-08
8520,-6.06569479089103e-08
8538,-6.067663704811821e-08
6137,-6.072365366094346e-08
4966,-6.0724056893946e-08
286,-6.073578440179972e-08
1034,-6.073736535938679e-08
4650,-6.092675164381944e-08
631,-6.10156618563451e-08
906,-6.104688665686808e-08
6524,-6.117280904049949e-08
1360,-6.119954321093246e-08
4808,-6.122015960841054e-08
1132,-6.12376460651376e-08
4426,-6.124664153617232e-08
5115,-6.126148477392235e-08
7934,-6.128902718671725e-08
5393,-6.12947239631012e-08
4932,-6.130959917527434e-08
1717,-6.141744535170801e-08
8647,-6.142742137171808e-08
7391,-6.147917730459085e-08
3748,-6.180566103353158e-08
1546,-6.189970847003679e-08
7337,-6.191689649881482e-08
1530,-6.192439272467709e-08
8788,-6.193109669538899e-08
6561,-6.197376833938506e-08
4193,-6.201061708566158e-08
9705,-6.213620551420718e-08
2,-6.214214209876445e-08
4001,-6.22846485498485e-08
845,-6.228584936707193e-08
5735,-6.228633431248909e-08
8187,-6.237865690650324e-08
4306,-6.243648797976675e-08
165,-6.248452777413149e-08
2602,-6.251235262766386e-08
5674,-6.253686812840442e-08
1951,-6.255380213815442e-08
6545,-6.2554702751072e-08
4555,-6.260602347651911e-08
243,-6.263013929697081e-08
7035,-6.263514507054424e-08
3449,-6.265399932203763e-08
3255,-6.268664165531845e-08
567,-6.274834518649186e-08
1061,-6.276605546418068e-08
3007,-6.287026366180726e-08
9410,-6.291538312552802e-08
4195,-6.292781407069015e-08
615,-6.29559266940305e-08
9524,-6.296191301657927e-08
379,-6.301497634808584e-08
6111,-6.302636634814007e-08
2586,-6.325472412527233e-08
5471,-6.330447277491658e-08
228,-6.350253300979602e-08
9315,-6.353416992510574e-08
5768,-6.357415571756064e-08
7640,-6.360096094226719e-08
454,-6.361677584720837e-08
2239,-6.369188909616241e-08
5554,-6.369973704067888e-08
3360,-6.370370897457178e-08
715,-6.37654267165999e-08
1038,-6.380638950531647e-08
4633,-6.382441952723639e-08
4020,-6.389769779957533e-08
5873,-6.390652629306715e-08
3204,-6.390775553200001e-08
4727,-6.394106222273876e-08
4721,-6.395084639621018e-08
5901,-6.399011454050196e-08
1956,-6.401819874213288e-08
2441,-6.407871566693757e-08
7467,-6.4116903786271e-08
2538,-6.412568609448499e-08
1684,-6.413401010263442e-08
1237,-6.413666753246616e-08
5119,-6.413796427295892e-08
1732,-6.415363174028244e-08
8577,-6.418455456014271e-08
8068,-6.431479704360754e-08
9426,-6.442601829803607e-08
4580,-6.447283951160898e-08
7805,-6.447813660770407e-08
9703,-6.448614797704977e-08
3020,-6.459285373239254e-08
3335,-6.46321929309579e-08
517,-6.472458835560246e-08
1264,-6.475816149986713e-08
67,-6.477068126287122e-08
3817,-6.4776568109437e-08
1387,-6.477786840264343e-08
873,-6.480423309085381e-08
4603,-6.481286973780698e-08
7405,-6.483285375225023e-08
9368,-6.484353676228238e-08
1436,-6.485867487526775e-08
7850,-6.489525539166152e-08
5541,-6.495895377156558e-08
2454,-6.496896176599876e-08
4837,-6.508185990128368e-08
8696,-6.511156414035213e-08
6057,-6.51337899171267e-08
3197,-6.515219297398289e-08
1862,-6.524090423454254e-08
2185,-6.524800255647278e-08
426,-6.525107920651863e-08
2541,-6.526957108121678e-08
612,-6.528094331770262e-08
9860,-6.529980467462337e-08
3760,-6.53051799304194e-08
7407,-6.532171070716686e-08
2812,-6.534641272537556e-08
3294,-6.541594999021072e-08
9395,-6.545351283193668e-08
3762,-6.546467545831547e-08
4920,-6.549060316274335e-08
3562,-6.55606626764893e-08
2233,-6.560814114209279e-08
3984,-6.57454428676374e-08
9920,-6.578400046919342e-08
1256,-6.583321621178584e-08
671,-6.583705669527262e-08
6091,-6.586033052258244e-08
6227,-6.588760115278092e-08
9943,-6.602564539548439e-08
1932,-6.615991665626098e-08
4671,-6.618727255158774e-08
7821,-6.623017867468661e-08
7287,-6.627136883707863e-08
2640,-6.628543758324668e-08
9157,-6.633099758346361e-08
5663,-6.639677252451293e-08
5389,-6.647561434647287e-08
3321,-6.651165307403062e-08
6823,-6.654613216028338e-08
2385,-6.657556284039856e-08
3488,-6.668513208296645e-08
2714,-6.680741648779076e-08
7586,-6.686997267024708e-08
8216,-6.69091164695601e-08
4337,-6.691934117952769e-08
5200,-6.696272336625952e-08
3023,-6.696361154467922e-08
9919,-6.69687771903682e-08
1252,-6.700004107074164e-08
7598,-6.703523425244384e-08
3840,-6.711383448987362e-08
2527,-6.718506639913358e-08
6042,-6.720144440919285e-08
7327,-6.731809776283626e-08
80,-6.734799384844337e-08
9404,-6.742879321564033e-08
1128,-6.744098612898597e-08
6912,-6.745936076413273e-08
6674,-6.746508773858295e-08
6839,-6.746541814095508e-08
2359,-6.749972669695126e-08
5891,-6.750381587039556e-08
6494,-6.752618730843096e-08
1855,-6.755838199978825e-08
7855,-6.759783843790501e-08
6441,-6.759796988831113e-08
423,-6.764863158537082e-08
6625,-6.770974536607355e-08
2869,-6.771773897185085e-08
740,-6.779875505458222e-08
1836,-6.784049588759444e-08
9990,-6.788234330201703e-08
7968,-6.790353879182476e-08
2255,-6.792119933152208e-08
9924,-6.793863605025763e-08
7326,-6.796544127496418e-08
8188,-6.803117003073567e-08
9537,-6.805028363032761e-08
4108,-6.805406727039554e-08
4362,-6.808544839032038e-08
7257,-6.811317376786974e-08
6605,-6.814973829705195e-08
1756,-6.820966547138596e-08
6818,-6.821045062110898e-08
7555,-6.823236375907982e-08
6420,-6.824846110475846e-08
7875,-6.832568288928087e-08
2682,-6.862281409780735e-08
6250,-6.865054658078407e-08
3881,-6.86675498684508e-08
55,-6.869757740446403e-08
6693,-6.879027125705761e-08
5088,-6.882267911123563e-08
77,-6.885681003154787e-08
5225,-6.886127223992844e-08
8908,-6.886418191243138e-08
1823,-6.892847892459031e-08
467,-6.899588100850451e-08
4228,-6.89983963297891e-08
5650,-6.903118077161707e-08
6398,-6.904864591206206e-08
6661,-6.90508166201198e-08
8922,-6.909712624292297e-08
8822,-6.911691130540021e-08
9698,-6.917882799939434e-08
9060,-6.923000839265114e-08
216,-6.92740727004093e-08
5704,-6.927760765051971e-08
229,-6.930195795007421e-08
3855,-6.930400786586688e-08
4885,-6.934946128467345e-08
6061,-6.936305751992222e-08
382,-6.939114527426682e-08
3832,-6.942595121017803e-08
4512,-6.945139219283192e-08
7872,-6.945419883663817e-08
3343,-6.946591568635085e-08
7913,-6.946723019041201e-08
3116,-6.950085662538186e-08
5712,-6.961939291727504e-08
4178,-6.962995868775579e-08
9630,-6.971702148916847e-08
9244,-6.977044719747028e-08
705,-6.977937161423142e-08
9551,-6.982716627135233e-08
5394,-6.984735989590263e-08
9505,-6.991914247578279e-08
6313,-6.992064172095525e-08
8503,-6.992174661490935e-08
9478,-6.998310553285592e-08
2811,-7.000689450364916e-08
3330,-7.005402480331213e-08
8718,-7.006052271663066e-08
1472,-7.013370151298659e-08
7863,-7.014169511876389e-08
9429,-7.016370773271774e-08
6459,-7.019256287321696e-08
3277,-7.02781406403119e-08
7909,-7.029779069966935e-08
3446,-7.032602411527478e-08
2056,-7.034057247778946e-08
7047,-7.040025096216596e-08
4598,-7.055845330228294e-08
6633,-7.056045703279779e-08
1247,-7.060208417897229e-08
4563,-7.065211704571084e-08
5231,-7.079654551489512e-08
7495,-7.080574704332321e-08
4383,-7.080624442323824e-08
6638,-7.08913177049908e-08
5859,-7.099649224073801e-08
6622,-7.116035050103164e-08
4177,-7.117768774378419e-08
7258,-7.125820644660052e-08
8616,-7.127190926325966e-08
8311,-7.1315341187983e-08
8159,-7.145807856545616e-08
4569,-7.151237468860927e-08
4999,-7.161414217193851e-08
4767,-7.163736626125683e-08
304,-7.167653848227928e-08
9973,-7.17002315298032e-08
300,-7.17310015829753e-08
3355,-7.178136485208597e-08
9182,-7.181220595953164e-08
3651,-7.192250706111736e-08
1292,-7.193425233253947e-08
1694,-7.19585635522435e-08
4388,-7.200220153436021e-08
119,-7.202159935104646e-08
974,-7.208775087974573e-08
1483,-7.209414576436757e-08
5983,-7.213554908958031e-08
853,-7.218439179723646e-08
5020,-7.219677300440708e-08
4822,-7.219894015975115e-08
7230,-7.220393172246986e-08
451,-7.225999709703501e-08
5601,-7.22883370940508e-08
4396,-7.229490250892923e-08
1427,-7.235130894400754e-08
3861,-7.239889754373507e-08
1266,-7.246821809303583e-08
925,-7.250904232591893e-08
6213,-7.255411560436187e-08
4074,-7.259950507432222e-08
8740,-7.264437584808547e-08
6745,-7.26557338737166e-08
1860,-7.277303737396323e-08
8913,-7.28454736531603e-08
689,-7.284743830382467e-08
1441,-7.291410142329369e-08
5498,-7.292675618941757e-08
7715,-7.300974402824068e-08
5815,-7.315614425351669e-08
8282,-7.32474418896345e-08
632,-7.32621892041152e-08
5840,-7.326480044866912e-08
9487,-7.336568330629234e-08
8878,-7.350297792640959e-08
3944,-7.353899889039894e-08
2065,-7.357130371588028e-08
2573,-7.359571085885364e-08
9556,-7.360275233736502e-08
2125,-7.362990928072577e-08
7571,-7.36791072597498e-08
4690,-7.368694099341155e-08
4051,-7.382401889799439e-08
9772,-7.385251876712573e-08
9981,-7.393650847120625e-08
5960,-7.398848111961343e-08
2748,-7.399569312838139e-08
6136,-7.399586365863797e-08
1731,-7.399660262308316e-08
8174,-7.402206492201913e-08
654,-7.407257385239063e-08
2686,-7.408916857798431e-08
5770,-7.419174608003232e-08
9862,-7.423193437716691e-08
4120,-7.42558832200757e-08
510,-7.436008075956124e-08
6368,-7.44644594874444e-08
6993,-7.452770134364073e-08
3695,-7.456977968445244e-08
8447,-7.457028416979483e-08
9697,-7.458749706756862e-08
8156,-7.472847585177078e-08
6271,-7.479412289512766e-08
1279,-7.486365660724914e-08
8807,-7.490996267733863e-08
634,-7.492168663247867e-08
3167,-7.492714004797563e-08
2341,-7.497210319229453e-08
1695,-7.498292475816015e-08
5154,-7.500743137711652e-08
3172,-7.509983390718844e-08
4469,-7.512544542009891e-08
4609,-7.514563549193554e-08
5796,-7.519644285025606e-08
5339,-7.52172333307044e-08
3274,-7.523721734514766e-08
6800,-7.530625367735411e-08
6048,-7.533146373361888e-08
421,-7.537966340009916e-08
7587,-7.541565594237909e-08
7716,-7.555232883760254e-08
6088,-7.555563286132383e-08
6864,-7.55986064859826e-08
2443,-7.562439563457701e-08
1497,-7.567602366975734e-08
2106,-7.585157035805423e-08
4086,-7.585495254147645e-08
3180,-7.586710637497163e-08
9985,-7.588757000576152e-08
5648,-7.593221340584932e-08
5714,-7.595996720510811e-08
2484,-7.596925755137818e-08
4607,-7.598110940421066e-08
5323,-7.601022034009475e-08
6481,-7.602447738008777e-08
7264,-7.603096818797894e-08
9229,-7.608444363427225e-08
5242,-7.610211838482428e-08
1176,-7.62237810647548e-08
672,-7.623683373481072e-08
2773,-7.623767217523891e-08
4704,-7.629838449929593e-08
5504,-7.630188747498323e-08
7092,-7.632108278698979e-08
7711,-7.635758336732579e-08
6621,-7.641789778745078e-08
258,-7.645510180509518e-08
2002,-7.647050992432014e-08
7828,-7.649695277223145e-08
6634,-7.656184664028842e-08
8844,-7.660571199608057e-08
5821,-7.662064049895889e-08
4540,-7.681191505071183e-08
4672,-7.691773973306226e-08
8670,-7.69984431769899e-08
4713,-7.70356294310659e-08
9105,-7.712660377023894e-08
2600,-7.71799868459766e-08
1805,-7.720863237636877e-08
1147,-7.724354844640402e-08
2617,-7.72989210418018e-08
3173,-7.734022844374522e-08
9625,-7.73527837338861e-08
9201,-7.736172946692932e-08
3764,-7.73812232068849e-08
6237,-7.739339835666215e-08
3653,-7.746137598019232e-08
4061,-7.746751862214296e-08
8226,-7.751161845703791e-08
9314,-7.754272601800949e-08
1272,-7.760633025100105e-08
1970,-7.767474130560004e-08
1979,-7.769400056645281e-08
251,-7.771823717916959e-08
6016,-7.773329357974035e-08
1066,-7.774777088798146e-08
2389,-7.782124811228641e-08
5761,-7.782404765066531e-08
5718,-7.792486300672863e-08
295,-7.792939982209646e-08
3308,-7.802256618560932e-08
6937,-7.80480924333915e-08
4621,-7.80575604153455e-08
3354,-7.811870972318502e-08
1486,-7.811922486666845e-08
721,-7.817248004471367e-08
5584,-7.822420045044964e-08
2367,-7.857507711150902e-08
6285,-7.860942119464198e-08
9135,-7.863505047112085e-08
5344,-7.86536773489388e-08
9381,-7.869481422062563e-08
907,-7.869577345331891e-08
4149,-7.870196228054738e-08
850,-7.879128460785978e-08
8504,-7.887610209422746e-08
2882,-7.906974985871784e-08
9486,-7.908895227615176e-08
2910,-7.911983246344789e-08
6426,-7.915593513985186e-08
6101,-7.922764311274477e-08
6359,-7.929653023097671e-08
6938,-7.933724788244945e-08
287,-7.940343138557182e-08
5740,-7.940413482288022e-08
5342,-7.94348231636377e-08
3232,-7.94690109273688e-08
5814,-7.949122604600234e-08
8771,-7.951366143288396e-08
1014,-7.959135928103933e-08
153,-7.960217018876392e-08
9997,-7.964014159256294e-08
8900,-7.967247128704003e-08
8250,-7.971054927224941e-08
4325,-7.971761917247022e-08
1578,-7.97476538139108e-08
3349,-7.975007321192606e-08
6739,-7.989907047090128e-08
2116,-8.001726214956761e-08
6807,-8.003692641977977e-08
6234,-8.019969044426034e-08
4637,-8.035934229155828e-08
1021,-8.036255749743759e-08
6782,-8.039266319315175e-08
6156,-8.04002802112791e-08
6224,-8.04647157792715e-08
5186,-8.046678701134624e-08
2905,-8.058933076426911e-08
6193,-8.06012465659478e-08
9550,-8.062229284178102e-08
6496,-8.07454370033156e-08
5384,-8.076741409013266e-08
8889,-8.081301317020007e-08
3797,-8.084990810175441e-08
1173,-8.091495118378589e-08
633,-8.097982728827446e-08
6191,-8.098515991150634e-08
6389,-8.114297145311866e-08
7719,-8.119649308468979e-08
575,-8.120164096681037e-08
2934,-8.122207617589083e-08
1771,-8.125778094836278e-08
9388,-8.149160635184671e-08
7984,-8.154479758104571e-08
6466,-8.158295017324235e-08
6397,-8.15987277746899e-08
9951,-8.166699316802806e-08
562,-8.168028742261413e-08
5050,-8.170508181137848e-08
9348,-8.179106458783281e-08
1451,-8.186885125383014e-08
2497,-8.190599842805568e-08
9358,-8.197794798547875e-08
1314,-8.2017841407378e-08
8375,-8.218875535703773e-08
299,-8.218905023227308e-08
8459,-8.227744530131531e-08
9913,-8.237189064175254e-08
8876,-8.239219440042689e-08
7689,-8.246116678378712e-08
7176,-8.247083727042082e-08
4425,-8.253989491890934e-08
2662,-8.256318650978756e-08
7173,-8.277885399365914e-08
2485,-8.289145370099504e-08
9856,-8.309213939128313e-08
9192,-8.311168286923021e-08
4750,-8.312135690857758e-08
8622,-8.326287570525892e-08
6771,-8.33347399975537e-08
305,-8.336131429587113e-08
7707,-8.34468210086925e-08
3247,-8.361557490843552e-08
8246,-8.36677642723771e-08
6560,-8.37495122141263e-08
9684,-8.381343263863528e-08
5168,-8.38439113692857e-08
6646,-8.385068994698486e-08
260,-8.389023520294359e-08
9785,-8.39950402564682e-08
87,-8.40460536721821e-08
317,-8.404837004150068e-08
9130,-8.421273633985038e-08
6510,-8.425887543239696e-08
8023,-8.426481201695424e-08
4113,-8.435216969360226e-08
9215,-8.435609544221734e-08
3906,-8.446673049888886e-08
934,-8.453731581425927e-08
6001,-8.461407574600344e-08
422,-8.461888612032453e-08
7094,-8.465799439250077e-08
9977,-8.466135881235459e-08
1206,-8.473669410591356e-08
2990,-8.493036318668601e-08
5619,-8.497758230419095e-08
7956,-8.498075487750612e-08
8403,-8.498227188624696e-08
6567,-8.499038983700302e-08
403,-8.50497023918706e-08
3687,-8.506728477186698e-08
4072,-8.514700411410558e-08
2458,-8.526902206540399e-08
1972,-8.52784225457981e-08
5351,-8.528089168180486e-08
9199,-8.532456874377203e-08
9155,-8.532907358471675e-08
4528,-8.534536632964773e-08
6027,-8.540531126755013e-08
7056,-8.541235274606152e-08
9334,-8.54173158870708e-08
1513,-8.543544538497372e-08
1367,-8.547918994850079e-08
3536,-8.557304553846734e-08
3508,-8.566217957195477e-08
1922,-8.57989057578834e-08
4591,-8.580812149716621e-08
918,-8.59606430481108e-08
5710,-8.598348699706548e-08
2843,-8.601879741831908e-08
7077,-8.604502355069599e-08
7507,-8.604640910903072e-08
1556,-8.612785151740354e-08
5061,-8.616260060989589e-08
8690,-8.622090419407868e-08
62,-8.622305713856804e-08
4441,-8.625239900084125e-08
4679,-8.630929571040724e-08
5724,-8.638653881121172e-08
8122,-8.643077009651279e-08
8120,-8.6501589890986e-08
9143,-8.654575367472717e-08
9504,-8.666893691611222e-08
3725,-8.66724754189363e-08
32,-8.668007467349526e-08
5004,-8.683053209779246e-08
9409,-8.684206775910752e-08
6463,-8.685329433433253e-08
4702,-8.696524034235154e-08
9894,-8.698987841171402e-08
529,-8.700457243548954e-08
8996,-8.710305010595221e-08
7706,-8.712871490956786e-08
1547,-8.723474920202534e-08
3662,-8.733982781450322e-08
8825,-8.735131729054046e-08
2954,-8.744215662659371e-08
1135,-8.748176583139866e-08
5935,-8.75311307879656e-08
2872,-8.754328462146077e-08
7182,-8.761736225437744e-08
2938,-8.767731785042088e-08
7422,-8.783219129782083e-08
6562,-8.783467819739599e-08
7211,-8.786726368725795e-08
2321,-8.786875937971672e-08
4176,-8.789144345655586e-08
4584,-8.797038120178513e-08
5510,-8.803790052525073e-08
882,-8.805198703498718e-08
1564,-8.813641372285019e-08
8113,-8.814232543841172e-08
6265,-8.827500153074652e-08
2344,-8.829742270677343e-08
7273,-8.832807552039412e-08
733,-8.837626452873337e-08
6174,-8.84072974827177e-08
6184,-8.857190536559756e-08
7383,-8.858645728082593e-08
9161,-8.862585332281014e-08
8635,-8.870537371308274e-08
9745,-8.873757550986738e-08
5011,-8.877507085003344e-08
8964,-8.878720336724655e-08
4638,-8.895074898873645e-08
8336,-8.896360981225371e-08
2754,-8.90445548407115e-08
6340,-8.913319504699757e-08
2948,-8.917512772654845e-08
1221,-8.925023919914565e-08
3710,-8.944174112457404e-08
1907,-8.964776654352136e-08
3163,-8.966232556417708e-08
6022,-8.96692107232866e-08
6500,-8.971552389880344e-08
8865,-8.971554876779919e-08
2795,-8.98181262698472e-08
1382,-8.984452293248069e-08
7686,-9.002375733757617e-08
9459,-9.003147383168653e-08
5346,-9.016659774374602e-08
5173,-9.017282565082496e-08
899,-9.020284608141083e-08
6260,-9.022013358617187e-08
1164,-9.0226613735922e-08
1525,-9.03870258639472e-08
2768,-9.042033610739963e-08
1000,-9.050741667238071e-08
2476,-9.056699923348788e-08
7561,-9.074986806467678e-08
817,-9.07809010186611e-08
1030,-9.07811354977639e-08
9867,-9.083919394470286e-08
430,-9.087098007398708e-08
9763,-9.092822850220728e-08
6381,-9.094469177739484e-08
1150,-9.107460385848754e-08
8649,-9.108030951665569e-08
4825,-9.11777249257284e-08
7305,-9.121778532517055e-08
7795,-9.122964783614407e-08
4455,-9.126403810455486e-08
6099,-9.127964517574583e-08
3729,-9.135012390970587e-08
5726,-9.143945689515931e-08
1350,-9.144252999249147e-08
5956,-9.153205837719725e-08
3310,-9.154288704849023e-08
9687,-9.155187186138392e-08
2140,-9.178665294484745e-08
2619,-9.182780047467531e-08
5014,-9.185673732758914e-08
2487,-9.192711658556618e-08
3137,-9.198742390026382e-08
1347,-9.202291550991504e-08
5301,-9.211210638682132e-08
5237,-9.2253920058738e-08
3185,-9.227864694594246e-08
3312,-9.23177374545503e-08
1988,-9.237891518409924e-08
2281,-9.239125375870572e-08
8332,-9.256704203153276e-08
4801,-9.25781797889158e-08
8990,-9.261288269613033e-08
6425,-9.262211264626785e-08
673,-9.272197232235158e-08
718,-9.273223966488331e-08
6716,-9.283816027050307e-08
6956,-9.30189294479078e-08
9993,-9.30633881068843e-08
5500,-9.317383842244453e-08
1866,-9.321553307017894e-08
8960,-9.322063476702169e-08
6701,-9.327554550964123e-08
2610,-9.345367146806893e-08
1886,-9.345875895405698e-08
4261,-9.350372920380323e-08
1580,-9.363871100731558e-08
9292,-9.374149456675696e-08
1660,-9.377545495681261e-08
5450,-9.381292187526924e-08
6526,-9.386257460164416e-08
1478,-9.386700483560162e-08
5483,-9.39902164986961e-08
3738,-9.400795519809435e-08
3079,-9.40974373975223e-08
9805,-9.411995449681854e-08
458,-9.415421331482321e-08
8437,-9.421309599133565e-08
4182,-9.423022717669483e-08
2324,-9.427094482816756e-08
4848,-9.430621616957069e-08
6996,-9.432806180598163e-08
8507,-9.43701152777976e-08
6623,-9.456936567175944e-08
5120,-9.457414051894375e-08
1955,-9.464717720675253e-08
5055,-9.477347973074757e-08
8762,-9.477544793412562e-08
4925,-9.48089677876851e-08
7830,-9.481605545147431e-08
4279,-9.488209329333586e-08
1711,-9.490009844626002e-08
3649,-9.49156024887543e-08
4227,-9.494334562987206e-08
4788,-9.497041020267716e-08
7623,-9.501378173126795e-08
8785,-9.505664522180268e-08
7757,-9.506553411142704e-08
2136,-9.510774034993119e-08
1602,-9.516161370015652e-08
7662,-9.528747213494171e-08
7759,-9.533014377893778e-08
8734,-9.537733092201961e-08
6819,-9.540010026398704e-08
3231,-9.54656833584977e-08
2829,-9.550726431939438e-08
8794,-9.554419122537183e-08
7764,-9.565976100134321e-08
2799,-9.569299308509471e-08
7653,-9.579497728395836e-08
2451,-9.580526239005849e-08
1974,-9.587824578716209e-08
6671,-9.600243799923192e-08
1087,-9.613625451265762e-08
2761,-9.619633800639349e-08
1041,-9.619725105380894e-08
9146,-9.622141661225214e-08
2246,-9.623593300034372e-08
7772,-9.623706631600726e-08
5036,-9.624464780699782e-08
9058,-9.644715248668945e-08
6084,-9.650493737467514e-08
6887,-9.666217337667149e-08
7289,-9.684808333076944e-08
2556,-9.685599522413213e-08
9519,-9.701942715878431e-08
6668,-9.706061732117632e-08
7915,-9.71623457246551e-08
999,-9.719987659195795e-08
3954,-9.720337601493156e-08
6672,-9.720413274294515e-08
2838,-9.721288662944971e-08
4423,-9.723050453658288e-08
5590,-9.745640028313574e-08
4326,-9.752648821859111e-08
5931,-9.757309982205697e-08
6336,-9.782871757124667e-08
2327,-9.788078259020949e-08
5062,-9.790762689476651e-08
6812,-9.79419993996089e-08
4865,-9.80002532458002e-08
8286,-9.804609746311144e-08
2558,-9.82114265468681e-08
6624,-9.82264580784431e-08
9291,-9.834052505652835e-08
8851,-9.839412484780041e-08
2069,-9.845176407452527e-08
7210,-9.855673965830647e-08
1704,-9.871849115938858e-08
6832,-9.874525730424466e-08
5265,-9.884055174325113e-08
16,-9.886959162486164e-08
9375,-9.906477771437494e-08
9904,-9.919645194145232e-08
1821,-9.923715538207034e-08
9811,-9.925899391305393e-08
812,-9.930661448720457e-08
95,-9.93716149366719e-08
6418,-9.940777090378106e-08
4583,-9.942791834305353e-08
44,-9.947740409188555e-08
3229,-9.957121349657427e-08
3322,-9.964904990056311e-08
3337,-9.967189029680412e-08
8349,-9.977817327921912e-08
6089,-9.982632676042158e-08
4592,-9.984229265569411e-08
323,-9.984853477362776e-08
5249,-9.987632410002334e-08
8125,-1.0004415429420987e-07
4058,-1.0008447404175058e-07
5933,-1.0016087870212687e-07
6347,-1.0019536489380698e-07
9543,-1.002201486244303e-07
8843,-1.0034663233682295e-07
509,-1.0043330789244465e-07
6837,-1.0048476539736839e-07
7119,-1.0055415344822904e-07
1664,-1.0066372624351061e-07
9367,-1.0077999945679039e-07
3920,-1.0084690060807588e-07
7732,-1.0090597868384066e-07
8497,-1.0093363300711644e-07
8121,-1.0102516867505074e-07
4119,-1.0107362768962957e-07
7128,-1.0110426984510923e-07
8402,-1.0113074111472997e-07
8207,-1.0116321647046789e-07
904,-1.0117813786791885e-07
7235,-1.0119418902831967e-07
2210,-1.0120253435275117e-07
9888,-1.014991219960848e-07
9025,-1.0155705254533132e-07
3515,-1.0158074559285524e-07
532,-1.0159381247376587e-07
5027,-1.0160188068653042e-07
1965,-1.0182767695710027e-07
9596,-1.0195539701385314e-07
3194,-1.0198065325539574e-07
9223,-1.0221250690278794e-07
1191,-1.0227821078956367e-07
5314,-1.0227906344084658e-07
4565,-1.0229217650703504e-07
310,-1.0236413672259914e-07
2813,-1.0239854120186465e-07
5514,-1.0240384895610077e-07
6740,-1.024220281919952e-07
1634,-1.0254499827055952e-07
2817,-1.0268142247582546e-07
1716,-1.028197402774822e-07
3552,-1.0286808205250964e-07
6246,-1.0294450092374063e-07
1730,-1.0304830055929415e-07
1152,-1.0313505782733046e-07
9552,-1.0319044463358296e-07
1426,-1.0326273169880551e-07
7087,-1.0334249012089458e-07
1119,-1.0338304790025177e-07
875,-1.033953758167172e-07
7919,-1.0341404177438562e-07
2806,-1.0341844713934734e-07
815,-1.0357538471339467e-07
9489,-1.0362525770801767e-07
141,-1.0365446101445741e-07
6920,-1.0379715931208011e-07
3106,-1.0379753945244374e-07
4979,-1.0385417681391118e-07
6370,-1.0391294225087222e-07
6465,-1.0404723482793088e-07
180,-1.0405613792840995e-07
4096,-1.0417021911734992e-07
4779,-1.0421081597655757e-07
4669,-1.0422261809139854e-07
4049,-1.0424863106095472e-07
2050,-1.0426922614215073e-07
9117,-1.0435022801402738e-07
4495,-1.0436900765853352e-07
9618,-1.0437655717510097e-07
9023,-1.0443734765885893e-07
9739,-1.0446261100582888e-07
4470,-1.0463318389497545e-07
5830,-1.0480404100121632e-07
8609,-1.0482535728328912e-07
132,-1.0484362533702551e-07
1495,-1.0495920577113793e-07
3142,-1.0497107183482512e-07
1718,-1.0497770830397712e-07
696,-1.0500498959231663e-07
6249,-1.0502598613015834e-07
7372,-1.0506167669177557e-07
8300,-1.0508560777111597e-07
7554,-1.0508919956464524e-07
6299,-1.0509971914984817e-07
9418,-1.0512106030091672e-07
9376,-1.0524722426907829e-07
2264,-1.052807050427873e-07
1936,-1.0529628013955517e-07
3393,-1.053543421392078e-07
1245,-1.0536877681488477e-07
1105,-1.0561316798884945e-07
4400,-1.0569464237164539e-07
4515,-1.0573079833875454e-07
2340,-1.0582138187942292e-07
3080,-1.0588889409746116e-07
8109,-1.0592395227604356e-07
1015,-1.0604268396718908e-07
3000,-1.0609195655320036e-07
1749,-1.06220387152689e-07
2252,-1.0622120427683512e-07
6933,-1.0627670121721167e-07
591,-1.0629479163526412e-07
7816,-1.0640905756531538e-07
405,-1.0646590453688987e-07
4523,-1.0663615057637799e-07
7631,-1.0674895634110726e-07
7531,-1.067994439551967e-07
9668,-1.0697384666968901e-07
6789,-1.071015809372966e-07
7666,-1.072656310441289e-07
3035,-1.0727564969670311e-07
8655,-1.0729981525514631e-07
2166,-1.0737226574519809e-07
6619,-1.0737925393300429e-07
6509,-1.0738546407651484e-07
8244,-1.0746845546805162e-07
8111,-1.0747019985046791e-07
9242,-1.0749727152870037e-07
328,-1.0763179147943447e-07
7543,-1.0764447821998147e-07
2478,-1.0774541081559619e-07
7411,-1.0782947512666397e-07
8444,-1.0786175863586323e-07
236,-1.0788776805270572e-07
2960,-1.086335572608732e-07
7500,-1.0865817046123993e-07
6483,-1.0878133238634291e-07
8716,-1.088055832099144e-07
7346,-1.0883192302912903e-07
732,-1.0887897872180474e-07
6793,-1.089601298076559e-07
8910,-1.0913215220398342e-07
3040,-1.0918982695784507e-07
2551,-1.0925346316525975e-07
7782,-1.0949263540283027e-07
9316,-1.0953064233376608e-07
9403,-1.0963751861936544e-07
9573,-1.0964085461750983e-07
4340,-1.0971277930593715e-07
3559,-1.0972609132409161e-07
8205,-1.0985492693293963e-07
9099,-1.0993372256962175e-07
9264,-1.0999112376453013e-07
6736,-1.1000811284134215e-07
5923,-1.1003923106045477e-07
4090,-1.101558133598246e-07
7923,-1.1025196400282766e-07
7787,-1.1027622193182651e-07
5400,-1.1028018676029205e-07
1758,-1.1043312042602338e-07
8790,-1.1043347569739126e-07
396,-1.1055296411655036e-07
8171,-1.1058827453780395e-07
3615,-1.1074819994405516e-07
8741,-1.1077617401156203e-07
6804,-1.1077756667532412e-07
1986,-1.1096154395318081e-07
5677,-1.1098783758711761e-07
9428,-1.1111479381042955e-07
9095,-1.1119154308403267e-07
476,-1.1127112031772413e-07
7461,-1.1132062027741085e-07
3493,-1.113287559917353e-07
1136,-1.1144458511580524e-07
5146,-1.114648533473428e-07
2628,-1.1147464462624157e-07
4832,-1.1150104128887506e-07
2987,-1.11600865437822e-07
5772,-1.1165934665768873e-07
5294,-1.1173433378530717e-07
6125,-1.1177342784662869e-07
9719,-1.1187857751338015e-07
4035,-1.1191589521786227e-07
6028,-1.1197509053317845e-07
3428,-1.1197728966294562e-07
7280,-1.1210438088937735e-07
2187,-1.1226451945844929e-07
8848,-1.1233198904392339e-07
2151,-1.1240894437491988e-07
3787,-1.1248387110640579e-07
6784,-1.1259726662160574e-07
1028,-1.1263747978773608e-07
625,-1.1276280531546945e-07
3869,-1.1280762990395488e-07
56,-1.1302122615575172e-07
9799,-1.1304661384770043e-07
9053,-1.130661431147928e-07
1708,-1.1306620706363901e-07
5751,-1.1315750114704315e-07
897,-1.1326743987183363e-07
8067,-1.1340812022808677e-07
7912,-1.1344308603611353e-07
6758,-1.1345730044354241e-07
9578,-1.1346286044044973e-07
8339,-1.1353312245887537e-07
8564,-1.135343730140903e-07
3514,-1.135948721753266e-07
1080,-1.13603285001318e-07
9567,-1.1369451158316224e-07
8131,-1.1375471942187687e-07
8356,-1.1378037356735149e-07
3674,-1.1383117026753098e-07
4725,-1.1398514487837019e-07
1098,-1.1407679423314221e-07
345,-1.1415800926783959e-07
4907,-1.1422688928064417e-07
5395,-1.1425196433378915e-07
997,-1.1430724455863128e-07
3202,-1.1435676583460008e-07
7286,-1.1443312786241222e-07
4542,-1.1444351599720903e-07
2718,-1.1444956982131771e-07
6608,-1.1473340677525812e-07
8581,-1.1488435092132931e-07
5134,-1.1493056106814947e-07
5831,-1.1494389795529969e-07
6424,-1.1512105757560676e-07
6123,-1.1513494868609087e-07
8572,-1.153300956957537e-07
214,-1.1549030531909921e-07
8702,-1.1551280820754073e-07
3293,-1.1558309154224844e-07
1558,-1.156377464894831e-07
3966,-1.1567974667059389e-07
3221,-1.1570711677677536e-07
5913,-1.1571016500511178e-07
3697,-1.157189934986036e-07
5604,-1.1573453662094835e-07
7265,-1.1574504910072392e-07
5024,-1.1581543546412831e-07
9529,-1.1587535908574864e-07
7215,-1.1603527028114513e-07
8650,-1.1605145644466575e-07
9980,-1.1611010464207538e-07
8168,-1.1614091022238426e-07
221,-1.162524476683302e-07
5297,-1.162726768200173e-07
543,-1.164649958695918e-07
8850,-1.1657083121008327e-07
5212,-1.1677055056225072e-07
6409,-1.1681476053126971e-07
5609,-1.1682666567480737e-07
4084,-1.1689254719726705e-07
5104,-1.1693285273395304e-07
5391,-1.1694820400975914e-07
5397,-1.1705912683623865e-07
9086,-1.1707211555744834e-07
3442,-1.1709109770663417e-07
3481,-1.170926182680887e-07
1583,-1.1711268044223289e-07
9415,-1.1711576775041976e-07
3219,-1.1750450212844044e-07
5948,-1.175585033763582e-07
40,-1.1763392038233178e-07
7123,-1.1772429786560679e-07
8150,-1.1773224528610626e-07
7523,-1.1789207476908814e-07
7815,-1.1790187315341427e-07
5159,-1.1793442666885312e-07
1613,-1.179472164380968e-07
3212,-1.1795403409564642e-07
6754,-1.1811776445824762e-07
3148,-1.1812124611765284e-07
5578,-1.1824657519809989e-07
2567,-1.1833062529831295e-07
9971,-1.1873994765210227e-07
6601,-1.1883568973303227e-07
8662,-1.1896512219777833e-07
9809,-1.1897136786842566e-07
1963,-1.190080283208772e-07
9090,-1.1914025677128848e-07
6460,-1.1923256337809107e-07
6558,-1.1930320198416666e-07
4082,-1.1945688527248421e-07
499,-1.1947169653581113e-07
512,-1.1951296485790408e-07
7675,-1.1959728496435673e-07
7335,-1.196907000178271e-07
2909,-1.1969890323371146e-07
4733,-1.1974432112538125e-07
59,-1.197652110818126e-07
5041,-1.1981614989053924e-07
6438,-1.1983364345269365e-07
3191,-1.1995199145076185e-07
546,-1.1995610904591558e-07
2951,-1.199578001376267e-07
3482,-1.2004121074937757e-07
8297,-1.200755441743695e-07
383,-1.2009770600229785e-07
5075,-1.2019346229408256e-07
2077,-1.20233895728461e-07
7359,-1.2052908715531885e-07
8328,-1.2064644394627067e-07
2997,-1.2066962895573852e-07
7338,-1.2079195954584065e-07
583,-1.2082125522283604e-07
9760,-1.210150912811514e-07
4137,-1.211240032716887e-07
174,-1.2121023473810055e-07
3052,-1.2122614378995422e-07
9327,-1.2128694493185321e-07
3102,-1.213198927985104e-07
7027,-1.2135400950796793e-07
4539,-1.2140110072778043e-07
4422,-1.214033495955391e-07
8932,-1.2154248452134198e-07
4699,-1.2163687301836035e-07
7389,-1.2167875595991973e-07
966,-1.2178168873333561e-07
6495,-1.2182002961935723e-07
5547,-1.2184288067373927e-07
1410,-1.220979086724583e-07
5850,-1.2218848155498563e-07
2673,-1.2222202272482718e-07
4412,-1.222651917487383e-07
6240,-1.2232907664611048e-07
573,-1.225203192234403e-07
990,-1.2264700899322634e-07
1145,-1.22685946735146e-07
4826,-1.2271220128923233e-07
8254,-1.2279645744683876e-07
3223,-1.227990296115422e-07
5390,-1.2295630114067535e-07
1624,-1.2305358865205562e-07
1545,-1.2305616081675907e-07
6976,-1.232687694141532e-07
5215,-1.2328078113910124e-07
181,-1.2333430987609972e-07
8083,-1.2354941247849638e-07
8476,-1.23555743414272e-07
7596,-1.2377298830301697e-07
9020,-1.2394991344422124e-07
6866,-1.2409167027271906e-07
7043,-1.242568998804927e-07
4094,-1.2426949069777038e-07
9597,-1.243061547029356e-07
3577,-1.243606035927769e-07
9049,-1.2453531894607295e-07
1608,-1.246751750727526e-07
1203,-1.2469553212213214e-07
6168,-1.2472942145791421e-07
8033,-1.2475473454287567e-07
2424,-1.2486233202935182e-07
2757,-1.2487561207308318e-07
9306,-1.248792429464629e-07
1820,-1.2491295819927473e-07
9601,-1.2495496193309918e-07
1900,-1.250497447813359e-07
296,-1.2506668056744275e-07
3727,-1.2509271840599467e-07
5658,-1.2512392544294926e-07
4220,-1.2516122893657666e-07
9289,-1.2517936198719326e-07
993,-1.2521947923005428e-07
947,-1.2525448056521782e-07
2818,-1.2525945436436814e-07
3685,-1.2530981052805146e-07
8029,-1.253131216572001e-07
6470,-1.2554741601888963e-07
2526,-1.2557179474015356e-07
7988,-1.2570205853990046e-07
8424,-1.2572007790367934e-07
4399,-1.258173512042049e-07
8233,-1.2590290765501777e-07
1540,-1.2608313681994332e-07
5565,-1.2611074851065496e-07
2431,-1.261432700516707e-07
2687,-1.2618502864825132e-07
1763,-1.2650056646634766e-07
2845,-1.2651585734602122e-07
4361,-1.2666460236232524e-07
4855,-1.2672198579366523e-07
9833,-1.2674911431531655e-07
3499,-1.2681607586273458e-07
2462,-1.2689444872648892e-07
2080,-1.2696933993083803e-07
1791,-1.2717472941403685e-07
3392,-1.2735427645793607e-07
6915,-1.274144523222276e-07
3675,-1.2756935774405065e-07
7910,-1.2766894030846743e-07
8512,-1.2768698098852838e-07
1891,-1.2785912417712098e-07
2516,-1.278824157679992e-07
8989,-1.2795221948636026e-07
6211,-1.279586001601274e-07
5437,-1.2802059501382246e-07
267,-1.2805964644257983e-07
6210,-1.2807051774643696e-07
3272,-1.2822832218262192e-07
1910,-1.2851132069613413e-07
2579,-1.285302992926063e-07
5610,-1.2867175769315509e-07
2731,-1.2873782750943974e-07
1230,-1.287532001015279e-07
3990,-1.2875543831114555e-07
4497,-1.2884753175512742e-07
3957,-1.2901733725811937e-07
8511,-1.2919491609864053e-07
5528,-1.2924709835715475e-07
7760,-1.2925015369091852e-07
2630,-1.294068141532989e-07
3112,-1.294189004852342e-07
8208,-1.2948492411624102e-07
7534,-1.2959766593212407e-07
4374,-1.2961989170889865e-07
4005,-1.2980401464801616e-07
636,-1.2983935704369287e-07
9319,-1.2986905773004764e-07
8875,-1.2990955866598597e-07
8283,-1.2993643139225242e-07
745,-1.300234586665283e-07
4197,-1.300894894029625e-07
3245,-1.3012567734449476e-07
7639,-1.3018103572903783e-07
4849,-1.3026832590412596e-07
8999,-1.3039248614177268e-07
9393,-1.3047900182527883e-07
1923,-1.3061283254955924e-07
8606,-1.3087945660572586e-07
9183,-1.3089236006180727e-07
1479,-1.3117289654474007e-07
8235,-1.3117585240252083e-07
8928,-1.3123514719382e-07
204,-1.3138627252828883e-07
5612,-1.3150352629054396e-07
4236,-1.3160646261667353e-07
4258,-1.316211637458764e-07
6724,-1.3165358581090914e-07
4398,-1.3206182103431274e-07
4355,-1.3208792637442457e-07
9279,-1.320887434985707e-07
1134,-1.320986982022987e-07
9764,-1.322205989140457e-07
3156,-1.3222327055473215e-07
7642,-1.3223077388602178e-07
5205,-1.3224261152799954e-07
9750,-1.32260602470069e-07
1887,-1.3236238061153927e-07
9026,-1.3238055629472e-07
2296,-1.3241406549013846e-07
7404,-1.325314329392313e-07
1244,-1.3255237263365416e-07
7365,-1.3262091869137294e-07
2758,-1.3263745302083407e-07
9038,-1.3271786514224004e-07
8596,-1.3274448207312162e-07
660,-1.327546925722345e-07
4231,-1.3278598487431736e-07
5513,-1.3300500967261542e-07
5247,-1.3304408241765486e-07
3290,-1.3309095692193296e-07
6684,-1.3310336299809933e-07
5795,-1.331261572090625e-07
7654,-1.3314581082113364e-07
7462,-1.3317044533778244e-07
6596,-1.33251027989445e-07
6780,-1.3325848158274312e-07
5059,-1.3328340742191358e-07
1686,-1.3346036809025463e-07
8575,-1.334881574166502e-07
7284,-1.3352823202694708e-07
8946,-1.3360215689317556e-07
9940,-1.336462105427927e-07
5865,-1.3368349982556538e-07
8615,-1.3377495378108506e-07
9169,-1.3378484453596684e-07
4553,-1.3382373964532235e-07
548,-1.338854858090599e-07
5049,-1.339107740250256e-07
2248,-1.339777924158625e-07
6277,-1.3403740695139277e-07
1902,-1.3405320231640871e-07
2167,-1.3410654275958223e-07
5555,-1.3410885202347345e-07
1186,-1.3418443245427625e-07
2846,-1.3454490499498206e-07
8322,-1.3467911230691243e-07
1368,-1.3476273608148404e-07
6880,-1.3481399463444177e-07
6055,-1.3483573013672867e-07
5918,-1.3505595575225016e-07
2509,-1.3511700558410666e-07
8604,-1.352514189534304e-07
6302,-1.3532962128692816e-07
8288,-1.3538048904138122e-07
3913,-1.353805600956548e-07
5179,-1.35391353239811e-07
7263,-1.3547200694574713e-07
8887,-1.3551150601642803e-07
3071,-1.3553454181192137e-07
7573,-1.3555974476275878e-07
8036,-1.3561857770127972e-07
3037,-1.3562396361521678e-07
9796,-1.3567017731475062e-07
9780,-1.357404144641805e-07
8868,-1.3574575774555342e-07
2001,-1.3575331081483455e-07
2998,-1.3577034962963808e-07
3206,-1.3585125202553172e-07
9363,-1.3597049530744698e-07
381,-1.360687988949394e-07
9100,-1.3621563255128422e-07
8038,-1.363058785841531e-07
4313,-1.3633096074272544e-07
4807,-1.3637358620144369e-07
6172,-1.3649467689447192e-07
9883,-1.3653198749352669e-07
9056,-1.3661271935916375e-07
437,-1.3676086751956973e-07
5189,-1.3691730771370203e-07
1626,-1.3700660872473236e-07
9538,-1.370384268284397e-07
41,-1.3707810353480454e-07
9982,-1.3714942070919278e-07
4080,-1.3718518943051095e-07
7133,-1.3727078851388796e-07
3699,-1.3734695869516145e-07
2949,-1.3736975290612463e-07
8542,-1.3738662829609893e-07
3471,-1.3742166515839926e-07
1167,-1.37490687279751e-07
7810,-1.3750343441643054e-07
1778,-1.3824819689034484e-07
7807,-1.382954124551361e-07
973,-1.383323819936777e-07
3259,-1.3855642322369022e-07
2833,-1.3871174786572738e-07
4445,-1.3873133752895228e-07
1444,-1.3876534410428576e-07
2596,-1.388927017842434e-07
1185,-1.3900911710607033e-07
3187,-1.3916780261524764e-07
489,-1.3917168928401225e-07
3846,-1.3926861441859728e-07
5643,-1.393112611935976e-07
8170,-1.3940064036432886e-07
780,-1.3942246823717142e-07
2569,-1.3945217602895355e-07
5516,-1.3967769518785644e-07
3925,-1.3969510348488257e-07
8904,-1.397506039779728e-07
2963,-1.3976067947396587e-07
858,-1.3984194424665475e-07
1885,-1.3993983571936042e-07
6845,-1.4016550409223782e-07
2841,-1.4017116711784183e-07
7007,-1.4024519856548068e-07
4369,-1.402814433504318e-07
3911,-1.4032109163508721e-07
5905,-1.4049710017616235e-07
8965,-1.4062270281556266e-07
4897,-1.4073186349605749e-07
3696,-1.4075455823103766e-07
4610,-1.4078639765102707e-07
6557,-1.4094860745217375e-07
3043,-1.4100482559342709e-07
3513,-1.4102496947998588e-07
2483,-1.4115040158912961e-07
4799,-1.4146561966299487e-07
8448,-1.414796741983082e-07
3822,-1.415752137745585e-07
5678,-1.416073587279243e-07
2520,-1.4171316564670633e-07
1814,-1.4201813769432192e-07
8314,-1.4204034926024178e-07
9167,-1.4206113974069012e-07
772,-1.4217868482546692e-07
4167,-1.421939188617216e-07
8804,-1.4238316481396396e-07
215,-1.4242533552533132e-07
911,-1.4244427148923933e-07
1552,-1.4264512060435663e-07
7847,-1.4288109895232992e-07
8818,-1.4293968320089334e-07
3629,-1.429610421155303e-07
3088,-1.4306223761195724e-07
6679,-1.4307706663885256e-07
6243,-1.4308628948356272e-07
4627,-1.430946383607079e-07
4075,-1.4311029872260406e-07
1008,-1.4319672203555456e-07
921,-1.432883180996214e-07
1654,-1.4332437814346122e-07
7314,-1.4339837406396327e-07
5782,-1.4349938481927893e-07
2421,-1.4378539958670444e-07
3207,-1.4380817248138555e-07
4459,-1.438672896370008e-07
2212,-1.4387035918161928e-07
6165,-1.4387332925025476e-07
8031,-1.4407245885195152e-07
4884,-1.4413141258273754e-07
3524,-1.4417102534025616e-07
6953,-1.4417721416748464e-07
4976,-1.4437429030067506e-07
9084,-1.443889630081685e-07
283,-1.4480337995337322e-07
7024,-1.4499003242463004e-07
3940,-1.450585642714941e-07
8392,-1.451639946026262e-07
3669,-1.45359329906114e-07
3352,-1.4537220494048597e-07
5124,-1.4538214543335926e-07
6155,-1.4538680659370584e-07
1418,-1.454820335311524e-07
1854,-1.4551281424246554e-07
4065,-1.4571118356343504e-07
554,-1.457958020978367e-07
8969,-1.4626571953613166e-07
5811,-1.464566423692304e-07
7895,-1.4648498591895986e-07
1637,-1.4655296354249003e-07
6452,-1.4670826686824512e-07
4593,-1.4679696391795005e-07
2471,-1.468076646915506e-07
797,-1.4693523553432897e-07
155,-1.4694115435531785e-07
1653,-1.4714300533569258e-07
3373,-1.4719970664600623e-07
5130,-1.473232060789087e-07
9889,-1.4732603403899702e-07
3952,-1.4734741426991604e-07
222,-1.474136155366068e-07
1967,-1.4777528889453606e-07
3928,-1.4803344328129242e-07
5756,-1.482995202195525e-07
6095,-1.4836987816124747e-07
6278,-1.4839847040093446e-07
137,-1.4846798990220123e-07
3365,-1.4847730511746704e-07
1606,-1.4851313778763142e-07
2399,-1.4855340424446695e-07
5295,-1.4861440433833195e-07
4951,-1.4864249209267655e-07
7246,-1.486896437086216e-07
6400,-1.4884074772680833e-07
9585,-1.4920820490260667e-07
6900,-1.493511163630501e-07
9740,-1.4941205250806888e-07
4887,-1.4943032766723263e-07
369,-1.4959886840415493e-07
8020,-1.4973806372609033e-07
8340,-1.497458939070384e-07
7508,-1.4992802022106844e-07
7546,-1.4998043695868546e-07
5979,-1.5008028952934183e-07
2390,-1.502573283573838e-07
8225,-1.5026928679162666e-07
5849,-1.5029633004814968e-07
6949,-1.5035519140838005e-07
2263,-1.5050896706725325e-07
5758,-1.5051393376097622e-07
7438,-1.5053358737304734e-07
5598,-1.5076175685635462e-07
1498,-1.5076548720571736e-07
4439,-1.5078619952646477e-07
6428,-1.509861249360256e-07
335,-1.5112641449377406e-07
5282,-1.5115492857376012e-07
7113,-1.5119153573550648e-07
3504,-1.512220819677168e-07
7705,-1.5124010843692304e-07
3599,-1.5130038377719757e-07
1894,-1.5132267350281836e-07
9970,-1.513405649689048e-07
7060,-1.513497664973329e-07
1442,-1.5142081366548155e-07
5501,-1.5150748566838956e-07
4823,-1.5169054279340344e-07
9735,-1.517258070293792e-07
7998,-1.5190144608823175e-07
6730,-1.5208559034363134e-07
9138,-1.520993890835598e-07
1800,-1.5221660021325079e-07
1512,-1.522715820101439e-07
7378,-1.522725696645466e-07
3073,-1.5247602647150416e-07
7839,-1.5285174725931938e-07
1615,-1.5291010413420736e-07
8781,-1.530116193748654e-07
3551,-1.5303677969313867e-07
7099,-1.5305749911931343e-07
277,-1.5307038125911276e-07
485,-1.5310638445953373e-07
9206,-1.531651605546358e-07
7717,-1.5331559666265093e-07
7753,-1.5358009619603763e-07
8798,-1.535863844992491e-07
6431,-1.5359702132400344e-07
3802,-1.53635838273658e-07
4781,-1.5363794858558322e-07
8791,-1.5369774075679743e-07
2071,-1.5380256712660412e-07
9322,-1.5381444029571867e-07
3451,-1.541529570658895e-07
113,-1.541810590310888e-07
9022,-1.5423529475810938e-07
2703,-1.5432334521392477e-07
9769,-1.5449800372380196e-07
8532,-1.5472454606424435e-07
230,-1.54824483900029e-07
6616,-1.549558703572984e-07
4204,-1.5515085038941834e-07
1207,-1.551651536146892e-07
6085,-1.5522661556133244e-07
6248,-1.5525252194947825e-07
9247,-1.5534673281081268e-07
5380,-1.554379949197937e-07
2657,-1.5557262855736553e-07
726,-1.556744422259726e-07
2719,-1.5577219869555847e-07
5767,-1.558762292575011e-07
8027,-1.5600833336293363e-07
9371,-1.560206044359802e-07
9127,-1.561465765576031e-07
7684,-1.5627845328936019e-07
3438,-1.5628455685146037e-07
2126,-1.564420628596963e-07
3437,-1.566685057241557e-07
9076,-1.566849618939159e-07
5472,-1.5670288178171177e-07
9761,-1.5675623643574e-07
7585,-1.5697776234446792e-07
2351,-1.5703714950632275e-07
9439,-1.572092003243597e-07
5305,-1.5725812829714414e-07
6777,-1.573139911670296e-07
597,-1.5737958847239497e-07
5476,-1.57579378878836e-07
8007,-1.5761509786216266e-07
443,-1.5786876872425637e-07
4081,-1.5793028751431848e-07
3640,-1.5823871990505722e-07
6889,-1.5828731392275586e-07
2502,-1.5860101854059394e-07
5433,-1.5861241564607553e-07
5089,-1.5870838865339465e-07
2671,-1.5873720826675708e-07
6444,-1.5897180105639563e-07
1539,-1.589726110751144e-07
7470,-1.5903543015838295e-07
1754,-1.5907276207371979e-07
8998,-1.591066123296514e-07
413,-1.5911013662162077e-07
856,-1.5924830165658932e-07
2408,-1.5943371067805856e-07
6124,-1.5944842601811615e-07
2470,-1.5953038001725872e-07
4447,-1.5954179133359503e-07
7767,-1.5977558831536953e-07
6290,-1.5982180201490337e-07
8919,-1.5985193613232695e-07
5984,-1.5986527301947717e-07
5064,-1.598828305304778e-07
9457,-1.6003738068093298e-07
4068,-1.604529700216517e-07
9626,-1.605443031849063e-07
2206,-1.6059442486948683e-07
8323,-1.6063526686593832e-07
3363,-1.607253281576959e-07
5491,-1.609713109473887e-07
3311,-1.6099077271292117e-07
6917,-1.6107924238895066e-07
1208,-1.6119651746748787e-07
8715,-1.6126190871545987e-07
6376,-1.6137100544710847e-07
8407,-1.614797113802524e-07
3032,-1.6171548367083233e-07
1710,-1.6192635143852385e-07
2713,-1.6203266284264828e-07
358,-1.620368479393619e-07
6365,-1.6224298349243327e-07
4124,-1.623450529564252e-07
8496,-1.6262949031897733e-07
777,-1.6267131996983153e-07
2127,-1.626990098202441e-07
5790,-1.6270349334490675e-07
4687,-1.6274344716293854e-07
7664,-1.6280723968975508e-07
3377,-1.6297439486834264e-07
4060,-1.6301621741376948e-07
8139,-1.631080834840759e-07
5140,-1.631656516565272e-07
4558,-1.6325436291708684e-07
5685,-1.63292277477467e-07
898,-1.6335476260564974e-07
6806,-1.6341636666084014e-07
9005,-1.6362742627507032e-07
3092,-1.636567716900572e-07
5737,-1.6407048519795353e-07
9783,-1.6437007133163206e-07
1057,-1.6445046924218332e-07
2922,-1.6447719275447525e-07
7652,-1.6447935280439197e-07
8492,-1.6449874351565086e-07
2791,-1.6455243923019225e-07
9466,-1.6480162656762332e-07
9575,-1.6509032718659e-07
5538,-1.655402925848648e-07
1736,-1.657509969277271e-07
6220,-1.659560027178486e-07
1783,-1.6599787500126695e-07
5560,-1.663039412846956e-07
9998,-1.6636501953826155e-07
2840,-1.6646454525925947e-07
7328,-1.665311870624464e-07
6281,-1.6722141538139113e-07
656,-1.674070873036726e-07
4914,-1.6749695674889153e-07
1870,-1.6755542731061723e-07
3526,-1.6805245195428142e-07
6379,-1.6815683068216458e-07
8493,-1.6832641591690845e-07
601,-1.6832820648460256e-07
5423,-1.683736314816997e-07
8080,-1.6841469374639928e-07
5617,-1.6854812656674767e-07
5625,-1.685864319256325e-07
9366,-1.686630497488295e-07
9847,-1.686700557002041e-07
9437,-1.6874295027946573e-07
6635,-1.6893347520863244e-07
1100,-1.690410869059633e-07
6355,-1.6924226997616643e-07
2672,-1.6925774559695128e-07
1127,-1.692631030891789e-07
2676,-1.6947872438777267e-07
5356,-1.6977183037170107e-07
5262,-1.6978619044039078e-07
7313,-1.6979576145104147e-07
8745,-1.6996638407817954e-07
2766,-1.7010400199524156e-07
4756,-1.704770369315156e-07
7724,-1.7054698275842384e-07
8316,-1.705483612113312e-07
7594,-1.705754115732816e-07
8099,-1.7076104086299893e-07
9829,-1.7078332348319236e-07
2878,-1.707884109691804e-07
8846,-1.7087681669636368e-07
5801,-1.7102512117617152e-07
7310,-1.710658139586485e-07
7908,-1.7106870586758305e-07
5015,-1.7133615415332315e-07
5352,-1.7149517361758626e-07
2435,-1.716268371865226e-07
9259,-1.717568025583205e-07
2415,-1.7193833201645248e-07
3396,-1.7216073899817275e-07
1656,-1.7240568439547133e-07
557,-1.7259132789604337e-07
6435,-1.726600658003008e-07
9122,-1.7272110852672995e-07
2967,-1.7274722097226913e-07
1125,-1.7287148068589886e-07
4846,-1.7292047971295688e-07
7658,-1.7299306875884213e-07
690,-1.7310638611434115e-07
7958,-1.7320985534752253e-07
8144,-1.7325970702586346e-07
7957,-1.7333165658328653e-07
6282,-1.7335886326463879e-07
6442,-1.733886421106945e-07
5335,-1.7347444014603752e-07
871,-1.7361863768883268e-07
8119,-1.7373160687839118e-07
7330,-1.7376273575564483e-07
3821,-1.7379830552499698e-07
3070,-1.7386300044108793e-07
3128,-1.738921469041088e-07
3025,-1.7389795914368733e-07
1873,-1.739694894808963e-07
6984,-1.741844855018826e-07
8025,-1.742549216032785e-07
3688,-1.7434940957627987e-07
3478,-1.7437719890267545e-07
7156,-1.7442122413058314e-07
3424,-1.747603732837888e-07
714,-1.7509288596784245e-07
6648,-1.7538293661800708e-07
5292,-1.758501255721967e-07
5691,-1.7588394030099153e-07
547,-1.7594673096255065e-07
8427,-1.7598720347677954e-07
416,-1.7599767687670465e-07
1103,-1.7615288783190408e-07
5163,-1.763780161923023e-07
7364,-1.7652253347932856e-07
9016,-1.7654531347943703e-07
9207,-1.766193733487853e-07
8341,-1.7666943818994696e-07
876,-1.769712838495252e-07
6358,-1.769823967379125e-07
8819,-1.7713887245918158e-07
1420,-1.7716212141749565e-07
979,-1.7717036371323047e-07
4003,-1.7735956703290867e-07
3099,-1.7747976244208985e-07
800,-1.7760724091431257e-07
7171,-1.7791530382282872e-07
8206,-1.779288325565176e-07
1319,-1.781757674734763e-07
4367,-1.7825291820372513e-07
280,-1.7828179466050642e-07
7125,-1.7837178489799044e-07
3130,-1.78714131493507e-07
2694,-1.7872292801257572e-07
3584,-1.7890537407083684e-07
1502,-1.789668502283348e-07
3356,-1.7898836546237362e-07
9899,-1.790950889812848e-07
6692,-1.791767019199142e-07
4877,-1.7940651275694108e-07
6319,-1.79438401914922e-07
1431,-1.7954626940763774e-07
1579,-1.7962265275173195e-07
558,-1.7963476750537666e-07
5018,-1.7980699595909755e-07
5466,-1.7986573652706284e-07
4886,-1.800096640636184e-07
3203,-1.8014122105114438e-07
919,-1.8044448779619415e-07
578,-1.806882821142608e-07
9116,-1.8093756892767487e-07
2945,-1.810712646488355e-07
1819,-1.8129892254137303e-07
1631,-1.8130047862996435e-07
2022,-1.8131019885458954e-07
693,-1.8131162704548842e-07
3834,-1.8147550662206413e-07
924,-1.8161481563083726e-07
6373,-1.8177660621176983e-07
3132,-1.8196496398559248e-07
1432,-1.8198726792206799e-07
6539,-1.8198753792830757e-07
5730,-1.8205605556431692e-07
3466,-1.8210209873359418e-07
190,-1.8214745267641774e-07
746,-1.8238038279605462e-07
6683,-1.824615480927605e-07
9185,-1.8248272226628615e-07
6264,-1.8253700773129822e-07
6799,-1.8254125677685806e-07
6827,-1.8261129497432194e-07
9907,-1.829657279017738e-07
9595,-1.8311644112145586e-07
8453,-1.83297814260186e-07
8364,-1.8341423668744028e-07
475,-1.8349485486623962e-07
351,-1.83602814729511e-07
2893,-1.83663715347393e-07
2227,-1.8371309096210098e-07
8478,-1.8373080479250348e-07
7303,-1.837689111994223e-07
2720,-1.837931407067117e-07
2325,-1.8394508316532665e-07
5939,-1.839908776446464e-07
404,-1.8414744573647113e-07
2743,-1.8428193016006844e-07
6049,-1.8428674053438954e-07
6973,-1.8431421011655402e-07
9693,-1.845642998432595e-07
10,-1.850911033329794e-07
7952,-1.852110429467757e-07
2133,-1.853809408203233e-07
1607,-1.8554090530642497e-07
3995,-1.8557821590547974e-07
7770,-1.8563046211284018e-07
5912,-1.8565055626140747e-07
2660,-1.8575990878844095e-07
1803,-1.8594036532704195e-07
1831,-1.861137874925589e-07
675,-1.8622807829160593e-07
1827,-1.8635741128036898e-07
7844,-1.863756082798318e-07
2191,-1.8641004118080673e-07
751,-1.865575356418958e-07
5116,-1.866289451868397e-07
7755,-1.86777576516306e-07
8486,-1.8690296599288558e-07
3978,-1.872594665996985e-07
6105,-1.8731336837163326e-07
8707,-1.8746938934555146e-07
6979,-1.876641491094233e-07
4911,-1.8787687139365516e-07
1403,-1.8817835467643818e-07
5804,-1.8824206904355378e-07
2946,-1.8833173243137935e-07
7482,-1.8836276893807735e-07
1413,-1.885946829816021e-07
5910,-1.8876680485391262e-07
2094,-1.8888435704411677e-07
1046,-1.8932878020905264e-07
9079,-1.8934922252356046e-07
3597,-1.8944444946100703e-07
2633,-1.8950526481376073e-07
133,-1.8963173431529867e-07
6307,-1.8970184356703612e-07
7048,-1.8979700655563647e-07
7972,-1.8992915329363314e-07
7157,-1.9000578532768486e-07
7484,-1.9021869945845538e-07
9450,-1.9022211716901438e-07
484,-1.9030122189178655e-07
9960,-1.9037180720715696e-07
3439,-1.9040840726347597e-07
7497,-1.9048979993385728e-07
9194,-1.906581346133862e-07
6273,-1.9104346904441627e-07
8359,-1.9112158611278574e-07
7476,-1.9113779359258842e-07
5402,-1.9139064022510865e-07
653,-1.9141263152278043e-07
6958,-1.9153117847281464e-07
2247,-1.9159760711318086e-07
5579,-1.9174633791863016e-07
9476,-1.9182107990900477e-07
6894,-1.918994385619044e-07
1299,-1.919023020491295e-07
4353,-1.9240250281882254e-07
4753,-1.9248475524591413e-07
1214,-1.9277609908385784e-07
4568,-1.9287329422468247e-07
7644,-1.929571169512201e-07
3803,-1.9329172573634423e-07
1702,-1.9349288749026528e-07
3963,-1.935049169787817e-07
8253,-1.9372779291870756e-07
1658,-1.9389368333122547e-07
3474,-1.9414680707541265e-07
2637,-1.9441773702055798e-07
3234,-1.9451829302852275e-07
3089,-1.946893206650202e-07
8313,-1.9477896984199106e-07
1040,-1.9484854618667669e-07
1572,-1.9486189017925426e-07
592,-1.951377797126952e-07
497,-1.951693349155903e-07
8143,-1.951701733560185e-07
5874,-1.9537477413678062e-07
7144,-1.9545142748711442e-07
4263,-1.9552599184180508e-07
1920,-1.9557020181082407e-07
2207,-1.9568397391367398e-07
7806,-1.956997053298437e-07
4816,-1.9591713851241366e-07
3058,-1.9603156431458046e-07
4716,-1.9604905077130752e-07
1723,-1.961248514703584e-07
9382,-1.9614637380982458e-07
1629,-1.9624040703547507e-07
6761,-1.966427731758813e-07
3885,-1.9666379813543244e-07
559,-1.9679035290209868e-07
9747,-1.9679395535376898e-07
5635,-1.9681367291468632e-07
5414,-1.9699777453752176e-07
1593,-1.9735077927407474e-07
4691,-1.9740949852575795e-07
670,-1.9765787584447025e-07
3010,-1.9770173054212137e-07
4269,-1.9786397587040483e-07
6617,-1.9794192951394507e-07
4642,-1.9800452832896553e-07
2994,-1.9810987339496933e-07
3610,-1.983508965963665e-07
3296,-1.9849711208053122e-07
2398,-1.9852218002824884e-07
8070,-1.9877802515111398e-07
7251,-1.9887954749719938e-07
3707,-1.9900100767245021e-07
6612,-1.993212137563205e-07
1391,-1.9945047569080998e-07
7544,-1.9964845421327482e-07
4345,-1.9987015065225933e-07
4810,-1.9987027854995176e-07
7494,-1.9998085321049075e-07
1009,-2.0005894185715078e-07
2062,-2.0010404000458948e-07
9269,-2.001845942345426e-07
45,-2.001923036232256e-07
6010,-2.0046589810363002e-07
3627,-2.0058112681908824e-07
3898,-2.005957142614534e-07
9356,-2.006620931638281e-07
8859,-2.0078074669527268e-07
3915,-2.0083957252836626e-07
2514,-2.0090416086304685e-07
4615,-2.010478254987902e-07
564,-2.0109197151896296e-07
5974,-2.01135904376315e-07
110,-2.0115082577376597e-07
6030,-2.0117615662229582e-07
3410,-2.016018925132812e-07
619,-2.016064684084995e-07
1018,-2.0181092708071446e-07
8059,-2.018490619093427e-07
9887,-2.020299376681578e-07
1683,-2.0213740015151416e-07
4891,-2.0218285357032073e-07
2652,-2.0234027431342838e-07
5392,-2.0241079567995257e-07
5969,-2.0243972898015272e-07
8161,-2.0250381282949093e-07
9128,-2.0283764001760574e-07
6078,-2.0292493019269386e-07
7920,-2.0295476588216843e-07
6005,-2.029904848654951e-07
7648,-2.0314530502218986e-07
5769,-2.0316025484135025e-07
3047,-2.0327227190364283e-07
8864,-2.033739008311386e-07
1104,-2.0341989426242435e-07
3498,-2.0355031438157312e-07
9073,-2.0437909853399105e-07
1401,-2.0438329073613204e-07
7317,-2.0464057826075077e-07
6003,-2.0471246386932762e-07
1058,-2.048444756042045e-07
4730,-2.0485380503032502e-07
8772,-2.0502447029002724e-07
1233,-2.0530541178231942e-07
1158,-2.0533298084046692e-07
577,-2.0546233514551204e-07
7276,-2.056133538985705e-07
5592,-2.0574977810383643e-07
2646,-2.0581118320706082e-07
1075,-2.0581779835993075e-07
9768,-2.0587610549682722e-07
2282,-2.059022179423664e-07
886,-2.0593773797372705e-07
8927,-2.060178871943208e-07
3529,-2.0601985539769885e-07
4255,-2.0612303330835857e-07
8388,-2.0620858975917145e-07
3938,-2.0634973196820283e-07
8484,-2.0641152076450453e-07
8190,-2.0649225973556895e-07
4380,-2.0654015031595918e-07
1983,-2.066032749326041e-07
3843,-2.0666116995471384e-07
7687,-2.0668903744081035e-07
7667,-2.0680864309952085e-07
7574,-2.0692715452241828e-07
1776,-2.0696322167168546e-07
7695,-2.0696960945087994e-07
7788,-2.0715388870939933e-07
7377,-2.073136684543897e-07
8461,-2.0737071082521652e-07
9407,-2.07606355218104e-07
1648,-2.079078242900323e-07
2585,-2.0794313826399957e-07
4194,-2.0799451760922238e-07
5253,-2.0807432576930296e-07
2887,-2.0808172251918222e-07
7778,-2.0876631623423236e-07
741,-2.0895154762001766e-07
7191,-2.0927646460222604e-07
4022,-2.0933129718514465e-07
6506,-2.0969687852812058e-07
6538,-2.0974596992573424e-07
2132,-2.1023571861178425e-07
9413,-2.1034203001590868e-07
282,-2.1049621778956862e-07
4245,-2.108624457264341e-07
4494,-2.1103321756754667e-07
7991,-2.1125551086242922e-07
6678,-2.1130943395064605e-07
926,-2.1137284278438528e-07
3066,-2.1137301331464187e-07
1883,-2.1139357642141476e-07
6522,-2.1139627648381065e-07
6626,-2.1145790185528313e-07
7493,-2.1147075557337303e-07
3033,-2.115319119866399e-07
5221,-2.11577713571387e-07
7309,-2.116536279572756e-07
8917,-2.11703905961258e-07
4541,-2.1216622769770765e-07
350,-2.122033393447964e-07
8719,-2.1250458814847661e-07
7542,-2.12600447468958e-07
1050,-2.126332461216407e-07
6755,-2.1267322125595456e-07
3063,-2.1268707683930188e-07
6201,-2.1269473648999337e-07
6131,-2.127653004890817e-07
2809,-2.130117877641169e-07
3810,-2.1314615850087648e-07
7939,-2.1344160217040553e-07
3899,-2.1367128510973998e-07
1054,-2.1395182159267279e-07
273,-2.1402581040774749e-07
2195,-2.1421515583597284e-07
9650,-2.1457309884453935e-07
4349,-2.1473825739803942e-07
6998,-2.1483139533984286e-07
1570,-2.149059810108156e-07
7374,-2.1497658764246808e-07
8443,-2.1523389648336888e-07
527,-2.1526257398818416e-07
1673,-2.15659845537175e-07
6206,-2.1566259533756238e-07
8738,-2.1591745991145217e-07
5951,-2.1614170719885806e-07
1569,-2.1618092915787201e-07
6109,-2.1639119296423814e-07
7435,-2.1643847247787562e-07
2459,-2.164781776059499e-07
4871,-2.1668277838671202e-07
731,-2.168958488368844e-07
708,-2.1700822117054486e-07
2479,-2.1704589414639486e-07
2258,-2.1727564103457553e-07
7665,-2.1791567661466615e-07
5799,-2.1794325988366836e-07
3403,-2.1852486042917008e-07
9901,-2.1853500697943673e-07
5838,-2.1878142320019833e-07
7901,-2.1897362501022144e-07
8127,-2.1898262758668352e-07
4861,-2.1903267821699046e-07
3267,-2.1904703118025282e-07
1416,-2.191848551547082e-07
747,-2.1919320403185338e-07
8643,-2.1924346782498105e-07
9952,-2.1928186555442153e-07
1126,-2.1935841232334496e-07
3458,-2.1971729324832268e-07
9482,-2.1981372810842004e-07
7727,-2.1990786081005353e-07
9104,-2.2037947644548694e-07
4652,-2.2057889736970537e-07
9748,-2.206609579502583e-07
1767,-2.2068902438832083e-07
2732,-2.2079387917983695e-07
2517,-2.2089602680352982e-07
6884,-2.2099273877529413e-07
8482,-2.213193681654957e-07
8842,-2.2135726140959378e-07
5480,-2.214397767374976e-07
7375,-2.215757390899853e-07
1165,-2.2199928650934453e-07
1163,-2.2213464490050683e-07
7811,-2.2261745868945582e-07
1155,-2.2263843391101545e-07
5715,-2.2286533862825308e-07
4543,-2.229791249419577e-07
8944,-2.2314133474310438e-07
3968,-2.2328926974068963e-07
4052,-2.2335898819392241e-07
2229,-2.234110425547442e-07
1611,-2.2343336070207442e-07
3974,-2.2348532269234056e-07
2645,-2.2351544259890943e-07
6659,-2.2355772699711451e-07
460,-2.2360026008527711e-07
355,-2.238285290445674e-07
819,-2.2403697386152999e-07
7510,-2.2410127797911628e-07
3162,-2.2423014911510109e-07
4136,-2.2441183489263494e-07
905,-2.2460524462530884e-07
6503,-2.2496944040995004e-07
212,-2.2497589213799074e-07
8195,-2.2499121854480109e-07
3774,-2.250989226126876e-07
9501,-2.2526274534584445e-07
2034,-2.254699040804553e-07
7581,-2.2550213429894939e-07
4783,-2.2646988639962728e-07
6910,-2.26538411141064e-07
5449,-2.268019869688942e-07
380,-2.2683303058101956e-07
8329,-2.2694780454912689e-07
9720,-2.2719216019595478e-07
6053,-2.2734386107003957e-07
4146,-2.2737513205584037e-07
6092,-2.2744292493825924e-07
2529,-2.274993065043418e-07
1386,-2.2819355649517092e-07
1842,-2.2829871682006342e-07
3389,-2.2838401037006406e-07
4873,-2.285623139641757e-07
371,-2.291321692382553e-07
8431,-2.292964538241904e-07
6802,-2.2941970456713534e-07
3751,-2.2976220037662642e-07
8787,-2.3001010163170577e-07
9729,-2.3034935736632178e-07
2416,-2.304225574789598e-07
3387,-2.307780349042332e-07
4747,-2.3080446709400348e-07
4813,-2.3104119861727668e-07
6416,-2.3116076164342303e-07
9091,-2.3197907239591586e-07
5494,-2.320836216540556e-07
7832,-2.322028933576803e-07
2079,-2.3229324597195955e-07
3641,-2.3251018177461447e-07
4740,-2.3264949788881495e-07
4882,-2.3285848982368407e-07
793,-2.33014922912389e-07
5564,-2.3362387224779013e-07
9623,-2.3394589732106397e-07
4473,-2.3410307647964146e-07
5008,-2.349698178250037e-07
4038,-2.3500408019572205e-07
6291,-2.3554477479592606e-07
5647,-2.3578306951321792e-07
4415,-2.3587980990669166e-07
3295,-2.3589085174080537e-07
506,-2.3593153031242764e-07
8259,-2.3597342391212806e-07
8179,-2.3617982236601165e-07
8585,-2.363231672575239e-07
881,-2.3731384857228477e-07
1170,-2.3751599087518116e-07
8137,-2.3783088920481532e-07
2438,-2.3783277214306509e-07
4077,-2.378603198849305e-07
2973,-2.3794695636070173e-07
7669,-2.379540688934867e-07
8949,-2.3797345960474559e-07
2436,-2.3806149584970626e-07
8817,-2.3815219662992604e-07
4241,-2.3833054996202918e-07
5966,-2.384875088523586e-07
2366,-2.3865900544706165e-07
2641,-2.3870978083095906e-07
7886,-2.389003554981173e-07
3304,-2.3902854451307576e-07
6071,-2.3906564905473715e-07
8778,-2.393034961301055e-07
9414,-2.395146196931819e-07
7355,-2.3959553629993025e-07
8008,-2.399340672809558e-07
3758,-2.4021642275329214e-07
2861,-2.4032910062032897e-07
8906,-2.403670364969912e-07
1026,-2.4057198544369385e-07
6768,-2.4078612881339723e-07
2670,-2.409638568678929e-07
1022,-2.4099190198967335e-07
9098,-2.410011603615203e-07
3976,-2.4119984232129354e-07
5385,-2.4133625231570477e-07
8475,-2.414241464521183e-07
7899,-2.414428124097867e-07
5620,-2.418406239712567e-07
3074,-2.4196030778966815e-07
6592,-2.4204500448377075e-07
4141,-2.421058269419518e-07
5155,-2.4230280359915923e-07
8814,-2.425020682039758e-07
6380,-2.4267274056910537e-07
3444,-2.430399135278094e-07
5444,-2.430665801966825e-07
7843,-2.434114989569025e-07
4091,-2.434378743032539e-07
4741,-2.4363096429169673e-07
5720,-2.4401724374456535e-07
1834,-2.4406220688888425e-07
1772,-2.442067028596284e-07
8831,-2.4421525779416697e-07
6218,-2.4425413869266777e-07
6666,-2.446082731921706e-07
7983,-2.4476760529523744e-07
9661,-2.4505077078629256e-07
6011,-2.454365244375367e-07
5553,-2.4584348068401596e-07
9273,-2.4588254632362805e-07
9755,-2.461029424694061e-07
2315,-2.46430928996233e-07
7168,-2.464654329514815e-07
3643,-2.467275663775581e-07
8852,-2.468135704702945e-07
7878,-2.4690082511824585e-07
9391,-2.473364162369762e-07
3745,-2.474422871046045e-07
8570,-2.476249818528231e-07
3273,-2.482448309137908e-07
9767,-2.482891758859296e-07
8362,-2.484878649511302e-07
968,-2.484879644271132e-07
3011,-2.4857868652361503e-07
2481,-2.487765442538148e-07
5846,-2.4893793693081534e-07
779,-2.49104736838035e-07
9961,-2.491208093147179e-07
910,-2.492961925781856e-07
1752,-2.4939944864854624e-07
154,-2.495973205896007e-07
6699,-2.4960799294149183e-07
3852,-2.4963502198716014e-07
2638,-2.4971301115783717e-07
8421,-2.4977195067776847e-07
6543,-2.5034071882146236e-07
4666,-2.506898084675413e-07
2141,-2.507465666212738e-07
5533,-2.510037404590548e-07
7105,-2.510625165541569e-07
2511,-2.510866181637539e-07
5649,-2.5116156621152186e-07
5091,-2.5125174829554453e-07
3288,-2.512809800236937e-07
8668,-2.513098706913297e-07
1085,-2.5150688998110127e-07
3947,-2.5159839367461245e-07
3214,-2.5176179008212785e-07
4714,-2.5195210184847383e-07
3671,-2.519685438073793e-07
8671,-2.522799320558988e-07
3812,-2.5244879964247957e-07
4156,-2.5256480284951977e-07
9335,-2.530349405560628e-07
8357,-2.5330103881060495e-07
9932,-2.5338087539239496e-07
1500,-2.5347038246081866e-07
2923,-2.535571326234276e-07
188,-2.535647212198455e-07
4531,-2.53693585250403e-07
5048,-2.5384125024174864e-07
5461,-2.540009944596022e-07
7167,-2.5448028395658184e-07
4900,-2.545051955848976e-07
8435,-2.54744911387661e-07
1747,-2.5491704036539886e-07
1865,-2.5503921108338545e-07
7775,-2.5551847215865564e-07
3339,-2.557795113489192e-07
3683,-2.562433962793875e-07
5429,-2.564966337104124e-07
7751,-2.5668033742931584e-07
9701,-2.570605062146569e-07
5717,-2.57411983284328e-07
9548,-2.574848991798717e-07
7831,-2.5761823962966446e-07
1334,-2.5762925304206874e-07
9554,-2.582185913979629e-07
2794,-2.583448122095433e-07
5043,-2.5856051877326536e-07
1889,-2.586130705140022e-07
3753,-2.586736798093625e-07
826,-2.590874288443956e-07
1924,-2.5911914747211995e-07
5698,-2.595141523897837e-07
9431,-2.5966235739360854e-07
1153,-2.6035991140815895e-07
6054,-2.6037420752800244e-07
7946,-2.604502640224382e-07
8820,-2.608110776236572e-07
4145,-2.6101950822976505e-07
7078,-2.610498199828726e-07
1446,-2.612789700151552e-07
9776,-2.6134134145650023e-07
8594,-2.6142437548060116e-07
7657,-2.6174545553203643e-07
4468,-2.621776786781993e-07
7646,-2.623732484607899e-07
1313,-2.630011692872358e-07
1519,-2.6317739809655905e-07
7617,-2.6320439872051793e-07
2219,-2.6331528601986065e-07
5426,-2.633638587212772e-07
4906,-2.6340232750499126e-07
5235,-2.6349702864081337e-07
9929,-2.636305538317174e-07
6706,-2.6373015771241626e-07
5681,-2.640119305397093e-07
1838,-2.640229013195494e-07
1260,-2.641285021809381e-07
1789,-2.6417987442073354e-07
6687,-2.6419401422117517e-07
626,-2.6420028120810457e-07
3134,-2.6452650558894675e-07
8951,-2.647087100626777e-07
7515,-2.648150285722295e-07
1938,-2.6484974569029873e-07
2109,-2.649162524903659e-07
7136,-2.6541465558693744e-07
806,-2.6576762479635363e-07
6187,-2.657766771108072e-07
4135,-2.6607493452956987e-07
9700,-2.663721403450836e-07
2241,-2.6680029918679793e-07
3434,-2.67140549681244e-07
3709,-2.671413596999628e-07
43,-2.672202583653416e-07
6965,-2.6734211644452444e-07
3415,-2.6744720571514335e-07
3650,-2.6760910998291365e-07
2073,-2.677437578313402e-07
7791,-2.680719717318425e-07
1903,-2.681408943772112e-07
5365,-2.681474029486708e-07
2971,-2.684516005047044e-07
1138,-2.684841433620022e-07
7739,-2.687694262704099e-07
7011,-2.6884349324518553e-07
8721,-2.689998694904716e-07
6691,-2.6902701222297765e-07
6263,-2.691257066089747e-07
9096,-2.6927064311621507e-07
9557,-2.69309765599246e-07
9430,-2.694015250881421e-07
2052,-2.694028324867759e-07
4214,-2.697248220329129e-07
9249,-2.700338654904044e-07
3573,-2.701188321907466e-07
5962,-2.7014054637675144e-07
6584,-2.702877566207462e-07
7985,-2.7035379446260777e-07
5696,-2.703636425849254e-07
2851,-2.703789760971631e-07
6990,-2.7070339569945645e-07
730,-2.7193668472591526e-07
7331,-2.7225038934375334e-07
9950,-2.723861030062835e-07
9,-2.7255701695594325e-07
9102,-2.726433336874834e-07
8400,-2.7310723282880645e-07
7862,-2.736483395437972e-07
2995,-2.7376989919503103e-07
7102,-2.73851483711951e-07
5452,-2.73942447392983e-07
1240,-2.7409824099322577e-07
3003,-2.741268474437675e-07
253,-2.741887783486163e-07
7442,-2.742283982115623e-07
3369,-2.746927947328004e-07
4089,-2.7513911504684074e-07
6512,-2.753950951728257e-07
6946,-2.760833126558282e-07
3280,-2.7613161535100517e-07
9074,-2.7632033550162305e-07
9559,-2.7653170775465696e-07
2403,-2.7722978757083183e-07
2096,-2.7725391760213824e-07
928,-2.773541041278804e-07
2030,-2.7738394692278234e-07
5228,-2.7757624820878846e-07
1679,-2.777285459387713e-07
3144,-2.7803184821095783e-07
3006,-2.7817853265332815e-07
3121,-2.782415009505712e-07
4382,-2.7907883293210034e-07
5072,-2.8016781072892627e-07
9824,-2.80759365978156e-07
7922,-2.81461780105019e-07
449,-2.820343638632039e-07
8395,-2.820569022787822e-07
5996,-2.8287779230140586e-07
8243,-2.8391671946792485e-07
4056,-2.839178137037379e-07
9832,-2.8402700991136953e-07
2101,-2.8433505860903097e-07
5076,-2.8469156632127124e-07
6955,-2.852038250011901e-07
2201,-2.8540837604396074e-07
8871,-2.856642709048174e-07
2452,-2.8615370695206366e-07
6936,-2.86476080191278e-07
2007,-2.865356947268083e-07
2850,-2.869680599815183e-07
70,-2.874654398965504e-07
2783,-2.8754749337167596e-07
6720,-2.876428766285244e-07
6696,-2.884123944113526e-07
909,-2.8842985955179756e-07
1052,-2.885493586290977e-07
6808,-2.886355332520907e-07
7725,-2.889874934908221e-07
5032,-2.8947074781626725e-07
2804,-2.895993276297304e-07
2360,-2.9036985438324336e-07
6759,-2.905190967794624e-07
737,-2.908932685841137e-07
5999,-2.914930661290782e-07
4490,-2.918387167483161e-07
285,-2.924933113490624e-07
2278,-2.9286249514370866e-07
1400,-2.9360181486026704e-07
4101,-2.939615768582371e-07
2543,-2.9402632151231956e-07
8669,-2.940432892728495e-07
9317,-2.9417458335956326e-07
42,-2.9429963888105704e-07
9159,-2.9489838482277264e-07
1698,-2.951633604197923e-07
4645,-2.9542235324697685e-07
9815,-2.9567223691628897e-07
916,-2.957276024062594e-07
7062,-2.965089009876465e-07
9463,-2.9656645494924305e-07
4863,-2.9659709355200903e-07
6787,-2.97288082151681e-07
5287,-2.9747153007519955e-07
2273,-2.9775739562865056e-07
2450,-2.978163990974281e-07
1671,-2.979445099526856e-07
7238,-2.9803280199303117e-07
5407,-2.9885035246479674e-07
9897,-2.9891045016938733e-07
3530,-2.989991259028102e-07
9369,-2.992721874761628e-07
1456,-2.994729015881603e-07
6153,-2.995301713326626e-07
3093,-3.001490114229455e-07
929,-3.002413677677396e-07
4506,-3.006560689300386e-07
8210,-3.0065697842474037e-07
2012,-3.006783089176679e-07
3701,-3.007475868344045e-07
2668,-3.0135835515920917e-07
4154,-3.0146152596444153e-07
4290,-3.0158072661379265e-07
488,-3.017357812495902e-07
945,-3.0191903022114275e-07
8394,-3.0262620498433535e-07
2508,-3.0278323492893833e-07
6680,-3.0281476881555136e-07
1682,-3.031152573385043e-07
4117,-3.044630716431129e-07
8344,-3.045918646193968e-07
3342,-3.0490021174500725e-07
4732,-3.050322590070209e-07
2623,-3.054061750162873e-07
7933,-3.0589109201173414e-07
1567,-3.0612311263666925e-07
8711,-3.061367266354864e-07
7111,-3.061777533730492e-07
4552,-3.06223370216685e-07
5358,-3.0645826143427257e-07
6275,-3.0654115334982635e-07
639,-3.06681684492105e-07
9186,-3.071913567964657e-07
9555,-3.072236012258145e-07
8221,-3.074781602663279e-07
8773,-3.075781052075399e-07
8267,-3.0772238801546337e-07
5415,-3.077633863313167e-07
6673,-3.0870663181303826e-07
9081,-3.087618125618974e-07
4594,-3.0877123435857357e-07
2545,-3.0881159318596474e-07
7783,-3.091493709916904e-07
3429,-3.092893336997804e-07
5711,-3.0960814001446124e-07
8584,-3.098765688491767e-07
1905,-3.102458379089512e-07
9911,-3.1027737179556425e-07
15,-3.1046245396737504e-07
6667,-3.1059838079272595e-07
8867,-3.1068577754922444e-07
8158,-3.1087573404420255e-07
4317,-3.1108382358979725e-07
5968,-3.1143248691023473e-07
8214,-3.1161908964350005e-07
1123,-3.1169416558896046e-07
1765,-3.1180869086711027e-07
8165,-3.1184268323158904e-07
6286,-3.125136345261126e-07
4037,-3.1255837029675604e-07
7015,-3.127653798173924e-07
3534,-3.134428396833755e-07
5190,-3.136065345188399e-07
2506,-3.141211522006415e-07
9563,-3.1417738455274957e-07
5463,-3.1451089910206065e-07
2337,-3.149128389168254e-07
7996,-3.149990988049467e-07
6925,-3.1500240993409534e-07
4365,-3.153863730176454e-07
7694,-3.1597444660746987e-07
8473,-3.164793724863557e-07
5573,-3.171767417597948e-07
4376,-3.174915832460101e-07
1681,-3.17569032404208e-07
878,-3.1897560859306395e-07
7746,-3.192914306282546e-07
2796,-3.1942433054155117e-07
839,-3.1969391045549855e-07
5841,-3.196999358578978e-07
948,-3.1982293080545787e-07
7180,-3.204286258551292e-07
648,-3.206515657439013e-07
2025,-3.207418757256164e-07
2354,-3.209324859199114e-07
3845,-3.212310701883325e-07
7532,-3.2149519313406927e-07
9986,-3.2183881160108285e-07
3853,-3.2270787642119103e-07
11,-3.2318968123945524e-07
3618,-3.2334702382286196e-07
4763,-3.233748344655396e-07
8211,-3.235575576354677e-07
8129,-3.2358455825942656e-07
1033,-3.2441616326650546e-07
9385,-3.2451571030378545e-07
2322,-3.248028548341608e-07
874,-3.248707969305542e-07
3265,-3.253420004512009e-07
3581,-3.2536719629661093e-07
7826,-3.2556519613535784e-07
5858,-3.2625125356844364e-07
7294,-3.263589718471849e-07
2936,-3.265191992340988e-07
3233,-3.266481058972204e-07
9728,-3.268025352554105e-07
6985,-3.2695150764538994e-07
8217,-3.270500741336946e-07
2816,-3.273274273851712e-07
7785,-3.2800346616568277e-07
2855,-3.288219261321501e-07
1566,-3.290685981482966e-07
9726,-3.292296071322198e-07
5662,-3.294581176760403e-07
7266,-3.2958905649138615e-07
8782,-3.298850685951038e-07
3331,-3.299139592627398e-07
2655,-3.302824325146503e-07
2102,-3.312777181463389e-07
7866,-3.318268255725343e-07
9493,-3.3236224794563896e-07
8429,-3.334168354740541e-07
7601,-3.3357709128267743e-07
2691,-3.3371472341059416e-07
8032,-3.3384435482730623e-07
5324,-3.342670424899552e-07
4817,-3.3440673519180564e-07
2412,-3.345555938949474e-07
3894,-3.3463614101947314e-07
8816,-3.350374981891946e-07
9967,-3.3516495534513524e-07
4305,-3.3518058728532196e-07
2400,-3.3606929150664655e-07
3943,-3.3636702312378475e-07
7324,-3.3765957141440595e-07
8708,-3.3847993563540513e-07
8976,-3.390069309716637e-07
9425,-3.3962659529152006e-07
3743,-3.398664887299674e-07
650,-3.399126597969371e-07
6975,-3.400621437776863e-07
7781,-3.4168026274983276e-07
3174,-3.4198332343748916e-07
8610,-3.4204977339413745e-07
3759,-3.424354986236722e-07
1705,-3.425936938583618e-07
8076,-3.4277378802016756e-07
2744,-3.4381653790660494e-07
9218,-3.4397405102026823e-07
2091,-3.444227303361913e-07
6473,-3.448473933076457e-07
8451,-3.4491017686377745e-07
89,-3.4597088927057484e-07
1131,-3.4607458587743167e-07
6997,-3.4626808087523386e-07
7965,-3.466016664788185e-07
1878,-3.4701018591931643e-07
2540,-3.4747826305192575e-07
9336,-3.482920476471918e-07
8097,-3.4922000224923977e-07
4757,-3.5080972793366527e-07
8528,-3.508308878963362e-07
2970,-3.5143442289609084e-07
2177,-3.518603790553243e-07
3660,-3.519777891369813e-07
8600,-3.520340641216535e-07
6904,-3.523654754644667e-07
7244,-3.5278326038223895e-07
2289,-3.5355866145891923e-07
7016,-3.5396878672599996e-07
1369,-3.5405152232215187e-07
4172,-3.5406610265908967e-07
8002,-3.54135295310698e-07
9713,-3.5444308821297454e-07
984,-3.547664846337284e-07
6551,-3.550568550281241e-07
7618,-3.552577254595235e-07
2656,-3.5549737731344067e-07
4189,-3.555887531092594e-07
9114,-3.557546506272047e-07
7219,-3.558609336096197e-07
3831,-3.5729733838252287e-07
1409,-3.574184148646964e-07
827,-3.5751821769736125e-07
9738,-3.577985410174733e-07
1168,-3.5796665542875417e-07
5375,-3.580264973379599e-07
589,-3.5887711646864773e-07
7142,-3.592746793401602e-07
9145,-3.6001702596877294e-07
1259,-3.6120758295510313e-07
894,-3.613426429183164e-07
9446,-3.617150383661283e-07
5503,-3.623146227482721e-07
7857,-3.6232813727110624e-07
2284,-3.623829769594522e-07
4683,-3.625714413146852e-07
3999,-3.6302196804172127e-07
1351,-3.6333696584733843e-07
9859,-3.6359357125093084e-07
8500,-3.640244727876052e-07
3059,-3.641655297315083e-07
872,-3.6467541519868973e-07
2560,-3.653292850458456e-07
8644,-3.663771082074163e-07
5633,-3.665823840037774e-07
8050,-3.6689800708700204e-07
2397,-3.669039614351277e-07
5879,-3.6827798055583116e-07
7357,-3.6857522900390904e-07
3897,-3.687141827413143e-07
1253,-3.700992010635673e-07
9613,-3.702863438093118e-07
6437,-3.708606044483531e-07
4059,-3.709752149916312e-07
6404,-3.712477791850688e-07
571,-3.714324208203834e-07
1242,-3.715528009706759e-07
8849,-3.716335044146035e-07
6628,-3.717360073096643e-07
764,-3.718550374287588e-07
2924,-3.727256938645951e-07
8992,-3.727298434341719e-07
9939,-3.729543749386721e-07
6852,-3.7329465385482763e-07
6935,-3.744990380027957e-07
953,-3.749148476117625e-07
3600,-3.756910018637427e-07
3769,-3.7571123812085716e-07
9031,-3.7583426149012666e-07
4322,-3.759719788831717e-07
2564,-3.7607532021866064e-07
1537,-3.7662348972844484e-07
5875,-3.7824109710982157e-07
2406,-3.787917961517451e-07
1049,-3.7894274385052995e-07
5493,-3.793340255242583e-07
6443,-3.797152317019936e-07
7115,-3.797239855884982e-07
4876,-3.7984172251981363e-07
1610,-3.8106522026737366e-07
6886,-3.8114990275062155e-07
3666,-3.819280749439713e-07
992,-3.8211575770219497e-07
2320,-3.8265793023128936e-07
7237,-3.8299593541069044e-07
5359,-3.830105725910471e-07
7865,-3.834184525430828e-07
4678,-3.842476843374243e-07
7607,-3.8473402241834265e-07
5543,-3.850237533242762e-07
3492,-3.862381845465279e-07
7762,-3.8640898480934993e-07
1646,-3.8658829737414635e-07
6954,-3.866991278300702e-07
7162,-3.8683145930917817e-07
5888,-3.875082086324255e-07
5109,-3.879434160580786e-07
2276,-3.879539889339867e-07
3279,-3.8836422788790514e-07
1111,-3.88372967563555e-07
2685,-3.8862795292970986e-07
833,-3.88702844134059e-07
5738,-3.888263648832435e-07
6830,-3.893432136692354e-07
4752,-3.8949067970861506e-07
8603,-3.90298779961995e-07
9723,-3.910834180942402e-07
5852,-3.922678928347523e-07
1329,-3.9288008224502846e-07
2198,-3.929541776415135e-07
8840,-3.9296523368648195e-07
1770,-3.932386078986383e-07
3189,-3.9343319713225355e-07
1166,-3.9375309768274747e-07
2679,-3.9375522931095475e-07
4663,-3.944428357272045e-07
1402,-3.945068414168418e-07
4129,-3.9492560688358935e-07
9979,-3.956090068868434e-07
8277,-3.9574402421749255e-07
5383,-3.9597846068772924e-07
145,-3.962175583183125e-07
8184,-3.981823937238005e-07
523,-3.983968355214529e-07
257,-3.986871206507203e-07
8551,-3.988914443198155e-07
3115,-3.9998968759391573e-07
1074,-4.024392268320298e-07
2756,-4.0281982194301236e-07
8759,-4.0323082828308543e-07
6982,-4.0337201312468096e-07
4639,-4.0456815497691423e-07
5353,-4.0490050423613866e-07
6464,-4.052198647741534e-07
6966,-4.0622072106089036e-07
8294,-4.0653161192949483e-07
5509,-4.0746074603248417e-07
6333,-4.075323971619582e-07
838,-4.0819462299168663e-07
4519,-4.083977103164216e-07
2626,-4.0845939963674027e-07
1577,-4.084958789007942e-07
3005,-4.0886780539040046e-07
9956,-4.0908655307703157e-07
3395,-4.0947961110759934e-07
8916,-4.0997517203322786e-07
9198,-4.110129481205149e-07
8632,-4.111099798365103e-07
9787,-4.1112784288088733e-07
54,-4.1123584537672286e-07
171,-4.1149347396185476e-07
5552,-4.1257277416661964e-07
128,-4.1281379026258946e-07
2466,-4.13063304449679e-07
6655,-4.134036970526722e-07
3825,-4.1417072793592524e-07
4213,-4.141873120033779e-07
2664,-4.153575332566106e-07
3419,-4.154227468688987e-07
1961,-4.157989224040648e-07
1982,-4.159868893793828e-07
3878,-4.1628851477071294e-07
6439,-4.167176541614026e-07
6490,-4.176719698989473e-07
1908,-4.1842473308406625e-07
662,-4.194421023839823e-07
5054,-4.205273285151634e-07
5877,-4.2070254835380183e-07
9619,-4.2100852226667485e-07
2156,-4.2106796627194853e-07
6287,-4.21817759388432e-07
6233,-4.218622109419812e-07
3477,-4.233223762639682e-07
8186,-4.236641615307235e-07
8663,-4.242753419703149e-07
3378,-4.247314961958182e-07
6331,-4.248030478493092e-07
9477,-4.2524719390257815e-07
3341,-4.2532730049060774e-07
5837,-4.271287963319992e-07
8515,-4.274676967952473e-07
117,-4.299167528643011e-07
6677,-4.2998487970180577e-07
9954,-4.305789786940295e-07
5725,-4.310638530569122e-07
5706,-4.3114870607041667e-07
2175,-4.3144166284037055e-07
2482,-4.3151305817445973e-07
3742,-4.3189122322928597e-07
3475,-4.3296631702105515e-07
6828,-4.332835601417173e-07
4640,-4.337934598197535e-07
7766,-4.3504485347511945e-07
6181,-4.365569168385264e-07
4548,-4.372428747956292e-07
6158,-4.3759732193393575e-07
5895,-4.3890288736747607e-07
7290,-4.397539470346601e-07
8902,-4.4015774847139255e-07
3246,-4.40583704630626e-07
3927,-4.4133608412266767e-07
765,-4.41511957660623e-07
651,-4.4199238402597985e-07
1404,-4.4253530973037414e-07
1801,-4.427540289952958e-07
3431,-4.430169724400912e-07
7840,-4.437487319819411e-07
5942,-4.4516296782148856e-07
9914,-4.458216409375382e-07
5010,-4.459313345250848e-07
1363,-4.4610924021526444e-07
7152,-4.46831336375908e-07
1541,-4.468796817036491e-07
1393,-4.4719354264088906e-07
6964,-4.471950489914889e-07
5646,-4.476348749449244e-07
4233,-4.4829960188508267e-07
8895,-4.487082350124183e-07
1273,-4.4925130282535974e-07
8117,-4.492738696626475e-07
149,-4.501326031913777e-07
2271,-4.5073819876506604e-07
5442,-4.511689866149027e-07
2649,-4.5238485313348065e-07
6391,-4.5431821149577445e-07
829,-4.5492602396279835e-07
2413,-4.549384300389647e-07
6636,-4.562215849546192e-07
2730,-4.570477614151969e-07
9274,-4.5725366248916544e-07
2707,-4.5771359680202295e-07
1505,-4.590532967085892e-07
2066,-4.592142630599483e-07
9521,-4.596047489258126e-07
4169,-4.5983939855887e-07
2859,-4.5991363606390223e-07
3136,-4.611768815721007e-07
388,-4.6119293983792886e-07
757,-4.617518811755872e-07
4321,-4.618853779447818e-07
4754,-4.6296894140596123e-07
9204,-4.6297286360186263e-07
4188,-4.6369969197712635e-07
602,-4.657064920365883e-07
9018,-4.670559548003439e-07
8147,-4.676013958260228e-07
5047,-4.6855363677877904e-07
5303,-4.7036830608249147e-07
4257,-4.7153173454717034e-07
6580,-4.716352748346253e-07
9775,-4.7203756992075796e-07
8470,-4.7294075500303734e-07
1051,-4.748618209760025e-07
8397,-4.7523188584364107e-07
8611,-4.7528581603728526e-07
1192,-4.75789349252409e-07
6493,-4.77486779004721e-07
7838,-4.776099729042471e-07
5654,-4.780345790322826e-07
9077,-4.780588938047003e-07
1881,-4.782138205428055e-07
6342,-4.788433756175436e-07
5184,-4.791072001353314e-07
8200,-4.792937318143231e-07
2592,-4.793745347342337e-07
8291,-4.796564354592192e-07
1882,-4.806790343536704e-07
8100,-4.816132275209384e-07
9657,-4.820915364689426e-07
7563,-4.831629496493406e-07
7980,-4.834120659324981e-07
2699,-4.836342384351155e-07
1265,-4.868086591613974e-07
8545,-4.869220617820247e-07
2524,-4.879892969711364e-07
5680,-4.899003869240914e-07
8735,-4.902745160961786e-07
1713,-4.904036643438303e-07
4312,-4.907814741272887e-07
2468,-4.912320434868889e-07
146,-4.916721962899828e-07
2262,-4.947013252376564e-07
9265,-4.957105943503848e-07
7553,-4.972533247382671e-07
240,-4.974131684321037e-07
5851,-4.979622758582991e-07
4982,-4.979845300567831e-07
4370,-5.003323622077005e-07
4745,-5.008311347864947e-07
8506,-5.013174586565583e-07
5310,-5.015740782710054e-07
4069,-5.029138492318452e-07
6947,-5.05398332961704e-07
2386,-5.068169457445038e-07
1106,-5.077823459487263e-07
8345,-5.111480447794747e-07
4462,-5.114093823976873e-07
9817,-5.115196017868584e-07
6779,-5.118947967730492e-07
7860,-5.126765358909324e-07
1094,-5.127093061219057e-07
7660,-5.127642737079441e-07
6582,-5.139100096585025e-07
541,-5.162496279353945e-07
3465,-5.168693917312339e-07
4798,-5.182239419809775e-07
4230,-5.196707206778228e-07
9029,-5.203050648106e-07
902,-5.244722274255764e-07
491,-5.249575849575194e-07
1768,-5.252122434740158e-07
3146,-5.280977575239376e-07
2197,-5.314946349699312e-07
1954,-5.320703735378629e-07
1742,-5.323552159097744e-07
834,-5.328040231233899e-07
8939,-5.337554114248633e-07
6642,-5.342062365798483e-07
5615,-5.347420142243209e-07
4304,-5.357254906357412e-07
5436,-5.358585042358754e-07
3996,-5.360564330203488e-07
8974,-5.367157314140059e-07
4797,-5.367621440655057e-07
7148,-5.37017257329353e-07
1378,-5.370810640670243e-07
4829,-5.380268248700304e-07
4076,-5.40232036883026e-07
8950,-5.408439278653532e-07
3792,-5.421196362931369e-07
2270,-5.431705574210355e-07
3744,-5.432674754501932e-07
8860,-5.442914527975518e-07
9465,-5.443169470709108e-07
9460,-5.451066158457252e-07
6649,-5.461743342038972e-07
6116,-5.462332524075464e-07
5775,-5.466313837132475e-07
4277,-5.471660529110522e-07
7277,-5.476491651279503e-07
1728,-5.498661721503595e-07
9800,-5.503965496700403e-07
8371,-5.509709239959193e-07
5716,-5.53625511656719e-07
5022,-5.538289542528219e-07
759,-5.56416011932015e-07
1494,-5.581468371929077e-07
1419,-5.600567476449214e-07
2696,-5.616274165731738e-07
9061,-5.625365417927242e-07
915,-5.635488946609257e-07
7434,-5.637656101953326e-07
8502,-5.641543623369216e-07
6924,-5.644547229621821e-07
755,-5.65760359449996e-07
1793,-5.668485414389579e-07
8858,-5.673434486652695e-07
792,-5.684490815838217e-07
5145,-5.688777946488699e-07
5291,-5.703350041130761e-07
2003,-5.70714433933972e-07
8166,-5.710205641662469e-07
1078,-5.711221433557512e-07
1354,-5.723256037981628e-07
665,-5.743883946252026e-07
6890,-5.797919584438205e-07
4755,-5.79837490022328e-07
643,-5.801549036732467e-07
1226,-5.805223963761819e-07
2836,-5.806229808058561e-07
716,-5.82362929435476e-07
3443,-5.825141613513551e-07
9152,-5.835714489421662e-07
3161,-5.857226881289535e-07
3489,-5.867104562184977e-07
4098,-5.870504367067042e-07
9278,-5.87275138741461e-07
6833,-5.873311579307483e-07
1321,-5.885735276933701e-07
5167,-5.887548581995361e-07
4048,-5.907470210786414e-07
955,-5.912219762649329e-07
127,-5.928202142513328e-07
6999,-5.928675363975344e-07
8640,-5.93660985259703e-07
7109,-5.95328629060532e-07
8413,-5.993746867716254e-07
4574,-5.994905620809732e-07
3921,-5.99535979972643e-07
5129,-5.999196162065346e-07
4957,-6.005441548495583e-07
9221,-6.026630501310137e-07
8674,-6.027667609487253e-07
2554,-6.033925785686733e-07
5320,-6.046079761290457e-07
9494,-6.067747051474726e-07
7325,-6.079215495446988e-07
9583,-6.089319128932402e-07
3779,-6.101711846895341e-07
455,-6.125418110514147e-07
2235,-6.133408589903411e-07
2013,-6.143670248093258e-07
5606,-6.241764367587166e-07
516,-6.255372966279538e-07
763,-6.258324845020979e-07
8912,-6.274943302742031e-07
1677,-6.288478857641167e-07
9742,-6.294271202023083e-07
8880,-6.299361245964974e-07
6422,-6.306700868208281e-07
3432,-6.313726714779477e-07
194,-6.319849603642069e-07
4703,-6.37169762285339e-07
4867,-6.372048630964855e-07
5199,-6.408725710116414e-07
8262,-6.431502583836846e-07
5672,-6.437085744437354e-07
6421,-6.437507238388207e-07
5176,-6.448025260397117e-07
4653,-6.457476047216915e-07
9495,-6.470661162438773e-07
6552,-6.480932484009827e-07
8953,-6.494799720258015e-07
1228,-6.496492801488785e-07
1222,-6.52630262720777e-07
3407,-6.568189405697922e-07
790,-6.578357840680837e-07
5128,-6.578745512797468e-07
5661,-6.614195342535822e-07
9972,-6.614632468426862e-07
2632,-6.67110612084798e-07
4711,-6.701461074953841e-07
3593,-6.745499376847874e-07
892,-6.749014289653132e-07
3236,-6.755265360425255e-07
2689,-6.766979936401185e-07
248,-6.772606582217122e-07
9646,-6.783041612834495e-07
4273,-6.800048311106366e-07
3902,-6.800655398819799e-07
1994,-6.805946952681552e-07
9884,-6.807458987623249e-07
9734,-6.810337254137266e-07
3445,-6.834508212705259e-07
7733,-6.858504377760255e-07
5229,-6.871537152619567e-07
6330,-6.902417055698606e-07
5885,-6.91674358677119e-07
5536,-6.935597411938943e-07
629,-6.972868220600503e-07
4969,-7.025257673376473e-07
9065,-7.064810745305294e-07
2223,-7.076576196141104e-07
6719,-7.10430924755201e-07
9827,-7.130797712306958e-07
7139,-7.133407677883952e-07
7856,-7.152856085212989e-07
1255,-7.203891243534599e-07
8567,-7.225928015941463e-07
8809,-7.271607103120914e-07
6186,-7.273024493770208e-07
5624,-7.300714059965685e-07
1632,-7.317753158986307e-07
4430,-7.3532709166102e-07
5697,-7.427160824136081e-07
6968,-7.454145531937684e-07
3858,-7.462982694050879e-07
9962,-7.464375642030063e-07
2442,-7.484895832021721e-07
6232,-7.531943992944434e-07
9490,-7.561733923466818e-07
7609,-7.575440861273819e-07
27,-7.592524298161152e-07
3776,-7.607596899106284e-07
707,-7.611708099375392e-07
9727,-7.67087925623855e-07
6903,-7.674348978525813e-07
5929,-7.683055969209818e-07
6815,-7.683114517931244e-07
5201,-7.736818758985464e-07
1209,-7.742185346160113e-07
135,-7.797790431141038e-07
2377,-7.813280546997703e-07
7069,-7.821273015906627e-07
8154,-7.927882847980072e-07
4201,-7.943922923914215e-07
4556,-7.954095622153545e-07
2692,-7.993048143362103e-07
9285,-8.011272143448878e-07
3568,-8.011873262603331e-07
5853,-8.046306732012454e-07
1482,-8.063437064720347e-07
1216,-8.087734784112399e-07
2457,-8.137616589465324e-07
7187,-8.141663272454025e-07
877,-8.162987512605469e-07
5539,-8.199073135983781e-07
6767,-8.20536882883971e-07
1376,-8.210711825995531e-07
3483,-8.217930940190854e-07
1062,-8.231957053794758e-07
2292,-8.270447438007977e-07
9509,-8.297294584735937e-07
208,-8.334405947607593e-07
9807,-8.336388930274552e-07
8372,-8.339808630353218e-07
849,-8.439276086846803e-07
8886,-8.444202705959469e-07
3946,-8.484389582008589e-07
8546,-8.622726852536289e-07
8728,-8.630202330550674e-07
664,-8.638487543066731e-07
1339,-8.676189793277445e-07
4406,-8.720439268472546e-07
6276,-8.774965181146399e-07
3452,-8.857451518906601e-07
2035,-8.865251857059775e-07
986,-8.93671057156098e-07
1996,-8.98768234947056e-07
580,-9.006033678815584e-07
691,-9.024100506849209e-07
7496,-9.05855500832331e-07
5949,-9.076677542907419e-07
4503,-9.117037222949875e-07
5673,-9.19278818400926e-07
5250,-9.208150117956393e-07
1940,-9.21847316703861e-07
2180,-9.239345217793016e-07
8983,-9.286731597057951e-07
362,-9.294807057358412e-07
5424,-9.312276745276904e-07
264,-9.351130927370832e-07
2553,-9.379412517773744e-07
8418,-9.379669165809901e-07
4514,-9.398416978001478e-07
9858,-9.437366657039092e-07
1559,-9.458429133246682e-07
2446,-9.594454581929313e-07
8224,-9.640983194003638e-07
1531,-9.67386540651205e-07
1825,-9.707933941172087e-07
6862,-9.72529733189731e-07
6098,-9.760802015534864e-07
4764,-9.766137623046234e-07
3103,-9.813385872803337e-07
830,-9.825127449403226e-07
8988,-9.859643341769697e-07
9902,-9.862913827873854e-07
8266,-9.88890292319411e-07
1241,-9.94132875575815e-07
9608,-9.96275048237294e-07
535,-9.96548038756373e-07
2629,-1.003628312901128e-06
4158,-1.0079673415930301e-06
3450,-1.0144314046556246e-06
6704,-1.0213352084065264e-06
1990,-1.0282396942784544e-06
3225,-1.0303596127414494e-06
706,-1.03336992651748e-06
2947,-1.0348416026317864e-06
5413,-1.0481445542609436e-06
2283,-1.054495101016073e-06
678,-1.0683480695661274e-06
3183,-1.0703547559387516e-06
7071,-1.0747190799520467e-06
9918,-1.076261014532065e-06
6489,-1.0779577905850601e-06
5270,-1.0798756875374238e-06
3405,-1.0825330036823289e-06
8943,-1.0839590913747088e-06
8220,-1.0847683711290301e-06
5750,-1.0892750879065716e-06
6151,-1.0905399676630623e-06
7329,-1.1082926221206435e-06
438,-1.1086637528023857e-06
6472,-1.1196212312825082e-06
1962,-1.1214544883841882e-06
9106,-1.1294195019218023e-06
9222,-1.1332999179103354e-06
8051,-1.1338396461724187e-06
5332,-1.1352524325047852e-06
3460,-1.1476185477476974e-06
8060,-1.1551456964298268e-06
4938,-1.1597156230891414e-06
2312,-1.1673756716845674e-06
263,-1.1714168977050576e-06
9328,-1.1717156098711712e-06
4432,-1.1738783882719872e-06
256,-1.175039926692989e-06
1195,-1.1831695019282051e-06
2275,-1.1832431709990487e-06
1027,-1.2051830253767548e-06
6247,-1.212856432175613e-06
4174,-1.2220958183206676e-06
4291,-1.2306322219046706e-06
9672,-1.2339048680587439e-06
9311,-1.236878631516447e-06
2361,-1.2534894722193712e-06
4831,-1.2633756227842241e-06
3181,-1.2786155707544822e-06
5275,-1.288248938635661e-06
7140,-1.2936655480189074e-06
1377,-1.3106017604513909e-06
220,-1.3287508977555262e-06
2901,-1.339610264494695e-06
5012,-1.344568431704829e-06
2326,-1.3473581930156797e-06
4791,-1.3486842362908646e-06
9731,-1.3577687241195235e-06
5357,-1.3611855820272467e-06
3686,-1.3925707094131212e-06
4857,-1.4153462188915e-06
9432,-1.4182733139023185e-06
9816,-1.429303097211232e-06
7457,-1.4412303244171198e-06
2786,-1.4736201592313591e-06
9789,-1.483597372953227e-06
9168,-1.4851204923616024e-06
7146,-1.5200341181298427e-06
5936,-1.5236927310979809e-06
1720,-1.5419630017277086e-06
5322,-1.5471894130314467e-06
5153,-1.5579752243866096e-06
998,-1.5907383499325078e-06
8087,-1.6053397757787025e-06
9779,-1.6509027318534208e-06
5937,-1.685321876720991e-06
4662,-1.711100139800692e-06
7253,-1.7445555045014771e-06
4701,-1.7456038108321081e-06
6549,-1.7676820220913214e-06
9111,-1.7973943045035412e-06
9955,-1.8203594436272397e-06
515,-1.8615587578096893e-06
5908,-1.8820907712324697e-06
4787,-1.8868215079237416e-06
8265,-1.899579558539699e-06
6283,-1.90873879546416e-06
7233,-1.915445182021358e-06
2163,-2.0147197119513294e-06
8526,-2.0338159174571047e-06
2411,-2.04517743895849e-06
6809,-2.0789756263184245e-06
6090,-2.0876133248748374e-06
767,-2.1582134195341496e-06
4339,-2.185755306527426e-06
5530,-2.2644387627224205e-06
3126,-2.382423986091453e-06
5794,-2.4013311303860974e-06
6026,-2.6151282099817763e-06
4482,-2.6442642138135852e-06
5611,-2.714280071813846e-06
6361,-2.73651892257476e-06
2977,-2.7516786076375865e-06
7600,-2.8305234991421457e-06
9124,-2.8928377560077934e-06
7745,-3.006576207553735e-06
2155,-3.012496563314926e-06
5299,-3.0883612680554506e-06
4023,-3.1816400678508217e-06
6350,-3.3311268907709746e-06
9350,-3.445601009843813e-06
4746,-3.4473637242626864e-06
5890,-3.5592956919572316e-06
9857,-3.5895563996746205e-06
4133,-3.6974643080611713e-06
4281,-3.814421688730363e-06
3486,-4.1207078993465984e-06
663,-4.227176532367594e-06
6002,-4.2388367091916734e-06
4532,-4.4697612793243024e-06
766,-4.618574166670442e-06
8455,-4.727228542833473e-06
7175,-4.951093842464616e-06
8353,-5.0204525905428454e-06
8765,-5.511061090146541e-06
3386,-5.878885531274136e-06
4990,-6.208342028912739e-06
7967,-6.532601446451736e-06
2709,-6.760831638530362e-06
2858,-7.130562835300225e-06
7031,-7.835510587028693e-06
9614,-8.377086487598717e-06
8140,-9.045892966241809e-06
6742,-9.642165878176456e-06
9150,-1.1067164450651035e-05
5570,-1.1573828032851452e-05
375,-1.4110699794400716e-05
401,-1.535920637252275e-05
9562,-1.9055478333029896e-05
1617,-2.642932940943865e-05
5440,-4.502362207858823e-05
4775,-5.4788837587693706e-05
111,-0.0003354957152623683
680,-0.0003743364941328764
4413,-0.00042961991857737303
5058,-0.0004437470925040543
5238,-0.0004728316853288561
9354,-0.0004744778707390651
1557,-0.0004848468961426988
6471,-0.0005019512464059517
9663,-0.0006005954928696156
9762,-0.0006056574056856334
3496,-0.0006127451488282531
1751,-0.0006535878346767277
8673,-0.000687052815919742
3835,-0.0008399536891374737
9707,-0.0009311506582889706
